Port,YearMonth,UniqueVessels,MeanDwellDays,MedianDwellDays,StdDwellDays,MinDwellDays,MaxDwellDays,TotalObservations,AvgVesselLength,PortName,days_ok,days_total
Houston,2015-01,358,4.792479923184358,2.2992476851851853,6.303058513797381,0.026921296296296297,30.306909722222223,100099,185.90701117318437,Houston,31,31
LA_Long_Beach,2015-01,205,7.438795901084011,5.518541666666667,6.889828216343059,0.0008101851851851852,30.999594907407406,658649,249.9693170731707,LA_Long_Beach,31,31
NY_NJ,2015-01,235,3.257377413317573,1.1405787037037036,5.866860972130744,0.016655092592592593,30.03957175925926,98747,236.47582978723403,NY_NJ,31,31
Savannah,2015-01,147,1.8703324200050393,0.9817824074074074,3.6555301446197084,0.08207175925925926,28.10853009259259,109236,255.80625850340138,Savannah,31,31
Seattle,2015-01,108,6.202327246227709,4.156012731481482,7.1108742739448445,0.006099537037037037,30.999108796296298,215003,238.86861111111114,Seattle,31,31
Houston,2015-02,337,4.932298089075723,2.432233796296296,6.082906867887722,0.01664351851851852,27.998310185185186,90672,185.896706231454,Houston,28,28
LA_Long_Beach,2015-02,226,7.676772472140282,4.893460648148148,7.457610879913435,0.007916666666666667,27.999641203703703,788017,249.18190265486726,LA_Long_Beach,28,28
NY_NJ,2015-02,224,3.352608351934524,1.3440104166666667,5.608524503364514,0.016655092592592593,27.383831018518517,109528,234.50022321428574,NY_NJ,28,28
Savannah,2015-02,132,1.5612664842873176,0.9783564814814815,2.1308801489313094,0.04356481481481481,16.53556712962963,101312,251.31886363636366,Savannah,28,28
Seattle,2015-02,104,5.554373219373219,2.9965625,7.023719668404541,0.0030555555555555557,27.999224537037037,186515,243.87163461538464,Seattle,28,28
Houston,2015-03,355,4.80012242436098,2.325277777777778,6.3465379929018715,0.0,29.24474537037037,114590,186.11769014084507,Houston,31,31
LA_Long_Beach,2015-03,266,7.40823055903648,5.635908564814814,7.3078502290576495,0.0,30.999849537037036,846413,248.36819548872182,LA_Long_Beach,31,31
NY_NJ,2015-03,243,2.919143661408322,1.2393981481481482,5.145789572472133,0.0,28.93957175925926,108659,240.959341563786,NY_NJ,31,31
Savannah,2015-03,152,1.4910883436890838,1.0666030092592593,1.9804198102478976,0.037280092592592594,18.463229166666668,122302,249.25684210526316,Savannah,31,31
Seattle,2015-03,121,4.073238158096113,2.044224537037037,5.954729692250898,0.008101851851851851,30.99673611111111,140451,240.21438016528924,Seattle,31,31
Houston,2015-04,392,4.579226810515872,2.157019675925926,6.0860974892577735,0.026400462962962962,29.9990625,102927,185.96456632653062,Houston,30,30
LA_Long_Beach,2015-04,247,5.894291497975709,3.9521527777777776,6.781734527908699,0.0020833333333333333,29.99795138888889,616369,249.76607287449394,LA_Long_Beach,30,30
NY_NJ,2015-04,228,3.144162910168941,1.0841550925925927,5.677624462389409,0.016875,29.469953703703705,84935,238.8173245614035,NY_NJ,30,30
Savannah,2015-04,142,2.1443088973656756,1.0113483796296296,4.341558194178237,0.06146990740740741,28.516018518518518,108732,255.2311971830986,Savannah,30,30
Seattle,2015-04,109,4.195130287971457,1.9888310185185185,6.266667684240509,0.00800925925925926,29.997858796296295,81660,234.88871559633026,Seattle,30,30
Houston,2015-05,342,5.006651911414338,2.3969039351851853,6.647379318238103,0.0165625,30.993761574074075,100620,189.76903508771932,Houston,31,31
LA_Long_Beach,2015-05,244,5.567691494004251,3.499091435185185,6.922094129271391,0.24016203703703703,30.99858796296296,562260,246.71766393442624,LA_Long_Beach,31,31
NY_NJ,2015-05,242,3.2090948308846037,1.2091030092592594,5.936569613207916,0.0,30.99900462962963,88633,235.83694214876033,NY_NJ,31,31
Savannah,2015-05,165,1.662112724466891,1.0054166666666666,2.836662096980478,0.1797800925925926,29.009664351851853,127343,254.94848484848484,Savannah,31,31
Seattle,2015-05,113,4.104712082104228,1.6293171296296296,6.92595947168065,0.0,30.997939814814814,89200,238.03982300884957,Seattle,31,31
Houston,2015-06,345,4.950433340042942,2.346550925925926,6.3808178039237875,0.004618055555555556,28.02634259259259,79992,187.3779420289855,Houston,30,30
LA_Long_Beach,2015-06,238,4.70243614807034,2.685954861111111,6.1875754307548,0.025439814814814814,29.998599537037038,477737,244.17575630252102,LA_Long_Beach,30,30
NY_NJ,2015-06,238,2.7565842864923744,1.209045138888889,4.803511595584539,0.0038310185185185183,29.230185185185185,76838,235.00974789915966,NY_NJ,30,30
Savannah,2015-06,154,1.3903223454785953,0.9818287037037037,1.8968237201655604,0.03295138888888889,11.856574074074073,113643,253.29545454545453,Savannah,30,30
Seattle,2015-06,107,3.9045637547594323,1.8886921296296297,6.554787756023753,0.0007060185185185185,29.999328703703704,67752,237.1821495327103,Seattle,30,30
Houston,2015-07,334,4.625818848414283,2.160972222222222,6.291812314635907,0.01005787037037037,28.83505787037037,87168,188.45778443113772,Houston,31,31
LA_Long_Beach,2015-07,244,5.345124041818457,3.017297453703704,7.179822222256028,0.014456018518518519,30.99917824074074,501059,252.9234836065574,LA_Long_Beach,31,31
NY_NJ,2015-07,245,3.156877739984883,1.169699074074074,5.887656902897583,0.011817129629629629,30.399768518518517,82225,239.60061224489797,NY_NJ,31,31
Savannah,2015-07,162,1.9592834790809328,0.8556770833333334,4.369014771930421,0.08912037037037036,28.528807870370372,107887,258.056975308642,Savannah,31,31
Seattle,2015-07,95,4.037801900584795,1.64,7.069070888758928,0.0021643518518518518,30.99716435185185,57667,247.97115789473682,Seattle,31,31
Houston,2015-08,358,4.658898167546038,2.1728819444444443,6.49826324314747,0.0007060185185185185,30.998645833333335,83588,185.21969273743017,Houston,31,31
LA_Long_Beach,2015-08,239,4.6581472280334735,2.803298611111111,6.023105019040859,0.09331018518518519,30.997916666666665,443757,254.32117154811715,LA_Long_Beach,31,31
NY_NJ,2015-08,240,3.098458670910494,1.095787037037037,6.140932815472896,0.001574074074074074,30.069375,73720,234.6219583333333,NY_NJ,31,31
Savannah,2015-08,164,1.4594385162601626,0.8682523148148148,2.391497014318178,0.11018518518518519,21.587233796296296,111062,251.07146341463417,Savannah,31,31
Seattle,2015-08,108,3.9147778420781894,1.9106655092592593,6.501920455758155,0.008263888888888888,30.998692129629628,67468,246.7476851851852,Seattle,31,31
Houston,2015-09,342,4.092014396523717,1.9566724537037037,5.773436488037223,0.004548611111111111,28.24483796296296,72893,185.98415204678363,Houston,30,30
LA_Long_Beach,2015-09,219,4.868091651868763,2.9920138888888888,6.733895661197873,0.022581018518518518,29.99931712962963,410144,253.73520547945208,LA_Long_Beach,30,30
NY_NJ,2015-09,237,2.996557909438975,1.0504050925925925,5.7663873849053235,0.0,29.41292824074074,84166,234.5157383966245,NY_NJ,30,30
Savannah,2015-09,158,1.2632159077590248,0.8369560185185185,2.092894219524104,0.020833333333333332,21.637002314814815,98832,262.13696202531645,Savannah,30,30
Seattle,2015-09,87,4.180211659216688,1.908275462962963,6.605592053824087,0.006666666666666667,29.999548611111113,109318,250.80241379310345,Seattle,30,30
Houston,2015-10,279,4.129615317602549,1.6700231481481482,6.305897934513135,0.0007986111111111112,28.43728009259259,64142,186.21935483870968,Houston,31,31
LA_Long_Beach,2015-10,210,5.254442680776013,2.7534722222222223,7.390672151004595,0.0431712962962963,30.998622685185186,414469,253.20519047619047,LA_Long_Beach,31,31
NY_NJ,2015-10,254,2.725979376275882,1.1424074074074073,5.309045356207467,0.0020717592592592593,30.063622685185184,94416,233.25366141732283,NY_NJ,31,31
Savannah,2015-10,163,1.4839136701885935,0.8341666666666666,2.77083375698631,0.03346064814814815,21.647719907407406,101622,258.78,Savannah,31,31
Seattle,2015-10,99,3.7709239384586604,1.2823958333333334,7.384928810265568,0.006805555555555555,30.999594907407406,95246,240.35656565656564,Seattle,31,31
Houston,2015-11,294,3.408761849647266,1.667945601851852,5.164530240967652,0.0,27.016099537037036,51297,184.3604761904762,Houston,30,30
LA_Long_Beach,2015-11,216,4.748774112654321,2.733269675925926,6.68358094316145,0.04346064814814815,29.998703703703704,356869,254.67347222222222,LA_Long_Beach,30,30
NY_NJ,2015-11,222,2.914833479312646,1.0663541666666667,5.756977260863033,0.008483796296296297,29.346747685185186,59204,238.92283783783785,NY_NJ,30,30
Savannah,2015-11,145,1.4950085408684546,0.7765277777777778,3.126624693490315,0.0015277777777777779,21.630914351851853,74490,265.3601379310345,Savannah,30,30
Seattle,2015-11,102,4.248254697712419,1.7152488425925925,6.714576209180892,0.002928240740740741,29.999872685185185,148818,245.86323529411763,Seattle,30,30
Houston,2015-12,323,4.40880034543057,2.1338194444444443,6.088439197055173,0.00832175925925926,30.333171296296296,78845,185.16603715170277,Houston,31,31
LA_Long_Beach,2015-12,213,5.713724515301687,2.637037037037037,8.018117935130046,0.07434027777777778,30.99962962962963,438767,248.75901408450704,LA_Long_Beach,31,31
NY_NJ,2015-12,226,3.379740146673222,1.059247685185185,6.072989720465394,0.0038310185185185183,30.388159722222223,84563,235.94323008849557,NY_NJ,31,31
Savannah,2015-12,149,1.745920876833209,0.9153587962962964,3.0396869572511354,0.09457175925925926,24.022743055555555,104387,258.36724832214765,Savannah,31,31
Seattle,2015-12,100,4.455471180555556,1.5317650462962962,7.8834303893686615,0.0015277777777777779,30.99971064814815,140759,245.0189,Seattle,31,31
Houston,2016-01,306,5.214407906681191,2.9954166666666664,6.187358309159422,0.02707175925925926,29.51175925925926,80496,182.56522875816992,Houston,31,31
LA_Long_Beach,2016-01,221,4.995184242500418,2.697337962962963,6.949788395948108,0.01597222222222222,30.01738425925926,500506,251.53054298642533,LA_Long_Beach,31,31
NY_NJ,2016-01,226,3.136619807030482,1.148119212962963,5.836420622356163,0.014907407407407407,28.74732638888889,98403,234.26676991150444,NY_NJ,31,31
Savannah,2016-01,152,1.976339166057505,0.9132060185185185,3.54107854877198,0.17902777777777779,21.580208333333335,110971,260.23532894736843,Savannah,31,31
Seattle,2016-01,99,4.134379325664048,1.6045138888888888,7.03668028602514,0.004733796296296297,30.019247685185185,152211,251.12939393939396,Seattle,31,31
Houston,2016-02,206,3.498266585760518,2.2289120370370368,3.6658381239499755,0.020069444444444445,20.25778935185185,47063,184.76728155339805,Houston,29,29
LA_Long_Beach,2016-02,146,3.76009869672755,2.5398553240740744,4.437297234050269,0.0,24.836886574074075,253153,255.1589726027397,LA_Long_Beach,29,29
NY_NJ,2016-02,145,2.4108505747126436,1.115300925925926,3.741362749884218,0.015,20.979814814814816,60932,227.27062068965515,NY_NJ,29,29
Savannah,2016-02,88,1.185000789141414,0.8527372685185185,1.575947998650656,0.10390046296296296,10.29150462962963,53412,264.6775,Savannah,29,29
Seattle,2016-02,58,3.1316818326947633,1.3303645833333333,4.32206047145019,0.006701388888888889,16.18537037037037,78303,237.59241379310345,Seattle,29,29
Houston,2016-03,190,3.042633589181287,1.88828125,3.909685643750635,0.02546296296296296,25.543530092592594,45541,183.54063157894737,Houston,31,31
LA_Long_Beach,2016-03,125,3.2690625,2.0701157407407407,4.317837918168876,0.04699074074074074,28.613761574074076,216496,246.67192,LA_Long_Beach,31,31
NY_NJ,2016-03,135,2.195639831961591,1.1046180555555556,3.238431944683542,0.015405092592592592,15.62429398148148,44095,236.90474074074075,NY_NJ,31,31
Savannah,2016-03,76,1.2342690058479533,0.8179340277777778,1.6838172425616944,0.09380787037037037,9.3434375,45989,267.14157894736843,Savannah,31,31
Seattle,2016-03,57,2.7783581059129303,1.1761805555555556,4.7675756674698695,0.009421296296296296,29.21383101851852,65862,242.72508771929824,Seattle,31,31
Houston,2016-04,210,2.807200892857143,1.6744907407407408,3.608360534994021,0.026516203703703705,23.550358796296297,42693,182.6035238095238,Houston,30,30
LA_Long_Beach,2016-04,152,3.430832191154971,2.0199131944444444,4.17563233964633,0.028113425925925927,18.495243055555555,223829,248.75440789473683,LA_Long_Beach,30,30
NY_NJ,2016-04,150,2.8884925154320986,1.1479629629629629,4.190703154341181,0.007060185185185185,18.656041666666667,61966,233.79073825503355,NY_NJ,30,30
Savannah,2016-04,105,1.7798087522045853,0.847037037037037,3.1433384256063768,0.009618055555555555,19.14966435185185,68828,264.7419047619048,Savannah,30,30
Seattle,2016-04,65,2.288747150997151,1.5899189814814816,3.0990529117578447,0.008067129629629629,17.37263888888889,45986,259.5001538461538,Seattle,30,30
Houston,2016-05,304,4.689854486476608,2.3890914351851853,6.2022888607401585,0.02556712962962963,30.99773148148148,82653,187.6050986842105,Houston,31,31
LA_Long_Beach,2016-05,145,3.5915492496807153,2.4230324074074074,4.448987462478823,0.0,18.725,169387,254.1676551724138,LA_Long_Beach,31,31
NY_NJ,2016-05,249,3.64895517254202,1.1124768518518517,6.696745914332676,0.016296296296296295,30.998796296296295,97289,233.17197580645163,NY_NJ,31,31
Savannah,2016-05,160,1.8378754340277776,0.7982407407407408,3.5917535609883595,0.015,28.478657407407407,112609,262.83693750000003,Savannah,31,31
Seattle,2016-05,90,3.8529053497942387,1.731076388888889,6.009268021733,0.0021643518518518518,30.999224537037037,121646,249.24422222222222,Seattle,31,31
Houston,2016-06,298,5.216176865833955,2.475711805555555,6.631833392160072,0.02556712962962963,28.360046296296296,86342,184.63969798657718,Houston,30,30
LA_Long_Beach,2016-06,215,4.131518733850129,2.373946759259259,5.522570132493624,0.0,27.155162037037037,352464,252.54776744186046,LA_Long_Beach,30,30
NY_NJ,2016-06,238,3.236678143479614,1.1280381944444444,6.168968579733243,0.004421296296296296,29.998472222222222,129313,233.10029535864982,NY_NJ,30,30
Savannah,2016-06,150,1.7166064043209877,0.8260300925925925,3.4547031201273204,0.14678240740740742,29.99747685185185,103447,257.4722,Savannah,30,30
Seattle,2016-06,91,3.5514711792836793,1.7351273148148147,5.943667429753103,0.0025462962962962965,29.999791666666667,145368,250.9414285714286,Seattle,30,30
Houston,2016-07,307,4.625591107190251,2.260150462962963,5.87491845602067,0.026851851851851852,28.946018518518517,85986,183.3971661237785,Houston,31,31
LA_Long_Beach,2016-07,225,5.295808641975309,2.6348148148148147,7.4836516472905785,0.03818287037037037,30.999733796296297,440040,254.21066666666667,LA_Long_Beach,31,31
NY_NJ,2016-07,244,3.6156169835306615,1.1799768518518519,6.4020595802665285,0.0016319444444444445,30.997002314814814,119597,234.2338524590164,NY_NJ,31,31
Savannah,2016-07,152,2.1444532772904483,0.9341087962962963,4.487566395879552,0.02396990740740741,30.636238425925924,113707,261.45125,Savannah,31,31
Seattle,2016-07,88,3.577584175084175,1.783917824074074,6.0155077986618934,0.007210648148148148,30.99996527777778,101224,255.73943181818183,Seattle,31,31
Houston,2016-08,286,5.104543714387464,2.1935069444444446,6.826286638061887,0.027662037037037037,30.94497685185185,76302,186.67632867132866,Houston,31,31
LA_Long_Beach,2016-08,235,4.918404895587076,2.3224189814814813,7.037269464656708,0.060300925925925924,30.99766203703704,413829,248.78293617021276,LA_Long_Beach,31,31
NY_NJ,2016-08,230,4.218262580515298,1.232980324074074,7.035606593359115,0.01628472222222222,30.708368055555557,97233,231.99447826086958,NY_NJ,31,31
Savannah,2016-08,136,2.027677696078431,0.8948611111111111,4.017936903638984,0.3862037037037037,28.615219907407408,104475,266.44095588235297,Savannah,31,31
Seattle,2016-08,97,3.335157025582283,1.4866666666666666,5.692561028918731,0.005902777777777778,30.998668981481483,95078,250.94268041237112,Seattle,31,31
Houston,2016-09,299,5.031438591601635,2.478101851851852,6.1595805502639225,0.0007986111111111112,27.6209375,74561,186.1327424749164,Houston,30,30
LA_Long_Beach,2016-09,207,4.5458988638396844,2.184988425925926,6.953826402676568,0.10737268518518518,29.999363425925925,341625,250.35439613526572,LA_Long_Beach,30,30
NY_NJ,2016-09,199,3.399735424809231,1.0789236111111111,6.259935675452106,0.0159375,29.463530092592592,77171,233.5110101010101,NY_NJ,30,30
Savannah,2016-09,132,2.067844942480359,0.9620949074074074,4.247005666439024,0.018877314814814816,27.983634259259258,96504,262.6509848484848,Savannah,30,30
Seattle,2016-09,89,4.131118783811902,2.0250578703703703,6.532825245049565,0.0045138888888888885,29.999340277777776,89544,242.30786516853934,Seattle,30,30
Houston,2016-10,291,5.0968261184294255,2.2360185185185184,6.625317747269712,0.0032175925925925926,28.959305555555556,74432,182.6948797250859,Houston,31,31
LA_Long_Beach,2016-10,209,4.384708654527734,2.568935185185185,6.261655864084152,0.0,30.999351851851852,372264,253.58363636363637,LA_Long_Beach,31,31
NY_NJ,2016-10,224,3.652323185350529,1.198449074074074,6.6968976178526525,0.0015162037037037036,29.86113425925926,99118,227.97205357142857,NY_NJ,31,31
Savannah,2016-10,136,2.236663347630719,0.972199074074074,4.428144344120937,0.04715277777777778,28.052314814814814,96074,264.24919117647056,Savannah,31,31
Seattle,2016-10,92,3.47564148047504,1.6935532407407408,5.776845284413423,0.006527777777777778,30.99914351851852,88433,253.0159782608696,Seattle,31,31
Houston,2016-11,298,4.625613464765101,2.3006018518518516,6.039479290843377,0.01755787037037037,29.20451388888889,74307,183.94406040268456,Houston,30,30
LA_Long_Beach,2016-11,205,4.748045562330623,2.5932291666666667,6.557145493186364,0.15756944444444446,29.999699074074073,369105,252.03692682926828,LA_Long_Beach,30,30
NY_NJ,2016-11,202,3.7600391341217456,1.2451157407407407,6.475487450961081,0.015636574074074074,29.99972222222222,134479,226.53188118811883,NY_NJ,30,30
Savannah,2016-11,136,1.8942930453431372,0.9903414351851851,3.7087953135949703,0.010231481481481482,28.498287037037038,99975,260.45382352941175,Savannah,30,30
Seattle,2016-11,95,3.561477826510721,2.0135300925925925,5.297891765905472,0.006111111111111111,29.99988425925926,101833,249.38673684210528,Seattle,30,30
Houston,2016-12,276,5.645575013419216,2.2426909722222224,7.2367860634958365,0.0032407407407407406,30.325370370370372,75379,182.99576086956523,Houston,31,31
LA_Long_Beach,2016-12,202,5.310554925284195,2.66240162037037,7.471079993618594,0.08172453703703704,30.999351851851852,379371,251.02653465346535,LA_Long_Beach,31,31
NY_NJ,2016-12,198,3.4008680555555557,1.1368287037037037,6.550985435669815,0.01579861111111111,30.375925925925927,76752,228.54949494949497,NY_NJ,31,31
Savannah,2016-12,123,3.0264619090635354,1.0361458333333333,5.922139988859524,0.012604166666666666,29.97741898148148,107248,260.57650406504064,Savannah,31,31
Seattle,2016-12,90,3.9525254629629627,1.7908564814814816,6.847490277817571,0.0036805555555555554,30.998692129629628,128474,250.9432222222222,Seattle,31,31
Houston,2017-01,305,5.317588683970856,2.4651388888888888,6.439095888584762,0.02880787037037037,28.705300925925926,87762,183.28544262295082,Houston,31,31
LA_Long_Beach,2017-01,202,4.505733750458379,2.644577546296296,6.206854694078944,0.030208333333333334,30.99939814814815,350202,250.67915841584158,LA_Long_Beach,31,31
NY_NJ,2017-01,177,3.038850570202971,1.249826388888889,5.253307143005801,0.018738425925925926,30.013391203703705,72224,228.64621468926552,NY_NJ,31,31
Savannah,2017-01,119,2.0621655189853723,1.1050578703703704,3.7226287049372453,0.1409837962962963,22.870289351851852,89717,270.1820168067227,Savannah,31,31
Seattle,2017-01,90,3.498730066872428,1.6571527777777777,5.581925635548738,0.005856481481481482,30.99966435185185,136914,253.86400000000003,Seattle,31,31
Houston,2017-02,269,4.857577232204323,2.5629050925925925,5.802217369740154,0.0,26.658958333333334,68950,184.48421641791046,Houston,28,28
LA_Long_Beach,2017-02,192,5.192544427565586,3.0955092592592592,6.610105762498318,0.028009259259259258,27.99976851851852,428391,251.24817708333333,LA_Long_Beach,28,28
NY_NJ,2017-02,184,2.9743526695853464,1.0700694444444445,5.40745412127668,0.016458333333333332,26.258541666666666,66570,237.3349456521739,NY_NJ,28,28
Savannah,2017-02,122,1.3589877428658166,0.9881134259259259,1.90485981487616,0.00912037037037037,15.288391203703704,87652,265.5627049180328,Savannah,28,28
Seattle,2017-02,81,3.9763213020118884,1.853738425925926,6.22854511630511,0.006736111111111111,27.999513888888888,135538,259.2171604938272,Seattle,28,28
Houston,2017-03,286,4.765918601074851,2.1713368055555557,6.371351686559395,0.013252314814814814,28.24571759259259,71023,184.49740350877192,Houston,31,31
LA_Long_Beach,2017-03,216,4.959323881172839,2.8339236111111115,6.715243385701657,0.17526620370370372,30.998854166666668,418141,248.8723611111111,LA_Long_Beach,31,31
NY_NJ,2017-03,190,3.4371705043859646,1.211724537037037,6.343755268085392,0.0,29.995833333333334,70391,233.3818947368421,NY_NJ,31,31
Savannah,2017-03,135,2.232025634430727,1.0119212962962962,4.720155790035678,0.1578587962962963,29.542488425925924,92545,260.91925925925926,Savannah,31,31
Seattle,2017-03,92,4.082557996175523,1.7366435185185187,7.045499944589189,0.006111111111111111,30.99923611111111,122842,241.1460869565217,Seattle,31,31
Houston,2017-04,296,4.431239677177177,2.221371527777778,5.65530563938385,0.024039351851851853,27.522650462962964,77378,185.89499999999998,Houston,30,30
LA_Long_Beach,2017-04,190,5.200227704678363,3.0336747685185186,6.668214826160724,0.006388888888888889,29.998726851851853,416070,251.17536842105264,LA_Long_Beach,30,30
NY_NJ,2017-04,192,3.3418804856288578,1.2428993055555555,6.023884830020576,0.015833333333333335,28.531412037037036,68291,230.0344502617801,NY_NJ,30,30
Savannah,2017-04,131,2.0572489927905004,0.9867361111111111,4.5180013489017234,0.01806712962962963,28.129733796296296,87270,259.21717557251907,Savannah,30,30
Seattle,2017-04,80,4.415697627314815,1.8582291666666668,7.419362323408335,0.0,29.999583333333334,106869,254.75537500000002,Seattle,30,30
Houston,2017-05,261,5.176635669433802,2.270439814814815,6.604478347065074,0.026516203703703705,29.274212962962963,62148,189.98513409961686,Houston,31,31
LA_Long_Beach,2017-05,207,5.545453234031132,3.1002662037037036,7.216718119025121,0.008333333333333333,30.998564814814817,472332,255.56695652173914,LA_Long_Beach,31,31
NY_NJ,2017-05,196,4.1176861300075585,1.288900462962963,6.688371651286943,0.01667824074074074,29.73490740740741,86259,234.19525510204085,NY_NJ,31,31
Savannah,2017-05,132,2.0041120405443325,0.8677777777777778,3.9849578051559,0.055046296296296295,26.168900462962963,80361,266.9659848484849,Savannah,31,31
Seattle,2017-05,80,4.891956741898148,1.7345543981481482,7.817334426741339,0.007569444444444445,30.999872685185185,168341,245.21224999999998,Seattle,31,31
Houston,2017-06,286,5.043378658378658,2.3694039351851854,6.808700001647001,0.025243055555555557,29.998472222222222,66137,186.0140909090909,Houston,30,30
LA_Long_Beach,2017-06,199,5.427788014144798,3.0635879629629628,7.22707161470898,0.0659375,29.999861111111112,462575,251.21653266331657,LA_Long_Beach,30,30
NY_NJ,2017-06,182,3.309604573667074,1.341736111111111,5.5718469244656585,0.01699074074074074,29.30255787037037,70275,240.01802197802198,NY_NJ,30,30
Savannah,2017-06,121,1.9136834251606978,0.8826388888888889,3.747066298637947,0.02144675925925926,22.376840277777777,78365,268.03338842975205,Savannah,30,30
Seattle,2017-06,69,4.451963566827698,2.093425925925926,7.124634224077417,0.006666666666666667,29.998541666666668,104250,249.8736231884058,Seattle,30,30
Houston,2017-07,285,4.309075048732944,2.1199074074074074,5.872937317394507,0.026238425925925925,30.133622685185184,65459,187.89649122807018,Houston,31,31
LA_Long_Beach,2017-07,206,5.163736459457029,3.0352546296296294,7.086932331714197,0.09443287037037038,30.99996527777778,459384,254.493786407767,LA_Long_Beach,31,31
NY_NJ,2017-07,189,3.6246742112482853,1.2949537037037038,6.306639352122861,0.001736111111111111,30.25579861111111,76161,237.51931216931217,NY_NJ,31,31
Savannah,2017-07,130,2.7807962962962964,0.9885532407407407,5.26076819874582,0.16767361111111112,29.213368055555556,101202,269.1948461538462,Savannah,31,31
Seattle,2017-07,70,2.9924356812169313,1.2985300925925927,5.999552531408597,0.006585648148148148,29.13365740740741,38193,257.6825714285714,Seattle,31,31
Houston,2017-08,233,4.218743443013829,2.3526504629629628,4.916592544314913,0.02466435185185185,22.716145833333332,44910,185.72081545064376,Houston,31,31
LA_Long_Beach,2017-08,214,5.148230032018,2.823767361111111,6.987313046141736,0.009583333333333333,30.99943287037037,424446,248.99495327102804,LA_Long_Beach,31,31
NY_NJ,2017-08,195,3.5540367402659068,1.3260532407407408,6.021119450421125,0.015289351851851853,30.17824074074074,62482,241.1485641025641,NY_NJ,31,31
Savannah,2017-08,126,2.2185968731628454,0.9534085648148148,4.279833678479761,0.22282407407407406,26.940844907407406,82800,277.6151587301587,Savannah,31,31
Seattle,2017-08,83,2.8171234939759033,1.7916087962962963,4.735494141894708,0.007430555555555556,28.529594907407407,51339,245.43759036144579,Seattle,31,31
Houston,2017-09,267,4.362414343182133,2.0573958333333335,5.716940637087542,0.014583333333333334,25.675717592592594,55937,188.09449438202248,Houston,30,30
LA_Long_Beach,2017-09,194,5.014341232340588,2.6155555555555554,6.908981532240569,0.0,29.998310185185186,400801,253.42216494845363,LA_Long_Beach,30,30
NY_NJ,2017-09,179,3.394271738568177,1.3128587962962963,5.430991485449432,0.014652777777777778,29.181273148148147,73861,238.23145251396647,NY_NJ,30,30
Savannah,2017-09,117,1.9960739157961382,0.9141898148148148,3.711076635558224,0.15680555555555556,28.274074074074075,82514,268.1582905982906,Savannah,30,30
Seattle,2017-09,73,3.927545503551497,1.5536921296296295,6.787683406817992,0.008113425925925927,29.998252314814813,104604,240.58739726027397,Seattle,30,30
Houston,2017-10,284,4.941839421948357,2.299554398148148,6.855853925311777,0.017604166666666667,29.55087962962963,57092,186.84556338028167,Houston,31,31
LA_Long_Beach,2017-10,186,4.8482070141377935,2.6955439814814817,6.527298822939534,0.2953703703703704,30.995833333333334,343806,246.4209677419355,LA_Long_Beach,31,31
NY_NJ,2017-10,179,3.32018156424581,1.1360300925925926,5.9534669351795255,0.016238425925925927,28.988043981481482,52237,238.54664804469272,NY_NJ,31,31
Savannah,2017-10,132,1.964332737093154,0.9619849537037037,3.3636073552708514,0.02744212962962963,21.668587962962963,86283,271.5750757575758,Savannah,31,31
Seattle,2017-10,72,3.2828367734053496,1.8861574074074074,5.345663680766117,0.007349537037037037,30.999733796296297,57288,245.67902777777778,Seattle,31,31
Houston,2017-11,263,4.485467935854105,2.2528587962962963,5.629341460507668,0.013958333333333333,27.313738425925926,61843,188.740608365019,Houston,30,30
LA_Long_Beach,2017-11,169,5.6568973263204025,3.228310185185185,7.353845438408752,0.06215277777777778,29.998101851851853,352840,253.50550295857988,LA_Long_Beach,30,30
NY_NJ,2017-11,179,3.3567028760604183,1.177638888888889,5.856005853671032,0.01695601851851852,28.996331018518518,73086,245.39631284916203,NY_NJ,30,30
Savannah,2017-11,128,1.455877730758102,0.9647916666666667,2.2275922068559297,0.065625,18.574641203703703,91674,269.37179687500003,Savannah,30,30
Seattle,2017-11,82,3.742356312104788,1.6703877314814815,6.739602360644701,0.0007060185185185185,29.99709490740741,130414,237.08609756097562,Seattle,30,30
Houston,2017-12,255,4.562823211692084,2.2588541666666666,6.161724809279358,0.022453703703703705,28.99820601851852,65698,188.85858823529412,Houston,31,31
LA_Long_Beach,2017-12,188,4.489862465524035,2.6252314814814817,6.126453292652709,0.06596064814814814,30.999583333333334,382959,253.0830319148936,LA_Long_Beach,31,31
NY_NJ,2017-12,171,3.218140296729478,1.2557523148148149,5.67181096300026,0.01019675925925926,30.187916666666666,52050,244.90795321637427,NY_NJ,31,31
Savannah,2017-12,109,1.699922804111451,1.0158333333333334,3.3550612031773888,0.039641203703703706,28.02252314814815,84308,269.93256880733946,Savannah,31,31
Seattle,2017-12,70,4.7722908399470905,1.7467361111111113,8.091796425531497,0.0,30.998368055555556,124207,238.51071428571427,Seattle,31,31
Houston,2018-01,469,5.021957869383242,2.598240740740741,6.340502091718063,0.00636574074074074,30.299560185185186,103938,187.0134529147982,Houston,31,31
LA_Long_Beach,2018-01,318,4.352298145236431,2.701232638888889,5.802291388313997,0.010416666666666666,30.999328703703704,529007,258.0325732899023,LA_Long_Beach,31,31
NY_NJ,2018-01,300,3.9141398148148148,1.6255381944444445,6.299154860345039,0.014675925925925926,30.99965277777778,170903,243.67006802721087,NY_NJ,31,31
Savannah,2018-01,201,1.8300901165468952,1.0483680555555555,3.2389188301033727,0.010138888888888888,25.56189814814815,147429,261.8606965174129,Savannah,31,31
Seattle,2018-01,128,4.304596896701389,2.2777546296296296,5.981937178509538,0.000787037037037037,30.99556712962963,106957,249.424,Seattle,31,31
Houston,2018-02,447,4.194450244427873,2.3369097222222224,5.464310086725193,0.0024305555555555556,27.383171296296297,108605,189.86915887850466,Houston,28,28
LA_Long_Beach,2018-02,311,4.731285950339407,2.809710648148148,6.097472171393569,0.03690972222222222,27.998541666666668,571080,252.06666666666666,LA_Long_Beach,28,28
NY_NJ,2018-02,294,2.6863285383597884,1.2343229166666667,4.754695966809873,0.010416666666666666,27.99965277777778,140587,239.459649122807,NY_NJ,28,28
Savannah,2018-02,188,1.5415323950945625,1.1555208333333333,2.0312970418037044,0.020590277777777777,21.47685185185185,148780,263.0802139037433,Savannah,28,28
Seattle,2018-02,124,3.866392809139785,1.7616030092592592,5.604284013353674,0.005451388888888889,27.99619212962963,93216,248.32231404958677,Seattle,28,28
Houston,2018-03,540,4.569599858539094,2.204207175925926,6.398299993599581,0.02546296296296296,29.871689814814815,107197,188.46050096339113,Houston,31,31
LA_Long_Beach,2018-03,323,5.146874390838207,2.6888657407407406,6.89429325059469,0.0125,30.99857638888889,533820,247.66123778501628,LA_Long_Beach,31,31
NY_NJ,2018-03,298,3.117088421265225,1.184571759259259,5.79946139998057,0.0016319444444444445,30.99978009259259,128369,238.7123287671233,NY_NJ,31,31
Savannah,2018-03,211,1.6192719852553976,1.0016087962962963,3.028902976304688,0.0828125,28.33483796296296,140888,254.93809523809523,Savannah,31,31
Seattle,2018-03,129,4.106843866637956,1.5683101851851853,6.941553949424129,0.0043055555555555555,30.998530092592592,85085,247.33870967741936,Seattle,31,31
Houston,2018-04,489,4.5622844476634095,2.2951041666666665,5.885000775198317,0.02627314814814815,28.4571875,111555,187.53648068669528,Houston,30,30
LA_Long_Beach,2018-04,323,5.0521105664488015,3.056261574074074,6.726064811422707,0.010416666666666666,29.99798611111111,580251,251.60191082802547,LA_Long_Beach,30,30
NY_NJ,2018-04,304,3.0995999329922026,1.1868171296296297,5.495043087994067,0.0,29.99943287037037,127169,237.47138047138048,NY_NJ,30,30
Savannah,2018-04,215,1.4136417420327303,0.9476851851851852,2.2298887386763373,0.019791666666666666,20.08646990740741,137257,257.8544600938967,Savannah,30,30
Seattle,2018-04,120,3.8900354938271606,1.7271296296296297,5.649013693042739,0.0,29.993738425925926,99366,248.92241379310346,Seattle,30,30
Houston,2018-05,490,4.354435752078609,2.242922453703704,5.782808023641139,0.026863425925925926,28.474270833333332,118621,189.2494669509595,Houston,31,31
LA_Long_Beach,2018-05,314,5.51674856982779,3.078130787037037,7.035246245953892,0.014583333333333334,30.998078703703705,622562,259.029702970297,LA_Long_Beach,31,31
NY_NJ,2018-05,319,3.34630289968652,1.2760185185185184,5.694650086947606,0.014930555555555556,30.99946759259259,125526,235.384126984127,NY_NJ,31,31
Savannah,2018-05,214,1.9982381446867428,1.0747395833333333,4.0118464784982235,0.0758449074074074,29.623854166666668,154277,252.7772511848341,Savannah,31,31
Seattle,2018-05,135,4.363702846364884,1.726712962962963,6.577353868948415,0.005555555555555556,30.996678240740742,117811,249.64661654135338,Seattle,31,31
Houston,2018-06,463,4.398320034397249,2.261527777777778,5.840120534005088,0.024872685185185185,29.23988425925926,99995,189.15945330296128,Houston,30,30
LA_Long_Beach,2018-06,315,4.698658913874191,3.1278935185185186,5.951736960090168,0.00625,29.99792824074074,545768,258.3606557377049,LA_Long_Beach,30,30
NY_NJ,2018-06,303,3.140209937660433,1.2052314814814815,5.43963097662944,0.00625,29.999837962962964,120070,238.4046822742475,NY_NJ,30,30
Savannah,2018-06,199,2.0843695328494323,1.0193981481481482,4.347065755806118,0.06010416666666667,28.58513888888889,135378,262.1979695431472,Savannah,30,30
Seattle,2018-06,140,3.726083167989418,1.6270833333333332,5.931434092982616,0.0060416666666666665,29.994108796296295,93800,251.17518248175182,Seattle,30,30
Houston,2018-07,488,4.714347084661505,2.3114814814814815,6.324447507728762,0.020625,29.866736111111113,102310,188.86422413793105,Houston,31,31
LA_Long_Beach,2018-07,316,4.966959644573371,3.0447280092592592,6.375473538712229,0.06762731481481482,30.99962962962963,572294,262.8943894389439,LA_Long_Beach,31,31
NY_NJ,2018-07,308,3.085911683802309,1.444982638888889,4.939262108590449,0.015636574074074074,30.999513888888888,121895,235.83946488294313,NY_NJ,31,31
Savannah,2018-07,203,1.467221880131363,0.9823726851851852,2.116267720680806,0.01976851851851852,20.093391203703703,134367,263.845,Savannah,31,31
Seattle,2018-07,131,3.74375176703421,1.725625,5.7735100733919955,0.0038425925925925928,30.9959375,91591,259.992,Seattle,31,31
Houston,2018-08,468,4.797037605848369,2.5707407407407405,6.3438224196978865,0.012847222222222222,29.802199074074075,111873,189.16,Houston,31,31
LA_Long_Beach,2018-08,316,4.563877937470698,3.0323379629629628,6.046802457299796,0.012488425925925925,30.997974537037038,533937,257.4901960784314,LA_Long_Beach,31,31
NY_NJ,2018-08,328,3.542210824582204,1.427488425925926,5.771582598612515,0.017037037037037038,30.40978009259259,112357,235.2826086956522,NY_NJ,31,31
Savannah,2018-08,196,1.9269104898904006,0.9942997685185185,4.146677555412542,0.09940972222222222,29.654930555555556,137755,268.1589743589744,Savannah,31,31
Seattle,2018-08,123,3.6286983401084014,1.663113425925926,6.127569896149309,0.005833333333333334,30.998472222222222,75213,252.8595041322314,Seattle,31,31
Houston,2018-09,436,4.341789495200476,2.513912037037037,5.617485100535752,0.02443287037037037,27.970787037037038,98376,189.3857493857494,Houston,30,30
LA_Long_Beach,2018-09,311,5.037532675360247,3.066145833333333,6.235663295623326,0.03125,29.997939814814814,579840,256.7880794701987,LA_Long_Beach,30,30
NY_NJ,2018-09,296,3.2119098004254254,1.2100347222222223,5.4231298434995425,0.014918981481481481,28.824525462962963,111330,235.08474576271186,NY_NJ,30,30
Savannah,2018-09,200,1.8129831597222221,0.9805497685185185,3.546362882347625,0.04259259259259259,26.685219907407408,136855,266.4646464646465,Savannah,30,30
Seattle,2018-09,124,3.6668379442951013,1.506099537037037,6.048794276315836,0.0,29.99795138888889,89515,251.78861788617886,Seattle,30,30
Houston,2018-10,439,4.3631740382181725,2.3425810185185183,5.618047432799931,0.023125,27.4896875,96776,187.64028776978418,Houston,31,31
LA_Long_Beach,2018-10,307,5.100839780130293,3.052604166666667,6.4787879114354565,0.04756944444444444,30.997905092592593,568188,255.8896321070234,LA_Long_Beach,31,31
NY_NJ,2018-10,314,3.52881310450578,1.3243518518518518,5.8704962397534635,0.009259259259259259,30.997777777777777,126280,236.29581993569133,NY_NJ,31,31
Savannah,2018-10,204,1.309009225217865,1.0030497685185185,1.5922905657429762,0.07487268518518518,21.40041666666667,128027,265.2722772277228,Savannah,31,31
Seattle,2018-10,118,4.029509376961707,1.7575347222222222,6.294211153817914,0.00375,30.998125,81949,256.646017699115,Seattle,31,31
Houston,2018-11,428,4.252687646028037,2.269398148148148,5.49295431863299,0.007858796296296296,26.444988425925924,92562,190.17199017199016,Houston,30,30
LA_Long_Beach,2018-11,274,5.003153470532577,2.937800925925926,6.588397214455401,0.06099537037037037,29.99792824074074,464387,261.0375939849624,LA_Long_Beach,30,30
NY_NJ,2018-11,261,3.471586224634596,1.402638888888889,5.80895076484718,0.01744212962962963,29.99857638888889,90220,241.34509803921569,NY_NJ,30,30
Savannah,2018-11,184,1.6174706873993558,1.0440046296296297,2.9475707565927745,0.017939814814814815,26.18810185185185,113268,263.0989010989011,Savannah,30,30
Seattle,2018-11,116,4.321193526500639,1.9414641203703704,6.883625617111453,0.006863425925925926,29.99792824074074,109312,255.3859649122807,Seattle,30,30
Houston,2018-12,426,4.567445878977569,2.270347222222222,6.248087105838881,0.023368055555555555,30.99716435185185,97044,191.13118811881188,Houston,31,31
LA_Long_Beach,2018-12,304,5.143874116715399,3.449033564814815,6.137763794695018,0.07560185185185185,30.999826388888888,542542,258.38013698630135,LA_Long_Beach,31,31
NY_NJ,2018-12,294,3.6444616087175614,1.3019270833333332,6.34546085251518,0.015960648148148147,30.99804398148148,118065,235.39084507042253,NY_NJ,31,31
Savannah,2018-12,168,1.6003156001984127,1.0170833333333333,2.343276084503635,0.08084490740740741,21.846469907407407,121098,266.55757575757576,Savannah,31,31
Seattle,2018-12,119,4.6970210862122626,1.977511574074074,7.358099568018879,0.005069444444444444,30.999895833333333,125434,249.135593220339,Seattle,31,31
Houston,2019-01,450,4.6944755658436215,2.3167824074074073,6.209500138015352,0.02638888888888889,29.928125,97012,189.64788732394365,Houston,31,31
LA_Long_Beach,2019-01,305,5.981165300546448,3.9864814814814813,6.581337977843674,0.0,30.99849537037037,612201,258.1740614334471,LA_Long_Beach,31,31
NY_NJ,2019-01,291,3.613604906452845,1.5367592592592592,5.6093751043590885,0.0134375,30.996944444444445,109244,238.89752650176678,NY_NJ,31,31
Savannah,2019-01,200,1.5251840856481482,1.0665856481481482,2.5110368001814285,0.06358796296296296,28.196550925925926,136013,266.70558375634516,Savannah,31,31
Seattle,2019-01,126,4.853297049529688,2.2824479166666665,7.476479063522815,0.006539351851851852,30.999930555555554,137786,256.3412698412698,Seattle,31,31
Houston,2019-02,369,4.3619595628826655,2.5792361111111113,5.3206848784640925,0.011111111111111112,27.818935185185186,93791,189.07954545454547,Houston,28,28
LA_Long_Beach,2019-02,275,4.87069537037037,3.167013888888889,5.731312850347502,0.0,27.998726851851853,467854,253.88345864661653,LA_Long_Beach,28,28
NY_NJ,2019-02,263,3.4986136635685114,1.459074074074074,5.611523486249884,0.01607638888888889,27.909884259259258,104432,241.75968992248062,NY_NJ,28,28
Savannah,2019-02,164,1.595878641598916,1.1399016203703702,2.2592775376878884,0.043287037037037034,25.57607638888889,125353,258.42944785276075,Savannah,28,28
Seattle,2019-02,118,4.940655014124294,2.327065972222222,6.65504411772112,0.0,27.997905092592593,104390,239.05172413793105,Seattle,28,28
Houston,2019-03,419,4.691016087686732,2.5896064814814816,5.804814542127055,0.02546296296296296,29.72775462962963,93252,191.12060301507537,Houston,31,31
LA_Long_Beach,2019-03,282,5.056976868268978,2.883755787037037,6.574896590564492,0.023842592592592592,30.998645833333335,468874,251.54379562043795,LA_Long_Beach,31,31
NY_NJ,2019-03,274,3.3161585901595028,1.3221238425925925,5.652704520440558,0.01574074074074074,30.998171296296295,87963,233.68045112781954,NY_NJ,31,31
Savannah,2019-03,197,1.7144572523030646,1.1159722222222221,3.038660945433504,0.008460648148148148,30.99761574074074,143819,260.3541666666667,Savannah,31,31
Seattle,2019-03,125,4.011900185185185,1.6601273148148148,6.725213409292411,0.0032291666666666666,30.997916666666665,76713,249.82926829268294,Seattle,31,31
Houston,2019-04,462,4.435275172358506,2.469519675925926,5.749293273794266,0.012488425925925925,28.97363425925926,102100,190.17620137299772,Houston,30,30
LA_Long_Beach,2019-04,275,5.14154393939394,3.2425810185185187,6.362482936642801,0.03528935185185185,29.999560185185185,510002,252.97426470588235,LA_Long_Beach,30,30
NY_NJ,2019-04,286,3.240664457070707,1.2035069444444444,5.421298532739858,0.015601851851851851,29.998078703703705,97498,234.29787234042553,NY_NJ,30,30
Savannah,2019-04,179,1.5164011742189116,0.9969907407407408,2.3229729801954435,0.015150462962962963,21.24324074074074,118661,260.268156424581,Savannah,30,30
Seattle,2019-04,120,3.89299787808642,1.9485474537037035,5.655326822467779,0.002916666666666667,29.99912037037037,99221,249.0420168067227,Seattle,30,30
Houston,2019-05,452,5.164777839233039,2.5792534722222222,6.649617501340137,0.009722222222222222,30.25695601851852,98472,191.13225058004642,Houston,31,31
LA_Long_Beach,2019-05,279,5.473319685052436,3.192800925925926,6.893025492019611,0.028483796296296295,30.999525462962964,514633,251.16176470588235,LA_Long_Beach,31,31
NY_NJ,2019-05,305,2.988282559198543,1.2167476851851853,4.9320124580148725,0.016898148148148148,30.30707175925926,105558,234.0702341137124,NY_NJ,31,31
Savannah,2019-05,194,2.0350674159984727,1.0282349537037039,4.213516079666905,0.14913194444444444,30.997546296296296,141571,257.2552083333333,Savannah,31,31
Seattle,2019-05,137,3.2068418829413354,1.3910300925925927,5.946793170205993,0.006736111111111111,30.99744212962963,77845,251.7348484848485,Seattle,31,31
Houston,2019-06,415,5.245389307228916,2.734224537037037,6.209437780545618,0.016875,29.998055555555556,87631,190.57070707070707,Houston,30,30
LA_Long_Beach,2019-06,283,5.078266260960607,3.054837962962963,6.549350586466914,0.0,29.997905092592593,507735,257.7236363636364,LA_Long_Beach,30,30
NY_NJ,2019-06,273,3.2906916887125224,1.3178819444444445,5.220139146608714,0.016979166666666667,27.417662037037037,87581,238.34831460674158,NY_NJ,30,30
Savannah,2019-06,174,1.5650251436781608,0.973917824074074,2.968286303177777,0.09737268518518519,27.809444444444445,115226,266.43023255813955,Savannah,30,30
Seattle,2019-06,116,3.9419108197637294,1.6858333333333333,6.680067744164383,0.003946759259259259,29.998391203703704,94017,254.0990990990991,Seattle,30,30
Houston,2019-07,422,4.9316787618483415,2.3630555555555555,6.368466364002517,0.023148148148148147,29.888113425925926,87427,190.6625,Houston,30,31
LA_Long_Beach,2019-07,286,4.8156595198782695,2.991979166666667,6.257381058726975,0.017847222222222223,30.997546296296296,479977,254.52142857142857,LA_Long_Beach,30,31
NY_NJ,2019-07,302,3.6213047660657347,1.4321296296296295,6.252608685246136,0.01587962962962963,30.46212962962963,98870,235.40549828178695,NY_NJ,30,31
Savannah,2019-07,194,1.7429212008400154,1.055625,3.248381719518982,0.07302083333333333,28.243796296296296,124329,265.4764397905759,Savannah,30,31
Seattle,2019-07,128,3.5638856336805556,1.524068287037037,6.183359538079274,0.0031944444444444446,30.998032407407408,99793,263.22222222222223,Seattle,30,31
Houston,2019-08,429,4.5686980920314255,2.39275462962963,5.86174030127778,0.023564814814814816,29.54482638888889,88943,191.65693430656935,Houston,31,31
LA_Long_Beach,2019-08,278,5.0647301325606175,3.084918981481482,6.564197741926974,0.04744212962962963,30.997916666666665,487266,257.39272727272726,LA_Long_Beach,31,31
NY_NJ,2019-08,286,3.272349010942761,1.5063020833333334,5.0365502453598685,0.013703703703703704,30.380729166666665,89372,236.57818181818183,NY_NJ,31,31
Savannah,2019-08,195,2.1057513057929724,1.033576388888889,4.427267941072027,0.2993287037037037,30.493622685185183,142640,260.3541666666667,Savannah,31,31
Seattle,2019-08,122,3.6594134221311476,1.6297858796296296,6.8348586216749965,0.0,30.99858796296296,79910,254.4672131147541,Seattle,31,31
Houston,2019-09,409,4.381235765869782,2.4019328703703704,5.6001195034738425,0.02591435185185185,28.85763888888889,92959,188.64155844155843,Houston,30,30
LA_Long_Beach,2019-09,276,4.8346276167471816,2.8375,6.237876007063349,0.10380787037037037,29.999606481481482,467087,254.53333333333333,LA_Long_Beach,30,30
NY_NJ,2019-09,269,3.5003021736885582,1.3358796296296296,5.710423051757821,0.016435185185185185,29.434745370370372,81532,233.3854961832061,NY_NJ,30,30
Savannah,2019-09,182,1.4254064916564915,0.9424884259259259,2.1004139852358956,0.046689814814814816,18.719930555555557,110301,261.68508287292815,Savannah,30,30
Seattle,2019-09,117,3.596706928616651,1.7313425925925925,5.700417022610363,0.005555555555555556,29.99704861111111,86533,253.4017094017094,Seattle,30,30
Houston,2019-10,420,4.831235119047619,2.4797569444444445,6.1514845494820305,0.0246875,30.53615740740741,87100,190.1077694235589,Houston,31,31
LA_Long_Beach,2019-10,291,5.171379303487336,3.0752314814814814,6.887643686428769,0.0,30.999444444444446,520408,254.23693379790942,LA_Long_Beach,31,31
NY_NJ,2019-10,276,3.550449585681696,1.355306712962963,5.896216356609922,0.003935185185185185,30.40400462962963,81009,242.1060606060606,NY_NJ,31,31
Savannah,2019-10,175,2.0234760582010582,1.0933333333333333,3.939715451976755,0.010532407407407407,28.75380787037037,115188,268.4011627906977,Savannah,31,31
Seattle,2019-10,122,4.021997381602914,1.7233333333333334,6.731610404690781,0.0,30.99792824074074,84813,255.77685950413223,Seattle,31,31
Houston,2019-11,402,4.354743527731712,2.347679398148148,5.881320014263507,0.009722222222222222,28.957592592592594,88617,190.1151832460733,Houston,30,30
LA_Long_Beach,2019-11,277,5.13162262668806,2.998009259259259,6.760137294217539,0.0,29.999270833333334,464610,252.6888888888889,LA_Long_Beach,30,30
NY_NJ,2019-11,248,3.6920802531362007,1.3950983796296297,5.868068407473059,0.01670138888888889,29.315983796296297,79206,238.14462809917356,NY_NJ,30,30
Savannah,2019-11,171,1.9412252274204027,1.0640625,3.760235549555686,0.05880787037037037,28.745868055555555,115159,267.3333333333333,Savannah,30,30
Seattle,2019-11,122,3.786852990285367,1.6140162037037036,6.6799898081877,0.005208333333333333,29.997789351851853,107745,252.13333333333333,Seattle,30,30
Houston,2019-12,411,4.379756353068397,2.386701388888889,5.892586210875678,0.02696759259259259,30.491747685185185,96721,191.375,Houston,31,31
LA_Long_Beach,2019-12,306,5.282102585633019,2.7280439814814814,7.179849288352675,0.027604166666666666,30.998645833333335,554283,247.36241610738256,LA_Long_Beach,31,31
NY_NJ,2019-12,262,3.4267221515408535,1.3941203703703704,5.800702116054673,0.013981481481481482,30.997777777777777,98986,238.41176470588235,NY_NJ,31,31
Savannah,2019-12,169,1.7300775942362479,1.116875,2.6493173068702087,0.17686342592592594,21.313136574074075,128258,261.93333333333334,Savannah,31,31
Seattle,2019-12,113,3.826670149131432,1.6044444444444443,6.596536340543894,0.006597222222222222,30.999571759259258,116348,248.99107142857142,Seattle,31,31
Houston,2020-01,413,4.898162244417541,2.4844560185185185,6.673684193133829,0.022824074074074073,30.998333333333335,103727,190.38832487309645,Houston,31,31
LA_Long_Beach,2020-01,289,5.396185801935153,2.6499537037037038,7.5767170615521495,0.010428240740740741,30.998912037037037,520850,249.32269503546098,LA_Long_Beach,31,31
NY_NJ,2020-01,250,3.588238009259259,1.4188252314814815,5.740653735022514,0.0,30.99804398148148,79727,241.9798387096774,NY_NJ,31,31
Savannah,2020-01,162,1.5225703732281664,1.0775000000000001,2.1752661661861326,0.0024305555555555556,21.38462962962963,107651,272.17391304347825,Savannah,31,31
Seattle,2020-01,113,4.681049143723369,1.7030092592592592,7.459174340407416,0.007083333333333333,30.999293981481483,132773,250.1504424778761,Seattle,31,31
Houston,2020-02,345,3.7130576690821258,2.0983564814814817,5.317971660393706,0.0016203703703703703,28.997233796296296,76520,190.53230769230768,Houston,23,29
LA_Long_Beach,2020-02,235,4.507349093774626,2.1092013888888888,6.407710013300303,0.021643518518518517,28.99858796296296,356751,246.4581497797357,LA_Long_Beach,23,29
NY_NJ,2020-02,182,3.0459393442205944,1.2485127314814815,5.234252632119981,0.0,28.1690625,62265,243.37142857142857,NY_NJ,23,29
Savannah,2020-02,131,1.6948985722363585,1.1065509259259259,2.9226279410803415,0.10744212962962962,21.76792824074074,84647,263.88461538461536,Savannah,23,29
Seattle,2020-02,95,4.7042222222222225,1.6079166666666667,7.487237105553364,0.007152777777777778,28.999756944444446,98657,250.23157894736843,Seattle,23,29
Houston,2020-03,416,4.393746438746438,2.357083333333333,5.518123785176596,0.02326388888888889,29.012233796296297,98742,191.30179028132991,Houston,31,31
LA_Long_Beach,2020-03,268,5.396967160724157,2.7032696759259256,7.265989441103114,0.0,30.99863425925926,482777,240.8841698841699,LA_Long_Beach,31,31
NY_NJ,2020-03,238,3.5895064970432617,1.2939930555555557,5.961454510062416,0.018599537037037036,30.99685185185185,86204,243.06926406926408,NY_NJ,31,31
Savannah,2020-03,167,1.6114967980705257,1.0446296296296296,2.7674840519874575,0.0,21.996458333333333,118781,262.10843373493975,Savannah,31,31
Seattle,2020-03,115,4.100021739130435,1.653275462962963,6.737407561579428,0.0020833333333333333,30.999421296296298,112827,250.2017543859649,Seattle,31,31
Houston,2020-04,395,4.068615506329114,2.2306712962962965,5.281754738998595,0.0038078703703703703,26.941006944444446,81285,189.59016393442624,Houston,30,30
LA_Long_Beach,2020-04,279,5.283867151201381,2.696296296296296,7.2280138316464635,0.0020717592592592593,29.999895833333333,553255,244.8740740740741,LA_Long_Beach,30,30
NY_NJ,2020-04,225,3.4434536522633743,1.3653356481481482,5.9787713378017955,0.016909722222222222,29.997557870370372,77555,244.04109589041096,NY_NJ,30,30
Savannah,2020-04,156,1.4746878709639126,1.0628703703703704,2.4324276341005255,0.18480324074074075,21.836608796296296,106597,259.47712418300654,Savannah,30,30
Seattle,2020-04,103,4.070470716468896,1.7100810185185185,6.921913193187832,0.0007060185185185185,29.99894675925926,92895,259.6039603960396,Seattle,30,30
Houston,2020-05,354,4.225162429378531,2.174837962962963,5.694516105151793,0.008796296296296297,29.213078703703705,90060,189.72537313432835,Houston,30,31
LA_Long_Beach,2020-05,229,5.940537158337377,2.5741203703703706,8.651890457193753,0.05789351851851852,30.999421296296298,503962,243.23076923076923,LA_Long_Beach,30,31
NY_NJ,2020-05,230,3.189556209742351,1.1677662037037035,5.5369067771055285,0.01443287037037037,30.999189814814816,74386,243.42920353982302,NY_NJ,30,31
Savannah,2020-05,140,2.215355572089947,1.0374305555555556,4.32480264272318,0.004872685185185185,28.005358796296296,108853,258.8776978417266,Savannah,30,31
Seattle,2020-05,103,4.593554476806904,1.6642476851851853,7.756962077853955,0.006099537037037037,30.99802083333333,74745,258.6039603960396,Seattle,30,31
Houston,2020-06,376,4.623680278516549,2.256140046296296,6.194932745095589,0.0,28.464305555555555,96684,188.67688022284122,Houston,30,30
LA_Long_Beach,2020-06,213,6.16029272083116,3.0971759259259257,8.072348360538234,0.031516203703703706,29.999189814814816,469063,251.12980769230768,LA_Long_Beach,30,30
NY_NJ,2020-06,230,4.118068488325282,1.4049016203703704,6.69864005018309,0.017361111111111112,29.99650462962963,90334,241.72645739910314,NY_NJ,30,30
Savannah,2020-06,151,1.5575086613931812,1.0847453703703704,2.111260036860162,0.10644675925925925,21.45371527777778,115793,266.5302013422819,Savannah,30,30
Seattle,2020-06,95,4.6819370126705655,1.7719444444444445,6.890081368846634,0.0022222222222222222,29.99747685185185,86331,252.38297872340425,Seattle,30,30
Houston,2020-07,435,3.9761715889740317,2.091238425925926,5.59232238960859,0.0,29.689189814814814,94801,192.34739454094293,Houston,31,31
LA_Long_Beach,2020-07,371,4.690262210492164,2.00474537037037,7.514411823848189,0.0,30.99949074074074,476950,249.46814404432132,LA_Long_Beach,31,31
NY_NJ,2020-07,276,3.81564949006978,1.2946064814814815,6.679909278291687,0.0,30.997905092592593,104106,241.1851851851852,NY_NJ,31,31
Savannah,2020-07,187,2.075307424737572,0.9324537037037037,4.515896044205702,0.012488425925925925,28.40730324074074,113977,253.79679144385025,Savannah,31,31
Seattle,2020-07,127,3.7677744058034413,1.2410185185185185,7.337736449633246,0.0,30.998796296296295,71497,255.73228346456693,Seattle,31,31
Houston,2020-08,394,4.0689683798646366,2.0093750000000004,5.9032914069189175,0.007534722222222222,29.43834490740741,86962,192.16890080428954,Houston,31,31
LA_Long_Beach,2020-08,325,4.90970957977208,2.2614814814814816,7.090037283200366,0.0,30.999548611111113,503037,253.85173501577287,LA_Long_Beach,31,31
NY_NJ,2020-08,274,3.6565058968640174,1.382019675925926,6.25203336211538,0.0,30.995416666666667,105887,239.30711610486892,NY_NJ,31,31
Savannah,2020-08,196,1.4378492299697656,1.0045081018518518,3.037865241013466,0.018703703703703705,30.682129629629628,115192,264.9326424870466,Savannah,31,31
Seattle,2020-08,121,3.9434511784511788,1.6115277777777777,6.419718920437254,0.0,30.998784722222222,83238,244.72727272727272,Seattle,31,31
Houston,2020-09,372,4.692662659299084,2.086226851851852,6.438691010826816,0.027453703703703702,29.87769675925926,81023,191.49720670391062,Houston,29,30
LA_Long_Beach,2020-09,267,5.363253528575392,3.0832407407407407,6.554642805176403,0.00869212962962963,29.99946759259259,407088,252.85496183206106,LA_Long_Beach,29,30
NY_NJ,2020-09,250,3.955889027777778,1.3889525462962964,6.554189159279746,0.012523148148148148,29.997372685185184,79623,244.64609053497944,NY_NJ,29,30
Savannah,2020-09,151,1.7773391893549177,0.975925925925926,3.2325186817957428,0.07740740740740741,28.24215277777778,98943,264.5,Savannah,29,30
Seattle,2020-09,114,4.519001279239766,1.725769675925926,6.959129985924136,0.006944444444444444,29.997916666666665,95572,252.41228070175438,Seattle,29,30
Houston,2020-10,384,4.341506980613426,2.2749131944444443,5.39604001134551,0.0032175925925925926,29.117268518518518,87331,188.46486486486486,Houston,31,31
LA_Long_Beach,2020-10,266,5.57957698064606,3.308611111111111,6.823751859792658,0.0032523148148148147,30.998668981481483,493953,256.67175572519085,LA_Long_Beach,31,31
NY_NJ,2020-10,265,3.1537661163522013,1.4613078703703704,5.474364832550281,0.0,30.994849537037037,81366,241.23574144486693,NY_NJ,31,31
Savannah,2020-10,154,1.7184849236411737,1.0853993055555557,3.443947789607096,0.028923611111111112,28.58255787037037,95663,267.6862745098039,Savannah,31,31
Seattle,2020-10,123,4.620172387834989,1.7527662037037037,7.454340358616864,0.005752314814814815,30.998680555555556,109268,253.14754098360655,Seattle,31,31
Houston,2020-11,366,4.5851652942218175,2.0701678240740744,6.350350985339392,0.0,29.535451388888887,74413,193.14772727272728,Houston,30,30
LA_Long_Beach,2020-11,269,6.051941690761393,4.010868055555555,6.57030461772357,0.0069791666666666665,29.999328703703704,519647,252.3924528301887,LA_Long_Beach,30,30
NY_NJ,2020-11,252,3.900324717078189,1.5886516203703704,6.109527359866661,0.016226851851851853,29.99685185185185,92098,242.72357723577235,NY_NJ,30,30
Savannah,2020-11,163,1.816450877641445,1.0958333333333334,3.072173047548946,0.16215277777777778,23.849085648148147,94221,271.2360248447205,Savannah,30,30
Seattle,2020-11,109,3.907109773190622,1.7109722222222221,6.361346174266004,0.005798611111111111,29.999502314814816,88995,252.42990654205607,Seattle,30,30
Houston,2020-12,359,4.344619925461673,2.112951388888889,5.941552198763476,0.012847222222222222,29.856342592592593,83402,188.3612716763006,Houston,31,31
LA_Long_Beach,2020-12,276,7.173256130904456,6.109039351851852,6.759190797048936,0.012858796296296297,30.957002314814815,682446,257.590405904059,LA_Long_Beach,31,31
NY_NJ,2020-12,257,4.090689625666522,1.7519444444444445,6.175967097350081,0.0,29.015833333333333,89518,244.3201581027668,NY_NJ,31,31
Savannah,2020-12,152,2.100663986354776,1.2027083333333333,3.5802850604061875,0.05023148148148148,26.559201388888887,119144,267.68243243243245,Savannah,31,31
Seattle,2020-12,120,4.874391493055556,1.9321412037037038,7.224129115243782,0.0,30.998877314814816,105048,251.44166666666666,Seattle,31,31
Houston,2021-01,309,3.5578342997123333,1.8309143518518518,5.46861657669786,0.0023148148148148147,29.681180555555557,68118,189.8835616438356,Houston,25,31
LA_Long_Beach,2021-01,260,6.415040509259259,4.148923611111112,6.377315438501448,0.058819444444444445,30.998668981481483,565479,258.0118577075099,LA_Long_Beach,25,31
NY_NJ,2021-01,213,2.9986898474178405,1.3450925925925925,5.110190871236919,0.017060185185185185,30.48920138888889,58483,235.69230769230768,NY_NJ,25,31
Savannah,2021-01,136,1.988953142020697,1.1186979166666666,3.371103548353898,0.0,25.69871527777778,100809,260.8074074074074,Savannah,25,31
Seattle,2021-01,103,4.642086142574613,1.8459027777777777,6.751992376671529,0.001574074074074074,30.98440972222222,87879,246.8019801980198,Seattle,25,31
Houston,2021-02,273,3.976932912766246,1.9415509259259258,5.437944875719851,0.022916666666666665,26.941145833333334,72771,187.70498084291188,Houston,28,28
LA_Long_Beach,2021-02,252,6.738846037257495,5.180295138888889,6.044844863022375,0.02150462962962963,27.998564814814817,663376,248.66129032258064,LA_Long_Beach,28,28
NY_NJ,2021-02,221,3.151667609351433,1.609398148148148,4.9472651742556275,0.01474537037037037,26.34486111111111,56965,243.09722222222223,NY_NJ,28,28
Savannah,2021-02,130,1.6967914886039885,1.2808564814814813,2.003089688150157,0.0,18.96752314814815,109033,261.828125,Savannah,28,28
Seattle,2021-02,100,5.070569444444445,2.0621643518518518,6.838442404907868,0.0068865740740740745,27.99792824074074,88787,241.80612244897958,Seattle,28,28
Houston,2021-03,350,4.625761838624339,2.0339872685185183,6.230692089688325,0.005543981481481481,28.58369212962963,82087,187.29573170731706,Houston,31,31
LA_Long_Beach,2021-03,304,6.228676215277778,3.7123032407407406,6.656706413960287,0.013078703703703703,30.999837962962964,700489,251.8758389261745,LA_Long_Beach,31,31
NY_NJ,2021-03,292,3.4398032803779808,1.588929398148148,5.388864569139532,0.0,30.104699074074073,110692,238.32404181184668,NY_NJ,31,31
Savannah,2021-03,169,1.8076345058075827,1.3091087962962964,2.6754190795552835,0.022372685185185186,28.38715277777778,134470,263.98802395209583,Savannah,31,31
Seattle,2021-03,133,4.043049115845168,1.7687847222222222,6.356130278611055,0.0,30.99798611111111,116457,244.82442748091603,Seattle,31,31
Houston,2021-04,459,4.2473139322601465,2.3140162037037038,5.698263225393892,0.0009375,29.868495370370372,110207,192.49202733485194,Houston,30,30
LA_Long_Beach,2021-04,376,6.9184181996158385,5.050092592592593,6.718687755715479,0.0875462962962963,29.998738425925925,1057831,257.54594594594596,LA_Long_Beach,30,30
NY_NJ,2021-04,310,3.629526247013142,1.692158564814815,5.722834651999877,0.01597222222222222,29.14287037037037,99333,245.70723684210526,NY_NJ,30,30
Savannah,2021-04,199,2.24130275218686,1.497025462962963,3.8296575218786684,0.006469907407407408,28.581203703703704,172237,262.1384615384615,Savannah,30,30
Seattle,2021-04,143,5.454136800699301,2.497476851851852,7.545875568193956,0.0007754629629629629,29.999444444444446,186853,247.65248226950354,Seattle,30,30
Houston,2021-05,478,4.709962759569192,2.5319560185185184,5.920601977653779,0.00474537037037037,28.847673611111112,125353,192.33774834437085,Houston,31,31
LA_Long_Beach,2021-05,369,7.021814243952624,5.442465277777778,6.660550726474663,0.022928240740740742,30.99894675925926,1014784,260.6277777777778,LA_Long_Beach,31,31
NY_NJ,2021-05,339,3.147224851141702,1.6081597222222221,5.066683508864617,0.015219907407407408,28.7609375,134462,245.1265060240964,NY_NJ,31,31
Savannah,2021-05,201,2.4693831767090475,1.4459259259259258,4.1379542338637565,0.009618055555555555,27.93238425925926,181310,260.81909547738695,Savannah,31,31
Seattle,2021-05,140,5.072274222883598,2.162476851851852,7.4329046810443975,0.005335648148148148,30.99877314814815,162544,245.77857142857144,Seattle,31,31
Houston,2021-06,476,4.5274074803532525,2.485005787037037,5.540189567837982,0.0,28.796203703703704,115088,191.0421286031042,Houston,30,30
LA_Long_Beach,2021-06,394,6.178391291831171,4.089594907407408,6.272559612610005,0.0008217592592592593,29.998819444444443,915908,251.88688946015424,LA_Long_Beach,30,30
NY_NJ,2021-06,318,3.2255102783601215,1.4977835648148148,5.352666355970281,0.013842592592592592,29.424652777777776,106507,246.37942122186496,NY_NJ,30,30
Savannah,2021-06,184,2.0187553467190016,1.2730787037037037,3.136498274611915,0.02082175925925926,22.264340277777777,154315,262.0824175824176,Savannah,30,30
Seattle,2021-06,136,4.974343426606754,2.282552083333333,6.926241973804184,0.0,29.999537037037037,159732,247.74814814814815,Seattle,30,30
Houston,2021-07,487,4.397572914290061,2.193773148148148,5.774288962820048,0.0,29.050289351851852,126460,189.18924731182796,Houston,30,31
LA_Long_Beach,2021-07,380,7.080534722222222,4.990920138888889,6.9954213653182915,0.037037037037037035,30.577824074074073,990852,256.848,LA_Long_Beach,30,31
NY_NJ,2021-07,292,3.4195710457889397,1.2161111111111111,5.9901708221136625,0.00474537037037037,30.233055555555556,86409,248.89084507042253,NY_NJ,30,31
Savannah,2021-07,191,2.2119516555167733,1.326701388888889,3.8644115214909873,0.09152777777777778,28.371585648148148,158457,259.50531914893617,Savannah,30,31
Seattle,2021-07,140,5.221060929232804,2.0886805555555554,7.605106878159903,0.0052893518518518515,30.999444444444446,139170,244.25899280575538,Seattle,30,31
Houston,2021-08,491,4.565455702647658,2.6111921296296297,5.884555072325631,0.026747685185185187,30.998287037037038,125015,190.44516129032257,Houston,31,31
LA_Long_Beach,2021-08,365,7.226658770928463,5.599583333333333,6.552957451640679,0.000787037037037037,29.995497685185185,1093597,256.20168067226894,LA_Long_Beach,31,31
NY_NJ,2021-08,346,3.4786529249625344,1.740607638888889,5.306283761382234,0.0,30.199328703703703,119184,243.24633431085044,NY_NJ,31,31
Savannah,2021-08,201,1.91202045328911,1.4927777777777778,2.2282918950848742,0.04908564814814815,22.0753125,174848,256.3248730964467,Savannah,31,31
Seattle,2021-08,109,5.419722328406388,2.7133564814814815,7.338536180416274,0.0,30.99939814814815,108816,248.46728971962617,Seattle,31,31
Houston,2021-09,477,4.405262248621787,2.258159722222222,5.583941286557432,0.024988425925925924,29.63710648148148,111316,188.42197802197802,Houston,30,30
LA_Long_Beach,2021-09,410,7.058939843044263,4.525931712962963,6.942549486313683,0.03715277777777778,29.99806712962963,1173573,252.64231738035264,LA_Long_Beach,30,30
NY_NJ,2021-09,335,3.245324834162521,1.6269675925925926,4.977176465693354,0.01337962962962963,29.321770833333332,116089,241.78247734138972,NY_NJ,30,30
Savannah,2021-09,196,2.1196259093915346,1.497494212962963,2.754586135646979,0.0,21.42630787037037,176476,254.6321243523316,Savannah,30,30
Seattle,2021-09,118,4.8805882179849345,2.633709490740741,6.319250593122678,0.002951388888888889,29.87480324074074,127014,235.24786324786325,Seattle,30,30
Houston,2021-10,495,4.785661826599326,2.422638888888889,6.02145548034788,0.0,30.48241898148148,131523,190.29237288135593,Houston,31,31
LA_Long_Beach,2021-10,373,7.730778162545923,5.012858796296296,7.890177195062665,0.01840277777777778,30.99890046296296,1109505,253.04395604395606,LA_Long_Beach,31,31
NY_NJ,2021-10,311,3.2786447912945103,1.3413310185185185,5.832801850542878,0.01423611111111111,29.80519675925926,107434,248.65016501650166,NY_NJ,31,31
Savannah,2021-10,202,2.5024258571690505,1.563859953703704,3.9861706382622137,0.21438657407407408,28.81715277777778,193709,253.52,Savannah,31,31
Seattle,2021-10,136,4.575774867238562,2.726799768518519,6.039145857049406,0.006736111111111111,28.851863425925927,111413,244.38805970149255,Seattle,31,31
Houston,2021-11,484,4.525181574265382,2.5490856481481483,5.643118834039935,0.003136574074074074,28.42662037037037,101851,190.2198275862069,Houston,30,30
LA_Long_Beach,2021-11,386,7.068326976587987,3.525804398148148,7.823582929870819,0.0024189814814814816,29.999050925925925,1013000,253.728,LA_Long_Beach,30,30
NY_NJ,2021-11,302,3.2955040087687024,1.6004976851851853,5.451751683806763,0.011712962962962963,29.46726851851852,129095,243.55704697986576,NY_NJ,30,30
Savannah,2021-11,190,2.032522478070175,1.5478993055555557,2.1845367002708143,0.00636574074074074,22.142662037037038,166713,246.4255319148936,Savannah,30,30
Seattle,2021-11,126,5.096175227807172,2.039681712962963,6.632964691837817,0.0,27.636979166666666,124253,236.62698412698413,Seattle,30,30
Houston,2021-12,492,4.23971862296748,2.3810532407407408,5.487825215930036,0.020023148148148148,30.774143518518517,120667,185.04449152542372,Houston,31,31
LA_Long_Beach,2021-12,354,7.3314394682464945,4.470584490740741,8.1971139144939,0.2342824074074074,30.999837962962964,958894,252.89913544668588,LA_Long_Beach,31,31
NY_NJ,2021-12,320,3.809701497395833,1.7464409722222223,5.893527762231211,0.014976851851851852,30.99974537037037,151151,249.04430379746836,NY_NJ,31,31
Savannah,2021-12,191,2.3267767718634866,1.479537037037037,3.481339289001935,0.11802083333333334,28.702407407407406,176702,246.92631578947368,Savannah,31,31
Seattle,2021-12,116,6.123307291666666,2.7966956018518516,8.14234089192,0.0014699074074074074,30.999074074074073,202204,237.2844827586207,Seattle,31,31
Houston,2022-01,502,4.6641119319020214,2.480949074074074,6.081118197527633,0.0008101851851851852,30.54835648148148,108027,188.09484536082473,Houston,31,31
LA_Long_Beach,2022-01,358,6.455645044485826,3.8926736111111113,7.061791872010892,0.0015046296296296296,30.999641203703703,540867,253.53757225433526,LA_Long_Beach,31,31
NY_NJ,2022-01,296,3.2837204782907907,1.483153935185185,5.5363949107105555,0.0,30.998819444444443,117593,246.13993174061434,NY_NJ,31,31
Savannah,2022-01,181,2.2992254962144463,1.674537037037037,2.6489996384774566,0.004849537037037037,21.697847222222222,162859,245.87640449438203,Savannah,31,31
Seattle,2022-01,116,6.94080160440613,3.5926678240740744,8.297216882536556,0.0014583333333333334,30.998483796296295,157663,226.97413793103448,Seattle,31,31
Houston,2022-02,465,4.135057945041816,2.32255787037037,5.236901970039881,0.004675925925925926,27.366215277777776,98188,192.00884955752213,Houston,28,28
LA_Long_Beach,2022-02,356,5.869796023200166,4.1454050925925925,5.653251381452064,0.030081018518518517,27.99940972222222,645150,252.04034582132564,LA_Long_Beach,28,28
NY_NJ,2022-02,296,3.5505472269144143,1.7964872685185185,5.511422103418821,0.0061342592592592594,27.997337962962963,121501,246.44557823129253,NY_NJ,28,28
Savannah,2022-02,158,2.3742221929207687,1.531903935185185,3.4748564218294815,0.05357638888888889,24.040844907407408,137371,249.9620253164557,Savannah,28,28
Seattle,2022-02,115,5.602182769726248,2.903935185185185,7.188028995902172,0.002210648148148148,27.998622685185186,110301,234.9391304347826,Seattle,28,28
Houston,2022-03,539,4.1637492054902765,2.1796527777777777,5.654367271330638,0.0023148148148148147,30.80806712962963,136182,190.23552123552125,Houston,31,31
LA_Long_Beach,2022-03,383,6.038318344454115,4.459745370370371,6.061448696754444,0.0,30.999814814814815,748643,253.48787061994608,LA_Long_Beach,31,31
NY_NJ,2022-03,327,3.5342945124023104,1.6015277777777779,5.597446896495753,0.011064814814814816,30.99920138888889,126847,246.70278637770897,NY_NJ,31,31
Savannah,2022-03,188,2.1739293365839245,1.6082696759259258,2.820892606416404,0.11017361111111111,25.92761574074074,180419,238.88172043010752,Savannah,31,31
Seattle,2022-03,122,5.534280130540376,2.0548668981481484,7.928220205837853,0.002361111111111111,30.998483796296295,105048,234.900826446281,Seattle,31,31
Houston,2022-04,528,4.129048668104658,2.308993055555556,5.103267956277067,0.0,27.81226851851852,120557,189.1029702970297,Houston,30,30
LA_Long_Beach,2022-04,366,6.338471874367537,4.105607638888889,6.587525708463248,0.007997685185185186,29.999791666666667,767533,248.77683615819208,LA_Long_Beach,30,30
NY_NJ,2022-04,323,3.5875367288728355,1.6357291666666667,5.756925552821055,0.011921296296296296,29.99832175925926,130588,243.0,NY_NJ,30,30
Savannah,2022-04,185,2.5244147897897897,1.6080208333333332,4.1214191329378975,0.012453703703703703,28.87275462962963,179946,244.61325966850828,Savannah,30,30
Seattle,2022-04,121,5.136648875114784,2.2735069444444442,7.296190262613927,0.007511574074074074,29.99939814814815,136496,237.0924369747899,Seattle,30,30
Houston,2022-05,526,4.255395740916772,2.3124131944444444,5.616327401326012,0.0032291666666666666,28.273136574074073,131437,190.03571428571428,Houston,31,31
LA_Long_Beach,2022-05,373,5.682900469168901,3.9996296296296294,6.194095118565158,0.04155092592592593,30.998645833333335,713825,251.38964577656677,LA_Long_Beach,31,31
NY_NJ,2022-05,334,3.366828599744955,1.7427083333333333,5.515006974621361,0.002627314814814815,30.997175925925927,141138,237.2030303030303,NY_NJ,31,31
Savannah,2022-05,190,2.5616848806042887,1.7108564814814815,3.963206571181735,0.03810185185185185,30.99837962962963,186322,248.62702702702703,Savannah,31,31
Seattle,2022-05,139,5.446807553956835,2.2088194444444444,7.5687775359190175,0.0,30.998078703703705,158496,237.34057971014494,Seattle,31,31
Houston,2022-06,521,4.265639395393475,2.161550925925926,5.752989910639995,0.02224537037037037,28.570324074074072,126455,190.40080160320642,Houston,30,30
LA_Long_Beach,2022-06,374,5.549792285601109,3.7347395833333334,6.152247168650994,0.0,29.999583333333334,615606,249.58152173913044,LA_Long_Beach,30,30
NY_NJ,2022-06,328,3.5642763380758806,1.4877604166666667,6.090953736733925,0.0,29.995844907407406,121025,240.01547987616098,NY_NJ,30,30
Savannah,2022-06,195,2.4752369420702753,1.6688773148148148,3.152309217912193,0.02141203703703704,22.397164351851853,197569,244.265625,Savannah,30,30
Seattle,2022-06,123,5.025896473200843,1.8798611111111112,7.458689385873592,0.005960648148148148,29.999444444444446,132122,236.9016393442623,Seattle,30,30
Houston,2022-07,498,4.228259008255243,2.201903935185185,5.618365985931592,0.0008333333333333334,30.416527777777777,122743,189.9539748953975,Houston,31,31
LA_Long_Beach,2022-07,394,5.556139018142508,3.305931712962963,6.56081315980742,0.0016203703703703703,30.999537037037037,765216,247.9222797927461,LA_Long_Beach,31,31
NY_NJ,2022-07,326,3.430256191774597,1.6396354166666667,5.563710798715393,0.01576388888888889,30.99837962962963,132738,242.03384615384616,NY_NJ,31,31
Savannah,2022-07,190,2.4652324561403507,1.5363078703703703,3.84449103926597,0.0,29.10474537037037,175956,249.35978835978835,Savannah,31,31
Seattle,2022-07,115,4.25507387278583,1.7055671296296295,7.376815429834944,0.0007523148148148148,30.99775462962963,81013,239.17391304347825,Seattle,31,31
Houston,2022-08,516,4.46836197692363,2.566122685185185,5.570332385831999,0.0,28.027893518518518,122399,191.3807615230461,Houston,31,31
LA_Long_Beach,2022-08,353,5.651620042492918,3.4767824074074074,6.658736242751023,0.010983796296296297,30.99877314814815,776822,252.07714285714286,LA_Long_Beach,31,31
NY_NJ,2022-08,354,3.154121808955849,1.634525462962963,5.000323645820566,0.014212962962962964,30.68429398148148,132748,240.68,NY_NJ,31,31
Savannah,2022-08,206,2.390701298993168,1.645596064814815,3.064928323375508,0.06122685185185185,22.39986111111111,189110,248.97014925373134,Savannah,31,31
Seattle,2022-08,122,4.585583162568305,2.061001157407407,7.1636578187753335,0.0,30.999375,117300,241.44262295081967,Seattle,31,31
Houston,2022-09,498,4.389704698423323,2.3745833333333333,5.550886692260902,0.0024189814814814816,27.64496527777778,126258,191.8713692946058,Houston,30,30
LA_Long_Beach,2022-09,340,5.425013752723312,3.0579050925925926,6.80341936724975,0.010185185185185186,29.998622685185186,688131,248.64156626506025,LA_Long_Beach,30,30
NY_NJ,2022-09,329,3.2855238235956326,1.622650462962963,5.372472802687983,0.013125,29.40486111111111,118123,243.70679012345678,NY_NJ,30,30
Savannah,2022-09,169,2.3825135601577907,1.6815162037037037,2.781996135646196,0.057152777777777775,22.289050925925928,167074,251.15243902439025,Savannah,30,30
Seattle,2022-09,104,5.1513133235398865,2.1825115740740744,7.714986150874616,0.00375,29.998101851851853,105679,243.20388349514562,Seattle,30,30
Houston,2022-10,524,4.5613632006290645,2.258582175925926,5.793364391792092,0.01574074074074074,28.984386574074072,136882,187.24404761904762,Houston,31,31
LA_Long_Beach,2022-10,345,5.03377744229737,2.861365740740741,6.468746933552018,0.03871527777777778,30.998703703703704,652816,245.51488095238096,LA_Long_Beach,31,31
NY_NJ,2022-10,327,3.4073057891607204,1.7419560185185186,5.188799996775453,0.009756944444444445,29.40391203703704,122576,246.82407407407408,NY_NJ,31,31
Savannah,2022-10,190,2.6377302631578945,1.668738425925926,3.961111117508003,0.0,26.81565972222222,202228,248.6577540106952,Savannah,31,31
Seattle,2022-10,130,4.787087962962963,2.0713136574074076,6.907863658692666,0.0007523148148148148,30.998125,108705,239.859375,Seattle,31,31
Houston,2022-11,471,4.463051181489345,2.2569560185185185,6.056990828436611,0.005555555555555556,29.17045138888889,124986,190.85267857142858,Houston,29,30
LA_Long_Beach,2022-11,323,4.953735093452585,2.944988425925926,6.2058337574467,0.04913194444444444,29.9990625,607714,248.0859872611465,LA_Long_Beach,29,30
NY_NJ,2022-11,314,3.2809051736848316,1.5122743055555556,5.513071072486918,0.0,29.401354166666668,109419,246.928338762215,NY_NJ,29,30
Savannah,2022-11,198,2.378153116816311,1.5838541666666668,3.552865302511854,0.05460648148148148,28.70917824074074,191741,249.07253886010363,Savannah,29,30
Seattle,2022-11,125,5.30840425925926,1.638113425925926,7.893780258187165,0.00636574074074074,29.99802083333333,139851,237.34959349593495,Seattle,29,30
Houston,2022-12,509,4.394983286946081,2.6238657407407406,5.786056552340278,0.01849537037037037,29.799583333333334,118687,189.44123711340205,Houston,30,31
LA_Long_Beach,2022-12,320,5.310571216724537,3.0546354166666667,6.736991023349713,0.010405092592592593,30.9990625,646340,249.9903846153846,LA_Long_Beach,30,31
NY_NJ,2022-12,328,3.329972229279585,1.4164872685185186,5.830297184187154,0.01646990740740741,29.553402777777777,108911,240.05919003115264,NY_NJ,30,31
Savannah,2022-12,195,2.4017109449192784,1.4767939814814814,3.9203194255626337,0.1439236111111111,29.413275462962964,179550,259.4736842105263,Savannah,30,31
Seattle,2022-12,126,4.6957851998824225,1.5867013888888888,7.87572704885182,0.0,30.99943287037037,166967,234.41129032258064,Seattle,30,31
Houston,2023-01,495,4.474936775158998,2.3166782407407407,5.7467173383157135,0.0024189814814814816,28.443703703703704,118441,190.87949260042282,Houston,31,31
LA_Long_Beach,2023-01,316,5.637074469643694,3.4535416666666667,6.484960674541807,0.0061342592592592594,30.998668981481483,680460,253.33548387096775,LA_Long_Beach,31,31
NY_NJ,2023-01,333,3.467774441107774,1.4294560185185186,5.6385560057030455,0.015844907407407408,30.99900462962963,136305,244.63302752293578,NY_NJ,31,31
Savannah,2023-01,193,2.253777286029553,1.4356018518518519,2.998338343002213,0.06886574074074074,21.983854166666667,194303,260.0785340314136,Savannah,31,31
Seattle,2023-01,128,5.66289722583912,2.4048148148148147,7.821687130237818,0.0007638888888888889,30.999537037037037,174497,229.79527559055117,Seattle,31,31
Houston,2023-02,428,3.9095965569833853,2.085804398148148,5.299666487698676,0.003923611111111111,26.261712962962964,102055,192.97815533980582,Houston,27,28
LA_Long_Beach,2023-02,272,4.96860847290305,2.996296296296296,5.904146821020688,0.05296296296296296,26.999895833333333,522033,247.70149253731344,LA_Long_Beach,27,28
NY_NJ,2023-02,307,3.128551657316926,1.3545833333333333,4.94775230514419,0.01576388888888889,26.374733796296297,117210,241.30263157894737,NY_NJ,27,28
Savannah,2023-02,178,2.1103174417394923,1.483287037037037,2.280683793059671,0.32738425925925924,15.078703703703704,174113,257.75141242937855,Savannah,27,28
Seattle,2023-02,99,4.8246471661055,2.322175925925926,6.886465854581219,0.0015162037037037036,26.999537037037037,111702,231.15463917525773,Seattle,27,28
Houston,2023-03,552,4.501602023785561,2.208605324074074,6.358222322651186,0.005543981481481481,30.308321759259258,124459,193.1875,Houston,31,31
LA_Long_Beach,2023-03,373,4.573127823701718,2.3718981481481483,6.399179963237844,0.0,30.999351851851852,654948,240.6693989071038,LA_Long_Beach,31,31
NY_NJ,2023-03,314,3.456452914897381,1.2887905092592593,5.783354415849027,0.006469907407407408,29.75880787037037,104594,239.44193548387096,NY_NJ,31,31
Savannah,2023-03,193,2.1193131116868162,1.2948032407407408,3.9285057643032135,0.04237268518518519,28.410069444444446,155476,256.67195767195767,Savannah,31,31
Seattle,2023-03,115,4.997968397745572,1.7644791666666666,8.27034275865615,0.0,30.99976851851852,147223,228.44736842105263,Seattle,31,31
Houston,2023-04,540,4.004490890775035,2.1067476851851854,5.500811769560033,0.0,29.657083333333333,120834,191.29841897233203,Houston,30,30
LA_Long_Beach,2023-04,459,4.841872150609215,2.438576388888889,6.547694006233894,0.0,29.999340277777776,657527,254.56347438752783,LA_Long_Beach,30,30
NY_NJ,2023-04,377,3.1731194739168878,1.2943287037037037,5.509032714495403,0.0,29.996342592592594,129964,240.28686327077747,NY_NJ,30,30
Savannah,2023-04,232,1.7048562719508302,1.1175983796296296,2.9845120542919896,0.0,22.36324074074074,158814,261.471615720524,Savannah,30,30
Seattle,2023-04,150,4.099896296296296,1.6113252314814814,6.489542157728628,0.006111111111111111,29.999305555555555,145509,234.5704697986577,Seattle,30,30
Houston,2023-05,502,4.291098315073041,2.325925925925926,5.3171967352718,0.0031134259259259257,29.923472222222223,120978,190.22431865828094,Houston,31,31
LA_Long_Beach,2023-05,340,5.073415373093682,3.1018634259259263,6.619743759095808,0.0,30.99858796296296,655483,252.23880597014926,LA_Long_Beach,31,31
NY_NJ,2023-05,349,3.46867458611907,1.3975347222222223,5.852099669842342,0.01574074074074074,30.99884259259259,159702,240.28862973760934,NY_NJ,31,31
Savannah,2023-05,211,2.3286296515710023,1.449699074074074,3.8436774262753217,0.0030092592592592593,28.56349537037037,185375,248.37980769230768,Savannah,31,31
Seattle,2023-05,117,4.990404004431783,2.2024305555555554,7.346761084784354,0.0,30.999039351851852,139769,240.36752136752136,Seattle,31,31
Houston,2023-06,485,4.165829610538373,2.2439583333333335,5.577908638698571,0.009479166666666667,29.037037037037038,109145,193.06609808102345,Houston,30,30
LA_Long_Beach,2023-06,336,4.887617394179894,2.9705671296296297,6.007738205274492,0.0028935185185185184,29.999791666666667,648769,254.484756097561,LA_Long_Beach,30,30
NY_NJ,2023-06,333,3.688879921588255,1.6424652777777777,5.752707493687798,0.015543981481481482,29.997627314814814,134452,238.86461538461538,NY_NJ,30,30
Savannah,2023-06,189,2.5224894669802076,1.3741550925925925,4.255989150313018,0.013912037037037037,28.40775462962963,154089,259.06451612903226,Savannah,30,30
Seattle,2023-06,111,5.632696237904571,2.6901967592592593,7.607758188364541,0.0,29.999618055555555,114691,239.651376146789,Seattle,30,30
Houston,2023-07,517,4.4139582437853715,2.203310185185185,6.087204865522323,0.0010532407407407407,30.71931712962963,122090,192.57287449392712,Houston,31,31
LA_Long_Beach,2023-07,328,5.084933943089431,3.051759259259259,6.401407180637593,0.03309027777777778,30.999259259259258,651743,252.62928348909657,LA_Long_Beach,31,31
NY_NJ,2023-07,356,3.4637887861527257,1.4264988425925926,5.749247276877031,0.014618055555555556,30.997210648148148,148534,243.79942693409743,NY_NJ,31,31
Savannah,2023-07,208,2.4195985243055556,1.3451620370370372,4.041008591593189,0.09003472222222222,26.35857638888889,194545,266.320197044335,Savannah,31,31
Seattle,2023-07,111,5.0716517559225895,2.1583680555555556,7.425125245760119,0.0008333333333333334,30.998969907407407,92883,238.44545454545454,Seattle,31,31
Houston,2023-08,502,4.603019357754168,2.222210648148148,5.980388689972891,0.021736111111111112,29.808842592592594,121598,192.98136645962734,Houston,31,31
LA_Long_Beach,2023-08,338,5.16536783640149,3.0795601851851853,6.415696801759471,0.1,30.999849537037036,643027,251.26666666666668,LA_Long_Beach,31,31
NY_NJ,2023-08,347,3.5427599330238015,1.3874768518518519,6.165267324719965,0.0007638888888888889,30.998599537037038,135491,241.77101449275364,NY_NJ,31,31
Savannah,2023-08,184,2.221755988325282,1.3067650462962963,3.8949684326567793,0.07288194444444444,28.7459375,158883,268.9340659340659,Savannah,31,31
Seattle,2023-08,102,4.957649214778504,1.9460474537037036,7.366211940387795,0.007638888888888889,30.999756944444446,95092,236.2929292929293,Seattle,31,31
Houston,2023-09,479,4.7906745341374775,2.4105439814814815,6.469110123963149,0.02171296296296296,29.64630787037037,117335,191.90280777537797,Houston,30,30
LA_Long_Beach,2023-09,329,4.796542095857256,2.994733796296296,5.992497937248297,0.04560185185185185,29.997916666666665,644970,252.80373831775702,LA_Long_Beach,30,30
NY_NJ,2023-09,351,3.6337715653687876,1.4628472222222222,5.951326563132062,0.014097222222222223,29.182233796296295,137452,237.84593023255815,NY_NJ,30,30
Savannah,2023-09,195,2.518442485754986,1.4416435185185186,4.195355415765707,0.37222222222222223,29.202453703703704,178083,260.2916666666667,Savannah,30,30
Seattle,2023-09,128,5.021379575376158,1.855324074074074,7.752042486601264,0.006736111111111111,29.999525462962964,104129,246.0079365079365,Seattle,30,30
Houston,2023-10,510,4.195108909767611,2.353761574074074,5.418830843757607,0.0,29.208310185185184,125796,193.41717791411043,Houston,31,31
LA_Long_Beach,2023-10,317,4.974143737586166,2.989189814814815,6.541327260548791,0.026493055555555554,30.999918981481482,617335,249.60576923076923,LA_Long_Beach,31,31
NY_NJ,2023-10,346,3.3966546577285377,1.372210648148148,5.716897166295196,0.0,29.99412037037037,142427,244.57771260997066,NY_NJ,31,31
Savannah,2023-10,205,2.1559015356820237,1.362337962962963,3.4746193076480347,0.05447916666666667,26.035949074074075,164291,271.5678391959799,Savannah,31,31
Seattle,2023-10,130,4.824441595441595,2.405636574074074,6.567928113954017,0.00474537037037037,30.998252314814813,106733,241.01574803149606,Seattle,31,31
Houston,2023-11,478,4.704344636215714,2.4372743055555555,5.912564658829614,0.020127314814814813,28.812638888888888,112968,193.4391304347826,Houston,30,30
LA_Long_Beach,2023-11,317,5.365827235950461,3.1302777777777777,6.882539180639474,0.03719907407407407,29.998738425925925,632440,252.93247588424438,LA_Long_Beach,30,30
NY_NJ,2023-11,298,3.40331857444693,1.4171296296296296,5.851233709849192,0.011747685185185186,29.18003472222222,102241,244.58249158249157,NY_NJ,30,30
Savannah,2023-11,195,1.8352021604938273,1.2026041666666667,2.4673764712578867,0.1411574074074074,20.932650462962965,148976,260.90625,Savannah,30,30
Seattle,2023-11,123,5.055722391598916,2.2092708333333335,7.214925956818471,0.0024189814814814816,29.99946759259259,122967,236.02479338842974,Seattle,30,30
Houston,2023-12,516,4.262932233347689,2.2768460648148148,5.658854477657672,0.008900462962962962,30.289930555555557,117691,195.90485829959513,Houston,31,31
LA_Long_Beach,2023-12,314,5.358553646201934,3.1775,7.036901786001155,0.0444212962962963,30.999375,664087,254.19543973941367,LA_Long_Beach,31,31
NY_NJ,2023-12,314,3.8498294482778954,1.5983333333333334,6.5273574755614066,0.00636574074074074,30.7353125,153196,240.44155844155844,NY_NJ,31,31
Savannah,2023-12,187,2.7237086551792435,1.5190972222222223,4.143521717907998,0.026851851851851852,25.991446759259258,175392,262.82065217391306,Savannah,31,31
Seattle,2023-12,128,5.263313169126158,2.2386284722222225,7.644343916662665,0.0032291666666666666,30.99943287037037,154889,231.8951612903226,Seattle,31,31
Houston,2024-01,507,4.146116133391774,2.297974537037037,5.689425278856912,0.005578703703703704,30.605625,116237,195.0216962524655,Houston,31,31
LA_Long_Beach,2024-01,344,4.835304054963394,2.760219907407407,6.248882374487425,0.0,30.998738425925925,634853,256.0436046511628,LA_Long_Beach,31,31
NY_NJ,2024-01,311,3.879011886685721,1.3719212962962963,6.656627661704745,0.0,30.999293981481483,170351,242.443729903537,NY_NJ,31,31
Savannah,2024-01,202,2.7041109735973596,1.5231539351851853,4.493363219180148,0.14634259259259258,28.47511574074074,184940,256.3910891089109,Savannah,31,31
Seattle,2024-01,132,5.5319974046015705,1.8982175925925926,8.411980851337773,0.0015162037037037036,30.999930555555554,175457,234.12121212121212,Seattle,31,31
Houston,2024-02,511,4.28309415090237,2.3222800925925924,5.422508858602494,0.0,28.388171296296296,121730,197.45401174168296,Houston,29,29
LA_Long_Beach,2024-02,325,4.972721830484331,3.0007291666666664,6.104279379923594,0.030243055555555554,28.999479166666667,650035,249.02461538461537,LA_Long_Beach,29,29
NY_NJ,2024-02,305,3.8690561247723134,1.4256597222222223,6.385861400676718,0.0,28.999537037037037,175315,243.70491803278688,NY_NJ,29,29
Savannah,2024-02,198,2.335228091096147,1.4486516203703703,3.903959341996385,0.01792824074074074,28.808819444444445,181619,258.8939393939394,Savannah,29,29
Seattle,2024-02,132,5.0379856726992145,2.229021990740741,6.990433284562432,0.0008217592592592593,28.99337962962963,149458,227.1439393939394,Seattle,29,29
Houston,2024-03,519,4.239344514914722,2.3878935185185184,5.197990165253217,0.009375,30.00640046296296,121041,193.34489402697494,Houston,31,31
LA_Long_Beach,2024-03,335,5.3289893587617465,3.110150462962963,6.851983995708692,0.0791550925925926,30.99912037037037,663032,247.08358208955224,LA_Long_Beach,31,31
NY_NJ,2024-03,316,3.8378972178270043,1.5313020833333333,6.249910012698727,0.005335648148148148,30.997511574074075,144261,240.25316455696202,NY_NJ,31,31
Savannah,2024-03,201,2.7220087640501194,1.473449074074074,4.171685389861144,0.018113425925925925,28.822199074074074,194182,255.07462686567163,Savannah,31,31
Seattle,2024-03,131,5.207422780605032,1.9711805555555555,7.775044593850992,0.005543981481481481,30.998599537037038,109487,229.48091603053436,Seattle,31,31
Houston,2024-04,518,4.003550336050337,2.2144212962962966,5.314849175846601,0.022569444444444444,28.419953703703705,116062,194.07350096711798,Houston,30,30
LA_Long_Beach,2024-04,333,4.842519429151373,3.0844328703703705,6.129759682526861,0.02502314814814815,29.99678240740741,608564,250.46546546546546,LA_Long_Beach,30,30
NY_NJ,2024-04,326,3.6679237673256075,1.607662037037037,5.831306383515148,0.0,29.99824074074074,146662,236.3664596273292,NY_NJ,30,30
Savannah,2024-04,203,2.745443406768838,1.3476273148148148,4.665846433601741,0.32885416666666667,29.145960648148147,185838,256.76847290640393,Savannah,30,30
Seattle,2024-04,132,4.550206842732885,2.21296875,6.8999530161161875,0.0022916666666666667,29.998090277777777,138763,233.38636363636363,Seattle,30,30
Houston,2024-05,527,4.489843651170145,2.457013888888889,5.5538814141658515,0.026956018518518518,29.48894675925926,139954,194.39196940726578,Houston,31,31
LA_Long_Beach,2024-05,338,5.050548022134561,2.9254398148148146,6.704951942700241,0.038796296296296294,30.999305555555555,654141,248.00597014925373,LA_Long_Beach,31,31
NY_NJ,2024-05,343,4.008461491739554,1.4786226851851851,6.634515101082107,0.003958333333333334,30.998391203703704,187928,242.5794117647059,NY_NJ,31,31
Savannah,2024-05,200,2.7925319444444443,1.4104687500000002,5.010570263546195,0.0580787037037037,30.240914351851853,191084,263.3838383838384,Savannah,31,31
Seattle,2024-05,133,5.7702074631022,2.606377314814815,8.070765156497748,0.0032291666666666666,30.999328703703704,158739,231.82575757575756,Seattle,31,31
Houston,2024-06,514,4.260302029290965,2.3726041666666666,5.257511212328769,0.02546296296296296,29.99653935185185,122320,194.15748031496062,Houston,30,30
LA_Long_Beach,2024-06,342,4.5189686552414985,2.9066319444444444,5.726296060358149,0.0,29.999293981481483,639306,255.73607038123168,LA_Long_Beach,30,30
NY_NJ,2024-06,321,3.6444744432906426,1.4603819444444444,6.068215790867237,0.0,29.82357638888889,160136,238.2884012539185,NY_NJ,30,30
Savannah,2024-06,202,2.332294531536487,1.3289814814814815,3.4435068855662805,0.22003472222222223,22.20212962962963,179722,256.4059405940594,Savannah,30,30
Seattle,2024-06,125,5.731220370370371,2.373125,7.710735439389052,0.004583333333333333,29.999571759259258,171203,231.632,Seattle,30,30
Houston,2024-07,471,5.182988814185736,2.5841203703703703,6.558561456713682,0.0,30.052534722222223,118861,194.62820512820514,Houston,31,31
LA_Long_Beach,2024-07,399,4.616361766685231,2.838113425925926,5.850891495470845,0.0016203703703703703,30.999479166666667,726766,252.11083123425692,LA_Long_Beach,31,31
NY_NJ,2024-07,348,3.7422992164218813,1.7070659722222223,6.1528241463730255,0.014907407407407407,30.997465277777778,179760,238.27745664739885,NY_NJ,31,31
Savannah,2024-07,214,2.4501660392869504,1.3040625,3.942697690718904,0.0007638888888888889,28.287465277777777,204679,260.3474178403756,Savannah,31,31
Seattle,2024-07,121,5.961878539179676,2.465821759259259,8.297189429240285,0.0030555555555555557,30.999537037037037,158647,231.08264462809916,Seattle,31,31
Houston,2024-08,521,4.510593032451838,2.364837962962963,5.767917659912353,0.023587962962962963,29.499166666666667,140326,195.54054054054055,Houston,31,31
LA_Long_Beach,2024-08,386,5.030872163452313,3.1277893518518516,6.407604872769828,0.07190972222222222,30.999016203703704,726756,252.36197916666666,LA_Long_Beach,31,31
NY_NJ,2024-08,340,4.115350013616558,1.6244849537037036,6.5817558473859075,0.0,30.938842592592593,170250,237.2106824925816,NY_NJ,31,31
Savannah,2024-08,202,2.573446323799047,1.4311284722222224,4.89795293833452,0.03951388888888889,30.999502314814816,222493,262.3819095477387,Savannah,31,31
Seattle,2024-08,123,5.5076282557964475,1.918263888888889,8.604401630073248,0.0052662037037037035,30.99943287037037,134104,230.9430894308943,Seattle,31,31
Houston,2024-09,506,4.3771459385521885,2.4014641203703704,5.729043273229674,0.017592592592592594,29.99863425925926,128669,194.29141716566866,Houston,30,30
LA_Long_Beach,2024-09,363,4.867930759616366,3.240150462962963,5.958608172491384,0.00625,29.999108796296298,651827,251.22160664819944,LA_Long_Beach,30,30
NY_NJ,2024-09,322,4.051510057223373,1.5928877314814816,6.465015536694875,0.016666666666666666,29.409375,146872,238.54205607476635,NY_NJ,30,30
Savannah,2024-09,173,2.7359724229287092,1.4188888888888889,4.700211430297965,0.4372916666666667,29.999641203703703,180405,259.2267441860465,Savannah,30,30
Seattle,2024-09,124,5.513862660543608,2.503466435185185,7.776199266981145,0.0,29.998032407407408,136739,231.2741935483871,Seattle,30,30
Houston,2024-10,521,4.104268634037108,2.2924652777777776,5.689790829818468,0.02511574074074074,30.996828703703702,125162,192.84912959381043,Houston,31,31
LA_Long_Beach,2024-10,356,4.902387868029547,3.0611400462962965,6.425915833681167,0.03881944444444444,30.99917824074074,607825,250.05382436260624,LA_Long_Beach,31,31
NY_NJ,2024-10,282,3.86217280667192,1.5390277777777777,6.42517773183537,0.015127314814814816,30.449305555555554,133739,243.711743772242,NY_NJ,31,31
Savannah,2024-10,186,2.334677730485862,1.4371238425925925,3.982830067828213,0.004178240740740741,30.999560185185185,184782,260.9945945945946,Savannah,31,31
Seattle,2024-10,121,5.316052666819712,2.495300925925926,8.150771217420079,0.006111111111111111,30.99943287037037,135386,234.26446280991735,Seattle,31,31
Houston,2024-11,556,3.752897952471356,2.2665219907407406,4.914568525971183,0.0,28.825497685185184,117732,192.94010889292196,Houston,30,30
LA_Long_Beach,2024-11,346,4.467344519374866,2.7422685185185185,5.6841714429456145,0.0,29.99861111111111,557579,252.39017341040463,LA_Long_Beach,30,30
NY_NJ,2024-11,305,3.614489829993928,1.515949074074074,6.068050161387026,0.014780092592592593,29.83849537037037,114738,240.8118811881188,NY_NJ,30,30
Savannah,2024-11,193,2.350750635674535,1.4770254629629629,3.5733439331496046,0.0016087962962962963,29.99976851851852,189162,263.18848167539267,Savannah,30,30
Seattle,2024-11,135,5.659307613168725,2.8414467592592594,7.74066512552054,0.003171296296296296,29.999189814814816,161096,234.21481481481482,Seattle,30,30
Houston,2024-12,531,4.424010580142289,2.3299305555555554,5.688522999441855,0.00568287037037037,29.774328703703702,116274,193.65151515151516,Houston,31,31
LA_Long_Beach,2024-12,359,4.895374077942845,3.1491435185185184,6.054220981827168,0.09443287037037038,30.997997685185187,617721,252.77528089887642,LA_Long_Beach,31,31
NY_NJ,2024-12,320,4.05840064380787,1.5930844907407407,6.687048003435264,0.0071875,30.999444444444446,144586,239.576802507837,NY_NJ,31,31
Savannah,2024-12,178,2.992648837390762,1.4642766203703703,5.236071790202304,0.15777777777777777,30.999421296296298,182463,262.9325842696629,Savannah,31,31
Seattle,2024-12,120,6.19053018904321,2.667991898148148,8.392273666603202,0.0007638888888888889,30.999641203703703,191509,235.38333333333333,Seattle,31,31
Houston,2025-01,519,4.361596107186185,2.2932407407407407,5.886351362775021,0.0016203703703703703,30.997523148148147,124248,193.38342967244702,Houston,31,31
LA_Long_Beach,2025-01,361,4.618656381450703,3.015578703703704,6.05123710322508,0.018518518518518517,30.99912037037037,607557,253.54847645429362,LA_Long_Beach,31,31
NY_NJ,2025-01,299,3.9520770624303236,1.548912037037037,6.657613676075144,0.015243055555555555,30.997280092592593,153789,244.41471571906354,NY_NJ,31,31
Savannah,2025-01,165,3.133520833333333,1.5811226851851852,5.022192237929835,0.1312037037037037,30.999386574074073,186121,262.4207317073171,Savannah,31,31
Seattle,2025-01,142,6.190986893583724,2.4811863425925926,8.728936432282293,0.0061805555555555555,30.999212962962964,263688,230.4718309859155,Seattle,31,31
Houston,2025-02,476,4.522614646553065,2.5533912037037036,5.675962415220618,0.007534722222222222,27.997962962962962,109608,193.64915966386553,Houston,28,28
LA_Long_Beach,2025-02,316,4.87934357419128,2.843449074074074,6.249215991754425,0.09546296296296296,27.999108796296298,571236,252.0126582278481,LA_Long_Beach,28,28
NY_NJ,2025-02,302,3.8964925573338243,1.572060185185185,6.560784080426092,0.015219907407407408,27.998622685185186,166741,243.83443708609272,NY_NJ,28,28
Savannah,2025-02,181,2.30111910425619,1.4941666666666666,3.5641810520248143,0.10335648148148148,27.999548611111113,178379,271.39444444444445,Savannah,28,28
Seattle,2025-02,118,5.963674278091651,2.127517361111111,8.40453518091922,0.004652777777777777,27.999872685185185,202987,229.9915254237288,Seattle,28,28
Houston,2025-03,512,4.072916802300347,2.2977604166666667,5.457200549397179,0.005439814814814815,30.996493055555554,132438,192.498046875,Houston,31,31
LA_Long_Beach,2025-03,349,5.0499290300328985,2.835173611111111,6.791274875179148,0.03644675925925926,30.99886574074074,633562,250.30945558739256,LA_Long_Beach,31,31
NY_NJ,2025-03,372,3.916220380326563,1.4831770833333333,6.360786955831327,0.0,30.999270833333334,212865,236.08870967741936,NY_NJ,31,31
Savannah,2025-03,200,2.0583819444444442,1.3974652777777776,3.0256276465677536,0.008923611111111111,24.260659722222222,170422,270.2814070351759,Savannah,31,31
Seattle,2025-03,143,5.672566449753949,2.1010185185185186,8.502376545078956,0.003599537037037037,30.9996875,198327,232.1118881118881,Seattle,31,31
Houston,2025-04,518,4.373302767052767,2.4350057870370367,5.441818697791447,0.016446759259259258,29.997604166666665,136861,192.56782945736435,Houston,30,30
LA_Long_Beach,2025-04,347,5.058592966165013,2.8511574074074075,6.5124866603754965,0.015729166666666666,29.99890046296296,638485,253.0491329479769,LA_Long_Beach,30,30
NY_NJ,2025-04,342,3.868113222871995,1.502337962962963,6.398032356057269,0.014814814814814815,29.998622685185186,165602,241.21828908554573,NY_NJ,30,30
Savannah,2025-04,196,2.075710270219199,1.3785011574074075,3.0367815480780367,0.01085648148148148,21.980104166666667,173896,269.75773195876286,Savannah,30,30
Seattle,2025-04,130,5.446032674501424,2.1459375,8.194306453123392,0.007013888888888889,29.99988425925926,218002,226.9296875,Seattle,30,30
Houston,2025-05,505,4.66135267693436,2.491203703703704,6.1393620696776745,0.006724537037037037,30.75814814814815,119243,192.362,Houston,31,31
LA_Long_Beach,2025-05,340,5.224577444172113,2.70296875,6.9611648924079805,0.03253472222222222,30.99804398148148,625661,249.52507374631267,LA_Long_Beach,31,31
NY_NJ,2025-05,328,4.038312761122403,1.4712673611111111,6.7820466984252885,0.016099537037037037,30.99943287037037,157324,245.34556574923548,NY_NJ,31,31
Savannah,2025-05,181,2.832039466953141,1.4616666666666667,5.009017119153687,0.03149305555555556,29.49445601851852,183983,273.3611111111111,Savannah,31,31
Seattle,2025-05,124,5.6082433542413375,2.078240740740741,7.982954840928556,0.0014699074074074074,30.997025462962963,165543,226.8861788617886,Seattle,31,31
Houston,2025-06,505,3.97906632746608,2.315,5.222063942567894,0.0024189814814814816,29.77577546296296,112110,193.6806387225549,Houston,30,30
LA_Long_Beach,2025-06,332,4.696527498884427,2.8704166666666664,5.919990741486267,0.0008101851851851852,29.998969907407407,598603,249.75,LA_Long_Beach,30,30
NY_NJ,2025-06,356,3.55065292733042,1.2450520833333334,6.114456496009942,0.004861111111111111,29.997395833333332,138693,234.42816901408452,NY_NJ,30,30
Savannah,2025-06,172,2.2437936046511626,1.4312037037037038,3.415623702356478,0.0,29.886041666666667,194984,267.7267441860465,Savannah,30,30
Seattle,2025-06,113,5.162468043264503,2.094212962962963,7.2720051487868735,0.006099537037037037,29.999270833333334,112832,243.04424778761063,Seattle,30,30
Houston,2025-07,506,4.284919347460108,2.505740740740741,5.362904761159884,0.023958333333333335,30.64028935185185,115807,189.85148514851485,Houston,31,31
LA_Long_Beach,2025-07,380,4.822538316276803,3.0861226851851855,5.835357717147346,0.0008217592592592593,30.964907407407406,647794,258.0844327176781,LA_Long_Beach,31,31
NY_NJ,2025-07,342,3.838872610732077,1.3782696759259259,6.795618589954727,0.01392361111111111,30.9984375,149632,242.58064516129033,NY_NJ,31,31
Savannah,2025-07,197,2.1253222527730777,1.360162037037037,3.207447590302814,0.013078703703703703,30.999189814814816,211594,267.9591836734694,Savannah,31,31
Seattle,2025-07,125,5.126301388888889,1.8849537037037036,7.997795073611286,0.0,30.99894675925926,140785,237.304,Seattle,31,31
Houston,2025-08,515,4.095748651564186,2.3363078703703706,5.236625707802359,0.016689814814814814,28.46769675925926,110895,191.18908382066277,Houston,31,31
LA_Long_Beach,2025-08,345,5.235438875469673,3.0574305555555554,6.505714724215514,0.03958333333333333,30.99767361111111,583108,260.3623188405797,LA_Long_Beach,31,31
NY_NJ,2025-08,347,3.656532514142384,1.4311805555555555,6.38081200785151,0.017534722222222222,30.996168981481482,158465,242.20289855072463,NY_NJ,31,31
Savannah,2025-08,187,2.504766104674193,1.46375,4.489123417195639,0.062488425925925926,30.999375,173875,272.80213903743316,Savannah,31,31
Seattle,2025-08,119,6.049746537503891,2.5021875,8.684327506825142,0.006111111111111111,30.999282407407406,148994,234.9747899159664,Seattle,31,31
Houston,2025-09,495,4.324930859521137,2.3388773148148148,5.551974538653745,0.010416666666666666,28.29738425925926,113200,192.5142857142857,Houston,30,30
LA_Long_Beach,2025-09,327,4.6714730929323816,3.0031481481481483,5.617351418572983,0.006574074074074074,29.997488425925926,445089,257.32307692307694,LA_Long_Beach,30,30
NY_NJ,2025-09,326,3.7577723457736876,1.4735358796296296,6.328868247713672,0.014814814814814815,29.427824074074074,131188,244.72530864197532,NY_NJ,30,30
Savannah,2025-09,188,2.313218085106383,1.374693287037037,3.766056771782712,0.012766203703703703,28.499918981481482,163728,275.44919786096256,Savannah,30,30
Seattle,2025-09,111,5.662281865198532,2.5801736111111113,8.05278955541444,0.0,29.999293981481483,136479,237.73873873873873,Seattle,30,30
Houston,2025-10,502,4.24032405101815,2.3703414351851855,5.514747913478625,0.012268518518518519,29.549340277777777,103142,193.04609218436875,Houston,31,31
LA_Long_Beach,2025-10,325,4.586761182336183,2.7871180555555557,6.167135666732502,0.002199074074074074,30.998333333333335,386829,254.44200626959247,LA_Long_Beach,31,31
NY_NJ,2025-10,326,3.6805855558395817,1.227800925925926,6.478734592448579,0.00045138888888888887,30.500462962962963,105408,242.4814814814815,NY_NJ,31,31
Savannah,2025-10,186,2.5638715900039823,1.3141203703703703,4.601598789219549,0.05962962962962963,30.99965277777778,193349,268.86486486486484,Savannah,31,31
Seattle,2025-10,119,6.006214305166511,2.388564814814815,8.539158832995845,0.0,30.999641203703703,145130,232.61344537815125,Seattle,31,31
Houston,2025-11,496,4.0698192484319,2.4007002314814816,5.130886481783682,0.0,29.99892361111111,125152,193.14256619144604,Houston,30,30
LA_Long_Beach,2025-11,310,4.7342513067502985,2.6168518518518518,6.2489323808700865,0.0125,29.99806712962963,515344,255.62135922330097,LA_Long_Beach,30,30
NY_NJ,2025-11,330,3.369436167227834,1.277494212962963,5.977771784092963,0.01653935185185185,29.373761574074074,170976,249.48181818181817,NY_NJ,30,30
Savannah,2025-11,186,2.5653044105933893,1.3268981481481483,4.462848755151346,0.0,29.99965277777778,191080,269.2258064516129,Savannah,30,30
Seattle,2025-11,122,5.773201275045537,2.2627546296296295,8.590997074016537,0.001388888888888889,29.999525462962964,175018,234.5983606557377,Seattle,30,30
Houston,2025-12,481,4.1686575999076,2.370671296296296,5.742561394515287,0.024930555555555556,30.627256944444444,114997,194.13025210084032,Houston,29,31
LA_Long_Beach,2025-12,327,5.061946886680259,2.9231712962962964,6.821005077600862,0.016666666666666666,30.99931712962963,557274,260.23006134969324,LA_Long_Beach,29,31
NY_NJ,2025-12,301,3.4246742724867727,1.0896990740740742,6.721626054131248,0.0,30.999305555555555,140702,245.66107382550337,NY_NJ,29,31
Savannah,2025-12,179,2.2655170830746947,1.3098726851851852,3.5141642532840316,0.1294675925925926,23.169085648148148,171653,269.85955056179773,Savannah,29,31
Seattle,2025-12,122,5.2877276867030965,1.9456886574074073,8.162297357052436,0.0008101851851851852,30.999502314814816,172136,230.30578512396696,Seattle,29,31
