port_complex_id,year_month,unique_cargo_vessels,n_with_size,dwt_proxy_sum,deck_area_sum
baltimore_md,2015-01,107,80,6935275.7299999995,599865.0
baltimore_md,2015-02,108,91,6934672.739999999,620834.0
baltimore_md,2015-03,120,98,8355859.489999999,725155.0
baltimore_md,2015-04,109,82,6976431.85,608819.0
baltimore_md,2015-05,108,90,7946737.61,676741.0
baltimore_md,2015-06,111,95,7165207.359999999,655958.0
baltimore_md,2015-07,104,89,6498915.4,605193.0
baltimore_md,2015-08,104,84,6712946.76,586803.0
baltimore_md,2015-09,98,87,7445186.72,640732.0
baltimore_md,2015-10,98,90,6952429.99,638196.0
baltimore_md,2015-11,85,68,5575706.949999999,485292.0
baltimore_md,2015-12,101,88,7132536.48,626068.0
baltimore_md,2016-01,95,84,6861851.639999999,598471.0
baltimore_md,2016-02,50,45,3839603.4200000004,320066.0
baltimore_md,2016-03,66,55,4601199.92,398297.0
baltimore_md,2016-04,60,49,3939750.8400000003,357854.0
baltimore_md,2016-05,104,89,8058549.500000001,677133.0
baltimore_md,2016-06,90,78,6741333.26,574578.0
baltimore_md,2016-07,88,81,6969168.61,613516.0
baltimore_md,2016-08,102,94,8274939.139999999,701936.0
baltimore_md,2016-09,91,78,6757907.24,577349.0
baltimore_md,2016-10,97,89,7221804.279999999,626056.0
baltimore_md,2016-11,84,71,6313568.739999999,536346.0
baltimore_md,2016-12,86,79,6764022.37,586988.0
baltimore_md,2017-01,80,77,7040275.0200000005,590379.0
baltimore_md,2017-02,77,70,6465497.7,540325.0
baltimore_md,2017-03,88,76,6475244.319999999,562183.0
baltimore_md,2017-04,85,72,6316989.18,533004.0
baltimore_md,2017-05,90,78,7433469.28,623534.0
baltimore_md,2017-06,82,77,7495329.639999999,614094.0
baltimore_md,2017-07,84,75,6956529.94,575262.0
baltimore_md,2017-08,87,82,8363447.720000001,667809.0
baltimore_md,2017-09,91,84,8330635.700000001,674373.0
baltimore_md,2017-10,96,83,7766864.02,633609.0
baltimore_md,2017-11,86,77,7954438.319999999,643961.0
baltimore_md,2017-12,93,82,7601365.819999999,632525.0
baltimore_md,2018-01,139,113,9785366.06,826186.0
baltimore_md,2018-02,130,110,9734782.4,792930.0
baltimore_md,2018-03,152,126,11300078.22,938231.0
baltimore_md,2018-04,155,133,11433231.600000003,943403.0
baltimore_md,2018-05,154,129,12150526.700000003,980033.0
baltimore_md,2018-06,156,127,10831427.19,906464.0
baltimore_md,2018-07,142,121,10726459.2,876428.0
baltimore_md,2018-08,154,130,11009385.300000003,919199.0
baltimore_md,2018-09,137,119,10377692.3,858886.0
baltimore_md,2018-10,131,111,9886516.9,815703.0
baltimore_md,2018-11,151,132,10508256.5,912028.0
baltimore_md,2018-12,135,126,10770799.7,905170.0
baltimore_md,2019-01,142,118,10426984.94,856240.0
baltimore_md,2019-02,130,110,10248994.599999996,837242.0
baltimore_md,2019-03,154,131,11453483.700000003,961951.0
baltimore_md,2019-04,138,115,10397508.7,864413.0
baltimore_md,2019-05,140,113,10740216.799999999,867843.0
baltimore_md,2019-06,129,115,10350392.92,845833.0
baltimore_md,2019-07,137,118,10453149.399999999,855767.0
baltimore_md,2019-08,140,127,10500670.0,875489.0
baltimore_md,2019-09,120,107,9598974.200000001,780099.0
baltimore_md,2019-10,128,111,9605498.190000001,820641.0
baltimore_md,2019-11,129,112,9481373.190000001,799602.0
baltimore_md,2019-12,124,105,8060905.9,702412.0
baltimore_md,2020-01,118,100,8657465.2,719121.0
baltimore_md,2020-02,121,107,8981470.94,753684.0
baltimore_md,2020-03,120,101,8482548.899999999,712081.0
baltimore_md,2020-04,116,104,8971412.100000001,737611.0
baltimore_md,2020-05,92,86,7127111.600000001,596402.0
baltimore_md,2020-06,98,85,6921577.7,592888.0
baltimore_md,2020-07,111,103,8524947.5,724147.0
baltimore_md,2020-08,123,112,9531393.72,813887.0
baltimore_md,2020-09,115,100,9325049.700000001,773139.0
baltimore_md,2020-10,126,113,9425261.0,818378.0
baltimore_md,2020-11,110,93,7896711.2,682347.0
baltimore_md,2020-12,123,110,9452958.6,817580.0
baltimore_md,2021-01,117,105,8427559.7,744997.0
baltimore_md,2021-02,97,83,7446530.500000001,612938.0
baltimore_md,2021-03,133,119,9374361.4,814086.0
baltimore_md,2021-04,155,131,10844992.099999998,954460.0
baltimore_md,2021-05,150,130,11211561.700000001,973537.0
baltimore_md,2021-06,155,141,12649464.899999999,1071099.0
baltimore_md,2021-07,135,118,9829222.500000002,873891.0
baltimore_md,2021-08,148,126,10951960.800000003,958873.0
baltimore_md,2021-09,146,129,10978453.5,964391.0
baltimore_md,2021-10,147,124,10355844.6,926765.0
baltimore_md,2021-11,146,125,11055092.5,962560.0
baltimore_md,2021-12,157,134,12162899.399999999,1055527.0
baltimore_md,2022-01,143,122,10257331.500000002,909144.0
baltimore_md,2022-02,143,118,9947521.6,876260.0
baltimore_md,2022-03,167,147,12333269.600000003,1100779.0
baltimore_md,2022-04,154,136,11179410.6,1000724.0
baltimore_md,2022-05,155,134,11871705.7,1016334.0
baltimore_md,2022-06,171,146,12647673.599999998,1103106.0
baltimore_md,2022-07,149,129,10141987.0,916117.0
baltimore_md,2022-08,153,136,10914220.2,992099.0
baltimore_md,2022-09,147,123,10339677.100000001,929523.0
baltimore_md,2022-10,153,132,11677687.819999997,1022445.0
baltimore_md,2022-11,139,118,10546496.9,909410.0
baltimore_md,2022-12,159,141,11627227.500000002,1040130.0
baltimore_md,2023-01,173,145,13137494.900000002,1156406.0
baltimore_md,2023-02,153,130,10655286.3,955918.0
baltimore_md,2023-03,160,132,12088248.900000002,1053665.0
baltimore_md,2023-04,167,139,12443170.700000001,1085749.0
baltimore_md,2023-05,168,136,11770791.4,1039709.0
baltimore_md,2023-06,177,147,13533073.700000001,1182385.0
baltimore_md,2023-07,167,145,12982838.700000001,1163858.0
baltimore_md,2023-08,169,137,12633155.800000003,1096215.0
baltimore_md,2023-09,168,145,12488085.999999998,1124294.0
baltimore_md,2023-10,170,136,11688907.7,1062656.0
baltimore_md,2023-11,158,139,12063101.599999998,1087048.0
baltimore_md,2023-12,145,123,10216548.6,955131.0
baltimore_md,2024-01,162,136,11204039.24,1043844.75
baltimore_md,2024-02,156,134,11781049.040000003,1057906.75
baltimore_md,2024-03,150,123,9902910.9,919281.0
baltimore_md,2024-04,48,39,2315953.4,239994.0
baltimore_md,2024-05,90,75,4842508.800000001,484289.0
baltimore_md,2024-06,134,110,8416355.0,795298.0
baltimore_md,2024-07,154,123,9840235.9,910405.0
baltimore_md,2024-08,162,132,10681553.9,1008447.0
baltimore_md,2024-09,152,129,11309758.2,1032981.0
baltimore_md,2024-10,156,120,10264142.2,950112.0
baltimore_md,2024-11,176,143,11628829.259999998,1090972.0
baltimore_md,2024-12,170,139,12102685.16,1109289.0
baltimore_md,2025-01,148,125,11089423.100000001,1009984.0
baltimore_md,2025-02,155,132,11331097.600000001,1038311.0
baltimore_md,2025-03,195,164,13945019.400000002,1293320.0
baltimore_md,2025-04,180,150,14238885.919999998,1254936.0
baltimore_md,2025-05,185,147,13726781.899999997,1236876.0
baltimore_md,2025-06,180,149,13731594.6,1226673.0
baltimore_md,2025-07,174,142,13203029.419999998,1195814.0
baltimore_md,2025-08,171,143,14010319.399999999,1249994.0
baltimore_md,2025-09,176,135,12304509.8,1129038.0
baltimore_md,2025-10,184,136,13294524.100000001,1180110.0
baltimore_md,2025-11,170,130,12382350.96,1119650.0
baltimore_md,2025-12,179,140,12436303.759999998,1130758.0
boston_ma,2015-01,24,18,1768676.6400000001,147744.0
boston_ma,2015-02,19,16,1455929.4999999998,122683.0
boston_ma,2015-03,22,17,1703925.8,141239.0
boston_ma,2015-04,19,16,1658470.4000000001,135392.0
boston_ma,2015-05,18,15,1565961.6,127392.0
boston_ma,2015-06,20,17,1762216.36,144874.0
boston_ma,2015-07,23,20,1916575.0,163122.0
boston_ma,2015-08,20,16,1612884.88,135584.0
boston_ma,2015-09,16,14,1363250.0000000002,113706.0
boston_ma,2015-10,19,16,1489230.4,129126.0
boston_ma,2015-11,17,17,1686685.76,141160.0
boston_ma,2015-12,18,14,1265680.0,112704.0
boston_ma,2016-01,22,20,1930805.76,160936.0
boston_ma,2016-02,10,9,822115.2,70048.0
boston_ma,2016-03,10,8,708432.4,63398.0
boston_ma,2016-04,11,11,1059433.0,89154.0
boston_ma,2016-05,17,13,1446076.8,115104.0
boston_ma,2016-06,14,13,1282808.0,110432.0
boston_ma,2016-07,16,15,1487548.1800000002,122699.0
boston_ma,2016-08,11,10,1265465.33,97042.0
boston_ma,2016-09,16,15,1691784.3,135375.0
boston_ma,2016-10,15,13,1433581.4,115550.0
boston_ma,2016-11,17,16,1657266.0,134762.0
boston_ma,2016-12,17,16,1737697.9000000004,137049.0
boston_ma,2017-01,15,14,1543679.5999999999,119890.0
boston_ma,2017-02,17,17,1817893.1,143221.0
boston_ma,2017-03,14,12,1277575.8,100998.0
boston_ma,2017-04,11,11,1337400.5,104671.0
boston_ma,2017-05,16,16,2265654.0999999996,168849.0
boston_ma,2017-06,14,14,2094791.4,157070.0
boston_ma,2017-07,14,14,2230300.9,162576.0
boston_ma,2017-08,15,14,1847998.6500000001,140625.0
boston_ma,2017-09,17,17,2708913.9,197085.0
boston_ma,2017-10,19,18,2516462.1999999997,191108.0
boston_ma,2017-11,19,18,2579186.9,192628.0
boston_ma,2017-12,17,15,2024059.15,153644.0
boston_ma,2018-01,33,33,3934085.8000000003,309692.0
boston_ma,2018-02,34,29,3879289.35,294414.0
boston_ma,2018-03,28,26,3228994.9499999997,248232.0
boston_ma,2018-04,20,19,2290990.6,180092.0
boston_ma,2018-05,26,25,3190077.45,249087.0
boston_ma,2018-06,24,22,2758582.4,214548.0
boston_ma,2018-07,28,22,2825668.9,221937.0
boston_ma,2018-08,22,22,2705955.475,210330.25
boston_ma,2018-09,19,19,2118343.1,171001.0
boston_ma,2018-10,30,28,3030716.9,244205.0
boston_ma,2018-11,26,25,2943099.7,235015.0
boston_ma,2018-12,23,21,2316356.4,183717.0
boston_ma,2019-01,24,21,2382736.6,181625.0
boston_ma,2019-02,30,26,3080436.9,238169.0
boston_ma,2019-03,24,21,2162493.8,165234.0
boston_ma,2019-04,22,21,2614883.5,199931.0
boston_ma,2019-05,23,21,2204787.3,177976.0
boston_ma,2019-06,22,20,2801554.2,208512.0
boston_ma,2019-07,22,21,2527141.6,195353.0
boston_ma,2019-08,25,23,2876275.9,222090.0
boston_ma,2019-09,23,20,2391492.1999999997,182177.0
boston_ma,2019-10,29,28,3376464.7,260209.0
boston_ma,2019-11,28,26,2926548.2,228497.0
boston_ma,2019-12,21,19,2343254.0999999996,183135.0
boston_ma,2020-01,30,28,3298928.4,258943.0
boston_ma,2020-02,26,22,2828196.0,211456.0
boston_ma,2020-03,25,22,2172410.9,177886.0
boston_ma,2020-04,17,17,2127954.4000000004,159908.0
boston_ma,2020-05,13,13,1512873.8,123988.0
boston_ma,2020-06,15,14,1413332.9000000001,114003.0
boston_ma,2020-07,18,17,1611884.7,140118.0
boston_ma,2020-08,17,16,1561982.0999999999,129547.0
boston_ma,2020-09,13,11,1227841.2,99898.0
boston_ma,2020-10,20,19,1786083.5999999999,150177.0
boston_ma,2020-11,22,21,1953582.0,165274.0
boston_ma,2020-12,17,16,1656030.5999999999,137101.0
boston_ma,2021-01,20,19,1791985.5,155056.0
boston_ma,2021-02,12,10,984219.5,77679.0
boston_ma,2021-03,20,18,2074432.7999999998,171780.0
boston_ma,2021-04,19,17,1847329.49,156021.0
boston_ma,2021-05,19,18,1721185.6,150370.0
boston_ma,2021-06,15,13,1384767.6,115626.0
boston_ma,2021-07,16,13,1151605.6,98924.0
boston_ma,2021-08,21,21,2053396.4,172264.0
boston_ma,2021-09,12,10,837044.2,74650.0
boston_ma,2021-10,14,13,1510687.0999999999,121439.0
boston_ma,2021-11,18,17,1745221.2,150270.0
boston_ma,2021-12,18,15,1260692.0,112177.0
boston_ma,2022-01,19,16,1513370.4000000001,126456.0
boston_ma,2022-02,19,14,1021674.3999999999,97266.0
boston_ma,2022-03,21,16,1183897.2,119301.0
boston_ma,2022-04,15,14,1201456.9,109598.0
boston_ma,2022-05,17,15,1466115.6,122128.0
boston_ma,2022-06,14,14,1684435.8,134932.0
boston_ma,2022-07,18,17,1904229.4999999998,155044.0
boston_ma,2022-08,17,14,1522629.4000000001,124964.0
boston_ma,2022-09,16,11,1219682.7,101451.0
boston_ma,2022-10,27,21,2577346.1,212124.0
boston_ma,2022-11,30,26,2805087.9,235108.0
boston_ma,2022-12,31,27,2960155.9,242267.0
boston_ma,2023-01,34,25,2769346.0,232833.0
boston_ma,2023-02,34,31,3123504.6,275021.0
boston_ma,2023-03,31,28,2955448.1999999997,252512.0
boston_ma,2023-04,32,28,2954076.8,245594.0
boston_ma,2023-05,32,29,3372026.1999999997,281952.0
boston_ma,2023-06,21,18,1685236.8,152580.0
boston_ma,2023-07,30,28,3156350.8,271110.0
boston_ma,2023-08,34,28,3389500.0,280900.0
boston_ma,2023-09,20,19,1818023.8,162174.0
boston_ma,2023-10,31,31,3093611.0,261632.0
boston_ma,2023-11,27,25,2831414.5999999996,230781.0
boston_ma,2023-12,25,22,2408765.6999999997,204326.0
boston_ma,2024-01,34,27,2797810.7,239767.0
boston_ma,2024-02,32,25,2388872.2,208476.0
boston_ma,2024-03,24,20,2088116.8,166106.0
boston_ma,2024-04,23,20,2438731.1,199095.0
boston_ma,2024-05,27,24,2546575.4,216576.0
boston_ma,2024-06,24,23,2834394.0,229050.0
boston_ma,2024-07,24,20,2059206.6,174170.0
boston_ma,2024-08,22,19,2105995.2,180028.0
boston_ma,2024-09,19,17,2058557.6,164280.0
boston_ma,2024-10,22,18,2004952.0000000002,164922.0
boston_ma,2024-11,27,23,2592084.0,223596.0
boston_ma,2024-12,25,23,2474941.06,199420.0
boston_ma,2025-01,24,20,1994513.8000000003,169402.0
boston_ma,2025-02,30,27,2779140.6000000006,238815.0
boston_ma,2025-03,35,28,3175629.7,274793.0
boston_ma,2025-04,30,27,3028542.0,253482.0
boston_ma,2025-05,30,27,3213290.7,272645.0
boston_ma,2025-06,30,29,3184688.7,262807.0
boston_ma,2025-07,28,23,2688518.9800000004,225187.0
boston_ma,2025-08,34,28,3215686.7,272085.0
boston_ma,2025-09,23,21,2647130.0999999996,221108.0
boston_ma,2025-10,26,21,2704742.1,228959.0
boston_ma,2025-11,26,22,2909365.9,240226.0
boston_ma,2025-12,25,18,2265417.7,187856.0
charleston_sc,2015-01,120,107,11861200.940000001,958131.0
charleston_sc,2015-02,129,116,12833572.42,1029842.0
charleston_sc,2015-03,116,102,11694282.72,930691.0
charleston_sc,2015-04,125,114,11961012.859999998,998736.0
charleston_sc,2015-05,139,122,14196140.02,1122243.0
charleston_sc,2015-06,130,116,12943018.38,1050117.0
charleston_sc,2015-07,138,128,13841958.849999998,1136606.0
charleston_sc,2015-08,125,115,13627799.899999999,1071215.0
charleston_sc,2015-09,118,112,12832592.150000002,1029107.0
charleston_sc,2015-10,126,115,13361665.32,1065533.0
charleston_sc,2015-11,110,102,12144127.28,948401.0
charleston_sc,2015-12,117,108,12603028.28,1000672.0
charleston_sc,2016-01,104,100,12261055.819999998,952979.0
charleston_sc,2016-02,73,71,8150558.18,665421.0
charleston_sc,2016-03,63,61,7025526.240000001,563061.0
charleston_sc,2016-04,87,81,9583231.879999999,759101.0
charleston_sc,2016-05,124,118,13385780.135000002,1077427.25
charleston_sc,2016-06,112,107,12309885.114999996,966940.25
charleston_sc,2016-07,122,114,14151354.139999997,1099034.0
charleston_sc,2016-08,114,108,13679855.38,1052839.0
charleston_sc,2016-09,103,98,12266229.579999998,975984.0
charleston_sc,2016-10,114,109,14298893.715000002,1085329.25
charleston_sc,2016-11,105,99,13083638.459999999,992286.0
charleston_sc,2016-12,106,102,13554200.1,1022992.0
charleston_sc,2017-01,101,100,13566760.4,1018916.0
charleston_sc,2017-02,94,91,11710130.799999999,887645.0
charleston_sc,2017-03,109,105,13585504.399999999,1022285.0
charleston_sc,2017-04,97,95,13235286.700000001,989686.0
charleston_sc,2017-05,106,100,13697328.2,1018600.0
charleston_sc,2017-06,103,95,12867201.974999998,960515.25
charleston_sc,2017-07,92,88,12952367.999999998,950326.0
charleston_sc,2017-08,98,90,13825177.975,1010088.25
charleston_sc,2017-09,92,88,11829976.299999999,883378.0
charleston_sc,2017-10,106,103,15030482.975000001,1101141.25
charleston_sc,2017-11,97,92,12914831.775,962810.25
charleston_sc,2017-12,101,97,13760760.399999999,1010417.0
charleston_sc,2018-01,143,137,19477907.674999997,1443199.25
charleston_sc,2018-02,141,133,17756911.5,1329387.0
charleston_sc,2018-03,152,145,18634938.3,1412665.0
charleston_sc,2018-04,147,140,19308108.6,1446526.0
charleston_sc,2018-05,146,135,18763011.900000002,1405231.0
charleston_sc,2018-06,152,145,18984154.475,1442463.25
charleston_sc,2018-07,157,152,20369331.500000004,1530618.0
charleston_sc,2018-08,155,148,20040551.475,1490277.25
charleston_sc,2018-09,147,139,18212756.060000002,1383192.0
charleston_sc,2018-10,159,149,19947221.75,1490954.0
charleston_sc,2018-11,137,129,17358128.900000002,1319306.0
charleston_sc,2018-12,137,131,17153830.8,1304776.0
charleston_sc,2019-01,154,146,19512559.4,1458817.0
charleston_sc,2019-02,129,127,17433829.3,1317094.0
charleston_sc,2019-03,140,136,17658450.4,1350278.0
charleston_sc,2019-04,144,139,17936143.279999997,1369964.0
charleston_sc,2019-05,149,144,18377602.900000002,1414242.0
charleston_sc,2019-06,133,128,17391965.9,1307710.0
charleston_sc,2019-07,141,133,18159702.7,1370118.0
charleston_sc,2019-08,140,137,18565191.6,1407699.0
charleston_sc,2019-09,141,138,17871842.6,1363092.0
charleston_sc,2019-10,140,132,18288579.3,1379090.0
charleston_sc,2019-11,130,126,17470774.599999998,1304528.0
charleston_sc,2019-12,122,119,15827396.799999999,1201948.0
charleston_sc,2020-01,138,132,17823134.700000003,1354893.0
charleston_sc,2020-02,122,118,16473499.200000001,1238224.0
charleston_sc,2020-03,127,121,15697295.2,1201174.0
charleston_sc,2020-04,115,111,14339870.999999998,1112240.0
charleston_sc,2020-05,106,103,13584168.0,1037634.0
charleston_sc,2020-06,112,109,14695317.200000001,1125972.0
charleston_sc,2020-07,118,115,16019094.5,1221914.0
charleston_sc,2020-08,129,125,16451298.800000003,1250093.0
charleston_sc,2020-09,129,124,16079283.5,1234044.0
charleston_sc,2020-10,132,128,16578335.1,1282951.0
charleston_sc,2020-11,135,127,16902663.060000002,1303821.0
charleston_sc,2020-12,126,117,15181578.599999998,1174236.0
charleston_sc,2021-01,120,111,15383636.100000001,1163727.0
charleston_sc,2021-02,111,99,12395953.9,964045.0
charleston_sc,2021-03,140,133,17352349.6,1341847.0
charleston_sc,2021-04,150,134,19538281.2,1499759.0
charleston_sc,2021-05,164,154,20406964.899999995,1590748.0
charleston_sc,2021-06,162,152,20228845.099999998,1586461.0
charleston_sc,2021-07,169,154,20435037.8,1603016.0
charleston_sc,2021-08,153,144,19253796.400000006,1510981.0
charleston_sc,2021-09,144,136,17015836.1,1354930.0
charleston_sc,2021-10,142,133,17542854.000000004,1407440.0
charleston_sc,2021-11,153,145,19721588.899999995,1532458.0
charleston_sc,2021-12,150,142,18833757.6,1494028.0
charleston_sc,2022-01,138,133,17715253.7,1402396.0
charleston_sc,2022-02,134,126,16949217.200000003,1331631.0
charleston_sc,2022-03,141,123,15883172.399999999,1267251.0
charleston_sc,2022-04,118,110,14416979.3,1172956.0
charleston_sc,2022-05,138,129,14944119.899999997,1236143.0
charleston_sc,2022-06,121,108,12503831.699999997,1024562.0
charleston_sc,2022-07,129,117,14041868.799999999,1136292.0
charleston_sc,2022-08,134,119,15498605.299999999,1258893.0
charleston_sc,2022-09,134,118,15504760.000000002,1238791.0
charleston_sc,2022-10,149,136,17845120.200000003,1435402.0
charleston_sc,2022-11,134,127,17034147.6,1357882.0
charleston_sc,2022-12,148,140,19556091.500000004,1585935.0
charleston_sc,2023-01,149,139,19245870.0,1512098.0
charleston_sc,2023-02,139,134,17685458.3,1432592.0
charleston_sc,2023-03,133,127,17101382.800000004,1362050.0
charleston_sc,2023-04,147,140,18836699.599999998,1518872.0
charleston_sc,2023-05,151,139,18657555.2,1509598.0
charleston_sc,2023-06,142,134,17986786.699999996,1451133.0
charleston_sc,2023-07,149,140,20053714.400000002,1614141.0
charleston_sc,2023-08,139,134,18832474.999999993,1523243.0
charleston_sc,2023-09,144,132,16947601.4,1383722.0
charleston_sc,2023-10,145,135,19169802.400000002,1531729.0
charleston_sc,2023-11,133,125,17154394.4,1407116.0
charleston_sc,2023-12,130,120,16364633.100000001,1330737.0
charleston_sc,2024-01,139,127,17437510.799999997,1398068.0
charleston_sc,2024-02,138,127,16643068.9,1379996.0
charleston_sc,2024-03,144,125,17563082.099999998,1408560.0
charleston_sc,2024-04,146,135,18208831.4,1494596.0
charleston_sc,2024-05,129,119,15089772.200000001,1265601.0
charleston_sc,2024-06,143,131,17226662.9,1395234.0
charleston_sc,2024-07,130,114,16425443.799999999,1321020.0
charleston_sc,2024-08,121,107,14400051.999999998,1177111.0
charleston_sc,2024-09,122,109,15515781.799999999,1236554.0
charleston_sc,2024-10,130,116,15480210.6,1275301.0
charleston_sc,2024-11,135,124,17458923.9,1430623.0
charleston_sc,2024-12,138,123,16667574.9,1368100.0
charleston_sc,2025-01,117,105,15227659.5,1223960.0
charleston_sc,2025-02,133,120,17588444.1,1414620.0
charleston_sc,2025-03,165,138,19129978.859999996,1565440.0
charleston_sc,2025-04,139,126,16876323.3,1378529.0
charleston_sc,2025-05,159,143,19414040.66,1593969.0
charleston_sc,2025-06,142,128,16892420.259999998,1383886.0
charleston_sc,2025-07,156,137,18161543.8,1511461.0
charleston_sc,2025-08,157,135,19174063.560000002,1559037.0
charleston_sc,2025-09,153,127,17751366.8,1451340.0
charleston_sc,2025-10,159,123,16450927.359999998,1341033.0
charleston_sc,2025-11,145,121,16632967.099999998,1363494.0
charleston_sc,2025-12,145,114,16026561.860000001,1297373.0
houston_tx,2015-01,172,130,8964399.69,779153.0
houston_tx,2015-02,154,129,8916565.679999998,775947.0
houston_tx,2015-03,177,135,9838719.379999999,858330.0
houston_tx,2015-04,187,139,9552448.020000001,829455.75
houston_tx,2015-05,149,125,9342484.5,807887.0
houston_tx,2015-06,156,122,8662254.79,757195.0
houston_tx,2015-07,151,133,9690371.85,828668.0
houston_tx,2015-08,163,140,9952124.92,850074.0
houston_tx,2015-09,156,128,9368776.4,798825.0
houston_tx,2015-10,142,117,8919002.330000002,754915.0
houston_tx,2015-11,146,121,8808258.65,750707.0
houston_tx,2015-12,143,108,8573805.330000002,718055.0
houston_tx,2016-01,133,118,8818818.44,751199.0
houston_tx,2016-02,76,63,4707635.5,400406.0
houston_tx,2016-03,76,62,4429900.390000001,381200.0
houston_tx,2016-04,91,76,5682151.4,482487.0
houston_tx,2016-05,115,93,7021319.28,601283.0
houston_tx,2016-06,127,110,8384450.1,712406.0
houston_tx,2016-07,132,111,8147177.760000001,699928.0
houston_tx,2016-08,133,110,8758108.479999999,737044.0
houston_tx,2016-09,120,100,7813856.15,664835.0
houston_tx,2016-10,141,120,8999670.06,771294.0
houston_tx,2016-11,127,114,8893646.61,746408.0
houston_tx,2016-12,131,113,8808488.38,743269.0
houston_tx,2017-01,136,120,9249979.74,777223.0
houston_tx,2017-02,115,100,7626973.1,649139.0
houston_tx,2017-03,146,125,9431107.6,789551.0
houston_tx,2017-04,142,125,9454260.900000002,796050.0
houston_tx,2017-05,121,107,9092883.839999998,738282.0
houston_tx,2017-06,137,117,9300511.820000002,767640.0
houston_tx,2017-07,137,116,9515184.76,782682.0
houston_tx,2017-08,106,93,7592883.64,619239.0
houston_tx,2017-09,129,111,9000131.5,737529.0
houston_tx,2017-10,126,109,8682960.14,713859.75
houston_tx,2017-11,119,113,9523640.0,780005.75
houston_tx,2017-12,107,95,7943573.500000001,650816.0
houston_tx,2018-01,187,163,12044697.799999999,1015374.0
houston_tx,2018-02,190,157,11932045.600000001,990556.0
houston_tx,2018-03,219,183,14085979.16,1168119.0
houston_tx,2018-04,206,170,13624594.58,1118384.0
houston_tx,2018-05,207,177,13598287.06,1142456.75
houston_tx,2018-06,195,170,13807846.48,1131914.0
houston_tx,2018-07,202,178,14045623.9,1163412.0
houston_tx,2018-08,215,192,15028241.48,1257762.0
houston_tx,2018-09,195,175,14194126.500000002,1177569.0
houston_tx,2018-10,180,162,13429351.024999997,1100320.25
houston_tx,2018-11,170,145,12435741.3,1010755.0
houston_tx,2018-12,173,156,12966947.500000002,1057552.0
houston_tx,2019-01,197,180,14237526.995000001,1169114.25
houston_tx,2019-02,153,135,11272654.600000001,920366.0
houston_tx,2019-03,183,164,14341605.5,1165664.0
houston_tx,2019-04,210,184,15637303.924999997,1275283.25
houston_tx,2019-05,199,173,14143639.13,1172361.0
houston_tx,2019-06,191,176,14522447.584999999,1199918.25
houston_tx,2019-07,182,159,12622505.690000001,1056648.0
houston_tx,2019-08,202,181,14976468.700000001,1233830.0
houston_tx,2019-09,184,168,13316556.935,1108217.25
houston_tx,2019-10,175,149,12547111.7,1029806.0
houston_tx,2019-11,176,160,13130980.450000001,1075634.0
houston_tx,2019-12,170,156,12850777.075000001,1057465.25
houston_tx,2020-01,188,169,14026453.599999998,1162911.0
houston_tx,2020-02,161,147,11987294.9,992787.0
houston_tx,2020-03,163,153,12734720.4,1050392.0
houston_tx,2020-04,166,153,12740077.775000002,1054542.25
houston_tx,2020-05,171,160,13346887.074999997,1104961.25
houston_tx,2020-06,167,154,12634342.200000003,1046213.0
houston_tx,2020-07,172,150,12582856.875000002,1036744.25
houston_tx,2020-08,166,152,13253248.200000003,1084442.0
houston_tx,2020-09,178,160,13684061.700000003,1133034.0
houston_tx,2020-10,181,170,14261388.674999997,1193528.25
houston_tx,2020-11,161,153,13613365.300000003,1111863.0
houston_tx,2020-12,155,146,12391809.000000002,1022064.0
houston_tx,2021-01,154,141,12933999.675000003,1050694.25
houston_tx,2021-02,121,114,9435601.32,782709.0
houston_tx,2021-03,183,167,13714503.375000002,1160507.25
houston_tx,2021-04,196,177,15338275.9,1294221.0
houston_tx,2021-05,210,192,15747301.6,1341712.0
houston_tx,2021-06,209,189,15776961.275000002,1349140.25
houston_tx,2021-07,210,190,15795688.500000002,1357441.0
houston_tx,2021-08,228,206,17443920.5,1461965.0
houston_tx,2021-09,209,188,15071698.175,1272726.25
houston_tx,2021-10,219,196,15814827.750000004,1363154.0
houston_tx,2021-11,215,192,15388776.300000003,1310258.0
houston_tx,2021-12,203,179,14404857.814999998,1218322.25
houston_tx,2022-01,239,214,15978712.180000002,1399998.0
houston_tx,2022-02,208,179,14119957.899999999,1201060.0
houston_tx,2022-03,228,199,15191583.635000004,1339453.25
houston_tx,2022-04,235,221,17077199.0,1486107.0
houston_tx,2022-05,219,199,14866464.920000002,1312350.0
houston_tx,2022-06,220,191,14028861.954999998,1232734.25
houston_tx,2022-07,219,193,15170240.94,1322668.0
houston_tx,2022-08,229,201,15675560.8,1370451.0
houston_tx,2022-09,222,196,14675704.620000001,1297743.0
houston_tx,2022-10,237,217,16376428.679999998,1448847.75
houston_tx,2022-11,203,178,14725066.900000002,1255333.0
houston_tx,2022-12,222,196,14619306.499999998,1296505.0
houston_tx,2023-01,220,192,15321281.049999999,1340221.0
houston_tx,2023-02,183,164,14116742.5,1207382.0
houston_tx,2023-03,217,186,14917877.400000002,1321742.0
houston_tx,2023-04,207,175,15642470.549999997,1311571.0
houston_tx,2023-05,204,176,15340328.100000001,1280919.0
houston_tx,2023-06,218,196,15741897.450000005,1358520.0
houston_tx,2023-07,221,200,16845786.299999997,1450180.0
houston_tx,2023-08,192,166,14225555.024999999,1202700.25
houston_tx,2023-09,190,165,14605620.700000001,1245666.0
houston_tx,2023-10,214,188,16651909.7,1390135.0
houston_tx,2023-11,178,156,13267250.274999999,1147662.25
houston_tx,2023-12,201,172,15529503.499999998,1307988.0
houston_tx,2024-01,201,169,14477478.375,1250611.25
houston_tx,2024-02,199,174,15512110.575,1340527.0
houston_tx,2024-03,202,170,14786277.5,1272263.0
houston_tx,2024-04,192,163,13510435.524999999,1172188.25
houston_tx,2024-05,203,174,14771240.0,1273257.0
houston_tx,2024-06,198,171,14262847.95,1236473.0
houston_tx,2024-07,198,171,13772698.600000001,1216299.0
houston_tx,2024-08,198,166,14188037.55,1236713.0
houston_tx,2024-09,190,161,13274157.699999997,1158249.0
houston_tx,2024-10,195,159,12507247.775,1098706.25
houston_tx,2024-11,222,180,14444581.2,1258695.0
houston_tx,2024-12,206,159,13168000.5,1158011.0
houston_tx,2025-01,199,165,13281951.075,1169649.25
houston_tx,2025-02,187,167,13441692.65,1191776.0
houston_tx,2025-03,208,178,13558324.700000001,1206721.0
houston_tx,2025-04,212,179,14607273.775000004,1293962.25
houston_tx,2025-05,193,165,14161196.470000003,1215707.0
houston_tx,2025-06,200,164,13670831.06,1206123.0
houston_tx,2025-07,211,169,14409552.325,1245611.25
houston_tx,2025-08,205,168,13954876.799999999,1236671.0
houston_tx,2025-09,200,166,13271287.199999997,1164958.0
houston_tx,2025-10,187,146,12424593.1,1094860.0
houston_tx,2025-11,185,138,12239147.5,1042647.0
houston_tx,2025-12,191,139,11177960.299999999,978802.0
jacksonville_fl,2015-01,80,68,4962232.82,457601.0
jacksonville_fl,2015-02,79,71,4994224.2,464059.0
jacksonville_fl,2015-03,82,70,5012400.149999999,466742.0
jacksonville_fl,2015-04,78,67,4893588.180000001,450478.0
jacksonville_fl,2015-05,88,75,5762312.18,521209.0
jacksonville_fl,2015-06,93,77,5603535.079999999,518062.0
jacksonville_fl,2015-07,87,77,5822056.5,527519.0
jacksonville_fl,2015-08,85,80,6109215.94,549293.0
jacksonville_fl,2015-09,81,73,5404187.499999999,493965.0
jacksonville_fl,2015-10,85,74,5749713.419999999,514044.0
jacksonville_fl,2015-11,72,66,5008179.58,452496.0
jacksonville_fl,2015-12,102,87,6055356.54,560550.0
jacksonville_fl,2016-01,80,71,5860507.42,509702.0
jacksonville_fl,2016-02,52,50,3832977.1600000006,341023.0
jacksonville_fl,2016-03,43,35,2652084.0600000005,239859.0
jacksonville_fl,2016-04,38,37,2769614.36,249203.0
jacksonville_fl,2016-05,78,68,5206462.9399999995,471151.0
jacksonville_fl,2016-06,69,63,5032123.1,442434.0
jacksonville_fl,2016-07,71,67,5335947.98,475751.0
jacksonville_fl,2016-08,71,65,5263365.32,467587.0
jacksonville_fl,2016-09,66,62,4813553.100000001,438206.0
jacksonville_fl,2016-10,71,64,5185491.959999999,452276.0
jacksonville_fl,2016-11,67,65,4950339.5,447170.0
jacksonville_fl,2016-12,84,73,5505514.46,491898.0
jacksonville_fl,2017-01,65,61,4776304.6,416767.0
jacksonville_fl,2017-02,52,47,3830332.7999999993,333424.0
jacksonville_fl,2017-03,66,61,4990356.7,435967.0
jacksonville_fl,2017-04,57,51,4161490.9000000004,361946.0
jacksonville_fl,2017-05,64,60,4913476.4,428604.0
jacksonville_fl,2017-06,53,50,4229722.3,361853.0
jacksonville_fl,2017-07,62,58,4457492.4,391996.0
jacksonville_fl,2017-08,49,44,3534790.92,307212.0
jacksonville_fl,2017-09,53,49,3966282.06,343857.0
jacksonville_fl,2017-10,46,41,3452719.9,293488.0
jacksonville_fl,2017-11,51,49,3810522.9,335173.0
jacksonville_fl,2017-12,54,50,4049648.8200000003,356301.0
jacksonville_fl,2018-01,92,78,6683790.5,567649.0
jacksonville_fl,2018-02,88,79,6356402.100000001,549544.0
jacksonville_fl,2018-03,87,80,7252381.199999998,608766.0
jacksonville_fl,2018-04,91,85,7240770.4,621984.0
jacksonville_fl,2018-05,107,100,8185218.5,707047.0
jacksonville_fl,2018-06,97,89,7383414.799999999,632104.0
jacksonville_fl,2018-07,100,93,8009422.2,686510.0
jacksonville_fl,2018-08,99,92,7402804.6000000015,651815.0
jacksonville_fl,2018-09,93,89,7650300.600000001,656452.0
jacksonville_fl,2018-10,96,90,7873819.375000001,666125.25
jacksonville_fl,2018-11,95,87,7724562.274999999,657789.25
jacksonville_fl,2018-12,94,90,7713173.8999999985,670185.0
jacksonville_fl,2019-01,101,91,8471586.975,704240.25
jacksonville_fl,2019-02,86,80,7247419.799999999,603019.0
jacksonville_fl,2019-03,103,98,8802268.9,746515.0
jacksonville_fl,2019-04,89,82,7047374.675,598073.25
jacksonville_fl,2019-05,87,80,7129921.3999999985,601441.0
jacksonville_fl,2019-06,91,85,7386391.9,631214.0
jacksonville_fl,2019-07,89,83,7095562.3,606558.0
jacksonville_fl,2019-08,84,81,6844031.8999999985,589638.0
jacksonville_fl,2019-09,81,77,6610216.9,567047.0
jacksonville_fl,2019-10,85,79,6682747.5,581745.0
jacksonville_fl,2019-11,84,79,6268546.450000001,540222.0
jacksonville_fl,2019-12,77,71,5716157.600000001,509125.0
jacksonville_fl,2020-01,69,65,5505817.4,479247.0
jacksonville_fl,2020-02,73,65,5715025.500000001,486072.0
jacksonville_fl,2020-03,70,66,5393031.200000001,477820.0
jacksonville_fl,2020-04,65,61,5055870.999999999,438529.0
jacksonville_fl,2020-05,61,58,5137919.100000001,424540.0
jacksonville_fl,2020-06,59,55,4739287.2,402932.0
jacksonville_fl,2020-07,60,58,4917401.6,425401.0
jacksonville_fl,2020-08,69,69,5230812.7,466092.0
jacksonville_fl,2020-09,70,61,5296935.4,460490.0
jacksonville_fl,2020-10,71,65,5409058.800000001,475335.0
jacksonville_fl,2020-11,75,71,6271378.4,542431.0
jacksonville_fl,2020-12,79,73,5555356.899999999,504053.0
jacksonville_fl,2021-01,69,66,5648890.800000001,493112.0
jacksonville_fl,2021-02,59,54,4731108.8,405711.0
jacksonville_fl,2021-03,74,70,5364879.299999999,483575.0
jacksonville_fl,2021-04,89,78,6285375.999999999,567507.0
jacksonville_fl,2021-05,93,84,6889132.000000002,614882.0
jacksonville_fl,2021-06,87,83,6191788.200000001,570737.0
jacksonville_fl,2021-07,76,71,5410309.0,486151.0
jacksonville_fl,2021-08,74,71,5214467.800000001,484872.0
jacksonville_fl,2021-09,75,71,5801682.000000001,517088.0
jacksonville_fl,2021-10,72,70,5153802.200000001,481488.0
jacksonville_fl,2021-11,68,62,4851842.900000001,446786.0
jacksonville_fl,2021-12,84,77,6448654.300000001,570632.0
jacksonville_fl,2022-01,86,78,6472424.000000001,579254.0
jacksonville_fl,2022-02,66,61,4391542.399999999,414541.0
jacksonville_fl,2022-03,90,82,5936688.1,570663.0
jacksonville_fl,2022-04,90,86,6047255.300000002,569956.0
jacksonville_fl,2022-05,88,85,6279943.0,579273.0
jacksonville_fl,2022-06,94,84,6353211.100000001,588609.0
jacksonville_fl,2022-07,86,84,6338857.500000001,580907.0
jacksonville_fl,2022-08,93,88,6364433.2,583557.0
jacksonville_fl,2022-09,75,68,5045675.9,464161.0
jacksonville_fl,2022-10,82,79,6162677.0,566532.0
jacksonville_fl,2022-11,77,71,5417893.699999999,490953.0
jacksonville_fl,2022-12,79,74,5497006.400000001,518584.0
jacksonville_fl,2023-01,83,77,5961722.9,542178.0
jacksonville_fl,2023-02,80,72,5436431.3,503507.0
jacksonville_fl,2023-03,75,66,5094318.2,477703.0
jacksonville_fl,2023-04,81,72,5603274.6,507910.0
jacksonville_fl,2023-05,85,78,6417325.200000002,576805.0
jacksonville_fl,2023-06,87,80,6305019.900000001,587625.0
jacksonville_fl,2023-07,84,78,5917432.8,569956.0
jacksonville_fl,2023-08,87,82,6363858.6,602341.0
jacksonville_fl,2023-09,84,83,6450120.099999999,604505.0
jacksonville_fl,2023-10,83,78,6088496.6,575922.0
jacksonville_fl,2023-11,75,70,5830975.7,535204.0
jacksonville_fl,2023-12,78,75,5506559.500000001,524639.0
jacksonville_fl,2024-01,82,76,5773464.3999999985,547274.0
jacksonville_fl,2024-02,69,69,5837220.3,533775.0
jacksonville_fl,2024-03,73,68,5260212.899999999,492891.0
jacksonville_fl,2024-04,73,69,5500124.3,518186.0
jacksonville_fl,2024-05,85,78,6112241.499999999,569943.0
jacksonville_fl,2024-06,79,73,6163262.599999999,569545.0
jacksonville_fl,2024-07,78,73,5994434.500000001,554748.0
jacksonville_fl,2024-08,85,81,6721088.9,616330.0
jacksonville_fl,2024-09,74,69,5806543.399999999,535190.0
jacksonville_fl,2024-10,74,70,5489174.399999999,515003.0
jacksonville_fl,2024-11,78,74,6012306.7,555855.0
jacksonville_fl,2024-12,87,80,6487574.460000002,600653.0
jacksonville_fl,2025-01,81,76,5692341.6,552160.0
jacksonville_fl,2025-02,81,77,6466356.1,595990.0
jacksonville_fl,2025-03,98,84,6284589.600000001,601599.0
jacksonville_fl,2025-04,94,83,6763951.6,630102.0
jacksonville_fl,2025-05,101,91,6995096.800000001,664302.0
jacksonville_fl,2025-06,87,85,7042012.300000001,632282.0
jacksonville_fl,2025-07,99,90,7669945.2,716584.0
jacksonville_fl,2025-08,106,97,8126773.6000000015,746426.0
jacksonville_fl,2025-09,82,74,5933773.8,542717.0
jacksonville_fl,2025-10,108,96,7526842.500000002,706319.0
jacksonville_fl,2025-11,86,74,5385044.699999998,510306.0
jacksonville_fl,2025-12,80,68,5025582.5,484828.0
miami_fl,2015-01,80,61,2990686.86,268955.0
miami_fl,2015-02,77,63,3220678.7600000002,289316.0
miami_fl,2015-03,77,64,3518966.9600000004,306498.0
miami_fl,2015-04,73,63,3726524.1799999997,344988.0
miami_fl,2015-05,71,64,4252426.38,363005.0
miami_fl,2015-06,74,65,4151269.58,345615.0
miami_fl,2015-07,85,75,4886134.48,416349.0
miami_fl,2015-08,79,70,4614824.08,379140.0
miami_fl,2015-09,77,69,4428039.9,372760.0
miami_fl,2015-10,80,72,4668642.94,399484.0
miami_fl,2015-11,65,58,3806831.4200000004,312180.0
miami_fl,2015-12,75,66,4001778.8600000003,340826.0
miami_fl,2016-01,67,65,5029452.42,408290.0
miami_fl,2016-02,45,45,2443798.6,224115.0
miami_fl,2016-03,50,47,2306974.24,227287.0
miami_fl,2016-04,53,53,3573773.94,298990.0
miami_fl,2016-05,65,61,4298332.819999999,362154.0
miami_fl,2016-06,65,62,4083232.8200000003,350068.0
miami_fl,2016-07,58,54,3921820.5199999996,320990.0
miami_fl,2016-08,60,54,3605133.72,296428.0
miami_fl,2016-09,58,56,3772159.6800000006,309628.0
miami_fl,2016-10,62,59,3261216.18,278094.0
miami_fl,2016-11,55,53,4025085.8200000003,317760.0
miami_fl,2016-12,59,57,3605833.7199999993,301607.0
miami_fl,2017-01,57,53,3619136.42,304732.0
miami_fl,2017-02,53,50,3104198.9999999995,267264.0
miami_fl,2017-03,59,57,3672174.0000000005,304321.0
miami_fl,2017-04,53,53,3366372.0,276575.0
miami_fl,2017-05,56,55,4334540.1,336109.0
miami_fl,2017-06,50,47,2837397.0999999996,231576.0
miami_fl,2017-07,56,54,3899719.3000000003,313352.0
miami_fl,2017-08,59,58,4552073.300000001,364428.0
miami_fl,2017-09,55,48,3256629.3000000007,278592.0
miami_fl,2017-10,53,49,3407366.5999999996,281569.0
miami_fl,2017-11,52,50,3486637.7,289037.0
miami_fl,2017-12,49,47,3510942.1999999997,275497.0
miami_fl,2018-01,77,75,5214462.9,408924.0
miami_fl,2018-02,74,69,4896164.800000001,388383.0
miami_fl,2018-03,78,74,5378564.1,423243.0
miami_fl,2018-04,75,75,5468516.020000001,426997.0
miami_fl,2018-05,76,75,6249427.899999999,480816.0
miami_fl,2018-06,81,79,5692442.700000001,450311.0
miami_fl,2018-07,78,78,6213892.9,480257.0
miami_fl,2018-08,87,84,6427943.4,511154.0
miami_fl,2018-09,64,64,4581957.4,377681.0
miami_fl,2018-10,77,76,6565949.274999999,514428.25
miami_fl,2018-11,68,65,4705537.4,395802.0
miami_fl,2018-12,64,61,4859272.6000000015,377251.0
miami_fl,2019-01,73,70,6373062.475,482759.25
miami_fl,2019-02,69,68,5499580.4,425586.0
miami_fl,2019-03,73,71,5759897.4,443412.0
miami_fl,2019-04,74,71,6035699.175,464079.25
miami_fl,2019-05,74,72,6129013.899999999,473268.0
miami_fl,2019-06,66,64,5337902.7,415608.0
miami_fl,2019-07,66,63,5347915.675,415895.25
miami_fl,2019-08,68,65,5484256.799999999,420411.0
miami_fl,2019-09,70,68,5463074.774999999,430897.25
miami_fl,2019-10,67,64,5432197.800000001,418678.0
miami_fl,2019-11,64,61,4980171.3,387105.0
miami_fl,2019-12,65,65,5744437.274999999,443212.25
miami_fl,2020-01,66,64,5398408.699999999,425113.0
miami_fl,2020-02,65,63,5089562.8,406186.0
miami_fl,2020-03,71,68,5561215.1,443457.0
miami_fl,2020-04,63,58,4741421.4,379992.0
miami_fl,2020-05,59,58,5472636.375,424431.25
miami_fl,2020-06,63,62,5608291.9,435229.0
miami_fl,2020-07,56,55,4654033.275000001,362755.25
miami_fl,2020-08,71,69,6635928.3,509667.0
miami_fl,2020-09,68,67,5539780.300000001,438486.0
miami_fl,2020-10,65,64,5969113.175,469017.25
miami_fl,2020-11,62,60,5324232.8,413259.0
miami_fl,2020-12,63,61,4717630.100000001,380077.0
miami_fl,2021-01,73,71,6216907.374999999,491794.25
miami_fl,2021-02,57,57,4843027.500000001,387814.0
miami_fl,2021-03,63,62,5082669.799999999,405264.0
miami_fl,2021-04,68,68,5880334.375,465455.25
miami_fl,2021-05,65,64,5277543.800000001,424527.0
miami_fl,2021-06,68,67,5841080.675,463750.25
miami_fl,2021-07,65,64,5046924.900000001,400295.0
miami_fl,2021-08,70,70,5579341.199999999,455935.0
miami_fl,2021-09,67,67,5008972.175,404112.25
miami_fl,2021-10,73,68,4921327.9,398594.0
miami_fl,2021-11,69,67,4856887.899999999,391659.0
miami_fl,2021-12,74,70,5551109.300000001,442542.0
miami_fl,2022-01,65,64,4848899.300000001,382627.0
miami_fl,2022-02,67,62,4492771.1,372680.0
miami_fl,2022-03,66,64,4730031.575000001,371452.25
miami_fl,2022-04,61,58,4170173.2999999993,334609.0
miami_fl,2022-05,69,66,5106299.5,410962.0
miami_fl,2022-06,65,63,4545441.875,363353.25
miami_fl,2022-07,63,61,4676116.3,376363.0
miami_fl,2022-08,61,59,4970561.399999999,393591.0
miami_fl,2022-09,60,59,4369822.6,350147.0
miami_fl,2022-10,67,65,5646348.700000001,448181.0
miami_fl,2022-11,68,64,4864513.8,390707.0
miami_fl,2022-12,63,61,4629300.0,371889.0
miami_fl,2023-01,69,67,5649633.05,452891.0
miami_fl,2023-02,58,56,4550157.3,361892.0
miami_fl,2023-03,74,72,5864807.199999999,472344.0
miami_fl,2023-04,68,66,5177419.099999999,437878.0
miami_fl,2023-05,71,68,5974744.1,487322.0
miami_fl,2023-06,77,72,6270285.5,502543.0
miami_fl,2023-07,73,70,5868087.799999999,491080.0
miami_fl,2023-08,69,66,5486981.900000001,455266.0
miami_fl,2023-09,70,67,5848960.899999999,480092.0
miami_fl,2023-10,78,75,6408136.0,529788.0
miami_fl,2023-11,74,70,5635197.3,470006.0
miami_fl,2023-12,68,65,5304333.600000001,439883.0
miami_fl,2024-01,68,65,5161737.899999999,433289.0
miami_fl,2024-02,68,65,5569242.799999999,459787.0
miami_fl,2024-03,71,67,5742320.399999999,465563.0
miami_fl,2024-04,74,69,5195430.300000001,441461.0
miami_fl,2024-05,77,73,4996671.399999999,429204.0
miami_fl,2024-06,71,67,4877118.0,419266.0
miami_fl,2024-07,66,64,4774929.100000001,406621.0
miami_fl,2024-08,73,70,4967911.599999999,433339.0
miami_fl,2024-09,69,67,4655560.8,401651.0
miami_fl,2024-10,71,67,4681664.3,399446.0
miami_fl,2024-11,69,65,4976739.299999999,433809.0
miami_fl,2024-12,63,60,3786018.3000000003,323984.0
miami_fl,2025-01,63,61,4329752.7,380981.0
miami_fl,2025-02,66,65,4895848.199999999,421381.0
miami_fl,2025-03,68,65,4624601.7,400198.0
miami_fl,2025-04,73,68,4717128.4,408569.0
miami_fl,2025-05,71,67,4711495.399999999,427687.0
miami_fl,2025-06,74,65,4396938.16,382550.0
miami_fl,2025-07,76,71,5327658.175,464074.25
miami_fl,2025-08,77,70,4991164.399999999,437480.0
miami_fl,2025-09,77,67,4657690.0,412406.0
miami_fl,2025-10,80,71,5229270.600000001,465736.0
miami_fl,2025-11,72,65,4444381.5,394826.0
miami_fl,2025-12,75,64,3809110.4,349143.0
mobile_al,2015-01,45,34,2855760.58,228656.0
mobile_al,2015-02,45,36,3197101.8600000003,257395.0
mobile_al,2015-03,41,32,3072300.4599999995,251005.0
mobile_al,2015-04,45,36,3095667.0799999996,250346.0
mobile_al,2015-05,45,37,3675906.5,288837.0
mobile_al,2015-06,44,32,2687808.1600000006,212709.0
mobile_al,2015-07,46,37,3207733.1399999997,259151.0
mobile_al,2015-08,50,40,3288063.2500000005,272242.0
mobile_al,2015-09,41,31,2628317.16,211862.0
mobile_al,2015-10,53,38,3159423.3599999994,258543.0
mobile_al,2015-11,41,32,2829751.3299999996,227254.0
mobile_al,2015-12,46,34,3112413.5200000005,246636.0
mobile_al,2016-01,38,27,2373173.6,195387.0
mobile_al,2016-02,20,18,1605986.8000000003,129039.0
mobile_al,2016-03,21,17,1563261.5,125002.0
mobile_al,2016-04,24,22,1982154.2000000002,161149.0
mobile_al,2016-05,40,30,2387995.28,197239.0
mobile_al,2016-06,42,36,3122357.3200000003,266717.0
mobile_al,2016-07,39,32,2945142.0399999996,254255.0
mobile_al,2016-08,44,35,2903480.38,235448.0
mobile_al,2016-09,47,42,3500551.1000000006,288897.0
mobile_al,2016-10,40,35,3148716.5599999996,254295.0
mobile_al,2016-11,39,31,2707070.6000000006,217715.0
mobile_al,2016-12,47,34,3047619.5,243318.0
mobile_al,2017-01,45,38,3184663.1,262583.0
mobile_al,2017-02,39,33,3027592.9999999995,243812.0
mobile_al,2017-03,49,40,3888239.1,302462.0
mobile_al,2017-04,46,42,3533915.9599999995,288812.0
mobile_al,2017-05,62,56,4901679.56,394292.0
mobile_al,2017-06,48,43,3899182.599999999,305456.0
mobile_al,2017-07,55,49,4731890.999999999,372153.0
mobile_al,2017-08,51,47,4224354.0,333057.0
mobile_al,2017-09,46,42,3942376.4,311179.0
mobile_al,2017-10,51,47,4223810.300000001,336993.0
mobile_al,2017-11,40,38,3514549.499999999,274374.0
mobile_al,2017-12,45,40,3523016.099999999,282832.0
mobile_al,2018-01,76,64,4928292.499999999,407962.0
mobile_al,2018-02,72,56,4527701.06,368625.0
mobile_al,2018-03,79,60,5040843.86,400199.0
mobile_al,2018-04,68,55,4025760.4000000004,334116.0
mobile_al,2018-05,75,63,5017449.6,407787.0
mobile_al,2018-06,73,58,4782238.959999999,386194.0
mobile_al,2018-07,76,66,5222597.699999999,431075.0
mobile_al,2018-08,74,56,4599027.6,377707.0
mobile_al,2018-09,71,66,4855529.760000001,404407.0
mobile_al,2018-10,79,64,4607482.774999999,377479.25
mobile_al,2018-11,70,57,4320646.1,364267.0
mobile_al,2018-12,64,51,4045219.099999999,337995.0
mobile_al,2019-01,82,65,5290941.475,438797.25
mobile_al,2019-02,77,66,4780750.399999999,392972.0
mobile_al,2019-03,83,69,5609827.299999999,464904.0
mobile_al,2019-04,67,56,4986779.275,398575.25
mobile_al,2019-05,67,56,5123199.499999999,404138.0
mobile_al,2019-06,79,62,4911902.374999999,407942.25
mobile_al,2019-07,70,61,4601121.600000001,382650.0
mobile_al,2019-08,71,60,5051031.1,412151.0
mobile_al,2019-09,75,63,5527225.475000001,448107.25
mobile_al,2019-10,69,57,4850403.3,407180.0
mobile_al,2019-11,53,46,4238866.9,340414.0
mobile_al,2019-12,66,58,5212413.475000001,426146.25
mobile_al,2020-01,68,59,5038810.600000001,421035.0
mobile_al,2020-02,57,52,4004540.4,333450.0
mobile_al,2020-03,64,55,4913150.499999999,397880.0
mobile_al,2020-04,59,50,4132691.6999999997,353385.0
mobile_al,2020-05,63,53,4897706.475,402100.25
mobile_al,2020-06,53,49,4207179.2,341903.0
mobile_al,2020-07,49,41,4104674.1750000003,328770.25
mobile_al,2020-08,54,50,5469585.7,440110.0
mobile_al,2020-09,58,55,5208339.400000001,421024.0
mobile_al,2020-10,62,56,4897718.175,404269.25
mobile_al,2020-11,58,53,5367306.3,429976.0
mobile_al,2020-12,69,59,5722245.6,456559.0
mobile_al,2021-01,64,58,5180704.675000001,419347.25
mobile_al,2021-02,55,46,3782451.1,305686.0
mobile_al,2021-03,78,65,5397131.475,447880.25
mobile_al,2021-04,75,64,5024148.5,427916.0
mobile_al,2021-05,82,67,5117750.0,449663.0
mobile_al,2021-06,81,72,5606409.075000001,479220.25
mobile_al,2021-07,81,70,5797901.699999999,481354.0
mobile_al,2021-08,75,73,6059847.6,518316.0
mobile_al,2021-09,79,73,5992375.774999999,508448.25
mobile_al,2021-10,76,65,5043322.1000000015,439316.0
mobile_al,2021-11,85,75,7090928.900000002,580190.0
mobile_al,2021-12,77,68,5914462.075000001,491864.25
mobile_al,2022-01,87,83,6848172.0,598347.0
mobile_al,2022-02,81,70,5802943.4,481258.0
mobile_al,2022-03,82,73,6146070.974999999,513462.25
mobile_al,2022-04,88,80,6191687.8,545298.0
mobile_al,2022-05,91,79,6371202.1,526091.0
mobile_al,2022-06,79,69,5159882.075,450853.25
mobile_al,2022-07,92,82,6651148.1,569639.0
mobile_al,2022-08,82,71,5652957.499999999,485905.0
mobile_al,2022-09,93,83,6666314.82,569350.0
mobile_al,2022-10,88,78,6057097.02,530715.0
mobile_al,2022-11,86,71,5778840.6000000015,497136.0
mobile_al,2022-12,81,62,5308529.6,470194.0
mobile_al,2023-01,87,71,6487589.35,545459.0
mobile_al,2023-02,85,71,6492052.399999999,555190.0
mobile_al,2023-03,80,72,6240596.900000001,544394.0
mobile_al,2023-04,74,65,5964927.249999999,493556.0
mobile_al,2023-05,90,79,6832712.659999999,569996.0
mobile_al,2023-06,82,66,6243660.799999999,530933.0
mobile_al,2023-07,93,79,7540311.3,631689.0
mobile_al,2023-08,95,81,7415278.475000001,612070.25
mobile_al,2023-09,88,76,7185023.149999999,608182.0
mobile_al,2023-10,82,67,7022045.600000001,577617.0
mobile_al,2023-11,68,60,6045493.615,508270.25
mobile_al,2023-12,81,68,6768572.239999999,563728.0
mobile_al,2024-01,85,70,6986809.100000001,567465.0
mobile_al,2024-02,85,73,7579242.775,615965.25
mobile_al,2024-03,91,73,6570303.999999998,553561.0
mobile_al,2024-04,92,74,6590458.475,562521.25
mobile_al,2024-05,97,78,7355966.175,622058.25
mobile_al,2024-06,105,92,7612488.0,660330.0
mobile_al,2024-07,87,76,5954753.899999999,530656.0
mobile_al,2024-08,94,78,7073343.800000002,592553.0
mobile_al,2024-09,94,72,5960776.000000001,518053.0
mobile_al,2024-10,80,59,5028242.075,442873.25
mobile_al,2024-11,86,72,6759111.899999999,578902.0
mobile_al,2024-12,80,60,4918318.099999999,422167.0
mobile_al,2025-01,85,71,6234932.155,546888.25
mobile_al,2025-02,80,67,5645042.849999998,499946.0
mobile_al,2025-03,93,73,5665902.899999999,487623.0
mobile_al,2025-04,91,72,5603569.575,508491.25
mobile_al,2025-05,95,80,7094891.31,607169.0
mobile_al,2025-06,83,66,5263780.260000002,452160.0
mobile_al,2025-07,94,78,6426546.5249999985,560389.25
mobile_al,2025-08,93,72,6486102.0,555902.0
mobile_al,2025-09,79,54,4273723.3,380271.0
mobile_al,2025-10,85,57,4670661.2,414541.0
mobile_al,2025-11,100,70,6345258.0,553058.0
mobile_al,2025-12,93,65,5712335.299999999,493768.0
new_orleans_la,2015-01,228,153,10842598.959999999,908724.75
new_orleans_la,2015-02,212,157,10975537.04,930754.0
new_orleans_la,2015-03,189,152,10727332.1,921297.0
new_orleans_la,2015-04,193,158,10714684.89,918540.75
new_orleans_la,2015-05,182,150,10495249.370000001,908478.0
new_orleans_la,2015-06,152,127,8812397.290000001,760689.0
new_orleans_la,2015-07,149,123,8195534.8100000005,711305.0
new_orleans_la,2015-08,188,153,10934167.479999999,922993.0
new_orleans_la,2015-09,193,139,10647631.100000001,878335.0
new_orleans_la,2015-10,181,121,8850078.4,727577.0
new_orleans_la,2015-11,170,123,9381674.27,773387.0
new_orleans_la,2015-12,179,139,10340318.209999999,846717.0
new_orleans_la,2016-01,145,109,7872471.64,660261.0
new_orleans_la,2016-02,110,87,6104881.25,509415.0
new_orleans_la,2016-03,106,94,6393913.8900000015,549655.0
new_orleans_la,2016-04,107,90,6519985.18,554818.0
new_orleans_la,2016-05,150,129,8744171.99,756823.0
new_orleans_la,2016-06,143,118,7865055.399999999,678737.0
new_orleans_la,2016-07,175,139,9846740.42,827067.0
new_orleans_la,2016-08,162,129,9750385.360000003,817343.0
new_orleans_la,2016-09,171,130,9452249.950000001,796195.0
new_orleans_la,2016-10,178,136,10753078.47,870910.0
new_orleans_la,2016-11,175,132,10349610.6,843985.0
new_orleans_la,2016-12,162,128,9870260.680000002,804051.0
new_orleans_la,2017-01,182,142,10747089.94,878105.0
new_orleans_la,2017-02,174,135,9693560.879999999,809516.0
new_orleans_la,2017-03,187,152,11574344.799999999,959483.0
new_orleans_la,2017-04,157,125,8749116.86,746515.0
new_orleans_la,2017-05,138,116,9251927.72,751610.0
new_orleans_la,2017-06,149,128,9466667.120000001,785137.0
new_orleans_la,2017-07,149,127,9971604.560000002,815346.0
new_orleans_la,2017-08,139,123,9942768.28,803077.0
new_orleans_la,2017-09,145,109,9136269.340000002,729694.0
new_orleans_la,2017-10,148,116,10061555.92,788649.0
new_orleans_la,2017-11,149,122,10301130.42,821920.0
new_orleans_la,2017-12,139,112,9402757.319999998,752220.0
new_orleans_la,2018-01,307,219,15711293.429999996,1295074.0
new_orleans_la,2018-02,311,218,15167272.69,1242939.0
new_orleans_la,2018-03,286,210,15370058.169999998,1264469.0
new_orleans_la,2018-04,315,245,16368735.989999998,1382688.75
new_orleans_la,2018-05,285,213,15138735.329999996,1260535.75
new_orleans_la,2018-06,281,215,15413733.89,1265078.0
new_orleans_la,2018-07,277,223,15516662.389999999,1290360.0
new_orleans_la,2018-08,280,221,15442660.029999996,1283635.0
new_orleans_la,2018-09,288,223,16548965.129999999,1345643.0
new_orleans_la,2018-10,290,214,15485696.174999999,1264290.25
new_orleans_la,2018-11,267,203,14131958.750000002,1172236.0
new_orleans_la,2018-12,262,207,15367776.939999998,1237529.0
new_orleans_la,2019-01,319,246,18018817.645,1458630.25
new_orleans_la,2019-02,252,192,13113851.430000002,1107145.0
new_orleans_la,2019-03,258,204,14534771.690000003,1219441.0
new_orleans_la,2019-04,240,181,12168541.664999997,1023563.25
new_orleans_la,2019-05,243,199,13545721.110000001,1123649.75
new_orleans_la,2019-06,213,178,12033246.200000001,1022312.75
new_orleans_la,2019-07,208,175,11918804.955000002,1008297.25
new_orleans_la,2019-08,243,203,13736470.38,1160560.0
new_orleans_la,2019-09,229,187,13332243.815000001,1104165.25
new_orleans_la,2019-10,228,170,12654415.92,1045718.0
new_orleans_la,2019-11,209,162,12113423.820000004,979267.0
new_orleans_la,2019-12,206,164,12497279.874999998,1016794.25
new_orleans_la,2020-01,228,179,12976352.799999999,1079071.0
new_orleans_la,2020-02,200,167,12391256.92,1020982.0
new_orleans_la,2020-03,242,207,15224412.4,1254659.0
new_orleans_la,2020-04,212,180,12517623.020000001,1051590.0
new_orleans_la,2020-05,220,183,12896212.625,1098654.25
new_orleans_la,2020-06,221,183,12775988.200000001,1096209.0
new_orleans_la,2020-07,207,161,11279091.075,958649.25
new_orleans_la,2020-08,201,157,11787479.700000001,986923.0
new_orleans_la,2020-09,196,144,10197944.389999999,869318.0
new_orleans_la,2020-10,207,160,11794560.089999998,989190.0
new_orleans_la,2020-11,219,166,12040225.99,993991.0
new_orleans_la,2020-12,228,171,11121299.51,942286.0
new_orleans_la,2021-01,235,179,11823759.084999997,1001200.25
new_orleans_la,2021-02,217,166,11854205.09,985573.0
new_orleans_la,2021-03,265,202,14637600.280000003,1228452.0
new_orleans_la,2021-04,286,214,14099633.695,1269013.25
new_orleans_la,2021-05,289,224,15285927.22,1373344.0
new_orleans_la,2021-06,251,199,12810100.599999998,1183670.0
new_orleans_la,2021-07,266,205,14001101.700000003,1260695.0
new_orleans_la,2021-08,259,201,13656890.5,1233878.0
new_orleans_la,2021-09,219,175,11975764.015000002,1076965.25
new_orleans_la,2021-10,333,253,17177919.69,1548422.0
new_orleans_la,2021-11,334,234,15454836.040000001,1379262.0
new_orleans_la,2021-12,292,202,13782520.575000003,1235736.25
new_orleans_la,2022-01,343,257,17038712.38,1533733.0
new_orleans_la,2022-02,301,233,14555989.499999998,1339810.0
new_orleans_la,2022-03,298,230,14393332.175,1320192.25
new_orleans_la,2022-04,308,258,17031874.0,1530341.0
new_orleans_la,2022-05,276,228,13783172.439999998,1265742.0
new_orleans_la,2022-06,270,202,12110302.295,1122335.25
new_orleans_la,2022-07,281,228,14402807.3,1333573.0
new_orleans_la,2022-08,278,207,12393628.800000003,1161948.0
new_orleans_la,2022-09,253,202,12788511.100000001,1204368.0
new_orleans_la,2022-10,268,201,13011877.4,1201817.0
new_orleans_la,2022-11,263,194,13208908.7,1203235.0
new_orleans_la,2022-12,279,198,13638457.599999998,1245662.0
new_orleans_la,2023-01,306,228,14696425.000000002,1373801.0
new_orleans_la,2023-02,283,229,15570512.100000003,1413161.0
new_orleans_la,2023-03,293,231,15017399.09,1385141.0
new_orleans_la,2023-04,275,217,14866145.499999998,1363349.0
new_orleans_la,2023-05,258,188,12670470.79,1151346.0
new_orleans_la,2023-06,249,198,13641732.600000001,1240347.0
new_orleans_la,2023-07,235,186,13065481.700000005,1189090.0
new_orleans_la,2023-08,238,179,11441491.075000001,1066313.25
new_orleans_la,2023-09,259,203,12996096.399999999,1232819.0
new_orleans_la,2023-10,262,194,13406611.99,1206804.0
new_orleans_la,2023-11,218,163,11249548.764999999,1034540.25
new_orleans_la,2023-12,272,209,14089877.410000002,1304578.0
new_orleans_la,2024-01,295,220,14362254.47,1365101.0
new_orleans_la,2024-02,311,239,15943864.565000003,1503036.25
new_orleans_la,2024-03,309,226,14927805.39,1383627.75
new_orleans_la,2024-04,265,193,12112894.240000002,1135897.0
new_orleans_la,2024-05,262,205,13305707.575000001,1245248.25
new_orleans_la,2024-06,245,205,12642484.360000001,1215459.0
new_orleans_la,2024-07,239,183,11061581.130000003,1089463.0
new_orleans_la,2024-08,256,195,11994456.400000002,1161965.0
new_orleans_la,2024-09,295,220,13852031.590000004,1323415.0
new_orleans_la,2024-10,316,211,13921267.975000001,1300907.25
new_orleans_la,2024-11,315,215,13535044.780000001,1335266.0
new_orleans_la,2024-12,295,198,12495780.700000003,1187722.0
new_orleans_la,2025-01,293,205,12638420.295,1221278.25
new_orleans_la,2025-02,293,213,14029998.700000001,1339179.0
new_orleans_la,2025-03,316,221,14080485.7,1328421.0
new_orleans_la,2025-04,283,198,12090489.685,1168430.25
new_orleans_la,2025-05,265,200,13118474.4,1243345.0
new_orleans_la,2025-06,258,195,12101356.67,1179927.0
new_orleans_la,2025-07,263,194,12588634.865000002,1215431.25
new_orleans_la,2025-08,271,190,12246626.400000002,1196432.0
new_orleans_la,2025-09,281,200,12178628.190000001,1199681.0
new_orleans_la,2025-10,254,177,10889197.39,1070563.0
new_orleans_la,2025-11,243,152,9814734.0,946485.75
new_orleans_la,2025-12,266,170,10486452.609999998,1028565.75
new_york_new_jersey,2015-01,175,136,14713700.305000002,1179941.25
new_york_new_jersey,2015-02,166,139,15108729.7,1213748.0
new_york_new_jersey,2015-03,181,152,18265430.720000003,1425728.0
new_york_new_jersey,2015-04,178,146,16483430.520000001,1335628.0
new_york_new_jersey,2015-05,180,152,17752936.575000003,1392717.25
new_york_new_jersey,2015-06,178,153,17533822.880000003,1416424.0
new_york_new_jersey,2015-07,194,176,20409966.140000004,1623584.0
new_york_new_jersey,2015-08,180,160,18731351.0,1478137.0
new_york_new_jersey,2015-09,180,160,18675440.355000004,1470801.25
new_york_new_jersey,2015-10,194,169,19469478.800000004,1571063.0
new_york_new_jersey,2015-11,176,156,18797293.14,1455799.0
new_york_new_jersey,2015-12,184,162,18896687.919999998,1484334.0
new_york_new_jersey,2016-01,177,161,18792643.535,1471916.25
new_york_new_jersey,2016-02,105,103,11824087.549999997,940506.0
new_york_new_jersey,2016-03,104,94,11319792.339999998,897824.0
new_york_new_jersey,2016-04,109,103,12044134.69,961443.0
new_york_new_jersey,2016-05,183,169,20013190.565,1575687.25
new_york_new_jersey,2016-06,180,166,19738963.82,1544900.0
new_york_new_jersey,2016-07,171,161,19496721.289999995,1521440.0
new_york_new_jersey,2016-08,163,152,18968152.389999997,1451116.0
new_york_new_jersey,2016-09,142,132,16575677.715,1267693.25
new_york_new_jersey,2016-10,151,138,17341542.04,1319277.0
new_york_new_jersey,2016-11,137,129,15897772.819999998,1217114.0
new_york_new_jersey,2016-12,145,135,16728922.439999998,1291506.0
new_york_new_jersey,2017-01,127,122,14557102.38,1121730.0
new_york_new_jersey,2017-02,142,133,16497559.675,1257975.25
new_york_new_jersey,2017-03,139,130,15591989.02,1211317.0
new_york_new_jersey,2017-04,141,131,15235538.36,1183967.0
new_york_new_jersey,2017-05,145,136,16843000.860000003,1304602.0
new_york_new_jersey,2017-06,140,132,16983529.194999997,1289822.25
new_york_new_jersey,2017-07,137,127,16905792.06,1274724.0
new_york_new_jersey,2017-08,145,138,18337153.365,1389325.25
new_york_new_jersey,2017-09,128,124,16869853.659999996,1273183.0
new_york_new_jersey,2017-10,133,125,16488433.819999998,1245923.0
new_york_new_jersey,2017-11,139,134,18281896.844999995,1377782.25
new_york_new_jersey,2017-12,142,137,18006519.11,1357683.0
new_york_new_jersey,2018-01,222,208,26505273.035,2020355.25
new_york_new_jersey,2018-02,225,203,25366479.45,1927822.0
new_york_new_jersey,2018-03,228,212,25638504.145000003,1975948.25
new_york_new_jersey,2018-04,226,210,25046062.599999998,1916227.0
new_york_new_jersey,2018-05,232,211,24795317.15,1916989.0
new_york_new_jersey,2018-06,223,207,24823430.175,1909893.25
new_york_new_jersey,2018-07,222,210,25252028.5,1937799.0
new_york_new_jersey,2018-08,233,215,26170614.575000003,2001637.25
new_york_new_jersey,2018-09,218,208,24884860.9,1912622.0
new_york_new_jersey,2018-10,239,225,27077062.6,2060056.0
new_york_new_jersey,2018-11,211,195,23020370.2,1782117.0
new_york_new_jersey,2018-12,220,212,23847187.500000004,1844199.0
new_york_new_jersey,2019-01,208,192,23755944.2,1792854.0
new_york_new_jersey,2019-02,200,190,23233947.099999998,1784288.0
new_york_new_jersey,2019-03,204,188,21428355.8,1656582.0
new_york_new_jersey,2019-04,203,190,23014612.499999996,1772380.0
new_york_new_jersey,2019-05,216,205,24149077.200000003,1855926.0
new_york_new_jersey,2019-06,212,195,23629363.699999996,1801426.0
new_york_new_jersey,2019-07,213,199,24301051.400000002,1880131.0
new_york_new_jersey,2019-08,196,182,22618584.0,1730602.0
new_york_new_jersey,2019-09,182,172,21952648.999999996,1662786.0
new_york_new_jersey,2019-10,204,189,23641766.6,1809174.0
new_york_new_jersey,2019-11,181,171,21398277.19999999,1623569.0
new_york_new_jersey,2019-12,204,195,23606061.4,1824096.0
new_york_new_jersey,2020-01,198,183,22660322.0,1735154.0
new_york_new_jersey,2020-02,173,163,20777448.600000005,1582884.0
new_york_new_jersey,2020-03,193,177,21778402.599999998,1682226.0
new_york_new_jersey,2020-04,170,160,19914005.900000002,1521238.0
new_york_new_jersey,2020-05,169,158,19801063.3,1524852.0
new_york_new_jersey,2020-06,167,161,19870500.299999997,1529009.0
new_york_new_jersey,2020-07,183,174,21433855.699999996,1647129.0
new_york_new_jersey,2020-08,197,188,22295859.3,1727105.0
new_york_new_jersey,2020-09,188,175,23007443.299999997,1758771.0
new_york_new_jersey,2020-10,200,186,22663307.599999998,1768599.0
new_york_new_jersey,2020-11,193,181,23116752.6,1776397.0
new_york_new_jersey,2020-12,196,183,23261966.4,1811385.0
new_york_new_jersey,2021-01,173,168,21090909.699999996,1614401.0
new_york_new_jersey,2021-02,162,155,19560188.3,1494724.0
new_york_new_jersey,2021-03,204,190,24188904.300000004,1880633.0
new_york_new_jersey,2021-04,218,209,28250541.8,2189925.0
new_york_new_jersey,2021-05,242,227,30483807.900000002,2383015.0
new_york_new_jersey,2021-06,234,222,30425270.2,2368460.0
new_york_new_jersey,2021-07,227,210,28093008.300000004,2200631.0
new_york_new_jersey,2021-08,254,232,31128870.1,2426989.0
new_york_new_jersey,2021-09,240,220,28870268.5,2263981.0
new_york_new_jersey,2021-10,233,219,28504773.9,2265820.0
new_york_new_jersey,2021-11,229,208,26921464.299999997,2126015.0
new_york_new_jersey,2021-12,245,229,29547418.100000005,2355460.0
new_york_new_jersey,2022-01,234,217,28129311.3,2239861.0
new_york_new_jersey,2022-02,229,217,27783179.7,2209120.0
new_york_new_jersey,2022-03,256,232,30362032.900000002,2402625.0
new_york_new_jersey,2022-04,248,233,28861892.1,2332223.0
new_york_new_jersey,2022-05,247,221,28182352.0,2237370.0
new_york_new_jersey,2022-06,238,220,28527889.0,2275082.0
new_york_new_jersey,2022-07,243,224,28642065.000000004,2304663.0
new_york_new_jersey,2022-08,254,230,30000640.9,2402739.0
new_york_new_jersey,2022-09,254,233,29628996.0,2396906.0
new_york_new_jersey,2022-10,259,238,31465900.700000003,2509088.0
new_york_new_jersey,2022-11,231,211,28590495.699999996,2269212.0
new_york_new_jersey,2022-12,253,232,27984696.000000004,2289920.0
new_york_new_jersey,2023-01,259,229,29638131.0,2369583.0
new_york_new_jersey,2023-02,231,216,26839356.799999993,2193272.0
new_york_new_jersey,2023-03,240,222,27039569.000000004,2193890.0
new_york_new_jersey,2023-04,249,228,29502949.2,2377839.0
new_york_new_jersey,2023-05,257,231,28581025.600000005,2333992.0
new_york_new_jersey,2023-06,240,212,27103293.300000004,2179610.0
new_york_new_jersey,2023-07,263,239,30636827.2,2507998.0
new_york_new_jersey,2023-08,255,242,30133168.500000004,2492753.0
new_york_new_jersey,2023-09,256,230,27609735.400000002,2265505.0
new_york_new_jersey,2023-10,266,245,30434395.899999995,2489422.0
new_york_new_jersey,2023-11,241,229,28018079.400000002,2295258.0
new_york_new_jersey,2023-12,241,226,27510479.199999996,2277552.0
new_york_new_jersey,2024-01,245,229,27864980.30000001,2297645.0
new_york_new_jersey,2024-02,228,214,26905183.2,2205466.0
new_york_new_jersey,2024-03,245,220,26459912.050000004,2217411.0
new_york_new_jersey,2024-04,238,225,27326777.6,2274588.0
new_york_new_jersey,2024-05,248,235,28241279.5,2364162.0
new_york_new_jersey,2024-06,241,222,26397281.800000004,2186209.0
new_york_new_jersey,2024-07,242,221,28504472.200000003,2316271.0
new_york_new_jersey,2024-08,251,233,28092884.200000007,2333298.0
new_york_new_jersey,2024-09,255,235,27442295.299999993,2283966.0
new_york_new_jersey,2024-10,239,221,26312446.400000002,2181135.0
new_york_new_jersey,2024-11,244,227,27101513.300000004,2264267.0
new_york_new_jersey,2024-12,243,225,27059810.66,2245335.0
new_york_new_jersey,2025-01,241,229,27569755.6,2306070.0
new_york_new_jersey,2025-02,235,213,26470767.0,2188024.0
new_york_new_jersey,2025-03,293,261,30276871.76,2549843.0
new_york_new_jersey,2025-04,269,243,29675455.159999996,2443842.0
new_york_new_jersey,2025-05,261,238,29259483.160000004,2427150.0
new_york_new_jersey,2025-06,264,235,26967790.28,2260782.0
new_york_new_jersey,2025-07,279,256,30349478.56,2556322.0
new_york_new_jersey,2025-08,277,250,30049157.259999998,2499253.0
new_york_new_jersey,2025-09,258,218,26920859.16,2209108.0
new_york_new_jersey,2025-10,260,215,26136030.36,2140988.0
new_york_new_jersey,2025-11,266,222,27679697.02,2313341.0
new_york_new_jersey,2025-12,258,211,25424899.62,2112230.0
norfolk_newport_news_va,2015-01,164,129,15604399.235,1206361.25
norfolk_newport_news_va,2015-02,143,109,12984826.379999999,1012878.0
norfolk_newport_news_va,2015-03,174,141,16976980.95,1310737.0
norfolk_newport_news_va,2015-04,151,125,14363100.090000002,1143304.0
norfolk_newport_news_va,2015-05,169,142,17048786.164999995,1321168.25
norfolk_newport_news_va,2015-06,165,140,16523973.259999996,1302250.0
norfolk_newport_news_va,2015-07,162,139,16708793.3,1309802.0
norfolk_newport_news_va,2015-08,158,140,16969717.0,1310661.0
norfolk_newport_news_va,2015-09,163,143,17488806.074999996,1340124.25
norfolk_newport_news_va,2015-10,169,149,18098426.08,1392941.0
norfolk_newport_news_va,2015-11,149,129,16247523.699999997,1236150.0
norfolk_newport_news_va,2015-12,160,137,17313321.98,1311834.0
norfolk_newport_news_va,2016-01,141,119,14815546.055000002,1128810.25
norfolk_newport_news_va,2016-02,91,85,10413868.78,797076.0
norfolk_newport_news_va,2016-03,86,75,9414896.020000001,714258.0
norfolk_newport_news_va,2016-04,88,77,10053648.979999999,772609.0
norfolk_newport_news_va,2016-05,147,137,17721829.244999997,1336979.25
norfolk_newport_news_va,2016-06,153,138,17118623.619999997,1306231.0
norfolk_newport_news_va,2016-07,146,132,17131589.529999997,1283824.0
norfolk_newport_news_va,2016-08,119,111,15414038.989999998,1160707.0
norfolk_newport_news_va,2016-09,126,110,14239150.625000002,1086244.25
norfolk_newport_news_va,2016-10,124,117,15374705.4,1139608.0
norfolk_newport_news_va,2016-11,116,106,14353884.44,1067757.0
norfolk_newport_news_va,2016-12,141,130,16792100.89,1260252.0
norfolk_newport_news_va,2017-01,121,109,14759025.68,1086021.0
norfolk_newport_news_va,2017-02,120,111,14263871.714999996,1066345.25
norfolk_newport_news_va,2017-03,124,114,14496228.58,1098783.0
norfolk_newport_news_va,2017-04,124,109,13563524.46,1030597.0
norfolk_newport_news_va,2017-05,117,107,14797583.66,1099523.0
norfolk_newport_news_va,2017-06,124,113,15386150.039999997,1144307.0
norfolk_newport_news_va,2017-07,108,101,15112770.12,1097446.0
norfolk_newport_news_va,2017-08,120,111,15921221.169999998,1170093.0
norfolk_newport_news_va,2017-09,128,120,16229260.979999999,1203439.0
norfolk_newport_news_va,2017-10,125,112,15531493.44,1143596.0
norfolk_newport_news_va,2017-11,122,117,16099490.06,1194975.0
norfolk_newport_news_va,2017-12,120,106,14693175.370000001,1082754.0
norfolk_newport_news_va,2018-01,217,188,24197200.660000008,1805562.0
norfolk_newport_news_va,2018-02,213,178,22195777.21,1662065.0
norfolk_newport_news_va,2018-03,234,196,23540697.619999997,1774198.0
norfolk_newport_news_va,2018-04,222,198,24808324.7,1849410.0
norfolk_newport_news_va,2018-05,213,188,22811131.05,1718987.0
norfolk_newport_news_va,2018-06,209,181,22496434.6,1689943.0
norfolk_newport_news_va,2018-07,213,183,21765166.7,1655419.0
norfolk_newport_news_va,2018-08,219,191,23170298.199999996,1763319.0
norfolk_newport_news_va,2018-09,193,176,21381085.6,1612983.0
norfolk_newport_news_va,2018-10,205,184,23114575.599999994,1732684.0
norfolk_newport_news_va,2018-11,190,168,20083231.219999995,1533285.0
norfolk_newport_news_va,2018-12,188,170,19849065.799999997,1518876.0
norfolk_newport_news_va,2019-01,191,167,19266502.04,1461378.0
norfolk_newport_news_va,2019-02,162,144,17628845.24,1341360.0
norfolk_newport_news_va,2019-03,186,163,19483649.199999996,1468253.0
norfolk_newport_news_va,2019-04,168,147,18848628.74,1416942.0
norfolk_newport_news_va,2019-05,177,158,19724032.599999998,1474384.0
norfolk_newport_news_va,2019-06,182,164,20046718.099999998,1495680.0
norfolk_newport_news_va,2019-07,171,151,19446222.599999998,1469350.0
norfolk_newport_news_va,2019-08,181,160,19249406.200000003,1467656.0
norfolk_newport_news_va,2019-09,169,153,19108719.000000004,1448304.0
norfolk_newport_news_va,2019-10,173,153,19011073.5,1454481.0
norfolk_newport_news_va,2019-11,167,149,17525337.2,1326543.0
norfolk_newport_news_va,2019-12,167,151,18469801.5,1416956.0
norfolk_newport_news_va,2020-01,154,138,17333239.6,1307230.0
norfolk_newport_news_va,2020-02,147,129,16153792.739999996,1226946.0
norfolk_newport_news_va,2020-03,155,140,17276328.2,1295165.0
norfolk_newport_news_va,2020-04,146,130,14839265.690000001,1157259.0
norfolk_newport_news_va,2020-05,142,132,15535275.300000004,1192544.0
norfolk_newport_news_va,2020-06,138,129,15511659.299999999,1184708.0
norfolk_newport_news_va,2020-07,138,125,15733185.299999999,1189634.0
norfolk_newport_news_va,2020-08,137,128,16107025.919999998,1215838.0
norfolk_newport_news_va,2020-09,143,129,15906726.1,1215117.0
norfolk_newport_news_va,2020-10,152,137,17394085.7,1321049.0
norfolk_newport_news_va,2020-11,157,145,19110795.1,1438404.0
norfolk_newport_news_va,2020-12,161,140,18109950.2,1374581.0
norfolk_newport_news_va,2021-01,156,136,16993780.8,1287628.0
norfolk_newport_news_va,2021-02,137,122,16176692.100000001,1220692.0
norfolk_newport_news_va,2021-03,160,146,18491575.4,1417602.0
norfolk_newport_news_va,2021-04,212,184,24238686.799999997,1872489.0
norfolk_newport_news_va,2021-05,200,171,22781885.4,1778810.0
norfolk_newport_news_va,2021-06,197,176,23449163.499999996,1851853.0
norfolk_newport_news_va,2021-07,182,161,22434746.400000002,1731631.0
norfolk_newport_news_va,2021-08,199,176,23512552.9,1841015.0
norfolk_newport_news_va,2021-09,205,183,24288419.899999995,1895758.0
norfolk_newport_news_va,2021-10,197,177,22896527.900000002,1794243.0
norfolk_newport_news_va,2021-11,196,163,20625529.2,1632815.0
norfolk_newport_news_va,2021-12,197,167,21496159.299999997,1734975.0
norfolk_newport_news_va,2022-01,179,157,18458048.999999996,1489692.0
norfolk_newport_news_va,2022-02,201,169,20900888.499999996,1679765.0
norfolk_newport_news_va,2022-03,196,168,20669025.2,1636873.0
norfolk_newport_news_va,2022-04,201,174,21262361.3,1734205.0
norfolk_newport_news_va,2022-05,216,185,23394189.0,1856851.0
norfolk_newport_news_va,2022-06,195,168,21628993.699999996,1710212.0
norfolk_newport_news_va,2022-07,206,180,22937342.120000005,1840758.0
norfolk_newport_news_va,2022-08,208,184,23221516.800000004,1890791.0
norfolk_newport_news_va,2022-09,206,175,21654177.7,1755647.0
norfolk_newport_news_va,2022-10,213,178,22798862.659999996,1813175.0
norfolk_newport_news_va,2022-11,203,178,23353740.820000004,1865536.0
norfolk_newport_news_va,2022-12,206,180,23247877.720000003,1883962.0
norfolk_newport_news_va,2023-01,222,190,24194559.200000003,1960958.0
norfolk_newport_news_va,2023-02,208,186,23201543.200000003,1882355.0
norfolk_newport_news_va,2023-03,204,183,22995376.900000002,1858463.0
norfolk_newport_news_va,2023-04,224,200,25829205.76,2098473.0
norfolk_newport_news_va,2023-05,233,197,24835762.6,2045017.0
norfolk_newport_news_va,2023-06,228,193,25289991.2,2037945.0
norfolk_newport_news_va,2023-07,243,213,28256566.099999998,2298040.0
norfolk_newport_news_va,2023-08,228,195,24755493.799999997,2069680.0
norfolk_newport_news_va,2023-09,209,183,23067733.0,1912605.0
norfolk_newport_news_va,2023-10,234,198,26425932.499999996,2147951.0
norfolk_newport_news_va,2023-11,220,192,24202717.799999997,2009958.0
norfolk_newport_news_va,2023-12,203,178,21837021.1,1842517.0
norfolk_newport_news_va,2024-01,224,193,23632578.199999996,1959778.0
norfolk_newport_news_va,2024-02,232,199,24505719.999999996,2046514.0
norfolk_newport_news_va,2024-03,241,211,24175254.65,2052689.0
norfolk_newport_news_va,2024-04,236,205,25016828.4,2107175.0
norfolk_newport_news_va,2024-05,255,218,27103889.299999993,2264323.0
norfolk_newport_news_va,2024-06,236,209,24663493.5,2056899.0
norfolk_newport_news_va,2024-07,237,203,25898481.000000004,2141262.0
norfolk_newport_news_va,2024-08,238,208,24811956.000000004,2098839.0
norfolk_newport_news_va,2024-09,229,199,23956714.9,2008220.0
norfolk_newport_news_va,2024-10,209,183,21861175.199999996,1851215.0
norfolk_newport_news_va,2024-11,221,188,23065665.500000004,1938195.0
norfolk_newport_news_va,2024-12,226,185,23177005.76,1910905.0
norfolk_newport_news_va,2025-01,202,171,21533338.7,1811148.0
norfolk_newport_news_va,2025-02,208,172,21937663.099999998,1804342.0
norfolk_newport_news_va,2025-03,248,204,25432671.24,2129165.0
norfolk_newport_news_va,2025-04,218,185,23221257.459999997,1899297.0
norfolk_newport_news_va,2025-05,227,189,22966587.8,1899199.0
norfolk_newport_news_va,2025-06,220,185,20767644.3,1755185.0
norfolk_newport_news_va,2025-07,217,180,21322459.04000001,1784819.0
norfolk_newport_news_va,2025-08,224,174,21907985.3,1801160.0
norfolk_newport_news_va,2025-09,219,179,20641087.459999997,1734722.0
norfolk_newport_news_va,2025-10,231,174,19889082.0,1655358.0
norfolk_newport_news_va,2025-11,200,156,18545996.880000003,1555193.0
norfolk_newport_news_va,2025-12,217,161,19698513.919999998,1628644.0
philadelphia_pa,2015-01,74,49,3677461.1,324083.0
philadelphia_pa,2015-02,71,56,3914163.32,346337.0
philadelphia_pa,2015-03,77,60,4018334.97,355801.0
philadelphia_pa,2015-04,68,51,3425768.1100000003,304919.0
philadelphia_pa,2015-05,64,55,4163048.4,355075.0
philadelphia_pa,2015-06,64,49,3618961.56,320151.0
philadelphia_pa,2015-07,74,63,4227138.13,379561.0
philadelphia_pa,2015-08,56,46,3249046.29,284978.0
philadelphia_pa,2015-09,66,58,4059027.24,356778.0
philadelphia_pa,2015-10,62,56,4158561.58,365347.0
philadelphia_pa,2015-11,62,50,3582779.5400000005,311782.0
philadelphia_pa,2015-12,68,54,3580606.3100000005,316112.0
philadelphia_pa,2016-01,72,63,4212425.68,371773.0
philadelphia_pa,2016-02,44,39,2371661.5,217988.0
philadelphia_pa,2016-03,46,39,2366714.12,213924.0
philadelphia_pa,2016-04,41,36,2243539.32,202595.0
philadelphia_pa,2016-05,61,55,3816328.7199999997,337256.0
philadelphia_pa,2016-06,67,61,4141678.58,366889.0
philadelphia_pa,2016-07,68,62,4244266.42,373726.0
philadelphia_pa,2016-08,56,51,3776040.12,327987.0
philadelphia_pa,2016-09,59,51,3663911.52,317732.0
philadelphia_pa,2016-10,56,50,3382619.3200000003,300458.0
philadelphia_pa,2016-11,63,57,3946717.2299999995,340370.0
philadelphia_pa,2016-12,69,59,4013777.7999999993,350378.0
philadelphia_pa,2017-01,69,62,4051641.72,359946.0
philadelphia_pa,2017-02,66,59,3916564.6,347421.0
philadelphia_pa,2017-03,67,57,3828129.0,336124.0
philadelphia_pa,2017-04,65,55,3503989.23,319044.0
philadelphia_pa,2017-05,61,53,3557098.6,316390.0
philadelphia_pa,2017-06,50,46,3373736.6999999997,291665.0
philadelphia_pa,2017-07,55,49,3676021.3000000003,319915.0
philadelphia_pa,2017-08,59,52,3710438.0,326125.0
philadelphia_pa,2017-09,49,44,3205790.5999999996,277808.0
philadelphia_pa,2017-10,49,42,3052731.5000000005,264975.0
philadelphia_pa,2017-11,48,43,3239707.8000000003,276831.0
philadelphia_pa,2017-12,50,45,3489993.7,294735.0
philadelphia_pa,2018-01,99,80,5397158.7,472697.0
philadelphia_pa,2018-02,101,87,5698740.0,502467.0
philadelphia_pa,2018-03,105,92,5932319.9,533415.0
philadelphia_pa,2018-04,109,93,5770397.6,521134.0
philadelphia_pa,2018-05,93,84,5639072.8,501617.0
philadelphia_pa,2018-06,91,80,5426398.899999999,470083.0
philadelphia_pa,2018-07,78,68,4439671.800000001,400229.0
philadelphia_pa,2018-08,84,76,5021440.880000001,445349.0
philadelphia_pa,2018-09,90,79,5267104.500000001,463473.0
philadelphia_pa,2018-10,88,79,5220721.040000001,464559.0
philadelphia_pa,2018-11,82,75,4881275.94,436770.0
philadelphia_pa,2018-12,90,80,5050819.800000001,455739.0
philadelphia_pa,2019-01,97,86,5171216.200000001,465680.0
philadelphia_pa,2019-02,88,82,5305637.699999999,472869.75
philadelphia_pa,2019-03,95,86,5587682.290000001,507096.0
philadelphia_pa,2019-04,95,83,5603354.500000001,501585.0
philadelphia_pa,2019-05,87,78,5378223.300000001,476111.0
philadelphia_pa,2019-06,88,86,5875219.2,517654.0
philadelphia_pa,2019-07,86,76,5093753.510000001,452741.0
philadelphia_pa,2019-08,91,80,5623374.5,503830.0
philadelphia_pa,2019-09,86,75,5558485.000000002,492428.0
philadelphia_pa,2019-10,73,64,4781900.800000001,422605.0
philadelphia_pa,2019-11,72,67,4972025.8,439349.0
philadelphia_pa,2019-12,78,69,4847187.3100000005,427753.0
philadelphia_pa,2020-01,82,71,4930447.5,447957.0
philadelphia_pa,2020-02,88,76,5029165.3,459725.0
philadelphia_pa,2020-03,86,74,4933821.3100000005,445949.0
philadelphia_pa,2020-04,85,75,5176316.399999999,461343.0
philadelphia_pa,2020-05,69,59,4543793.600000001,396770.0
philadelphia_pa,2020-06,65,58,4118727.7000000007,365002.0
philadelphia_pa,2020-07,75,68,4634916.800000001,414109.0
philadelphia_pa,2020-08,75,66,4676618.300000001,412471.0
philadelphia_pa,2020-09,63,53,3838831.1100000003,335144.0
philadelphia_pa,2020-10,69,58,4431546.2,399402.0
philadelphia_pa,2020-11,68,61,4573922.299999999,404804.0
philadelphia_pa,2020-12,71,57,4067181.1999999993,368183.0
philadelphia_pa,2021-01,68,56,3920882.12,352689.0
philadelphia_pa,2021-02,73,63,4256068.6,375545.0
philadelphia_pa,2021-03,92,79,5442321.2,496187.0
philadelphia_pa,2021-04,107,95,6363028.100000002,581714.0
philadelphia_pa,2021-05,106,96,6292890.7,581528.0
philadelphia_pa,2021-06,108,92,6036985.3,558143.0
philadelphia_pa,2021-07,100,87,6103962.900000002,542592.0
philadelphia_pa,2021-08,102,92,6341467.299999999,584810.0
philadelphia_pa,2021-09,99,83,5565334.000000002,512853.0
philadelphia_pa,2021-10,85,78,5649931.009999999,502515.0
philadelphia_pa,2021-11,95,80,5930277.4,534376.0
philadelphia_pa,2021-12,94,86,5971149.900000001,546594.0
philadelphia_pa,2022-01,106,88,5758248.0,533527.0
philadelphia_pa,2022-02,102,83,5128836.2,486079.0
philadelphia_pa,2022-03,105,89,5182192.61,496821.0
philadelphia_pa,2022-04,114,99,6191211.51,593264.0
philadelphia_pa,2022-05,102,84,6023694.500000001,541455.0
philadelphia_pa,2022-06,100,84,6086291.0,556316.0
philadelphia_pa,2022-07,101,94,6435918.4,593676.0
philadelphia_pa,2022-08,97,80,5252265.800000001,483616.0
philadelphia_pa,2022-09,108,94,6733613.399999999,628308.0
philadelphia_pa,2022-10,115,101,6806848.71,636871.75
philadelphia_pa,2022-11,95,85,5941552.12,557130.0
philadelphia_pa,2022-12,111,98,6128960.2,598200.0
philadelphia_pa,2023-01,121,105,6824869.3,658598.0
philadelphia_pa,2023-02,111,96,5999841.4,586242.0
philadelphia_pa,2023-03,120,95,6371565.280000001,606797.0
philadelphia_pa,2023-04,104,91,6353934.2,601669.0
philadelphia_pa,2023-05,111,96,6412327.500000001,623909.0
philadelphia_pa,2023-06,112,96,6553423.200000002,633590.0
philadelphia_pa,2023-07,97,88,6111341.500000001,587658.0
philadelphia_pa,2023-08,112,94,6546550.5,629591.0
philadelphia_pa,2023-09,112,97,6704478.54,644102.0
philadelphia_pa,2023-10,111,100,6661579.94,649616.0
philadelphia_pa,2023-11,98,88,6683457.1,630131.0
philadelphia_pa,2023-12,106,93,6417257.3,610347.0
philadelphia_pa,2024-01,113,99,6757235.240000001,637169.75
philadelphia_pa,2024-02,127,114,8500641.540000001,789297.0
philadelphia_pa,2024-03,124,110,8317649.4,771148.0
philadelphia_pa,2024-04,119,110,7867393.800000001,745679.0
philadelphia_pa,2024-05,120,104,6709606.2,639721.0
philadelphia_pa,2024-06,110,100,6932331.3,657414.0
philadelphia_pa,2024-07,102,86,6234161.499999999,583249.0
philadelphia_pa,2024-08,109,95,6881912.099999999,642328.0
philadelphia_pa,2024-09,102,86,6105941.2,583470.0
philadelphia_pa,2024-10,98,89,6309070.709999998,591899.0
philadelphia_pa,2024-11,98,85,5784614.799999999,565402.0
philadelphia_pa,2024-12,99,84,5958103.66,561474.0
philadelphia_pa,2025-01,123,101,6951043.4,668708.0
philadelphia_pa,2025-02,120,95,6368261.4,613784.0
philadelphia_pa,2025-03,132,109,6738853.400000001,672618.0
philadelphia_pa,2025-04,102,89,6231473.499999999,598745.0
philadelphia_pa,2025-05,114,99,6709141.200000001,640931.0
philadelphia_pa,2025-06,110,96,6486238.499999999,622546.0
philadelphia_pa,2025-07,122,102,7116349.700000001,684587.0
philadelphia_pa,2025-08,115,100,6480448.800000001,644469.0
philadelphia_pa,2025-09,108,88,6510936.9,603804.0
philadelphia_pa,2025-10,111,92,6742323.4,632524.0
philadelphia_pa,2025-11,111,91,5935018.4,590574.0
philadelphia_pa,2025-12,108,86,5710147.3,566850.0
port_everglades_fl,2015-01,69,60,2895745.0300000003,274470.0
port_everglades_fl,2015-02,66,60,3235578.15,298432.0
port_everglades_fl,2015-03,75,64,3308859.4899999998,313113.0
port_everglades_fl,2015-04,78,64,3159977.49,297330.0
port_everglades_fl,2015-05,74,66,3915784.1499999994,351139.0
port_everglades_fl,2015-06,68,60,3188362.47,292667.0
port_everglades_fl,2015-07,67,64,3662002.5700000003,330446.0
port_everglades_fl,2015-08,64,61,3529030.8899999997,320851.0
port_everglades_fl,2015-09,73,68,3569334.0700000003,329038.0
port_everglades_fl,2015-10,80,76,4338056.75,391390.0
port_everglades_fl,2015-11,69,68,3696018.09,338145.0
port_everglades_fl,2015-12,73,70,3991820.5700000003,357385.0
port_everglades_fl,2016-01,63,62,3349357.1700000004,309270.0
port_everglades_fl,2016-02,57,55,2811718.3499999996,260275.0
port_everglades_fl,2016-03,54,51,2568286.4,242793.0
port_everglades_fl,2016-04,58,56,2832455.69,279003.0
port_everglades_fl,2016-05,74,69,4217747.35,393211.0
port_everglades_fl,2016-06,70,66,4150900.45,366284.0
port_everglades_fl,2016-07,74,70,4524412.25,399382.0
port_everglades_fl,2016-08,72,71,4496961.770000001,395037.0
port_everglades_fl,2016-09,66,64,3837578.12,342668.0
port_everglades_fl,2016-10,73,72,4082516.020000001,373877.0
port_everglades_fl,2016-11,78,75,4607270.3,424946.0
port_everglades_fl,2016-12,77,73,4558293.500000001,417126.0
port_everglades_fl,2017-01,72,69,4200664.899999999,375866.0
port_everglades_fl,2017-02,68,64,4181389.3400000003,364156.0
port_everglades_fl,2017-03,66,63,3478363.0,322384.0
port_everglades_fl,2017-04,70,65,4029830.1000000006,356342.0
port_everglades_fl,2017-05,66,63,3608106.4000000004,327000.0
port_everglades_fl,2017-06,56,54,3491765.1,308684.0
port_everglades_fl,2017-07,60,55,3359315.3000000003,295229.0
port_everglades_fl,2017-08,62,58,3400270.9799999995,298936.0
port_everglades_fl,2017-09,57,52,3386939.6,292420.0
port_everglades_fl,2017-10,66,62,3569633.0,323271.0
port_everglades_fl,2017-11,66,61,3714690.4,328744.0
port_everglades_fl,2017-12,66,63,4089548.599999999,355636.0
port_everglades_fl,2018-01,98,89,5316465.000000001,466142.0
port_everglades_fl,2018-02,102,89,5161858.300000001,460231.0
port_everglades_fl,2018-03,97,90,5207633.0,468556.0
port_everglades_fl,2018-04,111,105,6426047.9799999995,574385.0
port_everglades_fl,2018-05,108,101,6040656.4,535070.0
port_everglades_fl,2018-06,103,97,5839923.100000001,519875.0
port_everglades_fl,2018-07,109,103,5739500.8999999985,515000.0
port_everglades_fl,2018-08,104,97,5948760.3,521271.0
port_everglades_fl,2018-09,100,92,5658779.6,505184.0
port_everglades_fl,2018-10,106,98,5784023.04,519147.0
port_everglades_fl,2018-11,105,98,6299662.1899999995,546251.0
port_everglades_fl,2018-12,102,97,5271013.500000001,481510.0
port_everglades_fl,2019-01,98,93,5223377.6,468716.0
port_everglades_fl,2019-02,92,88,4618151.5,422484.0
port_everglades_fl,2019-03,98,95,4859609.4,457334.0
port_everglades_fl,2019-04,105,100,4990374.1,464583.0
port_everglades_fl,2019-05,104,95,4913731.9,459578.0
port_everglades_fl,2019-06,94,87,4448106.8,415047.0
port_everglades_fl,2019-07,98,91,4904139.9,448958.0
port_everglades_fl,2019-08,86,82,4231673.899999999,396982.0
port_everglades_fl,2019-09,100,95,5334235.7,488371.0
port_everglades_fl,2019-10,96,88,4426208.7,422730.0
port_everglades_fl,2019-11,85,80,4552609.100000001,415035.0
port_everglades_fl,2019-12,85,79,3917433.1999999993,375499.0
port_everglades_fl,2020-01,89,82,4278743.399999999,401570.0
port_everglades_fl,2020-02,80,77,3990486.599999999,370357.0
port_everglades_fl,2020-03,91,87,4833166.199999999,450907.0
port_everglades_fl,2020-04,83,80,4399448.7,413014.0
port_everglades_fl,2020-05,84,81,4326958.699999999,404477.0
port_everglades_fl,2020-06,83,80,3738512.2000000007,367174.0
port_everglades_fl,2020-07,85,80,4091557.8000000003,382190.0
port_everglades_fl,2020-08,88,80,4125259.9999999995,384731.0
port_everglades_fl,2020-09,82,75,3287443.9,324776.0
port_everglades_fl,2020-10,79,74,3791641.2000000007,355638.0
port_everglades_fl,2020-11,80,79,4040251.3000000003,382152.0
port_everglades_fl,2020-12,80,77,3829885.5,368004.0
port_everglades_fl,2021-01,79,74,3632151.4999999995,346800.0
port_everglades_fl,2021-02,72,69,3597037.9000000004,338255.0
port_everglades_fl,2021-03,89,82,3549798.4999999995,357386.0
port_everglades_fl,2021-04,99,94,4411355.1,431166.0
port_everglades_fl,2021-05,98,92,4652523.9,448483.0
port_everglades_fl,2021-06,98,91,4673128.5,445669.0
port_everglades_fl,2021-07,87,84,4441610.4,418824.0
port_everglades_fl,2021-08,80,72,3643911.0000000005,348318.0
port_everglades_fl,2021-09,89,83,4066537.499999999,387403.0
port_everglades_fl,2021-10,97,92,4723410.9,439080.0
port_everglades_fl,2021-11,96,90,4473184.4,425191.0
port_everglades_fl,2021-12,97,85,4079133.0000000005,394275.0
port_everglades_fl,2022-01,98,89,5122248.600000001,462252.0
port_everglades_fl,2022-02,91,85,3708939.3,370167.0
port_everglades_fl,2022-03,96,90,4574831.6000000015,449604.0
port_everglades_fl,2022-04,98,94,4368043.999999999,428457.0
port_everglades_fl,2022-05,109,103,5238444.700000001,504789.0
port_everglades_fl,2022-06,97,95,4840683.5,458226.0
port_everglades_fl,2022-07,92,89,4483008.399999999,428878.0
port_everglades_fl,2022-08,97,91,4762156.0,445493.0
port_everglades_fl,2022-09,88,80,3601475.4,365278.0
port_everglades_fl,2022-10,103,95,4638572.6,456491.0
port_everglades_fl,2022-11,91,87,3768938.3000000003,388550.0
port_everglades_fl,2022-12,104,95,4318595.6,437117.0
port_everglades_fl,2023-01,104,97,4442056.199999999,441281.0
port_everglades_fl,2023-02,107,101,4837203.400000001,477205.0
port_everglades_fl,2023-03,100,95,4385106.7,443589.0
port_everglades_fl,2023-04,110,103,5129534.5,518378.0
port_everglades_fl,2023-05,101,98,4824613.2,483118.0
port_everglades_fl,2023-06,103,97,4573641.5,463334.0
port_everglades_fl,2023-07,96,94,4730144.4,464286.0
port_everglades_fl,2023-08,104,99,4929361.0,495858.0
port_everglades_fl,2023-09,107,100,4813524.7,495896.0
port_everglades_fl,2023-10,119,114,5032414.0,529614.0
port_everglades_fl,2023-11,107,100,4281748.899999999,443772.0
port_everglades_fl,2023-12,100,94,3883603.6,432132.0
port_everglades_fl,2024-01,108,98,4232729.4,443080.0
port_everglades_fl,2024-02,112,107,4875772.3,502379.75
port_everglades_fl,2024-03,104,99,4174760.0,442727.0
port_everglades_fl,2024-04,108,101,4881981.7,499309.0
port_everglades_fl,2024-05,111,100,4346796.6,457943.0
port_everglades_fl,2024-06,101,96,4665166.0,451043.0
port_everglades_fl,2024-07,106,99,4484774.899999999,447153.0
port_everglades_fl,2024-08,94,87,3640506.0999999996,390271.0
port_everglades_fl,2024-09,106,99,4663679.1,482593.0
port_everglades_fl,2024-10,105,98,3843162.0,418393.0
port_everglades_fl,2024-11,109,100,4999682.4,494133.0
port_everglades_fl,2024-12,109,102,4718203.5,492194.0
port_everglades_fl,2025-01,98,95,4283747.6,435254.0
port_everglades_fl,2025-02,108,104,4876805.6,503336.0
port_everglades_fl,2025-03,110,100,4271033.0,465755.0
port_everglades_fl,2025-04,116,106,4835993.600000001,511405.0
port_everglades_fl,2025-05,109,105,4653168.76,491898.0
port_everglades_fl,2025-06,107,98,4845959.3,490923.0
port_everglades_fl,2025-07,109,103,4866744.86,494556.0
port_everglades_fl,2025-08,111,102,4763130.359999999,490169.0
port_everglades_fl,2025-09,115,105,4541299.499999999,487968.0
port_everglades_fl,2025-10,101,88,4086916.8,423073.0
port_everglades_fl,2025-11,96,83,3566619.6000000006,389602.0
port_everglades_fl,2025-12,103,88,4500322.22,455465.0
san_pedro_bay,2015-01,141,110,13706950.670000002,1051530.0
san_pedro_bay,2015-02,157,125,15869929.779999997,1191620.0
san_pedro_bay,2015-03,199,161,20254084.769999996,1559343.0
san_pedro_bay,2015-04,184,146,18917732.009999998,1442358.0
san_pedro_bay,2015-05,185,157,18950591.1,1462343.0
san_pedro_bay,2015-06,170,148,17668169.020000003,1379991.0
san_pedro_bay,2015-07,185,156,19531212.979999997,1521524.0
san_pedro_bay,2015-08,181,159,19492679.16,1539397.0
san_pedro_bay,2015-09,164,147,18414613.280000005,1428567.0
san_pedro_bay,2015-10,165,145,18797595.44,1426103.0
san_pedro_bay,2015-11,160,142,18481900.999999996,1424646.0
san_pedro_bay,2015-12,161,140,17631255.44,1351666.0
san_pedro_bay,2016-01,162,145,17598080.33,1399403.0
san_pedro_bay,2016-02,112,106,12412862.350000001,1006050.0
san_pedro_bay,2016-03,97,89,10589538.28,840055.0
san_pedro_bay,2016-04,112,95,10868471.12,882940.0
san_pedro_bay,2016-05,101,86,10841893.11,849047.0
san_pedro_bay,2016-06,162,135,17518332.700000003,1363780.0
san_pedro_bay,2016-07,168,150,18841528.68,1451125.0
san_pedro_bay,2016-08,174,153,18198793.66,1443891.0
san_pedro_bay,2016-09,152,133,16557568.26,1279222.0
san_pedro_bay,2016-10,155,141,18481406.740000002,1410949.0
san_pedro_bay,2016-11,151,137,18245899.16,1369903.0
san_pedro_bay,2016-12,155,132,16999440.9,1283792.0
san_pedro_bay,2017-01,142,125,16204601.82,1227858.0
san_pedro_bay,2017-02,135,119,15485730.110000001,1169885.0
san_pedro_bay,2017-03,146,127,16515107.969999999,1246144.0
san_pedro_bay,2017-04,137,118,15383204.62,1158528.0
san_pedro_bay,2017-05,153,139,18908938.42,1407874.0
san_pedro_bay,2017-06,149,134,17329953.9,1295304.0
san_pedro_bay,2017-07,148,130,17227475.040000003,1294850.0
san_pedro_bay,2017-08,151,132,17048864.599999998,1293225.0
san_pedro_bay,2017-09,144,131,17072669.72,1285666.0
san_pedro_bay,2017-10,139,122,15588010.199999997,1162166.0
san_pedro_bay,2017-11,123,112,15113927.259999998,1128590.0
san_pedro_bay,2017-12,131,118,15778685.059999999,1183787.0
san_pedro_bay,2018-01,246,205,28462951.080000002,2107524.0
san_pedro_bay,2018-02,239,206,26763695.599999998,1992569.0
san_pedro_bay,2018-03,245,208,25794199.67,1955803.0
san_pedro_bay,2018-04,252,216,28337859.66,2130549.0
san_pedro_bay,2018-05,245,207,28884329.259999994,2127660.0
san_pedro_bay,2018-06,245,217,28222496.720000003,2115777.0
san_pedro_bay,2018-07,240,209,28953031.999999996,2168117.0
san_pedro_bay,2018-08,236,217,29285292.519999996,2182402.0
san_pedro_bay,2018-09,230,208,27163804.96000001,2060966.0
san_pedro_bay,2018-10,241,217,28234553.76,2128256.0
san_pedro_bay,2018-11,222,199,26059130.320000004,1971144.0
san_pedro_bay,2018-12,239,208,29040900.8,2173572.0
san_pedro_bay,2019-01,240,213,28772635.819999997,2162305.0
san_pedro_bay,2019-02,208,186,24376340.46,1842596.0
san_pedro_bay,2019-03,212,188,24021461.06,1833080.0
san_pedro_bay,2019-04,202,187,24685171.120000005,1854280.0
san_pedro_bay,2019-05,207,190,24240223.1,1831941.0
san_pedro_bay,2019-06,199,188,26781793.96,2004888.0
san_pedro_bay,2019-07,210,189,26233859.319999997,1957868.0
san_pedro_bay,2019-08,213,193,27018772.499999996,2007486.0
san_pedro_bay,2019-09,207,188,25438808.419999994,1909327.0
san_pedro_bay,2019-10,220,195,26460267.86,1995071.0
san_pedro_bay,2019-11,204,187,24941791.619999994,1882073.0
san_pedro_bay,2019-12,223,193,24713422.320000008,1880797.0
san_pedro_bay,2020-01,224,196,25061446.459999997,1896577.0
san_pedro_bay,2020-02,186,159,19706405.0,1517064.0
san_pedro_bay,2020-03,205,180,21234595.099999998,1642829.0
san_pedro_bay,2020-04,209,181,21957162.16,1693898.0
san_pedro_bay,2020-05,168,150,18106880.8,1371607.0
san_pedro_bay,2020-06,161,151,19017320.2,1439590.0
san_pedro_bay,2020-07,194,177,22630141.359999996,1713357.0
san_pedro_bay,2020-08,193,179,23698708.4,1790401.0
san_pedro_bay,2020-09,202,188,24462384.809999995,1850897.0
san_pedro_bay,2020-10,215,193,24938673.610000003,1912385.0
san_pedro_bay,2020-11,203,184,23185318.479999993,1756088.0
san_pedro_bay,2020-12,211,192,25208706.87999999,1913330.0
san_pedro_bay,2021-01,203,172,22822004.259999998,1739001.0
san_pedro_bay,2021-02,186,166,20810681.860000003,1588353.0
san_pedro_bay,2021-03,224,201,26160165.999999993,2010096.0
san_pedro_bay,2021-04,280,240,33112450.30000001,2549194.0
san_pedro_bay,2021-05,275,238,34728586.6,2624084.0
san_pedro_bay,2021-06,279,243,32403599.859999992,2517352.0
san_pedro_bay,2021-07,271,234,31725054.6,2458396.0
san_pedro_bay,2021-08,262,221,29653880.900000006,2291685.0
san_pedro_bay,2021-09,290,239,31121526.000000007,2426311.0
san_pedro_bay,2021-10,271,228,30554512.259999998,2396020.0
san_pedro_bay,2021-11,292,235,30405146.74,2368628.0
san_pedro_bay,2021-12,281,226,29580928.720000006,2318700.0
san_pedro_bay,2022-01,261,208,29329156.629999995,2267256.0
san_pedro_bay,2022-02,275,224,29991010.860000003,2352494.0
san_pedro_bay,2022-03,290,242,32015868.72,2497240.0
san_pedro_bay,2022-04,263,218,29539996.6,2301631.0
san_pedro_bay,2022-05,282,244,32600387.060000002,2559296.0
san_pedro_bay,2022-06,278,233,30969840.2,2414583.0
san_pedro_bay,2022-07,287,239,31306974.8,2457908.0
san_pedro_bay,2022-08,267,222,29816756.40000001,2327074.0
san_pedro_bay,2022-09,247,206,26433996.30000001,2099612.0
san_pedro_bay,2022-10,248,199,25388158.999999996,2018649.0
san_pedro_bay,2022-11,229,184,23800489.259999998,1879971.0
san_pedro_bay,2022-12,231,197,24581338.119999997,1973312.0
san_pedro_bay,2023-01,234,198,26604647.700000003,2097199.0
san_pedro_bay,2023-02,190,160,20543544.200000003,1633748.0
san_pedro_bay,2023-03,231,198,24546964.899999995,1961478.0
san_pedro_bay,2023-04,223,185,25292253.740000002,1999320.0
san_pedro_bay,2023-05,242,204,27862771.7,2203880.0
san_pedro_bay,2023-06,238,206,28618399.300000004,2239869.0
san_pedro_bay,2023-07,239,202,27664417.62,2186521.0
san_pedro_bay,2023-08,249,208,29025064.220000003,2262563.0
san_pedro_bay,2023-09,237,203,28786203.499999996,2258468.0
san_pedro_bay,2023-10,231,193,26954356.099999998,2117954.0
san_pedro_bay,2023-11,224,188,27337049.999999996,2131563.0
san_pedro_bay,2023-12,235,189,27046983.700000003,2130965.0
san_pedro_bay,2024-01,245,211,29506898.850000005,2324201.0
san_pedro_bay,2024-02,234,196,27234373.900000002,2154191.0
san_pedro_bay,2024-03,252,199,26171268.35,2112037.0
san_pedro_bay,2024-04,249,205,27877980.4,2219766.0
san_pedro_bay,2024-05,243,191,26317751.8,2086079.0
san_pedro_bay,2024-06,250,212,29784713.099999998,2333903.0
san_pedro_bay,2024-07,291,236,33643972.07,2627120.0
san_pedro_bay,2024-08,290,232,31975902.45,2534825.0
san_pedro_bay,2024-09,276,217,30745134.300000004,2430091.0
san_pedro_bay,2024-10,273,219,30337107.55,2397699.0
san_pedro_bay,2024-11,269,216,30117188.349999998,2387799.0
san_pedro_bay,2024-12,278,226,32378975.95,2534358.0
san_pedro_bay,2025-01,280,218,32023306.1,2485029.0
san_pedro_bay,2025-02,251,200,27506059.999999996,2180175.0
san_pedro_bay,2025-03,262,205,27477501.5,2189309.0
san_pedro_bay,2025-04,257,209,28740473.049999993,2269211.0
san_pedro_bay,2025-05,242,196,25993953.100000005,2071084.0
san_pedro_bay,2025-06,247,192,26123765.4,2039221.0
san_pedro_bay,2025-07,298,242,32901051.05,2578579.0
san_pedro_bay,2025-08,271,220,30770347.750000004,2444745.0
san_pedro_bay,2025-09,250,192,26764509.249999996,2133988.0
san_pedro_bay,2025-10,248,194,27239428.349999994,2139114.0
san_pedro_bay,2025-11,230,184,26231266.599999998,2058691.0
san_pedro_bay,2025-12,244,188,26942935.500000004,2102815.0
savannah_ga,2015-01,133,109,12936938.395000001,1015834.25
savannah_ga,2015-02,121,96,11545867.02,901494.0
savannah_ga,2015-03,137,107,13019425.66,1003868.0
savannah_ga,2015-04,131,114,13030317.419999998,1043300.0
savannah_ga,2015-05,157,130,14767544.674999997,1174911.25
savannah_ga,2015-06,143,129,15116954.749999998,1186454.0
savannah_ga,2015-07,152,131,15439809.75,1206856.0
savannah_ga,2015-08,149,134,15732257.940000001,1228441.0
savannah_ga,2015-09,148,125,15226431.594999999,1196589.25
savannah_ga,2015-10,155,139,16919910.93,1307000.0
savannah_ga,2015-11,137,128,16031496.58,1227118.0
savannah_ga,2015-12,141,128,15391415.299999997,1198110.0
savannah_ga,2016-01,143,133,16424874.075,1260243.25
savannah_ga,2016-02,82,82,10452014.260000002,822264.0
savannah_ga,2016-03,72,65,8570145.76,660519.0
savannah_ga,2016-04,99,92,11945163.54,917924.0
savannah_ga,2016-05,152,139,17560301.985,1353564.25
savannah_ga,2016-06,141,128,16276299.320000002,1239777.0
savannah_ga,2016-07,146,136,18090622.639999997,1368645.0
savannah_ga,2016-08,131,124,16949340.8,1268755.0
savannah_ga,2016-09,123,118,15447814.08,1190660.0
savannah_ga,2016-10,127,122,16622937.774999997,1232513.25
savannah_ga,2016-11,126,116,16029229.620000001,1190617.0
savannah_ga,2016-12,113,109,14572790.699999997,1094598.0
savannah_ga,2017-01,113,111,15688943.82,1158479.0
savannah_ga,2017-02,111,109,15065658.875000002,1118599.25
savannah_ga,2017-03,125,119,15984940.1,1191352.0
savannah_ga,2017-04,119,114,15540609.2,1165332.0
savannah_ga,2017-05,124,117,16203635.379999999,1203376.0
savannah_ga,2017-06,116,114,15660635.675,1168359.25
savannah_ga,2017-07,121,118,17265522.0,1259867.0
savannah_ga,2017-08,120,115,17227032.775,1258699.25
savannah_ga,2017-09,110,109,15161597.54,1125828.0
savannah_ga,2017-10,123,117,17525193.675,1271621.25
savannah_ga,2017-11,116,110,16033960.1,1183915.0
savannah_ga,2017-12,103,98,14283371.299999999,1046871.0
savannah_ga,2018-01,184,175,23933531.675,1780270.25
savannah_ga,2018-02,173,162,21688850.7,1614822.0
savannah_ga,2018-03,188,175,22660663.475000005,1703865.25
savannah_ga,2018-04,194,183,24336096.979999997,1818096.0
savannah_ga,2018-05,194,179,22773330.475000005,1718298.25
savannah_ga,2018-06,184,175,23497487.175,1751785.25
savannah_ga,2018-07,185,174,24357029.800000004,1806417.0
savannah_ga,2018-08,178,171,24501056.174999997,1801426.25
savannah_ga,2018-09,186,180,24788342.000000004,1853164.0
savannah_ga,2018-10,186,178,24797013.8,1832591.0
savannah_ga,2018-11,173,160,21940072.675,1646176.25
savannah_ga,2018-12,154,147,20161962.7,1512790.0
savannah_ga,2019-01,181,172,24848001.300000004,1826487.0
savannah_ga,2019-02,148,143,19671881.1,1464292.0
savannah_ga,2019-03,180,172,23499168.099999998,1750860.0
savannah_ga,2019-04,166,158,21562532.5,1613375.0
savannah_ga,2019-05,177,168,22479785.7,1687516.0
savannah_ga,2019-06,163,158,22004917.700000003,1628755.0
savannah_ga,2019-07,182,176,24163231.199999996,1805389.0
savannah_ga,2019-08,185,174,23185576.2,1742520.0
savannah_ga,2019-09,166,164,22624613.1,1695878.0
savannah_ga,2019-10,165,155,21849873.999999996,1629996.0
savannah_ga,2019-11,165,159,21768836.3,1614682.0
savannah_ga,2019-12,152,147,19748216.8,1501625.0
savannah_ga,2020-01,155,151,21485119.9,1590496.0
savannah_ga,2020-02,142,139,18809608.099999998,1412890.0
savannah_ga,2020-03,154,149,20167501.0,1526142.0
savannah_ga,2020-04,138,132,17796888.599999998,1340486.0
savannah_ga,2020-05,133,131,16836060.5,1280529.0
savannah_ga,2020-06,142,140,18868393.989999995,1427899.0
savannah_ga,2020-07,136,134,18178158.799999997,1377291.0
savannah_ga,2020-08,156,150,20641624.599999998,1545550.0
savannah_ga,2020-09,144,137,18316542.8,1392303.0
savannah_ga,2020-10,142,137,19179990.4,1449837.0
savannah_ga,2020-11,152,145,20715490.16,1552420.0
savannah_ga,2020-12,142,134,18550560.300000004,1395808.0
savannah_ga,2021-01,144,134,18930941.100000005,1408770.0
savannah_ga,2021-02,119,113,15349456.799999999,1149971.0
savannah_ga,2021-03,159,156,20854213.900000002,1593995.0
savannah_ga,2021-04,174,163,22913504.099999998,1762161.0
savannah_ga,2021-05,179,175,23377623.700000003,1826875.0
savannah_ga,2021-06,164,160,22097608.7,1714706.0
savannah_ga,2021-07,167,157,22364654.000000004,1721788.0
savannah_ga,2021-08,174,161,22097598.499999996,1723837.0
savannah_ga,2021-09,177,161,21907607.5,1703610.0
savannah_ga,2021-10,181,166,22436266.1,1747225.0
savannah_ga,2021-11,161,145,19142269.799999997,1498202.0
savannah_ga,2021-12,168,154,19251950.675,1534062.25
savannah_ga,2022-01,151,140,18406178.500000004,1446124.0
savannah_ga,2022-02,137,128,15832075.3,1274183.0
savannah_ga,2022-03,155,145,17158200.5,1377936.0
savannah_ga,2022-04,156,148,18118112.900000002,1452829.0
savannah_ga,2022-05,162,150,19015426.3,1527596.0
savannah_ga,2022-06,172,157,18948603.6,1513657.0
savannah_ga,2022-07,168,158,19799509.6,1589572.0
savannah_ga,2022-08,178,162,20220173.5,1624607.0
savannah_ga,2022-09,156,143,17706782.499999996,1427709.0
savannah_ga,2022-10,170,157,19418957.0,1567320.0
savannah_ga,2022-11,176,163,20069584.7,1604158.0
savannah_ga,2022-12,169,160,22314494.3,1778926.0
savannah_ga,2023-01,171,159,21774401.200000003,1717509.0
savannah_ga,2023-02,162,152,20213500.900000002,1637708.0
savannah_ga,2023-03,160,148,20030089.2,1590258.0
savannah_ga,2023-04,161,153,21894791.279999997,1738259.0
savannah_ga,2023-05,184,167,21461083.3,1727171.0
savannah_ga,2023-06,166,151,20902911.3,1653812.0
savannah_ga,2023-07,183,169,24123237.900000002,1941203.0
savannah_ga,2023-08,169,160,22643908.299999997,1828903.0
savannah_ga,2023-09,169,155,21118460.400000002,1703314.0
savannah_ga,2023-10,185,170,24003484.500000004,1931434.0
savannah_ga,2023-11,175,166,23059504.3,1854547.0
savannah_ga,2023-12,164,158,20931571.499999996,1719397.0
savannah_ga,2024-01,178,162,21639672.799999997,1755140.0
savannah_ga,2024-02,169,153,21251631.600000005,1732807.0
savannah_ga,2024-03,170,158,21019214.099999998,1715958.0
savannah_ga,2024-04,171,157,21749231.6,1765351.0
savannah_ga,2024-05,175,163,22613214.200000003,1849655.0
savannah_ga,2024-06,177,162,21900662.19999999,1782779.0
savannah_ga,2024-07,184,166,23173897.199999996,1888271.0
savannah_ga,2024-08,177,168,22695576.300000004,1861682.0
savannah_ga,2024-09,150,140,19147474.500000004,1543922.0
savannah_ga,2024-10,164,147,19983821.700000007,1624151.0
savannah_ga,2024-11,168,158,22345042.919999994,1824745.0
savannah_ga,2024-12,156,147,20467065.000000004,1652311.0
savannah_ga,2025-01,147,130,17482479.1,1436517.0
savannah_ga,2025-02,160,145,21496768.1,1725188.0
savannah_ga,2025-03,179,159,23188552.24,1854070.0
savannah_ga,2025-04,174,152,21870902.859999996,1763948.0
savannah_ga,2025-05,164,151,21810745.06,1765916.0
savannah_ga,2025-06,152,139,19462837.759999998,1571557.0
savannah_ga,2025-07,181,157,22203201.02,1807730.0
savannah_ga,2025-08,168,148,22275181.96,1771910.0
savannah_ga,2025-09,171,148,21477311.960000005,1717908.0
savannah_ga,2025-10,171,140,19449896.86,1563223.0
savannah_ga,2025-11,167,144,19299951.659999996,1578105.0
savannah_ga,2025-12,168,134,18390727.32,1476599.0
wilmington_nc,2015-01,18,14,945558.3,82611.0
wilmington_nc,2015-02,22,15,1073204.0,91736.0
wilmington_nc,2015-03,23,16,1142625.5999999999,100166.0
wilmington_nc,2015-04,24,21,1341744.76,120224.0
wilmington_nc,2015-05,21,16,1078675.6199999999,94857.0
wilmington_nc,2015-06,23,19,1375283.76,123606.0
wilmington_nc,2015-07,22,20,1307012.96,116747.0
wilmington_nc,2015-08,22,18,1230378.56,109894.0
wilmington_nc,2015-09,19,18,1207991.44,105172.0
wilmington_nc,2015-10,21,17,1082710.5599999998,95424.0
wilmington_nc,2015-11,22,20,1458576.5400000003,128461.0
wilmington_nc,2015-12,26,24,1690528.7,147646.0
wilmington_nc,2016-01,20,19,1346487.42,116764.0
wilmington_nc,2016-02,15,15,961514.3200000001,86018.0
wilmington_nc,2016-03,15,13,846053.42,76301.0
wilmington_nc,2016-04,14,12,715875.3,64883.0
wilmington_nc,2016-05,20,18,1179712.16,106163.0
wilmington_nc,2016-06,21,19,1066768.56,98779.0
wilmington_nc,2016-07,24,24,1799592.74,153791.0
wilmington_nc,2016-08,22,20,1503743.7200000002,129306.0
wilmington_nc,2016-09,17,16,1206463.6199999999,103801.0
wilmington_nc,2016-10,26,25,1845467.34,153335.0
wilmington_nc,2016-11,29,27,2026157.7000000004,171595.0
wilmington_nc,2016-12,21,19,1619497.6999999997,132565.0
wilmington_nc,2017-01,19,19,1365960.1,120151.0
wilmington_nc,2017-02,18,17,1003387.1200000001,91490.0
wilmington_nc,2017-03,22,22,1477916.0999999999,129675.0
wilmington_nc,2017-04,15,14,816063.5,74439.0
wilmington_nc,2017-05,22,20,1500673.7,129385.0
wilmington_nc,2017-06,25,21,1461022.32,123498.0
wilmington_nc,2017-07,21,17,1768867.9000000001,140921.0
wilmington_nc,2017-08,26,20,1450343.3,123077.0
wilmington_nc,2017-09,22,22,2159808.8,171954.0
wilmington_nc,2017-10,21,19,1723020.3199999998,137220.0
wilmington_nc,2017-11,19,18,1468230.6,121810.0
wilmington_nc,2017-12,21,17,1302764.2999999998,110445.0
wilmington_nc,2018-01,38,31,2621226.0,217115.0
wilmington_nc,2018-02,34,26,2060330.3,174202.0
wilmington_nc,2018-03,40,36,2975946.3000000003,251378.0
wilmington_nc,2018-04,37,34,2522203.7,213425.0
wilmington_nc,2018-05,33,31,2796138.3000000003,233820.0
wilmington_nc,2018-06,33,29,2391710.4,200751.0
wilmington_nc,2018-07,32,28,2680735.4000000004,218313.0
wilmington_nc,2018-08,41,37,3036477.4999999995,249799.0
wilmington_nc,2018-09,25,23,2033007.8,167054.0
wilmington_nc,2018-10,33,30,2627668.5,214155.0
wilmington_nc,2018-11,29,29,2293063.5,192305.0
wilmington_nc,2018-12,31,28,2757088.5000000005,221616.0
wilmington_nc,2019-01,36,32,3071059.1,245620.0
wilmington_nc,2019-02,29,27,2162170.9999999995,183553.0
wilmington_nc,2019-03,33,31,2533377.6,214053.0
wilmington_nc,2019-04,31,31,2732111.1,228393.0
wilmington_nc,2019-05,30,27,2369376.3,196502.0
wilmington_nc,2019-06,32,29,2619579.5,205399.0
wilmington_nc,2019-07,30,27,2502061.8000000003,197077.0
wilmington_nc,2019-08,30,28,2695806.8000000003,212037.0
wilmington_nc,2019-09,26,26,2927754.5999999996,221864.0
wilmington_nc,2019-10,30,27,2637348.1999999997,208425.0
wilmington_nc,2019-11,30,25,2489719.0,197031.0
wilmington_nc,2019-12,28,28,2510674.4999999995,201234.0
wilmington_nc,2020-01,26,26,2733616.5,210573.0
wilmington_nc,2020-02,22,20,2398880.3,180607.0
wilmington_nc,2020-03,27,26,1930780.8,160936.0
wilmington_nc,2020-04,23,21,2189996.1999999997,170070.0
wilmington_nc,2020-05,25,24,2058142.0,163753.0
wilmington_nc,2020-06,26,25,2299199.0,180701.0
wilmington_nc,2020-07,20,18,1467051.2,119379.0
wilmington_nc,2020-08,18,18,1574000.8,127430.0
wilmington_nc,2020-09,23,21,1414760.5000000002,119063.0
wilmington_nc,2020-10,16,15,1116849.2,91255.0
wilmington_nc,2020-11,21,19,1655048.7000000002,139708.0
wilmington_nc,2020-12,22,18,1286983.5,108123.0
wilmington_nc,2021-01,21,19,1598084.7,129583.0
wilmington_nc,2021-02,20,18,1389244.2,117744.0
wilmington_nc,2021-03,32,32,2268795.7000000007,187114.0
wilmington_nc,2021-04,28,26,2502649.1,208612.0
wilmington_nc,2021-05,31,30,2623687.6999999993,225560.0
wilmington_nc,2021-06,38,36,2658004.2,228629.0
wilmington_nc,2021-07,31,30,2550021.5000000005,219533.0
wilmington_nc,2021-08,31,31,2836865.5000000005,237185.0
wilmington_nc,2021-09,34,33,2759867.3999999994,230675.0
wilmington_nc,2021-10,34,32,2742214.9000000004,232061.0
wilmington_nc,2021-11,30,25,2115329.3,172212.0
wilmington_nc,2021-12,38,34,3397157.3000000003,278060.0
wilmington_nc,2022-01,34,31,2290912.0,199161.0
wilmington_nc,2022-02,32,32,2620316.8000000003,218130.0
wilmington_nc,2022-03,42,38,2749253.9000000004,247263.0
wilmington_nc,2022-04,36,34,2955187.6999999997,262739.0
wilmington_nc,2022-05,34,33,3003853.1,252798.0
wilmington_nc,2022-06,39,36,2790078.4000000004,242269.0
wilmington_nc,2022-07,36,33,2637524.8000000007,230943.0
wilmington_nc,2022-08,38,37,3031729.9999999995,265366.0
wilmington_nc,2022-09,32,32,2234728.1999999997,208567.0
wilmington_nc,2022-10,33,32,3053832.6,249245.0
wilmington_nc,2022-11,34,30,3285142.2,266351.75
wilmington_nc,2022-12,37,32,3039189.6999999993,263044.0
wilmington_nc,2023-01,37,32,2917876.3000000003,246221.0
wilmington_nc,2023-02,36,32,2637720.8000000003,232721.0
wilmington_nc,2023-03,36,32,2530206.0,225573.0
wilmington_nc,2023-04,42,37,3178473.2,287566.0
wilmington_nc,2023-05,44,35,3100400.8,280147.0
wilmington_nc,2023-06,46,41,3571749.7,319593.0
wilmington_nc,2023-07,40,39,3381413.3000000003,304116.0
wilmington_nc,2023-08,36,33,2987850.7,275979.0
wilmington_nc,2023-09,31,30,2529291.5,225290.0
wilmington_nc,2023-10,44,41,3767579.1000000006,338322.0
wilmington_nc,2023-11,33,30,2891955.0000000005,262393.0
wilmington_nc,2023-12,37,35,2655942.3000000003,251360.0
wilmington_nc,2024-01,41,36,3415213.4,300052.0
wilmington_nc,2024-02,37,34,3079791.2,282602.0
wilmington_nc,2024-03,40,36,2475394.1999999997,239471.0
wilmington_nc,2024-04,43,42,3280473.6,299362.0
wilmington_nc,2024-05,38,35,3370494.8000000003,290492.0
wilmington_nc,2024-06,44,37,3005483.4,276135.0
wilmington_nc,2024-07,38,37,2735986.7,259982.0
wilmington_nc,2024-08,39,36,3112568.2,274247.0
wilmington_nc,2024-09,36,32,2593523.3,237507.0
wilmington_nc,2024-10,39,35,2919207.7,279984.0
wilmington_nc,2024-11,38,33,3117073.9999999995,275258.0
wilmington_nc,2024-12,38,32,2803091.0,253357.0
wilmington_nc,2025-01,32,30,2211909.8000000003,216008.0
wilmington_nc,2025-02,38,32,2800181.5999999996,252268.0
wilmington_nc,2025-03,42,36,2632816.1999999993,241783.0
wilmington_nc,2025-04,36,31,2068007.1999999997,208538.0
wilmington_nc,2025-05,38,33,3176668.8,286807.0
wilmington_nc,2025-06,34,30,2416419.6999999997,226028.0
wilmington_nc,2025-07,30,26,1604313.4,155901.0
wilmington_nc,2025-08,24,20,1129256.8,115056.0
wilmington_nc,2025-09,30,24,1184719.0,125776.0
wilmington_nc,2025-10,32,25,1322925.7,136994.0
wilmington_nc,2025-11,29,22,1141875.5,120050.0
wilmington_nc,2025-12,28,20,976193.2,102897.0
