port_complex_id,year_month,unique_vessels,unique_cargo_vessels,n_pings,days_sampled,ship_days,port_calls,cargo_port_calls,freight_port_calls
baltimore_md,2015-01,111,107,121633,31,278.2794097222223,116,112,116
baltimore_md,2015-02,114,108,140496,28,342.25400462962983,115,110,115
baltimore_md,2015-03,127,120,152070,31,337.94454861111114,130,123,130
baltimore_md,2015-04,114,109,133748,30,320.05615740740734,112,108,112
baltimore_md,2015-05,115,108,139270,31,334.00839120370364,115,108,115
baltimore_md,2015-06,125,111,140093,30,350.186400462963,125,111,125
baltimore_md,2015-07,109,104,134653,31,326.95774305555557,113,108,113
baltimore_md,2015-08,114,104,129018,31,319.67282407407413,113,104,113
baltimore_md,2015-09,106,98,98837,30,262.8589583333333,104,95,104
baltimore_md,2015-10,103,98,121925,31,294.17504629629633,101,96,101
baltimore_md,2015-11,91,85,69904,30,235.55800925925922,96,90,96
baltimore_md,2015-12,106,101,81148,31,228.90623842592595,106,101,106
baltimore_md,2016-01,103,95,120822,31,335.96064814814815,109,100,109
baltimore_md,2016-02,51,50,44589,17,74.57423611111109,47,46,47
baltimore_md,2016-03,69,66,75588,24,153.82909722222223,73,70,73
baltimore_md,2016-04,67,60,48087,26,95.69749999999998,67,60,67
baltimore_md,2016-05,115,104,108711,31,234.969675925926,121,110,121
baltimore_md,2016-06,100,90,93466,30,280.63458333333347,100,89,100
baltimore_md,2016-07,94,88,84240,31,180.6976967592592,94,88,94
baltimore_md,2016-08,110,102,116872,31,355.0752893518518,116,108,116
baltimore_md,2016-09,103,91,119317,30,312.70344907407406,101,86,101
baltimore_md,2016-10,106,97,120720,31,310.0209374999999,105,98,105
baltimore_md,2016-11,95,84,105406,30,276.4960879629629,95,84,95
baltimore_md,2016-12,96,86,103701,31,327.8384953703702,102,93,102
baltimore_md,2017-01,87,80,89498,31,183.96665509259253,84,77,84
baltimore_md,2017-02,81,77,86995,28,208.15878472222224,76,72,76
baltimore_md,2017-03,91,88,109190,31,256.3116435185185,95,92,95
baltimore_md,2017-04,92,85,96733,30,245.9083912037038,90,83,90
baltimore_md,2017-05,98,90,94590,31,233.62716435185183,98,91,98
baltimore_md,2017-06,88,82,92653,30,194.78497685185187,84,78,84
baltimore_md,2017-07,89,84,94747,31,226.36925925925922,91,85,91
baltimore_md,2017-08,92,87,108549,31,256.67427083333337,91,86,91
baltimore_md,2017-09,97,91,98172,30,311.50002314814816,100,92,100
baltimore_md,2017-10,99,96,99932,31,200.47239583333337,96,93,96
baltimore_md,2017-11,91,86,98157,30,202.7765740740741,85,80,85
baltimore_md,2017-12,96,93,117868,31,279.369826388889,94,92,94
baltimore_md,2018-01,142,139,201730,31,457.94540509259286,141,138,141
baltimore_md,2018-02,141,130,186520,28,406.3201273148148,137,127,137
baltimore_md,2018-03,165,152,222212,31,545.6131944444445,169,158,169
baltimore_md,2018-04,162,155,200675,30,527.1470601851854,166,160,166
baltimore_md,2018-05,167,154,241925,31,567.268622685185,159,146,159
baltimore_md,2018-06,162,156,216131,30,543.0179513888888,158,151,158
baltimore_md,2018-07,149,142,226824,31,534.1643518518517,146,138,146
baltimore_md,2018-08,163,154,239797,31,543.2328819444447,165,157,165
baltimore_md,2018-09,148,137,218649,30,501.09607638888883,142,131,142
baltimore_md,2018-10,138,131,217256,31,543.5178587962962,137,129,137
baltimore_md,2018-11,155,151,214110,30,493.115914351852,148,144,148
baltimore_md,2018-12,148,135,255448,31,652.3398611111111,145,132,145
baltimore_md,2019-01,153,142,236503,31,454.3401157407409,145,135,145
baltimore_md,2019-02,137,130,224495,28,457.32292824074085,125,117,125
baltimore_md,2019-03,158,154,211646,31,458.0839120370371,149,145,149
baltimore_md,2019-04,148,138,217249,30,443.5488888888889,145,135,145
baltimore_md,2019-05,149,140,238908,31,510.0531365740743,149,139,149
baltimore_md,2019-06,136,129,208931,30,479.5196990740741,139,132,139
baltimore_md,2019-07,145,137,223130,31,516.4689699074074,147,138,147
baltimore_md,2019-08,147,140,224805,31,519.9964004629632,144,138,144
baltimore_md,2019-09,130,120,194491,30,484.74031249999985,130,121,130
baltimore_md,2019-10,136,128,181964,31,481.6564583333332,130,122,130
baltimore_md,2019-11,135,129,199434,30,449.8205902777778,127,121,127
baltimore_md,2019-12,131,124,214321,31,571.7043055555554,127,119,127
baltimore_md,2020-01,122,118,182418,31,505.7497106481481,121,117,121
baltimore_md,2020-02,129,121,195739,29,523.3156597222224,126,118,126
baltimore_md,2020-03,125,120,210122,31,538.516898148148,122,117,122
baltimore_md,2020-04,122,116,205178,30,462.6558680555558,117,111,117
baltimore_md,2020-05,99,92,222846,31,491.809375,94,85,94
baltimore_md,2020-06,104,98,222063,30,457.3453819444444,94,88,94
baltimore_md,2020-07,117,111,195235,31,434.9592939814814,106,101,106
baltimore_md,2020-08,126,123,185079,31,531.7068055555555,132,129,132
baltimore_md,2020-09,121,115,171410,30,485.161111111111,122,116,122
baltimore_md,2020-10,130,126,175130,31,500.8103935185184,131,129,131
baltimore_md,2020-11,114,110,188478,30,492.26557870370357,111,107,111
baltimore_md,2020-12,129,123,175696,31,466.23974537037,123,118,123
baltimore_md,2021-01,126,117,194396,31,515.0356597222222,120,111,120
baltimore_md,2021-02,100,97,149443,28,415.89901620370364,101,98,101
baltimore_md,2021-03,145,133,198659,31,567.9862962962962,142,131,142
baltimore_md,2021-04,168,155,243990,30,698.8932291666667,172,157,172
baltimore_md,2021-05,161,150,263193,31,672.6022222222222,174,162,174
baltimore_md,2021-06,165,155,240777,30,609.0561111111109,181,170,181
baltimore_md,2021-07,145,135,186212,31,468.13631944444427,143,132,143
baltimore_md,2021-08,161,148,210710,31,586.9764814814814,156,142,156
baltimore_md,2021-09,153,146,245408,30,610.5647337962965,150,143,150
baltimore_md,2021-10,156,147,199446,30,531.7996296296295,153,143,153
baltimore_md,2021-11,159,146,216487,30,542.7183680555556,178,165,178
baltimore_md,2021-12,164,157,209176,30,479.4047685185184,163,156,163
baltimore_md,2022-01,149,143,223647,31,540.6665393518515,141,135,141
baltimore_md,2022-02,149,143,210182,28,512.6014004629629,149,144,149
baltimore_md,2022-03,172,167,295320,31,553.543703703704,173,168,173
baltimore_md,2022-04,168,154,318890,30,694.8378356481481,160,144,160
baltimore_md,2022-05,164,155,278364,31,635.6038541666669,160,151,160
baltimore_md,2022-06,181,171,330850,29,712.3410532407403,192,182,192
baltimore_md,2022-07,156,149,316853,31,628.3474652777776,152,146,152
baltimore_md,2022-08,165,153,284702,31,729.5513425925927,164,152,164
baltimore_md,2022-09,156,147,257555,30,605.0390856481481,152,142,152
baltimore_md,2022-10,161,153,280194,31,684.0030324074073,159,149,159
baltimore_md,2022-11,145,139,254551,30,525.4225347222223,137,129,137
baltimore_md,2022-12,167,159,292298,31,620.6811574074072,162,154,162
baltimore_md,2023-01,181,173,322443,31,655.288298611111,177,168,177
baltimore_md,2023-02,162,153,231593,28,575.1505439814815,160,151,160
baltimore_md,2023-03,171,160,281001,31,668.9589699074074,167,156,167
baltimore_md,2023-04,179,167,300285,30,694.2002546296303,174,163,174
baltimore_md,2023-05,177,168,270021,31,640.5968750000001,175,166,175
baltimore_md,2023-06,186,177,323237,30,695.7316435185185,175,167,175
baltimore_md,2023-07,176,167,264870,31,578.6281828703707,164,155,164
baltimore_md,2023-08,175,169,231261,31,533.4110300925926,162,156,162
baltimore_md,2023-09,176,168,245987,30,578.5591319444443,172,164,172
baltimore_md,2023-10,176,170,222355,31,583.4773495370372,171,165,171
baltimore_md,2023-11,164,158,229165,30,557.4751157407409,156,150,156
baltimore_md,2023-12,151,145,276848,31,674.4944907407408,145,138,145
baltimore_md,2024-01,167,162,294844,31,695.3161458333333,163,158,163
baltimore_md,2024-02,165,156,280259,29,623.0130671296298,157,148,157
baltimore_md,2024-03,158,150,277793,31,650.419826388889,152,142,152
baltimore_md,2024-04,51,48,238950,30,467.2721643518519,42,40,42
baltimore_md,2024-05,99,90,251746,31,456.81391203703674,92,83,92
baltimore_md,2024-06,142,134,296695,30,612.1772685185184,134,127,134
baltimore_md,2024-07,163,154,233959,31,592.7879282407408,161,152,161
baltimore_md,2024-08,168,162,236102,31,574.8655324074075,166,161,166
baltimore_md,2024-09,158,152,182198,30,529.0681828703705,156,150,156
baltimore_md,2024-10,164,156,204863,31,497.92115740740786,152,145,152
baltimore_md,2024-11,186,176,223668,30,549.8134143518514,178,168,178
baltimore_md,2024-12,178,170,247409,31,612.6181597222227,172,164,172
baltimore_md,2025-01,159,148,236318,31,593.384988425926,151,140,151
baltimore_md,2025-02,164,155,252479,28,624.5159837962965,157,148,157
baltimore_md,2025-03,202,195,299344,31,790.8997685185187,193,188,193
baltimore_md,2025-04,189,180,257074,30,625.0346412037038,177,167,177
baltimore_md,2025-05,195,185,262305,31,1120.229942129629,253,238,253
baltimore_md,2025-06,187,180,263106,30,648.2972222222228,178,171,178
baltimore_md,2025-07,181,174,251251,31,552.1588657407406,171,164,171
baltimore_md,2025-08,180,171,228924,31,529.2326967592592,183,174,183
baltimore_md,2025-09,183,176,235239,30,570.8223726851852,181,173,181
baltimore_md,2025-10,188,184,194217,31,546.6386458333334,182,178,182
baltimore_md,2025-11,179,170,177274,30,473.7185648148149,174,164,174
baltimore_md,2025-12,184,179,207418,31,555.0910763888891,187,182,187
boston_ma,2015-01,39,24,19695,31,126.88033564814815,59,24,59
boston_ma,2015-02,34,19,13425,25,95.8379976851852,54,24,54
boston_ma,2015-03,35,22,15225,31,76.669375,47,23,47
boston_ma,2015-04,29,19,22308,30,82.07325231481482,42,20,42
boston_ma,2015-05,26,18,11966,26,42.652986111111105,34,19,34
boston_ma,2015-06,30,20,11339,25,52.86454861111112,35,20,35
boston_ma,2015-07,32,23,28653,31,77.02784722222222,40,24,40
boston_ma,2015-08,26,20,27648,30,75.83850694444446,32,21,32
boston_ma,2015-09,27,16,18683,29,83.2320023148148,39,17,39
boston_ma,2015-10,33,19,20474,26,73.64526620370371,46,19,46
boston_ma,2015-11,31,17,15431,29,82.19071759259258,46,18,46
boston_ma,2015-12,31,18,24951,30,102.4878935185185,43,21,43
boston_ma,2016-01,32,22,16264,29,126.7378240740741,51,28,51
boston_ma,2016-02,18,10,5284,15,26.794664351851853,23,10,23
boston_ma,2016-03,17,10,7302,14,36.66563657407408,23,11,23
boston_ma,2016-04,20,11,7915,19,34.1866087962963,25,11,25
boston_ma,2016-05,31,17,23334,28,107.19804398148146,42,18,42
boston_ma,2016-06,25,14,30205,30,142.07273148148147,37,14,37
boston_ma,2016-07,29,16,13450,29,69.57664351851854,37,18,37
boston_ma,2016-08,22,11,10996,31,129.06547453703706,43,19,43
boston_ma,2016-09,27,16,13048,30,100.80005787037037,41,17,41
boston_ma,2016-10,22,15,10010,26,34.51091435185185,28,19,28
boston_ma,2016-11,30,17,17782,29,70.80472222222221,40,16,40
boston_ma,2016-12,30,17,17426,30,168.88663194444445,49,20,49
boston_ma,2017-01,25,15,22006,26,132.8678587962963,40,15,40
boston_ma,2017-02,25,17,13536,28,101.65979166666666,39,20,39
boston_ma,2017-03,22,14,14771,30,101.55788194444447,32,14,32
boston_ma,2017-04,20,11,10830,26,57.36873842592592,28,11,28
boston_ma,2017-05,24,16,15055,30,92.57530092592593,32,18,32
boston_ma,2017-06,23,14,11034,27,85.99437499999999,33,15,33
boston_ma,2017-07,20,14,11062,29,63.6009837962963,32,17,32
boston_ma,2017-08,25,15,12994,30,49.57657407407407,33,15,33
boston_ma,2017-09,24,17,11861,27,81.71386574074076,31,18,31
boston_ma,2017-10,26,19,14170,27,77.07961805555556,35,19,35
boston_ma,2017-11,26,19,10120,25,75.15187499999999,32,20,32
boston_ma,2017-12,26,17,11227,30,72.40319444444444,38,20,38
boston_ma,2018-01,48,33,21657,31,123.45634259259256,72,38,72
boston_ma,2018-02,45,34,25752,28,159.7649652777778,70,44,70
boston_ma,2018-03,39,28,26865,31,176.84724537037036,57,31,57
boston_ma,2018-04,31,20,15469,30,116.43819444444446,45,21,45
boston_ma,2018-05,39,26,23317,30,135.6712962962963,58,30,58
boston_ma,2018-06,40,24,23037,30,132.22868055555554,54,25,54
boston_ma,2018-07,42,28,39044,31,168.38271990740745,63,31,63
boston_ma,2018-08,36,22,53017,31,163.95753472222222,57,26,57
boston_ma,2018-09,34,19,45873,30,130.47494212962962,52,21,52
boston_ma,2018-10,44,30,43647,31,98.55635416666665,54,31,54
boston_ma,2018-11,39,26,35772,30,122.65232638888884,47,27,47
boston_ma,2018-12,38,23,41919,30,174.59060185185183,57,27,57
boston_ma,2019-01,40,24,51481,31,174.26518518518523,57,22,57
boston_ma,2019-02,44,30,46058,28,137.70583333333332,65,36,65
boston_ma,2019-03,34,24,43758,30,161.17569444444445,47,30,47
boston_ma,2019-04,34,22,49323,30,188.67697916666665,50,26,50
boston_ma,2019-05,38,23,53363,31,156.64556712962963,54,29,54
boston_ma,2019-06,36,22,37010,30,171.44687499999998,54,25,54
boston_ma,2019-07,35,22,23325,31,102.67489583333334,47,23,47
boston_ma,2019-08,36,25,38847,30,149.0394328703704,54,33,54
boston_ma,2019-09,35,23,39541,30,196.4378935185185,58,27,58
boston_ma,2019-10,46,29,56131,31,222.7053587962963,66,34,66
boston_ma,2019-11,43,28,60516,30,217.87112268518516,60,27,60
boston_ma,2019-12,35,21,69280,31,205.52671296296293,57,23,57
boston_ma,2020-01,46,30,58908,31,185.5373379629629,65,34,65
boston_ma,2020-02,36,26,50431,29,181.68614583333334,52,27,52
boston_ma,2020-03,38,25,63439,31,171.01539351851855,51,26,51
boston_ma,2020-04,29,17,57085,30,137.6622337962963,37,18,37
boston_ma,2020-05,28,13,48109,31,130.6542824074074,37,14,37
boston_ma,2020-06,26,15,33236,30,140.49480324074074,39,22,39
boston_ma,2020-07,30,18,33244,31,160.62988425925928,44,21,44
boston_ma,2020-08,27,17,28051,30,149.79876157407412,45,20,45
boston_ma,2020-09,24,13,20183,30,102.85565972222223,36,16,36
boston_ma,2020-10,33,20,22497,31,147.0744212962963,52,27,52
boston_ma,2020-11,34,22,21323,30,125.3624884259259,50,26,50
boston_ma,2020-12,31,17,18409,31,141.9826504629629,50,19,50
boston_ma,2021-01,36,20,15927,31,163.04184027777774,55,23,55
boston_ma,2021-02,26,12,11615,25,129.10283564814813,47,17,47
boston_ma,2021-03,34,20,24225,31,126.01146990740742,46,21,46
boston_ma,2021-04,37,19,19335,30,171.48409722222218,56,23,56
boston_ma,2021-05,35,19,15539,31,146.2244328703704,53,22,53
boston_ma,2021-06,33,15,18656,30,96.42486111111113,49,16,49
boston_ma,2021-07,32,16,18897,31,128.33396990740744,49,18,49
boston_ma,2021-08,36,21,18493,31,135.54099537037038,54,24,54
boston_ma,2021-09,30,12,19062,29,160.29899305555557,48,18,48
boston_ma,2021-10,29,14,12696,29,135.01849537037037,47,17,47
boston_ma,2021-11,36,18,21039,28,123.52552083333332,61,22,61
boston_ma,2021-12,35,18,47412,30,189.6417824074074,52,21,52
boston_ma,2022-01,35,19,38345,31,218.4897916666667,57,17,57
boston_ma,2022-02,34,19,33299,28,146.32898148148146,51,21,51
boston_ma,2022-03,34,21,28749,31,171.2670138888889,54,26,54
boston_ma,2022-04,30,15,22304,29,154.60964120370372,43,16,43
boston_ma,2022-05,31,17,24326,30,138.35569444444445,46,17,46
boston_ma,2022-06,29,14,21239,29,142.8651041666667,43,14,43
boston_ma,2022-07,31,18,21724,31,124.95181712962967,48,23,48
boston_ma,2022-08,33,17,30259,31,146.71660879629627,45,18,45
boston_ma,2022-09,30,16,26615,30,118.45003472222221,46,16,46
boston_ma,2022-10,43,27,27687,30,119.95123842592595,58,27,58
boston_ma,2022-11,43,30,35575,30,161.20462962962964,59,32,59
boston_ma,2022-12,50,31,39400,30,221.15108796296292,77,37,77
boston_ma,2023-01,52,34,41481,31,186.68261574074072,70,39,70
boston_ma,2023-02,49,34,32997,27,150.22430555555556,61,36,61
boston_ma,2023-03,45,31,36065,31,214.68046296296293,61,32,61
boston_ma,2023-04,49,32,32418,30,124.87671296296296,65,32,65
boston_ma,2023-05,46,32,26243,31,152.95265046296296,62,32,62
boston_ma,2023-06,33,21,27104,29,138.83831018518524,51,23,51
boston_ma,2023-07,44,30,36061,31,133.28726851851852,58,31,58
boston_ma,2023-08,47,34,39359,31,208.4013310185185,66,37,66
boston_ma,2023-09,34,20,36068,30,153.1888888888889,43,22,43
boston_ma,2023-10,44,31,42380,31,190.7583449074074,60,35,60
boston_ma,2023-11,40,27,32809,30,110.92166666666671,52,30,52
boston_ma,2023-12,43,25,32260,31,166.47247685185187,62,26,62
boston_ma,2024-01,48,34,46392,31,241.1905787037037,70,40,70
boston_ma,2024-02,46,32,43530,29,167.0665972222222,63,36,63
boston_ma,2024-03,40,24,40572,31,195.55042824074076,63,28,63
boston_ma,2024-04,37,23,25031,30,162.08327546296292,55,30,55
boston_ma,2024-05,42,27,28529,31,142.37872685185184,61,30,61
boston_ma,2024-06,37,24,27401,30,150.3293518518518,51,27,51
boston_ma,2024-07,37,24,26664,31,130.80640046296298,50,28,50
boston_ma,2024-08,36,22,28482,31,137.32326388888893,51,23,51
boston_ma,2024-09,32,19,23174,30,133.3475,44,21,44
boston_ma,2024-10,37,22,18421,31,125.13696759259261,51,27,51
boston_ma,2024-11,43,27,22568,30,146.2328587962963,53,28,53
boston_ma,2024-12,44,25,28495,31,171.5534259259259,68,29,68
boston_ma,2025-01,41,24,22737,31,244.26913194444444,73,36,73
boston_ma,2025-02,42,30,27896,27,233.5369328703704,75,46,75
boston_ma,2025-03,47,35,36670,31,244.9275925925926,70,45,70
boston_ma,2025-04,39,30,26301,30,191.7846875,59,40,59
boston_ma,2025-05,45,30,29741,31,204.6421759259259,70,47,70
boston_ma,2025-06,43,30,37314,30,235.8078356481482,69,43,69
boston_ma,2025-07,39,28,42183,31,209.01498842592594,67,39,67
boston_ma,2025-08,49,34,48905,31,236.72498842592586,74,48,74
boston_ma,2025-09,37,23,35101,30,185.70027777777779,58,36,58
boston_ma,2025-10,36,26,30244,31,184.37074074074079,57,38,57
boston_ma,2025-11,36,26,23864,30,197.28158564814805,65,41,65
boston_ma,2025-12,41,25,31334,31,228.10625,76,41,76
charleston_sc,2015-01,129,120,154718,31,362.5015509259261,137,128,137
charleston_sc,2015-02,140,129,122819,28,230.74379629629632,134,123,134
charleston_sc,2015-03,124,116,109990,31,280.01333333333315,129,120,129
charleston_sc,2015-04,139,125,140974,30,292.24952546296294,139,124,139
charleston_sc,2015-05,150,139,149000,31,403.15215277777776,150,140,150
charleston_sc,2015-06,146,130,125577,30,268.01824074074085,150,133,150
charleston_sc,2015-07,149,138,135419,31,319.4233564814816,148,139,148
charleston_sc,2015-08,135,125,94727,31,278.87159722222236,134,124,134
charleston_sc,2015-09,132,118,86531,30,252.32049768518522,134,119,134
charleston_sc,2015-10,137,126,91073,31,257.1209375,138,129,138
charleston_sc,2015-11,118,110,64065,30,171.55050925925923,119,110,119
charleston_sc,2015-12,125,117,93909,31,247.47504629629623,126,117,126
charleston_sc,2016-01,113,104,60451,31,156.80255787037032,114,105,114
charleston_sc,2016-02,78,73,46094,20,97.04248842592591,77,72,77
charleston_sc,2016-03,69,63,38643,21,111.61334490740744,71,65,71
charleston_sc,2016-04,99,87,57194,25,124.53700231481484,100,88,100
charleston_sc,2016-05,130,124,83769,31,229.78418981481474,132,126,132
charleston_sc,2016-06,125,112,82616,30,224.206863425926,124,111,124
charleston_sc,2016-07,132,122,80020,31,223.44811342592595,132,122,132
charleston_sc,2016-08,123,114,140728,31,323.26750000000004,127,117,127
charleston_sc,2016-09,113,103,107668,30,254.50327546296307,113,104,113
charleston_sc,2016-10,125,114,100621,31,226.33604166666677,124,114,124
charleston_sc,2016-11,114,105,70154,30,220.56251157407414,114,105,114
charleston_sc,2016-12,115,106,82129,31,230.2352314814814,114,105,114
charleston_sc,2017-01,108,101,59728,31,160.07759259259262,107,100,107
charleston_sc,2017-02,100,94,54857,28,181.55196759259255,103,97,103
charleston_sc,2017-03,119,109,79651,31,190.46923611111112,118,108,118
charleston_sc,2017-04,103,97,63866,30,161.6870138888888,100,95,100
charleston_sc,2017-05,114,106,63917,31,143.1150925925925,113,105,113
charleston_sc,2017-06,107,103,63422,30,177.05717592592583,108,104,108
charleston_sc,2017-07,103,92,53503,31,205.05295138888903,108,97,108
charleston_sc,2017-08,102,98,60504,31,208.1585300925926,105,101,105
charleston_sc,2017-09,101,92,64640,29,183.1924652777777,104,95,104
charleston_sc,2017-10,116,106,75801,31,182.31177083333336,115,104,115
charleston_sc,2017-11,106,97,77011,30,238.0107291666667,106,96,106
charleston_sc,2017-12,107,101,101212,31,254.1317245370372,104,97,104
charleston_sc,2018-01,156,143,184046,31,380.86365740740746,157,144,157
charleston_sc,2018-02,156,141,200210,28,355.60233796296274,148,133,148
charleston_sc,2018-03,169,152,202012,31,419.28311342592605,170,152,170
charleston_sc,2018-04,163,147,144615,30,310.49456018518504,156,141,156
charleston_sc,2018-05,163,146,173168,31,388.02878472222216,163,147,163
charleston_sc,2018-06,166,152,211991,30,468.470590277778,164,151,164
charleston_sc,2018-07,170,157,184216,31,487.0024421296299,172,157,172
charleston_sc,2018-08,168,155,183668,31,552.588287037037,167,153,167
charleston_sc,2018-09,158,147,165185,30,406.9960185185184,155,143,155
charleston_sc,2018-10,168,159,192391,31,516.5810532407407,173,163,173
charleston_sc,2018-11,144,137,175644,30,459.24166666666684,132,125,132
charleston_sc,2018-12,143,137,203959,31,471.52079861111105,134,127,134
charleston_sc,2019-01,161,154,208540,31,460.96241898148185,153,146,153
charleston_sc,2019-02,138,129,168420,28,358.5191898148147,126,116,126
charleston_sc,2019-03,149,140,174582,31,406.4851967592592,143,134,143
charleston_sc,2019-04,158,144,200764,30,490.9109375000001,152,137,152
charleston_sc,2019-05,157,149,188842,31,444.3105092592593,148,142,148
charleston_sc,2019-06,146,133,184335,30,445.54635416666684,142,130,142
charleston_sc,2019-07,154,141,173659,31,496.2342476851851,153,141,153
charleston_sc,2019-08,152,140,188872,31,486.0418518518516,151,140,151
charleston_sc,2019-09,149,141,161689,30,457.8216782407406,148,142,148
charleston_sc,2019-10,154,140,152200,31,404.15417824074086,148,138,148
charleston_sc,2019-11,141,130,123741,30,287.41046296296315,134,124,134
charleston_sc,2019-12,130,122,138157,31,384.0158449074074,130,124,130
charleston_sc,2020-01,147,138,152429,31,418.8072569444443,147,139,147
charleston_sc,2020-02,130,122,128736,29,357.0277083333333,125,116,125
charleston_sc,2020-03,143,127,163384,31,430.25429398148134,137,121,137
charleston_sc,2020-04,128,115,180034,30,440.416550925926,121,108,121
charleston_sc,2020-05,120,106,171963,31,400.29614583333347,113,99,113
charleston_sc,2020-06,124,112,145711,30,386.0898726851852,124,112,124
charleston_sc,2020-07,130,118,167390,31,469.67208333333343,127,116,127
charleston_sc,2020-08,138,129,162183,31,508.76513888888906,141,132,141
charleston_sc,2020-09,140,129,147722,30,462.7906481481479,142,133,142
charleston_sc,2020-10,148,132,169108,31,519.4628703703703,151,136,151
charleston_sc,2020-11,148,135,147017,30,454.9905555555554,145,134,145
charleston_sc,2020-12,136,126,163570,31,428.85869212962973,133,124,133
charleston_sc,2021-01,135,120,176551,31,399.8591203703705,133,118,133
charleston_sc,2021-02,117,111,135729,28,296.4400810185184,109,104,109
charleston_sc,2021-03,154,140,155522,31,406.22403935185207,151,135,151
charleston_sc,2021-04,170,150,208286,30,504.42157407407393,168,149,168
charleston_sc,2021-05,184,164,270812,31,659.117824074074,181,162,181
charleston_sc,2021-06,181,162,224743,30,569.1375694444444,172,157,172
charleston_sc,2021-07,193,169,240016,31,636.762106481482,190,165,190
charleston_sc,2021-08,172,153,225868,31,571.881400462963,172,152,172
charleston_sc,2021-09,165,144,215984,30,586.6983217592591,162,143,162
charleston_sc,2021-10,160,142,221634,31,498.6948726851853,148,132,148
charleston_sc,2021-11,172,153,221977,30,553.8424768518516,166,149,166
charleston_sc,2021-12,170,150,218910,31,505.425462962963,166,147,166
charleston_sc,2022-01,156,138,195381,31,516.1898495370367,144,125,144
charleston_sc,2022-02,146,134,184099,28,422.21988425925923,137,123,137
charleston_sc,2022-03,158,141,200837,31,551.5196296296297,152,133,152
charleston_sc,2022-04,136,118,193449,30,491.636898148148,126,111,126
charleston_sc,2022-05,160,138,217986,31,573.1913541666671,149,128,149
charleston_sc,2022-06,137,121,174750,30,419.37407407407403,124,111,124
charleston_sc,2022-07,150,129,169398,31,426.4289930555553,147,126,147
charleston_sc,2022-08,151,134,164676,31,431.07255787037036,143,128,143
charleston_sc,2022-09,145,134,156277,30,367.47276620370366,137,125,137
charleston_sc,2022-10,167,149,223622,31,509.16792824074065,164,146,164
charleston_sc,2022-11,150,134,204890,30,522.2986111111111,136,122,136
charleston_sc,2022-12,163,148,189835,31,488.65605324074056,157,143,157
charleston_sc,2023-01,165,149,205099,31,554.0585416666668,168,152,168
charleston_sc,2023-02,159,139,195689,28,460.7178819444444,153,131,153
charleston_sc,2023-03,146,133,169995,31,465.85697916666646,140,130,140
charleston_sc,2023-04,164,147,215530,30,485.6855208333334,159,143,159
charleston_sc,2023-05,168,151,205448,31,576.5617361111111,161,144,161
charleston_sc,2023-06,158,142,165907,30,430.0591203703702,151,136,151
charleston_sc,2023-07,159,149,160158,31,486.39890046296324,155,143,155
charleston_sc,2023-08,152,139,140056,31,387.49473379629615,148,134,148
charleston_sc,2023-09,159,144,172465,30,437.97847222222214,156,140,156
charleston_sc,2023-10,156,145,164924,31,437.63563657407406,153,141,153
charleston_sc,2023-11,145,133,131657,30,417.3159259259259,145,132,145
charleston_sc,2023-12,141,130,170687,31,506.5119791666667,145,132,145
charleston_sc,2024-01,152,139,177124,31,496.62387731481493,157,142,157
charleston_sc,2024-02,152,138,146310,29,457.6932523148148,154,140,154
charleston_sc,2024-03,155,144,175880,31,514.0250810185184,154,142,154
charleston_sc,2024-04,158,146,166183,30,530.6226851851856,158,142,158
charleston_sc,2024-05,145,129,240837,31,633.4027199074079,142,125,142
charleston_sc,2024-06,162,143,229048,30,698.4502083333331,158,137,158
charleston_sc,2024-07,147,130,209297,31,544.1302546296295,140,125,140
charleston_sc,2024-08,137,121,173366,31,538.3968749999999,134,117,134
charleston_sc,2024-09,140,122,152993,30,446.656400462963,136,119,136
charleston_sc,2024-10,144,130,167698,31,471.5137731481479,141,126,141
charleston_sc,2024-11,148,135,129640,30,376.8323379629629,144,130,144
charleston_sc,2024-12,155,138,170440,31,444.45793981481467,146,131,146
charleston_sc,2025-01,134,117,104915,31,327.74032407407435,132,115,132
charleston_sc,2025-02,145,133,113181,28,310.48133101851874,141,132,141
charleston_sc,2025-03,184,165,197921,31,498.6268287037035,180,161,180
charleston_sc,2025-04,157,139,238577,30,533.8810879629632,146,132,146
charleston_sc,2025-05,178,159,227661,31,567.3071296296291,167,151,167
charleston_sc,2025-06,158,142,206624,30,529.6916203703704,153,136,153
charleston_sc,2025-07,170,156,205104,31,578.9345023148147,161,151,161
charleston_sc,2025-08,175,157,156756,31,447.6026967592593,166,151,166
charleston_sc,2025-09,162,153,160643,30,476.64796296296305,153,147,153
charleston_sc,2025-10,170,159,174471,31,483.3706481481482,165,155,165
charleston_sc,2025-11,160,145,153526,30,402.4260648148148,155,139,155
charleston_sc,2025-12,157,145,164514,31,373.0696527777777,153,140,153
houston_tx,2015-01,390,172,718064,31,2099.3563773148153,499,191,499
houston_tx,2015-02,365,154,651833,28,2040.3935995370364,466,151,466
houston_tx,2015-03,391,177,701311,31,2334.744826388891,494,189,494
houston_tx,2015-04,417,187,676826,30,2194.6108564814813,497,180,497
houston_tx,2015-05,377,149,620370,31,2087.43375,502,157,502
houston_tx,2015-06,377,156,578553,30,2081.2886689814804,495,161,495
houston_tx,2015-07,368,151,561519,31,1937.710682870371,474,152,474
houston_tx,2015-08,389,163,582926,31,2059.194594907407,500,169,500
houston_tx,2015-09,381,156,532566,30,1815.7796064814813,469,151,469
houston_tx,2015-10,338,142,433618,31,1685.3866898148156,428,145,428
houston_tx,2015-11,337,146,386393,30,1539.8393981481493,414,146,414
houston_tx,2015-12,362,143,484319,31,1795.5803125000002,457,144,457
houston_tx,2016-01,344,133,573760,31,1928.9469212962981,429,137,429
houston_tx,2016-02,223,76,331428,29,886.5679282407409,262,73,262
houston_tx,2016-03,212,76,276297,28,728.8220949074075,264,79,264
houston_tx,2016-04,234,91,270743,30,789.4262731481489,286,98,286
houston_tx,2016-05,331,115,518761,31,1720.6431944444453,454,125,454
houston_tx,2016-06,333,127,504396,30,1787.8653240740748,430,142,430
houston_tx,2016-07,339,132,518346,31,1718.966620370368,425,129,425
houston_tx,2016-08,318,133,425385,31,1627.5707060185168,416,144,416
houston_tx,2016-09,328,120,499211,30,1782.9789236111121,434,124,434
houston_tx,2016-10,326,141,472572,31,1721.788171296297,427,150,427
houston_tx,2016-11,330,127,464330,30,1639.2276851851836,426,130,426
houston_tx,2016-12,310,131,491249,31,1804.893888888888,383,130,383
houston_tx,2017-01,333,136,576509,31,1956.3318287037023,414,138,414
houston_tx,2017-02,295,115,463173,28,1512.724872685185,371,121,371
houston_tx,2017-03,314,146,493833,31,1665.4878587962949,389,158,389
houston_tx,2017-04,324,142,519110,30,1578.6164814814813,377,145,377
houston_tx,2017-05,290,121,438917,31,1531.2282638888903,360,124,360
houston_tx,2017-06,312,137,507351,30,1681.0607986111115,393,144,393
houston_tx,2017-07,313,137,474752,31,1444.3333101851863,367,134,367
houston_tx,2017-08,259,106,402009,29,1268.4607870370373,318,99,318
houston_tx,2017-09,298,129,453623,30,1443.351724537038,383,131,383
houston_tx,2017-10,313,126,450314,31,1665.6431597222218,374,117,374
houston_tx,2017-11,291,119,467108,30,1419.7787847222216,340,116,340
houston_tx,2017-12,279,107,449470,31,1378.3696527777781,331,107,331
houston_tx,2018-01,504,187,874802,31,2802.747303240741,638,202,638
houston_tx,2018-02,483,190,838153,28,2305.497002314817,532,189,532
houston_tx,2018-03,584,219,819674,31,3128.774953703706,764,223,764
houston_tx,2018-04,528,206,782066,30,2612.117928240741,632,203,632
houston_tx,2018-05,534,207,792671,31,2541.0824189814807,627,205,627
houston_tx,2018-06,512,195,772629,30,2436.5652430555583,605,200,605
houston_tx,2018-07,535,202,766671,31,2729.3383101851837,641,200,641
houston_tx,2018-08,521,215,800773,31,2632.028344907407,608,216,608
houston_tx,2018-09,487,195,714413,30,2244.073483796297,592,193,592
houston_tx,2018-10,493,180,684575,31,2317.865763888888,584,180,584
houston_tx,2018-11,469,170,639010,30,2168.524375,539,162,539
houston_tx,2018-12,467,173,672008,31,2280.114606481483,549,180,549
houston_tx,2019-01,497,197,755986,31,2447.2049189814816,590,194,590
houston_tx,2019-02,403,153,671487,28,2023.4607638888886,451,148,451
houston_tx,2019-03,470,183,773076,31,2516.128310185184,561,179,561
houston_tx,2019-04,522,210,796259,30,2651.1954629629613,608,210,608
houston_tx,2019-05,499,199,781251,31,2867.145798611112,603,189,603
houston_tx,2019-06,466,191,732705,30,2568.226203703703,563,198,563
houston_tx,2019-07,473,182,692478,31,2525.5978009259247,589,185,589
houston_tx,2019-08,485,202,716042,31,2369.1492824074076,570,192,570
houston_tx,2019-09,461,184,683267,30,2231.126875,545,185,545
houston_tx,2019-10,467,175,678252,31,2467.4003125000004,570,178,570
houston_tx,2019-11,441,176,628344,30,2033.8878703703708,485,169,485
houston_tx,2019-12,463,170,725513,31,2277.292071759258,532,164,532
houston_tx,2020-01,461,188,677913,31,2359.2594328703703,504,191,504
houston_tx,2020-02,438,161,637694,29,2087.375219907409,489,159,489
houston_tx,2020-03,462,163,695293,31,2170.931481481483,553,165,553
houston_tx,2020-04,435,166,611082,30,1966.5679166666682,509,162,509
houston_tx,2020-05,401,171,546262,31,1866.9045601851867,453,175,453
houston_tx,2020-06,422,167,573239,30,2026.2822222222217,489,180,489
houston_tx,2020-07,421,172,612884,31,2052.4567592592593,492,183,492
houston_tx,2020-08,406,166,504861,31,1807.9772222222232,474,168,474
houston_tx,2020-09,417,178,544112,30,2081.1097222222215,492,186,492
houston_tx,2020-10,434,181,593049,31,2038.7988541666664,513,184,513
houston_tx,2020-11,414,161,454669,30,2025.2630671296295,482,167,482
houston_tx,2020-12,404,155,544434,31,1879.487546296296,460,160,460
houston_tx,2021-01,394,154,583833,31,1801.3254629629632,436,155,436
houston_tx,2021-02,307,121,518857,28,1485.281342592593,330,118,330
houston_tx,2021-03,409,183,634014,31,2106.5678703703693,488,180,488
houston_tx,2021-04,515,196,772499,30,2317.682766203703,578,193,578
houston_tx,2021-05,532,210,850653,31,2717.640231481481,632,210,632
houston_tx,2021-06,529,209,793551,30,2595.2942708333317,638,206,638
houston_tx,2021-07,542,210,851236,31,2720.1619907407435,644,207,644
houston_tx,2021-08,548,228,906704,31,2899.7664583333326,627,225,627
houston_tx,2021-09,532,209,926333,30,2780.6695717592575,614,208,614
houston_tx,2021-10,551,219,951690,31,3002.2167824074104,652,210,652
houston_tx,2021-11,537,215,825172,30,2767.737233796298,638,219,638
houston_tx,2021-12,538,203,895810,31,2769.3487847222204,646,213,646
houston_tx,2022-01,555,239,816920,31,3039.298935185187,653,229,653
houston_tx,2022-02,513,208,770770,28,2665.810150462962,579,204,579
houston_tx,2022-03,585,228,959425,31,3017.4647569444464,676,222,676
houston_tx,2022-04,595,235,924302,30,2924.546956018517,685,235,685
houston_tx,2022-05,572,219,904314,31,2858.021249999999,665,220,665
houston_tx,2022-06,563,220,897145,30,2775.2376967592595,626,208,626
houston_tx,2022-07,559,219,937757,31,3123.863148148143,733,241,733
houston_tx,2022-08,578,229,901412,31,2953.4120949074095,658,209,658
houston_tx,2022-09,547,222,885068,30,2803.295717592592,632,209,632
houston_tx,2022-10,585,237,966520,31,2949.6955208333325,670,232,670
houston_tx,2022-11,530,203,847828,30,2729.621145833331,592,199,592
houston_tx,2022-12,561,222,940506,31,2856.316898148148,623,218,623
houston_tx,2023-01,556,220,874853,31,2969.1182291666646,653,208,653
houston_tx,2023-02,491,183,730338,28,2256.1079282407386,541,182,541
houston_tx,2023-03,591,217,817461,31,3153.264386574077,699,205,699
houston_tx,2023-04,545,207,811684,30,2612.2041435185224,623,205,623
houston_tx,2023-05,566,204,815948,31,2602.5360300925922,650,210,650
houston_tx,2023-06,541,218,746670,30,2507.920462962963,612,211,612
houston_tx,2023-07,584,221,839690,31,2759.4385532407423,644,201,644
houston_tx,2023-08,562,192,803226,31,2834.1640509259273,664,192,664
houston_tx,2023-09,538,190,798289,30,2836.2653009259234,640,191,640
houston_tx,2023-10,573,214,816636,31,2679.484502314814,650,200,650
houston_tx,2023-11,535,178,757898,30,2762.045150462962,634,171,634
houston_tx,2023-12,579,201,752995,31,2621.8253356481505,644,201,644
houston_tx,2024-01,557,201,817411,31,2664.290173611111,609,199,609
houston_tx,2024-02,583,199,845032,29,2669.406967592592,665,198,665
houston_tx,2024-03,585,202,846594,31,2666.5508912037058,685,194,685
houston_tx,2024-04,575,192,807985,30,2534.425185185185,635,185,635
houston_tx,2024-05,588,203,906059,31,2813.710243055554,670,189,670
houston_tx,2024-06,575,198,893531,30,2734.895671296297,673,192,673
houston_tx,2024-07,531,198,887523,31,3148.3884143518553,640,199,640
houston_tx,2024-08,588,198,912736,31,2997.6247337962955,695,190,695
houston_tx,2024-09,558,190,807255,30,2719.1446412037067,630,189,630
houston_tx,2024-10,573,195,787526,31,2645.658761574073,658,196,658
houston_tx,2024-11,618,222,840670,30,2809.002002314811,689,214,689
houston_tx,2024-12,589,206,800502,31,2828.930081018516,671,208,671
houston_tx,2025-01,579,199,799261,31,2909.360555555554,652,198,652
houston_tx,2025-02,542,187,833448,28,2693.755543981481,596,176,596
houston_tx,2025-03,587,208,850257,31,2742.106307870371,641,201,641
houston_tx,2025-04,589,212,861535,30,2804.4704861111086,676,195,676
houston_tx,2025-05,566,193,857315,31,2839.4922222222203,644,194,644
houston_tx,2025-06,572,200,838802,30,2496.4227083333312,616,193,616
houston_tx,2025-07,574,211,832667,31,2625.4027430555575,644,203,644
houston_tx,2025-08,574,205,751974,31,2657.2440625,651,205,651
houston_tx,2025-09,561,200,714379,30,2636.760092592594,639,201,639
houston_tx,2025-10,564,187,716327,31,2658.4073842592593,644,185,644
houston_tx,2025-11,560,185,800824,30,2422.2636574074063,611,184,611
houston_tx,2025-12,558,191,850392,31,2615.652303240743,616,188,616
jacksonville_fl,2015-01,86,80,98137,31,274.1644328703704,102,94,102
jacksonville_fl,2015-02,89,79,107353,28,314.9007754629629,103,91,103
jacksonville_fl,2015-03,93,82,140198,31,396.73880787037035,109,96,109
jacksonville_fl,2015-04,88,78,122511,30,393.8421990740742,102,92,102
jacksonville_fl,2015-05,97,88,96367,31,362.5098148148148,117,105,117
jacksonville_fl,2015-06,101,93,107998,30,380.23613425925913,115,106,115
jacksonville_fl,2015-07,98,87,93977,31,279.81428240740735,109,98,109
jacksonville_fl,2015-08,95,85,101574,31,403.3440740740741,116,103,116
jacksonville_fl,2015-09,88,81,91765,30,310.835451388889,99,90,99
jacksonville_fl,2015-10,97,85,108848,31,402.31811342592596,110,96,110
jacksonville_fl,2015-11,81,72,73315,30,262.00527777777785,91,79,91
jacksonville_fl,2015-12,108,102,82420,31,281.98212962962964,116,107,116
jacksonville_fl,2016-01,89,80,96560,31,318.39090277777774,103,91,103
jacksonville_fl,2016-02,59,52,50207,23,155.77559027777778,65,57,65
jacksonville_fl,2016-03,49,43,44230,24,116.42539351851852,53,46,53
jacksonville_fl,2016-04,47,38,38003,20,103.07023148148146,52,42,52
jacksonville_fl,2016-05,89,78,63334,31,226.7926157407407,98,84,98
jacksonville_fl,2016-06,80,69,68456,30,310.9322569444444,93,78,93
jacksonville_fl,2016-07,81,71,65898,31,213.31156249999995,91,77,91
jacksonville_fl,2016-08,79,71,82861,31,231.151099537037,89,79,89
jacksonville_fl,2016-09,75,66,99105,30,262.76228009259256,81,72,81
jacksonville_fl,2016-10,78,71,74307,31,216.91112268518515,78,67,78
jacksonville_fl,2016-11,76,67,66816,30,201.54178240740745,80,70,80
jacksonville_fl,2016-12,90,84,74317,31,277.91150462962963,97,90,97
jacksonville_fl,2017-01,70,65,61484,31,181.88436342592587,75,70,75
jacksonville_fl,2017-02,59,52,62725,28,167.02429398148152,63,54,63
jacksonville_fl,2017-03,75,66,58122,31,206.30873842592595,83,70,83
jacksonville_fl,2017-04,63,57,61545,30,180.0592708333333,68,60,68
jacksonville_fl,2017-05,71,64,67080,31,253.08798611111115,79,68,79
jacksonville_fl,2017-06,61,53,52448,30,182.6586574074074,67,57,67
jacksonville_fl,2017-07,67,62,70360,31,249.88847222222228,72,64,72
jacksonville_fl,2017-08,57,49,47476,31,212.9910763888889,63,54,63
jacksonville_fl,2017-09,58,53,43543,27,137.1762037037037,62,56,62
jacksonville_fl,2017-10,55,46,42014,31,137.52518518518522,59,49,59
jacksonville_fl,2017-11,59,51,63615,30,201.5244560185185,67,58,67
jacksonville_fl,2017-12,62,54,90233,31,197.21349537037037,68,59,68
jacksonville_fl,2018-01,107,92,115093,31,409.4914467592592,129,109,129
jacksonville_fl,2018-02,97,88,99128,28,313.5545601851851,109,99,109
jacksonville_fl,2018-03,104,87,87712,31,396.81155092592604,123,104,123
jacksonville_fl,2018-04,105,91,95753,30,395.6742129629632,122,104,122
jacksonville_fl,2018-05,123,107,124488,31,509.9750694444444,141,122,141
jacksonville_fl,2018-06,107,97,120150,30,372.07761574074084,114,102,114
jacksonville_fl,2018-07,114,100,130419,31,407.510138888889,127,110,127
jacksonville_fl,2018-08,111,99,187326,31,503.91569444444434,126,111,126
jacksonville_fl,2018-09,104,93,160120,30,451.9242129629629,117,105,117
jacksonville_fl,2018-10,105,96,134972,31,476.9442824074074,123,111,123
jacksonville_fl,2018-11,106,95,92239,30,399.16103009259274,120,108,120
jacksonville_fl,2018-12,101,94,101397,31,432.10107638888894,118,107,118
jacksonville_fl,2019-01,113,101,120192,31,459.4780671296296,134,120,134
jacksonville_fl,2019-02,98,86,117972,28,426.52451388888886,112,98,112
jacksonville_fl,2019-03,115,103,145479,31,508.53918981481485,132,119,132
jacksonville_fl,2019-04,102,89,122184,30,422.1016203703703,113,100,113
jacksonville_fl,2019-05,100,87,103817,31,446.5875347222221,122,107,122
jacksonville_fl,2019-06,99,91,105221,30,428.01466435185165,119,110,119
jacksonville_fl,2019-07,99,89,102881,31,441.5180092592593,118,104,118
jacksonville_fl,2019-08,97,84,104647,31,404.2414351851852,113,98,113
jacksonville_fl,2019-09,93,81,113385,28,401.03517361111113,117,101,117
jacksonville_fl,2019-10,94,85,75653,31,343.78160879629627,112,101,112
jacksonville_fl,2019-11,94,84,91132,30,379.15175925925917,112,101,112
jacksonville_fl,2019-12,86,77,83194,31,373.37769675925927,106,95,106
jacksonville_fl,2020-01,79,69,67417,31,345.86125,102,91,102
jacksonville_fl,2020-02,84,73,76603,29,346.92334490740734,106,94,106
jacksonville_fl,2020-03,79,70,84482,31,369.6643981481482,101,91,101
jacksonville_fl,2020-04,77,65,85851,30,307.12581018518523,89,78,89
jacksonville_fl,2020-05,72,61,88616,31,365.514212962963,89,78,89
jacksonville_fl,2020-06,70,59,78722,30,329.82799768518527,88,74,88
jacksonville_fl,2020-07,69,60,64428,31,324.55946759259257,88,77,88
jacksonville_fl,2020-08,73,69,95859,31,392.82688657407414,93,87,93
jacksonville_fl,2020-09,81,70,89997,30,356.33829861111104,97,84,97
jacksonville_fl,2020-10,76,71,74963,31,341.6036689814815,94,86,94
jacksonville_fl,2020-11,83,75,79547,30,334.19261574074085,103,92,103
jacksonville_fl,2020-12,89,79,120137,31,474.78806712962944,106,93,106
jacksonville_fl,2021-01,78,69,103339,31,403.3993865740741,100,86,100
jacksonville_fl,2021-02,67,59,98647,28,331.8246064814814,78,68,78
jacksonville_fl,2021-03,84,74,124869,31,398.26636574074075,100,88,100
jacksonville_fl,2021-04,103,89,132238,30,498.5674305555555,129,111,129
jacksonville_fl,2021-05,109,93,127460,31,442.0519328703701,134,115,134
jacksonville_fl,2021-06,105,87,116095,30,435.47384259259263,125,106,125
jacksonville_fl,2021-07,92,76,134409,31,475.22199074074064,118,98,118
jacksonville_fl,2021-08,88,74,126792,31,423.6091782407406,109,92,109
jacksonville_fl,2021-09,94,75,123832,30,444.40255787037046,121,99,121
jacksonville_fl,2021-10,89,72,129716,31,473.3074074074077,109,90,109
jacksonville_fl,2021-11,83,68,89619,30,378.2056712962964,107,90,107
jacksonville_fl,2021-12,103,84,108964,31,395.9885069444443,123,104,123
jacksonville_fl,2022-01,100,86,115789,31,496.97469907407395,122,105,122
jacksonville_fl,2022-02,77,66,78123,28,418.8186805555556,108,96,108
jacksonville_fl,2022-03,110,90,146815,31,543.4624652777777,138,116,138
jacksonville_fl,2022-04,109,90,138301,30,494.0160069444443,133,110,133
jacksonville_fl,2022-05,103,88,126897,31,459.0311805555555,120,103,120
jacksonville_fl,2022-06,109,94,166782,30,496.05530092592585,123,104,123
jacksonville_fl,2022-07,101,86,149843,31,501.80881944444445,129,107,129
jacksonville_fl,2022-08,104,93,139959,31,520.2113194444444,128,115,128
jacksonville_fl,2022-09,89,75,140937,30,516.1241087962962,111,94,111
jacksonville_fl,2022-10,96,82,170336,31,585.435439814815,126,109,126
jacksonville_fl,2022-11,93,77,159773,30,492.573263888889,113,97,113
jacksonville_fl,2022-12,94,79,154147,31,479.70313657407416,112,95,112
jacksonville_fl,2023-01,103,83,139521,31,485.857361111111,124,102,124
jacksonville_fl,2023-02,93,80,131288,28,490.3900115740742,113,95,113
jacksonville_fl,2023-03,91,75,151822,31,553.9459143518518,115,93,115
jacksonville_fl,2023-04,94,81,172490,30,503.856122685185,116,100,116
jacksonville_fl,2023-05,102,85,162190,31,499.602523148148,120,99,120
jacksonville_fl,2023-06,105,87,146169,30,532.8813310185184,123,101,123
jacksonville_fl,2023-07,93,84,155502,31,521.5117824074073,115,102,115
jacksonville_fl,2023-08,102,87,155134,31,540.2545254629628,127,106,127
jacksonville_fl,2023-09,105,84,143111,30,531.1167824074073,121,96,121
jacksonville_fl,2023-10,95,83,140025,31,494.49170138888894,116,102,116
jacksonville_fl,2023-11,89,75,114014,30,457.5150694444447,107,92,107
jacksonville_fl,2023-12,86,78,116393,31,422.46591435185195,104,92,104
jacksonville_fl,2024-01,95,82,104841,31,414.39667824074064,116,101,116
jacksonville_fl,2024-02,84,69,87965,29,376.93190972222226,104,86,104
jacksonville_fl,2024-03,84,73,102110,31,426.92344907407403,108,93,108
jacksonville_fl,2024-04,90,73,114045,30,447.5235532407409,115,93,115
jacksonville_fl,2024-05,101,85,157753,31,553.9097337962963,120,98,120
jacksonville_fl,2024-06,92,79,151899,30,410.6521180555556,104,89,104
jacksonville_fl,2024-07,94,78,139492,31,530.0221180555557,116,95,116
jacksonville_fl,2024-08,100,85,126838,31,430.7960532407408,114,97,114
jacksonville_fl,2024-09,88,74,108401,30,418.7070601851852,110,87,110
jacksonville_fl,2024-10,90,74,133731,31,462.1967939814817,111,93,111
jacksonville_fl,2024-11,88,78,98059,30,470.3289583333336,109,93,109
jacksonville_fl,2024-12,103,87,129748,31,434.13984953703687,129,104,129
jacksonville_fl,2025-01,94,81,112235,31,480.02416666666676,118,99,118
jacksonville_fl,2025-02,91,81,118475,28,421.71593750000005,109,92,109
jacksonville_fl,2025-03,112,98,149470,31,498.06032407407423,135,114,135
jacksonville_fl,2025-04,110,94,150651,30,572.9583912037039,140,116,140
jacksonville_fl,2025-05,118,101,187900,31,672.3821180555558,144,122,144
jacksonville_fl,2025-06,101,87,182399,30,630.1207638888887,123,103,123
jacksonville_fl,2025-07,117,99,168575,31,677.6935648148147,143,120,143
jacksonville_fl,2025-08,116,106,159442,31,599.0896643518519,141,123,141
jacksonville_fl,2025-09,93,82,146813,30,578.3215509259257,125,100,125
jacksonville_fl,2025-10,126,108,172284,31,642.5099305555557,153,126,153
jacksonville_fl,2025-11,101,86,144768,30,543.1491666666666,122,98,122
jacksonville_fl,2025-12,94,80,142018,31,618.5447916666667,121,101,121
miami_fl,2015-01,88,80,239304,31,944.8038425925929,147,135,147
miami_fl,2015-02,81,77,208512,28,832.0594328703702,135,130,135
miami_fl,2015-03,81,77,206622,31,882.3813310185187,154,150,154
miami_fl,2015-04,76,73,242079,30,815.1271759259257,134,131,134
miami_fl,2015-05,74,71,240643,31,963.4082870370371,133,130,133
miami_fl,2015-06,76,74,282632,30,881.144710648148,131,128,131
miami_fl,2015-07,87,85,276884,31,956.104074074074,145,143,145
miami_fl,2015-08,80,79,242601,31,784.0750347222223,132,131,132
miami_fl,2015-09,81,77,218989,30,830.4530439814812,134,130,134
miami_fl,2015-10,85,80,196686,31,889.5800231481481,143,135,143
miami_fl,2015-11,69,65,168113,30,754.274953703704,127,121,127
miami_fl,2015-12,81,75,197733,31,764.5536921296294,134,127,134
miami_fl,2016-01,70,67,155794,31,634.4436226851851,114,110,114
miami_fl,2016-02,47,45,70773,28,314.1608680555555,71,69,71
miami_fl,2016-03,53,50,81577,31,279.3114351851852,77,74,77
miami_fl,2016-04,55,53,88829,30,388.4319907407408,85,82,85
miami_fl,2016-05,70,65,172725,31,688.5339699074074,130,123,130
miami_fl,2016-06,70,65,155534,30,595.3303472222224,126,121,126
miami_fl,2016-07,59,58,157836,31,679.4231018518519,109,108,109
miami_fl,2016-08,63,60,195506,31,729.1595023148146,119,116,119
miami_fl,2016-09,61,58,163622,30,734.3991898148147,115,112,115
miami_fl,2016-10,66,62,183906,31,752.7995833333335,126,121,126
miami_fl,2016-11,58,55,223923,30,701.8805902777777,110,108,110
miami_fl,2016-12,62,59,206449,31,738.5869907407407,114,111,114
miami_fl,2017-01,57,57,125817,31,583.5831712962963,107,107,107
miami_fl,2017-02,55,53,127472,28,578.9808217592592,107,105,107
miami_fl,2017-03,60,59,144777,31,689.7981828703702,107,106,107
miami_fl,2017-04,54,53,135118,30,652.0934722222223,103,102,103
miami_fl,2017-05,56,56,142665,31,629.7680324074073,104,104,104
miami_fl,2017-06,51,50,139936,30,585.4455092592591,95,94,95
miami_fl,2017-07,57,56,155966,31,614.5290972222223,100,99,100
miami_fl,2017-08,60,59,163879,31,658.1284606481481,109,108,109
miami_fl,2017-09,55,55,157721,30,602.192488425926,92,92,92
miami_fl,2017-10,56,53,127602,31,565.4284837962964,100,95,100
miami_fl,2017-11,55,52,197511,30,672.9456944444445,109,105,109
miami_fl,2017-12,51,49,177173,31,592.0005902777777,97,94,97
miami_fl,2018-01,79,77,210057,31,835.7599999999998,140,138,140
miami_fl,2018-02,76,74,226812,28,771.5230671296295,129,127,129
miami_fl,2018-03,79,78,193065,31,922.8103472222223,152,151,152
miami_fl,2018-04,77,75,160790,30,804.6493750000001,135,133,135
miami_fl,2018-05,80,76,196081,31,893.2520370370369,143,139,143
miami_fl,2018-06,82,81,193405,30,847.8410416666667,138,137,138
miami_fl,2018-07,81,78,189868,31,812.7578703703707,138,135,138
miami_fl,2018-08,87,87,185420,31,798.6524537037038,142,142,142
miami_fl,2018-09,67,64,115493,30,619.0529976851853,121,118,121
miami_fl,2018-10,80,77,141005,31,748.9760648148148,143,140,143
miami_fl,2018-11,70,68,143446,30,756.3142939814816,129,126,129
miami_fl,2018-12,64,64,122193,31,649.6817245370371,120,120,120
miami_fl,2019-01,74,73,152598,31,725.1367013888889,133,132,133
miami_fl,2019-02,70,69,153148,28,775.3034490740743,127,126,127
miami_fl,2019-03,74,73,184307,31,824.572650462963,135,134,135
miami_fl,2019-04,74,74,147428,30,723.4044097222223,132,132,132
miami_fl,2019-05,76,74,198795,31,941.8791087962964,144,142,144
miami_fl,2019-06,68,66,158619,30,770.8496180555557,126,125,126
miami_fl,2019-07,67,66,155124,31,800.1074189814817,138,137,138
miami_fl,2019-08,69,68,156752,31,842.3051736111112,139,138,139
miami_fl,2019-09,73,70,178316,30,776.0500347222223,139,136,139
miami_fl,2019-10,72,67,191348,31,811.9393981481478,136,131,136
miami_fl,2019-11,69,64,157523,30,746.8780671296296,125,121,125
miami_fl,2019-12,67,65,152323,31,701.3702314814811,121,119,121
miami_fl,2020-01,72,66,129207,31,737.2321759259257,132,125,132
miami_fl,2020-02,70,65,143919,29,699.5505555555555,129,124,129
miami_fl,2020-03,73,71,182362,31,797.3162731481484,130,127,130
miami_fl,2020-04,64,63,185076,30,684.1587500000003,94,93,94
miami_fl,2020-05,61,59,186870,31,655.8369791666665,99,97,99
miami_fl,2020-06,63,63,156814,30,624.2454976851851,105,105,105
miami_fl,2020-07,58,56,181059,31,733.4128819444444,103,101,103
miami_fl,2020-08,72,71,178142,31,693.1885995370365,114,113,114
miami_fl,2020-09,69,68,139485,30,667.615474537037,122,121,122
miami_fl,2020-10,66,65,149812,31,805.2642129629629,137,136,137
miami_fl,2020-11,64,62,117544,30,710.0598958333331,120,118,120
miami_fl,2020-12,63,63,162309,31,782.1313194444444,140,140,140
miami_fl,2021-01,73,73,236047,31,823.8636921296296,145,145,145
miami_fl,2021-02,57,57,163221,28,601.2529513888891,102,102,102
miami_fl,2021-03,64,63,161085,31,735.6218634259258,134,132,134
miami_fl,2021-04,68,68,204528,30,846.490648148148,143,143,143
miami_fl,2021-05,65,65,189940,31,828.8322685185187,125,125,125
miami_fl,2021-06,69,68,226737,30,850.8054976851855,142,141,142
miami_fl,2021-07,68,65,214010,31,908.8175694444445,137,134,137
miami_fl,2021-08,70,70,214140,31,844.327326388889,143,143,143
miami_fl,2021-09,68,67,182292,30,895.2617361111107,152,151,152
miami_fl,2021-10,74,73,258785,31,1010.230486111111,151,150,151
miami_fl,2021-11,72,69,213238,30,876.0083449074074,132,129,132
miami_fl,2021-12,75,74,231869,31,865.6919907407407,153,152,153
miami_fl,2022-01,67,65,256816,31,808.7836805555555,119,117,119
miami_fl,2022-02,72,67,191248,28,785.644675925926,139,134,139
miami_fl,2022-03,69,66,248840,31,873.092314814815,151,148,151
miami_fl,2022-04,66,61,221762,30,837.3153587962963,146,141,146
miami_fl,2022-05,69,69,287382,31,839.9992361111113,141,141,141
miami_fl,2022-06,69,65,298584,30,870.6775578703705,139,135,139
miami_fl,2022-07,67,63,242988,31,830.061550925926,143,139,143
miami_fl,2022-08,63,61,252692,31,825.5235185185181,143,141,143
miami_fl,2022-09,62,60,251010,30,804.3151504629628,125,123,125
miami_fl,2022-10,74,67,311749,31,952.5823958333334,142,134,142
miami_fl,2022-11,70,68,222210,30,803.6039814814817,133,131,133
miami_fl,2022-12,68,63,194466,31,832.2481481481482,152,147,152
miami_fl,2023-01,74,69,203790,31,832.634525462963,148,143,148
miami_fl,2023-02,61,58,142048,28,692.3526041666668,138,135,138
miami_fl,2023-03,80,74,174151,31,895.5795023148146,171,162,171
miami_fl,2023-04,74,68,186830,30,791.9483796296297,150,143,150
miami_fl,2023-05,77,71,154437,31,812.5190856481481,161,154,161
miami_fl,2023-06,79,77,176002,30,834.4181481481481,160,158,160
miami_fl,2023-07,77,73,172633,31,860.9659027777776,150,145,150
miami_fl,2023-08,72,69,177702,31,827.3748958333335,153,149,153
miami_fl,2023-09,74,70,159712,30,754.1848032407406,147,143,147
miami_fl,2023-10,80,78,157609,31,758.1492013888889,156,154,156
miami_fl,2023-11,79,74,145284,30,840.4039583333334,157,151,157
miami_fl,2023-12,73,68,145912,31,811.3132870370368,140,135,140
miami_fl,2024-01,75,68,159771,31,769.6510648148152,149,140,149
miami_fl,2024-02,75,68,148097,29,813.4384953703704,154,145,154
miami_fl,2024-03,79,71,177439,31,908.0459953703701,158,148,158
miami_fl,2024-04,80,74,193424,30,842.7908912037036,157,151,157
miami_fl,2024-05,84,77,200620,31,919.5867476851847,175,166,175
miami_fl,2024-06,75,71,180816,30,815.6046990740743,148,142,148
miami_fl,2024-07,68,66,216786,31,895.3066666666665,152,149,152
miami_fl,2024-08,77,73,220476,31,946.6452893518519,166,162,166
miami_fl,2024-09,74,69,176010,30,852.3159143518518,154,149,154
miami_fl,2024-10,74,71,168997,31,809.9994212962962,134,132,134
miami_fl,2024-11,75,69,149059,30,765.1523032407406,137,131,137
miami_fl,2024-12,66,63,126093,31,707.4878703703705,125,122,125
miami_fl,2025-01,68,63,134075,31,736.4443981481483,131,126,131
miami_fl,2025-02,69,66,155817,28,672.4829050925928,122,119,122
miami_fl,2025-03,72,68,168318,31,752.3640162037037,143,139,143
miami_fl,2025-04,79,73,170893,30,840.9531944444443,153,145,153
miami_fl,2025-05,75,71,178028,31,879.7679050925925,150,143,150
miami_fl,2025-06,76,74,166820,30,819.0323032407408,155,149,155
miami_fl,2025-07,79,76,163224,31,926.8148263888887,174,166,174
miami_fl,2025-08,80,77,197233,31,967.4119328703705,170,163,170
miami_fl,2025-09,80,77,184563,30,835.9740277777779,163,157,163
miami_fl,2025-10,83,80,177861,31,932.6757986111113,171,164,171
miami_fl,2025-11,77,72,182760,30,824.6185300925929,155,146,155
miami_fl,2025-12,77,75,221830,31,954.8959606481479,160,155,160
mobile_al,2015-01,61,45,105711,31,271.2318402777778,65,47,65
mobile_al,2015-02,57,45,135947,28,294.28234953703713,56,43,56
mobile_al,2015-03,59,41,100380,31,251.73274305555552,62,42,62
mobile_al,2015-04,61,45,93268,30,234.5546643518518,63,48,63
mobile_al,2015-05,62,45,104397,31,289.53025462962967,68,49,68
mobile_al,2015-06,62,44,101279,30,216.5117708333333,60,43,60
mobile_al,2015-07,57,46,114444,31,325.9832638888889,62,49,62
mobile_al,2015-08,64,50,106440,31,261.1002199074074,61,46,61
mobile_al,2015-09,48,41,66485,30,194.7989814814815,48,39,48
mobile_al,2015-10,61,53,79643,31,223.0723148148148,60,52,60
mobile_al,2015-11,50,41,61465,29,178.84763888888892,50,39,50
mobile_al,2015-12,60,46,75442,31,224.53126157407405,63,47,63
mobile_al,2016-01,54,38,75805,31,225.13909722222218,60,38,60
mobile_al,2016-02,27,20,34923,19,80.6371412037037,25,18,25
mobile_al,2016-03,34,21,27853,25,64.39334490740741,36,21,36
mobile_al,2016-04,36,24,37492,20,93.27914351851852,37,25,37
mobile_al,2016-05,58,40,101830,31,304.57479166666656,67,44,67
mobile_al,2016-06,59,42,92298,30,216.90550925925925,55,38,55
mobile_al,2016-07,53,39,74902,31,220.16504629629628,48,35,48
mobile_al,2016-08,55,44,70715,31,191.62689814814814,57,44,57
mobile_al,2016-09,54,47,65780,30,190.0533796296296,55,45,55
mobile_al,2016-10,51,40,76917,31,190.6795833333334,50,39,50
mobile_al,2016-11,53,39,71397,30,157.11371527777786,52,37,52
mobile_al,2016-12,58,47,92216,31,204.4542476851852,56,43,56
mobile_al,2017-01,57,45,79865,31,220.59188657407412,57,41,57
mobile_al,2017-02,46,39,61793,28,181.06319444444443,47,40,47
mobile_al,2017-03,56,49,74367,31,204.53583333333336,59,48,59
mobile_al,2017-04,56,46,62985,30,187.89545138888892,58,46,58
mobile_al,2017-05,70,62,84660,31,246.46854166666662,65,57,65
mobile_al,2017-06,60,48,72316,30,227.38929398148161,61,47,61
mobile_al,2017-07,65,55,74480,31,286.2173379629629,72,60,72
mobile_al,2017-08,60,51,67413,31,219.31644675925915,64,54,64
mobile_al,2017-09,58,46,90135,30,282.475150462963,66,50,66
mobile_al,2017-10,64,51,76078,31,245.628125,71,56,71
mobile_al,2017-11,51,40,57714,30,164.2382986111111,55,43,55
mobile_al,2017-12,57,45,68008,31,194.74600694444442,62,48,62
mobile_al,2018-01,91,76,118142,31,398.47560185185176,99,81,99
mobile_al,2018-02,85,72,117501,28,353.41930555555564,92,74,92
mobile_al,2018-03,90,79,98982,31,376.28184027777775,102,86,102
mobile_al,2018-04,80,68,95220,30,326.0901967592593,85,72,85
mobile_al,2018-05,93,75,135136,31,411.53704861111095,93,74,93
mobile_al,2018-06,87,73,126137,30,379.9569675925926,91,75,91
mobile_al,2018-07,90,76,126489,31,394.50418981481505,94,77,94
mobile_al,2018-08,85,74,118865,31,389.0015046296296,89,75,89
mobile_al,2018-09,84,71,102998,30,328.08846064814816,94,78,94
mobile_al,2018-10,93,79,121529,31,415.46374999999995,96,81,96
mobile_al,2018-11,84,70,95681,30,301.2298263888889,86,70,86
mobile_al,2018-12,79,64,97874,31,304.08196759259266,87,70,87
mobile_al,2019-01,93,82,127776,31,422.99282407407424,97,83,97
mobile_al,2019-02,84,77,118034,28,380.96390046296295,85,72,85
mobile_al,2019-03,99,83,111612,31,351.1237037037038,97,78,97
mobile_al,2019-04,80,67,96471,30,332.9879050925925,86,71,86
mobile_al,2019-05,80,67,88234,31,392.1049074074075,91,71,91
mobile_al,2019-06,90,79,117330,30,396.42267361111107,97,84,97
mobile_al,2019-07,85,70,115115,31,433.01162037037045,93,77,93
mobile_al,2019-08,84,71,101141,31,340.2092129629629,94,78,94
mobile_al,2019-09,87,75,124394,30,336.68646990740746,90,79,90
mobile_al,2019-10,81,69,127586,31,361.3960532407408,84,71,84
mobile_al,2019-11,65,53,100212,30,316.50913194444433,68,53,68
mobile_al,2019-12,79,66,126792,31,341.7992476851851,82,69,82
mobile_al,2020-01,80,68,131232,31,400.4184259259258,87,71,87
mobile_al,2020-02,71,57,119443,29,352.29663194444447,75,60,75
mobile_al,2020-03,79,64,119906,31,317.7815972222221,83,68,83
mobile_al,2020-04,71,59,83597,30,241.8654861111111,70,56,70
mobile_al,2020-05,74,63,86110,31,258.72086805555557,76,62,76
mobile_al,2020-06,68,53,80053,30,214.03082175925923,66,49,66
mobile_al,2020-07,62,49,69915,31,210.7580208333334,68,54,68
mobile_al,2020-08,65,54,68283,31,213.00209490740744,67,55,67
mobile_al,2020-09,68,58,73894,29,274.4205092592593,72,60,72
mobile_al,2020-10,69,62,70354,31,276.12590277777775,64,57,64
mobile_al,2020-11,71,58,76194,30,346.38263888888895,69,52,69
mobile_al,2020-12,84,69,103591,31,349.92482638888896,86,69,86
mobile_al,2021-01,78,64,97933,31,293.51252314814815,79,63,79
mobile_al,2021-02,69,55,128117,28,320.850625,67,53,67
mobile_al,2021-03,93,78,136585,31,406.50651620370377,98,81,98
mobile_al,2021-04,91,75,152412,30,441.542488425926,91,71,91
mobile_al,2021-05,95,82,152333,31,427.165162037037,92,75,92
mobile_al,2021-06,95,81,149381,30,439.318761574074,106,88,106
mobile_al,2021-07,93,81,161529,31,499.9350231481482,96,80,96
mobile_al,2021-08,85,75,127606,31,362.376736111111,89,76,89
mobile_al,2021-09,93,79,152425,30,430.77616898148193,98,80,98
mobile_al,2021-10,87,76,141012,31,475.3153124999999,92,77,92
mobile_al,2021-11,99,85,136688,30,393.1996064814816,97,83,97
mobile_al,2021-12,91,77,148085,31,504.6102430555556,102,84,102
mobile_al,2022-01,100,87,132621,31,428.91643518518526,94,79,94
mobile_al,2022-02,94,81,125956,28,371.4690624999999,90,76,90
mobile_al,2022-03,94,82,155127,31,428.52422453703696,99,85,99
mobile_al,2022-04,100,88,136754,30,421.74113425925907,99,85,99
mobile_al,2022-05,104,91,140595,31,422.2344328703704,103,87,103
mobile_al,2022-06,93,79,140852,30,388.37616898148156,97,83,97
mobile_al,2022-07,111,92,141857,31,427.40908564814805,116,96,116
mobile_al,2022-08,99,82,154868,31,486.1228240740743,98,80,98
mobile_al,2022-09,106,93,161475,30,447.92377314814826,102,87,102
mobile_al,2022-10,99,88,202957,31,587.8618402777779,106,91,106
mobile_al,2022-11,98,86,176902,30,457.7983796296297,95,83,95
mobile_al,2022-12,96,81,155770,31,464.0221759259261,96,80,96
mobile_al,2023-01,100,87,162696,31,479.06238425925915,103,89,103
mobile_al,2023-02,95,85,134022,28,403.8377546296296,99,87,99
mobile_al,2023-03,94,80,126734,31,401.0304629629631,98,85,98
mobile_al,2023-04,84,74,117617,30,364.19982638888877,92,82,92
mobile_al,2023-05,101,90,137043,31,413.1620486111112,106,94,106
mobile_al,2023-06,98,82,133863,30,422.4003472222225,104,87,104
mobile_al,2023-07,108,93,144601,31,478.68744212962974,113,93,113
mobile_al,2023-08,106,95,137951,31,432.568136574074,106,93,106
mobile_al,2023-09,106,88,155142,30,417.2687731481481,109,89,109
mobile_al,2023-10,96,82,135317,31,427.481238425926,100,85,100
mobile_al,2023-11,82,68,102547,30,327.5607060185186,80,65,80
mobile_al,2023-12,92,81,134659,31,414.6553587962963,94,82,94
mobile_al,2024-01,94,85,145968,31,391.35195601851854,97,86,97
mobile_al,2024-02,98,85,145013,29,392.1459259259259,100,85,100
mobile_al,2024-03,100,91,138177,31,381.5002083333334,98,90,98
mobile_al,2024-04,101,92,156679,30,370.14781249999976,95,87,95
mobile_al,2024-05,113,97,148583,31,404.38018518518516,110,92,110
mobile_al,2024-06,116,105,160645,30,374.4862268518518,108,97,108
mobile_al,2024-07,99,87,153748,31,407.63785879629603,90,78,90
mobile_al,2024-08,106,94,144121,31,407.4687384259259,108,96,108
mobile_al,2024-09,106,94,151183,30,483.375162037037,113,101,113
mobile_al,2024-10,95,80,128735,31,363.99295138888897,99,86,99
mobile_al,2024-11,99,86,112918,30,308.33520833333324,99,89,99
mobile_al,2024-12,91,80,132710,31,375.6920023148148,91,80,91
mobile_al,2025-01,99,85,149944,31,453.1674421296299,97,83,97
mobile_al,2025-02,98,80,133010,28,376.6430324074074,91,73,91
mobile_al,2025-03,110,93,153304,31,423.0586805555556,110,93,110
mobile_al,2025-04,103,91,138592,30,442.5484837962961,102,90,102
mobile_al,2025-05,110,95,129366,31,451.9727662037039,113,98,113
mobile_al,2025-06,96,83,128453,30,374.80760416666675,92,78,92
mobile_al,2025-07,107,94,136704,31,402.27049768518503,109,91,109
mobile_al,2025-08,108,93,139309,31,380.2989236111112,111,92,111
mobile_al,2025-09,94,79,108248,30,336.15187499999996,98,81,98
mobile_al,2025-10,101,85,152864,31,487.29952546296295,104,82,104
mobile_al,2025-11,113,100,161924,30,435.7988310185185,115,98,115
mobile_al,2025-12,105,93,155122,31,408.68087962962943,105,91,105
new_orleans_la,2015-01,340,228,434822,31,1875.154224537037,567,347,567
new_orleans_la,2015-02,308,212,398095,28,1722.2219560185188,480,294,480
new_orleans_la,2015-03,302,189,432635,31,1806.7582754629627,489,276,489
new_orleans_la,2015-04,300,193,480208,30,1940.7946874999993,455,251,455
new_orleans_la,2015-05,280,182,350432,31,1323.1804976851856,356,208,356
new_orleans_la,2015-06,256,152,248909,30,1096.6545601851863,314,170,314
new_orleans_la,2015-07,248,149,304033,31,1306.8128819444441,337,187,337
new_orleans_la,2015-08,305,188,383769,31,1725.8111111111107,486,267,486
new_orleans_la,2015-09,326,193,348093,30,1534.8426041666664,485,257,485
new_orleans_la,2015-10,291,181,256082,31,1169.0794675925927,377,211,377
new_orleans_la,2015-11,295,170,244794,30,1282.0970949074078,409,208,409
new_orleans_la,2015-12,303,179,369915,31,1684.4206712962953,479,242,479
new_orleans_la,2016-01,269,145,384851,31,1646.4530092592595,446,197,446
new_orleans_la,2016-02,197,110,244213,28,769.2510069444445,281,141,281
new_orleans_la,2016-03,197,106,245891,31,734.6255671296293,288,132,288
new_orleans_la,2016-04,200,107,245342,23,815.9296180555554,300,137,300
new_orleans_la,2016-05,280,150,337407,31,1536.9883912037037,495,231,495
new_orleans_la,2016-06,267,143,270861,30,1295.4517824074067,443,207,443
new_orleans_la,2016-07,314,175,346867,31,1589.5842708333337,513,242,513
new_orleans_la,2016-08,285,162,332295,31,1561.386458333334,455,224,455
new_orleans_la,2016-09,293,171,348805,30,1599.2694444444442,490,243,490
new_orleans_la,2016-10,292,178,356077,31,1722.0012500000003,477,265,477
new_orleans_la,2016-11,291,175,351923,30,1605.4605092592599,483,263,483
new_orleans_la,2016-12,285,162,318412,31,1489.3894444444438,456,219,456
new_orleans_la,2017-01,285,182,368224,31,1653.8550347222224,444,243,444
new_orleans_la,2017-02,265,174,327907,28,1471.2769791666676,397,235,397
new_orleans_la,2017-03,297,187,338069,31,1467.4383564814827,447,238,447
new_orleans_la,2017-04,263,157,320793,30,1529.3050347222215,421,222,421
new_orleans_la,2017-05,259,138,286684,31,1394.926585648148,402,181,402
new_orleans_la,2017-06,260,149,342787,30,1562.6182291666669,406,200,406
new_orleans_la,2017-07,269,149,306354,31,1388.683553240741,431,194,431
new_orleans_la,2017-08,261,139,338867,31,1463.781562499999,421,178,421
new_orleans_la,2017-09,266,145,227400,30,1228.9121875000008,419,194,419
new_orleans_la,2017-10,269,148,281216,31,1389.9453356481483,423,205,423
new_orleans_la,2017-11,255,149,257519,30,1259.9134374999999,390,193,390
new_orleans_la,2017-12,255,139,267430,31,1364.8453587962963,388,184,388
new_orleans_la,2018-01,488,307,511806,31,2660.841087962965,758,438,758
new_orleans_la,2018-02,481,311,544603,28,2496.4515509259263,724,413,724
new_orleans_la,2018-03,457,286,541791,31,2574.358287037036,696,391,696
new_orleans_la,2018-04,496,315,510084,30,2612.6508564814803,757,434,757
new_orleans_la,2018-05,483,285,523038,31,2809.238229166669,776,415,776
new_orleans_la,2018-06,461,281,446955,30,2301.0268518518524,729,407,729
new_orleans_la,2018-07,467,277,436028,31,2383.9638194444447,748,403,748
new_orleans_la,2018-08,458,280,420571,31,2318.8446064814816,760,430,760
new_orleans_la,2018-09,458,288,430029,30,2206.2084143518537,705,405,705
new_orleans_la,2018-10,472,290,442930,31,2532.511620370369,747,410,747
new_orleans_la,2018-11,428,267,398194,30,2474.344027777776,687,387,687
new_orleans_la,2018-12,421,262,475287,31,2322.2403356481486,657,366,657
new_orleans_la,2019-01,483,319,561468,31,2487.4478703703694,736,436,736
new_orleans_la,2019-02,393,252,473043,28,2025.4910995370367,567,326,567
new_orleans_la,2019-03,417,258,470307,31,2049.2035185185173,624,342,624
new_orleans_la,2019-04,392,240,414950,30,2193.759652777777,633,349,633
new_orleans_la,2019-05,412,243,453375,31,2272.6738541666655,656,360,656
new_orleans_la,2019-06,371,213,450486,30,1899.435092592593,563,289,563
new_orleans_la,2019-07,353,208,421310,31,2112.625011574073,563,293,563
new_orleans_la,2019-08,405,243,439319,31,2299.557303240739,670,352,670
new_orleans_la,2019-09,383,229,375074,30,2049.683078703701,621,319,621
new_orleans_la,2019-10,371,228,358931,31,2035.086435185184,597,324,597
new_orleans_la,2019-11,378,209,345592,30,1960.2835648148155,623,296,623
new_orleans_la,2019-12,355,206,364933,31,2039.888900462963,591,305,591
new_orleans_la,2020-01,363,228,397735,31,2048.858726851855,563,312,563
new_orleans_la,2020-02,350,200,378081,29,1921.2483333333341,566,295,566
new_orleans_la,2020-03,391,242,448838,31,2053.655023148148,599,333,599
new_orleans_la,2020-04,351,212,378939,30,1788.4772916666661,539,295,539
new_orleans_la,2020-05,337,220,392228,31,1868.4904166666665,533,323,533
new_orleans_la,2020-06,348,221,369643,30,1861.175243055557,552,318,552
new_orleans_la,2020-07,349,207,361013,31,1703.4323611111117,525,288,525
new_orleans_la,2020-08,338,201,284512,31,1626.6667013888887,526,286,526
new_orleans_la,2020-09,331,196,290321,30,1690.0505555555574,511,282,511
new_orleans_la,2020-10,325,207,284431,31,1743.0884259259267,508,291,508
new_orleans_la,2020-11,326,219,228244,30,1752.1573726851861,506,310,506
new_orleans_la,2020-12,340,228,316093,31,1783.777916666666,543,341,543
new_orleans_la,2021-01,349,235,364884,31,1781.1337731481494,565,358,565
new_orleans_la,2021-02,318,217,344152,28,1663.0694212962956,490,314,490
new_orleans_la,2021-03,394,265,416140,31,1989.00324074074,636,386,636
new_orleans_la,2021-04,428,286,493669,30,2398.3122222222205,679,415,679
new_orleans_la,2021-05,446,289,465631,31,2428.1328935185197,737,438,737
new_orleans_la,2021-06,406,251,433022,30,2006.0172453703715,640,353,640
new_orleans_la,2021-07,423,266,505680,31,2242.353993055557,671,374,671
new_orleans_la,2021-08,402,259,467858,31,2128.5341435185187,632,371,632
new_orleans_la,2021-09,345,219,514252,30,1950.2359953703706,503,269,503
new_orleans_la,2021-10,479,333,606793,31,2696.231620370371,739,467,739
new_orleans_la,2021-11,491,334,498840,30,2610.3532407407392,767,489,767
new_orleans_la,2021-12,453,292,526647,31,2726.1075925925925,740,433,740
new_orleans_la,2022-01,513,343,519831,31,2788.2231134259277,800,489,800
new_orleans_la,2022-02,461,301,473562,28,2368.442696759258,717,431,717
new_orleans_la,2022-03,474,298,582638,31,2694.375069444445,767,447,767
new_orleans_la,2022-04,500,308,538272,30,2882.3266087962947,830,484,830
new_orleans_la,2022-05,440,276,568261,31,2607.366793981481,728,433,728
new_orleans_la,2022-06,436,270,536165,30,2317.4296180555575,689,396,689
new_orleans_la,2022-07,451,281,543473,31,2318.8750925925924,731,448,731
new_orleans_la,2022-08,446,278,555943,31,2476.289999999998,694,393,694
new_orleans_la,2022-09,420,253,464749,30,2312.5226851851817,654,361,654
new_orleans_la,2022-10,424,268,502079,31,2282.9011226851853,675,403,675
new_orleans_la,2022-11,435,263,477277,30,2274.3424189814805,667,366,667
new_orleans_la,2022-12,433,279,492664,31,2371.9097916666647,678,408,678
new_orleans_la,2023-01,473,306,515981,31,2568.031261574075,759,451,759
new_orleans_la,2023-02,420,283,444316,28,2209.835335648149,658,415,658
new_orleans_la,2023-03,467,293,459890,31,2340.846319444445,730,428,730
new_orleans_la,2023-04,431,275,438762,30,2266.980416666665,698,423,698
new_orleans_la,2023-05,421,258,394990,31,2067.9765277777806,691,385,691
new_orleans_la,2023-06,403,249,370492,30,1997.6934953703706,637,360,637
new_orleans_la,2023-07,402,235,400770,31,2054.283935185185,649,348,649
new_orleans_la,2023-08,401,238,407577,31,2113.656087962963,648,356,648
new_orleans_la,2023-09,408,259,396959,30,2124.642210648148,674,378,674
new_orleans_la,2023-10,427,262,417062,31,2471.820289351852,726,404,726
new_orleans_la,2023-11,381,218,337502,30,1962.4705555555552,615,336,615
new_orleans_la,2023-12,449,272,390331,31,2370.7211226851846,739,417,739
new_orleans_la,2024-01,456,295,525149,31,2556.185509259259,718,421,718
new_orleans_la,2024-02,464,311,490353,29,2439.5334606481447,708,451,708
new_orleans_la,2024-03,480,309,504092,31,2624.0099537037013,792,485,792
new_orleans_la,2024-04,429,265,444567,30,2206.627546296297,700,405,700
new_orleans_la,2024-05,434,262,492000,31,2380.933668981481,714,393,714
new_orleans_la,2024-06,422,245,445756,30,2151.083252314814,680,360,680
new_orleans_la,2024-07,425,239,502010,31,2549.1306597222197,733,394,733
new_orleans_la,2024-08,429,256,488758,31,2329.1616898148163,698,387,698
new_orleans_la,2024-09,467,295,497914,30,2686.4266203703696,751,437,751
new_orleans_la,2024-10,481,316,482918,31,2705.700289351851,790,479,790
new_orleans_la,2024-11,486,315,478173,30,2382.772488425925,746,451,746
new_orleans_la,2024-12,461,295,422346,31,2416.4711689814812,736,440,736
new_orleans_la,2025-01,465,293,424635,31,2559.9779745370383,714,419,714
new_orleans_la,2025-02,447,293,431816,28,2356.8013425925938,684,414,684
new_orleans_la,2025-03,485,316,465900,31,2742.8432407407427,776,467,776
new_orleans_la,2025-04,445,283,427653,30,2408.060439814817,694,421,694
new_orleans_la,2025-05,439,265,451924,31,2443.072928240741,692,373,692
new_orleans_la,2025-06,407,258,429220,30,2194.874421296297,641,374,641
new_orleans_la,2025-07,441,263,429105,31,2431.7920833333324,707,397,707
new_orleans_la,2025-08,456,271,417066,31,2546.6242245370386,749,425,749
new_orleans_la,2025-09,442,281,367489,30,2299.8119444444437,719,439,719
new_orleans_la,2025-10,403,254,347554,31,2116.3754976851856,671,402,671
new_orleans_la,2025-11,414,243,337023,30,1934.1226504629617,687,379,687
new_orleans_la,2025-12,423,266,435563,31,2363.629409722223,700,409,700
new_york_new_jersey,2015-01,244,175,366117,31,894.7806365740737,296,198,296
new_york_new_jersey,2015-02,230,166,353940,28,867.0843402777778,262,174,262
new_york_new_jersey,2015-03,249,181,404314,31,887.0020254629632,294,198,294
new_york_new_jersey,2015-04,233,178,359313,30,832.6745370370375,263,187,263
new_york_new_jersey,2015-05,249,180,355726,31,891.122384259259,289,197,289
new_york_new_jersey,2015-06,243,178,293597,30,783.2858449074074,282,190,282
new_york_new_jersey,2015-07,248,194,327881,31,948.8401620370378,291,212,291
new_york_new_jersey,2015-08,246,180,301628,31,911.453773148148,277,192,277
new_york_new_jersey,2015-09,248,180,303285,30,882.9147685185184,284,186,284
new_york_new_jersey,2015-10,259,194,347176,31,838.4570833333331,292,209,292
new_york_new_jersey,2015-11,228,176,252182,30,789.5255092592595,279,194,279
new_york_new_jersey,2015-12,234,184,288254,31,889.5396412037037,266,192,266
new_york_new_jersey,2016-01,231,177,365254,31,865.065289351852,272,187,272
new_york_new_jersey,2016-02,150,105,213945,29,424.99457175925926,169,108,169
new_york_new_jersey,2016-03,137,104,184299,28,407.217465277778,159,109,159
new_york_new_jersey,2016-04,157,109,206024,30,554.452372685185,187,118,187
new_york_new_jersey,2016-05,255,183,372130,31,1048.6953819444439,330,203,330
new_york_new_jersey,2016-06,244,180,375223,30,902.4618749999995,281,186,281
new_york_new_jersey,2016-07,246,171,397813,31,1032.1646527777777,287,181,287
new_york_new_jersey,2016-08,234,163,355065,31,1160.7540740740744,293,182,293
new_york_new_jersey,2016-09,206,142,305404,30,818.3611574074074,232,150,232
new_york_new_jersey,2016-10,231,151,355656,31,989.6246759259265,291,171,291
new_york_new_jersey,2016-11,205,137,365422,30,899.8623032407407,236,146,236
new_york_new_jersey,2016-12,205,145,307170,31,762.4037731481475,228,154,228
new_york_new_jersey,2017-01,180,127,296288,31,644.8366550925928,218,141,218
new_york_new_jersey,2017-02,185,142,288217,28,632.7592592592589,210,145,210
new_york_new_jersey,2017-03,190,139,289201,31,770.7655555555555,229,151,229
new_york_new_jersey,2017-04,196,141,317027,30,744.8901273148142,229,151,229
new_york_new_jersey,2017-05,200,145,323177,31,912.5773032407409,252,164,252
new_york_new_jersey,2017-06,188,140,288924,30,709.5354513888888,216,146,216
new_york_new_jersey,2017-07,193,137,299050,31,770.3380092592593,222,148,222
new_york_new_jersey,2017-08,196,145,269252,31,777.641689814815,235,157,235
new_york_new_jersey,2017-09,184,128,273758,30,714.8782291666668,215,129,215
new_york_new_jersey,2017-10,180,133,238461,31,665.3346527777777,208,144,208
new_york_new_jersey,2017-11,183,139,277505,30,686.9003009259255,213,144,213
new_york_new_jersey,2017-12,173,142,245789,31,636.6585185185183,197,144,197
new_york_new_jersey,2018-01,305,222,482867,31,1327.3502430555557,363,250,363
new_york_new_jersey,2018-02,296,225,414395,28,942.6164120370366,311,224,311
new_york_new_jersey,2018-03,307,228,409514,31,1133.2902314814824,361,247,361
new_york_new_jersey,2018-04,312,226,423093,30,1216.01625,358,242,358
new_york_new_jersey,2018-05,326,232,429788,31,1252.7111689814803,353,244,353
new_york_new_jersey,2018-06,308,223,395975,30,1089.35931712963,336,240,336
new_york_new_jersey,2018-07,316,222,409339,31,1221.2145138888893,361,245,361
new_york_new_jersey,2018-08,337,233,442187,31,1351.777627314815,377,260,377
new_york_new_jersey,2018-09,306,218,377338,30,1113.3210532407409,341,231,341
new_york_new_jersey,2018-10,319,239,431700,31,1307.5697106481475,366,261,366
new_york_new_jersey,2018-11,267,211,335214,30,1067.4092708333335,293,226,293
new_york_new_jersey,2018-12,296,220,402094,31,1265.5488888888874,334,242,334
new_york_new_jersey,2019-01,294,208,400480,31,1227.4200115740741,333,226,333
new_york_new_jersey,2019-02,271,200,371538,28,1100.876689814815,306,215,306
new_york_new_jersey,2019-03,280,204,348967,31,1080.590995370371,314,212,314
new_york_new_jersey,2019-04,287,203,370895,30,1120.9707060185183,325,213,325
new_york_new_jersey,2019-05,311,216,402594,31,1133.203946759259,351,236,351
new_york_new_jersey,2019-06,282,212,400156,30,1104.2699305555552,313,226,313
new_york_new_jersey,2019-07,311,213,423218,31,1361.1994791666664,362,234,362
new_york_new_jersey,2019-08,299,196,385558,31,1122.4063310185184,343,211,343
new_york_new_jersey,2019-09,276,182,326821,30,1146.8833912037042,318,202,318
new_york_new_jersey,2019-10,284,204,324606,31,1143.1970486111125,328,228,328
new_york_new_jersey,2019-11,252,181,319121,30,1079.236377314814,308,204,308
new_york_new_jersey,2019-12,266,204,363745,31,1033.3568287037042,316,230,316
new_york_new_jersey,2020-01,256,198,322957,31,1050.140740740741,309,228,309
new_york_new_jersey,2020-02,220,173,297011,29,921.2742245370367,263,191,263
new_york_new_jersey,2020-03,241,193,331856,31,1027.8884375000005,283,210,283
new_york_new_jersey,2020-04,233,170,312830,30,953.0036226851854,272,185,272
new_york_new_jersey,2020-05,241,169,338232,31,891.3886921296294,269,175,269
new_york_new_jersey,2020-06,232,167,338599,30,1105.4449305555563,283,192,283
new_york_new_jersey,2020-07,245,183,374804,31,1162.0445370370373,285,207,285
new_york_new_jersey,2020-08,263,197,394118,31,1155.033865740741,319,219,319
new_york_new_jersey,2020-09,263,188,335836,30,1184.9346296296299,311,213,311
new_york_new_jersey,2020-10,271,200,343937,31,1077.0295717592592,302,218,302
new_york_new_jersey,2020-11,256,193,369687,30,1156.4386805555557,308,218,308
new_york_new_jersey,2020-12,263,196,397139,31,1211.3733449074082,311,219,311
new_york_new_jersey,2021-01,244,173,377951,31,1061.9511689814817,291,199,291
new_york_new_jersey,2021-02,228,162,334505,28,902.3572685185185,252,174,252
new_york_new_jersey,2021-03,299,204,448464,31,1224.8537615740754,351,226,351
new_york_new_jersey,2021-04,316,218,459855,30,1292.4016435185194,365,242,365
new_york_new_jersey,2021-05,352,242,518304,31,1304.9437500000001,421,268,421
new_york_new_jersey,2021-06,332,234,432726,30,1317.746747685185,409,268,409
new_york_new_jersey,2021-07,300,227,426525,31,1273.020590277778,348,248,348
new_york_new_jersey,2021-08,357,254,520734,31,1568.7502083333322,430,285,430
new_york_new_jersey,2021-09,350,240,505158,30,1313.665810185185,393,253,393
new_york_new_jersey,2021-10,324,233,429897,30,1324.6323263888892,386,250,386
new_york_new_jersey,2021-11,312,229,467705,30,1296.7720717592595,386,276,386
new_york_new_jersey,2021-12,327,245,515382,30,1431.9848379629634,385,277,385
new_york_new_jersey,2022-01,304,234,468055,31,1265.2959027777783,340,259,340
new_york_new_jersey,2022-02,306,229,477525,28,1269.8638425925926,340,238,340
new_york_new_jersey,2022-03,336,256,520836,31,1439.0154050925928,398,287,398
new_york_new_jersey,2022-04,326,248,522125,30,1434.0224305555546,375,275,375
new_york_new_jersey,2022-05,351,247,541489,31,1512.8462731481486,402,271,402
new_york_new_jersey,2022-06,344,238,517975,29,1657.3018981481478,409,272,409
new_york_new_jersey,2022-07,336,243,565535,31,1420.2247453703717,368,256,368
new_york_new_jersey,2022-08,364,254,535226,31,1474.0273842592594,416,274,416
new_york_new_jersey,2022-09,344,254,550367,30,1406.629108796297,379,260,379
new_york_new_jersey,2022-10,337,259,527021,31,1346.40449074074,381,269,381
new_york_new_jersey,2022-11,322,231,500278,30,1314.6814583333337,372,253,372
new_york_new_jersey,2022-12,337,253,558823,31,1444.7145138888882,386,277,386
new_york_new_jersey,2023-01,341,259,553439,31,1495.1687731481488,402,281,402
new_york_new_jersey,2023-02,323,231,488562,28,1365.5215856481466,376,254,376
new_york_new_jersey,2023-03,311,240,462470,31,1371.283402777778,373,269,373
new_york_new_jersey,2023-04,350,249,569347,30,1493.6012500000015,405,280,405
new_york_new_jersey,2023-05,357,257,592288,31,1518.5587037037037,415,288,415
new_york_new_jersey,2023-06,343,240,543987,30,1528.2140856481474,420,279,420
new_york_new_jersey,2023-07,363,263,582460,31,1506.9339120370375,437,295,437
new_york_new_jersey,2023-08,351,255,516997,31,1479.7354282407414,401,278,401
new_york_new_jersey,2023-09,359,256,528984,30,1563.4150115740722,417,276,417
new_york_new_jersey,2023-10,357,266,550679,31,1535.7008564814814,422,305,422
new_york_new_jersey,2023-11,307,241,502362,30,1277.4682407407406,349,259,349
new_york_new_jersey,2023-12,329,241,504072,31,1447.6403935185183,383,265,383
new_york_new_jersey,2024-01,324,245,577289,31,1444.5101851851853,396,288,396
new_york_new_jersey,2024-02,309,228,557325,29,1368.1944328703703,359,253,359
new_york_new_jersey,2024-03,324,245,593054,31,1463.0978125000004,385,279,385
new_york_new_jersey,2024-04,332,238,618285,30,1439.2197800925912,398,277,398
new_york_new_jersey,2024-05,352,248,722002,31,1687.9113541666661,403,273,403
new_york_new_jersey,2024-06,336,241,646863,30,1505.8222106481473,390,268,390
new_york_new_jersey,2024-07,354,242,713219,31,1644.771712962963,431,289,431
new_york_new_jersey,2024-08,355,251,753399,31,1773.825381944445,418,285,418
new_york_new_jersey,2024-09,341,255,678520,30,1793.70232638889,412,293,412
new_york_new_jersey,2024-10,301,239,614042,31,1484.43988425926,349,269,349
new_york_new_jersey,2024-11,317,244,591888,30,1488.9053935185186,353,257,353
new_york_new_jersey,2024-12,331,243,577235,31,1566.0093055555544,369,259,369
new_york_new_jersey,2025-01,311,241,560476,31,1521.8798842592596,367,281,367
new_york_new_jersey,2025-02,312,235,555338,28,1493.8095833333339,360,257,360
new_york_new_jersey,2025-03,383,293,682000,31,1752.29675925926,443,324,443
new_york_new_jersey,2025-04,351,269,622846,30,1616.9578009259262,411,300,411
new_york_new_jersey,2025-05,339,261,596113,31,1689.0389120370364,409,309,409
new_york_new_jersey,2025-06,365,264,576584,30,1542.745717592593,426,296,426
new_york_new_jersey,2025-07,350,279,532092,31,1522.4526273148138,407,321,407
new_york_new_jersey,2025-08,358,277,523888,31,1528.1727083333326,409,307,409
new_york_new_jersey,2025-09,334,258,478706,30,1386.0880439814812,387,288,387
new_york_new_jersey,2025-10,333,260,485213,31,1486.4913194444441,391,296,391
new_york_new_jersey,2025-11,338,266,585225,30,1376.4687037037038,380,290,380
new_york_new_jersey,2025-12,330,258,540992,31,1425.6800925925927,373,279,373
norfolk_newport_news_va,2015-01,171,164,157331,31,487.59137731481496,194,177,194
norfolk_newport_news_va,2015-02,152,143,144465,28,376.94032407407394,159,141,159
norfolk_newport_news_va,2015-03,183,174,161428,31,456.15074074074045,197,179,197
norfolk_newport_news_va,2015-04,159,151,139811,30,395.90287037037024,175,159,175
norfolk_newport_news_va,2015-05,176,169,157968,31,439.8107060185185,188,175,188
norfolk_newport_news_va,2015-06,173,165,181268,30,440.729050925926,179,164,179
norfolk_newport_news_va,2015-07,168,162,160983,31,456.4480439814815,177,165,177
norfolk_newport_news_va,2015-08,170,158,157189,31,448.8964699074072,188,167,188
norfolk_newport_news_va,2015-09,170,163,150319,30,410.24589120370376,177,163,177
norfolk_newport_news_va,2015-10,178,169,170784,31,487.7506712962963,194,170,194
norfolk_newport_news_va,2015-11,162,149,157402,30,476.6335879629631,183,158,183
norfolk_newport_news_va,2015-12,167,160,153016,31,436.96390046296267,173,157,173
norfolk_newport_news_va,2016-01,149,141,114431,31,316.0780902777776,164,148,164
norfolk_newport_news_va,2016-02,94,91,78842,24,172.1902430555556,95,90,95
norfolk_newport_news_va,2016-03,94,86,70784,28,160.09098379629626,103,88,103
norfolk_newport_news_va,2016-04,92,88,61676,24,162.479375,102,92,102
norfolk_newport_news_va,2016-05,158,147,114999,31,356.36774305555525,176,155,176
norfolk_newport_news_va,2016-06,166,153,116817,30,357.6085185185187,186,165,186
norfolk_newport_news_va,2016-07,154,146,136388,31,399.84502314814836,165,149,165
norfolk_newport_news_va,2016-08,130,119,88858,31,238.7768865740741,141,119,141
norfolk_newport_news_va,2016-09,137,126,103045,30,327.4301041666666,155,136,155
norfolk_newport_news_va,2016-10,134,124,98344,31,380.30729166666674,157,133,157
norfolk_newport_news_va,2016-11,125,116,95558,30,261.8602083333334,135,118,135
norfolk_newport_news_va,2016-12,146,141,129747,31,358.069386574074,163,147,163
norfolk_newport_news_va,2017-01,126,121,116461,31,297.2893981481481,138,124,138
norfolk_newport_news_va,2017-02,127,120,116354,28,270.62273148148154,135,119,135
norfolk_newport_news_va,2017-03,132,124,149237,31,341.61011574074064,143,127,143
norfolk_newport_news_va,2017-04,130,124,140002,30,301.39129629629645,142,127,142
norfolk_newport_news_va,2017-05,126,117,160025,31,324.9143171296297,132,116,132
norfolk_newport_news_va,2017-06,133,124,145229,30,329.574398148148,139,124,139
norfolk_newport_news_va,2017-07,113,108,113757,31,270.0468981481481,125,109,125
norfolk_newport_news_va,2017-08,127,120,139026,31,310.03006944444445,139,125,139
norfolk_newport_news_va,2017-09,135,128,162002,30,428.7205092592592,148,132,148
norfolk_newport_news_va,2017-10,134,125,134515,31,348.59557870370367,135,123,135
norfolk_newport_news_va,2017-11,128,122,147668,30,353.9761921296297,139,120,139
norfolk_newport_news_va,2017-12,129,120,143900,31,345.13814814814793,139,122,139
norfolk_newport_news_va,2018-01,227,217,414077,31,822.5339351851853,250,226,250
norfolk_newport_news_va,2018-02,229,213,439849,28,787.4344791666664,233,210,233
norfolk_newport_news_va,2018-03,243,234,341854,31,751.4492013888889,268,249,268
norfolk_newport_news_va,2018-04,235,222,287253,30,792.1991319444439,241,214,241
norfolk_newport_news_va,2018-05,229,213,324768,31,771.6917361111108,236,211,236
norfolk_newport_news_va,2018-06,221,209,327206,30,776.198981481482,227,206,227
norfolk_newport_news_va,2018-07,225,213,339066,31,901.3074189814819,233,211,233
norfolk_newport_news_va,2018-08,232,219,346373,31,855.1168518518512,244,224,244
norfolk_newport_news_va,2018-09,201,193,276988,30,801.9361458333336,212,195,212
norfolk_newport_news_va,2018-10,216,205,318788,31,815.5299768518518,228,203,228
norfolk_newport_news_va,2018-11,198,190,277718,30,765.313263888889,195,182,195
norfolk_newport_news_va,2018-12,198,188,291135,31,710.7459027777775,199,185,199
norfolk_newport_news_va,2019-01,204,191,324207,31,798.7665740740736,207,188,207
norfolk_newport_news_va,2019-02,172,162,246216,28,654.5477662037034,172,159,172
norfolk_newport_news_va,2019-03,199,186,302790,31,791.2471990740738,205,189,205
norfolk_newport_news_va,2019-04,180,168,274613,30,681.5103124999998,185,161,185
norfolk_newport_news_va,2019-05,187,177,279616,31,682.8027777777777,192,173,192
norfolk_newport_news_va,2019-06,195,182,278201,30,662.0341666666668,196,172,196
norfolk_newport_news_va,2019-07,186,171,255929,31,644.1179745370375,191,168,191
norfolk_newport_news_va,2019-08,190,181,288662,31,827.3718865740743,210,191,210
norfolk_newport_news_va,2019-09,180,169,255213,30,714.9335763888886,193,172,193
norfolk_newport_news_va,2019-10,183,173,311248,31,794.1034375000005,196,179,196
norfolk_newport_news_va,2019-11,179,167,320453,30,762.8523726851852,189,167,189
norfolk_newport_news_va,2019-12,175,167,320374,31,733.8633101851854,175,157,175
norfolk_newport_news_va,2020-01,171,154,312425,31,738.7294560185187,183,151,183
norfolk_newport_news_va,2020-02,161,147,287584,29,642.9358101851851,165,142,165
norfolk_newport_news_va,2020-03,168,155,292311,31,702.0569560185183,170,155,170
norfolk_newport_news_va,2020-04,158,146,256763,30,646.3802546296299,170,149,170
norfolk_newport_news_va,2020-05,155,142,285648,31,638.274884259259,168,144,168
norfolk_newport_news_va,2020-06,149,138,276286,30,670.4031018518517,161,143,161
norfolk_newport_news_va,2020-07,150,138,246203,31,555.0421759259261,164,141,164
norfolk_newport_news_va,2020-08,147,137,235720,31,593.2975925925922,159,140,159
norfolk_newport_news_va,2020-09,156,143,262463,30,663.6911689814812,168,151,168
norfolk_newport_news_va,2020-10,162,152,247566,31,692.61125,173,155,173
norfolk_newport_news_va,2020-11,167,157,263923,30,734.1298495370371,171,156,171
norfolk_newport_news_va,2020-12,177,161,318224,31,814.6851041666666,182,163,182
norfolk_newport_news_va,2021-01,174,156,302718,31,778.4757291666664,178,156,178
norfolk_newport_news_va,2021-02,153,137,268778,28,670.09755787037,153,137,153
norfolk_newport_news_va,2021-03,181,160,335882,31,838.1905208333337,182,160,182
norfolk_newport_news_va,2021-04,232,212,415428,30,924.0644791666664,225,206,225
norfolk_newport_news_va,2021-05,223,200,367090,31,922.5326388888891,238,210,238
norfolk_newport_news_va,2021-06,213,197,368054,30,856.9301157407408,253,229,253
norfolk_newport_news_va,2021-07,200,182,341246,31,854.2851620370374,212,189,212
norfolk_newport_news_va,2021-08,222,199,375951,31,932.3432638888894,220,197,220
norfolk_newport_news_va,2021-09,221,205,360450,30,897.2565277777777,234,212,234
norfolk_newport_news_va,2021-10,217,197,299883,30,830.5193981481483,235,205,235
norfolk_newport_news_va,2021-11,214,196,338737,30,892.4753819444448,253,227,253
norfolk_newport_news_va,2021-12,216,197,401194,30,953.1140509259261,220,202,220
norfolk_newport_news_va,2022-01,196,179,392241,31,927.47431712963,191,177,191
norfolk_newport_news_va,2022-02,214,201,364439,28,876.0977777777779,202,192,202
norfolk_newport_news_va,2022-03,207,196,348145,31,880.6011921296295,225,208,225
norfolk_newport_news_va,2022-04,219,201,333044,30,761.7406365740744,217,198,217
norfolk_newport_news_va,2022-05,226,216,289390,31,714.1441898148154,217,207,217
norfolk_newport_news_va,2022-06,205,195,267634,30,799.0674652777778,221,208,221
norfolk_newport_news_va,2022-07,221,206,313084,31,759.6653819444448,220,205,220
norfolk_newport_news_va,2022-08,221,208,312804,31,733.6334027777773,227,214,227
norfolk_newport_news_va,2022-09,217,206,325401,30,822.1765740740736,223,209,223
norfolk_newport_news_va,2022-10,223,213,316085,31,798.4501388888888,227,214,227
norfolk_newport_news_va,2022-11,209,203,298907,30,656.7953703703703,209,204,209
norfolk_newport_news_va,2022-12,219,206,363224,31,878.4388773148153,219,204,219
norfolk_newport_news_va,2023-01,232,222,325523,31,768.7030787037036,231,225,231
norfolk_newport_news_va,2023-02,216,208,284188,28,695.7986342592592,215,205,215
norfolk_newport_news_va,2023-03,214,204,267937,31,628.5153935185184,212,200,212
norfolk_newport_news_va,2023-04,235,224,340818,30,812.8597106481479,252,240,252
norfolk_newport_news_va,2023-05,246,233,334995,31,838.5683101851849,250,235,250
norfolk_newport_news_va,2023-06,238,228,350841,30,915.3059953703704,241,226,241
norfolk_newport_news_va,2023-07,249,243,376561,31,929.3440625000003,251,245,251
norfolk_newport_news_va,2023-08,236,228,324913,31,789.808032407408,231,223,231
norfolk_newport_news_va,2023-09,218,209,315946,30,765.8129861111115,217,211,217
norfolk_newport_news_va,2023-10,240,234,326118,31,748.4987037037027,245,239,245
norfolk_newport_news_va,2023-11,228,220,303787,30,758.4809722222225,227,220,227
norfolk_newport_news_va,2023-12,213,203,307660,31,711.8752893518515,208,202,208
norfolk_newport_news_va,2024-01,230,224,328286,31,735.3625462962959,238,233,238
norfolk_newport_news_va,2024-02,240,232,352315,29,814.6823842592597,237,229,237
norfolk_newport_news_va,2024-03,250,241,398718,31,974.3011342592592,259,251,259
norfolk_newport_news_va,2024-04,245,236,379881,30,910.6228587962971,249,241,249
norfolk_newport_news_va,2024-05,273,255,421939,31,969.8699652777776,283,266,283
norfolk_newport_news_va,2024-06,244,236,367037,30,926.7302314814814,260,250,260
norfolk_newport_news_va,2024-07,250,237,380297,31,832.0496180555556,258,243,258
norfolk_newport_news_va,2024-08,247,238,428210,31,1058.340532407408,267,260,267
norfolk_newport_news_va,2024-09,239,229,390843,30,1027.8074074074075,254,243,254
norfolk_newport_news_va,2024-10,219,209,378531,31,939.9795254629624,233,223,233
norfolk_newport_news_va,2024-11,235,221,371187,30,963.0168634259267,231,218,231
norfolk_newport_news_va,2024-12,238,226,371397,31,916.2579050925925,230,219,230
norfolk_newport_news_va,2025-01,215,202,287289,31,821.9155092592586,222,210,222
norfolk_newport_news_va,2025-02,217,208,314899,28,759.36269675926,216,209,216
norfolk_newport_news_va,2025-03,264,248,382647,31,989.8265509259267,264,252,264
norfolk_newport_news_va,2025-04,229,218,368747,30,901.7666319444443,233,222,233
norfolk_newport_news_va,2025-05,235,227,368459,31,982.7504861111111,250,244,250
norfolk_newport_news_va,2025-06,229,220,381652,30,965.80556712963,241,233,241
norfolk_newport_news_va,2025-07,226,217,366955,31,960.4842245370372,240,231,240
norfolk_newport_news_va,2025-08,236,224,423302,31,1020.199085648148,249,237,249
norfolk_newport_news_va,2025-09,230,219,400958,30,1077.3347337962964,259,251,259
norfolk_newport_news_va,2025-10,246,231,468783,31,1170.7855324074067,246,234,246
norfolk_newport_news_va,2025-11,210,200,378820,30,1029.781388888889,220,211,220
norfolk_newport_news_va,2025-12,230,217,383101,31,1092.735081018518,235,225,235
philadelphia_pa,2015-01,106,74,162590,31,625.509965277778,167,109,167
philadelphia_pa,2015-02,105,71,125332,28,465.73616898148146,155,102,155
philadelphia_pa,2015-03,121,77,154018,31,546.7955787037035,192,111,192
philadelphia_pa,2015-04,112,68,148429,30,548.300902777778,167,96,167
philadelphia_pa,2015-05,118,64,140377,31,484.9084606481484,162,76,162
philadelphia_pa,2015-06,114,64,132947,30,540.1203819444443,174,91,174
philadelphia_pa,2015-07,116,74,134758,31,585.581666666667,171,93,171
philadelphia_pa,2015-08,101,56,106051,31,499.33292824074033,153,74,153
philadelphia_pa,2015-09,110,66,118676,30,448.63428240740745,151,87,151
philadelphia_pa,2015-10,105,62,89306,31,384.2521759259259,146,74,146
philadelphia_pa,2015-11,94,62,67238,30,357.3854513888889,135,80,135
philadelphia_pa,2015-12,113,68,97992,31,473.2153587962964,166,93,166
philadelphia_pa,2016-01,112,72,109866,31,459.2591435185184,161,94,161
philadelphia_pa,2016-02,73,44,60992,26,211.27236111111102,99,56,99
philadelphia_pa,2016-03,76,46,71563,26,260.53586805555545,109,63,109
philadelphia_pa,2016-04,73,41,54210,24,229.83752314814816,103,56,103
philadelphia_pa,2016-05,101,61,129093,31,643.806377314815,173,87,173
philadelphia_pa,2016-06,117,67,117639,30,481.7043287037035,166,83,166
philadelphia_pa,2016-07,121,68,110693,31,500.46596064814827,175,88,175
philadelphia_pa,2016-08,104,56,111606,31,527.6470254629628,152,73,152
philadelphia_pa,2016-09,102,59,121438,30,510.14653935185186,154,75,154
philadelphia_pa,2016-10,98,56,112345,31,521.055462962963,148,73,148
philadelphia_pa,2016-11,103,63,116352,30,524.1567129629628,145,79,145
philadelphia_pa,2016-12,113,69,105559,31,449.61314814814824,164,91,164
philadelphia_pa,2017-01,100,69,100378,31,398.09993055555555,145,92,145
philadelphia_pa,2017-02,101,66,94524,28,410.2842476851851,148,89,148
philadelphia_pa,2017-03,99,67,95536,31,469.5399537037036,150,89,150
philadelphia_pa,2017-04,100,65,99532,30,420.86254629629616,145,87,145
philadelphia_pa,2017-05,98,61,109554,31,498.36771990740766,150,83,150
philadelphia_pa,2017-06,89,50,100620,30,396.91297453703714,143,63,143
philadelphia_pa,2017-07,84,55,95856,31,455.3793518518518,125,74,125
philadelphia_pa,2017-08,90,59,101290,31,478.3540972222221,128,76,128
philadelphia_pa,2017-09,77,49,77115,30,381.59682870370386,120,67,120
philadelphia_pa,2017-10,79,49,84364,31,460.0300694444446,119,67,119
philadelphia_pa,2017-11,83,48,65387,30,384.7960763888887,131,66,131
philadelphia_pa,2017-12,80,50,94928,31,444.2701388888889,122,69,122
philadelphia_pa,2018-01,154,99,136621,31,669.6537731481483,212,129,212
philadelphia_pa,2018-02,151,101,122183,28,621.4828472222222,199,131,199
philadelphia_pa,2018-03,160,105,103289,31,587.4691319444444,218,146,218
philadelphia_pa,2018-04,163,109,120564,30,637.8856944444443,217,142,217
philadelphia_pa,2018-05,156,93,120434,31,662.6705555555556,196,116,196
philadelphia_pa,2018-06,146,91,116573,30,474.7083101851853,190,112,190
philadelphia_pa,2018-07,126,78,78025,31,575.5743518518518,165,104,165
philadelphia_pa,2018-08,142,84,103994,31,572.8767708333335,190,107,190
philadelphia_pa,2018-09,148,90,124964,30,594.2700000000001,194,117,194
philadelphia_pa,2018-10,147,88,127337,31,567.0373495370372,186,108,186
philadelphia_pa,2018-11,133,82,104037,30,511.8431249999997,169,107,169
philadelphia_pa,2018-12,148,90,117450,31,593.9601620370373,199,119,199
philadelphia_pa,2019-01,144,97,112322,31,621.3654050925925,197,127,197
philadelphia_pa,2019-02,122,88,100013,28,447.43157407407404,162,113,162
philadelphia_pa,2019-03,146,95,125865,31,681.9687500000001,204,126,204
philadelphia_pa,2019-04,147,95,118969,30,615.2310532407411,194,123,194
philadelphia_pa,2019-05,144,87,115116,31,532.5976504629629,177,102,177
philadelphia_pa,2019-06,131,88,114708,30,488.84193287037056,165,112,165
philadelphia_pa,2019-07,127,86,105043,31,606.9378703703705,170,116,170
philadelphia_pa,2019-08,133,91,92650,31,443.1967824074075,164,103,164
philadelphia_pa,2019-09,120,86,103728,30,581.469502314815,162,109,162
philadelphia_pa,2019-10,110,73,68943,31,440.34374999999983,145,88,145
philadelphia_pa,2019-11,109,72,72060,30,388.941076388889,141,92,141
philadelphia_pa,2019-12,116,78,76113,31,378.785462962963,160,104,160
philadelphia_pa,2020-01,119,82,74484,31,437.8989930555555,153,106,153
philadelphia_pa,2020-02,126,88,89409,29,447.2346412037038,165,107,165
philadelphia_pa,2020-03,120,86,97776,31,595.0581944444448,175,121,175
philadelphia_pa,2020-04,129,85,107056,30,423.91862268518514,161,103,161
philadelphia_pa,2020-05,100,69,100074,31,402.8270138888889,122,85,122
philadelphia_pa,2020-06,107,65,84844,30,468.46498842592587,146,89,146
philadelphia_pa,2020-07,118,75,75350,31,462.2024999999996,156,99,156
philadelphia_pa,2020-08,111,75,79458,31,378.3491666666665,140,95,140
philadelphia_pa,2020-09,96,63,52709,30,310.3472916666666,126,76,126
philadelphia_pa,2020-10,110,69,64470,31,283.8838078703704,134,78,134
philadelphia_pa,2020-11,105,68,76712,30,395.39556712962974,139,85,139
philadelphia_pa,2020-12,118,71,99744,31,413.19547453703706,147,83,147
philadelphia_pa,2021-01,113,68,88378,31,365.95796296296305,144,82,144
philadelphia_pa,2021-02,110,73,105675,28,374.86501157407395,130,87,130
philadelphia_pa,2021-03,133,92,98575,31,462.7010416666665,164,114,164
philadelphia_pa,2021-04,162,107,125101,30,562.1936458333333,206,135,206
philadelphia_pa,2021-05,161,106,139817,31,720.6128703703705,208,129,208
philadelphia_pa,2021-06,165,108,143707,30,572.593252314815,202,129,202
philadelphia_pa,2021-07,160,100,97812,31,514.120648148148,195,119,195
philadelphia_pa,2021-08,173,102,123310,31,737.5852777777777,224,129,224
philadelphia_pa,2021-09,145,99,106802,30,548.3981944444442,178,119,178
philadelphia_pa,2021-10,134,85,86533,30,449.9427777777778,160,100,160
philadelphia_pa,2021-11,141,95,113568,30,662.5105902777779,196,132,196
philadelphia_pa,2021-12,144,94,110638,30,565.1968402777778,183,121,183
philadelphia_pa,2022-01,155,106,132038,31,661.6131944444442,210,143,210
philadelphia_pa,2022-02,151,102,129269,28,603.4669444444444,202,133,202
philadelphia_pa,2022-03,145,105,129594,31,715.0068055555556,196,148,196
philadelphia_pa,2022-04,166,114,137239,30,761.4985763888892,220,149,220
philadelphia_pa,2022-05,159,102,125371,31,687.6250347222223,205,130,205
philadelphia_pa,2022-06,165,100,121326,29,691.8288888888889,218,129,218
philadelphia_pa,2022-07,160,101,141153,31,770.8956134259262,223,136,223
philadelphia_pa,2022-08,158,97,125370,31,779.700787037037,226,145,226
philadelphia_pa,2022-09,165,108,133912,30,573.8078356481484,204,133,204
philadelphia_pa,2022-10,163,115,125121,31,616.5428472222222,208,142,208
philadelphia_pa,2022-11,151,95,128414,30,592.8331134259257,192,117,192
philadelphia_pa,2022-12,167,111,131016,31,702.669479166667,219,149,219
philadelphia_pa,2023-01,170,121,166309,31,928.551377314815,229,162,229
philadelphia_pa,2023-02,158,111,126649,28,631.7190625000002,212,147,212
philadelphia_pa,2023-03,174,120,144762,31,674.29693287037,223,156,223
philadelphia_pa,2023-04,165,104,134920,30,657.6609490740739,206,133,206
philadelphia_pa,2023-05,178,111,139189,31,637.7774421296297,230,143,230
philadelphia_pa,2023-06,176,112,143960,30,593.4113194444446,222,143,222
philadelphia_pa,2023-07,154,97,116405,31,585.2663078703702,202,126,202
philadelphia_pa,2023-08,168,112,113767,31,578.4909490740738,208,136,208
philadelphia_pa,2023-09,169,112,113243,30,485.63320601851854,215,136,215
philadelphia_pa,2023-10,159,111,112369,31,639.7749537037037,202,140,202
philadelphia_pa,2023-11,153,98,96807,30,446.51646990740767,182,115,182
philadelphia_pa,2023-12,153,106,110343,31,628.7285879629629,198,140,198
philadelphia_pa,2024-01,164,113,123646,31,688.8823611111112,226,157,226
philadelphia_pa,2024-02,183,127,132680,29,644.9709837962962,238,166,238
philadelphia_pa,2024-03,185,124,139308,31,675.9850925925925,245,167,245
philadelphia_pa,2024-04,183,119,161235,30,773.068761574074,250,166,250
philadelphia_pa,2024-05,191,120,182896,31,789.3417013888893,248,156,248
philadelphia_pa,2024-06,173,110,136550,30,579.1387499999998,220,139,220
philadelphia_pa,2024-07,168,102,143963,31,709.5102083333334,220,130,220
philadelphia_pa,2024-08,171,109,118460,31,584.0357986111113,228,145,228
philadelphia_pa,2024-09,161,102,101787,30,584.4023842592591,214,138,214
philadelphia_pa,2024-10,153,98,107857,31,564.3485300925925,198,127,198
philadelphia_pa,2024-11,142,98,92280,30,462.5618634259261,184,126,184
philadelphia_pa,2024-12,155,99,114252,31,651.5590393518517,213,138,213
philadelphia_pa,2025-01,173,123,135695,31,746.4418865740749,233,165,233
philadelphia_pa,2025-02,170,120,117244,28,621.8176504629632,224,152,224
philadelphia_pa,2025-03,187,132,163725,31,871.2338310185183,252,175,252
philadelphia_pa,2025-04,157,102,110151,30,625.088136574074,206,135,206
philadelphia_pa,2025-05,178,114,127858,31,1160.3329050925927,303,188,303
philadelphia_pa,2025-06,173,110,138458,30,694.778888888889,233,150,233
philadelphia_pa,2025-07,182,122,112924,31,630.7444328703704,234,157,234
philadelphia_pa,2025-08,175,115,123785,31,730.0642939814818,235,154,235
philadelphia_pa,2025-09,165,108,94782,30,608.976134259259,216,144,216
philadelphia_pa,2025-10,166,111,107653,31,611.2647453703701,215,139,215
philadelphia_pa,2025-11,166,111,119175,30,634.0148148148145,207,139,207
philadelphia_pa,2025-12,158,108,105206,31,710.9209143518517,213,144,213
port_everglades_fl,2015-01,96,69,146359,31,882.3356712962967,197,158,197
port_everglades_fl,2015-02,89,66,122327,28,758.5495254629628,181,149,181
port_everglades_fl,2015-03,98,75,147460,31,924.5793634259259,205,174,205
port_everglades_fl,2015-04,106,78,183955,30,980.8866550925926,213,175,213
port_everglades_fl,2015-05,96,74,163670,31,1000.3803240740741,203,172,203
port_everglades_fl,2015-06,82,68,138905,30,795.6233912037037,171,150,171
port_everglades_fl,2015-07,84,67,165622,31,886.192951388889,187,165,187
port_everglades_fl,2015-08,78,64,165738,31,824.8122916666671,166,145,166
port_everglades_fl,2015-09,90,73,157849,30,914.8258217592595,192,165,192
port_everglades_fl,2015-10,98,80,169109,31,1045.1470023148145,200,172,200
port_everglades_fl,2015-11,90,69,138279,30,1031.6634143518518,207,171,207
port_everglades_fl,2015-12,97,73,151457,31,1131.167881944444,220,183,220
port_everglades_fl,2016-01,82,63,141035,31,840.4615162037037,172,144,172
port_everglades_fl,2016-02,76,57,81132,27,427.5616203703704,122,101,122
port_everglades_fl,2016-03,67,54,84407,30,401.5258449074073,116,101,116
port_everglades_fl,2016-04,74,58,104415,26,497.72790509259244,131,111,131
port_everglades_fl,2016-05,93,74,181187,31,1047.968946759259,207,172,207
port_everglades_fl,2016-06,85,70,141913,30,877.5196643518518,179,157,179
port_everglades_fl,2016-07,86,74,168130,31,941.9700810185184,181,161,181
port_everglades_fl,2016-08,92,72,171463,31,945.4451967592589,188,160,188
port_everglades_fl,2016-09,77,66,136717,30,887.0452777777778,167,149,167
port_everglades_fl,2016-10,85,73,168691,30,811.8386111111112,168,152,168
port_everglades_fl,2016-11,89,78,133837,30,820.5529050925928,189,171,189
port_everglades_fl,2016-12,93,77,165146,31,916.9822800925924,178,156,178
port_everglades_fl,2017-01,82,72,157464,31,783.109074074074,166,151,166
port_everglades_fl,2017-02,81,68,141131,28,711.0405555555556,163,145,163
port_everglades_fl,2017-03,79,66,168485,31,909.500474537037,173,155,173
port_everglades_fl,2017-04,83,70,130484,30,726.7783564814813,171,155,171
port_everglades_fl,2017-05,79,66,151860,31,806.9501620370369,166,146,166
port_everglades_fl,2017-06,65,56,116496,30,721.2049884259259,155,141,155
port_everglades_fl,2017-07,69,60,127380,31,672.1581365740743,149,138,149
port_everglades_fl,2017-08,67,62,125120,31,709.0069675925927,157,149,157
port_everglades_fl,2017-09,71,57,105582,27,622.942824074074,133,113,133
port_everglades_fl,2017-10,76,66,131371,31,725.5335532407406,156,142,156
port_everglades_fl,2017-11,78,66,110807,30,699.2413888888889,175,158,175
port_everglades_fl,2017-12,79,66,130198,31,771.3917013888889,174,156,174
port_everglades_fl,2018-01,119,98,196499,31,1215.4084143518523,242,213,242
port_everglades_fl,2018-02,121,102,182779,28,1247.2126157407406,244,217,244
port_everglades_fl,2018-03,122,97,204900,31,1489.597175925926,274,235,274
port_everglades_fl,2018-04,130,111,209918,30,1364.4127662037035,255,225,255
port_everglades_fl,2018-05,130,108,217942,31,1408.6266550925927,268,235,268
port_everglades_fl,2018-06,118,103,193693,30,1326.8101967592588,252,230,252
port_everglades_fl,2018-07,125,109,202794,31,1272.1556481481482,250,222,250
port_everglades_fl,2018-08,124,104,224318,31,1386.3165393518518,256,224,256
port_everglades_fl,2018-09,117,100,174153,30,1149.27556712963,235,209,235
port_everglades_fl,2018-10,127,106,191445,31,1375.0056134259273,271,236,271
port_everglades_fl,2018-11,127,105,174717,30,1296.2677314814812,258,225,258
port_everglades_fl,2018-12,118,102,181462,31,1294.8418865740734,258,229,258
port_everglades_fl,2019-01,121,98,211616,31,1419.2636921296294,264,223,264
port_everglades_fl,2019-02,111,92,163369,28,1155.0062731481478,237,207,237
port_everglades_fl,2019-03,125,98,215004,31,1503.0365625,278,240,278
port_everglades_fl,2019-04,128,105,231475,30,1478.6731481481477,275,242,275
port_everglades_fl,2019-05,124,104,218326,31,1511.858958333333,276,237,276
port_everglades_fl,2019-06,112,94,252458,30,1397.351076388889,244,210,244
port_everglades_fl,2019-07,119,98,226134,31,1404.5989814814816,256,222,256
port_everglades_fl,2019-08,102,86,237523,31,1362.7592592592591,241,211,241
port_everglades_fl,2019-09,117,100,204736,29,1225.5509143518518,247,215,247
port_everglades_fl,2019-10,113,96,179661,31,1372.2241203703702,259,230,259
port_everglades_fl,2019-11,106,85,172110,30,1334.3823263888894,251,213,251
port_everglades_fl,2019-12,103,85,184569,31,1309.3709490740744,240,205,240
port_everglades_fl,2020-01,112,89,204510,31,1391.5684606481475,253,216,253
port_everglades_fl,2020-02,98,80,170106,29,1247.6142245370368,231,201,231
port_everglades_fl,2020-03,116,91,201675,31,1345.224340277778,264,229,264
port_everglades_fl,2020-04,100,83,241639,30,1221.0301041666667,200,177,200
port_everglades_fl,2020-05,101,84,260007,31,1259.799456018518,207,182,207
port_everglades_fl,2020-06,101,83,232075,30,1168.6661574074076,210,181,210
port_everglades_fl,2020-07,106,85,251494,31,1264.889780092592,218,190,218
port_everglades_fl,2020-08,103,88,210860,31,1153.2046180555556,213,192,213
port_everglades_fl,2020-09,100,82,162005,30,1149.9544328703712,202,177,202
port_everglades_fl,2020-10,98,79,171269,31,1169.6030208333339,212,182,212
port_everglades_fl,2020-11,98,80,155596,30,1113.3147569444445,196,171,196
port_everglades_fl,2020-12,95,80,173403,31,1180.0670949074072,214,184,214
port_everglades_fl,2021-01,91,79,202628,31,1162.45875,203,182,203
port_everglades_fl,2021-02,87,72,157340,28,977.8128472222219,183,159,183
port_everglades_fl,2021-03,110,89,189946,31,1022.0843402777776,220,187,220
port_everglades_fl,2021-04,128,99,235387,30,1325.9486689814821,270,229,270
port_everglades_fl,2021-05,130,98,261362,31,1394.794537037037,266,219,266
port_everglades_fl,2021-06,122,98,255472,30,1401.6788310185177,272,238,272
port_everglades_fl,2021-07,111,87,299734,31,1428.7750115740744,247,213,247
port_everglades_fl,2021-08,101,80,267212,31,1450.4765162037036,239,206,239
port_everglades_fl,2021-09,113,89,271878,30,1325.123171296296,241,206,241
port_everglades_fl,2021-10,123,97,270069,31,1462.622465277778,262,229,262
port_everglades_fl,2021-11,122,96,266042,30,1457.6689120370368,270,230,270
port_everglades_fl,2021-12,123,97,259807,31,1484.0063078703704,267,228,267
port_everglades_fl,2022-01,120,98,235110,31,1378.671527777778,251,216,251
port_everglades_fl,2022-02,116,91,231345,28,1340.7415393518525,233,199,233
port_everglades_fl,2022-03,124,96,239319,31,1462.9196064814814,261,222,261
port_everglades_fl,2022-04,123,98,267052,30,1504.4653009259264,263,224,263
port_everglades_fl,2022-05,132,109,247133,31,1535.4895254629635,282,245,282
port_everglades_fl,2022-06,117,97,265088,30,1389.8821064814813,249,218,249
port_everglades_fl,2022-07,117,92,218780,31,1378.6228819444443,259,221,259
port_everglades_fl,2022-08,112,97,187109,31,1469.29931712963,266,236,266
port_everglades_fl,2022-09,107,88,192141,30,1287.9389930555553,238,210,238
port_everglades_fl,2022-10,128,103,275087,31,1587.8779745370368,270,229,270
port_everglades_fl,2022-11,110,91,221566,30,1436.3632986111108,245,209,245
port_everglades_fl,2022-12,124,104,277048,31,1573.022673611111,269,235,269
port_everglades_fl,2023-01,128,104,254491,31,1494.0079976851853,273,234,273
port_everglades_fl,2023-02,126,107,261935,28,1359.484398148148,256,225,256
port_everglades_fl,2023-03,128,100,253574,31,1526.2118287037026,287,246,287
port_everglades_fl,2023-04,143,110,290789,30,1541.3223842592595,292,246,292
port_everglades_fl,2023-05,131,101,293170,31,1603.4214120370368,286,247,286
port_everglades_fl,2023-06,123,103,266533,30,1498.2938773148142,269,238,269
port_everglades_fl,2023-07,117,96,273357,31,1546.2002893518518,264,232,264
port_everglades_fl,2023-08,118,104,265020,31,1491.4226736111113,268,246,268
port_everglades_fl,2023-09,130,107,280841,30,1537.9742939814807,290,256,290
port_everglades_fl,2023-10,141,119,268255,31,1541.0400231481478,283,251,283
port_everglades_fl,2023-11,133,107,205520,30,1371.5549999999998,281,243,281
port_everglades_fl,2023-12,129,100,218413,31,1547.4048148148142,271,234,271
port_everglades_fl,2024-01,142,108,203500,31,1541.2615509259272,301,252,301
port_everglades_fl,2024-02,143,112,242712,29,1394.1189930555556,276,239,276
port_everglades_fl,2024-03,132,104,290243,31,1748.983981481482,301,253,301
port_everglades_fl,2024-04,131,108,291881,30,1634.786585648148,293,255,293
port_everglades_fl,2024-05,133,111,255556,31,1662.3252777777773,300,264,300
port_everglades_fl,2024-06,131,101,247790,30,1592.8343981481476,286,245,286
port_everglades_fl,2024-07,128,106,259454,31,1618.1122453703704,289,257,289
port_everglades_fl,2024-08,118,94,236607,31,1550.8610879629632,274,237,274
port_everglades_fl,2024-09,130,106,221154,30,1474.752835648148,273,240,273
port_everglades_fl,2024-10,125,105,212495,31,1466.612893518519,261,226,261
port_everglades_fl,2024-11,135,109,211010,30,1451.8273958333336,288,251,288
port_everglades_fl,2024-12,132,109,201375,31,1504.4064120370372,280,248,280
port_everglades_fl,2025-01,124,98,222501,31,1553.224016203704,296,255,296
port_everglades_fl,2025-02,133,108,203195,28,1360.8670138888892,283,246,283
port_everglades_fl,2025-03,138,110,245044,31,1571.4189583333323,309,269,309
port_everglades_fl,2025-04,137,116,244202,30,1613.92462962963,319,285,319
port_everglades_fl,2025-05,138,109,249276,31,1640.9530787037043,309,265,309
port_everglades_fl,2025-06,124,107,208266,30,1427.4610995370376,301,271,301
port_everglades_fl,2025-07,128,109,216228,31,1552.499131944445,321,284,321
port_everglades_fl,2025-08,128,111,236089,31,1577.1343865740741,315,289,315
port_everglades_fl,2025-09,134,115,237153,30,1408.819965277778,288,256,288
port_everglades_fl,2025-10,119,101,213411,31,1463.5128935185187,297,266,297
port_everglades_fl,2025-11,120,96,192771,30,1430.0732407407406,294,259,294
port_everglades_fl,2025-12,134,103,266936,31,1468.3120370370375,300,257,300
san_pedro_bay,2015-01,188,141,462908,31,1197.8418518518522,228,166,228
san_pedro_bay,2015-02,206,157,494015,28,1276.5835648148154,223,161,223
san_pedro_bay,2015-03,258,199,498600,31,1440.1212268518525,306,215,306
san_pedro_bay,2015-04,242,184,448244,30,1227.4078819444446,263,186,263
san_pedro_bay,2015-05,241,185,420065,31,1197.7576157407411,261,186,261
san_pedro_bay,2015-06,231,170,354868,30,976.2419560185183,244,169,244
san_pedro_bay,2015-07,239,185,392851,31,1158.2525000000003,262,190,262
san_pedro_bay,2015-08,236,181,359547,31,995.4667245370372,250,185,250
san_pedro_bay,2015-09,218,164,334267,30,914.1516319444443,227,168,227
san_pedro_bay,2015-10,206,165,344626,31,1003.099837962963,216,164,216
san_pedro_bay,2015-11,215,160,299731,30,927.9820486111109,235,165,235
san_pedro_bay,2015-12,211,161,336645,31,1069.5911226851847,234,166,234
san_pedro_bay,2016-01,215,162,357820,31,942.2692824074076,234,166,234
san_pedro_bay,2016-02,144,112,193831,29,416.0999537037038,132,100,132
san_pedro_bay,2016-03,121,97,170097,29,353.94584490740755,131,101,131
san_pedro_bay,2016-04,151,112,172401,29,435.72723379629645,168,120,168
san_pedro_bay,2016-05,137,101,118951,17,397.17709490740765,160,113,160
san_pedro_bay,2016-06,209,162,275703,28,742.9407291666663,245,186,245
san_pedro_bay,2016-07,221,168,328366,31,1039.1272453703705,237,165,237
san_pedro_bay,2016-08,232,174,316606,31,967.3448726851849,249,179,249
san_pedro_bay,2016-09,203,152,267819,30,856.4868981481479,213,151,213
san_pedro_bay,2016-10,208,155,321391,31,847.1510648148151,211,151,211
san_pedro_bay,2016-11,202,151,292044,30,851.2134143518516,215,151,215
san_pedro_bay,2016-12,197,155,298436,31,930.5576504629631,210,159,210
san_pedro_bay,2017-01,199,142,285090,31,782.2069675925925,217,146,217
san_pedro_bay,2017-02,189,135,328664,28,843.2361921296296,202,130,202
san_pedro_bay,2017-03,214,146,319387,31,938.7152430555554,239,144,239
san_pedro_bay,2017-04,189,137,330216,30,885.4380324074076,211,141,211
san_pedro_bay,2017-05,204,153,379474,31,1012.8444097222222,219,157,219
san_pedro_bay,2017-06,196,149,337162,30,951.0924652777777,211,141,211
san_pedro_bay,2017-07,202,148,364770,31,913.6211805555555,210,144,210
san_pedro_bay,2017-08,206,151,311301,31,951.9856597222221,235,158,235
san_pedro_bay,2017-09,189,144,292299,30,865.4156828703703,198,136,198
san_pedro_bay,2017-10,186,139,286861,31,831.1837268518522,193,136,193
san_pedro_bay,2017-11,165,123,272613,30,794.3725115740741,181,131,181
san_pedro_bay,2017-12,184,131,284373,31,723.4235995370373,186,121,186
san_pedro_bay,2018-01,316,246,421386,31,1199.5132638888883,355,272,355
san_pedro_bay,2018-02,301,239,423900,28,1271.663611111111,314,242,314
san_pedro_bay,2018-03,318,245,392407,31,1366.5572685185175,366,269,366
san_pedro_bay,2018-04,318,252,411743,30,1353.127303240741,349,258,349
san_pedro_bay,2018-05,309,245,433740,31,1438.182268518518,336,254,336
san_pedro_bay,2018-06,310,245,433713,30,1301.0753703703706,329,241,329
san_pedro_bay,2018-07,312,240,421742,31,1350.754351851852,338,252,338
san_pedro_bay,2018-08,309,236,413956,31,1232.9922106481483,323,237,323
san_pedro_bay,2018-09,302,230,430807,30,1320.7207870370364,333,239,333
san_pedro_bay,2018-10,304,241,432460,31,1404.7788657407402,344,259,344
san_pedro_bay,2018-11,273,222,373494,30,1256.2887384259247,301,231,301
san_pedro_bay,2018-12,301,239,436960,31,1419.064502314814,339,252,339
san_pedro_bay,2019-01,301,240,451889,31,1553.4404513888883,346,259,346
san_pedro_bay,2019-02,266,208,351945,28,1102.3190393518514,280,203,280
san_pedro_bay,2019-03,279,212,352333,31,1206.16851851852,307,221,307
san_pedro_bay,2019-04,270,202,374208,30,1207.5689351851852,308,210,308
san_pedro_bay,2019-05,275,207,367921,31,1314.587222222222,323,228,323
san_pedro_bay,2019-06,273,199,358714,30,1187.2019675925924,312,207,312
san_pedro_bay,2019-07,279,210,348151,31,1196.913530092592,321,228,321
san_pedro_bay,2019-08,275,213,368843,31,1234.9115162037028,306,227,306
san_pedro_bay,2019-09,271,207,349726,30,1165.1624999999992,305,217,305
san_pedro_bay,2019-10,284,220,346819,31,1224.728530092593,325,235,325
san_pedro_bay,2019-11,270,204,331782,30,1182.4965162037035,306,215,306
san_pedro_bay,2019-12,304,223,381856,31,1347.3699189814831,353,247,353
san_pedro_bay,2020-01,286,224,346153,31,1252.889143518519,336,251,336
san_pedro_bay,2020-02,247,186,297934,29,998.5058680555564,272,193,272
san_pedro_bay,2020-03,266,205,349505,31,1235.7919097222223,307,224,307
san_pedro_bay,2020-04,268,209,325311,30,1048.3553819444442,309,232,309
san_pedro_bay,2020-05,217,168,298315,31,949.3294560185187,254,184,254
san_pedro_bay,2020-06,207,161,306396,30,1005.4498495370375,253,183,253
san_pedro_bay,2020-07,251,194,369881,31,1193.4106944444445,275,208,275
san_pedro_bay,2020-08,245,193,348504,31,1105.1078009259265,271,203,271
san_pedro_bay,2020-09,259,202,330619,30,1270.5851504629625,298,225,298
san_pedro_bay,2020-10,259,215,387108,31,1248.4940972222212,282,219,282
san_pedro_bay,2020-11,247,203,356938,30,1268.4708449074064,280,221,280
san_pedro_bay,2020-12,255,211,406343,30,1291.1377314814815,281,228,281
san_pedro_bay,2021-01,251,203,422557,31,1253.941493055556,299,237,299
san_pedro_bay,2021-02,235,186,386940,28,1092.384224537037,248,187,248
san_pedro_bay,2021-03,280,224,414475,31,1234.3084374999996,308,243,308
san_pedro_bay,2021-04,358,280,642483,30,1805.4356365740728,386,288,386
san_pedro_bay,2021-05,348,275,617829,31,1767.1532060185193,408,310,408
san_pedro_bay,2021-06,375,279,570735,30,1755.7117245370378,443,303,443
san_pedro_bay,2021-07,352,271,628630,31,1862.7712152777792,372,273,372
san_pedro_bay,2021-08,328,262,603810,30,1694.2394328703708,396,297,396
san_pedro_bay,2021-09,379,290,647642,30,1834.1942245370356,390,280,390
san_pedro_bay,2021-10,350,271,619588,31,1885.058206018519,383,279,383
san_pedro_bay,2021-11,360,292,571240,30,1773.627685185185,407,311,407
san_pedro_bay,2021-12,350,281,645016,31,2006.267824074074,388,305,388
san_pedro_bay,2022-01,334,261,410917,31,1836.395694444445,359,281,359
san_pedro_bay,2022-02,334,275,491250,28,1686.4158333333332,330,264,330
san_pedro_bay,2022-03,370,290,570382,31,1893.5453935185196,368,276,368
san_pedro_bay,2022-04,350,263,598597,30,1915.173402777777,369,263,369
san_pedro_bay,2022-05,357,282,533510,31,1799.190138888889,374,279,374
san_pedro_bay,2022-06,358,278,439203,30,1673.782592592593,362,266,362
san_pedro_bay,2022-07,384,287,548775,31,1749.0029282407386,398,277,398
san_pedro_bay,2022-08,345,267,550606,31,1524.662002314814,359,256,359
san_pedro_bay,2022-09,334,247,490588,30,1447.907303240741,347,237,347
san_pedro_bay,2022-10,334,248,483844,31,1450.0645023148152,354,250,354
san_pedro_bay,2022-11,315,229,452054,30,1345.1874884259262,347,232,347
san_pedro_bay,2022-12,314,231,445025,31,1373.6060532407403,350,234,350
san_pedro_bay,2023-01,309,234,485368,31,1498.0048611111122,349,245,349
san_pedro_bay,2023-02,269,190,400165,28,1192.9126736111111,290,189,290
san_pedro_bay,2023-03,316,231,479832,31,1459.1305439814812,361,240,361
san_pedro_bay,2023-04,299,223,492416,30,1472.3364583333337,329,225,329
san_pedro_bay,2023-05,329,242,500701,31,1461.8455902777782,365,248,365
san_pedro_bay,2023-06,329,238,500115,30,1440.8277777777764,355,242,355
san_pedro_bay,2023-07,318,239,478061,31,1391.9202083333334,335,237,335
san_pedro_bay,2023-08,335,249,488050,31,1518.1082754629626,376,257,376
san_pedro_bay,2023-09,322,237,503951,30,1404.666643518518,347,240,347
san_pedro_bay,2023-10,312,231,476657,31,1387.8195254629632,342,241,342
san_pedro_bay,2023-11,311,224,465665,30,1383.4595833333321,342,227,342
san_pedro_bay,2023-12,308,235,460504,31,1420.9954166666664,347,239,347
san_pedro_bay,2024-01,334,245,467891,31,1419.4058564814814,377,260,377
san_pedro_bay,2024-02,317,234,473744,29,1327.3226967592598,339,228,339
san_pedro_bay,2024-03,328,252,475142,31,1490.3130671296299,370,255,370
san_pedro_bay,2024-04,322,249,447856,30,1307.8672222222217,344,246,344
san_pedro_bay,2024-05,335,243,476947,31,1415.3555555555563,368,249,368
san_pedro_bay,2024-06,337,250,457843,30,1316.8185185185187,378,253,378
san_pedro_bay,2024-07,386,291,528664,31,1561.9247222222225,418,290,418
san_pedro_bay,2024-08,380,290,547116,31,1583.6605439814814,406,293,406
san_pedro_bay,2024-09,356,276,487944,30,1496.8272222222229,378,275,378
san_pedro_bay,2024-10,350,273,445667,31,1496.6482754629626,387,277,387
san_pedro_bay,2024-11,338,269,430689,30,1329.4150231481492,360,275,360
san_pedro_bay,2024-12,351,278,456659,31,1476.5770717592602,410,301,410
san_pedro_bay,2025-01,348,280,452873,31,1401.0578125,360,270,360
san_pedro_bay,2025-02,308,251,438606,28,1281.9723958333327,323,247,323
san_pedro_bay,2025-03,341,262,464843,31,1419.9353472222215,371,269,371
san_pedro_bay,2025-04,333,257,470184,30,1420.9878356481477,368,259,368
san_pedro_bay,2025-05,327,242,437093,31,1470.800937500001,371,249,371
san_pedro_bay,2025-06,315,247,428059,30,1288.6519444444448,348,268,348
san_pedro_bay,2025-07,370,298,473981,31,1510.8071527777772,401,295,401
san_pedro_bay,2025-08,335,271,401656,31,1463.0030787037035,367,275,367
san_pedro_bay,2025-09,317,250,332490,30,1275.4536805555554,337,253,337
san_pedro_bay,2025-10,314,248,294385,31,1268.47329861111,332,252,332
san_pedro_bay,2025-11,301,230,353547,30,1131.2847800925936,320,230,320
san_pedro_bay,2025-12,320,244,428863,31,1354.0430208333346,352,248,352
savannah_ga,2015-01,147,133,113087,31,279.8433449074076,153,139,153
savannah_ga,2015-02,132,121,104900,28,210.7263310185185,132,122,132
savannah_ga,2015-03,152,137,117633,31,231.30863425925918,150,136,150
savannah_ga,2015-04,142,131,114723,30,309.0916435185185,146,135,146
savannah_ga,2015-05,165,157,134288,31,280.5698263888889,166,158,166
savannah_ga,2015-06,154,143,117651,30,219.10052083333338,154,142,154
savannah_ga,2015-07,162,152,114669,31,322.677673611111,162,152,162
savannah_ga,2015-08,164,149,117735,31,244.7246296296297,163,148,163
savannah_ga,2015-09,158,148,104643,30,204.68590277777778,154,144,154
savannah_ga,2015-10,163,155,108463,31,247.35689814814816,162,154,162
savannah_ga,2015-11,146,137,79053,30,221.7998842592592,145,136,145
savannah_ga,2015-12,149,141,108916,31,264.7671875,148,140,148
savannah_ga,2016-01,152,143,117466,31,305.3261805555556,157,148,157
savannah_ga,2016-02,88,82,57047,29,107.11192129629629,90,84,90
savannah_ga,2016-03,76,72,49108,20,96.18431712962966,79,74,79
savannah_ga,2016-04,105,99,72874,28,189.90151620370375,110,104,110
savannah_ga,2016-05,160,152,119487,31,299.23377314814815,168,160,168
savannah_ga,2016-06,151,141,109705,30,262.25156250000015,150,141,150
savannah_ga,2016-07,152,146,119998,31,330.6707060185185,154,147,154
savannah_ga,2016-08,136,131,110290,31,280.20810185185184,136,131,136
savannah_ga,2016-09,133,123,102101,30,277.10688657407405,137,127,137
savannah_ga,2016-10,136,127,101702,26,308.43872685185187,137,128,137
savannah_ga,2016-11,136,126,105928,30,262.17793981481486,135,124,135
savannah_ga,2016-12,123,113,112682,31,376.2214583333332,131,120,131
savannah_ga,2017-01,120,113,94731,31,249.31880787037045,123,116,123
savannah_ga,2017-02,122,111,92588,28,169.68686342592596,118,108,118
savannah_ga,2017-03,135,125,98002,31,305.5448958333333,134,126,134
savannah_ga,2017-04,132,119,92490,30,273.66207175925933,130,119,130
savannah_ga,2017-05,132,124,86055,31,268.86192129629615,136,129,136
savannah_ga,2017-06,121,116,83748,30,264.62293981481474,126,122,126
savannah_ga,2017-07,130,121,106799,31,365.91098379629636,134,126,134
savannah_ga,2017-08,126,120,87530,31,283.6885532407407,129,124,129
savannah_ga,2017-09,117,110,86736,28,237.25562499999992,118,112,118
savannah_ga,2017-10,132,123,91188,31,263.53402777777774,135,126,135
savannah_ga,2017-11,128,116,96917,30,190.52059027777776,126,116,126
savannah_ga,2017-12,109,103,88759,31,188.83596064814813,107,101,107
savannah_ga,2018-01,202,184,154820,31,374.47266203703725,204,185,204
savannah_ga,2018-02,188,173,156456,28,295.89543981481484,180,166,180
savannah_ga,2018-03,211,188,148090,31,347.9002777777779,208,185,208
savannah_ga,2018-04,215,194,144172,30,310.8868402777778,212,190,212
savannah_ga,2018-05,214,194,161686,31,434.73555555555527,212,191,212
savannah_ga,2018-06,199,184,142040,30,421.21365740740765,195,181,195
savannah_ga,2018-07,203,185,140864,31,304.38594907407395,202,179,202
savannah_ga,2018-08,196,178,144821,31,384.0648495370371,196,176,196
savannah_ga,2018-09,200,186,143199,30,369.1064583333335,197,183,197
savannah_ga,2018-10,204,186,134561,31,273.6828587962961,199,181,199
savannah_ga,2018-11,185,173,118970,30,303.6598263888889,182,170,182
savannah_ga,2018-12,168,154,126554,31,274.40565972222214,161,147,161
savannah_ga,2019-01,200,181,142532,31,311.5781828703704,196,176,196
savannah_ga,2019-02,164,148,130528,28,267.0193287037039,158,142,158
savannah_ga,2019-03,197,180,149901,31,343.959699074074,193,176,193
savannah_ga,2019-04,179,166,124522,30,277.13916666666665,174,161,174
savannah_ga,2019-05,194,177,148510,31,401.13906250000014,196,179,196
savannah_ga,2019-06,174,163,121702,30,278.00050925925933,175,165,175
savannah_ga,2019-07,195,182,134631,31,349.72927083333326,196,182,196
savannah_ga,2019-08,196,185,149570,31,417.1535300925928,200,185,200
savannah_ga,2019-09,183,166,116113,29,265.24680555555557,183,164,183
savannah_ga,2019-10,176,165,121235,31,361.0979398148148,176,167,176
savannah_ga,2019-11,172,165,121151,30,365.4750578703704,174,166,174
savannah_ga,2019-12,170,152,134573,31,299.28519675925946,168,151,168
savannah_ga,2020-01,162,155,112713,31,251.8921412037037,161,154,161
savannah_ga,2020-02,152,142,106975,29,276.26607638888885,150,141,150
savannah_ga,2020-03,167,154,124541,31,274.3752083333333,165,152,165
savannah_ga,2020-04,156,138,112116,30,234.93600694444453,149,132,149
savannah_ga,2020-05,140,133,118399,31,318.51890046296296,138,132,138
savannah_ga,2020-06,151,142,121521,30,241.65321759259257,149,140,149
savannah_ga,2020-07,152,136,119844,31,365.732523148148,157,138,157
savannah_ga,2020-08,168,156,120964,31,281.8100347222222,166,155,166
savannah_ga,2020-09,151,144,105947,30,281.6548842592592,148,140,148
savannah_ga,2020-10,154,142,100390,31,269.49136574074066,154,142,154
savannah_ga,2020-11,164,152,99058,30,301.52548611111104,161,150,161
savannah_ga,2020-12,152,142,124613,31,324.2013425925927,149,139,149
savannah_ga,2021-01,155,144,130885,31,330.2522800925927,158,148,158
savannah_ga,2021-02,130,119,114203,28,224.6210763888889,123,112,123
savannah_ga,2021-03,169,159,141373,31,310.76177083333357,169,159,169
savannah_ga,2021-04,199,174,180387,30,452.37616898148144,197,174,197
savannah_ga,2021-05,201,179,189899,31,502.88099537037056,203,181,203
savannah_ga,2021-06,184,164,161783,30,377.2744560185184,182,162,182
savannah_ga,2021-07,191,167,169871,31,428.94464120370367,190,167,190
savannah_ga,2021-08,201,174,182958,31,390.79366898148163,193,167,193
savannah_ga,2021-09,196,177,184662,30,421.7964930555557,195,176,195
savannah_ga,2021-10,203,181,201798,31,514.8858564814816,198,176,198
savannah_ga,2021-11,191,161,174218,30,392.3232638888889,187,157,187
savannah_ga,2021-12,191,168,184179,31,451.5718865740745,195,173,195
savannah_ga,2022-01,181,151,169376,31,421.77723379629634,179,149,179
savannah_ga,2022-02,158,137,142944,28,379.9806597222223,154,134,154
savannah_ga,2022-03,188,155,187531,31,414.73148148148147,183,151,183
savannah_ga,2022-04,187,156,187034,30,472.4747106481483,181,152,181
savannah_ga,2022-05,190,162,193908,31,492.59592592592594,188,160,188
savannah_ga,2022-06,195,172,205376,30,488.773935185185,191,170,191
savannah_ga,2022-07,190,168,182507,31,474.47708333333316,189,168,189
savannah_ga,2022-08,206,178,196879,31,499.0039699074075,202,175,202
savannah_ga,2022-09,170,156,173635,29,407.951400462963,166,154,166
savannah_ga,2022-10,191,170,211083,31,511.1779282407407,200,178,200
savannah_ga,2022-11,199,176,203132,30,483.454513888889,198,174,198
savannah_ga,2022-12,195,169,192843,31,480.9212731481481,190,164,190
savannah_ga,2023-01,194,171,203405,31,442.18017361111106,199,174,199
savannah_ga,2023-02,181,162,184064,28,386.60314814814825,181,164,181
savannah_ga,2023-03,180,160,162400,31,412.39458333333283,174,155,174
savannah_ga,2023-04,188,161,166176,30,379.66421296296295,183,156,183
savannah_ga,2023-05,213,184,193814,31,498.1456712962964,213,183,213
savannah_ga,2023-06,189,166,161139,30,482.9658217592592,188,162,188
savannah_ga,2023-07,208,183,202865,31,509.79884259259273,213,188,213
savannah_ga,2023-08,185,169,166367,31,415.0031250000003,179,163,179
savannah_ga,2023-09,196,169,186291,30,498.1277893518515,199,172,199
savannah_ga,2023-10,206,185,172606,31,448.9510416666668,208,186,208
savannah_ga,2023-11,198,175,156671,30,364.73552083333317,190,168,190
savannah_ga,2023-12,188,164,183122,31,515.8797569444445,189,164,189
savannah_ga,2024-01,202,178,192944,31,552.307708333333,207,179,207
savannah_ga,2024-02,198,169,189596,29,468.40737268518507,192,164,192
savannah_ga,2024-03,201,170,202749,31,553.4179050925933,208,175,208
savannah_ga,2024-04,203,171,194313,30,564.1463657407403,210,176,210
savannah_ga,2024-05,200,175,199469,31,564.7574305555551,210,183,210
savannah_ga,2024-06,202,177,187897,30,477.2217013888888,204,177,204
savannah_ga,2024-07,215,184,213486,31,530.8988425925926,217,185,217
savannah_ga,2024-08,202,177,230631,31,526.0709837962962,197,172,197
savannah_ga,2024-09,174,150,186937,30,478.6549652777781,178,151,178
savannah_ga,2024-10,186,164,191613,31,440.0327199074072,190,165,190
savannah_ga,2024-11,193,168,195744,30,459.47091435185183,190,164,190
savannah_ga,2024-12,178,156,188974,31,538.1610995370372,181,157,181
savannah_ga,2025-01,165,147,191579,31,522.0345023148147,166,145,166
savannah_ga,2025-02,181,160,184335,28,422.4076967592593,176,152,176
savannah_ga,2025-03,200,179,177140,31,417.7224537037038,199,177,199
savannah_ga,2025-04,196,174,181263,30,412.9914467592592,190,167,190
savannah_ga,2025-05,181,164,190295,31,518.4975810185188,184,165,184
savannah_ga,2025-06,172,152,201008,30,391.28074074074055,169,148,169
savannah_ga,2025-07,197,181,217992,31,424.79995370370364,191,175,191
savannah_ga,2025-08,187,168,179450,31,474.40543981481454,186,167,186
savannah_ga,2025-09,188,171,168811,30,440.7188310185186,186,169,186
savannah_ga,2025-10,186,171,198742,31,487.8162847222221,189,172,189
savannah_ga,2025-11,187,167,198081,30,488.1418634259257,185,164,185
savannah_ga,2025-12,185,168,190817,31,429.9505208333335,183,164,183
wilmington_nc,2015-01,20,18,10223,25,15.095671296296295,20,18,20
wilmington_nc,2015-02,26,22,11906,25,48.39940972222224,26,21,26
wilmington_nc,2015-03,30,23,17033,28,64.56306712962963,29,22,29
wilmington_nc,2015-04,27,24,16477,28,75.5975925925926,29,25,29
wilmington_nc,2015-05,30,21,19716,31,43.83337962962962,30,21,30
wilmington_nc,2015-06,32,23,13593,30,66.54234953703704,33,25,33
wilmington_nc,2015-07,28,22,17938,30,116.88613425925925,32,26,32
wilmington_nc,2015-08,28,22,16475,26,99.01781249999999,32,26,32
wilmington_nc,2015-09,25,19,12327,23,47.26042824074074,27,21,27
wilmington_nc,2015-10,29,21,24334,29,115.20832175925928,35,26,35
wilmington_nc,2015-11,29,22,11136,27,59.223136574074076,34,26,34
wilmington_nc,2015-12,33,26,17660,28,98.31872685185184,37,30,37
wilmington_nc,2016-01,23,20,9364,25,71.70649305555557,28,24,28
wilmington_nc,2016-02,20,15,10297,19,30.898657407407413,21,16,21
wilmington_nc,2016-03,16,15,7628,15,23.69868055555555,17,16,17
wilmington_nc,2016-04,18,14,9639,17,38.332569444444445,21,17,21
wilmington_nc,2016-05,25,20,8360,25,56.60755787037037,29,24,29
wilmington_nc,2016-06,29,21,13990,30,114.07059027777778,36,28,36
wilmington_nc,2016-07,29,24,14020,30,140.3592361111111,37,31,37
wilmington_nc,2016-08,26,22,14796,27,97.06987268518519,30,26,30
wilmington_nc,2016-09,26,17,16450,29,126.77952546296297,31,22,31
wilmington_nc,2016-10,30,26,18150,27,119.98988425925924,36,32,36
wilmington_nc,2016-11,33,29,22614,30,94.82469907407406,38,34,38
wilmington_nc,2016-12,30,21,12396,29,150.16208333333333,32,24,32
wilmington_nc,2017-01,22,19,6086,25,28.87708333333333,23,20,23
wilmington_nc,2017-02,26,18,12494,26,85.20136574074073,29,23,29
wilmington_nc,2017-03,24,22,9346,29,127.64658564814815,31,29,31
wilmington_nc,2017-04,18,15,9721,28,64.20590277777778,21,18,21
wilmington_nc,2017-05,28,22,18775,28,133.4445601851852,34,28,34
wilmington_nc,2017-06,31,25,18208,28,132.20538194444444,37,31,37
wilmington_nc,2017-07,21,21,6254,23,56.414490740740746,24,24,24
wilmington_nc,2017-08,29,26,12601,28,99.62340277777777,36,33,36
wilmington_nc,2017-09,24,22,7725,24,57.27077546296296,28,26,28
wilmington_nc,2017-10,27,21,12588,27,67.3050925925926,30,24,30
wilmington_nc,2017-11,20,19,10272,24,67.77105324074073,24,23,24
wilmington_nc,2017-12,24,21,9515,26,92.90175925925925,29,27,29
wilmington_nc,2018-01,46,38,24441,31,150.36019675925928,55,47,55
wilmington_nc,2018-02,40,34,23118,28,104.38951388888889,45,39,45
wilmington_nc,2018-03,51,40,22430,31,163.40362268518518,58,46,58
wilmington_nc,2018-04,47,37,29256,29,153.3260069444444,50,39,50
wilmington_nc,2018-05,41,33,27382,31,160.52856481481484,49,42,49
wilmington_nc,2018-06,39,33,15127,28,165.14505787037038,47,40,47
wilmington_nc,2018-07,39,32,17559,30,105.98961805555554,43,36,43
wilmington_nc,2018-08,46,41,22479,31,169.8831712962963,51,46,51
wilmington_nc,2018-09,33,25,16004,23,119.70097222222225,35,27,35
wilmington_nc,2018-10,39,33,21760,30,134.2233912037037,44,38,44
wilmington_nc,2018-11,34,29,19363,30,180.7549189814815,43,38,43
wilmington_nc,2018-12,41,31,28959,31,165.2834259259259,45,36,45
wilmington_nc,2019-01,45,36,33735,31,201.4347685185185,53,45,53
wilmington_nc,2019-02,37,29,28406,28,157.2979629629629,44,35,44
wilmington_nc,2019-03,46,33,24286,30,219.8451736111111,54,40,54
wilmington_nc,2019-04,36,31,20911,29,129.4202546296296,43,38,43
wilmington_nc,2019-05,42,30,19287,30,161.51166666666668,51,38,51
wilmington_nc,2019-06,43,32,23422,29,124.4397337962963,50,38,50
wilmington_nc,2019-07,40,30,20401,31,133.55638888888888,46,36,46
wilmington_nc,2019-08,38,30,26938,30,186.9647453703704,45,37,45
wilmington_nc,2019-09,35,26,15014,28,66.06332175925927,40,32,40
wilmington_nc,2019-10,37,30,22990,31,143.84468749999996,43,35,43
wilmington_nc,2019-11,37,30,19295,30,122.2619097222222,44,37,44
wilmington_nc,2019-12,40,28,27182,31,112.37430555555557,44,32,44
wilmington_nc,2020-01,33,26,18095,31,121.48118055555554,36,30,36
wilmington_nc,2020-02,29,22,16135,29,122.05850694444445,33,26,33
wilmington_nc,2020-03,37,27,19216,31,108.76920138888892,42,32,42
wilmington_nc,2020-04,35,23,14052,26,46.08337962962963,34,22,34
wilmington_nc,2020-05,38,25,17284,29,120.9758449074074,41,28,41
wilmington_nc,2020-06,32,26,18847,27,97.24011574074073,36,29,36
wilmington_nc,2020-07,28,20,11474,29,152.26005787037036,37,28,37
wilmington_nc,2020-08,24,18,10797,24,74.79899305555557,28,22,28
wilmington_nc,2020-09,30,23,14548,28,80.22436342592594,35,28,35
wilmington_nc,2020-10,21,16,11632,25,102.13310185185186,24,19,24
wilmington_nc,2020-11,28,21,15772,27,85.52141203703705,32,25,32
wilmington_nc,2020-12,28,22,14221,28,99.80687499999999,33,27,33
wilmington_nc,2021-01,25,21,16857,26,76.42436342592589,27,23,27
wilmington_nc,2021-02,29,20,19911,27,78.53002314814816,32,23,32
wilmington_nc,2021-03,39,32,23564,28,86.96454861111113,40,33,40
wilmington_nc,2021-04,39,28,17742,30,176.18471064814815,55,44,55
wilmington_nc,2021-05,41,31,21075,30,139.35981481481483,47,37,47
wilmington_nc,2021-06,49,38,31324,30,161.50540509259258,53,42,53
wilmington_nc,2021-07,39,31,24582,31,251.0800810185185,51,41,51
wilmington_nc,2021-08,47,31,26614,31,147.35788194444444,56,40,56
wilmington_nc,2021-09,47,34,27756,30,199.3075694444444,56,43,56
wilmington_nc,2021-10,46,34,17656,28,163.217337962963,54,43,54
wilmington_nc,2021-11,46,30,26423,30,132.56966435185186,52,36,52
wilmington_nc,2021-12,46,38,27867,31,204.39814814814818,54,47,54
wilmington_nc,2022-01,44,34,32027,30,194.05732638888887,52,41,52
wilmington_nc,2022-02,39,32,28414,28,158.92811342592594,46,39,46
wilmington_nc,2022-03,53,42,35793,30,196.227013888889,61,48,61
wilmington_nc,2022-04,47,36,32099,30,242.00342592592597,53,42,53
wilmington_nc,2022-05,45,34,23009,31,159.98900462962962,52,39,52
wilmington_nc,2022-06,50,39,32372,30,193.96479166666668,58,47,58
wilmington_nc,2022-07,45,36,28245,31,174.2807060185185,50,42,50
wilmington_nc,2022-08,47,38,41414,31,187.49021990740744,52,43,52
wilmington_nc,2022-09,45,32,24862,30,201.97047453703706,53,39,53
wilmington_nc,2022-10,40,33,27885,31,177.62041666666664,45,39,45
wilmington_nc,2022-11,45,34,23378,29,163.06034722222222,52,40,52
wilmington_nc,2022-12,51,37,37069,31,262.0165393518519,60,47,60
wilmington_nc,2023-01,47,37,33575,31,165.37256944444442,54,44,54
wilmington_nc,2023-02,50,36,25529,25,170.25793981481476,53,39,53
wilmington_nc,2023-03,45,36,21077,29,212.86167824074076,56,47,56
wilmington_nc,2023-04,54,42,34140,30,184.54510416666665,59,47,59
wilmington_nc,2023-05,55,44,38389,31,188.62604166666668,63,51,63
wilmington_nc,2023-06,58,46,33757,30,281.57298611111105,66,54,66
wilmington_nc,2023-07,48,40,26702,30,160.9050694444444,55,47,55
wilmington_nc,2023-08,44,36,27217,29,181.4926388888889,52,44,52
wilmington_nc,2023-09,43,31,26747,29,203.689074074074,54,41,54
wilmington_nc,2023-10,54,44,33283,31,174.23848379629624,60,50,60
wilmington_nc,2023-11,42,33,14604,29,131.22843749999998,49,41,49
wilmington_nc,2023-12,49,37,16326,31,159.74474537037037,58,46,58
wilmington_nc,2024-01,52,41,36695,31,227.2495138888889,61,51,61
wilmington_nc,2024-02,47,37,22911,29,214.0254976851852,57,46,57
wilmington_nc,2024-03,52,40,31288,30,229.4373726851852,61,49,61
wilmington_nc,2024-04,60,43,36770,30,246.23406250000002,72,53,72
wilmington_nc,2024-05,56,38,26771,30,278.5792361111112,67,48,67
wilmington_nc,2024-06,56,44,36517,30,244.19909722222224,66,54,66
wilmington_nc,2024-07,51,38,30164,31,237.08385416666667,58,45,58
wilmington_nc,2024-08,47,39,34424,31,264.63471064814826,57,49,57
wilmington_nc,2024-09,48,36,22650,30,189.11115740740738,57,44,57
wilmington_nc,2024-10,47,39,31146,30,105.9435648148148,47,40,47
wilmington_nc,2024-11,48,38,22024,30,248.21479166666666,58,46,58
wilmington_nc,2024-12,49,38,26061,30,136.17975694444445,54,44,54
wilmington_nc,2025-01,44,32,31892,31,168.39471064814813,48,36,48
wilmington_nc,2025-02,46,38,27339,28,145.72626157407407,53,44,53
wilmington_nc,2025-03,57,42,32990,31,215.36495370370366,67,50,67
wilmington_nc,2025-04,48,36,32652,30,215.26512731481486,58,44,58
wilmington_nc,2025-05,46,38,21475,30,241.4893402777778,61,52,61
wilmington_nc,2025-06,43,34,24432,30,165.20783564814815,49,40,49
wilmington_nc,2025-07,41,30,22157,30,172.50962962962961,49,37,49
wilmington_nc,2025-08,34,24,20528,31,169.83211805555558,42,33,42
wilmington_nc,2025-09,37,30,29985,30,164.67991898148148,43,37,43
wilmington_nc,2025-10,43,32,20880,31,148.01233796296296,50,39,50
wilmington_nc,2025-11,41,29,23762,30,190.3276157407407,49,36,49
wilmington_nc,2025-12,37,28,15542,28,172.34464120370376,45,35,45
