mmsi,length_m,width_m,draft_m,vessel_type,imo,n_obs,first_year,last_year
123456789,60.0,12.0,2.0,70.0,,5985,2017,2017
200000001,,,,70.0,,3,2015,2015
205087000,199.0,32.0,7.5,70.0,,123,2023,2023
205097000,230.0,36.0,8.2,80.0,,777,2022,2025
205104000,230.0,36.0,8.5,89.0,,1142,2022,2025
205118000,210.0,30.0,9.8,73.0,,422,2022,2022
205125000,180.0,32.0,9.7,70.0,,1564,2021,2024
205283000,181.0,,,80.0,,360,2020,2023
205400000,289.0,45.0,18.1,70.0,,584,2016,2016
205460000,180.0,29.0,10.4,80.0,,571,2019,2020
205517000,274.0,48.0,17.0,80.0,,239,2018,2021
205543000,179.0,27.0,11.1,80.0,,939,2019,2019
205548000,275.0,48.0,17.0,80.0,,152,2017,2017
205553000,290.0,43.0,12.3,80.0,,66,2019,2019
205559000,274.0,48.0,17.0,80.0,,1026,2018,2022
205569000,291.0,45.0,18.2,70.0,,521,2019,2019
205609000,180.0,29.0,10.4,80.0,,844,2015,2022
205663000,333.0,60.0,22.4,80.0,,65,2023,2023
205670000,334.0,60.0,11.0,80.0,,750,2025,2025
205680000,180.0,30.0,9.8,70.0,,154,2020,2020
205681000,174.0,30.0,7.0,80.0,,359,2024,2025
205685000,180.0,30.0,7.4,89.0,,1174,2024,2025
205686000,333.0,60.0,12.1,80.0,,291,2023,2023
205691000,180.0,30.0,6.8,89.0,,323,2023,2023
205700000,199.0,,,70.0,,473,2020,2020
205713000,,,10.5,80.0,,346,2019,2025
205717000,199.0,,,70.0,,548,2022,2022
205728000,183.0,32.0,8.3,70.0,,916,2018,2022
205736000,180.0,30.0,7.9,89.0,,1268,2021,2025
205760000,274.0,48.0,11.8,89.0,,787,2019,2022
205783000,292.0,45.0,9.5,70.0,,484,2022,2022
205784000,262.0,32.0,11.4,74.0,,227,2020,2020
205789000,200.0,32.0,6.8,70.0,,70,2025,2025
205790000,198.0,32.0,11.4,70.0,,461,2021,2021
209008000,184.0,23.0,7.9,70.0,,413,2019,2024
209012000,225.0,32.0,8.2,70.0,,353,2023,2023
209016000,185.0,23.0,10.4,70.0,,155,2023,2023
209017000,183.0,29.0,10.8,70.0,,3485,2015,2024
209055000,250.0,44.0,14.9,80.0,,473,2016,2016
209064000,300.0,50.0,10.7,70.0,,129,2021,2021
209086000,180.0,30.0,9.8,70.0,,434,2018,2018
209087000,271.0,43.0,9.5,70.0,,384,2021,2021
209109000,171.0,28.0,10.6,70.0,,739,2018,2024
209112000,,,,70.0,,631,2019,2021
209116000,225.0,32.0,7.9,70.0,,397,2020,2020
209120000,224.0,32.0,14.1,70.0,,416,2018,2018
209136000,183.0,29.0,10.87,70.0,,1310,2015,2025
209156000,171.0,27.0,10.4,70.0,,885,2018,2021
209159000,224.0,32.0,14.0,70.0,,168,2021,2021
209162000,224.0,32.0,14.0,70.0,,469,2021,2021
209182000,185.0,23.0,10.4,70.0,,441,2020,2020
209184000,186.0,27.0,9.9,70.0,,426,2023,2023
209191000,229.0,32.0,14.5,70.0,,277,2018,2018
209207000,101.0,18.0,4.9,70.0,,1340,2025,2025
209218000,171.0,27.0,10.4,70.0,,1676,2016,2022
209228000,228.0,32.0,8.4,80.0,,4,2024,2024
209251000,337.0,46.0,14.1,70.0,,1420,2018,2025
209257000,169.0,27.0,9.8,70.0,,440,2017,2017
209270000,229.0,32.0,6.8,70.0,,110,2024,2024
209289000,171.0,27.0,10.4,70.0,,883,2023,2025
209294000,228.0,32.0,14.4,80.0,,1028,2017,2022
209316000,171.0,27.0,10.4,70.0,,1215,2017,2019
209317000,229.0,37.0,14.1,70.0,,220,2016,2016
209355000,199.0,27.0,11.0,70.0,,961,2021,2022
209393000,171.0,27.0,10.4,70.0,,1444,2018,2021
209394000,182.0,32.0,13.1,80.0,,512,2019,2019
209423000,299.0,40.0,12.5,70.0,,1086,2021,2023
209425000,180.0,25.0,6.6,71.0,,1533,2024,2025
209438000,229.0,36.0,7.4,70.0,,474,2025,2025
209443000,224.0,32.0,14.1,70.0,,939,2022,2024
209444000,148.0,24.0,7.6,70.0,,133,2023,2023
209446000,229.0,32.0,11.6,81.0,,450,2019,2019
209447000,224.0,32.0,14.0,70.0,,891,2021,2021
209463000,186.0,23.0,9.7,70.0,,19,2018,2018
209470000,300.0,40.0,11.6,79.0,,1251,2021,2024
209486000,199.0,26.0,9.8,79.0,,500,2015,2015
209495000,126.0,19.0,7.22,79.0,,788,2015,2015
209504000,161.0,25.0,8.0,72.0,,85,2021,2021
209513000,169.0,27.0,9.8,70.0,,47207,2019,2025
209532000,180.0,30.0,9.9,70.0,,393,2020,2020
209533000,180.0,30.0,9.9,70.0,,107,2018,2018
209534000,147.0,23.0,8.5,70.0,,282,2019,2019
209538000,229.0,32.0,7.4,70.0,,559,2025,2025
209542000,180.0,30.0,6.1,70.0,,359,2023,2023
209550000,334.0,43.0,14.5,70.0,,3684,2015,2025
209559000,300.0,40.0,11.7,70.0,,1713,2021,2025
209570000,147.0,23.0,8.5,70.0,,1433,2015,2023
209575000,148.0,24.0,7.2,79.0,,621,2019,2019
209590000,147.0,23.0,8.5,70.0,,238,2020,2020
209593000,147.0,22.0,7.9,70.0,,169,2021,2024
209596000,292.0,45.0,18.22,79.0,,430,2015,2015
209605000,190.0,32.0,12.0,70.0,,146,2016,2016
209613000,134.0,23.0,8.3,79.0,,348,2022,2022
209615000,300.0,40.0,9.7,71.0,,1384,2022,2025
209623000,229.0,32.0,13.7,70.0,,115,2021,2021
209631000,176.0,32.0,8.7,70.0,,562,2021,2023
209632000,182.0,32.0,12.0,80.0,,403,2018,2018
209641000,89.0,12.0,4.8,70.0,,3536,2015,2024
209652000,229.0,32.0,6.8,70.0,,952,2024,2024
209677000,225.0,32.0,13.2,70.0,,578,2021,2021
209682000,229.0,32.0,13.6,70.0,,120,2022,2022
209690000,229.0,32.0,8.0,70.0,,433,2024,2024
209694000,229.0,32.0,13.4,70.0,,123,2021,2021
209697000,148.0,25.0,8.2,74.0,,936,2023,2024
209716000,300.0,40.0,10.8,70.0,,279,2023,2023
209723000,229.0,36.0,14.2,70.0,,372,2018,2018
209729000,99.0,16.0,5.9,70.0,,1424,2016,2025
209736000,200.0,32.0,7.8,70.0,,152,2024,2024
209745000,186.0,27.0,10.9,70.0,,10,2018,2018
209747000,108.0,18.0,3.9,70.0,,415,2015,2015
209760000,229.0,42.0,14.8,89.0,,59,2017,2017
209766000,197.0,33.0,6.3,70.0,,24,2025,2025
209795000,260.0,32.0,9.6,74.0,,485,2022,2025
209830000,175.0,27.0,8.0,79.0,,1895,2019,2021
209848000,148.0,22.0,6.2,80.0,,281,2025,2025
209850000,139.0,22.0,6.1,79.0,,1309,2021,2024
209854000,229.0,32.0,14.6,70.0,,311,2023,2024
209859000,118.0,20.0,6.4,80.0,,1552,2015,2021
209862000,166.0,25.0,9.5,70.0,,6548,2018,2024
209870000,225.0,32.0,10.6,70.0,,38,2024,2024
209877000,228.0,35.0,8.0,70.0,,479,2023,2023
209888000,186.0,35.0,9.8,70.0,,1058,2022,2025
209890000,229.0,32.0,13.2,89.0,,1932,2015,2020
209920000,334.0,42.0,11.1,71.0,,2283,2020,2024
209933000,172.0,28.0,10.62,70.0,,462,2015,2015
209946000,182.0,32.0,12.0,80.0,,143,2018,2018
209961000,229.0,32.0,13.7,70.0,,128,2023,2023
209964000,229.0,32.0,13.8,70.0,,57,2023,2023
209997000,298.0,48.0,9.8,86.0,,63,2025,2025
210007000,189.0,32.0,12.7,70.0,,313,2019,2019
210014000,224.0,32.0,14.0,70.0,,473,2023,2023
210054000,189.0,32.0,12.9,70.0,,1107,2022,2022
210057000,134.0,22.0,8.7,70.0,,2020,2018,2020
210059000,171.0,27.0,10.4,70.0,,865,2019,2023
210063000,228.0,32.0,14.5,80.0,,531,2016,2025
210070000,186.0,35.0,9.2,70.0,,869,2022,2025
210077000,225.0,42.0,14.8,84.0,,541,2017,2017
210079000,225.0,32.0,12.0,70.0,,454,2021,2021
210080000,183.0,32.0,8.3,89.0,,423,2023,2023
210085000,229.0,32.0,7.0,70.0,,447,2024,2024
210104000,228.0,32.0,14.5,70.0,,45,2020,2020
210106000,183.0,32.0,8.0,80.0,,1734,2021,2025
210107000,180.0,32.0,8.3,89.0,,547,2023,2024
210109000,185.0,32.0,7.0,80.0,,619,2024,2025
210115000,178.0,28.0,10.58,79.0,,476,2015,2015
210132000,227.0,32.0,11.6,80.0,,335,2022,2022
210134000,228.0,32.0,9.2,80.0,,983,2021,2022
210144000,186.0,32.0,9.7,80.0,,692,2025,2025
210145000,186.0,32.0,9.7,82.0,,787,2024,2025
210146000,288.0,45.0,17.8,70.0,,370,2022,2025
210159000,166.0,25.0,9.5,70.0,,5972,2018,2025
210185000,189.0,28.0,10.5,70.0,,102,2022,2022
210190000,225.0,32.0,9.0,70.0,,23,2015,2015
210195000,170.0,27.0,8.7,71.0,,493,2022,2022
210200000,189.0,,,70.0,,476,2019,2019
210208000,138.0,21.0,8.0,70.0,,1392,2016,2021
210210000,186.0,35.0,8.3,70.0,,1012,2023,2025
210214000,229.0,32.0,14.5,70.0,,194,2021,2021
210224000,229.0,42.0,14.8,89.0,,326,2016,2016
210232000,180.0,30.0,7.5,70.0,,448,2025,2025
210234000,171.0,27.0,10.4,70.0,,2270,2019,2025
210239000,188.0,28.0,10.9,70.0,,33,2015,2015
210247000,139.0,22.0,8.1,79.0,,94,2025,2025
210261000,186.0,28.0,6.5,70.0,,2074,2018,2025
210279000,186.0,28.0,10.4,70.0,,902,2019,2019
210284000,194.0,,,70.0,,405,2019,2019
210285000,186.0,32.0,7.1,89.0,,209,2022,2022
210292000,187.0,29.0,10.4,79.0,,848,2016,2019
210302000,225.0,32.0,14.0,74.0,,168,2016,2016
210308000,193.0,26.0,11.8,70.0,,526,2023,2023
210325000,186.0,32.0,12.2,82.0,,470,2024,2024
210347000,182.0,28.0,10.8,70.0,,3639,2018,2023
210349000,229.0,32.0,13.7,70.0,,385,2018,2025
210355000,186.0,27.0,6.2,70.0,,340,2025,2025
210364000,235.0,32.0,14.6,70.0,,475,2021,2021
210430000,229.0,32.0,7.5,70.0,,919,2023,2025
210449000,182.0,32.0,12.0,80.0,,59,2019,2019
210464000,186.0,23.0,9.7,70.0,,917,2017,2025
210470000,229.0,37.0,7.6,70.0,,467,2023,2023
210481000,268.0,32.0,12.5,71.0,,456,2016,2016
210503000,140.0,21.0,7.2,70.0,,466,2024,2024
210509000,187.0,29.0,10.4,70.0,,1247,2017,2017
210516000,222.0,30.0,11.4,70.0,,2305,2015,2018
210558000,190.0,32.0,13.0,70.0,,523,2022,2022
210562000,271.0,43.0,10.7,70.0,,531,2021,2021
210565000,147.0,23.0,8.5,70.0,,657,2018,2019
210575000,294.0,32.0,13.5,71.0,,388,2015,2015
210581000,229.0,32.0,14.6,70.0,,595,2016,2020
210589000,229.0,32.0,7.4,70.0,,462,2023,2023
210603000,140.0,22.0,6.0,89.0,,991,2024,2025
210604000,294.0,32.0,12.7,74.0,,769,2025,2025
210610000,335.0,43.0,11.9,70.0,,913,2025,2025
210623000,184.0,25.0,7.5,70.0,,2539,2015,2017
210638000,189.0,,,70.0,,2885,2018,2022
210655000,198.0,32.0,12.7,70.0,,51,2022,2022
210725000,229.0,38.0,14.9,70.0,,362,2016,2016
210728000,294.0,32.0,13.5,70.0,,3272,2016,2020
210739000,249.0,44.0,14.7,81.0,,735,2016,2016
210740000,139.0,22.0,8.8,70.0,,3380,2018,2025
210749000,147.0,23.0,8.5,70.0,,385,2020,2023
210763000,179.0,30.0,10.0,70.0,,951,2020,2022
210777000,171.0,27.0,10.4,70.0,,2025,2015,2021
210786000,183.0,29.0,10.8,70.0,,1881,2015,2019
210798000,108.0,18.0,7.01,70.0,,306,2015,2015
210815000,160.0,27.0,9.8,70.0,,1906,2015,2018
210819000,268.0,32.0,12.5,71.0,,218,2016,2017
210843000,160.0,27.0,9.8,71.0,,899,2016,2017
210872000,225.0,32.0,14.0,70.0,,171,2022,2022
210875000,229.0,37.0,14.7,70.0,,602,2018,2025
210881000,108.0,18.0,7.3,70.0,,204,2015,2015
210905000,166.0,25.0,9.5,70.0,,2150,2021,2024
210911000,228.0,32.0,14.6,70.0,,453,2020,2020
210925000,169.0,27.0,7.8,70.0,,237,2022,2022
210945000,333.0,60.0,15.8,89.0,,472,2025,2025
210950000,166.0,25.0,9.5,70.0,,4244,2016,2021
210959000,100.0,17.0,4.8,70.0,,3712,2018,2025
210963000,229.0,32.0,14.5,70.0,,477,2021,2021
210969000,180.0,30.0,8.1,70.0,,467,2025,2025
210971000,134.0,20.0,5.8,80.0,,1158,2025,2025
210989000,186.0,30.0,11.5,70.0,,1263,2016,2016
210998000,160.0,27.0,9.8,71.0,,2595,2015,2022
211140000,272.0,40.0,13.2,70.0,,996,2017,2018
211208940,294.0,32.0,11.1,79.0,,252,2015,2015
211256150,208.0,30.0,8.5,71.0,,678,2021,2022
211262460,294.0,32.0,11.3,79.0,,1461,2015,2016
211262630,295.0,32.0,,79.0,,72,2016,2016
211311970,293.0,32.0,13.6,70.0,,1525,2015,2022
211327410,294.0,32.0,13.57,79.0,,1325,2015,2018
211331640,294.0,32.0,13.6,79.0,,2083,2016,2022
211335760,293.0,32.0,13.6,70.0,,1146,2019,2022
211349370,208.0,31.0,8.2,71.0,,82,2015,2015
211362460,320.0,42.0,14.5,70.0,,1854,2015,2021
211367460,320.0,43.0,14.5,70.0,,1999,2015,2020
211378800,300.0,40.0,11.3,79.0,,1485,2015,2015
211382280,320.0,43.0,14.52,79.0,,692,2015,2015
211387390,320.0,43.0,14.5,79.0,,451,2015,2015
211433000,335.0,42.0,14.6,70.0,,1929,2018,2021
211549000,366.0,48.0,12.4,71.0,,2290,2021,2025
211577000,160.0,28.0,8.8,79.0,,821,2025,2025
211578000,366.0,48.0,15.5,70.0,,1437,2021,2023
211611000,272.0,40.0,13.2,70.0,,1196,2015,2017
211691000,272.0,40.0,13.2,70.0,,1622,2015,2018
211693000,332.0,43.0,14.5,74.0,,811,2016,2019
211738000,272.0,40.0,13.2,70.0,,659,2016,2016
211744000,332.0,43.0,14.5,70.0,,824,2020,2021
211771000,272.0,40.0,13.2,70.0,,619,2017,2017
211776000,335.0,43.0,14.6,79.0,,1365,2016,2020
211779000,300.0,40.0,14.5,70.0,,2992,2017,2023
211781000,300.0,40.0,14.5,79.0,,1867,2016,2017
211782000,300.0,40.0,14.5,79.0,,587,2016,2016
211801000,300.0,40.0,14.5,79.0,,2285,2016,2018
211829000,334.0,42.0,,71.0,,468,2015,2015
211839000,336.0,42.0,14.6,70.0,,7034,2015,2024
212040000,182.0,28.0,10.8,70.0,,2669,2019,2025
212049000,185.0,23.0,10.4,70.0,,511,2019,2023
212054000,288.0,45.0,17.7,70.0,,470,2022,2022
212060000,255.0,43.0,14.5,70.0,,432,2020,2020
212072000,132.0,19.0,7.7,70.0,,1381,2018,2021
212084000,228.0,32.0,14.4,80.0,,465,2017,2017
212085000,182.0,32.0,8.4,80.0,,207,2015,2015
212093000,185.0,23.0,7.9,70.0,,129,2025,2025
212122000,199.0,32.0,6.7,70.0,,909,2019,2025
212125000,171.0,27.0,10.4,70.0,,1638,2015,2025
212131000,228.0,36.0,14.1,70.0,,95,2018,2018
212139000,235.0,38.0,14.4,79.0,,158,2016,2016
212150000,260.0,32.0,12.6,74.0,,1184,2016,2016
212151000,347.0,45.0,15.5,70.0,,2827,2016,2019
212175000,334.0,43.0,14.5,70.0,,3414,2016,2024
212185000,194.0,,,70.0,,1765,2019,2019
212205000,181.0,28.0,9.0,70.0,,499,2025,2025
212210000,190.0,32.0,11.6,70.0,,452,2025,2025
212215000,184.0,23.0,10.4,70.0,,453,2020,2020
212218000,183.0,32.0,10.8,80.0,,277,2015,2015
212236000,196.0,30.0,11.0,71.0,,20,2016,2016
212250000,225.0,32.0,7.2,70.0,,21,2021,2021
212258000,180.0,30.0,9.8,70.0,,1384,2016,2018
212272000,189.0,32.0,12.6,70.0,,770,2021,2021
212275000,171.0,28.0,10.6,70.0,,2344,2019,2025
212276000,259.0,32.0,12.6,70.0,,660,2023,2024
212280000,200.0,28.0,11.0,79.0,,895,2015,2015
212282000,224.0,32.0,14.4,70.0,,925,2018,2022
212287000,160.0,27.0,9.8,70.0,,1152,2017,2018
212300000,179.0,30.0,10.0,70.0,,390,2018,2019
212301000,179.0,30.0,10.0,70.0,,829,2018,2025
212314000,159.0,27.0,9.8,70.0,,1548,2015,2019
212337000,185.0,23.0,10.4,70.0,,238,2018,2018
212347000,303.0,40.0,14.0,70.0,,1719,2015,2022
212348000,303.0,40.0,14.0,70.0,,3191,2016,2024
212350000,304.0,40.0,14.0,70.0,,3302,2015,2024
212351000,303.0,40.0,14.5,70.0,,1702,2018,2022
212352000,220.0,32.0,12.2,70.0,,490,2021,2021
212353000,303.0,40.0,14.0,70.0,,2518,2015,2021
212363000,154.0,26.0,9.5,70.0,,4016,2016,2020
212366000,182.0,30.0,10.0,70.0,,36,2019,2019
212370000,99.0,16.0,5.9,70.0,,2035,2015,2024
212372000,185.0,23.0,10.4,70.0,,1260,2017,2024
212384000,229.0,32.0,14.55,70.0,,469,2015,2015
212389000,154.0,26.0,9.5,70.0,,225,2016,2016
212403000,229.0,38.0,8.2,70.0,,481,2025,2025
212416000,294.0,32.0,13.65,79.0,,468,2015,2017
212425000,186.0,30.0,11.46,79.0,,35,2015,2015
212426000,199.0,32.0,13.0,70.0,,135,2025,2025
212439000,182.0,28.0,10.8,70.0,,3640,2018,2024
212450000,184.0,23.0,10.4,70.0,,437,2019,2019
212451000,197.0,33.0,6.9,70.0,,226,2024,2024
212452000,224.0,32.0,9.0,70.0,,478,2024,2024
212460000,225.0,,,70.0,,164,2019,2019
212498000,225.0,32.0,14.4,70.0,,236,2023,2023
212505000,273.0,48.0,9.0,80.0,,4,2025,2025
212510000,225.0,32.0,10.1,70.0,,909,2024,2024
212522000,182.0,32.0,12.0,80.0,,464,2018,2018
212533000,190.0,32.0,11.7,70.0,,1392,2018,2025
212582000,199.0,,11.0,70.0,,402,2024,2024
212583000,200.0,32.0,8.4,70.0,,475,2025,2025
212587000,185.0,30.0,8.8,71.0,,478,2023,2023
212598000,100.0,16.0,6.39,71.0,,1080,2015,2015
212602000,154.0,26.0,9.7,70.0,,3215,2015,2020
212642000,332.0,43.0,12.3,70.0,,709,2025,2025
212643000,154.0,26.0,9.7,70.0,,965,2015,2018
212656000,183.0,33.0,10.5,80.0,,1637,2022,2025
212659000,195.0,32.0,9.0,70.0,,1297,2021,2025
212669000,160.0,27.0,9.8,70.0,,827,2023,2024
212679000,225.0,33.0,8.9,70.0,,472,2025,2025
212684000,229.0,32.0,14.4,70.0,,412,2017,2017
212712000,180.0,30.0,9.0,70.0,,812,2021,2024
212714000,260.0,32.0,12.6,70.0,,921,2015,2021
212715000,189.0,,,70.0,,943,2021,2022
212722000,182.0,32.0,7.5,80.0,,377,2016,2016
212723000,121.0,18.0,4.4,70.0,,948,2023,2023
212728000,178.0,26.0,9.7,70.0,,438,2018,2018
212745000,235.0,32.0,8.6,70.0,,269,2019,2019
212746000,332.0,44.0,11.0,74.0,,459,2025,2025
212773000,200.0,24.0,10.7,79.0,,434,2017,2023
212775000,190.0,32.0,11.2,70.0,,64,2024,2024
212789000,264.0,32.0,12.75,79.0,,1722,2015,2017
212790000,134.0,21.0,7.9,70.0,,352,2018,2018
212814000,195.0,32.0,9.6,74.0,,430,2021,2025
212865000,196.0,30.0,11.0,72.0,,177,2015,2016
212871000,229.0,32.0,13.2,89.0,,1137,2015,2018
212891000,200.0,24.0,10.7,70.0,,890,2016,2021
212911000,224.0,32.0,14.1,70.0,,701,2020,2020
212914000,229.0,32.0,14.4,70.0,,150,2017,2017
212917000,166.0,25.0,9.5,70.0,,6742,2016,2025
212954000,190.0,32.0,10.5,70.0,,597,2021,2021
212970000,199.0,,,70.0,,53,2019,2019
214182516,90.0,13.0,4.3,70.0,,19427,2015,2022
214182626,90.0,13.0,4.3,70.0,,11517,2016,2022
214182695,86.0,13.0,3.7,70.0,,3893,2021,2022
214182782,90.0,14.0,4.1,70.0,,3242,2021,2022
215003000,183.0,32.0,8.5,80.0,,1934,2019,2024
215004000,183.0,32.0,7.6,89.0,,613,2022,2024
215025000,180.0,30.0,9.5,70.0,,187,2018,2019
215031000,190.0,32.0,6.7,79.0,,665,2018,2023
215032000,244.0,42.0,14.82,82.0,,253,2015,2015
215035000,195.0,25.0,10.7,70.0,,466,2019,2023
215044000,225.0,32.0,6.9,70.0,,432,2024,2024
215052000,183.0,32.0,7.9,89.0,,2328,2020,2025
215069000,229.0,38.0,7.8,70.0,,423,2021,2021
215070000,183.0,32.0,11.0,80.0,,509,2020,2024
215071000,183.0,32.0,7.8,80.0,,3296,2019,2023
215077000,232.0,36.0,7.9,89.0,,1010,2025,2025
215083000,189.0,32.0,12.0,70.0,,627,2019,2019
215094000,190.0,32.0,11.4,70.0,,441,2019,2019
215120000,180.0,30.0,9.9,70.0,,1132,2018,2018
215122000,183.0,32.0,11.3,80.0,,112,2023,2023
215125000,366.0,49.0,14.4,72.0,,894,2022,2024
215126000,366.0,48.0,13.2,71.0,,960,2021,2023
215127000,104.0,16.0,13.2,70.0,,652,2019,2025
215131000,363.0,46.0,13.4,71.0,,1047,2021,2023
215137000,366.0,48.0,13.2,71.0,,2615,2021,2025
215139000,195.0,25.0,10.7,70.0,,835,2022,2022
215143000,171.0,27.0,10.0,70.0,,78,2017,2017
215146000,170.0,27.0,6.8,71.0,,471,2025,2025
215154000,366.0,52.0,13.2,71.0,,1225,2023,2023
215158000,366.0,51.0,12.1,71.0,,2444,2021,2023
215159000,295.0,33.0,10.7,71.0,,1601,2022,2025
215164000,364.0,46.0,13.5,71.0,,1055,2021,2023
215165000,294.0,33.0,11.3,71.0,,1183,2020,2021
215172000,274.0,48.0,17.1,80.0,,310,2019,2019
215175000,295.0,33.0,11.7,71.0,,744,2022,2025
215181000,366.0,48.0,12.7,71.0,,1132,2021,2025
215182000,183.0,32.0,13.2,80.0,,1459,2015,2021
215183000,294.0,32.0,9.6,71.0,,1035,2021,2025
215185000,299.0,40.0,12.8,71.0,,1806,2021,2023
215187000,294.0,32.0,11.2,70.0,,1023,2024,2025
215189000,294.0,32.0,11.3,71.0,,1193,2021,2025
215190000,188.0,27.0,11.3,70.0,,1842,2016,2021
215192000,363.0,46.0,13.1,79.0,,1948,2021,2023
215193000,183.0,32.0,13.2,80.0,,691,2020,2023
215194000,124.0,17.0,7.2,89.0,,248,2016,2016
215196000,364.0,46.0,12.5,71.0,,1423,2021,2025
215197000,366.0,48.0,14.4,71.0,,1291,2021,2025
215209000,189.0,32.0,11.9,70.0,,532,2018,2018
215215000,299.0,40.0,11.6,71.0,,1118,2023,2025
215219000,396.0,54.0,13.5,71.0,,2168,2021,2023
215225000,364.0,46.0,12.7,71.0,,553,2024,2024
215226000,179.0,30.0,9.9,70.0,,1443,2021,2025
215228000,179.0,30.0,9.8,70.0,,667,2022,2023
215230000,294.0,32.0,11.4,70.0,,848,2021,2025
215240000,294.0,32.0,11.2,71.0,,1663,2021,2025
215249000,363.0,44.0,10.9,71.0,,1370,2022,2023
215251000,172.0,26.0,14.9,70.0,,2814,2019,2025
215280000,228.0,32.0,14.4,70.0,,98,2019,2019
215293000,334.0,42.0,12.5,71.0,,900,2020,2025
215295000,190.0,32.0,11.93,70.0,,477,2015,2015
215307000,249.0,44.0,12.0,80.0,,467,2020,2020
215312000,190.0,32.0,6.9,70.0,,459,2022,2022
215317000,187.0,30.0,10.8,70.0,,918,2019,2022
215322000,182.0,32.0,6.7,89.0,,1447,2022,2022
215331000,366.0,51.0,14.0,70.0,,1675,2021,2024
215346000,366.0,51.0,13.9,74.0,,2050,2022,2024
215347000,366.0,51.0,14.4,71.0,,2981,2021,2025
215352000,366.0,51.0,13.4,70.0,,336,2022,2024
215354000,365.0,51.0,14.1,71.0,,4591,2021,2025
215390000,195.0,32.0,13.0,70.0,,232,2022,2022
215391000,188.0,28.0,11.3,71.0,,1831,2016,2017
215401000,250.0,44.0,8.8,80.0,,471,2019,2019
215436000,180.0,26.0,7.7,81.0,,887,2021,2025
215438000,188.0,27.0,11.3,70.0,,2101,2018,2019
215454000,291.0,45.0,17.8,79.0,,200,2017,2017
215459000,154.0,21.0,,70.0,,939,2020,2020
215460000,122.0,19.0,4.9,80.0,,427,2020,2020
215464000,183.0,32.0,13.2,80.0,,1664,2018,2023
215470000,182.0,32.0,7.3,80.0,,375,2021,2021
215475000,190.0,32.0,10.8,70.0,,460,2022,2022
215478000,130.0,24.0,9.4,82.0,,506,2020,2022
215481000,174.0,28.0,7.2,83.0,,477,2015,2015
215485000,334.0,42.0,14.7,70.0,,2833,2015,2025
215487000,180.0,32.0,7.8,89.0,,500,2021,2024
215493000,300.0,48.0,10.9,71.0,,964,2021,2021
215497000,249.0,44.0,15.0,89.0,,836,2016,2016
215507000,157.0,7.0,,70.0,,63,2021,2021
215509000,250.0,44.0,11.8,80.0,,275,2022,2022
215535000,243.0,42.0,14.9,80.0,,584,2020,2020
215536000,190.0,28.0,11.1,70.0,,131,2025,2025
215539000,186.0,30.0,11.5,70.0,,222,2022,2022
215544000,237.0,44.0,11.2,80.0,,833,2021,2024
215555000,183.0,32.0,12.2,80.0,,362,2015,2018
215558000,354.0,46.0,13.5,71.0,,1040,2024,2024
215560000,369.0,51.0,14.6,71.0,,2724,2022,2025
215561000,265.0,32.0,8.4,71.0,,93,2022,2022
215564000,179.0,28.0,10.1,70.0,,362,2023,2023
215572000,183.0,32.0,12.2,84.0,,221,2017,2017
215639000,255.0,43.0,13.6,70.0,,5390,2020,2023
215640000,294.0,32.0,11.8,70.0,,814,2021,2021
215654000,199.0,32.0,14.4,70.0,,836,2017,2022
215657000,347.0,46.0,13.7,71.0,,440,2021,2021
215662000,190.0,32.0,7.0,70.0,,1227,2021,2024
215672000,190.0,32.0,6.8,70.0,,461,2022,2022
215676000,229.0,32.0,14.5,70.0,,889,2019,2020
215677000,229.0,32.0,14.5,70.0,,1096,2018,2021
215679000,229.0,32.0,14.5,70.0,,1969,2018,2023
215693000,232.0,36.0,8.0,89.0,,1344,2021,2024
215724000,294.0,32.0,13.5,70.0,,98,2018,2018
215735000,190.0,32.0,12.5,70.0,,471,2017,2017
215744000,183.0,32.0,8.4,80.0,,369,2021,2024
215765000,366.0,51.0,12.5,70.0,,498,2023,2023
215767000,225.0,32.0,13.9,70.0,,943,2023,2025
215771000,294.0,32.0,13.5,70.0,,426,2018,2020
215782000,243.0,42.0,14.9,80.0,,470,2019,2019
215797000,236.0,32.0,12.0,70.0,,3877,2020,2025
215800000,296.0,38.0,9.7,71.0,,4346,2021,2025
215801000,295.0,37.0,10.2,71.0,,3246,2021,2024
215804000,296.0,37.0,9.7,70.0,,3502,2021,2025
215809000,296.0,37.0,10.1,74.0,,2240,2021,2025
215810000,243.0,42.0,14.9,80.0,,826,2018,2020
215824000,189.0,32.0,12.8,70.0,,463,2021,2021
215845000,277.0,48.0,9.4,80.0,,438,2025,2025
215849000,229.0,32.0,7.7,70.0,,459,2025,2025
215850000,224.0,32.0,14.3,70.0,,45,2020,2020
215853000,288.0,45.0,17.8,70.0,,477,2021,2021
215869000,180.0,30.0,7.0,79.0,,1906,2021,2025
215871000,182.0,27.0,11.2,80.0,,459,2020,2020
215873000,190.0,32.0,12.0,70.0,,573,2023,2023
215874000,189.0,32.0,12.0,70.0,,934,2021,2024
215876000,180.0,30.0,8.1,70.0,,459,2023,2023
215877000,189.0,32.0,12.8,70.0,,459,2018,2018
215879000,350.0,43.0,12.1,74.0,,1011,2022,2025
215881000,224.0,32.0,13.2,70.0,,460,2025,2025
215887000,189.0,32.0,12.8,70.0,,689,2021,2021
215891000,210.0,30.0,11.5,70.0,,1235,2023,2025
215919000,237.0,44.0,12.2,80.0,,384,2024,2024
215923000,183.0,32.0,8.3,80.0,,945,2021,2024
215929000,188.0,28.0,11.3,70.0,,281,2016,2016
215930000,365.0,52.0,13.2,79.0,,64,2025,2025
215931000,183.0,32.0,12.0,80.0,,32,2025,2025
215935000,183.0,32.0,9.5,82.0,,616,2022,2023
215936000,183.0,32.0,10.7,80.0,,246,2021,2021
215938000,180.0,32.0,8.7,70.0,,476,2024,2024
215939000,183.0,32.0,8.2,80.0,,400,2024,2024
215948000,225.0,32.0,14.1,70.0,,467,2016,2016
215956000,180.0,28.0,10.3,80.0,,25,2023,2023
215965000,366.0,52.0,12.7,71.0,,2271,2021,2023
215971000,183.0,32.0,12.8,80.0,,378,2021,2021
215989000,250.0,44.0,12.8,80.0,,624,2024,2025
215992000,149.0,20.0,,70.0,,2174,2021,2022
218023000,280.0,32.0,12.5,70.0,,2643,2018,2021
218029000,332.0,44.0,,71.0,,1169,2015,2015
218042000,335.0,43.0,14.6,79.0,,6290,2015,2020
218060000,300.0,43.0,14.5,74.0,,279,2016,2016
218062000,300.0,42.0,12.2,79.0,,1889,2015,2015
218063000,335.0,42.0,14.6,70.0,,489,2020,2020
218068000,299.0,42.0,11.9,79.0,,854,2016,2016
218069000,335.0,42.0,12.3,79.0,,678,2015,2015
218070000,333.0,42.0,12.2,70.0,,352,2015,2015
218071000,299.0,42.0,12.6,79.0,,1615,2015,2016
218074000,334.0,42.0,12.6,79.0,,450,2015,2015
218092000,336.0,42.0,14.6,70.0,,1809,2018,2021
218132000,272.0,40.0,10.2,72.0,,457,2015,2015
218158000,335.0,42.0,14.5,70.0,,5288,2015,2022
218284000,336.0,43.0,14.5,79.0,,2363,2015,2020
218292000,200.0,32.0,7.3,89.0,,709,2024,2024
218350000,335.0,42.0,14.6,70.0,,971,2019,2023
218352000,335.0,42.0,14.6,70.0,,770,2020,2021
218355000,335.0,42.0,14.6,70.0,,4993,2017,2023
218361000,335.0,42.0,14.6,70.0,,1606,2017,2021
218400000,365.0,51.0,16.0,70.0,,474,2021,2021
218426000,366.0,48.0,12.2,71.0,,1343,2025,2025
218427000,366.0,48.0,12.0,71.0,,770,2023,2024
218433000,125.0,22.0,7.6,70.0,,956,2020,2023
218441000,366.0,51.0,13.6,71.0,,2168,2021,2023
218474000,366.0,48.0,15.5,70.0,,827,2019,2024
218509000,125.0,22.0,7.6,70.0,,666,2021,2022
218553000,152.0,20.0,7.1,79.0,,19,2021,2021
218582000,324.0,42.0,14.5,70.0,,1745,2015,2020
218614000,325.0,43.0,14.5,72.0,,1708,2015,2020
218629000,119.0,20.0,7.6,70.0,,1202,2021,2022
218643000,337.0,46.0,15.0,71.0,,2778,2016,2025
218650000,336.0,45.0,15.0,70.0,,5223,2016,2024
218744000,272.0,40.0,13.2,70.0,,605,2015,2016
218764000,272.0,40.0,13.2,70.0,,3526,2015,2018
218774000,366.0,48.0,15.5,70.0,,723,2022,2022
218776000,366.0,48.0,15.5,70.0,,3300,2021,2025
218791000,366.0,48.0,15.5,70.0,,4695,2018,2025
218811000,269.0,32.0,10.1,70.0,,779,2015,2016
218819000,366.0,51.0,13.5,71.0,,455,2023,2023
218820000,183.0,31.0,9.1,70.0,,1111,2018,2019
218821000,183.0,32.0,8.8,79.0,,162,2016,2016
218824714,348.0,42.0,12.2,71.0,,541,2020,2020
218826000,175.0,27.0,10.9,70.0,,1765,2018,2022
218829000,262.0,32.0,9.5,71.0,,440,2018,2018
218834000,222.0,30.0,9.0,71.0,,133,2022,2022
218838000,175.0,27.0,10.9,70.0,,127,2020,2020
218841000,324.0,42.0,14.5,70.0,,769,2019,2020
218842000,324.0,42.0,14.5,70.0,,1067,2019,2020
218843000,350.0,42.0,15.0,70.0,,646,2021,2023
218844000,350.0,42.0,15.0,70.0,,1264,2017,2023
218845000,350.0,42.0,12.1,71.0,,2040,2019,2025
218846000,350.0,42.0,15.0,70.0,,2655,2017,2022
218847000,270.0,40.0,13.5,70.0,,3790,2018,2024
218848000,337.0,46.0,,71.0,,1220,2016,2017
218853000,270.0,40.0,10.9,74.0,,2818,2021,2025
219000034,180.0,26.0,7.6,80.0,,2402,2018,2024
219005000,183.0,32.0,13.2,80.0,,115,2018,2018
219006000,183.0,32.0,13.2,80.0,,727,2019,2021
219014000,183.0,32.0,13.5,81.0,,1013,2015,2025
219021350,228.0,32.0,14.5,80.0,,300,2023,2023
219024344,299.0,48.0,11.3,70.0,,470,2022,2022
219025000,160.0,27.0,7.6,81.0,,969,2023,2024
219025316,183.0,32.0,11.6,80.0,,152,2023,2023
219027000,366.0,48.0,14.7,71.0,,750,2022,2023
219027688,200.0,32.0,6.5,70.0,,354,2021,2021
219027836,183.0,32.0,10.9,80.0,,395,2022,2022
219027839,183.0,32.0,10.9,80.0,,921,2021,2022
219027877,183.0,32.0,7.3,80.0,,1184,2021,2022
219027923,183.0,32.0,7.9,80.0,,2616,2021,2025
219028000,120.0,19.0,5.6,83.0,,1292,2019,2021
219028012,200.0,32.0,6.9,70.0,,135,2022,2022
219028013,200.0,32.0,7.5,70.0,,401,2021,2021
219028015,200.0,32.0,12.0,70.0,,627,2021,2023
219028042,196.0,32.0,10.9,70.0,,439,2022,2022
219028049,183.0,32.0,11.5,80.0,,477,2024,2024
219028212,97.0,16.0,5.6,70.0,,633,2021,2024
219028419,182.0,32.0,8.1,89.0,,899,2022,2024
219028420,182.0,32.0,7.3,89.0,,462,2021,2021
219028421,183.0,32.0,7.5,80.0,,849,2024,2025
219028422,182.0,32.0,11.2,89.0,,503,2023,2023
219028423,183.0,32.0,8.0,89.0,,355,2025,2025
219029208,229.0,32.0,13.5,70.0,,222,2022,2022
219029620,250.0,44.0,9.1,80.0,,105,2025,2025
219029762,332.0,44.0,10.6,72.0,,759,2022,2023
219030432,190.0,32.0,6.7,70.0,,507,2024,2024
219030705,183.0,32.0,7.5,80.0,,758,2024,2025
219030726,249.0,44.0,11.1,80.0,,740,2023,2025
219031000,366.0,48.0,14.1,71.0,,1607,2021,2023
219031114,180.0,30.0,7.1,70.0,,1749,2023,2025
219031231,180.0,30.0,9.2,70.0,,885,2022,2025
219031309,180.0,30.0,6.2,70.0,,178,2023,2023
219032189,189.0,33.0,10.7,70.0,,977,2023,2024
219032229,189.0,33.0,10.6,70.0,,1000,2024,2024
219032844,189.0,33.0,9.8,70.0,,90,2025,2025
219033000,366.0,48.0,12.3,70.0,,1755,2021,2023
219034952,183.0,32.0,11.3,80.0,,377,2025,2025
219034953,183.0,32.0,8.2,80.0,,210,2025,2025
219056000,366.0,48.0,14.8,71.0,,1488,2021,2022
219086000,300.0,43.0,9.7,74.0,,577,2022,2023
219120000,183.0,32.0,8.5,89.0,,1463,2018,2022
219124000,175.0,29.0,9.9,80.0,,407,2024,2024
219127000,175.0,29.0,6.7,85.0,,839,2016,2024
219149000,183.0,32.0,7.7,80.0,,431,2022,2022
219151000,134.0,22.0,6.6,82.0,,3455,2018,2024
219152000,134.0,22.0,6.8,80.0,,4020,2019,2025
219153000,146.0,24.0,8.2,80.0,,1210,2021,2024
219154000,145.0,25.0,6.3,82.0,,1348,2021,2024
219155000,366.0,48.0,15.5,70.0,,728,2020,2022
219156000,146.0,24.0,7.1,89.0,,2587,2018,2022
219163000,275.0,48.0,11.6,89.0,,426,2023,2023
219180000,183.0,32.0,8.5,80.0,,1678,2022,2023
219185000,69.0,12.0,4.9,70.0,,55,2017,2017
219190000,183.0,32.0,11.8,89.0,,171,2025,2025
219192000,83.0,13.0,5.4,70.0,,1156,2019,2023
219198000,366.0,48.0,13.3,71.0,,2662,2021,2022
219207000,67.0,10.0,3.7,70.0,,11206,2015,2019
219208000,66.0,10.0,3.5,70.0,,21846,2015,2022
219209000,67.0,10.0,3.5,70.0,,910,2015,2025
219210000,367.0,49.0,13.4,71.0,,1123,2023,2024
219212000,94.0,15.0,6.3,70.0,,308,2023,2023
219216000,294.0,32.0,12.2,70.0,,282,2022,2022
219219000,292.0,32.0,13.5,70.0,,514,2018,2018
219221000,143.0,22.0,6.6,84.0,,372,2021,2021
219222000,130.0,18.0,7.6,80.0,,359,2024,2024
219227000,183.0,32.0,11.6,80.0,,817,2022,2023
219233000,127.0,20.0,5.9,80.0,,407,2015,2015
219239000,185.0,32.0,7.8,80.0,,173,2020,2020
219242000,183.0,32.0,11.8,80.0,,611,2018,2021
219249000,183.0,32.0,10.9,89.0,,305,2025,2025
219253000,184.0,32.0,11.5,80.0,,513,2025,2025
219254000,184.0,33.0,11.0,80.0,,376,2024,2025
219256000,184.0,33.0,8.3,84.0,,582,2024,2024
219258000,366.0,48.0,11.2,71.0,,31,2021,2021
219265000,183.0,32.0,10.6,89.0,,553,2023,2025
219269000,183.0,32.0,12.2,89.0,,537,2015,2015
219273000,176.0,28.0,10.2,83.0,,223,2015,2015
219274000,183.0,32.0,8.4,80.0,,1114,2021,2025
219278000,180.0,35.0,6.9,89.0,,18,2022,2022
219284000,177.0,28.0,10.22,89.0,,396,2015,2015
219287000,146.0,23.0,7.4,84.0,,839,2020,2025
219289000,183.0,32.0,12.6,80.0,,1040,2021,2021
219290000,183.0,32.0,12.6,80.0,,1659,2016,2020
219303000,183.0,32.0,8.6,80.0,,308,2022,2022
219310000,182.0,32.0,8.0,89.0,,358,2024,2025
219312000,274.0,49.0,9.5,89.0,,323,2025,2025
219314000,274.0,49.0,9.5,89.0,,384,2023,2023
219349000,183.0,32.0,8.2,89.0,,287,2022,2022
219351000,183.0,32.0,10.6,80.0,,471,2022,2022
219356000,182.0,32.0,11.6,80.0,,784,2020,2022
219357000,183.0,32.0,10.0,80.0,,321,2023,2023
219361000,368.0,51.0,12.6,71.0,,241,2021,2021
219363000,69.0,11.0,4.9,70.0,,649,2017,2023
219377000,183.0,32.0,11.0,80.0,,212,2025,2025
219383000,183.0,32.0,10.4,80.0,,725,2024,2025
219393000,183.0,32.0,8.0,89.0,,164,2021,2021
219398000,183.0,32.0,13.0,80.0,,1399,2019,2022
219406000,183.0,32.0,8.5,80.0,,889,2024,2025
219407000,182.0,32.0,8.4,80.0,,119,2025,2025
219409000,183.0,32.0,8.0,80.0,,716,2022,2025
219412000,185.0,32.0,8.0,89.0,,462,2025,2025
219413000,183.0,32.0,7.4,80.0,,1168,2022,2024
219414000,183.0,32.0,13.0,80.0,,1493,2018,2023
219415000,183.0,32.0,7.5,89.0,,346,2023,2023
219426000,99.0,15.0,5.8,80.0,,431,2024,2024
219432000,129.0,19.0,8.0,80.0,,433,2022,2022
219452000,183.0,32.0,7.8,80.0,,641,2022,2024
219466000,183.0,32.0,11.2,89.0,,419,2021,2021
219471000,229.0,32.0,10.6,70.0,,483,2023,2023
219473000,119.0,17.0,6.74,82.0,,306,2015,2020
219476000,346.0,42.0,14.9,70.0,,508,2019,2020
219479000,120.0,17.0,6.7,82.0,,950,2016,2017
219484000,183.0,32.0,13.0,80.0,,809,2022,2025
219487000,183.0,32.0,13.0,80.0,,1351,2016,2022
219488000,183.0,32.0,12.6,89.0,,680,2015,2016
219490000,228.0,32.0,13.6,80.0,,138,2024,2024
219496000,229.0,33.0,8.9,80.0,,427,2023,2023
219499000,228.0,32.0,12.5,89.0,,381,2023,2023
219502000,228.0,32.0,8.3,89.0,,123,2025,2025
219510000,300.0,46.0,13.1,71.0,,413,2025,2025
219544000,72.0,12.0,4.9,71.0,,1821,2015,2025
219550000,180.0,30.0,10.7,70.0,,46,2025,2025
219558000,143.0,22.0,6.3,84.0,,39,2020,2020
219568000,186.0,32.0,7.2,89.0,,169,2015,2015
219582000,175.0,29.0,9.6,70.0,,445,2019,2019
219587000,292.0,32.0,13.5,71.0,,7,2017,2017
219594000,176.0,29.0,9.6,70.0,,829,2016,2017
219602000,183.0,33.0,9.3,89.0,,1589,2022,2024
219603000,183.0,32.0,12.0,89.0,,129,2024,2024
219605000,183.0,32.0,11.2,89.0,,162,2024,2024
219607000,175.0,29.0,9.6,70.0,,388,2018,2018
219617000,175.0,29.0,9.6,70.0,,560,2018,2018
219625000,183.0,32.0,11.2,89.0,,662,2024,2025
219626000,185.0,32.0,8.0,80.0,,748,2025,2025
219638000,183.0,32.0,8.0,80.0,,31,2025,2025
219641000,183.0,32.0,10.0,80.0,,431,2025,2025
219652000,100.0,16.0,5.3,80.0,,453,2024,2025
219671000,172.0,27.0,7.6,80.0,,2137,2019,2025
219672000,159.0,,,80.0,,1124,2018,2019
219674000,159.0,26.0,11.0,80.0,,1031,2021,2023
219683000,159.0,26.0,11.0,80.0,,592,2022,2023
219696000,119.0,20.0,7.6,70.0,,83,2019,2019
219830000,146.0,23.0,6.2,84.0,,1517,2022,2025
219857000,198.0,30.0,11.2,70.0,,457,2020,2020
219882000,346.0,42.0,14.9,70.0,,179,2018,2018
219947000,266.0,37.0,14.0,70.0,,2040,2020,2020
219979000,266.0,37.0,14.0,70.0,,310,2021,2021
219981000,266.0,37.0,14.0,70.0,,509,2020,2020
219982000,216.0,32.0,12.3,70.0,,30,2020,2020
220005000,266.0,37.0,14.0,70.0,,908,2020,2020
220061000,346.0,42.0,14.5,70.0,,3994,2015,2025
220129000,346.0,42.0,15.0,70.0,,1549,2019,2025
220164000,346.0,42.0,15.0,70.0,,2685,2019,2025
220187000,352.0,43.0,15.0,70.0,,3868,2015,2023
220198000,237.0,32.0,12.0,70.0,,868,2020,2021
220199000,352.0,42.0,15.0,70.0,,545,2018,2018
220206000,352.0,42.0,15.0,70.0,,3056,2018,2022
220207000,237.0,32.0,12.0,70.0,,3902,2015,2025
220216000,237.0,32.0,12.0,70.0,,662,2019,2020
220221000,352.0,42.0,15.0,70.0,,2753,2015,2023
220237000,228.0,32.0,14.4,80.0,,1040,2018,2022
220245000,352.0,42.0,15.0,70.0,,982,2020,2023
220258000,228.0,32.0,14.4,80.0,,140,2018,2018
220263000,352.0,42.0,15.0,70.0,,4254,2015,2021
220291000,266.0,37.0,14.0,70.0,,298,2022,2022
220301000,183.0,32.0,12.2,89.0,,360,2015,2017
220379000,367.0,42.0,15.0,70.0,,3587,2015,2022
220396000,183.0,32.0,12.2,80.0,,618,2015,2016
220397000,367.0,42.0,15.0,70.0,,3088,2015,2025
220402000,183.0,32.0,12.0,80.0,,476,2016,2019
220413000,367.0,42.0,15.0,70.0,,5210,2016,2024
220414000,367.0,43.0,15.0,71.0,,3511,2015,2025
220415000,366.0,42.0,15.0,70.0,,6683,2016,2025
220416000,366.0,42.0,15.0,70.0,,2952,2018,2025
220456000,175.0,30.0,7.0,80.0,,523,2015,2015
220465000,224.0,32.0,14.3,70.0,,451,2018,2018
220477000,397.0,56.0,16.0,70.0,,465,2018,2018
220480000,175.0,29.0,9.5,80.0,,8,2019,2019
220503000,397.0,56.0,16.0,70.0,,433,2018,2018
220555000,183.0,32.0,12.4,80.0,,852,2016,2023
220556000,182.0,27.0,11.2,80.0,,402,2017,2021
220557000,182.0,32.0,12.7,80.0,,231,2019,2019
220558000,182.0,32.0,12.7,80.0,,184,2018,2018
220560000,183.0,32.0,12.2,80.0,,286,2017,2022
220561000,183.0,32.0,12.2,80.0,,829,2017,2022
220565000,183.0,32.0,12.2,80.0,,405,2015,2016
220566000,183.0,32.0,12.2,80.0,,836,2016,2020
220570000,183.0,27.0,10.6,81.0,,7,2017,2017
220593000,366.0,42.0,15.5,70.0,,1616,2019,2021
220594000,366.0,42.0,15.5,70.0,,1856,2019,2022
220595000,366.0,42.0,15.5,70.0,,2939,2015,2023
220596000,366.0,42.0,15.5,70.0,,1245,2022,2023
220597000,366.0,42.0,15.5,70.0,,5229,2018,2023
220598000,366.0,42.0,15.5,70.0,,2463,2017,2023
220602000,245.0,42.0,9.5,89.0,,361,2025,2025
220603000,183.0,32.0,13.5,80.0,,507,2018,2025
220620000,183.0,32.0,13.5,80.0,,1919,2018,2024
220634000,183.0,32.0,13.5,80.0,,996,2019,2022
220635000,183.0,32.0,11.7,80.0,,1616,2021,2025
220638000,184.0,27.0,11.3,80.0,,385,2019,2019
220640000,292.0,32.0,13.5,70.0,,1688,2018,2019
220644000,129.0,20.0,8.2,80.0,,804,2019,2024
224072000,289.0,45.0,11.7,80.0,,176,2025,2025
224152000,284.0,42.0,12.3,80.0,,346,2020,2020
224263000,284.0,42.0,12.3,80.0,,59,2022,2022
224606000,284.0,42.0,12.3,80.0,,440,2022,2022
226099000,184.0,27.0,7.4,89.0,,80,2020,2020
226320000,175.0,27.0,9.6,71.0,,48,2015,2015
226324000,170.0,27.0,7.3,71.0,,363,2024,2024
226325000,277.0,40.0,14.5,70.0,,1512,2018,2020
226333000,332.0,60.0,22.6,89.0,,3,2017,2017
228020700,125.0,26.0,4.8,79.0,,1020,2022,2025
228025700,126.0,20.0,5.5,70.0,,460,2020,2020
228032900,396.0,54.0,12.7,79.0,,475,2021,2021
228037800,183.0,32.0,13.3,80.0,,464,2023,2023
228059600,333.0,60.0,11.0,80.0,,231,2022,2022
228071000,224.0,36.0,11.72,80.0,,457,2015,2015
228071700,225.0,,,80.0,,385,2019,2019
228075700,333.0,,,80.0,,410,2019,2019
228084000,154.0,24.0,6.6,70.0,,974,2021,2022
228313800,334.0,42.0,15.0,70.0,,1270,2017,2021
228315600,365.0,51.0,15.5,70.0,,810,2019,2020
228316800,366.0,52.0,10.2,79.0,,904,2019,2020
228329800,183.0,32.0,13.08,89.0,,717,2015,2015
228333700,290.0,43.0,11.6,81.0,,59,2017,2017
228335900,334.0,42.0,14.5,70.0,,4219,2019,2024
228337900,334.0,42.0,15.0,70.0,,4013,2017,2023
228338600,334.0,42.0,14.5,70.0,,1787,2018,2020
228339600,334.0,42.0,15.0,70.0,,1867,2018,2024
228340900,334.0,42.0,14.5,70.0,,3813,2018,2024
228342900,349.0,42.0,15.0,70.0,,1832,2018,2024
228343900,349.0,42.0,14.5,70.0,,420,2018,2018
228348900,349.0,42.0,15.0,70.0,,984,2020,2020
228353600,334.0,42.0,14.5,70.0,,3203,2017,2023
228354600,349.0,43.0,12.9,71.0,,2028,2015,2024
228368900,334.0,43.0,12.2,71.0,,866,2019,2020
228376700,22.0,6.0,4.2,79.0,,1116,2021,2022
228391700,293.0,46.0,9.9,80.0,,183,2021,2021
228406700,230.0,36.0,8.0,80.0,,665,2023,2024
228406800,229.0,36.0,7.7,80.0,,1865,2022,2025
228409900,366.0,51.0,11.1,74.0,,105,2023,2023
228410700,366.0,51.0,12.3,71.0,,138,2024,2024
228427800,336.0,60.0,20.4,80.0,,389,2025,2025
228434800,336.0,60.0,15.8,80.0,,247,2025,2025
228444700,299.0,47.0,9.1,80.0,,457,2024,2024
228451700,194.0,32.0,10.8,70.0,,138,2024,2024
228458700,330.0,60.0,14.2,80.0,,158,2024,2024
228468900,268.0,44.0,11.2,79.0,,87,2024,2025
228478900,272.0,43.0,12.6,71.0,,474,2025,2025
228479700,272.0,43.0,13.9,71.0,,380,2025,2025
228479800,272.0,43.0,13.1,70.0,,431,2025,2025
229011000,189.0,28.0,10.4,70.0,,85,2018,2018
229033000,181.0,30.0,9.9,70.0,,604,2018,2023
229046000,249.0,44.0,14.7,80.0,,459,2022,2022
229054000,261.0,32.0,10.0,71.0,,1024,2022,2024
229062000,290.0,45.0,8.7,70.0,,513,2023,2023
229068000,253.0,43.0,13.6,70.0,,907,2018,2021
229079000,183.0,32.0,13.2,80.0,,1407,2018,2022
229081000,189.0,32.0,12.8,70.0,,1842,2018,2023
229084000,182.0,32.0,12.6,80.0,,140,2020,2020
229085000,180.0,32.0,12.5,80.0,,714,2015,2017
229089000,159.0,24.0,9.8,70.0,,476,2018,2019
229101000,179.0,28.0,9.8,70.0,,963,2017,2017
229125000,229.0,32.0,14.5,70.0,,460,2022,2022
229135000,189.0,32.0,12.8,70.0,,476,2021,2021
229141000,190.0,32.0,11.7,70.0,,322,2019,2025
229145000,186.0,32.0,13.0,84.0,,39,2016,2016
229148000,229.0,38.0,14.9,70.0,,406,2018,2018
229158000,199.0,32.0,13.3,70.0,,96,2020,2020
229159000,199.0,32.0,13.3,70.0,,626,2018,2023
229161000,229.0,36.0,14.3,70.0,,194,2022,2022
229178000,229.0,32.0,14.5,70.0,,86,2020,2020
229190000,396.0,54.0,13.8,70.0,,826,2021,2022
229196000,189.0,28.0,10.5,70.0,,528,2015,2018
229199000,186.0,27.0,11.5,70.0,,415,2025,2025
229200000,186.0,27.0,10.9,70.0,,391,2022,2022
229202000,187.0,27.0,10.9,70.0,,590,2021,2024
229203000,187.0,27.0,10.9,70.0,,603,2021,2022
229204000,186.0,28.0,6.2,70.0,,260,2025,2025
229206000,190.0,32.0,12.0,70.0,,441,2016,2016
229208000,183.0,32.0,12.9,89.0,,1051,2016,2018
229212000,292.0,45.0,18.3,70.0,,467,2019,2019
229215000,180.0,30.0,9.9,70.0,,577,2019,2020
229218000,199.0,32.0,13.3,70.0,,262,2019,2020
229219000,199.0,32.0,13.3,70.0,,418,2018,2018
229220000,199.0,32.0,13.3,70.0,,475,2022,2022
229221000,199.0,32.0,13.3,70.0,,1494,2019,2022
229236000,185.0,23.0,9.8,70.0,,338,2020,2020
229247000,189.0,26.0,10.5,70.0,,1526,2016,2017
229265000,210.0,36.0,12.8,70.0,,394,2018,2018
229266000,179.0,28.0,10.2,70.0,,354,2023,2023
229267000,229.0,38.0,14.9,70.0,,257,2019,2019
229271000,282.0,32.0,13.0,71.0,,653,2015,2016
229272000,250.0,44.0,14.93,81.0,,380,2015,2015
229273000,183.0,32.0,8.0,80.0,,315,2023,2025
229283000,229.0,32.0,14.4,70.0,,1248,2023,2023
229285000,229.0,32.0,14.4,70.0,,637,2021,2021
229289000,183.0,32.0,13.2,80.0,,466,2021,2021
229305000,229.0,32.0,14.4,70.0,,208,2020,2020
229315000,179.0,32.0,12.0,80.0,,39,2018,2018
229316000,182.0,32.0,12.7,80.0,,684,2017,2021
229317000,179.0,32.0,12.0,80.0,,63,2015,2019
229319000,183.0,32.0,13.1,80.0,,138,2021,2021
229321000,366.0,51.0,14.4,71.0,,646,2022,2024
229323000,189.0,28.0,10.5,70.0,,1192,2019,2021
229324000,189.0,28.0,10.5,70.0,,1608,2020,2021
229326000,366.0,51.0,14.4,71.0,,270,2022,2022
229331000,334.0,43.0,12.8,71.0,,204,2024,2024
229338000,170.0,30.0,7.2,70.0,,475,2023,2023
229340000,210.0,30.0,10.3,70.0,,323,2023,2023
229343000,225.0,32.0,14.1,70.0,,37,2015,2015
229347000,228.0,32.0,14.4,70.0,,91,2018,2018
229353000,179.0,32.0,12.0,80.0,,439,2018,2018
229358000,185.0,30.0,11.6,70.0,,726,2022,2024
229364000,224.0,32.0,13.4,70.0,,468,2016,2016
229365000,183.0,32.0,13.2,80.0,,130,2019,2019
229373000,222.0,32.0,14.2,70.0,,698,2019,2022
229376000,189.0,32.0,12.8,70.0,,208,2022,2022
229384000,275.0,32.0,13.5,71.0,,877,2016,2016
229393000,366.0,51.0,12.0,71.0,,1038,2023,2024
229395000,189.0,32.0,12.9,70.0,,271,2023,2023
229399000,143.0,22.0,9.5,80.0,,421,2016,2016
229407000,183.0,32.0,13.1,80.0,,899,2020,2021
229410000,186.0,28.0,10.0,70.0,,1312,2020,2024
229411000,186.0,28.0,10.0,70.0,,842,2019,2022
229440000,294.0,32.0,13.52,71.0,,910,2015,2015
229446000,179.0,32.0,12.1,80.0,,1321,2016,2022
229449000,179.0,32.0,8.5,80.0,,808,2022,2025
229454000,366.0,51.0,13.3,71.0,,1153,2022,2024
229455000,304.0,40.0,11.2,71.0,,363,2016,2016
229462000,190.0,32.0,11.4,70.0,,1021,2023,2025
229464000,366.0,51.0,14.5,70.0,,673,2022,2023
229465000,149.0,23.0,8.5,70.0,,475,2023,2023
229467000,300.0,48.0,13.0,71.0,,1086,2019,2025
229469000,208.0,30.0,11.4,79.0,,540,2016,2017
229475000,116.0,20.0,5.6,80.0,,18,2022,2022
229478000,199.0,32.0,13.3,70.0,,704,2019,2019
229479000,229.0,32.0,10.6,74.0,,194,2022,2022
229486000,189.0,32.0,12.8,70.0,,237,2021,2021
229487000,304.0,40.0,14.0,70.0,,1875,2015,2019
229521000,304.0,40.0,14.0,70.0,,98,2018,2018
229523000,199.0,32.0,13.0,70.0,,555,2018,2021
229525000,143.0,22.0,9.5,89.0,,82,2016,2016
229532000,292.0,45.0,18.4,70.0,,404,2021,2021
229535000,138.0,23.0,9.3,80.0,,459,2022,2022
229538000,304.0,40.0,14.0,79.0,,1664,2016,2017
229544000,304.0,40.0,14.0,70.0,,2210,2015,2018
229545000,138.0,23.0,9.3,80.0,,158,2021,2021
229548000,299.0,48.0,13.2,70.0,,1154,2023,2025
229554000,200.0,32.0,11.1,70.0,,464,2024,2024
229564000,225.0,32.0,13.48,70.0,,446,2015,2015
229565000,175.0,28.0,5.7,70.0,,42,2025,2025
229568000,224.0,32.0,13.8,70.0,,475,2019,2019
229569000,225.0,32.0,14.1,79.0,,763,2015,2017
229570000,224.0,32.0,14.1,70.0,,109,2019,2019
229577000,304.0,40.0,14.0,71.0,,3021,2015,2018
229580000,183.0,32.0,13.3,80.0,,100,2018,2018
229592000,366.0,51.0,14.3,71.0,,1642,2022,2025
229598000,299.0,48.0,14.5,70.0,,472,2021,2021
229600000,177.0,27.0,10.9,70.0,,2371,2015,2018
229602000,199.0,32.0,13.3,70.0,,447,2022,2022
229603000,199.0,32.0,13.3,70.0,,1168,2017,2022
229606000,105.0,15.0,6.9,80.0,,36,2022,2025
229613000,180.0,30.0,10.7,70.0,,310,2019,2019
229614000,180.0,30.0,10.7,70.0,,455,2018,2018
229618000,239.0,42.0,14.8,80.0,,437,2018,2018
229619000,229.0,42.0,14.8,80.0,,346,2017,2017
229620000,299.0,48.0,14.5,70.0,,1595,2019,2024
229622000,365.0,48.0,16.0,70.0,,2362,2019,2025
229625000,300.0,48.0,10.2,79.0,,193,2020,2020
229626000,300.0,48.0,10.6,71.0,,2116,2021,2024
229631000,183.0,32.0,9.9,80.0,,313,2025,2025
229632000,183.0,32.0,6.7,89.0,,418,2023,2023
229633000,166.0,25.0,7.7,72.0,,1750,2016,2025
229636000,182.0,32.0,12.7,80.0,,486,2016,2019
229638000,334.0,43.0,14.6,71.0,,1447,2016,2019
229640000,183.0,32.0,12.6,80.0,,108,2018,2018
229641000,183.0,32.0,13.3,80.0,,103,2019,2019
229643000,183.0,32.0,13.3,80.0,,736,2020,2022
229646000,208.0,30.0,11.4,71.0,,776,2016,2019
229648000,255.0,37.0,13.0,73.0,,155,2024,2024
229651000,324.0,42.0,11.0,71.0,,983,2015,2022
229653000,325.0,43.0,9.6,71.0,,887,2015,2016
229655000,334.0,43.0,14.6,70.0,,2025,2015,2017
229656000,190.0,24.0,10.3,70.0,,426,2023,2023
229659000,229.0,38.0,7.9,70.0,,93,2025,2025
229665000,243.0,32.0,11.5,70.0,,1015,2021,2023
229672000,229.0,38.0,14.9,70.0,,445,2018,2018
229677000,207.0,32.0,6.8,70.0,,1189,2023,2025
229680000,165.0,25.0,8.0,71.0,,852,2024,2025
229685000,366.0,51.0,12.8,71.0,,613,2023,2023
229697000,199.0,32.0,13.3,70.0,,434,2021,2021
229710000,199.0,36.0,10.6,70.0,,776,2020,2022
229712000,229.0,36.0,14.2,70.0,,450,2020,2020
229718000,190.0,32.0,12.3,70.0,,613,2016,2024
229720000,151.0,26.0,9.57,70.0,,551,2015,2015
229722000,189.0,32.0,12.3,70.0,,443,2018,2018
229723000,122.0,19.0,8.0,80.0,,3130,2018,2025
229725000,189.0,32.0,12.3,70.0,,180,2022,2022
229726000,300.0,48.0,11.3,71.0,,674,2021,2025
229732000,189.0,32.0,12.2,70.0,,967,2018,2024
229736000,334.0,43.0,13.0,72.0,,806,2021,2022
229748000,183.0,32.0,7.8,82.0,,404,2025,2025
229752000,366.0,51.0,14.5,70.0,,938,2022,2024
229758000,179.0,30.0,10.7,70.0,,492,2021,2021
229769000,275.0,32.0,13.5,71.0,,711,2015,2021
229770000,183.0,32.0,10.8,80.0,,115,2025,2025
229772000,275.0,32.0,13.5,74.0,,649,2016,2017
229778000,332.0,58.0,22.5,80.0,,476,2022,2022
229779000,366.0,51.0,13.3,70.0,,1225,2022,2025
229782000,195.0,28.0,10.1,79.0,,629,2015,2015
229787000,198.0,32.0,13.3,70.0,,417,2019,2019
229788000,199.0,32.0,13.3,70.0,,599,2018,2024
229800000,292.0,45.0,18.3,70.0,,471,2019,2019
229805000,193.0,26.0,7.4,79.0,,358,2015,2015
229808000,349.0,42.0,12.7,71.0,,1843,2023,2025
229815000,186.0,30.0,11.5,70.0,,478,2021,2021
229821000,176.0,27.0,10.9,70.0,,2263,2020,2023
229843000,180.0,28.0,10.1,70.0,,756,2017,2020
229846000,200.0,32.0,10.8,71.0,,405,2023,2023
229847000,183.0,27.0,11.02,80.0,,36,2015,2015
229868000,225.0,32.0,14.14,70.0,,477,2015,2015
229869000,243.0,42.0,11.1,80.0,,485,2024,2025
229882000,183.0,27.0,11.22,89.0,,476,2015,2015
229902000,199.0,32.0,12.3,70.0,,166,2023,2025
229922000,143.0,22.0,9.5,80.0,,469,2016,2016
229934000,299.0,48.0,14.8,70.0,,2568,2018,2025
229945000,335.0,42.0,13.2,71.0,,1140,2022,2025
229947000,299.0,48.0,14.8,70.0,,1381,2018,2024
229954000,179.0,28.0,10.2,70.0,,13,2020,2020
229955000,260.0,32.0,9.2,71.0,,219,2024,2024
229957000,244.0,42.0,9.0,89.0,,403,2023,2023
229960000,199.0,,,70.0,,471,2019,2019
229969000,180.0,30.0,8.4,70.0,,1114,2021,2024
229978000,222.0,30.0,12.0,70.0,,227,2019,2019
229979000,222.0,30.0,12.0,70.0,,971,2018,2021
229982000,199.0,32.0,13.7,70.0,,464,2024,2024
229983000,229.0,37.0,14.0,70.0,,467,2025,2025
229985000,291.0,45.0,18.3,70.0,,458,2018,2018
229988000,299.0,48.0,14.8,70.0,,2713,2018,2023
229989000,299.0,48.0,11.5,70.0,,187,2024,2024
230186000,108.0,17.0,6.0,70.0,,1481,2020,2021
230624000,197.0,32.0,13.0,70.0,,1265,2018,2023
230917000,163.0,26.0,5.5,70.0,,468,2023,2023
232003036,225.0,32.0,14.5,70.0,,463,2017,2017
232003788,226.0,36.0,7.9,80.0,,910,2021,2024
232004100,226.0,37.0,8.0,80.0,,1262,2020,2024
232004294,,,,70.0,,1811,2018,2020
232004359,199.0,32.0,12.0,70.0,,1427,2020,2025
232004453,127.0,20.0,9.3,89.0,,177,2017,2017
232004993,189.0,32.0,6.3,70.0,,922,2018,2020
232005178,189.0,32.0,12.8,70.0,,704,2017,2017
232005596,,,,80.0,,409,2021,2021
232005952,,,,70.0,,668,2019,2021
232006316,228.0,32.0,9.7,80.0,,312,2024,2024
232006324,289.0,45.0,18.2,70.0,,97,2017,2017
232006335,,,,80.0,,294,2018,2018
232006508,,,,70.0,,767,2018,2018
232006511,,,,70.0,,189,2019,2019
232006625,,,,80.0,,365,2020,2020
232006651,185.0,29.0,8.1,82.0,,488,2021,2021
232006748,185.0,30.0,9.8,70.0,,290,2018,2018
232007891,,,,70.0,,1410,2018,2018
232007932,,,,70.0,,951,2018,2019
232007939,,,,80.0,,462,2022,2022
232008100,,,,80.0,,283,2023,2023
232008101,,,,80.0,,285,2021,2021
232008128,,,10.0,70.0,,469,2024,2024
232010295,183.0,32.0,7.5,80.0,,1211,2021,2025
232010350,,,,70.0,,245,2018,2022
232011319,185.0,28.0,7.0,89.0,,741,2022,2023
232012083,228.0,32.0,14.5,80.0,,530,2022,2025
232012087,228.0,32.0,14.5,80.0,,1329,2018,2025
232012089,228.0,32.0,12.0,80.0,,680,2022,2024
232012788,277.0,48.0,9.2,89.0,,548,2023,2023
232013516,254.0,32.0,9.3,72.0,,1367,2018,2021
232013520,254.0,32.0,10.2,72.0,,2542,2019,2021
232013522,254.0,32.0,10.4,71.0,,933,2019,2020
232013524,254.0,32.0,8.5,71.0,,341,2023,2023
232013525,254.0,32.0,8.9,71.0,,1012,2018,2023
232015389,250.0,42.0,8.1,70.0,,251,2022,2022
232017591,162.0,24.0,6.2,71.0,,382,2020,2020
232017938,240.0,38.0,7.4,70.0,,460,2023,2023
232018037,138.0,21.0,8.3,70.0,,733,2021,2022
232018783,229.0,32.0,7.3,75.0,,444,2023,2023
232018900,324.0,48.0,14.4,70.0,,1669,2021,2023
232018901,324.0,48.0,13.9,70.0,,1303,2022,2024
232018919,324.0,48.0,14.3,70.0,,1436,2022,2024
232020054,129.0,20.0,5.4,80.0,,1227,2020,2023
232023089,304.0,40.0,10.8,73.0,,779,2020,2020
232023550,255.0,43.0,9.9,70.0,,133,2024,2024
232024278,199.0,32.0,6.7,70.0,,99,2025,2025
232024279,199.0,32.0,12.0,70.0,,298,2021,2025
232024771,324.0,48.0,14.0,70.0,,952,2021,2024
232024772,324.0,48.0,14.2,70.0,,1808,2021,2024
232024773,324.0,48.0,14.3,74.0,,2422,2021,2024
232025145,255.0,43.0,14.4,79.0,,1537,2024,2025
232026670,171.0,28.0,7.4,80.0,,473,2020,2020
232027158,183.0,32.0,11.3,80.0,,545,2023,2023
232027170,200.0,32.0,11.8,70.0,,3,2024,2024
232031864,227.0,37.0,8.2,80.0,,314,2024,2024
232032105,183.0,32.0,8.7,80.0,,1387,2022,2025
232035614,196.0,32.0,10.6,70.0,,1655,2022,2024
232035953,229.0,32.0,14.2,70.0,,161,2023,2023
232036363,183.0,32.0,11.3,80.0,,620,2023,2025
232036827,200.0,32.0,6.8,70.0,,201,2025,2025
232036828,229.0,32.0,7.5,70.0,,464,2023,2023
232036941,200.0,32.0,10.5,70.0,,291,2021,2023
232041699,190.0,32.0,12.1,79.0,,466,2022,2022
232044382,200.0,32.0,11.7,70.0,,1229,2025,2025
232047535,190.0,32.0,7.3,70.0,,213,2023,2023
232094000,183.0,32.0,12.2,80.0,,478,2017,2017
232104000,183.0,32.0,12.2,80.0,,253,2017,2018
232134000,225.0,32.0,,79.0,,108,2015,2015
232136000,183.0,32.0,12.2,80.0,,427,2019,2019
232156000,251.0,44.0,15.0,80.0,,124,2017,2017
232157000,250.0,43.0,15.0,80.0,,457,2018,2018
232168000,250.0,43.0,15.0,80.0,,54,2018,2018
232248000,200.0,32.0,10.5,70.0,,288,2016,2016
232366000,182.0,32.0,12.2,80.0,,1235,2015,2019
232445000,183.0,32.0,12.2,80.0,,440,2017,2017
232448000,184.0,32.0,12.4,89.0,,410,2015,2017
232449000,184.0,32.0,12.4,80.0,,829,2015,2016
232450000,184.0,32.0,12.4,80.0,,549,2015,2016
232745000,230.0,37.0,11.6,80.0,,1071,2015,2017
232752000,225.0,32.0,14.2,70.0,,102,2016,2016
232910000,137.0,21.0,8.7,70.0,,544,2015,2015
232971000,199.0,32.0,8.8,79.0,,194,2015,2015
232977000,136.0,21.0,8.3,70.0,,1195,2015,2021
234065000,190.0,32.0,6.0,70.0,,451,2015,2015
235002250,99.0,15.0,6.5,84.0,,373,2016,2017
235003900,187.0,30.0,7.7,74.0,,45,2015,2015
235003910,188.0,30.0,8.6,70.0,,320,2015,2015
235007450,227.0,32.0,13.7,80.0,,1692,2015,2018
235007500,294.0,32.0,13.5,70.0,,794,2015,2015
235007540,183.0,32.0,13.2,80.0,,847,2016,2018
235009240,300.0,43.0,14.2,74.0,,2159,2015,2022
235009400,227.0,32.0,13.7,80.0,,2133,2016,2020
235009410,228.0,32.0,13.67,80.0,,932,2015,2025
235009420,228.0,32.0,13.7,89.0,,1183,2016,2019
235009760,289.0,45.0,18.2,70.0,,530,2017,2018
235009850,299.0,42.0,14.2,70.0,,1159,2017,2019
235010170,136.0,21.0,8.3,70.0,,447,2016,2025
235010180,136.0,21.0,5.8,70.0,,2472,2019,2025
235010440,260.0,32.0,13.0,70.0,,853,2022,2022
235010450,300.0,43.0,14.2,70.0,,2888,2017,2024
235010710,299.0,42.0,14.2,70.0,,2501,2015,2025
235011970,230.0,37.0,11.63,80.0,,333,2015,2015
235012310,294.0,33.0,13.5,71.0,,481,2017,2017
235018081,190.0,32.0,11.9,70.0,,691,2015,2016
235050012,189.0,32.0,11.4,70.0,,1292,2023,2025
235050734,199.0,32.0,8.3,70.0,,944,2015,2015
235052035,294.0,32.0,13.5,70.0,,492,2018,2018
235054705,230.0,37.0,11.63,80.0,,317,2015,2015
235056954,210.0,30.0,11.5,70.0,,2081,2019,2020
235058391,294.0,32.0,13.52,71.0,,324,2015,2015
235058697,199.0,32.0,10.0,70.0,,488,2016,2025
235058897,299.0,40.0,10.2,70.0,,444,2015,2015
235059382,294.0,32.0,13.5,71.0,,342,2015,2019
235060233,184.0,28.0,11.5,89.0,,460,2017,2017
235060247,184.0,28.0,11.5,89.0,,915,2017,2017
235060249,184.0,28.0,11.5,89.0,,1463,2015,2017
235060251,184.0,27.0,11.5,80.0,,153,2019,2019
235060303,228.0,32.0,14.4,80.0,,1608,2019,2024
235060304,228.0,32.0,14.4,80.0,,433,2021,2021
235060593,294.0,32.0,13.5,70.0,,1413,2015,2019
235060752,115.0,18.0,8.7,80.0,,376,2020,2020
235061354,293.0,40.0,12.2,70.0,,1405,2021,2025
235061675,145.0,23.0,9.7,80.0,,177,2022,2023
235062848,183.0,32.0,12.22,89.0,,1002,2015,2017
235063329,182.0,32.0,12.2,80.0,,413,2020,2022
235063333,183.0,32.0,11.0,80.0,,455,2018,2018
235063337,182.0,32.0,12.2,80.0,,1566,2018,2021
235065043,294.0,32.0,13.5,71.0,,592,2016,2016
235066053,282.0,32.0,13.5,71.0,,837,2016,2017
235067192,294.0,32.0,13.5,70.0,,850,2015,2018
235067205,282.0,32.0,13.5,70.0,,463,2018,2018
235067944,138.0,21.0,8.0,70.0,,2001,2018,2024
235067987,279.0,39.0,12.3,70.0,,379,2025,2025
235068085,200.0,32.0,11.0,70.0,,326,2015,2015
235068573,159.0,26.0,10.9,80.0,,921,2015,2016
235068802,83.0,16.0,4.2,70.0,,401,2024,2024
235068882,200.0,32.0,11.0,70.0,,748,2015,2016
235069271,136.0,21.0,8.3,70.0,,450,2016,2016
235070036,159.0,25.0,8.3,80.0,,620,2021,2021
235070466,115.0,18.0,8.7,84.0,,1924,2015,2017
235070619,334.0,42.0,15.0,70.0,,799,2018,2018
235070707,200.0,32.0,11.0,79.0,,234,2015,2018
235070715,138.0,21.0,8.0,70.0,,2249,2019,2023
235070716,138.0,21.0,8.0,70.0,,411,2018,2018
235072407,293.0,40.0,14.0,70.0,,1310,2017,2018
235072651,136.0,22.0,5.3,70.0,,198,2015,2015
235073372,138.0,21.0,8.1,70.0,,2944,2018,2023
235073571,363.0,46.0,15.5,71.0,,731,2015,2015
235074589,287.0,45.0,17.7,70.0,,462,2017,2017
235075024,200.0,32.0,11.0,70.0,,946,2015,2018
235075102,183.0,32.0,13.3,80.0,,351,2018,2018
235075105,183.0,32.0,13.3,80.0,,73,2018,2018
235075244,138.0,21.0,5.9,71.0,,201,2016,2016
235075311,334.0,43.0,15.0,71.0,,860,2016,2019
235075729,229.0,32.0,7.4,70.0,,60,2015,2015
235076272,249.0,44.0,14.8,80.0,,2871,2015,2024
235076274,249.0,44.0,14.8,80.0,,1557,2016,2024
235076275,249.0,44.0,14.8,80.0,,1597,2017,2021
235076276,249.0,44.0,14.8,80.0,,2220,2015,2024
235076282,250.0,44.0,14.8,80.0,,3467,2015,2025
235076283,249.0,44.0,14.8,80.0,,8590,2015,2025
235076731,185.0,32.0,12.1,80.0,,246,2015,2019
235076847,103.0,17.0,6.8,70.0,,405,2022,2022
235076895,334.0,43.0,15.0,71.0,,1505,2015,2017
235077605,185.0,32.0,12.1,80.0,,339,2019,2025
235077714,138.0,21.0,8.1,70.0,,204,2018,2018
235079504,175.0,28.0,10.02,82.0,,455,2015,2015
235080187,299.0,40.0,14.5,70.0,,436,2018,2018
235080906,363.0,45.0,15.5,70.0,,436,2018,2018
235081604,299.0,40.0,14.5,71.0,,3574,2015,2019
235081665,183.0,32.0,12.6,89.0,,460,2015,2015
235082896,366.0,48.0,15.5,70.0,,908,2017,2018
235083098,186.0,32.0,13.0,89.0,,444,2017,2017
235083371,114.0,16.0,7.61,80.0,,193,2015,2015
235084179,183.0,32.0,13.3,80.0,,131,2019,2019
235084182,183.0,32.0,13.3,80.0,,1111,2018,2019
235084184,183.0,32.0,13.3,80.0,,362,2018,2018
235084298,366.0,48.0,15.5,70.0,,1393,2016,2019
235085368,180.0,32.0,12.1,83.0,,1607,2015,2020
235086166,199.0,32.0,10.0,70.0,,180,2023,2023
235087417,183.0,32.0,13.2,89.0,,447,2016,2016
235088041,194.0,32.0,12.2,70.0,,489,2021,2021
235088073,195.0,32.0,12.2,70.0,,1086,2017,2017
235089619,190.0,32.0,11.0,79.0,,477,2016,2016
235089774,226.0,38.0,8.9,80.0,,123,2025,2025
235089912,109.0,17.0,8.0,70.0,,1403,2018,2020
235089913,109.0,17.0,8.0,70.0,,738,2023,2025
235089914,109.0,17.0,8.0,70.0,,436,2018,2018
235090269,184.0,30.0,10.0,70.0,,456,2021,2021
235090767,366.0,48.0,15.5,70.0,,473,2018,2018
235091834,126.0,26.0,6.5,70.0,,479,2016,2016
235093505,140.0,24.0,9.7,80.0,,467,2018,2020
235093569,334.0,45.0,14.2,70.0,,2748,2016,2022
235093618,334.0,45.0,14.2,70.0,,4965,2015,2024
235093619,334.0,45.0,14.2,70.0,,4817,2016,2024
235093794,229.0,32.0,14.4,70.0,,644,2019,2019
235094625,123.0,17.0,7.9,70.0,,227,2020,2023
235094626,123.0,17.0,7.9,70.0,,842,2021,2022
235095836,123.0,17.0,7.9,70.0,,2484,2018,2024
235097727,180.0,30.0,10.1,70.0,,430,2015,2015
235098017,230.0,37.0,10.8,81.0,,92,2016,2016
235098383,334.0,45.0,14.2,70.0,,2529,2015,2022
235098885,335.0,46.0,14.2,70.0,,4044,2015,2025
235100377,180.0,30.0,6.8,79.0,,441,2015,2015
235100828,190.0,32.0,12.8,70.0,,470,2018,2018
235101302,225.0,37.0,12.57,80.0,,478,2015,2015
235101305,226.0,37.0,11.2,89.0,,1172,2015,2017
235101908,177.0,28.0,10.0,70.0,,65,2017,2017
235102348,199.0,32.0,12.0,70.0,,458,2021,2021
235102349,199.0,32.0,12.3,70.0,,725,2017,2022
235102465,199.0,32.0,13.3,70.0,,62,2021,2021
235102466,199.0,32.0,13.3,70.0,,879,2018,2023
235102467,199.0,32.0,13.3,70.0,,79,2020,2020
235102468,199.0,,,70.0,,153,2023,2023
235102498,180.0,32.0,9.7,70.0,,763,2019,2019
235102677,334.0,45.0,14.2,70.0,,1722,2018,2021
235102678,334.0,45.0,14.2,70.0,,4536,2015,2025
235102679,334.0,45.0,14.2,70.0,,3907,2015,2023
235102681,335.0,46.0,11.9,74.0,,957,2020,2024
235102768,177.0,28.0,10.0,70.0,,998,2016,2022
235102851,177.0,28.0,10.0,70.0,,479,2016,2016
235103287,177.0,28.0,10.0,70.0,,340,2017,2017
235103314,177.0,28.0,10.8,70.0,,1893,2015,2018
235103315,172.0,27.0,10.4,70.0,,1395,2015,2017
235103406,183.0,31.0,10.02,79.0,,198,2015,2015
235103762,178.0,28.0,9.8,70.0,,974,2017,2022
235103766,178.0,28.0,9.8,70.0,,824,2018,2023
235108227,228.0,32.0,14.4,70.0,,139,2018,2019
235108528,250.0,,11.7,80.0,,113,2025,2025
235108531,250.0,44.0,14.6,89.0,,337,2021,2021
235108534,250.0,44.0,8.8,89.0,,305,2025,2025
235108619,225.0,36.0,12.0,80.0,,577,2021,2023
235108666,225.0,36.0,12.0,80.0,,608,2019,2021
235108697,146.0,22.0,9.3,80.0,,3057,2018,2020
235108755,228.0,32.0,12.9,80.0,,963,2019,2024
235109137,225.0,36.0,12.0,80.0,,370,2019,2019
235109538,183.0,32.0,12.9,80.0,,795,2020,2021
235110737,334.0,46.0,10.8,70.0,,2541,2018,2024
235111639,225.0,,,80.0,,413,2021,2021
235111681,179.0,,,70.0,,468,2019,2019
235111726,180.0,30.0,6.1,70.0,,438,2025,2025
235112573,295.0,,,70.0,,1924,2018,2020
235112806,225.0,36.0,8.0,80.0,,408,2025,2025
235113623,189.0,,,70.0,,507,2018,2023
235113766,,,,80.0,,634,2018,2020
235113767,,,,80.0,,1073,2018,2019
235113768,,,,80.0,,373,2022,2022
235113769,183.0,32.0,11.3,89.0,,592,2022,2025
235113772,183.0,32.0,8.5,89.0,,364,2021,2021
235113778,179.0,,,70.0,,936,2022,2022
235114667,296.0,,,70.0,,1480,2018,2020
235115081,225.0,37.0,8.7,80.0,,1879,2020,2024
235115082,225.0,,,80.0,,887,2021,2023
235116052,296.0,,,70.0,,2266,2018,2019
235116324,183.0,,7.8,80.0,,1199,2021,2025
235116731,179.0,30.0,6.4,70.0,,518,2018,2025
235116958,146.0,23.0,6.7,80.0,,118,2025,2025
235117453,146.0,,,80.0,,311,2019,2019
235117615,296.0,,,70.0,,1867,2018,2020
235118274,224.0,32.0,14.4,70.0,,509,2016,2019
235118542,229.0,32.0,14.6,70.0,,97,2020,2020
235192000,113.0,16.0,7.6,80.0,,128,2018,2018
235308000,128.0,18.0,8.4,80.0,,370,2022,2022
235335000,299.0,42.0,13.5,70.0,,492,2018,2021
235414000,300.0,42.0,13.5,70.0,,1901,2017,2022
235479000,299.0,42.0,13.5,70.0,,728,2015,2018
235491000,196.0,30.0,10.0,80.0,,920,2021,2022
235508000,106.0,15.0,7.3,80.0,,30,2018,2018
235509000,107.0,16.0,7.25,89.0,,474,2015,2015
235513000,120.0,17.0,7.8,80.0,,470,2017,2017
235554000,300.0,43.0,13.5,74.0,,1107,2017,2019
235603000,299.0,42.0,13.5,70.0,,895,2018,2020
235733000,228.0,32.0,13.7,80.0,,870,2015,2016
235764000,252.0,44.0,15.0,80.0,,1246,2016,2016
235825000,183.0,32.0,12.2,83.0,,1871,2016,2016
235849000,228.0,32.0,13.67,80.0,,1465,2015,2016
236111758,109.0,18.0,6.6,70.0,,1454,2015,2021
236111796,205.0,32.0,11.9,81.0,,1778,2015,2018
236111832,119.0,20.0,7.6,70.0,,1984,2017,2020
236111881,182.0,31.0,8.8,70.0,,863,2021,2021
236111884,182.0,31.0,8.8,70.0,,472,2018,2018
236111947,267.0,32.0,13.0,71.0,,390,2015,2015
236112603,179.0,30.0,7.4,70.0,,839,2023,2025
236187000,108.0,18.0,7.5,70.0,,75,2016,2016
236258000,101.0,17.0,6.4,70.0,,477,2017,2017
236271000,164.0,23.0,9.6,80.0,,238,2019,2019
236294000,117.0,19.0,7.5,70.0,,1404,2018,2020
236311000,90.0,14.0,3.5,70.0,,2439,2015,2017
236313000,144.0,23.0,8.9,80.0,,70,2019,2020
236352000,98.0,14.0,5.7,70.0,,2621,2017,2021
236562000,116.0,17.0,5.7,70.0,,463,2017,2017
236588000,179.0,28.0,10.3,70.0,,911,2018,2018
236612000,228.0,32.0,,80.0,,201,2015,2015
236623000,109.0,18.0,6.6,80.0,,2882,2016,2019
236625000,261.0,32.0,12.52,79.0,,513,2015,2015
236626000,179.0,29.0,9.0,70.0,,987,2015,2015
236634000,157.0,27.0,7.6,70.0,,565,2016,2016
236654000,142.0,18.0,7.3,70.0,,427,2019,2019
236689000,143.0,22.0,9.7,70.0,,465,2016,2016
236702000,130.0,19.0,8.3,80.0,,461,2018,2018
236710000,179.0,28.0,6.0,70.0,,448,2023,2023
236723000,177.0,28.0,6.3,70.0,,448,2024,2024
237677000,244.0,42.0,14.7,81.0,,165,2017,2017
237928000,228.0,32.0,13.7,89.0,,658,2015,2019
237940000,265.0,48.0,,80.0,,506,2015,2015
237943000,247.0,43.0,14.3,80.0,,655,2019,2021
238005000,183.0,32.0,13.3,80.0,,132,2018,2018
238009000,183.0,,,80.0,,503,2023,2023
238020000,250.0,44.0,11.0,80.0,,85,2025,2025
238045000,179.0,32.0,7.5,70.0,,1922,2022,2025
238179000,183.0,32.0,9.2,70.0,,197,2025,2025
238247000,172.0,27.0,9.6,70.0,,37,2017,2017
238257000,195.0,32.0,12.52,89.0,,118,2015,2019
238265000,195.0,32.0,12.5,80.0,,993,2016,2024
238266000,189.0,32.0,12.3,70.0,,476,2021,2021
238295000,195.0,32.0,12.5,80.0,,1240,2018,2021
238296000,195.0,32.0,12.5,80.0,,1148,2020,2021
238311000,189.0,32.0,12.3,70.0,,433,2022,2022
239274000,243.0,32.0,13.64,80.0,,474,2015,2015
239380000,183.0,32.0,10.7,80.0,,1236,2015,2015
239592000,248.0,43.0,14.32,80.0,,233,2015,2015
239635000,213.0,37.0,14.0,80.0,,1532,2016,2019
239668000,213.0,37.0,14.0,80.0,,645,2015,2018
239838000,224.0,32.0,13.8,70.0,,379,2023,2023
239861000,225.0,32.0,14.0,70.0,,134,2018,2018
239872000,190.0,32.0,12.0,70.0,,474,2017,2017
239933000,228.0,40.0,12.0,80.0,,527,2016,2016
239936000,243.0,42.0,14.9,80.0,,543,2016,2019
239962000,244.0,42.0,14.9,83.0,,892,2016,2019
239984000,183.0,32.0,12.3,80.0,,1144,2015,2017
239997000,248.0,43.0,14.3,80.0,,1678,2016,2017
240031000,228.0,32.0,13.7,80.0,,857,2017,2018
240061000,229.0,32.0,14.0,80.0,,1397,2015,2017
240067000,229.0,32.0,13.22,80.0,,514,2015,2015
240092000,333.0,58.0,22.52,89.0,,2,2015,2015
240097000,190.0,32.0,12.04,70.0,,477,2015,2015
240110000,241.0,42.0,14.9,80.0,,971,2018,2019
240124000,274.0,48.0,17.0,80.0,,508,2018,2018
240127000,274.0,48.0,17.1,80.0,,535,2015,2017
240128000,190.0,32.0,12.6,70.0,,705,2015,2016
240147000,244.0,42.0,14.8,89.0,,218,2017,2021
240158000,243.0,42.0,14.9,80.0,,1323,2018,2020
240168000,273.0,47.0,17.1,80.0,,422,2023,2023
240176000,244.0,42.0,14.92,89.0,,364,2015,2020
240185000,244.0,42.0,14.9,80.0,,1150,2016,2017
240198000,244.0,42.0,14.77,80.0,,336,2015,2015
240235000,243.0,42.0,14.8,80.0,,388,2020,2020
240243000,244.0,42.0,14.8,89.0,,863,2017,2019
240265000,294.0,32.0,13.5,79.0,,679,2015,2015
240266000,294.0,32.0,13.5,70.0,,267,2016,2016
240269000,247.0,43.0,14.3,80.0,,954,2016,2018
240272000,190.0,32.0,12.51,70.0,,295,2015,2015
240276000,274.0,48.0,8.9,89.0,,359,2015,2015
240284000,228.0,32.0,14.0,80.0,,2182,2015,2019
240311000,190.0,32.0,12.6,70.0,,464,2018,2018
240339000,248.0,43.0,14.5,80.0,,188,2016,2017
240415000,183.0,32.0,12.0,80.0,,125,2019,2019
240423000,182.0,32.0,12.02,81.0,,63,2015,2015
240434000,225.0,32.0,14.0,70.0,,478,2015,2015
240435000,244.0,42.0,14.8,80.0,,354,2016,2020
240444000,228.0,32.0,14.0,80.0,,856,2019,2019
240447000,247.0,43.0,14.5,80.0,,473,2015,2025
240475000,350.0,43.0,11.5,70.0,,526,2015,2015
240480000,243.0,42.0,14.8,80.0,,793,2016,2022
240513000,351.0,43.0,10.8,70.0,,920,2015,2015
240547000,250.0,44.0,15.4,80.0,,172,2016,2016
240564000,229.0,36.0,14.7,70.0,,149,2018,2018
240569000,229.0,36.0,7.6,70.0,,1922,2018,2024
240575000,277.0,50.0,13.5,80.0,,880,2018,2024
240576000,229.0,36.0,14.7,70.0,,469,2018,2018
240584000,274.0,48.0,17.0,80.0,,152,2021,2021
240592000,274.0,48.0,17.0,80.0,,3,2021,2021
240601000,243.0,42.0,14.8,80.0,,862,2016,2018
240602000,244.0,42.0,14.8,89.0,,455,2015,2015
240625000,229.0,36.0,14.7,70.0,,925,2018,2021
240626000,230.0,37.0,14.7,70.0,,1153,2016,2018
240648000,190.0,32.0,12.0,70.0,,452,2017,2017
240657000,249.0,44.0,14.9,83.0,,450,2016,2016
240658000,274.0,48.0,17.1,80.0,,180,2023,2023
240668000,225.0,32.0,13.82,70.0,,6,2015,2015
240671000,245.0,42.0,15.5,80.0,,219,2016,2016
240678000,228.0,32.0,13.6,80.0,,1087,2016,2019
240679000,228.0,32.0,13.6,80.0,,897,2015,2018
240680000,227.0,32.0,13.6,80.0,,1352,2018,2019
240681000,228.0,32.0,13.6,80.0,,1557,2015,2018
240713000,190.0,32.0,12.6,70.0,,1367,2015,2017
240721000,318.0,43.0,11.5,73.0,,594,2015,2016
240722000,318.0,43.0,11.7,71.0,,1289,2015,2016
240728000,183.0,32.0,13.3,80.0,,178,2019,2020
240730000,183.0,32.0,13.3,80.0,,488,2015,2020
240742000,183.0,32.0,13.0,89.0,,832,2016,2017
240766000,250.0,44.0,15.4,80.0,,1080,2016,2016
240787000,183.0,32.0,12.2,80.0,,1344,2015,2017
240788000,183.0,32.0,12.2,80.0,,835,2016,2022
240797000,274.0,48.0,17.0,80.0,,474,2017,2017
240800000,249.0,43.0,14.9,80.0,,578,2018,2018
240803000,190.0,32.0,12.55,70.0,,177,2015,2015
240824000,229.0,32.0,14.5,80.0,,461,2016,2016
240825000,229.0,32.0,14.5,80.0,,769,2015,2017
240826000,229.0,32.0,14.5,80.0,,1098,2015,2017
240834000,274.0,48.0,17.1,82.0,,42,2016,2016
240837000,274.0,48.0,17.2,80.0,,545,2016,2022
240840000,274.0,48.0,17.0,80.0,,819,2016,2022
240848000,174.0,28.0,10.4,80.0,,479,2015,2015
240849000,173.0,28.0,10.4,80.0,,1390,2017,2019
240859000,249.0,44.0,14.9,81.0,,580,2015,2018
240891000,244.0,42.0,15.0,89.0,,23,2017,2017
240892000,244.0,42.0,15.0,80.0,,867,2015,2017
240893000,274.0,48.0,17.2,80.0,,501,2017,2017
240903000,174.0,28.0,10.4,89.0,,746,2015,2017
240904000,183.0,32.0,13.3,80.0,,2094,2015,2024
240929000,292.0,45.0,18.2,70.0,,1658,2021,2022
240941000,183.0,32.0,13.0,80.0,,1396,2015,2022
240947000,249.0,44.0,14.9,89.0,,30,2016,2016
240954000,190.0,32.0,11.93,70.0,,471,2015,2015
240963000,225.0,32.0,14.0,70.0,,851,2018,2021
240970000,250.0,44.0,14.8,80.0,,421,2016,2017
240971000,274.0,50.0,17.0,80.0,,327,2017,2017
240975000,183.0,32.0,13.3,80.0,,1226,2016,2017
240982000,190.0,32.0,13.0,70.0,,475,2015,2015
240988000,228.0,32.0,14.4,70.0,,407,2022,2022
240990000,183.0,32.0,13.3,80.0,,1758,2016,2023
240991000,183.0,32.0,13.3,80.0,,1880,2016,2022
241016000,229.0,36.0,14.2,70.0,,752,2016,2018
241029000,228.0,42.0,14.8,80.0,,2102,2015,2020
241069000,189.0,32.0,12.8,70.0,,447,2022,2022
241075000,189.0,32.0,12.8,70.0,,453,2022,2023
241079000,274.0,48.0,17.0,80.0,,965,2018,2022
241080000,275.0,48.0,17.0,80.0,,353,2017,2020
241084000,229.0,32.0,14.4,70.0,,603,2016,2016
241086000,274.0,48.0,17.2,80.0,,3,2018,2018
241093000,249.0,43.0,15.0,70.0,,642,2020,2022
241100000,193.0,32.0,13.0,70.0,,88,2022,2022
241116000,249.0,43.0,15.0,70.0,,227,2021,2021
241118000,229.0,32.0,14.4,70.0,,908,2019,2023
241124000,189.0,32.0,12.8,70.0,,753,2020,2022
241127000,193.0,32.0,13.0,70.0,,459,2019,2019
241132000,250.0,44.0,15.0,80.0,,776,2017,2022
241139000,193.0,32.0,13.0,70.0,,207,2022,2022
241142000,190.0,32.0,11.4,70.0,,463,2024,2024
241147000,213.0,32.0,12.3,80.0,,95,2016,2016
241154000,274.0,50.0,17.2,80.0,,475,2021,2021
241155000,189.0,32.0,12.9,70.0,,914,2018,2019
241156000,229.0,32.0,7.8,70.0,,111,2025,2025
241163000,229.0,32.0,14.5,70.0,,37,2022,2022
241166000,189.0,32.0,12.9,70.0,,1519,2021,2023
241183000,193.0,32.0,13.0,70.0,,1391,2019,2021
241190000,183.0,32.0,13.5,80.0,,2856,2015,2025
241192000,183.0,32.0,13.3,81.0,,1164,2017,2024
241193000,183.0,32.0,13.3,80.0,,926,2017,2018
241195000,229.0,32.0,14.6,70.0,,508,2019,2019
241197000,291.0,45.0,18.2,70.0,,419,2018,2018
241209000,229.0,32.0,14.5,70.0,,476,2017,2017
241217000,226.0,32.0,14.2,70.0,,163,2016,2016
241218000,183.0,32.0,12.9,80.0,,999,2020,2021
241220000,183.0,32.0,13.3,80.0,,1102,2016,2023
241222000,229.0,32.0,14.5,79.0,,604,2016,2021
241229000,179.0,30.0,10.1,70.0,,200,2022,2022
241236000,183.0,32.0,13.3,80.0,,1830,2016,2024
241243000,274.0,48.0,17.0,80.0,,299,2019,2019
241253000,183.0,32.0,13.1,80.0,,287,2018,2019
241264000,333.0,58.0,22.2,80.0,,469,2019,2019
241265000,196.0,32.0,13.0,70.0,,479,2017,2017
241267000,229.0,32.0,14.5,70.0,,287,2018,2018
241271000,156.0,25.0,9.8,80.0,,463,2017,2017
241273000,249.0,43.0,15.0,70.0,,377,2018,2018
241274000,250.0,43.0,14.5,79.0,,937,2015,2021
241281000,183.0,32.0,10.3,80.0,,364,2025,2025
241293000,228.0,40.0,12.0,80.0,,400,2022,2022
241294000,183.0,32.0,13.3,80.0,,452,2018,2018
241305000,228.0,32.0,14.44,80.0,,1450,2015,2017
241311000,349.0,45.0,15.5,70.0,,1643,2019,2022
241312000,366.0,48.0,15.5,70.0,,1661,2021,2023
241313000,366.0,48.0,15.5,70.0,,2524,2019,2024
241314000,227.0,32.0,14.0,80.0,,895,2018,2018
241315000,228.0,32.0,14.0,80.0,,79,2017,2017
241326000,245.0,42.0,14.9,80.0,,1048,2017,2024
241335000,225.0,32.0,14.1,70.0,,477,2016,2016
241340000,340.0,60.0,11.3,80.0,,128,2024,2024
241343000,249.0,44.0,14.8,80.0,,631,2016,2019
241372000,184.0,28.0,8.0,81.0,,283,2024,2024
241373000,200.0,32.0,12.6,70.0,,947,2024,2024
241375000,199.0,36.0,7.3,70.0,,106,2025,2025
241387000,147.0,,,80.0,,478,2020,2020
241409000,147.0,,,80.0,,101,2019,2019
241424000,290.0,,,80.0,,177,2021,2021
241425000,290.0,46.0,9.3,80.0,,139,2024,2024
241440000,336.0,,20.2,80.0,,18,2025,2025
241454000,249.0,,8.5,80.0,,1455,2018,2024
241455000,249.0,,,80.0,,727,2019,2019
241456000,249.0,,,80.0,,438,2018,2018
241458000,274.0,,,80.0,,145,2023,2023
241459000,350.0,42.0,14.5,70.0,,403,2018,2018
241473000,274.0,,,80.0,,719,2022,2023
241476000,,,,70.0,,479,2022,2022
241487000,273.0,48.0,10.0,80.0,,649,2022,2025
241505000,190.0,32.0,11.6,70.0,,469,2017,2017
241508000,196.0,32.0,12.0,70.0,,146,2024,2024
241510000,,,,80.0,,941,2018,2023
241528000,228.0,32.0,14.2,80.0,,220,2021,2021
241530000,228.0,32.0,14.0,80.0,,580,2021,2023
241531000,228.0,32.0,11.6,80.0,,741,2021,2022
241570000,250.0,44.0,8.2,89.0,,427,2021,2021
241581000,190.0,32.0,6.1,70.0,,926,2019,2023
241593000,277.0,48.0,10.6,80.0,,214,2022,2022
241613000,277.0,48.0,12.2,80.0,,199,2025,2025
241614000,250.0,44.0,9.5,80.0,,150,2022,2022
241618000,250.0,44.0,14.3,80.0,,732,2022,2025
241627000,250.0,44.0,8.0,80.0,,480,2023,2025
241630000,183.0,32.0,8.7,80.0,,626,2024,2025
241631000,182.0,30.0,8.5,80.0,,1211,2022,2024
241641000,229.0,32.0,13.0,70.0,,587,2023,2024
241646000,274.0,48.0,9.0,80.0,,297,2024,2024
241653000,274.0,50.0,9.3,80.0,,460,2025,2025
241659000,274.0,48.0,9.0,80.0,,51,2023,2023
241665000,274.0,48.0,11.6,89.0,,1795,2022,2024
241689000,244.0,43.0,10.9,89.0,,248,2022,2022
241693000,199.0,32.0,9.5,70.0,,933,2021,2023
241700000,274.0,48.0,9.5,80.0,,208,2021,2021
241703000,199.0,32.0,9.5,70.0,,754,2022,2025
241714000,274.0,48.0,10.8,80.0,,207,2022,2022
241731000,250.0,44.0,13.0,80.0,,361,2025,2025
241733000,250.0,44.0,13.4,80.0,,554,2022,2025
241735000,250.0,44.0,9.0,80.0,,373,2025,2025
241741000,273.0,48.0,9.0,80.0,,441,2023,2024
241759000,183.0,32.0,8.7,80.0,,165,2022,2022
241763000,274.0,48.0,9.3,80.0,,352,2025,2025
241768000,200.0,32.0,10.8,70.0,,504,2025,2025
241770000,274.0,48.0,9.8,80.0,,427,2025,2025
241771000,274.0,48.0,9.2,80.0,,223,2023,2023
241773000,274.0,48.0,15.5,80.0,,316,2023,2023
241797000,183.0,32.0,9.5,80.0,,448,2025,2025
241800000,183.0,32.0,8.5,82.0,,138,2024,2024
241805000,229.0,32.0,9.2,70.0,,74,2025,2025
241808000,250.0,44.0,13.6,80.0,,917,2022,2024
241821000,199.0,32.0,7.2,70.0,,305,2025,2025
241866000,250.0,44.0,8.6,80.0,,414,2024,2024
241869000,250.0,44.0,13.6,89.0,,285,2025,2025
241933000,183.0,33.0,8.0,80.0,,43,2025,2025
244010871,138.0,21.0,8.0,70.0,,1214,2017,2024
244014000,138.0,21.0,7.2,70.0,,358,2023,2023
244020048,138.0,21.0,6.3,70.0,,348,2020,2020
244022000,138.0,21.0,7.9,70.0,,1257,2022,2025
244030000,138.0,21.0,7.3,70.0,,1019,2021,2024
244040000,138.0,21.0,8.1,70.0,,564,2021,2021
244044000,169.0,25.0,7.8,70.0,,447,2023,2024
244106000,107.0,18.0,5.4,70.0,,3985,2021,2025
244109000,107.0,18.0,5.9,70.0,,2177,2022,2024
244115000,168.0,25.0,8.7,70.0,,893,2023,2025
244117000,169.0,25.0,7.9,70.0,,394,2024,2024
244122000,168.0,26.0,9.3,70.0,,70,2021,2021
244129000,169.0,26.0,7.7,70.0,,103,2025,2025
244142000,156.0,22.0,10.3,70.0,,1645,2020,2025
244149000,156.0,22.0,10.3,70.0,,1334,2018,2025
244150212,143.0,18.0,7.3,70.0,,1727,2022,2025
244155000,156.0,22.0,10.3,70.0,,2227,2019,2025
244168000,137.0,20.0,6.6,80.0,,2663,2024,2025
244170000,142.0,18.0,7.9,70.0,,1572,2016,2024
244203000,145.0,28.0,8.3,70.0,,237,2018,2018
244224000,107.0,18.0,7.5,70.0,,2048,2021,2023
244262000,136.0,19.0,8.5,70.0,,564,2017,2017
244266000,136.0,19.0,8.5,70.0,,1664,2016,2024
244301000,141.0,22.0,8.3,70.0,,139,2024,2024
244340000,107.0,18.0,8.0,70.0,,557,2022,2022
244457000,142.0,18.0,6.7,70.0,,580,2024,2025
244523000,183.0,25.0,8.6,71.0,,138,2015,2015
244534000,193.0,26.0,5.8,74.0,,42,2024,2024
244559000,138.0,23.0,9.5,70.0,,121,2015,2015
244561000,99.0,15.0,5.8,70.0,,14177,2018,2025
244584000,173.0,25.0,10.7,70.0,,8236,2015,2025
244601000,130.0,19.0,7.8,71.0,,479,2015,2015
244620571,140.0,,4.9,70.0,,455,2025,2025
244620675,127.0,15.0,6.8,70.0,,1276,2019,2024
244632000,132.0,15.0,8.1,70.0,,1031,2015,2022
244638000,132.0,16.0,7.6,70.0,,2837,2021,2024
244650331,118.0,16.0,7.2,70.0,,468,2018,2018
244655000,139.0,21.0,8.1,70.0,,34,2024,2024
244693000,143.0,21.0,9.7,70.0,,2152,2018,2025
244707000,143.0,19.0,7.9,70.0,,1149,2016,2020
244726000,156.0,22.0,10.3,70.0,,1647,2015,2022
244730000,173.0,25.0,10.6,70.0,,5496,2015,2025
244750595,169.0,26.0,8.4,70.0,,101,2025,2025
244750715,172.0,21.0,9.4,70.0,,3120,2019,2024
244750716,144.0,15.0,8.0,70.0,,85,2023,2023
244770273,122.0,,5.3,70.0,,181,2025,2025
244810054,152.0,27.0,8.1,70.0,,215,2020,2020
244810209,172.0,21.0,9.4,70.0,,1309,2019,2023
244810614,116.0,17.0,7.8,70.0,,3140,2019,2024
244810617,170.0,20.0,6.6,70.0,,260,2022,2024
244810690,132.0,16.0,7.16,70.0,,284,2015,2015
244820000,100.0,16.0,4.9,72.0,,1003,2016,2019
244820055,170.0,20.0,7.3,79.0,,980,2024,2025
244820422,152.0,27.0,8.1,70.0,,461,2019,2019
244826000,136.0,19.0,8.5,70.0,,118,2016,2016
244830401,180.0,30.0,10.1,70.0,,478,2018,2018
244830431,173.0,,6.7,70.0,,414,2025,2025
244830814,173.0,42.0,5.5,79.0,,214,2023,2023
244841000,183.0,32.0,12.2,83.0,,763,2016,2016
244848000,157.0,23.0,10.3,70.0,,966,2016,2022
244850226,123.0,17.0,5.3,70.0,,239,2021,2024
244850852,146.0,18.0,7.7,79.0,,385,2017,2023
244850854,146.0,18.0,5.5,79.0,,966,2023,2024
244850855,145.0,18.0,6.9,79.0,,1365,2023,2024
244853000,144.0,20.0,5.8,70.0,,714,2024,2025
244860007,136.0,15.0,6.4,70.0,,474,2021,2021
244870311,208.0,32.0,5.8,70.0,,2020,2016,2022
244903000,172.0,25.0,10.6,70.0,,5904,2016,2024
244909000,118.0,16.0,7.2,70.0,,464,2019,2019
244985000,99.0,15.0,5.0,70.0,,7310,2017,2019
244999000,183.0,32.0,12.2,82.0,,353,2015,2015
245005000,129.0,17.0,7.21,70.0,,117,2015,2015
245033000,156.0,22.0,10.3,70.0,,1971,2016,2025
245064000,132.0,16.0,7.16,79.0,,928,2015,2015
245097000,205.0,26.0,6.9,71.0,,185,2023,2023
245149000,132.0,15.0,7.5,70.0,,1665,2016,2018
245196000,126.0,19.0,7.8,80.0,,220,2019,2019
245226000,154.0,17.0,8.3,70.0,,551,2021,2023
245227000,99.0,15.0,5.8,70.0,,471,2018,2018
245261000,173.0,25.0,10.6,70.0,,5486,2016,2025
245299000,142.0,21.0,9.5,79.0,,2353,2021,2025
245347000,143.0,21.0,9.7,70.0,,2435,2018,2025
245394000,138.0,23.0,9.5,71.0,,1171,2015,2015
245466000,154.0,17.0,8.3,70.0,,477,2018,2020
245483000,136.0,19.0,8.5,70.0,,593,2015,2016
245539000,138.0,22.0,9.5,70.0,,474,2023,2023
245546000,168.0,25.0,10.7,70.0,,9296,2016,2025
245563000,131.0,28.0,5.0,70.0,,493,2025,2025
245578000,168.0,25.0,10.7,70.0,,6634,2015,2025
245634000,142.0,21.0,9.7,70.0,,1214,2018,2024
245639000,154.0,17.0,8.3,70.0,,273,2020,2020
245702000,130.0,19.0,5.0,70.0,,442,2015,2015
245716000,140.0,20.0,6.2,70.0,,939,2022,2025
245789000,168.0,25.0,10.7,70.0,,7940,2015,2025
245806000,157.0,18.0,6.8,70.0,,455,2024,2024
245816000,168.0,25.0,10.7,70.0,,5916,2015,2025
245839000,136.0,19.0,8.5,70.0,,1193,2017,2020
245854000,179.0,30.0,10.1,70.0,,1388,2018,2018
245867000,100.0,20.0,8.2,70.0,,1128,2018,2018
245890000,119.0,16.0,5.8,70.0,,1270,2019,2025
245897000,205.0,26.0,8.5,70.0,,523,2024,2024
245912000,156.0,22.0,10.3,70.0,,1974,2019,2022
245930000,132.0,15.0,8.0,70.0,,1258,2023,2024
245935000,134.0,20.0,8.2,70.0,,417,2021,2021
245949000,101.0,21.0,8.2,70.0,,917,2016,2018
245952000,137.0,15.0,8.0,70.0,,567,2021,2024
245953000,143.0,21.0,9.7,70.0,,1969,2019,2024
245955000,156.0,22.0,10.3,70.0,,895,2019,2023
245964000,168.0,26.0,7.5,70.0,,138,2023,2023
245980000,116.0,18.0,7.9,70.0,,5555,2019,2025
245981000,100.0,20.0,8.2,70.0,,63,2018,2018
245995000,98.0,14.0,6.1,70.0,,78,2019,2019
246029000,132.0,15.0,8.1,70.0,,54,2020,2020
246100000,185.0,25.0,10.6,70.0,,5088,2016,2025
246117000,127.0,16.0,6.8,70.0,,848,2016,2021
246132000,214.0,46.0,4.6,70.0,,105,2025,2025
246215000,118.0,16.0,6.5,79.0,,73,2016,2016
246232000,118.0,16.0,6.5,79.0,,1376,2017,2017
246244000,140.0,24.0,5.6,70.0,,947,2018,2019
246246000,120.0,15.0,7.0,70.0,,1033,2016,2017
246263000,143.0,21.0,9.7,70.0,,1300,2020,2024
246265000,158.0,25.0,9.0,70.0,,8008,2015,2025
246293000,185.0,25.0,10.6,70.0,,10029,2015,2025
246302000,142.0,21.0,9.7,70.0,,3777,2018,2025
246321000,136.0,19.0,8.5,70.0,,960,2017,2020
246335000,95.0,18.0,4.8,70.0,,1277,2015,2015
246347000,127.0,19.0,7.8,80.0,,386,2018,2018
246373000,120.0,15.0,7.0,70.0,,497,2017,2017
246374000,88.0,12.0,5.0,70.0,,448,2020,2020
246396000,185.0,25.0,10.6,70.0,,8470,2015,2025
246430000,174.0,22.0,9.4,70.0,,1982,2019,2025
246435000,142.0,19.0,7.9,70.0,,204,2019,2019
246452000,168.0,25.0,10.7,70.0,,5665,2019,2025
246456000,168.0,25.0,10.7,70.0,,5105,2015,2024
246460000,100.0,20.0,7.4,70.0,,909,2018,2019
246465000,100.0,20.0,7.4,70.0,,473,2018,2018
246466000,172.0,25.0,10.6,70.0,,7088,2015,2025
246519000,143.0,21.0,9.7,70.0,,949,2023,2025
246524000,142.0,19.0,7.9,70.0,,1704,2015,2020
246547000,132.0,16.0,7.5,70.0,,639,2023,2024
246554000,205.0,26.0,8.4,71.0,,708,2024,2024
246556000,143.0,21.0,9.7,70.0,,3923,2015,2025
246572000,143.0,21.0,9.7,70.0,,1280,2018,2023
246591000,137.0,19.0,8.5,70.0,,1020,2020,2023
246592000,137.0,18.0,8.5,70.0,,2475,2016,2023
246596000,118.0,16.0,7.2,70.0,,4427,2015,2025
246614000,137.0,18.0,8.5,70.0,,946,2023,2025
246619000,137.0,19.0,8.5,70.0,,2670,2018,2023
246620000,137.0,19.0,6.3,70.0,,850,2025,2025
246621000,137.0,19.0,8.5,70.0,,999,2022,2023
246625000,142.0,15.0,8.0,70.0,,1371,2022,2025
246659000,156.0,25.0,10.3,70.0,,1534,2020,2024
246660000,156.0,25.0,10.3,70.0,,854,2023,2025
246661000,156.0,25.0,10.3,70.0,,991,2019,2023
246662000,156.0,25.0,10.3,70.0,,605,2018,2022
246663000,156.0,25.0,8.2,70.0,,1292,2024,2024
246671000,169.0,25.0,7.6,70.0,,1091,2021,2023
246704000,119.0,15.0,7.0,70.0,,1844,2020,2023
246714000,154.0,26.0,9.5,70.0,,1340,2016,2024
246716000,137.0,15.0,7.7,70.0,,123,2022,2022
246719000,143.0,21.0,9.7,70.0,,479,2019,2019
246733000,118.0,16.0,7.2,70.0,,1139,2019,2024
246754000,126.0,15.0,7.0,70.0,,197,2017,2017
246767000,142.0,18.0,8.4,70.0,,657,2021,2022
246768000,142.0,18.0,8.4,70.0,,119,2022,2022
246769000,142.0,18.0,8.5,70.0,,634,2019,2022
246770000,142.0,19.0,6.4,70.0,,262,2025,2025
246771000,142.0,18.0,8.4,70.0,,876,2019,2024
246795000,118.0,16.0,7.2,70.0,,1252,2015,2020
246797000,143.0,21.0,9.7,70.0,,1399,2019,2024
246799000,144.0,18.0,5.1,70.0,,238,2023,2023
246830000,143.0,22.0,9.3,70.0,,530,2022,2025
246846000,144.0,15.0,7.7,70.0,,475,2023,2023
246863000,116.0,17.0,7.8,70.0,,945,2023,2025
246865000,142.0,21.0,9.7,70.0,,3248,2018,2024
246866000,180.0,30.0,10.1,70.0,,1281,2018,2025
246867000,118.0,16.0,7.2,70.0,,1398,2019,2025
246876000,127.0,15.0,6.8,70.0,,2146,2020,2023
246887000,172.0,21.0,9.4,70.0,,949,2019,2022
246894000,179.0,30.0,7.5,70.0,,391,2022,2024
246900000,142.0,15.0,7.7,70.0,,452,2018,2018
246912000,172.0,21.0,9.4,70.0,,2636,2019,2023
246921000,116.0,17.0,7.8,70.0,,2853,2018,2021
247009600,285.0,40.0,12.7,71.0,,1295,2016,2017
247012800,285.0,40.0,12.7,70.0,,676,2015,2015
247012900,285.0,40.0,12.7,70.0,,648,2016,2016
247065500,176.0,31.0,8.4,79.0,,1361,2024,2025
247069800,180.0,32.0,10.02,84.0,,391,2015,2015
247086800,196.0,31.0,8.42,70.0,,68,2015,2015
247094900,180.0,29.0,12.6,80.0,,441,2015,2018
247095800,175.0,30.0,10.9,80.0,,116,2015,2015
247103700,110.0,17.0,6.0,80.0,,129,2018,2018
247152100,169.0,,,80.0,,633,2017,2019
247188100,294.0,32.0,13.5,70.0,,746,2015,2016
247190800,294.0,32.0,13.5,74.0,,373,2015,2016
247206900,294.0,32.0,13.5,74.0,,141,2015,2015
247218600,183.0,32.0,13.0,83.0,,368,2016,2016
247224200,143.0,23.0,8.9,80.0,,1831,2018,2023
247226600,183.0,32.0,13.0,80.0,,577,2016,2019
247227900,183.0,32.0,13.02,80.0,,1128,2015,2015
247230300,183.0,32.0,13.0,82.0,,510,2017,2017
247235700,243.0,42.0,15.3,89.0,,897,2016,2016
247240100,183.0,32.0,12.5,80.0,,291,2018,2020
247242400,183.0,32.0,13.14,81.0,,618,2015,2017
247245200,183.0,32.0,13.0,80.0,,92,2019,2019
247254200,183.0,32.0,13.1,89.0,,122,2017,2017
247257400,245.0,42.0,15.0,80.0,,1832,2021,2022
247265500,243.0,42.0,15.35,89.0,,923,2015,2015
247270700,229.0,32.0,14.4,70.0,,791,2015,2018
247274100,243.0,42.0,15.3,80.0,,99,2016,2016
247275300,249.0,44.0,8.0,80.0,,39,2024,2024
247275400,211.0,32.0,9.75,79.0,,3277,2015,2023
247276500,183.0,32.0,13.49,89.0,,1406,2015,2015
247276600,229.0,32.0,14.4,70.0,,531,2015,2020
247279500,158.0,26.0,9.42,70.0,,65,2015,2015
247279600,182.0,32.0,13.1,80.0,,2127,2018,2025
247281100,211.0,32.0,9.8,70.0,,3018,2018,2023
247282300,229.0,38.0,14.9,70.0,,156,2017,2017
247282800,179.0,27.0,10.1,70.0,,462,2015,2015
247283200,183.0,32.0,13.5,89.0,,1332,2015,2017
247284500,183.0,32.0,11.0,80.0,,1088,2017,2023
247285500,210.0,32.0,9.8,70.0,,3891,2018,2025
247285700,229.0,32.0,14.4,70.0,,431,2018,2018
247287600,190.0,32.0,12.6,70.0,,1526,2016,2018
247287800,243.0,42.0,15.3,89.0,,42,2016,2016
247289800,210.0,32.0,9.8,70.0,,1441,2016,2019
247291600,229.0,32.0,14.4,70.0,,811,2023,2023
247293200,274.0,48.0,17.0,80.0,,625,2015,2023
247293300,211.0,32.0,9.8,70.0,,454,2020,2020
247296200,172.0,27.0,10.4,79.0,,989,2015,2016
247300400,229.0,36.0,14.2,70.0,,505,2022,2022
247300600,229.0,38.0,14.9,70.0,,205,2018,2018
247301500,249.0,43.0,15.0,80.0,,671,2019,2022
247302400,190.0,32.0,13.2,70.0,,504,2015,2016
247302500,190.0,32.0,13.2,70.0,,943,2017,2017
247302700,212.0,32.0,9.8,70.0,,1918,2018,2023
247303100,229.0,38.0,14.9,70.0,,84,2018,2018
247304200,211.0,32.0,8.1,70.0,,3645,2020,2024
247304600,211.0,32.0,9.8,70.0,,1310,2020,2022
247310400,211.0,32.0,9.8,70.0,,2713,2019,2025
247311200,211.0,32.0,7.6,70.0,,291,2023,2023
247313300,195.0,32.0,13.0,70.0,,603,2018,2018
247314200,240.0,38.0,7.9,79.0,,1244,2023,2023
247315400,240.0,38.0,8.0,79.0,,2402,2023,2023
247324400,180.0,30.0,9.9,70.0,,469,2020,2020
247341100,236.0,39.0,9.1,70.0,,99,2023,2023
247341300,236.0,36.0,9.4,70.0,,2526,2023,2025
247341500,236.0,36.0,9.3,70.0,,2035,2022,2025
247341700,236.0,36.0,9.4,70.0,,611,2024,2024
247341900,236.0,36.0,9.8,70.0,,487,2025,2025
247342300,236.0,36.0,9.6,70.0,,620,2024,2024
247348700,179.0,26.0,7.6,70.0,,194,2019,2019
247355300,183.0,28.0,10.9,70.0,,1456,2016,2018
247355400,183.0,27.0,10.9,70.0,,1036,2017,2020
247359000,136.0,23.0,8.8,80.0,,221,2022,2022
247360700,229.0,32.0,14.6,70.0,,146,2020,2020
247369100,122.0,19.0,8.0,80.0,,2766,2020,2023
247375700,,,,70.0,,3248,2018,2023
247376400,200.0,32.0,10.2,70.0,,1349,2021,2024
247388700,180.0,28.0,7.3,80.0,,811,2023,2025
247405800,199.0,36.0,9.6,70.0,,383,2022,2022
247408300,199.0,36.0,9.4,70.0,,642,2021,2023
247434600,183.0,32.0,9.9,89.0,,823,2023,2024
247437400,183.0,32.0,7.0,89.0,,823,2023,2024
247438800,183.0,32.0,8.5,89.0,,2441,2022,2025
247439200,183.0,32.0,8.9,89.0,,125,2024,2024
247439800,183.0,32.0,8.0,80.0,,542,2023,2024
247440400,200.0,37.0,9.3,70.0,,559,2022,2022
247441100,199.0,36.0,9.4,70.0,,1879,2022,2023
247462000,225.0,32.0,14.33,70.0,,377,2015,2015
247567000,145.0,22.0,10.1,81.0,,488,2017,2017
247758000,126.0,19.0,7.9,80.0,,457,2022,2022
248010000,181.0,30.0,,70.0,,51,2024,2024
248013000,363.0,46.0,14.9,79.0,,455,2021,2021
248017000,,,,70.0,,448,2020,2020
248020000,,,,80.0,,555,2019,2020
248022000,250.0,44.0,8.6,80.0,,244,2025,2025
248037000,134.0,20.0,8.9,82.0,,74,2025,2025
248044000,112.0,16.0,4.6,80.0,,1737,2016,2016
248089000,330.0,48.0,10.8,70.0,,338,2021,2021
248092000,169.0,27.0,9.8,70.0,,1880,2017,2018
248095000,123.0,17.0,7.2,80.0,,489,2018,2018
248122000,225.0,32.0,14.2,70.0,,243,2017,2017
248127000,128.0,20.0,8.7,80.0,,369,2022,2022
248128000,,,,80.0,,916,2018,2022
248134000,292.0,45.0,18.2,70.0,,3,2022,2022
248135000,186.0,28.0,6.0,70.0,,1359,2022,2025
248137000,189.0,32.0,12.8,70.0,,148,2015,2015
248160000,200.0,28.0,8.7,79.0,,1084,2018,2022
248161000,199.0,27.0,11.0,70.0,,2396,2019,2022
248162000,186.0,32.0,12.7,70.0,,500,2018,2018
248171000,170.0,28.0,9.3,71.0,,88,2017,2017
248179000,228.0,36.0,14.3,70.0,,1039,2016,2019
248183000,168.0,25.0,8.5,70.0,,1621,2021,2023
248197000,190.0,32.0,12.0,70.0,,537,2016,2016
248208000,190.0,32.0,11.6,70.0,,1007,2024,2024
248223000,231.0,32.0,11.3,70.0,,344,2019,2019
248224000,274.0,50.0,17.0,80.0,,492,2022,2022
248225000,227.0,32.0,11.3,70.0,,1688,2018,2022
248228000,186.0,35.0,8.0,71.0,,341,2024,2024
248247000,300.0,40.0,14.5,70.0,,2485,2015,2024
248262000,189.0,30.0,6.6,70.0,,123,2022,2022
248264000,229.0,32.0,11.3,70.0,,1904,2019,2023
248265000,229.0,32.0,11.0,70.0,,586,2021,2023
248278000,299.0,40.0,14.5,71.0,,610,2015,2015
248289000,190.0,32.0,12.8,70.0,,185,2021,2021
248292000,250.0,44.0,8.8,89.0,,236,2024,2024
248296000,190.0,32.0,12.8,70.0,,872,2023,2023
248299000,183.0,32.0,12.2,83.0,,135,2017,2017
248302000,222.0,32.0,12.0,70.0,,427,2021,2021
248303000,169.0,27.0,9.8,70.0,,539,2023,2023
248307000,180.0,28.0,7.3,80.0,,10,2021,2021
248315000,124.0,17.0,5.5,89.0,,431,2021,2021
248326000,196.0,32.0,13.0,70.0,,1901,2016,2017
248359000,105.0,16.0,6.3,80.0,,2865,2016,2024
248363000,106.0,17.0,6.29,82.0,,1176,2015,2022
248364000,174.0,24.0,10.37,70.0,,1477,2015,2016
248401000,130.0,22.0,8.5,79.0,,445,2025,2025
248403000,199.0,27.0,11.0,70.0,,2131,2020,2023
248409000,135.0,20.0,8.5,80.0,,1433,2018,2019
248410000,250.0,44.0,12.7,80.0,,421,2021,2021
248426000,300.0,49.0,11.6,71.0,,616,2023,2025
248430000,300.0,40.0,14.5,71.0,,1343,2016,2020
248431000,300.0,40.0,14.5,71.0,,145,2016,2016
248432000,300.0,40.0,14.5,70.0,,2402,2016,2023
248435000,196.0,32.0,13.0,70.0,,903,2016,2018
248440000,180.0,32.0,8.1,70.0,,1068,2021,2025
248455000,282.0,32.0,11.9,71.0,,444,2020,2020
248458000,333.0,60.0,,81.0,,422,2018,2018
248464000,180.0,33.0,7.1,80.0,,470,2019,2019
248476000,189.0,32.0,12.5,70.0,,452,2022,2022
248489000,181.0,30.0,10.0,70.0,,439,2025,2025
248492000,180.0,30.0,6.7,70.0,,486,2019,2019
248496000,180.0,30.0,6.4,70.0,,892,2021,2023
248505000,181.0,30.0,9.7,79.0,,870,2024,2025
248506000,180.0,30.0,7.9,70.0,,365,2021,2022
248510000,180.0,30.0,10.1,70.0,,832,2022,2024
248531000,250.0,44.0,11.5,80.0,,747,2024,2025
248534000,189.0,32.0,8.1,79.0,,298,2021,2022
248552000,170.0,28.0,9.3,70.0,,477,2015,2015
248553000,128.0,20.0,8.7,80.0,,462,2020,2020
248556000,230.0,37.0,10.2,74.0,,2635,2022,2025
248557000,202.0,,,70.0,,1115,2022,2023
248565000,189.0,32.0,6.4,70.0,,670,2022,2025
248572000,222.0,32.0,12.0,70.0,,1212,2018,2022
248574000,222.0,32.0,12.0,70.0,,631,2019,2022
248575000,183.0,32.0,12.2,80.0,,797,2018,2019
248579000,250.0,44.0,9.3,81.0,,122,2019,2019
248602000,180.0,28.0,7.6,80.0,,505,2022,2023
248604000,136.0,23.0,8.8,89.0,,459,2025,2025
248605000,225.0,32.0,14.3,70.0,,468,2018,2018
248620000,180.0,28.0,9.8,89.0,,577,2022,2024
248639000,189.0,32.0,12.5,70.0,,1413,2018,2023
248647000,183.0,32.0,10.9,70.0,,436,2021,2021
248649000,300.0,49.0,14.0,72.0,,453,2021,2021
248654000,180.0,32.0,11.3,89.0,,610,2018,2018
248659000,195.0,32.0,10.0,71.0,,1034,2024,2025
248660000,195.0,32.0,9.5,71.0,,1134,2023,2025
248669000,277.0,48.0,9.4,80.0,,412,2025,2025
248672000,250.0,44.0,13.1,80.0,,70,2025,2025
248674000,123.0,16.0,7.4,70.0,,188,2015,2015
248676000,123.0,16.0,7.4,79.0,,285,2015,2016
248694000,107.0,18.0,6.5,80.0,,2295,2015,2017
248697000,180.0,30.0,11.0,70.0,,918,2021,2022
248698000,180.0,30.0,10.1,70.0,,492,2021,2021
248699000,293.0,40.0,12.0,79.0,,3773,2019,2025
248712000,293.0,40.0,12.6,70.0,,1220,2019,2024
248713000,140.0,22.0,9.1,89.0,,1277,2021,2022
248714000,277.0,48.0,9.4,80.0,,732,2024,2025
248716000,250.0,44.0,12.2,89.0,,389,2019,2024
248721000,186.0,24.0,10.4,70.0,,113,2016,2016
248724000,186.0,23.0,10.4,70.0,,584,2018,2019
248728000,194.0,32.0,9.9,71.0,,267,2021,2021
248729000,194.0,32.0,9.6,74.0,,1251,2021,2025
248741000,199.0,32.0,13.5,70.0,,127,2021,2022
248745000,170.0,26.0,10.1,81.0,,1096,2015,2020
248768000,183.0,32.0,9.6,80.0,,650,2025,2025
248769000,180.0,30.0,9.8,70.0,,467,2017,2017
248770000,180.0,30.0,9.8,70.0,,475,2017,2017
248828000,196.0,32.0,13.0,70.0,,1538,2016,2023
248829000,189.0,32.0,12.8,70.0,,35,2018,2018
248851000,250.0,44.0,11.1,80.0,,953,2021,2025
248884000,253.0,44.0,9.5,89.0,,135,2024,2024
248889000,151.0,23.0,10.1,80.0,,770,2018,2020
248893000,145.0,24.0,7.2,70.0,,802,2019,2023
248895000,249.0,44.0,8.0,80.0,,18,2021,2021
248906000,200.0,32.0,10.2,79.0,,249,2022,2022
248910000,200.0,33.0,9.4,70.0,,216,2021,2021
248912000,200.0,33.0,9.2,70.0,,216,2019,2019
248916000,200.0,32.0,8.4,70.0,,537,2018,2018
248917000,199.0,32.0,10.0,70.0,,598,2024,2024
248923000,200.0,32.0,9.0,70.0,,430,2021,2024
248924000,160.0,24.0,9.9,70.0,,1070,2020,2024
248926000,190.0,32.0,6.6,70.0,,7,2019,2019
248934000,179.0,27.0,9.9,70.0,,24,2018,2018
248935000,277.0,40.0,8.0,71.0,,440,2018,2018
248949000,228.0,32.0,8.0,80.0,,210,2024,2025
248950000,195.0,32.0,13.0,70.0,,2058,2015,2024
248951000,183.0,32.0,10.2,80.0,,764,2022,2023
248954000,189.0,32.0,11.9,70.0,,1036,2019,2019
248959000,228.0,38.0,12.3,80.0,,804,2022,2023
248960000,228.0,38.0,12.6,80.0,,878,2023,2025
248964000,250.0,44.0,15.0,80.0,,449,2015,2015
248967000,169.0,27.0,9.3,70.0,,465,2016,2016
248974000,182.0,32.0,7.5,80.0,,1655,2020,2024
248988000,190.0,32.0,13.0,70.0,,519,2021,2021
248993000,253.0,44.0,13.1,89.0,,574,2021,2022
248999000,190.0,32.0,12.7,70.0,,603,2025,2025
249004000,144.0,24.0,9.7,80.0,,458,2018,2018
249007000,249.0,,,80.0,,408,2021,2021
249008000,189.0,32.0,11.9,70.0,,563,2021,2021
249021000,334.0,43.0,12.4,70.0,,461,2024,2025
249029000,225.0,32.0,14.3,70.0,,474,2017,2017
249049000,200.0,32.0,7.3,70.0,,451,2025,2025
249068000,117.0,18.0,7.4,80.0,,918,2017,2020
249072000,116.0,18.0,7.4,80.0,,469,2021,2022
249078000,249.0,44.0,14.9,81.0,,1304,2016,2025
249080000,116.0,18.0,7.4,80.0,,730,2019,2021
249081000,116.0,18.0,7.4,80.0,,254,2022,2022
249083000,117.0,18.0,7.1,80.0,,336,2024,2024
249084000,116.0,18.0,7.4,80.0,,547,2020,2025
249085000,117.0,18.0,7.4,81.0,,183,2016,2016
249086000,116.0,18.0,7.4,80.0,,2241,2023,2025
249111000,289.0,45.0,17.8,70.0,,473,2020,2020
249112000,299.0,48.0,12.5,71.0,,750,2025,2025
249123000,300.0,48.0,11.8,70.0,,677,2024,2025
249128000,100.0,15.0,6.0,82.0,,923,2016,2024
249153000,291.0,45.0,18.3,70.0,,767,2019,2022
249158000,229.0,32.0,14.6,70.0,,123,2020,2020
249161000,224.0,32.0,14.0,70.0,,466,2019,2019
249167000,300.0,48.0,13.3,71.0,,232,2025,2025
249182000,130.0,20.0,8.15,89.0,,59,2015,2015
249183000,189.0,32.0,12.8,70.0,,443,2023,2023
249184000,190.0,32.0,12.6,70.0,,112,2025,2025
249186000,334.0,42.0,14.5,70.0,,189,2018,2018
249201000,185.0,30.0,9.4,74.0,,20,2025,2025
249202000,330.0,48.0,11.8,70.0,,388,2021,2021
249203000,334.0,42.0,8.1,70.0,,256,2025,2025
249205000,334.0,42.0,14.5,70.0,,1979,2018,2025
249206000,144.0,23.0,8.9,80.0,,404,2020,2020
249208000,180.0,27.0,7.5,80.0,,1234,2018,2025
249210000,268.0,44.0,12.2,71.0,,460,2025,2025
249225000,179.0,28.0,10.0,70.0,,1740,2018,2022
249227000,179.0,28.0,10.0,70.0,,2769,2018,2022
249231000,197.0,32.0,12.3,70.0,,451,2025,2025
249234000,255.0,43.0,11.2,70.0,,282,2024,2025
249235000,190.0,32.0,12.54,70.0,,469,2015,2015
249237000,134.0,22.0,8.9,82.0,,2817,2015,2018
249245000,134.0,22.0,8.9,82.0,,590,2016,2017
249249000,147.0,24.0,9.6,89.0,,1179,2016,2018
249251000,292.0,,,70.0,,116,2023,2023
249256000,180.0,28.0,8.1,80.0,,487,2025,2025
249262000,229.0,,,70.0,,466,2023,2023
249263000,183.0,32.0,12.7,80.0,,475,2019,2019
249266000,249.0,44.0,15.4,80.0,,547,2021,2022
249271000,200.0,32.0,7.1,79.0,,1001,2025,2025
249276000,127.0,20.0,8.7,80.0,,577,2015,2016
249279000,250.0,44.0,13.9,80.0,,279,2021,2021
249280000,225.0,32.0,14.14,70.0,,566,2015,2016
249287000,155.0,,,80.0,,1431,2018,2021
249290000,291.0,45.0,17.8,70.0,,475,2017,2017
249294000,183.0,32.0,13.1,80.0,,2721,2015,2024
249307000,190.0,32.0,10.7,70.0,,500,2025,2025
249309000,229.0,32.0,9.2,70.0,,43,2025,2025
249319000,199.0,27.0,11.0,70.0,,974,2018,2023
249329000,,,8.1,80.0,,625,2021,2025
249338000,183.0,32.0,8.1,80.0,,1274,2019,2025
249340000,183.0,32.0,11.0,80.0,,1086,2018,2025
249343000,129.0,19.0,8.2,80.0,,161,2020,2020
249347000,183.0,32.0,11.3,80.0,,875,2018,2024
249357000,150.0,23.0,9.2,80.0,,474,2016,2016
249374000,107.0,18.0,4.5,80.0,,467,2024,2024
249378000,148.0,23.0,7.5,70.0,,237,2018,2018
249384000,148.0,23.0,8.2,70.0,,143,2017,2018
249386000,,,,70.0,,653,2022,2022
249390000,199.0,4.0,11.1,70.0,,1538,2018,2024
249393000,189.0,32.0,11.9,70.0,,163,2019,2019
249397000,190.0,32.0,12.5,70.0,,909,2019,2023
249401000,225.0,,8.0,80.0,,636,2019,2025
249405000,205.0,,,80.0,,727,2019,2023
249414000,260.0,32.0,12.6,70.0,,1633,2020,2021
249430000,205.0,,,80.0,,45,2018,2018
249437000,131.0,19.0,8.9,80.0,,26,2024,2024
249440000,183.0,,,80.0,,90,2019,2019
249445000,170.0,26.0,10.02,89.0,,513,2015,2015
249451000,183.0,,10.7,80.0,,1008,2018,2024
249452000,,,,80.0,,242,2019,2019
249456000,183.0,32.0,12.6,80.0,,894,2020,2024
249459000,183.0,32.0,12.6,80.0,,454,2020,2025
249460000,186.0,32.0,13.0,89.0,,818,2016,2019
249474000,260.0,32.0,11.3,70.0,,2150,2023,2025
249475000,120.0,17.0,6.8,82.0,,127,2017,2017
249489000,292.0,,,70.0,,451,2023,2023
249498000,131.0,18.0,8.0,80.0,,436,2023,2023
249509000,260.0,32.0,12.6,70.0,,3580,2018,2023
249513000,349.0,43.0,12.9,71.0,,1298,2025,2025
249515000,369.0,51.0,12.3,71.0,,2659,2022,2025
249534000,170.0,26.0,10.0,80.0,,904,2015,2019
249547000,243.0,42.0,15.1,80.0,,373,2019,2019
249549000,246.0,42.0,12.3,80.0,,601,2022,2022
249550000,243.0,42.0,14.8,80.0,,27,2018,2018
249551000,181.0,26.0,7.5,80.0,,648,2024,2025
249557000,180.0,27.0,7.4,80.0,,1671,2022,2025
249558000,369.0,51.0,12.8,70.0,,2426,2022,2025
249575000,243.0,42.0,14.9,80.0,,435,2020,2020
249577000,243.0,42.0,15.1,80.0,,9,2018,2018
249579000,155.0,,,80.0,,1394,2018,2023
249582000,180.0,28.0,7.2,80.0,,42,2025,2025
249598000,131.0,18.0,8.0,80.0,,1319,2018,2025
249602000,176.0,31.0,11.1,80.0,,155,2017,2017
249605000,175.0,26.0,10.63,70.0,,230,2015,2015
249607000,99.0,17.0,6.7,80.0,,427,2025,2025
249612000,199.0,,,70.0,,453,2018,2018
249637000,169.0,25.0,8.52,70.0,,981,2015,2015
249644000,183.0,32.0,13.0,80.0,,1643,2018,2025
249650000,225.0,32.0,14.1,70.0,,444,2015,2017
249652000,,,,80.0,,915,2018,2023
249658000,180.0,27.0,7.7,80.0,,3396,2019,2025
249663000,190.0,32.0,12.83,70.0,,740,2015,2018
249684000,170.0,27.0,9.8,70.0,,440,2016,2016
249692000,173.0,23.0,10.02,79.0,,101,2015,2015
249693000,250.0,44.0,11.5,81.0,,987,2021,2025
249694000,183.0,32.0,13.0,80.0,,1437,2016,2019
249722000,225.0,32.0,7.8,70.0,,478,2017,2017
249726000,,,,70.0,,184,2021,2021
249740000,189.0,23.0,10.1,70.0,,414,2019,2019
249747000,250.0,44.0,14.8,80.0,,1153,2016,2025
249758000,199.0,32.0,10.7,70.0,,1438,2016,2022
249769000,369.0,51.0,12.4,71.0,,3186,2021,2025
249773000,369.0,51.0,13.7,71.0,,820,2023,2025
249775000,,,,80.0,,1037,2018,2020
249779000,182.0,32.0,13.0,80.0,,1481,2017,2024
249783000,330.0,,12.4,70.0,,1024,2021,2025
249796000,183.0,27.0,11.6,89.0,,340,2016,2016
249800000,190.0,32.0,8.9,70.0,,444,2022,2022
249806000,189.0,32.0,12.0,70.0,,223,2022,2022
249808000,369.0,51.0,12.5,70.0,,169,2023,2023
249819000,364.0,46.0,15.5,71.0,,3621,2015,2025
249822000,244.0,42.0,14.9,81.0,,475,2017,2017
249824000,183.0,32.0,11.9,80.0,,691,2021,2022
249830000,260.0,32.0,12.6,70.0,,1510,2022,2025
249832000,189.0,,,70.0,,876,2021,2021
249836000,147.0,23.0,7.0,70.0,,514,2021,2021
249837000,210.0,30.0,11.5,70.0,,1707,2016,2020
249845000,190.0,32.0,12.8,70.0,,642,2018,2022
249848000,274.0,48.0,17.1,80.0,,872,2016,2023
249850000,136.0,21.0,8.3,70.0,,2151,2016,2021
249851000,304.0,40.0,14.5,73.0,,591,2017,2018
249852000,,,,80.0,,330,2019,2019
249876000,224.0,32.0,14.1,70.0,,331,2021,2021
249883000,189.0,32.0,12.8,70.0,,896,2021,2023
249885000,168.0,25.0,8.5,70.0,,1326,2019,2023
249888000,363.0,45.0,15.5,70.0,,2183,2015,2024
249892000,,,,70.0,,428,2021,2021
249904000,264.0,32.0,12.3,70.0,,1494,2018,2025
249909000,264.0,33.0,12.3,70.0,,2029,2018,2025
249917000,300.0,40.0,14.5,72.0,,3049,2015,2025
249933000,123.0,17.0,7.9,70.0,,341,2019,2019
249936000,183.0,32.0,9.0,80.0,,63,2021,2021
249937000,164.0,24.0,9.6,80.0,,291,2018,2018
249944000,229.0,36.0,14.2,70.0,,86,2018,2018
249945000,229.0,37.0,14.2,70.0,,437,2017,2017
249946000,229.0,36.0,14.2,70.0,,59,2018,2018
249947000,228.0,36.0,14.2,70.0,,373,2019,2019
249948000,,,,80.0,,648,2018,2023
249963000,177.0,28.0,10.0,70.0,,449,2016,2016
249966000,304.0,40.0,14.5,73.0,,700,2015,2019
249973000,167.0,25.0,9.8,70.0,,5283,2019,2023
249975000,225.0,32.0,6.1,70.0,,475,2018,2018
249980000,183.0,32.0,13.2,80.0,,352,2020,2020
249982000,,,,70.0,,1186,2019,2020
249984000,250.0,44.0,9.2,80.0,,119,2021,2021
249986000,173.0,23.0,10.2,70.0,,505,2020,2020
249987000,,,,80.0,,558,2020,2020
249997000,250.0,44.0,9.8,80.0,,382,2024,2024
250002887,182.0,30.0,10.0,70.0,,1793,2021,2024
250002903,182.0,30.0,10.0,70.0,,1692,2020,2024
250082000,100.0,16.0,6.39,79.0,,1489,2015,2015
253068000,179.0,,,70.0,,660,2018,2022
253075000,294.0,32.0,11.3,79.0,,119,2015,2015
253146000,332.0,44.0,,71.0,,436,2016,2016
253172000,200.0,32.0,6.8,70.0,,579,2023,2024
253218000,119.0,20.0,7.71,80.0,,316,2015,2015
253246000,200.0,32.0,6.7,70.0,,841,2021,2021
253298000,335.0,42.0,11.5,71.0,,172,2016,2016
253308000,334.0,42.0,12.6,71.0,,583,2016,2016
253690000,147.0,24.0,5.6,81.0,,554,2023,2025
253805000,228.0,36.0,8.4,80.0,,1699,2022,2025
253829000,101.0,15.0,3.9,79.0,,455,2025,2025
255508851,119.0,20.0,7.7,70.0,,373,2019,2019
255601240,180.0,30.0,10.5,70.0,,131,2022,2022
255616000,180.0,30.0,10.8,70.0,,472,2021,2022
255617000,179.0,30.0,9.5,70.0,,367,2022,2022
255618000,211.0,32.0,10.2,71.0,,578,2022,2023
255710000,161.0,25.0,8.3,70.0,,924,2023,2025
255726000,179.0,30.0,6.6,70.0,,765,2022,2022
255727000,180.0,32.0,7.1,70.0,,472,2022,2022
255728000,180.0,32.0,9.8,70.0,,222,2022,2022
255729000,196.0,28.0,9.7,70.0,,420,2021,2021
255736000,193.0,28.0,9.2,70.0,,494,2022,2022
255790000,294.0,32.0,13.6,71.0,,225,2024,2024
255792000,294.0,32.0,13.0,71.0,,852,2022,2022
255796000,295.0,33.0,10.8,70.0,,1087,2022,2022
255797000,294.0,32.0,12.8,70.0,,659,2024,2025
255801000,137.0,21.0,7.5,70.0,,938,2022,2022
255802360,274.0,40.0,13.7,74.0,,478,2024,2024
255802560,175.0,27.0,9.4,74.0,,934,2022,2023
255802670,115.0,18.0,7.5,89.0,,21,2024,2024
255802890,185.0,32.0,11.2,80.0,,478,2022,2022
255802970,87.0,13.0,4.1,70.0,,2022,2024,2025
255803201,334.0,42.0,12.5,71.0,,1502,2024,2025
255803450,340.0,46.0,12.7,70.0,,889,2023,2024
255803480,340.0,46.0,11.1,79.0,,145,2025,2025
255803590,294.0,32.0,11.1,70.0,,514,2024,2025
255803650,196.0,28.0,6.8,70.0,,444,2023,2023
255803670,334.0,42.0,11.6,72.0,,1252,2023,2025
255803680,323.0,43.0,13.4,70.0,,144,2022,2022
255803770,336.0,43.0,11.6,70.0,,619,2025,2025
255803780,323.0,43.0,12.8,71.0,,1132,2022,2025
255803880,144.0,23.0,9.0,89.0,,2252,2015,2024
255804280,144.0,23.0,8.4,80.0,,633,2018,2022
255804290,161.0,23.0,9.0,80.0,,1408,2018,2022
255804340,161.0,23.0,9.0,80.0,,439,2023,2023
255804350,295.0,32.0,13.6,71.0,,1332,2024,2025
255804470,144.0,23.0,9.0,80.0,,443,2020,2024
255804570,144.0,23.0,9.0,80.0,,1289,2018,2025
255804590,190.0,32.0,12.54,74.0,,444,2015,2015
255804750,274.0,48.0,9.8,80.0,,592,2024,2025
255804970,138.0,21.0,6.1,70.0,,159,2025,2025
255804980,190.0,32.0,11.8,70.0,,3149,2015,2017
255804990,245.0,32.0,14.0,70.0,,1398,2016,2017
255805390,225.0,32.0,14.4,70.0,,507,2017,2017
255805554,261.0,32.0,11.0,71.0,,19,2015,2015
255805558,334.0,42.0,14.5,70.0,,906,2018,2021
255805563,255.0,37.0,9.8,79.0,,704,2025,2025
255805564,229.0,32.0,7.7,70.0,,477,2024,2024
255805567,269.0,32.0,12.5,71.0,,820,2015,2015
255805571,334.0,42.0,14.5,70.0,,2344,2018,2022
255805580,207.0,30.0,11.4,71.0,,400,2015,2017
255805584,221.0,29.0,11.4,70.0,,433,2021,2021
255805586,160.0,25.0,9.6,80.0,,86,2025,2025
255805589,275.0,40.0,11.8,70.0,,1435,2021,2023
255805592,272.0,40.0,13.2,70.0,,2269,2015,2017
255805595,318.0,43.0,14.0,71.0,,1594,2015,2018
255805596,318.0,43.0,14.0,71.0,,1952,2015,2018
255805597,318.0,43.0,14.0,71.0,,2135,2015,2017
255805610,191.0,28.0,11.5,70.0,,358,2020,2021
255805614,221.0,29.0,11.4,70.0,,394,2019,2019
255805617,274.0,32.0,13.5,70.0,,1087,2017,2023
255805618,275.0,32.0,13.5,79.0,,1458,2016,2017
255805624,198.0,32.0,13.0,70.0,,27,2020,2020
255805625,183.0,30.0,10.0,70.0,,922,2018,2019
255805626,220.0,32.0,10.0,71.0,,1256,2023,2025
255805658,190.0,24.0,7.7,70.0,,125,2016,2016
255805661,262.0,32.0,12.5,70.0,,435,2022,2022
255805662,180.0,30.0,10.7,70.0,,323,2023,2023
255805663,200.0,30.0,11.6,70.0,,2688,2015,2020
255805664,265.0,37.0,14.0,70.0,,477,2021,2021
255805665,332.0,43.0,14.5,70.0,,744,2017,2019
255805666,264.0,32.0,13.5,70.0,,457,2021,2021
255805667,210.0,30.0,11.5,70.0,,2067,2015,2021
255805668,334.0,43.0,14.5,70.0,,327,2015,2015
255805669,334.0,42.0,14.5,70.0,,475,2019,2019
255805670,334.0,43.0,14.5,70.0,,1400,2015,2019
255805671,180.0,30.0,10.7,70.0,,419,2018,2019
255805674,279.0,40.0,14.02,79.0,,268,2015,2015
255805676,278.0,40.0,14.0,70.0,,1120,2020,2022
255805677,300.0,40.0,14.5,79.0,,623,2015,2019
255805678,300.0,40.0,14.5,79.0,,4442,2016,2024
255805683,210.0,30.0,11.5,70.0,,1299,2015,2021
255805688,180.0,32.0,9.8,79.0,,1798,2021,2024
255805689,180.0,32.0,8.2,70.0,,928,2022,2023
255805750,208.0,29.0,11.6,70.0,,323,2019,2020
255805760,183.0,32.0,8.1,80.0,,424,2025,2025
255805765,229.0,,7.4,70.0,,432,2023,2025
255805774,229.0,32.0,7.5,70.0,,851,2024,2024
255805776,306.0,40.0,14.0,71.0,,443,2017,2018
255805778,276.0,40.0,14.0,71.0,,3240,2015,2018
255805779,275.0,40.0,14.0,70.0,,685,2019,2020
255805780,275.0,40.0,14.0,70.0,,469,2021,2021
255805781,269.0,32.0,12.5,71.0,,335,2016,2016
255805783,272.0,40.0,13.2,72.0,,2676,2015,2018
255805785,166.0,22.0,9.5,70.0,,406,2023,2023
255805787,306.0,40.0,14.5,70.0,,678,2016,2018
255805788,161.0,25.0,9.5,71.0,,1177,2016,2017
255805794,294.0,32.0,13.5,70.0,,608,2018,2018
255805801,154.0,25.0,9.0,70.0,,1476,2017,2021
255805803,220.0,32.0,10.2,79.0,,2012,2022,2025
255805812,189.0,32.0,12.8,70.0,,450,2019,2019
255805816,118.0,15.0,7.0,70.0,,2939,2017,2020
255805817,118.0,15.0,7.0,70.0,,114,2021,2021
255805831,279.0,40.0,14.0,79.0,,1146,2017,2018
255805832,300.0,40.0,14.0,70.0,,632,2018,2019
255805847,186.0,27.0,11.3,70.0,,512,2018,2020
255805852,213.0,32.0,10.2,74.0,,168,2025,2025
255805854,300.0,48.0,14.2,70.0,,1052,2021,2025
255805855,299.0,,,70.0,,428,2020,2020
255805858,180.0,32.0,8.6,70.0,,1080,2021,2022
255805859,299.0,,11.7,70.0,,1009,2021,2025
255805860,180.0,32.0,8.7,70.0,,913,2022,2022
255805864,299.0,,,70.0,,347,2021,2021
255805868,299.0,48.0,10.1,71.0,,292,2025,2025
255805869,299.0,48.0,13.8,74.0,,1306,2021,2025
255805889,334.0,43.0,14.5,71.0,,2415,2017,2022
255805891,299.0,,,70.0,,678,2021,2022
255805893,,,,70.0,,934,2021,2022
255805894,,,7.4,70.0,,392,2024,2024
255805905,170.0,27.0,10.0,70.0,,207,2023,2023
255805913,333.0,42.0,14.5,70.0,,425,2020,2022
255805914,332.0,42.0,14.5,70.0,,2838,2016,2022
255805922,208.0,29.0,11.4,70.0,,260,2020,2020
255805923,208.0,29.0,11.4,70.0,,1014,2019,2022
255805929,299.0,,,70.0,,719,2018,2018
255805930,,,,70.0,,58,2020,2020
255805942,334.0,43.0,14.5,79.0,,2059,2016,2021
255805944,333.0,42.0,14.5,70.0,,1700,2020,2021
255805950,157.0,26.0,9.1,70.0,,977,2018,2019
255805961,300.0,40.0,14.5,70.0,,901,2018,2020
255805962,300.0,40.0,14.5,70.0,,265,2019,2019
255805963,180.0,,,70.0,,383,2020,2020
255805970,301.0,42.0,12.0,70.0,,2,2020,2020
255805973,300.0,43.0,14.5,71.0,,881,2017,2020
255805979,,,,70.0,,943,2019,2019
255805986,289.0,45.0,17.9,70.0,,349,2017,2017
255805987,220.0,32.0,12.2,70.0,,3503,2017,2021
255806004,278.0,40.0,14.0,70.0,,2822,2018,2024
255806005,277.0,40.0,10.5,71.0,,18,2023,2023
255806028,330.0,48.0,13.9,71.0,,1867,2021,2025
255806029,330.0,48.0,15.0,71.0,,941,2022,2023
255806031,330.0,48.0,13.0,71.0,,365,2022,2022
255806032,330.0,48.0,14.8,71.0,,762,2021,2022
255806034,333.0,43.0,14.5,70.0,,1197,2017,2025
255806037,332.0,42.0,13.1,71.0,,455,2021,2022
255806038,333.0,43.0,14.5,70.0,,2760,2020,2023
255806039,333.0,43.0,14.5,74.0,,1330,2017,2025
255806046,108.0,18.0,4.5,70.0,,1612,2022,2024
255806049,190.0,28.0,7.5,70.0,,526,2024,2024
255806051,108.0,18.0,3.5,70.0,,550,2023,2024
255806053,200.0,32.0,8.9,70.0,,826,2022,2022
255806057,186.0,35.0,9.1,70.0,,352,2024,2024
255806058,237.0,44.0,11.4,80.0,,1406,2021,2024
255806059,237.0,44.0,13.0,80.0,,226,2024,2025
255806062,139.0,23.0,7.3,70.0,,1269,2021,2022
255806063,138.0,23.0,8.1,70.0,,1450,2021,2023
255806064,210.0,30.0,11.5,70.0,,391,2018,2018
255806065,222.0,30.0,8.4,74.0,,288,2023,2023
255806066,204.0,28.0,11.0,70.0,,785,2018,2019
255806068,166.0,25.0,9.5,70.0,,3856,2018,2022
255806069,166.0,25.0,9.5,70.0,,6712,2018,2025
255806070,166.0,25.0,9.5,70.0,,6289,2019,2025
255806071,166.0,25.0,9.5,70.0,,2392,2018,2021
255806075,221.0,30.0,9.7,71.0,,362,2021,2021
255806077,301.0,40.0,11.6,79.0,,3436,2018,2023
255806078,300.0,40.0,11.4,71.0,,2780,2019,2023
255806086,158.0,23.0,6.5,70.0,,2549,2023,2024
255806090,180.0,30.0,6.9,70.0,,610,2022,2022
255806094,210.0,30.0,9.6,71.0,,1472,2021,2021
255806095,210.0,30.0,8.9,70.0,,2365,2017,2021
255806103,166.0,25.0,8.0,71.0,,1819,2021,2025
255806104,166.0,25.0,7.3,74.0,,2027,2017,2020
255806105,331.0,42.0,12.4,71.0,,491,2022,2022
255806106,181.0,28.0,7.9,70.0,,968,2021,2023
255806110,161.0,25.0,8.2,70.0,,636,2021,2022
255806112,137.0,21.0,6.3,70.0,,820,2019,2020
255806114,282.0,32.0,10.5,71.0,,675,2018,2018
255806121,223.0,30.0,8.9,74.0,,1137,2023,2025
255806122,172.0,27.0,7.4,70.0,,5963,2020,2024
255806130,116.0,17.0,4.5,70.0,,924,2019,2019
255806134,130.0,16.0,5.3,79.0,,459,2024,2024
255806138,229.0,42.0,11.2,80.0,,462,2022,2022
255806142,132.0,16.0,7.2,70.0,,3390,2018,2025
255806147,250.0,44.0,,80.0,,651,2019,2020
255806154,229.0,42.0,8.2,80.0,,367,2019,2022
255806160,138.0,21.0,6.4,70.0,,452,2018,2018
255806166,100.0,21.0,8.3,70.0,,1976,2022,2024
255806167,180.0,30.0,8.3,70.0,,799,2021,2023
255806168,180.0,28.0,8.4,70.0,,2669,2022,2024
255806169,333.0,43.0,11.6,71.0,,934,2018,2025
255806170,331.0,42.0,13.2,71.0,,1692,2023,2025
255806172,249.0,44.0,12.2,89.0,,840,2018,2023
255806179,162.0,25.0,6.5,71.0,,573,2018,2025
255806180,133.0,16.0,5.2,70.0,,2343,2021,2024
255806181,180.0,28.0,7.4,70.0,,1742,2019,2022
255806182,100.0,21.0,6.9,79.0,,1676,2021,2025
255806183,100.0,21.0,6.9,79.0,,2412,2021,2023
255806184,100.0,21.0,8.4,79.0,,680,2021,2023
255806185,150.0,26.0,6.7,75.0,,205,2021,2021
255806187,150.0,26.0,8.3,70.0,,426,2023,2023
255806194,207.0,30.0,8.7,71.0,,4091,2018,2021
255806204,180.0,30.0,6.6,70.0,,355,2021,2021
255806206,183.0,26.0,5.6,70.0,,1827,2019,2024
255806231,130.0,20.0,7.2,89.0,,467,2023,2023
255806238,232.0,32.0,12.8,80.0,,411,2021,2021
255806239,181.0,30.0,6.7,70.0,,1478,2020,2023
255806243,109.0,17.0,7.9,70.0,,467,2021,2021
255806254,229.0,32.0,14.4,70.0,,464,2024,2024
255806265,183.0,32.0,7.2,81.0,,580,2024,2025
255806282,188.0,32.0,10.0,70.0,,937,2021,2022
255806295,189.0,28.0,6.8,70.0,,318,2025,2025
255806296,190.0,29.0,10.8,75.0,,95,2025,2025
255806297,180.0,32.0,7.4,70.0,,974,2022,2023
255806299,189.0,28.0,6.9,70.0,,158,2022,2022
255806302,200.0,32.0,12.0,70.0,,1088,2023,2025
255806304,300.0,40.0,12.7,74.0,,1036,2021,2022
255806319,274.0,48.0,16.8,80.0,,122,2023,2023
255806325,200.0,32.0,7.1,70.0,,467,2025,2025
255806326,200.0,32.0,13.4,70.0,,129,2024,2024
255806331,124.0,17.0,6.4,70.0,,2096,2021,2025
255806335,366.0,51.0,14.6,74.0,,897,2021,2021
255806337,180.0,30.0,8.3,70.0,,1224,2023,2024
255806338,366.0,51.0,14.4,71.0,,642,2021,2023
255806339,366.0,51.0,14.7,74.0,,322,2022,2025
255806340,366.0,51.0,14.7,71.0,,477,2024,2024
255806342,150.0,26.0,6.4,79.0,,454,2023,2023
255806343,150.0,26.0,7.1,70.0,,1046,2022,2024
255806351,150.0,26.0,6.8,70.0,,351,2024,2024
255806355,144.0,23.0,8.5,82.0,,633,2021,2025
255806356,150.0,26.0,6.3,70.0,,116,2023,2023
255806359,150.0,26.0,9.5,70.0,,514,2022,2022
255806362,325.0,43.0,10.5,79.0,,1387,2020,2025
255806367,325.0,43.0,10.0,71.0,,1458,2020,2025
255806369,139.0,21.0,6.5,70.0,,3172,2021,2025
255806376,324.0,42.0,10.8,71.0,,1853,2020,2025
255806377,325.0,43.0,11.4,72.0,,2220,2020,2025
255806380,181.0,30.0,6.8,70.0,,292,2021,2021
255806386,180.0,30.0,7.5,70.0,,512,2021,2021
255806388,180.0,30.0,10.2,70.0,,259,2022,2022
255806419,185.0,29.0,9.4,82.0,,1203,2022,2024
255806421,185.0,28.0,8.8,82.0,,323,2024,2024
255806423,180.0,28.0,7.3,80.0,,439,2025,2025
255806424,185.0,28.0,10.5,89.0,,531,2025,2025
255806430,300.0,48.0,10.7,71.0,,708,2023,2024
255806437,175.0,27.0,10.0,79.0,,383,2021,2021
255806448,261.0,32.0,10.9,74.0,,698,2022,2022
255806456,144.0,23.0,6.8,80.0,,615,2022,2024
255806467,183.0,30.0,9.2,70.0,,825,2022,2025
255806481,220.0,32.0,10.6,70.0,,3337,2021,2025
255806485,229.0,32.0,11.7,79.0,,843,2025,2025
255806491,300.0,48.0,14.3,74.0,,221,2022,2022
255806493,300.0,48.0,11.4,71.0,,710,2022,2025
255806494,300.0,48.0,12.0,71.0,,3863,2021,2025
255806496,299.0,48.0,13.2,70.0,,139,2023,2025
255806497,301.0,48.0,9.7,71.0,,166,2024,2024
255806498,300.0,48.0,12.4,71.0,,685,2021,2024
255806499,300.0,48.0,14.0,74.0,,467,2024,2024
255806500,300.0,48.0,11.5,71.0,,1267,2022,2025
255806502,330.0,48.0,14.1,71.0,,461,2021,2021
255806506,300.0,48.0,12.5,71.0,,2105,2021,2025
255806512,170.0,26.0,9.0,80.0,,1018,2021,2025
255806516,125.0,21.0,5.7,71.0,,1364,2021,2023
255806520,300.0,48.0,10.3,74.0,,501,2024,2024
255806521,300.0,48.0,13.0,71.0,,463,2021,2021
255878000,118.0,15.0,7.6,70.0,,310,2025,2025
255900000,160.0,25.0,8.8,80.0,,1213,2024,2025
255900127,160.0,25.0,7.7,80.0,,352,2024,2024
255903590,255.0,37.0,12.8,71.0,,476,2025,2025
255915562,135.0,20.0,6.5,70.0,,472,2025,2025
255915589,159.0,27.0,7.2,82.0,,1221,2024,2025
255915593,180.0,30.0,6.4,70.0,,71,2025,2025
255915618,366.0,48.0,14.9,71.0,,942,2025,2025
255915619,366.0,48.0,11.8,74.0,,941,2024,2025
255915622,221.0,33.0,10.0,79.0,,1260,2023,2025
255915623,193.0,28.0,9.0,70.0,,458,2025,2025
255915640,260.0,43.0,14.3,70.0,,66,2024,2024
255915644,170.0,28.0,8.0,71.0,,1933,2024,2025
255915646,188.0,29.0,7.0,89.0,,399,2025,2025
255915668,90.0,13.0,3.9,70.0,,459,2025,2025
255915671,159.0,27.0,7.2,80.0,,965,2024,2025
255915672,292.0,45.0,8.8,70.0,,86,2024,2024
255915675,229.0,32.0,14.7,70.0,,64,2024,2024
255915687,255.0,37.0,12.8,70.0,,1433,2024,2025
255915688,255.0,37.0,8.9,70.0,,430,2025,2025
255915691,116.0,18.0,6.5,83.0,,161,2025,2025
255915723,175.0,27.0,8.4,70.0,,222,2025,2025
255915727,229.0,33.0,7.5,70.0,,438,2024,2024
255915729,255.0,43.0,12.8,72.0,,1143,2024,2024
255915742,159.0,27.0,7.0,82.0,,435,2025,2025
255915762,138.0,21.0,7.7,79.0,,808,2025,2025
255915771,244.0,42.0,13.7,80.0,,506,2025,2025
255915781,168.0,27.0,5.6,70.0,,865,2025,2025
255915782,190.0,32.0,7.2,70.0,,462,2024,2024
255915785,144.0,23.0,6.9,80.0,,415,2025,2025
255915792,175.0,27.0,8.9,70.0,,185,2025,2025
255915794,159.0,27.0,8.0,80.0,,353,2025,2025
255915805,178.0,29.0,6.3,70.0,,104,2025,2025
255915818,272.0,43.0,10.9,70.0,,286,2025,2025
255915838,139.0,21.0,6.8,70.0,,649,2025,2025
255915843,170.0,27.0,10.1,70.0,,3016,2024,2025
255915868,160.0,27.0,8.6,80.0,,396,2025,2025
255915870,138.0,21.0,4.8,70.0,,414,2025,2025
255915873,178.0,29.0,6.4,70.0,,183,2025,2025
255915878,180.0,28.0,10.5,70.0,,427,2025,2025
255915888,229.0,32.0,7.3,70.0,,438,2025,2025
255915892,196.0,32.0,8.1,79.0,,465,2025,2025
255915924,197.0,32.0,6.6,70.0,,473,2025,2025
255915938,225.0,32.0,11.4,70.0,,183,2025,2025
255915943,183.0,32.0,8.2,80.0,,1010,2025,2025
255915964,237.0,44.0,11.9,80.0,,213,2025,2025
255915985,144.0,23.0,6.6,80.0,,387,2025,2025
255915987,144.0,23.0,8.1,84.0,,334,2025,2025
255916032,169.0,27.0,5.5,79.0,,423,2025,2025
255916045,108.0,18.0,6.0,70.0,,151,2025,2025
255916113,179.0,29.0,10.0,70.0,,834,2025,2025
255916273,189.0,33.0,8.1,70.0,,342,2025,2025
255916278,189.0,33.0,9.8,70.0,,297,2025,2025
255916298,200.0,24.0,7.2,70.0,,122,2025,2025
255944000,292.0,45.0,14.3,70.0,,31,2024,2024
255975000,295.0,40.0,10.7,70.0,,1539,2023,2025
255980000,280.0,40.0,11.7,71.0,,1077,2023,2025
255995000,255.0,37.0,13.0,70.0,,466,2025,2025
256006000,228.0,37.0,7.9,70.0,,476,2025,2025
256011000,333.0,42.0,12.3,79.0,,657,2023,2025
256017000,183.0,32.0,12.2,80.0,,372,2018,2018
256029000,224.0,32.0,13.3,70.0,,383,2023,2025
256037000,183.0,32.0,11.0,80.0,,395,2024,2024
256041000,192.0,27.0,11.2,70.0,,8093,2015,2022
256042000,213.0,32.0,9.8,71.0,,164,2025,2025
256045000,167.0,25.0,10.0,79.0,,106,2015,2016
256052000,229.0,32.0,7.4,70.0,,4,2024,2024
256056000,225.0,32.0,13.87,70.0,,438,2015,2015
256058000,293.0,40.0,14.0,70.0,,2076,2017,2023
256062000,300.0,48.0,9.6,71.0,,530,2023,2024
256064000,167.0,25.0,10.02,70.0,,153,2015,2016
256065000,145.0,22.0,8.7,80.0,,1691,2022,2023
256071000,294.0,32.0,10.8,70.0,,128,2025,2025
256075000,293.0,40.0,14.0,71.0,,1409,2017,2024
256079000,210.0,30.0,11.5,70.0,,296,2018,2018
256085000,210.0,30.0,11.5,71.0,,598,2016,2017
256089000,183.0,32.0,12.9,89.0,,146,2022,2022
256095000,276.0,40.0,12.0,73.0,,463,2025,2025
256097000,177.0,28.0,6.9,70.0,,588,2024,2024
256102000,211.0,29.0,11.4,70.0,,404,2019,2020
256104000,299.0,48.0,12.5,70.0,,551,2022,2022
256105000,180.0,32.0,10.5,81.0,,2065,2015,2015
256111000,226.0,36.0,8.3,80.0,,6,2023,2023
256116000,211.0,29.0,11.4,70.0,,1305,2017,2020
256118000,189.0,28.0,10.5,70.0,,228,2020,2020
256122000,106.0,17.0,6.48,80.0,,428,2015,2020
256137000,183.0,32.0,13.2,80.0,,445,2016,2020
256139000,150.0,23.0,9.9,89.0,,1456,2015,2017
256144000,222.0,29.0,8.9,71.0,,79,2022,2024
256147000,190.0,32.0,12.5,75.0,,237,2016,2016
256151000,150.0,23.0,9.9,80.0,,474,2017,2024
256154000,134.0,21.0,8.8,82.0,,538,2015,2016
256160000,134.0,21.0,9.1,80.0,,44,2024,2024
256163000,300.0,49.0,9.9,70.0,,355,2023,2024
256169000,300.0,49.0,10.1,71.0,,85,2025,2025
256170000,172.0,27.0,7.5,70.0,,123,2024,2024
256173000,199.0,32.0,13.3,70.0,,482,2018,2018
256174000,183.0,32.0,13.3,80.0,,198,2021,2021
256182000,183.0,32.0,13.3,80.0,,206,2019,2019
256189000,179.0,30.0,7.4,70.0,,524,2025,2025
256190000,179.0,30.0,10.2,79.0,,887,2024,2025
256196000,183.0,32.0,11.0,89.0,,884,2023,2024
256202000,225.0,32.0,14.03,70.0,,247,2015,2015
256212000,183.0,32.0,11.3,80.0,,348,2024,2024
256213000,299.0,48.0,14.8,70.0,,1465,2018,2024
256219000,179.0,30.0,10.5,70.0,,150,2020,2020
256220000,183.0,32.0,11.0,82.0,,29,2025,2025
256251000,134.0,21.0,8.5,89.0,,1209,2023,2025
256265000,294.0,32.0,13.65,71.0,,483,2015,2015
256266000,294.0,32.0,13.7,70.0,,3217,2015,2018
256289000,208.0,30.0,11.4,79.0,,927,2016,2020
256296000,289.0,45.0,18.1,70.0,,92,2019,2019
256300000,334.0,42.0,14.7,70.0,,3008,2015,2022
256303000,199.0,32.0,13.0,70.0,,262,2018,2018
256304000,211.0,29.0,11.4,70.0,,1854,2020,2021
256307000,189.0,32.0,12.8,70.0,,505,2018,2018
256311000,293.0,40.0,11.8,71.0,,206,2025,2025
256312000,183.0,32.0,11.5,80.0,,746,2025,2025
256318000,222.0,30.0,9.4,70.0,,947,2024,2025
256332000,179.0,32.0,12.0,80.0,,519,2017,2018
256334000,189.0,32.0,12.0,70.0,,555,2021,2021
256338000,182.0,32.0,12.6,80.0,,2104,2016,2024
256340000,134.0,22.0,9.6,89.0,,1215,2023,2025
256350000,176.0,26.0,10.0,70.0,,605,2021,2023
256359000,179.0,32.0,11.0,80.0,,314,2023,2023
256362000,176.0,26.0,9.9,70.0,,427,2021,2021
256368000,177.0,26.0,9.63,70.0,,498,2015,2015
256370000,118.0,19.0,5.9,80.0,,117,2023,2023
256377000,248.0,43.0,15.0,80.0,,1338,2016,2023
256389000,152.0,23.0,9.7,70.0,,842,2023,2023
256396000,183.0,32.0,13.3,80.0,,445,2020,2020
256398000,148.0,21.0,6.4,80.0,,380,2024,2024
256402000,196.0,28.0,11.2,70.0,,134,2023,2023
256416000,186.0,30.0,11.8,70.0,,458,2022,2022
256419000,183.0,32.0,7.3,81.0,,675,2025,2025
256427000,194.0,,,70.0,,480,2019,2019
256430000,182.0,25.0,10.0,70.0,,14,2023,2023
256439000,274.0,48.0,17.07,81.0,,47,2015,2015
256440000,249.0,44.0,13.6,80.0,,445,2018,2018
256448000,183.0,32.0,8.1,89.0,,233,2024,2024
256449000,300.0,48.0,10.1,70.0,,1009,2024,2024
256453000,100.0,15.0,6.4,88.0,,744,2022,2023
256465000,183.0,,,80.0,,3,2022,2022
256466000,183.0,31.0,11.7,70.0,,466,2016,2016
256472000,185.0,27.0,11.5,81.0,,479,2016,2016
256474000,179.0,30.0,10.5,70.0,,590,2018,2019
256484000,179.0,30.0,10.5,70.0,,179,2021,2021
256490000,270.0,42.0,11.8,73.0,,289,2025,2025
256531000,119.0,15.0,7.0,70.0,,432,2018,2018
256536000,120.0,15.0,7.0,70.0,,1019,2017,2018
256542000,199.0,38.0,9.0,70.0,,151,2025,2025
256553000,182.0,32.0,12.6,80.0,,347,2020,2020
256554000,199.0,32.0,13.3,70.0,,48,2018,2018
256567000,270.0,40.0,10.1,72.0,,541,2025,2025
256568000,332.0,60.0,22.5,80.0,,4,2018,2018
256570000,274.0,40.0,11.8,71.0,,2396,2024,2025
256571000,167.0,26.0,9.5,70.0,,480,2015,2015
256572000,304.0,40.0,13.7,71.0,,585,2024,2025
256573000,270.0,40.0,13.1,71.0,,369,2025,2025
256576000,366.0,48.0,12.0,71.0,,782,2021,2021
256592000,268.0,44.0,13.0,73.0,,993,2023,2025
256604000,334.0,42.0,14.7,70.0,,1395,2015,2023
256610000,190.0,32.0,12.8,70.0,,454,2022,2022
256617000,200.0,32.0,7.6,70.0,,475,2024,2024
256621000,157.0,27.0,6.6,70.0,,467,2022,2025
256625000,179.0,32.0,11.0,80.0,,130,2023,2023
256629000,200.0,32.0,9.2,70.0,,442,2025,2025
256630000,225.0,32.0,14.0,70.0,,365,2018,2018
256631000,199.0,32.0,13.3,70.0,,148,2022,2022
256642000,224.0,32.0,14.2,70.0,,291,2018,2018
256644000,300.0,48.0,12.6,71.0,,455,2025,2025
256662000,225.0,32.0,14.3,70.0,,2260,2015,2018
256672000,180.0,30.0,10.2,70.0,,10,2025,2025
256676000,268.0,44.0,11.0,71.0,,260,2024,2024
256679000,166.0,27.0,9.4,75.0,,504,2015,2015
256680000,165.0,27.0,6.9,70.0,,372,2015,2024
256682000,180.0,30.0,9.8,70.0,,1815,2016,2024
256687000,334.0,42.0,14.7,70.0,,2338,2021,2025
256691000,120.0,19.0,8.8,80.0,,1347,2016,2019
256699000,238.0,42.0,14.88,80.0,,471,2015,2015
256702000,249.0,44.0,14.9,80.0,,770,2016,2016
256721000,243.0,42.0,11.9,81.0,,638,2022,2023
256732000,225.0,,,80.0,,857,2019,2023
256734000,225.0,37.0,7.7,80.0,,182,2024,2024
256737000,179.0,32.0,6.0,70.0,,82,2025,2025
256742000,225.0,,,80.0,,283,2019,2022
256748000,183.0,32.0,8.2,80.0,,1128,2022,2025
256757000,183.0,32.0,8.5,80.0,,2415,2018,2024
256761000,190.0,32.0,12.6,70.0,,435,2018,2018
256764000,161.0,23.0,9.0,80.0,,2971,2018,2025
256769000,183.0,32.0,10.1,80.0,,1302,2018,2024
256770000,162.0,23.0,6.2,82.0,,1164,2024,2025
256771000,300.0,,,70.0,,865,2018,2021
256787000,268.0,44.0,12.4,74.0,,722,2024,2025
256788000,268.0,44.0,12.1,72.0,,554,2025,2025
256802000,134.0,20.0,8.8,80.0,,2041,2016,2024
256804000,225.0,32.0,11.9,70.0,,903,2024,2025
256812000,183.0,32.0,8.0,80.0,,21,2024,2024
256820000,179.0,,7.1,70.0,,1602,2018,2024
256829000,189.0,32.0,6.5,70.0,,446,2025,2025
256838000,99.0,15.0,6.0,80.0,,311,2023,2023
256843000,272.0,43.0,13.6,71.0,,275,2025,2025
256845000,272.0,43.0,10.3,71.0,,428,2025,2025
256848000,300.0,50.0,18.4,79.0,,156,2017,2017
256850000,192.0,27.0,11.2,70.0,,7895,2015,2022
256853000,335.0,43.0,,79.0,,477,2015,2015
256855000,334.0,43.0,11.6,73.0,,732,2024,2024
256856000,272.0,43.0,11.8,71.0,,861,2025,2025
256858000,300.0,48.0,14.5,70.0,,1221,2020,2021
256871000,300.0,48.0,14.5,70.0,,433,2018,2018
256879000,199.0,32.0,13.0,70.0,,362,2020,2020
256888000,334.5,42.5,14.7,70.0,,1814,2016,2025
256892000,179.0,30.0,10.7,70.0,,169,2022,2022
256903000,250.0,44.0,12.2,80.0,,343,2022,2022
256909000,183.0,32.0,13.3,80.0,,911,2016,2018
256913000,225.0,32.0,14.0,79.0,,169,2016,2016
256918000,131.0,,,70.0,,389,2018,2018
256929000,148.0,21.0,6.1,80.0,,386,2024,2024
256930000,351.0,43.0,14.5,79.0,,525,2016,2016
256932000,351.0,43.0,10.6,70.0,,648,2015,2016
256936000,225.0,32.0,14.3,70.0,,105,2019,2019
256937000,351.0,43.0,14.5,70.0,,2166,2016,2023
256938000,350.0,42.0,12.9,70.0,,674,2016,2025
256940000,337.0,43.0,14.5,70.0,,1578,2015,2022
256959000,94.0,16.0,5.0,70.0,,510,2025,2025
256978000,190.0,32.0,11.2,70.0,,36,2024,2024
256988000,77.0,26.0,2.8,70.0,,4217,2018,2019
256989000,276.0,40.0,14.0,70.0,,881,2018,2021
256997000,134.0,21.0,7.3,80.0,,150,2025,2025
257005000,181.0,32.0,12.1,80.0,,813,2016,2016
257034490,182.0,32.0,10.1,80.0,,901,2019,2025
257066990,160.0,26.0,6.9,84.0,,1453,2022,2025
257067210,183.0,32.0,10.3,82.0,,344,2025,2025
257069560,160.0,26.0,6.9,84.0,,554,2021,2025
257073000,,,11.8,70.0,,2112,2018,2025
257080210,183.0,32.0,11.1,89.0,,571,2023,2023
257081350,183.0,32.0,8.8,82.0,,1621,2021,2025
257083330,183.0,32.0,12.2,89.0,,126,2022,2022
257083750,160.0,26.0,7.0,80.0,,490,2021,2025
257084660,183.0,32.0,9.7,80.0,,1029,2019,2025
257085720,183.0,32.0,8.4,70.0,,943,2022,2023
257085990,230.0,32.0,7.9,80.0,,2225,2021,2025
257087080,189.0,32.0,9.2,70.0,,1031,2022,2023
257088990,200.0,32.0,12.6,70.0,,469,2021,2021
257107350,183.0,28.0,8.0,82.0,,1321,2021,2025
257112000,225.0,32.0,13.9,70.0,,149,2017,2017
257112270,183.0,33.0,8.2,83.0,,2237,2021,2025
257145000,182.0,32.0,13.2,80.0,,1192,2019,2021
257162000,169.0,25.0,10.9,80.0,,1568,2018,2024
257163269,170.0,26.0,9.5,89.0,,272,2018,2018
257190000,183.0,32.0,8.5,80.0,,741,2020,2023
257199000,170.0,26.0,11.3,80.0,,310,2019,2022
257241000,145.0,25.0,8.5,79.0,,245,2021,2021
257242000,265.0,32.0,9.8,70.0,,472,2023,2023
257244000,,,,82.0,,420,2021,2021
257246000,165.0,27.0,8.1,80.0,,358,2020,2021
257264000,227.0,32.0,8.8,70.0,,75,2024,2024
257277000,188.0,32.0,7.2,79.0,,901,2022,2023
257290000,165.0,27.0,6.8,82.0,,715,2023,2024
257294000,95.0,21.0,7.0,70.0,,466,2016,2016
257309000,204.0,32.0,12.0,80.0,,762,2015,2021
257310000,208.0,32.0,12.3,70.0,,5462,2015,2020
257313000,197.0,29.0,11.7,70.0,,2137,2015,2020
257316000,190.0,32.0,12.6,70.0,,1404,2017,2018
257320000,250.0,44.0,8.4,80.0,,328,2021,2021
257323000,190.0,32.0,12.5,70.0,,423,2022,2022
257325000,189.0,32.0,12.5,70.0,,1305,2018,2022
257326000,183.0,32.0,9.6,80.0,,118,2022,2022
257328000,198.0,31.0,12.0,70.0,,4580,2015,2023
257329000,198.0,31.0,12.0,70.0,,502,2016,2022
257330000,182.0,32.0,6.9,80.0,,297,2022,2022
257331000,183.0,32.0,7.8,80.0,,334,2023,2023
257350000,209.0,32.0,12.3,70.0,,471,2017,2017
257351000,184.0,32.0,8.2,80.0,,9,2023,2023
257356000,283.0,43.0,12.4,81.0,,49,2015,2015
257357000,184.0,32.0,9.5,80.0,,1245,2019,2023
257358000,183.0,32.0,12.0,80.0,,438,2019,2019
257365000,190.0,32.0,8.0,70.0,,1218,2019,2023
257366000,228.0,32.0,9.0,70.0,,3231,2015,2024
257368000,228.0,32.0,10.0,70.0,,2276,2018,2023
257370000,183.0,32.0,7.0,80.0,,409,2021,2021
257373000,183.0,32.0,7.8,80.0,,1747,2021,2024
257375000,182.0,32.0,12.3,82.0,,924,2017,2025
257376000,183.0,32.0,12.3,80.0,,1276,2018,2021
257379000,185.0,31.0,11.5,70.0,,364,2017,2017
257384000,183.0,32.0,9.8,80.0,,636,2021,2024
257389000,160.0,26.0,7.2,84.0,,424,2022,2024
257394000,183.0,32.0,9.3,70.0,,1370,2023,2025
257401000,183.0,32.0,10.7,80.0,,1260,2018,2022
257405000,183.0,32.0,12.3,80.0,,793,2019,2023
257408000,228.0,32.0,10.0,70.0,,2988,2018,2025
257412000,183.0,32.0,7.3,89.0,,463,2019,2019
257424000,198.0,31.0,12.3,70.0,,6086,2018,2025
257427000,189.0,32.0,12.8,70.0,,259,2019,2019
257432000,108.0,18.0,4.3,70.0,,2716,2021,2024
257435000,108.0,18.0,4.3,70.0,,3328,2021,2025
257441000,170.0,27.0,11.3,80.0,,1473,2015,2019
257444000,183.0,32.0,8.9,82.0,,1360,2021,2022
257447000,183.0,32.0,8.8,80.0,,762,2022,2022
257449000,183.0,32.0,11.8,80.0,,223,2021,2024
257450000,183.0,32.0,11.1,80.0,,146,2024,2024
257453000,183.0,33.0,12.8,82.0,,663,2023,2024
257456000,183.0,32.0,12.3,80.0,,1419,2019,2025
257457000,209.0,32.0,12.3,70.0,,84,2017,2017
257460000,190.0,32.0,12.73,70.0,,470,2015,2015
257470000,108.0,18.0,4.3,70.0,,2057,2021,2025
257474000,108.0,18.0,4.2,70.0,,3435,2021,2025
257478000,108.0,18.0,6.5,79.0,,1899,2021,2024
257480000,108.0,18.0,7.6,70.0,,1442,2022,2024
257481000,108.0,18.0,4.2,70.0,,1135,2021,2025
257482000,108.0,18.0,4.5,70.0,,2344,2021,2025
257484000,108.0,18.0,3.9,70.0,,3975,2021,2025
257485000,174.0,28.0,10.02,89.0,,546,2015,2018
257486000,108.0,18.0,6.8,70.0,,2120,2022,2025
257496000,228.0,32.0,10.0,70.0,,1029,2018,2024
257497000,262.0,32.0,11.7,70.0,,228,2020,2022
257501000,183.0,32.0,8.9,82.0,,1708,2021,2025
257502000,190.0,32.0,6.8,79.0,,696,2022,2022
257509000,205.0,32.0,7.1,89.0,,1650,2022,2024
257511000,182.0,32.0,8.1,80.0,,1481,2015,2016
257514000,183.0,32.0,11.5,80.0,,1534,2015,2021
257515000,171.0,31.0,,70.0,,871,2021,2023
257519000,144.0,23.0,8.9,80.0,,445,2017,2017
257523000,200.0,32.0,10.8,70.0,,1527,2022,2023
257525000,183.0,32.0,10.3,83.0,,1389,2021,2024
257526000,144.0,24.0,7.9,82.0,,292,2016,2016
257527000,199.0,31.0,12.0,70.0,,498,2021,2022
257532000,198.0,31.0,12.3,70.0,,2332,2016,2023
257534000,198.0,31.0,12.4,70.0,,400,2022,2022
257536000,183.0,29.0,,80.0,,335,2021,2023
257555000,144.0,23.0,6.8,80.0,,236,2025,2025
257560000,199.0,32.0,10.0,70.0,,1819,2016,2025
257565000,240.0,32.0,11.8,70.0,,3027,2015,2023
257568000,205.0,33.0,7.6,89.0,,1804,2022,2025
257569000,174.0,32.0,10.0,80.0,,2927,2020,2025
257570000,175.0,28.0,9.8,80.0,,859,2025,2025
257593000,190.0,32.0,12.9,70.0,,483,2020,2022
257595000,183.0,33.0,8.9,82.0,,1372,2022,2024
257613000,241.0,32.0,11.75,70.0,,6370,2015,2025
257615000,198.0,31.0,12.3,70.0,,5160,2018,2024
257620000,199.0,32.0,7.1,70.0,,206,2022,2022
257654000,189.0,32.0,12.8,70.0,,519,2020,2023
257661000,208.0,32.0,12.3,70.0,,3070,2015,2023
257665000,199.0,33.0,10.0,80.0,,119,2024,2024
257672000,240.0,32.0,11.8,70.0,,3551,2015,2025
257674000,182.0,31.0,9.0,70.0,,1492,2018,2023
257682000,136.0,20.0,,80.0,,433,2022,2022
257694000,199.0,33.0,11.5,80.0,,1048,2020,2024
257695000,199.0,33.0,11.5,80.0,,737,2019,2020
257711000,229.0,32.0,8.9,70.0,,1554,2018,2025
257712000,199.0,32.0,10.0,70.0,,2263,2017,2025
257713000,200.0,32.0,10.0,70.0,,1064,2015,2016
257714000,200.0,32.0,10.0,70.0,,24,2017,2017
257722000,249.0,45.0,15.2,80.0,,455,2023,2023
257724000,195.0,32.0,8.3,89.0,,269,2025,2025
257731000,170.0,26.0,10.6,80.0,,359,2024,2024
257758000,241.0,32.0,11.8,70.0,,3950,2015,2024
257761000,170.0,26.0,6.2,70.0,,453,2024,2024
257771000,199.0,32.0,13.3,70.0,,1034,2020,2025
257772000,183.0,32.0,12.22,80.0,,1106,2015,2017
257780000,140.0,24.0,6.5,80.0,,323,2024,2024
257784000,199.0,,,70.0,,1021,2020,2020
257790000,200.0,32.0,12.0,70.0,,472,2025,2025
257791000,200.0,32.0,5.5,70.0,,58,2025,2025
257795000,190.0,32.0,12.5,70.0,,1592,2018,2023
257798000,182.0,32.0,,70.0,,583,2022,2022
257801000,189.0,32.0,12.6,70.0,,477,2021,2021
257807000,189.0,32.0,7.6,70.0,,955,2018,2025
257809000,200.0,32.0,11.9,70.0,,202,2022,2022
257842000,204.0,32.0,12.6,70.0,,913,2019,2023
257844000,204.0,32.0,12.6,70.0,,1307,2018,2021
257862000,224.0,32.0,13.8,70.0,,178,2018,2018
257864000,199.0,40.0,10.3,70.0,,792,2020,2024
257869000,228.0,32.0,10.0,70.0,,955,2019,2024
257872000,228.0,32.0,14.3,80.0,,2187,2018,2021
257880000,183.0,32.0,8.8,80.0,,1021,2022,2025
257881000,199.0,32.0,13.3,70.0,,1266,2018,2023
257885000,228.0,32.0,14.3,80.0,,1341,2018,2022
257890000,183.0,32.0,8.6,80.0,,766,2023,2023
257892000,182.0,32.0,10.9,80.0,,838,2023,2025
257894000,183.0,32.0,7.8,80.0,,1328,2022,2025
257897000,183.0,32.0,8.6,81.0,,1963,2022,2025
257899000,182.0,32.0,8.9,82.0,,1562,2024,2025
257901000,183.0,32.0,10.7,80.0,,5725,2015,2024
257917000,228.0,32.0,14.3,80.0,,448,2015,2020
257919000,225.0,36.0,12.0,80.0,,712,2020,2023
257928000,225.0,36.0,12.0,80.0,,2232,2018,2025
257932000,228.0,32.0,14.7,80.0,,244,2021,2021
257936000,228.0,32.0,14.7,80.0,,466,2021,2021
257968000,230.0,32.0,7.5,80.0,,434,2025,2025
257972000,199.0,32.0,13.3,70.0,,437,2023,2023
257990000,277.0,43.0,12.1,80.0,,80,2020,2022
258002000,199.0,32.0,6.5,70.0,,193,2025,2025
258003000,228.0,32.0,9.6,80.0,,444,2024,2024
258005000,204.0,32.0,12.6,70.0,,2233,2019,2023
258007000,204.0,32.0,8.4,70.0,,899,2019,2024
258008000,204.0,32.0,12.7,70.0,,2028,2019,2021
258009000,204.0,32.0,12.6,70.0,,677,2020,2020
258011000,204.0,32.0,12.6,70.0,,1771,2018,2025
258014000,204.0,32.0,12.6,70.0,,1383,2018,2020
258030000,200.0,32.0,6.7,70.0,,893,2022,2023
258055000,107.0,18.0,5.2,70.0,,437,2024,2024
258075000,199.0,,,70.0,,616,2018,2023
258097000,200.0,33.0,7.2,70.0,,387,2022,2024
258102000,200.0,32.0,7.1,70.0,,341,2023,2023
258106000,229.0,32.0,9.2,70.0,,536,2024,2024
258121000,147.0,24.0,10.1,82.0,,313,2025,2025
258136000,199.0,32.0,7.3,70.0,,49,2024,2024
258151000,199.0,32.0,12.7,70.0,,472,2025,2025
258276000,153.0,25.0,10.02,81.0,,154,2015,2015
258288000,199.0,,,70.0,,1236,2021,2021
258297000,199.0,32.0,11.7,70.0,,445,2023,2023
258389000,199.0,,,70.0,,68,2020,2020
258444000,189.0,30.0,11.7,80.0,,516,2016,2016
258602000,154.0,22.0,10.6,80.0,,1654,2023,2024
258617000,278.0,44.0,11.2,84.0,,87,2020,2024
258628000,199.0,,9.0,70.0,,537,2025,2025
258636000,205.0,32.0,12.22,82.0,,357,2015,2015
258641000,204.0,32.0,7.5,80.0,,689,2020,2025
258643000,155.0,23.0,10.6,84.0,,528,2015,2023
258645000,154.0,22.0,10.6,80.0,,128,2022,2022
258655000,227.0,32.0,12.8,80.0,,5119,2015,2021
258667000,205.0,32.0,7.4,84.0,,294,2022,2025
258669000,154.0,22.0,10.6,80.0,,906,2022,2024
258670000,158.0,22.0,10.2,80.0,,191,2018,2020
258676000,274.0,48.0,17.1,80.0,,678,2017,2020
258682000,246.0,43.0,14.9,80.0,,150,2020,2020
258689000,186.0,32.0,11.9,80.0,,563,2023,2024
258692000,248.0,43.0,14.9,80.0,,189,2019,2022
258706000,186.0,,,80.0,,61,2020,2020
258707000,227.0,32.0,12.8,80.0,,687,2019,2020
258720000,199.0,32.0,8.8,70.0,,2320,2016,2021
258724000,202.0,30.0,,80.0,,355,2019,2019
258731000,199.0,,,70.0,,1354,2018,2023
258733000,186.0,32.0,11.8,80.0,,977,2020,2024
258734000,198.0,31.0,12.0,70.0,,4104,2015,2025
258741000,186.0,,,80.0,,462,2023,2023
258749000,182.0,32.0,12.2,80.0,,1017,2019,2021
258751000,144.0,23.0,8.9,80.0,,301,2020,2020
258758000,228.0,32.0,10.0,70.0,,2613,2015,2022
258767000,170.0,26.0,10.9,82.0,,1599,2016,2025
258774000,200.0,32.0,10.0,79.0,,692,2016,2020
258775000,199.0,,7.3,70.0,,1008,2018,2024
258779000,204.0,32.0,12.0,80.0,,863,2020,2024
258781000,158.0,23.0,10.2,80.0,,4615,2015,2019
258786000,249.0,44.0,15.7,70.0,,446,2021,2021
258795000,182.0,32.0,13.2,80.0,,1883,2018,2025
258802000,182.0,32.0,13.2,80.0,,422,2022,2023
258804000,182.0,32.0,13.2,80.0,,1701,2018,2022
258872000,199.0,,,70.0,,348,2020,2020
258879000,82.0,12.0,3.2,70.0,,2342,2025,2025
258881000,274.0,48.0,17.1,89.0,,581,2015,2017
258882000,228.0,32.0,10.0,70.0,,928,2019,2020
258884000,274.0,48.0,17.1,80.0,,306,2017,2017
258910000,183.0,32.0,11.5,80.0,,2919,2016,2025
258913000,174.0,,,80.0,,118,2019,2019
258924000,183.0,32.0,10.7,80.0,,961,2019,2021
258925000,183.0,32.0,10.7,82.0,,953,2016,2016
258926000,169.0,25.0,10.7,80.0,,848,2015,2016
258928000,183.0,32.0,10.72,82.0,,2148,2015,2016
258929000,204.0,32.0,12.0,80.0,,1146,2018,2024
258947000,183.0,32.0,10.7,80.0,,636,2019,2021
258952000,274.0,48.0,16.4,80.0,,464,2018,2018
258954000,197.0,31.0,12.3,70.0,,1572,2018,2022
258957000,175.0,28.0,10.02,80.0,,123,2015,2015
258960000,182.0,32.0,11.5,80.0,,2571,2016,2024
258964000,197.0,31.0,12.3,70.0,,2380,2018,2024
258975000,199.0,32.0,10.3,70.0,,247,2019,2019
258977000,199.0,32.0,10.3,70.0,,989,2021,2024
258981000,228.0,32.0,10.0,70.0,,1499,2017,2024
259001000,228.0,32.0,8.2,70.0,,158,2025,2025
259002000,179.0,28.0,10.2,70.0,,57,2019,2019
259006000,76.0,16.0,5.2,70.0,,1267,2021,2021
259023000,228.0,32.0,9.2,70.0,,1174,2023,2024
259024000,265.0,32.0,10.2,70.0,,1612,2023,2025
259025000,182.0,31.0,9.0,70.0,,985,2018,2019
259071000,226.0,36.0,11.8,80.0,,852,2018,2019
259075000,200.0,36.0,9.4,70.0,,133,2025,2025
259093000,189.0,32.0,12.9,70.0,,900,2020,2022
259095000,181.0,32.0,8.5,80.0,,116,2024,2024
259099000,189.0,32.0,12.9,70.0,,1014,2015,2019
259104000,,,,80.0,,423,2018,2018
259106000,252.0,45.0,12.2,80.0,,46,2025,2025
259127000,225.0,36.0,11.7,80.0,,331,2025,2025
259135000,200.0,32.0,6.8,70.0,,253,2022,2022
259164000,108.0,18.0,6.0,79.0,,129,2024,2024
259165000,199.0,32.0,10.6,70.0,,433,2025,2025
259190000,179.0,27.0,7.0,80.0,,248,2025,2025
259266000,183.0,32.0,12.2,80.0,,637,2018,2018
259274000,200.0,37.0,9.3,70.0,,847,2019,2025
259291000,200.0,32.0,10.0,70.0,,933,2017,2018
259409000,189.0,30.0,12.8,70.0,,316,2018,2018
259701000,189.0,32.0,12.4,70.0,,1933,2021,2023
259708000,225.0,36.0,12.0,80.0,,2887,2018,2021
259709000,179.0,32.0,9.6,70.0,,412,2018,2018
259712000,225.0,36.0,12.6,80.0,,1945,2015,2019
259717000,189.0,30.0,12.8,70.0,,755,2017,2019
259725000,198.0,31.0,12.3,70.0,,635,2022,2024
259739000,179.0,32.0,9.6,70.0,,204,2019,2023
259756000,183.0,32.0,10.7,80.0,,1749,2015,2021
259767000,225.0,32.0,13.9,70.0,,914,2018,2021
259769000,144.0,24.0,6.6,80.0,,727,2024,2024
259773000,183.0,32.0,10.7,80.0,,1181,2019,2021
259776000,225.0,32.0,14.17,79.0,,792,2015,2015
259777000,228.0,32.0,14.2,80.0,,243,2020,2020
259781000,226.0,37.0,11.8,80.0,,1329,2016,2019
259786000,226.0,37.0,11.4,80.0,,3355,2015,2023
259787000,183.0,32.0,11.5,81.0,,3613,2015,2023
259788000,182.0,32.0,13.3,80.0,,3148,2015,2025
259794000,189.0,32.0,12.9,70.0,,127,2018,2018
259805000,231.0,32.0,11.3,70.0,,2025,2018,2023
259810000,229.0,32.0,14.18,89.0,,1831,2015,2019
259830000,183.0,32.0,10.7,80.0,,1293,2018,2019
259882000,183.0,32.0,11.1,80.0,,400,2015,2015
259885000,198.0,31.0,12.0,70.0,,2809,2015,2025
259887000,148.0,24.0,9.4,89.0,,1198,2015,2016
259890000,164.0,23.0,9.6,80.0,,798,2015,2022
259894000,164.0,23.0,9.8,84.0,,334,2021,2021
259895000,231.0,32.0,11.3,70.0,,2459,2015,2022
259898000,148.0,23.0,9.9,82.0,,1312,2015,2017
259917000,182.0,31.0,9.0,70.0,,367,2018,2018
259924000,183.0,32.0,9.0,70.0,,1101,2015,2018
259927000,183.0,32.0,10.7,80.0,,2990,2015,2022
259928000,183.0,32.0,9.6,80.0,,749,2020,2025
259932000,189.0,32.0,12.6,70.0,,456,2023,2023
259933000,189.0,32.0,12.6,70.0,,397,2021,2021
259951000,190.0,32.0,10.9,70.0,,1228,2022,2025
259982000,183.0,32.0,11.6,80.0,,207,2025,2025
259997000,226.0,37.0,11.8,84.0,,484,2015,2018
262005000,180.0,28.0,7.4,70.0,,878,2023,2025
262006000,179.0,28.0,10.8,70.0,,1066,2018,2024
262007000,180.0,30.0,10.3,70.0,,1245,2021,2021
265021000,188.0,32.0,,70.0,,507,2023,2023
265055000,200.0,37.0,7.7,70.0,,501,2024,2024
265491000,228.0,32.0,11.0,70.0,,672,2016,2024
265827240,200.0,36.0,8.8,70.0,,340,2022,2024
265862000,178.0,26.0,6.9,79.0,,465,2015,2015
265884000,227.0,32.0,9.5,70.0,,1242,2018,2025
266018000,292.0,32.0,11.64,79.0,,661,2015,2015
266040000,195.0,26.0,6.2,70.0,,230,2019,2019
266210000,199.0,32.0,11.3,70.0,,1181,2015,2017
266259000,227.0,32.0,11.3,70.0,,636,2017,2019
266260000,227.0,32.0,11.3,70.0,,1113,2015,2019
266261000,227.0,32.0,11.3,70.0,,1527,2021,2025
266282000,231.0,32.0,11.3,70.0,,2206,2015,2025
266283000,231.0,32.0,11.3,70.0,,3838,2015,2025
266338000,231.0,32.0,11.3,70.0,,960,2018,2025
266339000,231.0,32.0,11.3,70.0,,2303,2015,2024
269008000,161.0,25.0,8.6,70.0,,1363,2018,2019
269021000,161.0,25.0,8.6,70.0,,926,2021,2021
269023000,189.0,32.0,12.8,70.0,,471,2018,2018
269025000,189.0,32.0,12.8,70.0,,1091,2022,2023
269032000,110.0,18.0,6.7,80.0,,634,2020,2020
269056000,190.0,32.0,10.3,70.0,,700,2020,2024
269066000,,,,70.0,,613,2023,2023
269084000,240.0,,,70.0,,1,2022,2022
269095000,190.0,,,70.0,,390,2022,2022
269108000,180.0,28.0,10.0,70.0,,5,2015,2015
269149000,181.0,30.0,9.8,70.0,,225,2015,2018
269308000,240.0,,,70.0,,135,2018,2018
269666000,154.0,23.0,9.6,70.0,,211,2019,2019
269669000,140.0,22.0,6.8,70.0,,562,2017,2017
269684000,155.0,24.0,9.2,70.0,,572,2015,2017
269817000,164.0,23.0,8.2,82.0,,883,2015,2016
269837000,181.0,30.0,9.1,70.0,,461,2024,2024
271000666,190.0,32.0,12.0,79.0,,880,2015,2016
271000773,269.0,46.0,17.5,80.0,,377,2022,2022
271000845,238.0,32.0,12.7,70.0,,458,2019,2019
271001254,190.0,32.0,12.0,70.0,,80,2019,2023
271002559,125.0,20.0,7.6,80.0,,459,2023,2023
271040248,190.0,32.0,12.52,79.0,,473,2015,2015
271040311,189.0,32.0,12.7,70.0,,982,2019,2022
271042325,169.0,27.0,10.0,70.0,,846,2025,2025
271042433,182.0,28.0,11.0,70.0,,3246,2017,2024
271042516,189.0,32.0,12.8,70.0,,93,2018,2018
271042601,190.0,33.0,9.0,79.0,,467,2015,2015
271042625,200.0,32.0,11.0,70.0,,567,2015,2018
271042643,179.0,28.0,9.79,70.0,,311,2015,2018
271042654,269.0,46.0,17.52,89.0,,491,2015,2019
271042759,182.0,28.0,11.0,70.0,,3709,2018,2025
271042805,229.0,32.0,14.6,70.0,,455,2022,2022
271042960,179.0,28.0,9.0,79.0,,426,2015,2015
271042996,119.0,20.0,7.4,80.0,,1376,2020,2024
271043022,155.0,21.0,8.6,80.0,,463,2021,2021
271043028,183.0,28.0,11.0,70.0,,2994,2020,2025
271043213,200.0,32.0,11.6,79.0,,1488,2016,2023
271043241,223.0,32.0,13.4,70.0,,9047,2017,2023
271043758,179.0,30.0,10.1,70.0,,1966,2018,2020
271044090,119.0,20.0,7.4,80.0,,756,2020,2022
271044408,130.0,20.0,8.3,84.0,,617,2017,2017
271045704,145.0,21.0,6.4,80.0,,814,2021,2022
271046486,154.0,22.0,9.1,80.0,,242,2021,2021
271048031,169.0,27.0,9.7,70.0,,461,2021,2021
271049229,110.0,17.0,5.0,89.0,,439,2022,2022
271049458,100.0,17.0,5.0,82.0,,399,2022,2022
271051145,244.0,42.0,8.5,80.0,,134,2023,2023
271052023,199.0,32.0,7.9,70.0,,429,2025,2025
271052065,225.0,32.0,6.0,70.0,,1997,2024,2025
273317180,180.0,22.0,9.9,70.0,,7225,2018,2019
273323280,183.0,32.0,12.5,80.0,,242,2016,2016
273383370,148.0,20.0,9.4,70.0,,60,2020,2020
275508000,139.0,22.0,7.0,70.0,,3474,2021,2023
275535000,134.0,20.0,5.9,79.0,,544,2024,2024
275542000,89.0,12.0,4.1,70.0,,3179,2025,2025
275543000,89.0,12.0,3.8,70.0,,5052,2024,2025
275544000,89.0,12.0,3.6,70.0,,2109,2025,2025
277550000,101.0,18.0,4.8,70.0,,769,2022,2024
303031000,272.0,46.0,17.5,80.0,,2296,2020,2025
303104000,191.0,32.0,13.2,80.0,,9057,2015,2025
303105000,192.0,32.0,13.1,80.0,,2201,2015,2016
303210000,199.0,32.0,11.3,70.0,,3265,2016,2025
303270000,183.0,32.0,13.3,80.0,,3124,2020,2025
303281000,72.0,13.0,3.5,70.0,,1239,2015,2015
303294000,287.0,50.0,18.8,80.0,,2510,2017,2022
303340000,300.0,40.0,10.7,70.0,,1705,2022,2024
303348100,128.0,17.0,5.0,70.0,,46180,2018,2025
303352000,299.0,42.0,9.4,79.0,,4617,2018,2024
303417000,292.0,32.0,13.5,70.0,,2019,2016,2018
303436000,70.0,15.0,4.3,79.0,,889,2025,2025
303530000,229.0,34.0,10.3,70.0,,598,2025,2025
303582000,189.0,32.0,8.4,70.0,,473,2024,2024
303583000,255.0,40.0,12.4,79.0,,277,2025,2025
303584000,207.0,32.0,11.4,70.0,,4715,2015,2025
303656000,287.0,50.0,18.8,80.0,,3238,2017,2023
303657000,299.0,40.0,12.0,70.0,,3568,2016,2025
303672000,260.0,32.0,9.6,73.0,,1804,2020,2021
303829025,240.0,38.0,7.8,70.0,,1575,2023,2024
303829026,239.0,38.0,8.4,70.0,,3250,2024,2025
303829046,240.0,38.0,,70.0,,3576,2024,2024
303845000,289.0,32.0,11.3,70.0,,4892,2018,2025
303849000,191.0,30.0,9.7,80.0,,1970,2025,2025
303890000,289.0,32.0,10.9,70.0,,6681,2018,2023
303923000,193.0,28.0,6.5,70.0,,1438,2024,2024
303924000,192.0,26.0,8.5,70.0,,1140,2019,2019
303932000,212.0,32.0,11.6,70.0,,20159,2017,2022
303940000,212.0,32.0,11.6,70.0,,23893,2015,2025
303956000,263.0,30.0,9.9,70.0,,13515,2015,2019
304010228,151.0,21.0,7.8,70.0,,507,2022,2022
304010569,81.0,14.0,5.4,70.0,,1757,2017,2018
304010618,99.0,16.0,4.9,70.0,,20804,2015,2025
304010697,157.0,24.0,9.3,70.0,,2961,2015,2018
304010708,88.0,13.0,5.52,70.0,,73,2015,2015
304010792,94.0,16.0,5.0,70.0,,11482,2015,2023
304010862,86.0,13.0,5.6,70.0,,953,2015,2015
304010886,99.0,17.0,7.3,70.0,,4806,2018,2025
304010909,101.0,19.0,6.9,70.0,,457,2015,2015
304010914,261.0,32.0,12.5,79.0,,366,2015,2015
304010937,122.0,19.0,6.8,70.0,,5126,2015,2021
304010983,99.0,17.0,7.3,70.0,,3101,2018,2025
304034000,143.0,23.0,9.7,79.0,,940,2016,2017
304043000,144.0,24.0,9.8,70.0,,936,2021,2025
304044000,139.0,23.0,6.7,70.0,,1164,2023,2024
304056000,100.0,16.0,6.3,70.0,,3269,2015,2017
304060000,151.0,22.0,7.6,79.0,,436,2025,2025
304067000,146.0,23.0,6.6,80.0,,526,2024,2025
304071000,147.0,24.0,6.7,70.0,,1018,2023,2025
304080796,151.0,20.0,7.8,70.0,,135,2019,2019
304080808,152.0,21.0,7.8,79.0,,456,2017,2017
304080889,153.0,24.0,7.0,70.0,,1096,2015,2015
304081024,151.0,20.0,7.8,70.0,,770,2019,2020
304083000,166.0,25.0,9.5,70.0,,416,2017,2017
304090000,160.0,24.0,9.8,70.0,,473,2015,2015
304091000,160.0,24.0,9.8,70.0,,330,2015,2017
304094000,147.0,23.0,6.2,70.0,,308,2022,2024
304109000,101.0,18.0,5.0,70.0,,3703,2023,2025
304122000,139.0,22.0,7.3,70.0,,5223,2015,2024
304127000,120.0,20.0,7.7,70.0,,1585,2015,2025
304128000,157.0,23.0,9.3,70.0,,2021,2016,2018
304137000,108.0,18.0,7.8,70.0,,871,2017,2018
304161000,162.0,25.0,6.7,79.0,,442,2025,2025
304164000,143.0,22.0,9.7,70.0,,529,2016,2021
304170000,,,5.3,70.0,,467,2016,2016
304182000,129.0,16.0,7.4,70.0,,2326,2015,2019
304183000,129.0,15.0,7.4,70.0,,1088,2019,2020
304188000,107.0,18.0,7.8,70.0,,3255,2015,2018
304189000,101.0,19.0,6.8,71.0,,865,2015,2015
304193000,86.0,13.0,5.54,70.0,,966,2015,2016
304200000,119.0,20.0,6.6,70.0,,1347,2022,2025
304204000,129.0,15.0,7.4,70.0,,1116,2015,2019
304221000,86.0,12.0,5.5,70.0,,3700,2016,2018
304243000,132.0,20.0,7.2,71.0,,1066,2016,2017
304251000,119.0,20.0,7.7,70.0,,1691,2015,2021
304262000,130.0,19.0,8.8,79.0,,376,2021,2022
304288000,120.0,20.0,7.7,79.0,,2408,2015,2021
304304000,99.0,18.0,6.6,70.0,,4992,2015,2025
304330000,144.0,24.0,7.0,79.0,,3122,2022,2025
304332000,144.0,22.0,7.6,79.0,,2451,2021,2025
304342000,147.0,23.0,7.6,71.0,,293,2023,2023
304343000,147.0,23.0,7.1,70.0,,1380,2024,2025
304364000,142.0,18.0,7.3,70.0,,281,2022,2022
304366000,142.0,18.0,7.3,70.0,,713,2016,2019
304367000,109.0,17.0,5.8,70.0,,131,2024,2024
304373000,123.0,21.0,6.3,70.0,,821,2021,2022
304413000,118.0,17.0,7.8,80.0,,436,2022,2022
304414000,114.0,16.0,7.61,80.0,,1038,2015,2015
304416000,133.0,19.0,5.5,70.0,,532,2024,2024
304439000,161.0,25.0,6.1,70.0,,645,2023,2024
304460000,123.0,20.0,6.9,70.0,,285,2020,2020
304479000,119.0,20.0,7.6,70.0,,736,2021,2022
304485000,120.0,21.0,6.6,79.0,,1379,2015,2015
304486000,120.0,21.0,6.59,70.0,,80,2015,2015
304489000,190.0,24.0,5.9,70.0,,63,2023,2023
304509000,126.0,23.0,6.8,70.0,,90,2025,2025
304512000,119.0,20.0,7.6,70.0,,960,2023,2024
304513000,134.0,23.0,6.6,70.0,,406,2024,2024
304521000,190.0,24.0,10.2,70.0,,1402,2021,2025
304543000,119.0,20.0,7.7,70.0,,449,2019,2019
304571000,138.0,22.0,6.2,79.0,,149,2025,2025
304579000,86.0,12.0,4.4,70.0,,476,2017,2017
304580000,130.0,20.0,6.0,70.0,,560,2022,2022
304581000,129.0,17.0,5.6,70.0,,470,2025,2025
304586000,113.0,18.0,6.3,70.0,,316,2017,2017
304587000,145.0,18.0,7.4,70.0,,1662,2023,2025
304598000,99.0,18.0,6.6,70.0,,13848,2019,2025
304599000,150.0,23.0,7.6,70.0,,442,2024,2024
304603000,185.0,23.0,9.8,70.0,,376,2022,2022
304617000,137.0,22.0,6.8,70.0,,790,2015,2021
304664000,92.0,16.0,3.8,79.0,,25,2025,2025
304670000,90.0,14.0,3.1,70.0,,1485,2019,2020
304679000,138.0,21.0,8.0,70.0,,2550,2017,2023
304702000,146.0,18.0,7.3,70.0,,463,2016,2016
304724000,138.0,21.0,8.0,70.0,,515,2017,2017
304726000,138.0,21.0,8.0,70.0,,229,2023,2023
304736000,146.0,18.0,7.36,79.0,,447,2015,2015
304743000,125.0,16.0,7.2,70.0,,387,2016,2016
304746000,138.0,21.0,8.0,70.0,,1756,2016,2024
304789000,138.0,21.0,8.0,70.0,,477,2019,2019
304807000,66.0,11.0,4.3,79.0,,4600,2016,2018
304811000,156.0,24.0,9.5,70.0,,236,2015,2015
304813000,161.0,25.0,9.5,70.0,,228,2022,2022
304814000,161.0,25.0,9.5,71.0,,174,2015,2015
304822000,53.0,11.0,2.0,70.0,,2288,2024,2025
304839000,58.0,12.0,2.1,77.0,,1965,2024,2025
304840000,53.0,11.0,1.8,70.0,,2086,2024,2025
304844000,138.0,11.0,2.4,70.0,,1822,2024,2025
304872000,200.0,32.0,11.3,70.0,,1275,2016,2018
304880000,78.0,16.0,2.7,70.0,,2251,2024,2025
304881000,119.0,20.0,7.6,70.0,,1379,2023,2024
304883000,147.0,23.0,6.5,70.0,,946,2023,2024
304888000,147.0,23.0,7.5,70.0,,1233,2022,2024
304906000,140.0,22.0,7.4,70.0,,8622,2015,2025
304915000,,,4.1,70.0,,472,2015,2015
304921000,81.0,13.0,3.1,70.0,,2513,2024,2025
304928000,90.0,16.0,3.5,70.0,,1761,2024,2025
304939000,231.0,33.0,8.0,79.0,,1072,2020,2021
304941000,139.0,22.0,7.4,79.0,,11300,2015,2025
304954000,119.0,20.0,7.7,70.0,,1420,2018,2025
304955000,103.0,16.0,7.01,87.0,,433,2015,2015
304968000,143.0,22.0,9.7,70.0,,514,2017,2022
304972000,140.0,24.0,6.7,79.0,,3698,2021,2025
304994000,119.0,20.0,7.7,70.0,,1498,2021,2025
305007000,139.0,22.0,8.8,70.0,,4127,2018,2021
305024000,145.0,18.0,7.3,70.0,,2075,2020,2025
305034000,119.0,20.0,5.6,70.0,,529,2019,2025
305043000,138.0,21.0,8.0,70.0,,670,2017,2019
305047000,165.0,26.0,9.0,70.0,,2334,2016,2017
305048000,119.0,20.0,7.6,70.0,,1551,2016,2023
305055000,139.0,22.0,7.4,70.0,,6091,2015,2020
305056000,138.0,21.0,8.0,70.0,,892,2018,2025
305057000,138.0,21.0,8.0,70.0,,372,2018,2020
305063000,138.0,21.0,8.0,70.0,,1053,2021,2023
305065000,138.0,21.0,8.0,70.0,,1730,2017,2025
305066000,138.0,21.0,7.5,70.0,,1458,2019,2025
305075000,222.0,32.0,12.0,70.0,,479,2022,2022
305078000,138.0,21.0,8.0,70.0,,267,2021,2021
305079000,147.0,23.0,8.5,70.0,,3013,2022,2025
305081000,147.0,23.0,7.4,70.0,,464,2024,2024
305086000,147.0,23.0,6.3,70.0,,660,2024,2024
305089000,101.0,15.0,4.3,70.0,,504,2025,2025
305090000,209.0,30.0,11.6,70.0,,334,2017,2019
305093000,132.0,15.0,8.2,70.0,,506,2016,2025
305097000,142.0,19.0,8.1,70.0,,1117,2019,2023
305098000,143.0,23.0,6.4,70.0,,98,2015,2015
305101000,139.0,22.0,8.8,70.0,,1591,2018,2020
305102000,100.0,17.0,4.3,70.0,,1916,2024,2025
305113000,146.0,18.0,5.7,70.0,,443,2025,2025
305121000,143.0,23.0,9.7,70.0,,1203,2015,2023
305134000,139.0,22.0,8.8,70.0,,5379,2018,2025
305140000,139.0,22.0,7.4,70.0,,10096,2015,2025
305141000,140.0,22.0,6.8,70.0,,465,2023,2023
305146000,120.0,20.0,6.4,70.0,,2031,2021,2024
305152000,119.0,20.0,7.7,70.0,,420,2023,2023
305157000,120.0,20.0,6.0,79.0,,2106,2020,2024
305159000,138.0,21.0,8.0,70.0,,3494,2016,2025
305160000,138.0,21.0,7.5,70.0,,569,2015,2025
305161000,138.0,21.0,7.2,70.0,,2375,2016,2025
305164000,159.0,24.0,9.1,70.0,,718,2021,2025
305167000,138.0,21.0,8.1,70.0,,170,2018,2018
305172000,138.0,21.0,8.0,70.0,,1650,2016,2025
305176000,100.0,15.0,5.6,70.0,,1566,2020,2025
305177000,138.0,21.0,8.0,71.0,,608,2015,2020
305178000,120.0,19.0,8.8,80.0,,1599,2017,2024
305179000,99.0,17.0,7.3,70.0,,4706,2017,2025
305187000,119.0,20.0,7.7,70.0,,1297,2019,2024
305200000,169.0,25.0,6.6,70.0,,462,2021,2021
305204000,138.0,21.0,8.0,70.0,,1379,2019,2021
305205000,138.0,21.0,8.0,70.0,,3157,2020,2025
305206000,116.0,18.0,7.0,70.0,,523,2017,2017
305208000,166.0,25.0,9.5,70.0,,582,2015,2016
305209000,115.0,17.0,5.7,70.0,,1602,2016,2017
305222000,138.0,21.0,6.3,79.0,,493,2025,2025
305223000,138.0,21.0,8.0,70.0,,943,2018,2018
305230000,211.0,32.0,12.0,71.0,,879,2015,2016
305236000,139.0,22.0,7.3,70.0,,2462,2023,2025
305238000,115.0,16.0,5.7,70.0,,1103,2017,2019
305240000,122.0,18.0,7.2,70.0,,2796,2018,2021
305245000,138.0,21.0,7.5,70.0,,120,2018,2018
305246000,138.0,21.0,6.1,71.0,,2184,2020,2024
305247000,148.0,24.0,8.2,70.0,,230,2015,2015
305255000,143.0,22.0,9.7,79.0,,1444,2017,2018
305256000,142.0,21.0,9.7,70.0,,1995,2016,2021
305258000,166.0,25.0,7.5,71.0,,3879,2021,2025
305271000,261.0,32.0,12.8,79.0,,1173,2016,2017
305276000,162.0,26.0,7.2,70.0,,1387,2022,2024
305277000,230.0,32.0,8.7,79.0,,489,2021,2021
305289000,100.0,17.0,6.0,70.0,,22230,2015,2025
305291000,139.0,22.0,7.4,70.0,,2886,2022,2025
305293000,161.0,25.0,9.9,70.0,,276,2021,2022
305300000,153.0,24.0,9.73,70.0,,479,2015,2015
305302000,120.0,20.0,7.6,79.0,,632,2016,2024
305305000,145.0,18.0,7.4,70.0,,2480,2018,2025
305315000,145.0,18.0,7.5,70.0,,965,2018,2025
305343000,138.0,20.0,7.7,70.0,,1083,2020,2023
305345000,221.0,29.0,11.4,70.0,,1995,2018,2020
305346000,222.0,30.0,11.4,79.0,,1071,2015,2016
305347000,221.0,29.0,11.4,70.0,,723,2016,2022
305350000,139.0,22.0,7.4,70.0,,11767,2015,2025
305361000,143.0,23.0,9.7,70.0,,2180,2016,2022
305367000,132.0,15.0,7.8,70.0,,327,2021,2021
305369000,143.0,22.0,6.5,89.0,,671,2024,2025
305372000,122.0,18.0,7.2,70.0,,1935,2015,2019
305375000,145.0,18.0,7.4,70.0,,3989,2015,2024
305377000,146.0,22.0,6.1,89.0,,1823,2023,2024
305380000,140.0,22.0,6.4,70.0,,405,2022,2025
305385000,261.0,32.0,12.8,71.0,,463,2015,2017
305387000,261.0,32.0,12.6,70.0,,461,2018,2018
305392000,139.0,20.0,7.7,70.0,,1810,2016,2023
305394000,139.0,16.0,7.7,70.0,,3318,2015,2019
305395000,139.0,16.0,7.7,70.0,,1817,2015,2018
305404000,143.0,23.0,9.7,70.0,,1978,2015,2022
305415000,211.0,29.0,11.4,70.0,,488,2020,2021
305441000,190.0,32.0,12.8,79.0,,475,2016,2016
305442000,189.0,32.0,2.0,70.0,,2165,2024,2025
305458000,138.0,21.0,8.5,70.0,,1436,2015,2019
305460000,138.0,21.0,7.5,70.0,,2109,2017,2023
305461000,138.0,21.0,8.0,70.0,,1825,2018,2022
305462000,138.0,21.0,7.5,70.0,,905,2019,2022
305463000,138.0,21.0,7.5,70.0,,475,2018,2018
305465000,142.0,18.0,7.3,70.0,,434,2018,2018
305466000,143.0,22.0,9.7,70.0,,1091,2016,2021
305469000,138.0,21.0,8.0,70.0,,335,2018,2019
305470000,138.0,21.0,8.0,70.0,,1018,2019,2025
305472000,139.0,20.0,7.7,70.0,,1220,2018,2025
305480000,132.0,23.0,7.8,70.0,,72,2021,2021
305512000,128.0,16.0,7.0,70.0,,473,2018,2018
305529000,143.0,23.0,9.7,70.0,,572,2017,2018
305533000,133.0,23.0,6.5,70.0,,471,2024,2024
305535000,190.0,23.0,8.2,70.0,,333,2025,2025
305536000,139.0,20.0,7.7,70.0,,3102,2019,2025
305545000,166.0,23.0,9.5,70.0,,70,2015,2015
305546000,132.0,15.0,7.8,70.0,,1820,2015,2022
305551000,166.0,23.0,9.5,79.0,,1949,2015,2019
305560000,145.0,18.0,5.2,70.0,,606,2023,2025
305561000,145.0,18.0,7.4,70.0,,1846,2015,2025
305590000,143.0,23.0,9.7,70.0,,3024,2015,2025
305598000,146.0,18.0,7.4,70.0,,739,2017,2025
305615000,130.0,16.0,7.0,70.0,,44,2019,2019
305616000,108.0,16.0,10.7,70.0,,402,2024,2024
305617000,229.0,32.0,11.3,89.0,,110,2025,2025
305623000,127.0,20.0,7.7,70.0,,460,2023,2023
305625000,161.0,27.0,6.8,70.0,,291,2025,2025
305642000,115.0,17.0,5.7,70.0,,906,2015,2016
305647000,129.0,19.0,8.7,70.0,,1979,2016,2020
305649000,129.0,20.0,7.4,70.0,,557,2019,2019
305653000,210.0,30.0,8.9,70.0,,124,2025,2025
305655000,161.0,25.0,9.5,70.0,,957,2018,2018
305656000,145.0,18.0,7.4,70.0,,1615,2018,2024
305657000,161.0,27.0,6.4,79.0,,1409,2022,2025
305663000,153.0,23.0,8.5,70.0,,1340,2019,2024
305675000,107.0,18.0,8.0,70.0,,231,2015,2015
305679000,137.0,21.0,8.0,70.0,,471,2022,2022
305682000,143.0,23.0,7.1,70.0,,1415,2020,2024
305684000,229.0,32.0,10.3,79.0,,665,2025,2025
305688000,130.0,16.0,7.0,70.0,,238,2020,2020
305691000,134.0,23.0,7.8,70.0,,490,2020,2020
305700000,145.0,18.0,7.4,70.0,,2604,2015,2022
305716000,147.0,23.0,7.1,70.0,,462,2025,2025
305717000,153.0,23.0,9.1,79.0,,891,2017,2024
305718000,153.0,23.0,9.1,70.0,,2048,2019,2024
305719000,153.0,23.0,9.1,70.0,,694,2017,2021
305720000,161.0,25.0,9.5,70.0,,386,2018,2018
305723000,140.0,22.0,5.9,71.0,,5676,2021,2025
305737000,138.0,21.0,8.0,70.0,,44,2023,2023
305738000,138.0,21.0,6.4,70.0,,202,2024,2024
305740000,153.0,23.0,8.5,70.0,,430,2023,2023
305749000,132.0,15.0,7.8,70.0,,203,2018,2018
305750000,101.0,19.0,6.65,70.0,,1681,2015,2016
305752000,166.0,27.0,10.1,70.0,,849,2016,2016
305755000,143.0,22.0,9.7,70.0,,440,2018,2018
305756000,143.0,22.0,9.7,70.0,,1016,2022,2023
305757000,125.0,22.0,7.6,70.0,,1677,2020,2024
305767000,129.0,17.0,7.2,70.0,,1363,2019,2022
305776000,153.0,23.0,8.5,70.0,,1929,2018,2021
305781000,89.0,15.0,5.3,70.0,,1385,2015,2022
305789000,142.0,23.0,7.2,70.0,,837,2015,2016
305790000,118.0,15.0,5.2,79.0,,2197,2023,2024
305792000,125.0,22.0,7.6,70.0,,730,2022,2023
305795000,168.0,25.0,9.5,70.0,,927,2018,2018
305796000,162.0,25.0,6.1,79.0,,403,2021,2021
305799000,146.0,18.0,7.35,70.0,,1564,2015,2025
305800000,146.0,18.0,7.35,70.0,,85,2015,2015
305801000,188.0,30.0,11.5,70.0,,604,2015,2015
305802000,188.0,30.0,11.5,79.0,,151,2015,2015
305803000,147.0,23.0,8.3,70.0,,781,2022,2024
305806000,147.0,23.0,6.6,70.0,,585,2023,2024
305812000,101.0,17.0,4.3,79.0,,1584,2025,2025
305822000,132.0,15.0,7.8,70.0,,354,2022,2022
305823000,125.0,22.0,7.6,70.0,,371,2022,2022
305825000,132.0,15.0,7.8,70.0,,1833,2019,2021
305853000,153.0,23.0,9.1,70.0,,1422,2020,2020
305854000,153.0,23.0,9.1,70.0,,1342,2015,2018
305855000,153.0,23.0,6.9,70.0,,749,2018,2025
305856000,153.0,23.0,9.1,70.0,,2242,2016,2023
305857000,153.0,23.0,9.1,70.0,,1618,2016,2021
305859000,153.0,23.0,9.1,70.0,,2120,2017,2024
305864000,125.0,22.0,7.6,70.0,,374,2019,2025
305865000,125.0,22.0,7.6,70.0,,569,2023,2024
305866000,129.0,17.0,7.3,70.0,,465,2019,2019
305885000,125.0,22.0,7.6,70.0,,1282,2021,2024
305905000,223.0,32.0,12.02,71.0,,949,2015,2015
305908000,153.0,,,70.0,,1490,2020,2023
305931000,145.0,18.0,7.7,70.0,,2135,2015,2019
305939000,138.0,21.0,8.0,70.0,,438,2019,2019
305955000,138.0,21.0,6.3,79.0,,2125,2023,2025
305961000,118.0,16.0,7.2,70.0,,2451,2018,2023
305973000,102.0,16.0,6.5,70.0,,356,2021,2021
305995000,108.0,18.0,4.7,70.0,,812,2025,2025
305996000,108.0,18.0,6.0,70.0,,964,2025,2025
305997000,108.0,16.0,6.5,70.0,,1450,2019,2024
306109000,183.0,32.0,9.49,70.0,,448,2015,2015
306122000,181.0,32.0,10.0,70.0,,464,2016,2016
306124000,115.0,18.0,5.9,70.0,,236,2022,2022
306125000,115.0,18.0,5.9,70.0,,217,2022,2022
306132000,218.0,44.0,9.8,70.0,,320,2021,2021
306136000,134.0,16.0,5.8,70.0,,1313,2022,2022
306137000,131.0,19.0,5.8,79.0,,941,2021,2022
306140000,134.0,20.0,5.9,70.0,,803,2022,2022
306157000,169.0,32.0,6.3,70.0,,1247,2016,2021
306216000,139.0,22.0,9.3,70.0,,142,2021,2021
306872000,117.0,18.0,6.7,70.0,,479,2015,2015
308015000,316.0,45.0,14.5,70.0,,1310,2020,2023
308026000,117.0,20.0,7.6,80.0,,1400,2015,2018
308064000,245.0,32.0,13.43,70.0,,501,2015,2015
308077000,185.0,30.0,12.2,70.0,,1124,2016,2017
308090000,158.0,24.0,10.0,70.0,,344,2022,2023
308109000,240.0,42.0,14.9,80.0,,1381,2016,2019
308121000,158.0,24.0,10.0,70.0,,560,2019,2019
308122000,158.0,24.0,10.0,70.0,,295,2019,2019
308124000,159.0,24.0,10.0,79.0,,448,2017,2017
308126000,158.0,24.0,10.0,70.0,,3,2022,2022
308136000,288.0,44.0,12.4,81.0,,71,2016,2016
308184000,199.0,30.0,10.79,70.0,,513,2015,2015
308203000,200.0,31.0,11.7,70.0,,3585,2015,2019
308245000,230.0,32.0,13.2,79.0,,1282,2015,2015
308262000,183.0,32.0,9.8,84.0,,483,2016,2016
308268000,187.0,29.0,12.1,70.0,,1360,2018,2019
308271000,224.0,32.0,12.6,70.0,,1297,2015,2018
308287000,171.0,25.0,10.0,70.0,,442,2018,2018
308299000,244.0,32.0,13.5,70.0,,1646,2018,2020
308315000,158.0,24.0,10.0,70.0,,429,2017,2018
308369000,199.0,32.0,10.0,70.0,,243,2018,2024
308371000,213.0,32.0,12.3,80.0,,2557,2017,2024
308373000,249.0,44.0,10.8,80.0,,242,2017,2017
308391000,240.0,42.0,14.9,80.0,,1350,2017,2018
308397000,246.0,32.0,13.5,70.0,,2027,2018,2024
308438000,158.0,24.0,10.0,70.0,,262,2021,2022
308461000,225.0,36.0,12.6,80.0,,160,2021,2021
308521000,188.0,29.0,12.1,70.0,,940,2015,2016
308527000,188.0,29.0,12.07,70.0,,911,2015,2015
308529000,183.0,29.0,11.8,70.0,,453,2015,2015
308531000,187.0,29.0,12.1,70.0,,794,2018,2019
308532000,187.0,29.0,12.4,70.0,,2377,2020,2023
308543000,129.0,20.0,8.71,89.0,,1815,2015,2017
308599000,199.0,32.0,10.0,70.0,,1824,2016,2019
308652000,119.0,19.0,6.8,80.0,,1114,2021,2023
308663000,230.0,36.0,11.62,84.0,,1191,2015,2015
308664000,238.0,42.0,14.8,80.0,,124,2015,2015
308668000,158.0,24.0,10.0,70.0,,465,2018,2018
308695000,187.0,29.0,12.1,70.0,,1270,2021,2022
308717000,224.0,32.0,14.4,70.0,,1066,2017,2023
308726000,199.0,32.0,10.0,70.0,,769,2018,2021
308744000,188.0,29.0,11.6,70.0,,1721,2015,2017
308773000,175.0,28.0,10.02,82.0,,157,2015,2015
308789000,178.0,28.0,9.8,70.0,,1832,2015,2020
308808000,175.0,31.0,8.8,70.0,,309,2021,2021
308868000,131.0,20.0,8.8,70.0,,1201,2016,2025
308871000,182.0,32.0,12.6,80.0,,36,2018,2018
308876000,178.0,28.0,9.8,70.0,,909,2020,2021
308921000,199.0,32.0,10.0,70.0,,264,2019,2019
308938000,228.0,32.0,14.5,89.0,,994,2016,2018
308945000,225.0,36.0,12.0,82.0,,19,2023,2024
308976000,222.0,32.0,12.8,70.0,,943,2018,2023
309022000,274.0,48.0,12.1,80.0,,175,2025,2025
309038000,228.0,32.0,14.5,80.0,,3198,2015,2018
309046000,316.0,46.0,14.5,71.0,,3667,2015,2025
309072000,274.0,48.0,17.0,80.0,,630,2020,2022
309075000,156.0,23.0,8.5,70.0,,461,2024,2024
309077000,230.0,36.0,11.62,81.0,,478,2015,2015
309108000,200.0,32.0,8.8,70.0,,705,2019,2025
309193000,164.0,24.0,10.0,79.0,,254,2016,2024
309198000,240.0,42.0,14.8,80.0,,746,2018,2018
309217000,184.0,27.0,11.3,89.0,,536,2017,2019
309234000,240.0,42.0,14.9,80.0,,1638,2015,2021
309253000,199.0,32.0,10.0,70.0,,1391,2017,2022
309281000,131.0,19.0,8.8,70.0,,968,2021,2023
309286000,228.0,32.0,14.3,80.0,,884,2017,2025
309293000,179.0,28.0,9.8,70.0,,611,2016,2016
309368000,239.0,42.0,14.9,89.0,,461,2016,2016
309369000,199.0,32.0,9.8,70.0,,167,2018,2024
309372000,185.0,30.0,12.2,70.0,,215,2021,2021
309373000,185.0,30.0,12.2,70.0,,467,2016,2016
309396000,179.0,29.0,9.79,70.0,,647,2015,2016
309401000,274.0,50.0,17.0,80.0,,71,2019,2019
309402000,178.0,28.0,9.8,70.0,,368,2020,2020
309509000,199.0,32.0,9.8,70.0,,770,2015,2018
309518000,240.0,42.0,14.9,80.0,,2181,2015,2022
309541000,171.0,27.0,11.8,80.0,,447,2020,2020
309562000,182.0,32.0,12.7,80.0,,913,2016,2016
309587000,189.0,31.0,12.8,70.0,,437,2019,2023
309617000,194.0,27.0,5.0,70.0,,394,2016,2016
309656000,200.0,32.0,9.73,70.0,,317,2015,2015
309681000,131.0,19.0,8.8,70.0,,1969,2018,2023
309686000,274.0,48.0,9.1,80.0,,3,2024,2024
309689000,131.0,19.0,8.8,70.0,,2297,2019,2024
309702000,116.0,20.0,8.5,89.0,,972,2015,2015
309716000,156.0,23.0,9.5,70.0,,322,2022,2022
309729000,225.0,32.0,14.3,70.0,,444,2019,2019
309734000,184.0,27.0,11.3,80.0,,42,2018,2018
309761000,190.0,31.0,12.8,70.0,,1101,2020,2023
309764000,199.0,32.0,13.5,70.0,,414,2021,2021
309822000,245.0,32.0,12.8,70.0,,471,2015,2016
309832000,184.0,27.0,11.32,80.0,,466,2015,2015
309838000,226.0,37.0,11.2,80.0,,853,2017,2019
309841000,150.0,22.0,9.1,70.0,,1036,2016,2016
309891000,226.0,32.0,10.8,80.0,,848,2022,2024
309901000,316.0,45.0,14.5,70.0,,1946,2020,2024
309905000,199.0,32.0,10.0,70.0,,474,2023,2023
309955000,176.0,31.0,8.8,70.0,,1127,2015,2025
309987000,240.0,42.0,14.9,80.0,,3547,2015,2024
309992000,274.0,48.0,15.5,80.0,,1293,2016,2025
309996000,199.0,32.0,13.5,70.0,,269,2023,2023
310223000,244.0,32.0,10.8,70.0,,354,2021,2021
310376000,294.0,32.0,8.3,79.0,,251,2017,2017
310409000,228.0,32.0,14.4,80.0,,387,2018,2018
310515000,182.0,40.0,13.0,80.0,,581,2019,2020
310549000,182.0,40.0,13.0,80.0,,2163,2015,2022
310554000,183.0,40.0,13.0,80.0,,130,2019,2019
310561000,242.0,42.0,13.9,80.0,,335,2016,2016
310579000,183.0,40.0,13.0,81.0,,496,2016,2016
310587000,182.0,40.0,13.0,80.0,,747,2022,2022
310602000,183.0,40.0,13.02,89.0,,1283,2015,2022
310654000,274.0,48.0,17.0,80.0,,798,2022,2023
310676000,293.0,32.0,9.9,70.0,,285,2015,2015
310683000,183.0,32.0,12.9,80.0,,420,2018,2018
310686000,183.0,,,80.0,,490,2020,2023
310690000,,,,80.0,,281,2021,2021
310691000,,,,80.0,,667,2022,2023
310700000,128.0,20.0,8.7,80.0,,1589,2015,2019
310701000,124.0,21.0,8.56,80.0,,198,2015,2015
310702000,129.0,20.0,8.71,80.0,,503,2015,2015
310703000,129.0,20.0,8.7,89.0,,1220,2015,2017
310704000,127.0,20.0,8.7,80.0,,887,2017,2017
310705000,129.0,20.0,8.71,89.0,,664,2015,2016
310706000,182.0,32.0,12.2,80.0,,940,2019,2020
310707000,182.0,32.0,12.2,80.0,,2286,2015,2020
310708000,183.0,32.0,12.22,82.0,,251,2015,2015
310709000,129.0,20.0,8.7,80.0,,998,2017,2017
310710000,183.0,32.0,12.2,89.0,,908,2017,2020
310711000,127.0,20.0,8.7,80.0,,1043,2017,2019
310712000,182.0,32.0,12.2,80.0,,574,2015,2018
310743000,128.0,20.0,8.7,80.0,,315,2018,2018
310757000,291.0,,,80.0,,118,2023,2023
310761000,268.0,32.0,12.5,79.0,,2200,2017,2019
310762000,183.0,40.0,12.2,80.0,,288,2019,2020
310764000,293.0,32.0,13.6,70.0,,2654,2017,2025
310765000,294.0,32.0,13.6,70.0,,2888,2018,2025
310768000,293.0,32.0,13.6,70.0,,646,2018,2020
310779000,293.0,46.0,9.4,84.0,,283,2023,2023
310825000,281.0,32.0,11.5,70.0,,1041,2022,2022
311000013,333.0,60.0,22.5,80.0,,1148,2016,2019
311000014,333.0,60.0,22.5,89.0,,4,2016,2016
311000076,189.0,32.0,12.3,70.0,,768,2018,2018
311000080,190.0,32.0,13.0,70.0,,119,2018,2018
311000081,190.0,32.0,13.0,70.0,,992,2018,2023
311000083,210.0,36.0,13.8,70.0,,470,2023,2023
311000101,200.0,32.0,9.9,70.0,,842,2018,2025
311000102,199.0,32.0,10.0,70.0,,57,2020,2020
311000103,200.0,32.0,9.0,70.0,,1248,2021,2025
311000104,199.0,32.0,10.0,70.0,,206,2023,2023
311000108,190.0,32.0,12.8,70.0,,478,2017,2017
311000111,275.0,48.0,17.0,80.0,,567,2018,2025
311000112,275.0,48.0,17.0,80.0,,862,2018,2020
311000117,190.0,32.0,13.0,70.0,,122,2019,2019
311000119,197.0,32.0,8.0,70.0,,240,2024,2024
311000126,166.0,27.0,9.6,70.0,,117,2015,2015
311000133,183.0,31.0,10.5,80.0,,241,2018,2018
311000136,243.0,42.0,14.8,80.0,,79,2021,2021
311000137,179.0,29.0,10.5,70.0,,477,2020,2020
311000138,228.0,32.0,14.0,80.0,,712,2015,2018
311000145,190.0,30.0,11.2,70.0,,465,2015,2015
311000149,138.0,23.0,9.3,89.0,,841,2017,2018
311000153,179.0,30.0,10.2,70.0,,354,2022,2022
311000158,180.0,28.0,10.0,70.0,,89,2016,2016
311000167,274.0,48.0,17.1,80.0,,440,2018,2018
311000177,225.0,32.0,14.2,70.0,,448,2017,2017
311000195,179.0,30.0,10.2,70.0,,1517,2019,2023
311000208,172.0,27.0,10.4,70.0,,557,2015,2019
311000221,242.0,42.0,15.4,80.0,,1186,2017,2021
311000222,242.0,42.0,15.4,80.0,,1395,2017,2023
311000223,242.0,42.0,15.4,80.0,,1283,2018,2025
311000224,242.0,42.0,15.4,80.0,,1185,2018,2024
311000225,244.0,42.0,14.9,84.0,,2454,2015,2023
311000231,183.0,31.0,7.5,80.0,,309,2024,2024
311000235,199.0,32.0,13.5,70.0,,785,2018,2021
311000239,190.0,32.0,12.7,70.0,,472,2016,2016
311000243,183.0,30.0,6.7,70.0,,169,2024,2024
311000251,225.0,36.0,12.0,80.0,,426,2022,2022
311000252,225.0,36.0,8.3,80.0,,663,2024,2024
311000255,225.0,36.0,7.8,80.0,,835,2021,2024
311000257,189.0,32.0,12.3,70.0,,409,2018,2018
311000259,179.0,29.0,10.5,70.0,,471,2020,2020
311000260,189.0,32.0,12.8,70.0,,115,2018,2018
311000269,199.0,32.0,13.0,70.0,,1237,2018,2022
311000279,228.0,42.0,10.8,80.0,,1762,2022,2025
311000287,172.0,27.0,10.55,70.0,,767,2015,2015
311000288,178.0,26.0,5.3,70.0,,480,2015,2015
311000298,190.0,29.0,10.4,70.0,,1121,2016,2022
311000299,189.0,28.0,10.4,70.0,,428,2018,2018
311000304,229.0,,,70.0,,627,2018,2019
311000316,179.0,30.0,9.8,70.0,,84,2022,2022
311000324,177.0,28.0,10.6,70.0,,497,2016,2018
311000327,182.0,30.0,11.7,70.0,,3225,2018,2024
311000333,274.0,48.0,9.2,80.0,,746,2017,2024
311000334,274.0,48.0,17.0,80.0,,813,2020,2024
311000335,274.0,48.0,16.2,80.0,,462,2025,2025
311000337,274.0,48.0,17.0,80.0,,126,2022,2022
311000338,274.0,48.0,17.0,80.0,,570,2016,2022
311000342,199.0,32.0,13.0,70.0,,46,2022,2022
311000345,225.0,36.0,11.6,80.0,,861,2020,2023
311000356,289.0,45.0,17.6,70.0,,466,2017,2017
311000357,243.0,42.0,9.2,80.0,,228,2024,2024
311000358,229.0,32.0,7.9,70.0,,541,2025,2025
311000360,250.0,44.0,11.8,80.0,,606,2023,2023
311000368,225.0,32.0,14.4,70.0,,606,2022,2025
311000373,226.0,,,80.0,,13,2019,2019
311000374,226.0,36.0,8.0,80.0,,454,2024,2024
311000375,226.0,,,80.0,,405,2022,2022
311000378,225.0,36.0,12.0,80.0,,1580,2018,2021
311000387,225.0,36.0,8.0,80.0,,1024,2022,2025
311000388,225.0,36.0,8.2,80.0,,1041,2018,2025
311000389,225.0,,,80.0,,1450,2018,2019
311000390,225.0,,,80.0,,358,2020,2020
311000391,225.0,,,80.0,,84,2023,2023
311000392,225.0,36.0,12.0,80.0,,843,2018,2024
311000393,225.0,,,80.0,,451,2019,2019
311000398,229.0,32.0,14.5,70.0,,337,2020,2020
311000400,199.0,,7.1,70.0,,617,2018,2025
311000403,226.0,,,70.0,,124,2021,2021
311000408,183.0,30.0,11.6,70.0,,7343,2018,2025
311000413,199.0,,,70.0,,923,2018,2019
311000421,197.0,32.0,9.8,70.0,,1213,2018,2025
311000427,229.0,32.0,11.8,70.0,,434,2025,2025
311000428,229.0,,,70.0,,8,2019,2019
311000429,229.0,,,70.0,,133,2019,2019
311000437,274.0,48.0,17.0,80.0,,843,2019,2022
311000438,274.0,48.0,10.2,80.0,,452,2021,2025
311000444,274.0,48.0,17.0,80.0,,11,2020,2020
311000449,274.0,48.0,17.0,80.0,,111,2021,2021
311000450,274.0,48.0,12.4,80.0,,461,2024,2024
311000451,264.0,48.0,17.0,89.0,,254,2016,2016
311000453,274.0,48.0,8.9,80.0,,147,2024,2024
311000454,274.0,48.0,16.0,80.0,,987,2017,2021
311000455,274.0,48.0,9.3,80.0,,246,2024,2025
311000459,199.0,,,70.0,,365,2019,2019
311000460,242.0,42.0,15.3,80.0,,1827,2018,2025
311000465,242.0,42.0,15.4,80.0,,1136,2020,2025
311000466,242.0,42.0,15.5,80.0,,303,2019,2020
311000467,242.0,42.0,15.3,80.0,,329,2022,2023
311000474,183.0,32.0,12.4,80.0,,399,2019,2019
311000476,295.0,46.0,9.3,84.0,,325,2022,2022
311000497,228.0,40.0,12.0,80.0,,354,2020,2020
311000500,228.0,40.0,12.0,80.0,,911,2019,2020
311000508,228.0,32.0,13.5,70.0,,594,2018,2020
311000512,178.0,27.0,10.9,70.0,,2220,2016,2021
311000513,178.0,27.0,10.9,70.0,,1500,2016,2020
311000519,225.0,32.0,14.0,70.0,,384,2018,2018
311000552,,,,70.0,,323,2023,2023
311000570,200.0,32.0,10.9,70.0,,1172,2023,2024
311000576,183.0,32.0,7.1,80.0,,11,2025,2025
311000584,183.0,30.0,11.4,70.0,,3275,2019,2025
311000589,183.0,32.0,8.5,89.0,,10,2022,2022
311000592,,,,80.0,,455,2018,2018
311000639,,,,80.0,,558,2021,2022
311000641,229.0,32.0,11.5,70.0,,56,2024,2024
311000644,151.0,23.0,7.9,79.0,,515,2022,2023
311000646,229.0,33.0,8.6,70.0,,1882,2021,2024
311000651,199.0,32.0,11.8,70.0,,743,2021,2024
311000673,177.0,28.0,9.1,70.0,,1992,2018,2021
311000674,91.0,14.0,4.3,70.0,,775,2017,2018
311000676,219.0,38.0,12.1,80.0,,345,2021,2021
311000682,117.0,17.0,5.3,70.0,,429,2020,2020
311000712,115.0,18.0,6.0,70.0,,525,2021,2023
311000713,115.0,18.0,5.9,70.0,,646,2021,2021
311000715,180.0,30.0,6.4,70.0,,904,2023,2025
311000717,229.0,32.0,7.4,70.0,,469,2021,2021
311000724,154.0,24.0,8.5,70.0,,34,2018,2018
311000731,229.0,32.0,7.2,70.0,,496,2023,2024
311000732,229.0,32.0,7.5,70.0,,125,2025,2025
311000736,229.0,32.0,7.2,70.0,,450,2021,2021
311000738,190.0,32.0,11.3,70.0,,5094,2018,2025
311000742,336.0,60.0,16.0,80.0,,155,2022,2022
311000743,336.0,60.0,14.1,80.0,,249,2022,2022
311000744,336.0,60.0,20.9,80.0,,297,2022,2022
311000746,336.0,60.0,11.1,80.0,,961,2023,2023
311000756,169.0,27.0,6.1,70.0,,466,2021,2021
311000757,229.0,32.0,7.3,70.0,,128,2021,2021
311000767,180.0,28.0,7.4,70.0,,1463,2021,2022
311000779,229.0,33.0,7.8,70.0,,1147,2021,2022
311000782,152.0,22.0,6.6,74.0,,42,2022,2022
311000789,190.0,32.0,9.3,70.0,,894,2021,2022
311000791,152.0,23.0,6.8,70.0,,43,2019,2019
311000796,152.0,24.0,7.5,70.0,,455,2025,2025
311000808,197.0,32.0,10.5,70.0,,1993,2021,2024
311000824,199.0,33.0,11.6,70.0,,325,2023,2025
311000834,150.0,22.0,8.0,70.0,,67,2024,2024
311000841,200.0,32.0,6.5,70.0,,257,2024,2024
311000857,188.0,32.0,8.4,70.0,,3155,2021,2025
311000863,250.0,44.0,9.0,80.0,,1676,2021,2023
311000864,250.0,44.0,9.0,80.0,,232,2024,2024
311000878,180.0,30.0,6.3,70.0,,303,2024,2024
311000886,186.0,28.0,9.4,70.0,,941,2022,2024
311000897,229.0,32.0,9.7,70.0,,136,2023,2025
311000898,230.0,32.0,12.0,70.0,,495,2022,2023
311000899,189.0,32.0,11.3,70.0,,3695,2021,2024
311000902,274.0,48.0,9.9,89.0,,3,2023,2023
311000903,274.0,48.0,13.6,80.0,,463,2023,2025
311000905,190.0,32.0,11.6,70.0,,4873,2021,2025
311000907,225.0,32.0,8.9,70.0,,1450,2020,2025
311000915,250.0,44.0,11.8,80.0,,43,2023,2023
311000921,347.0,45.0,10.4,79.0,,339,2024,2024
311000922,346.0,44.0,10.8,71.0,,436,2024,2024
311000923,396.0,54.0,12.7,71.0,,977,2021,2023
311000933,177.0,28.0,6.2,70.0,,1074,2020,2025
311000937,183.0,35.0,12.3,80.0,,102,2025,2025
311000944,183.0,32.0,12.2,80.0,,5,2024,2024
311000954,250.0,44.0,11.3,80.0,,1381,2022,2025
311000963,336.0,60.0,10.9,80.0,,476,2022,2022
311000973,150.0,22.0,7.0,79.0,,46,2025,2025
311000980,178.0,29.0,6.7,70.0,,947,2021,2024
311000985,180.0,30.0,6.7,70.0,,59,2023,2023
311000991,229.0,32.0,7.8,70.0,,460,2025,2025
311001007,228.0,32.0,11.8,80.0,,1641,2021,2023
311001014,170.0,27.0,9.9,70.0,,310,2023,2023
311001015,173.0,29.0,7.8,70.0,,691,2021,2022
311001018,150.0,22.0,8.4,70.0,,473,2021,2021
311001022,180.0,30.0,6.8,70.0,,318,2023,2023
311001027,155.0,24.0,8.7,70.0,,59,2021,2021
311001032,190.0,32.0,9.8,70.0,,441,2022,2022
311001035,155.0,23.0,8.8,70.0,,52,2022,2022
311001046,237.0,44.0,14.2,80.0,,372,2021,2021
311001055,183.0,32.0,8.1,89.0,,197,2023,2023
311001070,180.0,30.0,8.9,70.0,,944,2022,2022
311001073,144.0,24.0,7.0,70.0,,1046,2023,2025
311001077,145.0,24.0,9.2,79.0,,104,2023,2023
311001079,237.0,44.0,8.4,80.0,,239,2025,2025
311001082,169.0,27.0,10.1,70.0,,853,2023,2024
311001084,155.0,24.0,9.5,70.0,,129,2022,2022
311001087,189.0,32.0,10.4,70.0,,977,2022,2024
311001110,190.0,32.0,11.1,70.0,,2658,2023,2025
311001124,190.0,32.0,9.4,70.0,,359,2023,2023
311001136,189.0,32.0,10.1,79.0,,1532,2023,2025
311001156,190.0,32.0,9.8,70.0,,69,2024,2024
311001169,250.0,44.0,12.4,80.0,,520,2023,2024
311001176,244.0,42.0,11.9,80.0,,881,2023,2024
311001200,182.0,32.0,12.6,80.0,,147,2018,2018
311001220,188.0,32.0,10.6,70.0,,1085,2024,2025
311001230,250.0,45.0,8.8,80.0,,459,2023,2023
311001244,260.0,32.0,10.0,70.0,,216,2025,2025
311001246,200.0,32.0,10.2,70.0,,912,2025,2025
311001247,182.0,32.0,11.2,70.0,,1622,2023,2025
311001274,199.0,32.0,10.5,70.0,,193,2024,2024
311001292,199.0,36.0,13.3,70.0,,453,2025,2025
311001296,190.0,28.0,6.7,79.0,,73,2024,2024
311001298,244.0,44.0,12.8,80.0,,433,2025,2025
311001308,244.0,44.0,11.3,80.0,,121,2025,2025
311001337,197.0,33.0,11.5,70.0,,309,2024,2024
311001345,260.0,32.0,10.7,70.0,,439,2024,2025
311001374,183.0,30.0,11.0,70.0,,1056,2023,2025
311001384,183.0,30.0,10.2,70.0,,471,2025,2025
311001416,350.0,43.0,11.2,71.0,,657,2024,2024
311001454,200.0,32.0,11.7,70.0,,443,2024,2024
311001548,199.0,38.0,8.4,70.0,,221,2025,2025
311001549,229.0,32.0,7.3,70.0,,44,2024,2024
311001568,250.0,44.0,9.0,80.0,,427,2025,2025
311001599,199.0,36.0,6.4,70.0,,480,2025,2025
311001605,199.0,31.0,9.2,70.0,,115,2025,2025
311001617,199.0,31.0,10.5,70.0,,670,2025,2025
311001618,200.0,32.0,9.4,70.0,,737,2025,2025
311001622,200.0,32.0,11.5,70.0,,122,2025,2025
311001625,199.0,30.0,6.0,70.0,,424,2025,2025
311001626,199.0,30.0,11.8,79.0,,476,2025,2025
311001630,199.0,31.0,6.5,70.0,,539,2025,2025
311001700,316.0,46.0,12.4,71.0,,654,2015,2015
311002200,180.0,32.0,12.1,80.0,,1000,2016,2016
311002500,225.0,32.0,14.2,70.0,,923,2017,2020
311002800,199.0,32.0,10.0,70.0,,513,2018,2020
311002900,199.0,32.0,10.2,70.0,,49,2023,2023
311003100,199.0,32.0,10.0,70.0,,2289,2019,2025
311003300,199.0,32.0,10.0,70.0,,2413,2018,2021
311003400,199.0,32.0,10.0,70.0,,552,2019,2024
311003500,175.0,31.0,8.8,70.0,,721,2017,2023
311003600,176.0,31.0,8.74,70.0,,926,2015,2017
311003900,176.0,31.0,8.8,70.0,,2282,2019,2023
311004000,135.0,16.0,7.6,70.0,,7267,2016,2024
311004900,199.0,32.0,9.8,70.0,,755,2016,2019
311005200,244.0,42.0,8.9,80.0,,435,2018,2018
311005600,189.0,28.0,10.4,70.0,,915,2021,2025
311005700,190.0,29.0,10.4,70.0,,333,2015,2025
311006400,120.0,20.0,7.4,83.0,,900,2017,2018
311006800,120.0,20.0,7.4,81.0,,679,2015,2018
311007100,225.0,36.0,12.6,80.0,,45,2020,2020
311007300,316.0,46.0,11.9,71.0,,1093,2015,2015
311007700,177.0,28.0,10.0,70.0,,852,2020,2021
311008100,179.0,28.0,9.79,70.0,,349,2015,2015
311008200,179.0,28.0,9.8,70.0,,1104,2015,2017
311008600,189.0,32.0,9.1,70.0,,459,2023,2024
311008700,189.0,32.0,9.1,70.0,,724,2015,2023
311009200,183.0,32.0,12.2,80.0,,1143,2020,2021
311009600,109.0,18.0,7.4,70.0,,475,2016,2016
311011500,190.0,32.0,12.6,70.0,,1175,2018,2023
311012800,183.0,32.0,12.2,80.0,,469,2018,2018
311013600,200.0,32.0,9.8,70.0,,337,2015,2017
311013800,177.0,28.0,10.8,70.0,,2073,2018,2022
311013900,189.0,28.0,10.4,70.0,,629,2018,2023
311015100,200.0,32.0,9.8,70.0,,928,2015,2024
311015200,183.0,32.0,12.2,80.0,,2150,2019,2024
311015300,243.0,42.0,12.6,80.0,,1964,2020,2025
311015600,177.0,28.0,10.0,70.0,,514,2023,2023
311015700,169.0,28.0,8.4,70.0,,480,2016,2016
311016000,129.0,20.0,8.7,80.0,,1063,2015,2016
311016100,179.0,28.0,9.8,70.0,,215,2016,2016
311016400,179.0,28.0,9.79,70.0,,790,2015,2019
311016600,178.0,28.0,8.6,70.0,,1420,2024,2025
311016900,190.0,32.0,12.8,70.0,,129,2017,2017
311017100,183.0,32.0,12.2,80.0,,1165,2015,2024
311017800,177.0,28.0,10.8,70.0,,859,2018,2023
311018000,189.0,28.0,10.4,70.0,,1372,2019,2021
311018600,200.0,32.0,9.8,70.0,,181,2017,2017
311018700,228.0,42.0,14.8,80.0,,3,2022,2022
311019100,228.0,32.0,10.0,70.0,,1120,2016,2022
311019300,228.0,32.0,14.5,80.0,,465,2018,2018
311019400,228.0,32.0,14.4,80.0,,554,2020,2020
311019500,228.0,32.0,14.5,80.0,,473,2021,2021
311021900,110.0,21.0,7.6,82.0,,2,2023,2023
311022900,138.0,23.0,9.1,80.0,,838,2015,2018
311023300,138.0,23.0,9.3,89.0,,912,2015,2016
311024400,190.0,32.0,12.8,70.0,,471,2015,2015
311024500,189.0,32.0,12.8,70.0,,476,2019,2019
311024600,189.0,32.0,12.8,70.0,,259,2018,2018
311024800,190.0,32.0,12.8,70.0,,457,2020,2020
311025100,189.0,32.0,12.8,70.0,,290,2019,2020
311025400,190.0,32.0,6.6,70.0,,176,2024,2024
311025800,177.5,28.5,10.8,70.0,,956,2017,2018
311029000,136.0,16.0,7.6,70.0,,1321,2015,2015
311029600,147.0,24.0,9.4,89.0,,513,2015,2015
311029800,229.0,32.0,14.6,70.0,,96,2018,2018
311032200,177.0,28.0,10.0,70.0,,449,2020,2020
311033200,179.0,28.0,6.5,70.0,,822,2018,2025
311033300,189.0,32.0,12.8,70.0,,930,2023,2024
311036200,189.0,32.0,12.8,70.0,,1210,2018,2025
311036300,190.0,32.0,12.8,79.0,,1340,2015,2016
311036600,183.0,32.0,13.3,80.0,,1377,2018,2018
311036700,183.0,32.0,13.3,80.0,,386,2016,2016
311037100,189.0,28.0,10.4,70.0,,963,2022,2025
311037500,190.0,23.0,10.1,70.0,,443,2020,2020
311037600,190.0,23.0,10.1,70.0,,450,2020,2020
311037700,183.0,32.0,13.5,80.0,,1186,2016,2021
311039000,199.0,32.0,10.0,70.0,,795,2019,2025
311039800,182.0,32.0,12.9,80.0,,430,2018,2018
311039900,228.0,42.0,14.8,80.0,,310,2023,2023
311040100,229.0,42.0,14.8,89.0,,692,2015,2015
311040600,199.0,32.0,10.0,70.0,,1124,2018,2025
311040700,200.0,32.0,9.4,70.0,,996,2019,2025
311040800,200.0,32.0,9.6,70.0,,1509,2018,2024
311040900,229.0,32.0,14.6,70.0,,910,2018,2020
311042500,179.0,28.0,10.2,70.0,,211,2020,2020
311044000,228.0,32.0,14.3,80.0,,1143,2018,2018
311044300,200.0,31.0,10.2,70.0,,181,2015,2024
311044400,199.0,30.0,11.8,70.0,,991,2015,2024
311044500,199.0,30.0,8.6,70.0,,2643,2018,2025
311045300,199.0,32.0,9.8,70.0,,109,2018,2023
311045400,183.0,32.0,13.5,80.0,,805,2018,2022
311046600,183.0,32.0,13.5,80.0,,436,2019,2019
311046700,183.0,32.0,13.5,80.0,,597,2018,2018
311047100,134.0,22.0,5.9,89.0,,1307,2015,2015
311047500,200.0,32.0,12.8,70.0,,27,2016,2016
311048300,168.0,28.0,8.7,70.0,,481,2021,2021
311049400,190.0,32.0,12.6,70.0,,576,2018,2023
311051000,131.0,19.0,8.8,70.0,,1960,2019,2023
311052700,199.0,32.0,10.0,70.0,,1173,2018,2025
311053100,186.0,27.0,10.9,70.0,,273,2020,2020
311053300,229.0,32.0,14.5,70.0,,2194,2019,2025
311053400,229.0,32.0,14.5,70.0,,949,2019,2024
311053500,229.0,32.0,14.5,79.0,,753,2022,2025
311054300,199.0,32.0,10.0,70.0,,542,2023,2023
311054400,199.0,32.0,10.0,70.0,,588,2021,2022
311054900,144.0,21.0,9.2,70.0,,47,2020,2021
311055200,189.0,28.0,10.4,70.0,,106,2023,2023
311055300,189.0,28.0,10.4,70.0,,800,2020,2023
311055400,189.0,28.0,10.3,70.0,,177,2024,2024
311055500,189.0,28.0,10.4,70.0,,253,2022,2022
311055800,177.0,28.0,10.0,70.0,,862,2021,2021
311056900,228.0,32.0,13.5,70.0,,3139,2018,2025
311057100,228.0,32.0,13.5,70.0,,5788,2018,2025
311057300,228.0,32.0,13.5,70.0,,2946,2018,2022
311057900,199.0,32.0,13.0,70.0,,459,2019,2019
311058600,189.0,23.0,10.2,70.0,,457,2023,2023
311061400,250.0,44.0,14.9,80.0,,34,2017,2017
311062200,164.0,24.0,10.0,79.0,,516,2016,2020
311062300,164.0,24.0,8.7,79.0,,277,2025,2025
311062400,164.0,24.0,8.8,79.0,,92,2022,2024
311064200,229.0,32.0,7.4,70.0,,506,2025,2025
311064300,229.0,32.0,14.5,70.0,,451,2016,2019
311064800,187.0,32.0,12.9,70.0,,433,2022,2022
311066200,250.0,44.0,14.9,80.0,,49,2016,2016
311066300,274.0,48.0,17.0,80.0,,848,2019,2020
311066400,274.0,48.0,17.0,80.0,,366,2021,2021
311069200,274.0,48.0,17.0,80.0,,19,2017,2024
311071100,143.0,22.0,9.7,70.0,,944,2015,2015
311071300,143.0,22.0,9.7,70.0,,1277,2017,2018
311072300,199.0,32.0,10.0,70.0,,75,2022,2022
311072400,199.0,32.0,10.0,70.0,,849,2021,2024
311073800,274.0,48.0,9.5,80.0,,305,2018,2022
311087000,149.0,22.0,7.1,70.0,,847,2022,2022
311128000,225.0,32.0,14.15,70.0,,297,2015,2015
311177000,243.0,42.0,14.9,80.0,,1042,2016,2021
311208000,224.0,32.0,14.2,70.0,,398,2020,2020
311249000,178.0,26.0,9.7,70.0,,161,2020,2020
311259000,189.0,31.0,12.8,70.0,,895,2018,2018
311266000,179.0,29.0,9.79,70.0,,37,2015,2015
311288000,189.0,30.0,12.8,70.0,,1142,2015,2025
311289000,131.0,19.0,8.8,70.0,,1944,2018,2021
311358000,190.0,29.0,6.3,70.0,,485,2024,2024
311379000,190.0,28.0,10.4,70.0,,407,2021,2021
311408000,189.0,32.0,9.5,70.0,,774,2016,2021
311425000,282.0,32.0,13.0,70.0,,517,2016,2016
311433000,145.0,24.0,10.0,70.0,,475,2016,2016
311447000,145.0,24.0,10.02,70.0,,423,2015,2015
311449000,136.0,16.0,7.6,79.0,,2672,2015,2017
311453000,178.0,26.0,9.7,70.0,,101,2018,2018
311461000,135.0,16.0,7.6,70.0,,947,2018,2019
311475000,189.0,32.0,9.5,70.0,,2179,2018,2024
311476000,243.0,42.0,14.9,80.0,,2483,2018,2024
311482000,243.0,42.0,9.8,89.0,,538,2015,2017
311497000,256.0,45.0,14.0,80.0,,2523,2015,2019
311498000,256.0,44.0,14.0,80.0,,1039,2018,2020
311499000,269.0,46.0,17.5,81.0,,496,2017,2017
311538000,228.0,32.0,14.02,80.0,,496,2015,2019
311553000,179.0,28.0,10.2,70.0,,1087,2015,2016
311554000,179.0,28.0,6.8,70.0,,122,2015,2015
311564000,129.0,19.0,8.0,70.0,,501,2020,2020
311588000,178.0,27.0,8.7,70.0,,1495,2016,2020
311594000,199.0,32.0,10.0,70.0,,435,2020,2020
311638000,179.0,27.0,8.7,70.0,,781,2019,2021
311639000,190.0,32.0,12.02,79.0,,244,2015,2015
311646000,249.0,43.0,14.9,80.0,,850,2019,2023
311648000,250.0,44.0,14.8,80.0,,538,2017,2019
311656000,118.0,20.0,7.8,82.0,,843,2015,2015
311667000,152.0,24.0,9.0,70.0,,64,2016,2016
311681000,199.0,30.0,11.7,70.0,,928,2018,2018
311696000,199.0,32.0,10.0,70.0,,359,2016,2023
311697000,199.0,32.0,8.4,70.0,,588,2021,2025
311698000,199.0,32.0,10.0,70.0,,24,2022,2022
311702000,228.0,32.0,14.0,80.0,,980,2015,2022
311707000,228.0,32.0,14.0,80.0,,1453,2016,2022
311708000,229.0,32.0,14.0,80.0,,1357,2015,2017
311727000,249.0,43.0,14.9,80.0,,682,2015,2021
311728000,249.0,43.0,14.9,80.0,,1048,2021,2023
311744000,189.0,31.0,12.8,70.0,,1057,2020,2025
311756000,118.0,19.0,6.0,80.0,,692,2015,2016
311773000,224.0,32.0,14.1,70.0,,1391,2020,2020
311807000,275.0,48.0,9.2,80.0,,391,2024,2024
311816000,253.0,44.0,14.8,80.0,,347,2022,2022
311829000,189.0,28.0,10.4,70.0,,444,2023,2023
311831000,189.0,28.0,10.4,70.0,,724,2022,2023
311832000,190.0,28.0,10.4,70.0,,1348,2015,2025
311857000,186.0,32.0,13.0,80.0,,777,2017,2018
311918000,199.0,32.0,10.0,70.0,,1280,2017,2022
311919000,200.0,32.0,10.0,70.0,,184,2016,2016
311921000,199.0,32.0,10.0,70.0,,639,2018,2023
311923000,186.0,32.0,13.02,80.0,,1133,2015,2022
311927000,186.0,32.0,13.0,80.0,,402,2022,2022
311929000,186.0,32.0,13.01,89.0,,215,2015,2015
311931000,186.0,32.0,13.0,80.0,,446,2018,2018
311943000,228.0,32.0,12.8,80.0,,683,2018,2018
311968000,225.0,32.0,14.1,70.0,,940,2017,2017
311981000,228.0,32.0,14.5,80.0,,196,2021,2021
311985000,182.0,32.0,12.6,80.0,,1634,2016,2019
312283000,99.0,16.0,4.8,89.0,,33,2017,2017
312407000,99.0,16.0,5.0,84.0,,964,2021,2025
312666000,106.0,19.0,4.8,70.0,,1855,2021,2022
312666111,,,3.5,79.0,,41,2015,2017
314001000,225.0,32.0,12.3,89.0,,49,2015,2015
314010000,151.0,23.0,8.7,70.0,,74,2018,2018
314012000,157.0,23.0,9.51,70.0,,153,2015,2015
314033000,190.0,32.0,12.8,70.0,,694,2018,2018
314076000,200.0,24.0,10.7,70.0,,271,2017,2017
314084000,200.0,24.0,10.7,79.0,,462,2016,2016
314147000,190.0,32.0,10.5,70.0,,797,2023,2024
314277000,138.0,21.0,7.0,70.0,,818,2018,2018
314295000,138.0,21.0,8.0,70.0,,1495,2019,2021
314296000,139.0,21.0,8.0,70.0,,1062,2022,2024
314311000,189.0,32.0,12.8,70.0,,475,2018,2018
314312000,189.0,32.0,6.5,70.0,,474,2024,2024
314410000,138.0,21.0,8.0,70.0,,331,2025,2025
314428000,199.0,32.0,7.1,70.0,,766,2019,2025
314439000,139.0,21.0,8.4,70.0,,469,2018,2018
314441000,140.0,22.0,7.0,70.0,,851,2018,2019
314444000,165.0,24.0,6.8,80.0,,467,2022,2022
314445000,164.0,23.0,9.8,80.0,,1468,2018,2021
314446000,164.0,23.0,9.8,80.0,,2490,2020,2024
314447000,164.0,23.0,9.8,80.0,,2775,2018,2021
314449000,143.0,23.0,6.3,70.0,,625,2024,2025
314467000,147.0,23.0,6.7,70.0,,1214,2022,2025
314480000,229.0,32.0,7.5,70.0,,463,2021,2021
314482000,199.0,32.0,7.1,70.0,,474,2023,2023
314483000,199.0,32.0,7.1,70.0,,468,2024,2024
314485000,199.0,32.0,12.0,70.0,,624,2021,2022
314486000,200.0,32.0,8.7,70.0,,353,2021,2021
314507000,200.0,32.0,9.4,70.0,,535,2024,2024
314508000,199.0,32.0,7.7,70.0,,474,2023,2023
314569000,100.0,31.0,3.3,70.0,,6019,2025,2025
314579000,183.0,32.0,10.1,70.0,,376,2022,2022
314685000,180.0,31.0,9.7,70.0,,855,2022,2024
314691000,200.0,32.0,11.2,70.0,,462,2025,2025
314693000,200.0,32.0,10.6,70.0,,190,2025,2025
314694000,200.0,32.0,7.0,70.0,,300,2025,2025
314695000,183.0,31.0,6.3,70.0,,347,2024,2025
314714000,180.0,30.0,9.7,70.0,,126,2023,2023
314871000,200.0,32.0,7.1,70.0,,124,2025,2025
314884000,190.0,32.0,6.6,79.0,,432,2025,2025
314886000,199.0,32.0,13.0,70.0,,345,2025,2025
316002050,72.0,16.0,5.1,70.0,,438,2021,2024
316004940,189.0,18.0,7.5,70.0,,2449,2022,2023
316009560,148.0,23.0,9.3,80.0,,431,2023,2023
316011550,228.0,32.0,14.3,80.0,,283,2021,2021
316012950,182.0,27.0,11.2,80.0,,1315,2018,2023
316014170,139.0,21.0,7.7,70.0,,3029,2020,2024
316028326,182.0,27.0,10.7,89.0,,1299,2019,2024
316031773,,,,80.0,,763,2021,2023
316033266,135.0,24.0,7.8,89.0,,371,2025,2025
316040257,137.0,20.0,9.0,89.0,,19,2020,2020
319004100,182.0,32.0,12.1,80.0,,5977,2015,2022
319013600,200.0,33.0,9.8,70.0,,512,2015,2016
319014200,123.0,20.0,8.9,80.0,,7884,2015,2023
319014300,183.0,32.0,11.89,82.0,,1071,2015,2016
319015800,200.0,33.0,9.8,70.0,,556,2016,2016
319016900,229.0,32.0,14.4,70.0,,258,2018,2018
319017500,182.0,32.0,11.9,80.0,,1261,2020,2025
319017600,123.0,20.0,8.9,80.0,,6793,2015,2025
319025300,183.0,32.0,10.7,80.0,,2652,2018,2025
319025600,199.0,32.0,9.8,70.0,,682,2019,2019
319054200,189.0,32.0,12.7,70.0,,687,2018,2022
319057600,189.0,32.0,12.7,70.0,,462,2022,2022
319058000,199.0,32.0,9.7,70.0,,1262,2016,2022
319061700,144.0,24.0,9.6,80.0,,466,2020,2020
319070500,274.0,48.0,17.1,80.0,,261,2016,2018
319076100,199.0,32.0,13.0,70.0,,913,2021,2025
319079100,146.0,,,80.0,,164,2020,2020
319084600,175.0,27.0,10.0,80.0,,154,2019,2019
319091700,169.0,26.0,11.3,80.0,,1371,2018,2025
319091800,186.0,32.0,7.8,80.0,,632,2019,2024
319093100,199.0,,,70.0,,457,2020,2022
319093800,185.0,,9.5,80.0,,3636,2018,2024
319095100,277.0,,,80.0,,330,2021,2021
319098500,274.0,48.0,16.0,80.0,,207,2016,2016
319100600,186.0,,8.2,80.0,,16,2025,2025
319103100,186.0,,,80.0,,1298,2020,2021
319103800,,,7.5,80.0,,5343,2018,2025
319106900,185.0,32.0,10.4,80.0,,2919,2018,2024
319112500,185.0,32.0,8.8,80.0,,3406,2018,2025
319116900,,,,70.0,,475,2019,2019
319120100,185.0,32.0,8.5,80.0,,2399,2021,2025
319120200,185.0,32.0,9.1,81.0,,3438,2021,2025
319121000,112.0,19.0,7.5,80.0,,6680,2018,2025
319125100,229.0,32.0,9.7,70.0,,468,2024,2024
319129600,244.0,42.0,,80.0,,322,2021,2021
319130500,180.0,30.0,6.6,70.0,,454,2022,2022
319130800,277.0,48.0,9.4,81.0,,344,2024,2024
319132300,190.0,32.0,6.3,70.0,,783,2023,2024
319149000,200.0,32.0,10.0,70.0,,1222,2015,2020
319153600,197.0,32.0,7.1,70.0,,680,2023,2025
319155200,225.0,32.0,7.3,70.0,,476,2021,2021
319156500,197.0,32.0,6.6,70.0,,11,2020,2020
319161000,248.0,43.0,14.9,80.0,,440,2018,2018
319182000,146.0,24.0,9.5,80.0,,55,2015,2019
319192100,178.0,28.0,9.1,79.0,,653,2021,2022
319192200,189.0,32.0,6.7,70.0,,467,2022,2022
319194000,112.0,19.0,7.5,80.0,,8152,2015,2025
319200700,294.0,32.0,12.0,79.0,,1795,2021,2025
319205300,159.0,24.0,6.8,80.0,,1861,2023,2025
319211600,332.0,46.0,12.4,71.0,,1361,2023,2025
319219200,304.0,40.0,12.0,70.0,,1361,2023,2025
319280000,182.0,32.0,12.1,80.0,,1271,2017,2020
319282000,182.0,32.0,11.9,80.0,,1012,2020,2022
319310000,200.0,32.0,9.7,70.0,,599,2020,2021
319366000,196.0,32.0,12.7,70.0,,465,2019,2019
319377000,182.0,32.0,11.9,80.0,,1111,2015,2025
319392000,187.0,28.0,8.7,70.0,,191,2022,2022
319409000,200.0,33.0,9.82,70.0,,941,2015,2022
319445000,176.0,31.0,11.8,89.0,,3578,2017,2025
319446000,176.0,31.0,11.8,80.0,,4020,2018,2025
319459000,162.0,23.0,10.1,80.0,,2471,2015,2025
319468000,176.0,31.0,11.9,80.0,,3591,2018,2023
319469000,162.0,23.0,10.1,80.0,,3792,2018,2025
319478000,162.0,23.0,10.1,80.0,,3847,2019,2025
319479000,176.0,31.0,11.9,80.0,,3934,2018,2025
319488000,176.0,31.0,11.9,80.0,,3978,2015,2025
319489000,177.0,31.0,11.9,80.0,,4196,2015,2025
319498000,176.0,31.0,11.9,80.0,,6424,2018,2025
319499000,176.0,31.0,11.9,80.0,,5645,2015,2025
319515000,166.0,26.0,8.0,80.0,,1771,2021,2025
319545000,162.0,23.0,10.1,80.0,,2874,2015,2025
319570000,200.0,32.0,9.7,70.0,,216,2018,2018
319591000,163.0,24.0,9.0,80.0,,4061,2015,2025
319602000,183.0,32.0,10.7,80.0,,2598,2018,2023
319605000,177.0,31.0,11.9,82.0,,3078,2015,2024
319627000,182.0,32.0,11.9,80.0,,1919,2018,2024
319653000,189.0,32.0,12.8,70.0,,469,2019,2019
319721000,190.0,32.0,12.27,70.0,,404,2015,2015
319740000,186.0,28.0,8.5,70.0,,245,2018,2018
319767000,228.0,32.0,14.3,80.0,,823,2016,2018
319768000,227.0,32.0,14.3,80.0,,1674,2017,2022
319819000,199.0,32.0,9.7,70.0,,1310,2017,2021
319875000,190.0,32.0,12.3,70.0,,1672,2017,2025
319885000,199.0,32.0,9.7,70.0,,1396,2015,2019
319904000,186.0,28.0,8.5,70.0,,2436,2016,2021
319913000,200.0,32.0,9.82,79.0,,52,2015,2015
319963000,182.0,32.0,11.9,80.0,,5953,2015,2025
319994000,123.0,20.0,8.9,80.0,,8989,2015,2025
325111400,122.0,20.0,7.0,79.0,,400,2022,2022
325147300,82.0,12.0,3.1,71.0,,1879,2025,2025
325933000,244.0,42.0,8.0,80.0,,848,2018,2018
334890000,33.0,12.0,3.0,79.0,,7724,2025,2025
334976000,90.0,14.0,4.3,70.0,,7471,2022,2025
334977000,87.0,13.0,3.9,70.0,,6271,2022,2025
334978000,91.0,14.0,3.9,70.0,,7581,2022,2025
334979000,91.0,14.0,4.0,70.0,,7166,2022,2025
338009000,199.0,32.0,9.6,70.0,,899,2017,2023
338058000,228.0,32.0,9.1,70.0,,2376,2020,2025
338071000,300.0,40.0,14.5,71.0,,5363,2015,2025
338078000,299.0,40.0,14.5,70.0,,9536,2015,2025
338100000,41.0,11.0,3.0,70.0,,474,2024,2024
338110000,183.0,32.0,9.8,80.0,,1829,2021,2025
338121000,265.0,35.0,10.6,70.0,,2313,2023,2024
338135000,64.0,,,70.0,,8595,2018,2021
338145000,200.0,32.0,9.4,70.0,,3175,2022,2025
338158000,183.0,32.0,11.0,80.0,,3883,2018,2024
338172000,255.0,40.0,12.0,71.0,,183,2025,2025
338188000,186.0,32.0,9.7,80.0,,10628,2018,2025
338196417,27.0,6.0,,70.0,,353,2020,2021
338217000,190.0,32.0,11.9,70.0,,6091,2015,2024
338219000,190.0,32.0,7.6,70.0,,3393,2016,2025
338221000,183.0,32.0,12.2,80.0,,5707,2015,2025
338227000,183.0,32.0,13.0,80.0,,7717,2018,2025
338228000,62.0,14.0,4.0,70.0,,2428,2024,2024
338241000,299.0,40.0,14.5,70.0,,7721,2015,2025
338249000,72.0,15.0,3.1,70.0,,827,2019,2019
338273000,142.0,23.0,5.5,70.0,,1819,2020,2025
338295000,248.0,32.0,5.2,70.0,,25748,2020,2025
338302000,186.0,32.0,11.1,80.0,,2767,2018,2025
338324000,75.0,16.0,3.5,70.0,,458,2024,2024
338371000,272.0,46.0,17.5,80.0,,888,2021,2023
338403000,299.0,40.0,14.5,70.0,,7401,2015,2025
338408000,299.0,40.0,14.5,70.0,,6098,2016,2025
338418000,299.0,40.0,14.5,70.0,,5216,2015,2025
338442708,10.0,4.0,,70.0,,1281,2024,2024
338447000,47.0,16.0,6.5,80.0,,10469,2015,2017
338454000,49.0,15.0,3.0,70.0,,3025,2024,2025
338474000,299.0,40.0,14.5,70.0,,6947,2015,2025
338500000,251.0,44.0,15.0,80.0,,3870,2015,2021
338525000,299.0,40.0,14.5,70.0,,7628,2015,2025
338617000,182.0,32.0,11.2,80.0,,5417,2018,2025
338619000,199.0,32.0,10.0,70.0,,1515,2018,2025
338640000,189.0,32.0,10.2,70.0,,5536,2015,2021
338657000,199.0,32.0,10.0,70.0,,450,2021,2023
338669000,90.0,14.0,4.5,70.0,,473,2017,2017
338678000,54.0,12.0,4.0,70.0,,539,2018,2018
338679000,300.0,40.0,11.8,79.0,,1946,2021,2024
338731000,95.0,25.0,4.1,70.0,,3230,2015,2025
338744000,35.0,9.0,3.0,70.0,,422,2025,2025
338760000,233.0,32.0,10.4,70.0,,9635,2018,2025
338781000,243.0,32.0,11.0,70.0,,3494,2016,2021
338789000,232.0,32.0,10.4,70.0,,11153,2018,2025
338794000,228.0,32.0,8.5,79.0,,1250,2021,2025
338796000,265.0,35.0,10.4,74.0,,2589,2021,2025
338806000,289.0,32.0,10.9,70.0,,19303,2016,2025
338815000,289.0,32.0,10.4,70.0,,6566,2019,2025
338846000,289.0,32.0,10.9,70.0,,32242,2015,2025
338860000,153.0,23.0,9.7,70.0,,931,2020,2020
338879000,186.0,32.0,11.2,80.0,,3704,2018,2025
338881000,255.0,40.0,13.0,71.0,,228,2025,2025
338902000,289.0,32.0,8.6,70.0,,1222,2024,2024
338924075,240.0,38.0,7.9,79.0,,390,2025,2025
338924264,228.0,33.0,7.3,89.0,,1714,2025,2025
338929000,289.0,32.0,10.9,70.0,,10473,2018,2025
338931000,289.0,32.0,10.4,70.0,,14096,2020,2025
338947000,230.0,33.0,12.19,80.0,,4980,2015,2015
338972000,139.0,,,80.0,,2660,2022,2025
338995000,230.0,33.0,12.19,89.0,,1247,2015,2015
339300320,139.0,22.0,7.4,70.0,,2642,2018,2021
339300940,129.0,20.0,7.4,70.0,,662,2021,2021
341137000,196.0,27.0,11.0,70.0,,174,2018,2018
341574000,113.0,13.0,3.9,70.0,,676,2020,2020
341672000,182.0,22.0,,70.0,,115,2023,2023
343961452,157.0,22.0,8.2,70.0,,1304,2017,2017
345010028,136.0,21.0,8.1,70.0,,1011,2019,2020
345070267,58.0,14.0,4.5,70.0,,880,2020,2020
345140007,183.0,32.0,12.22,80.0,,2213,2015,2018
345200008,188.0,32.0,11.2,80.0,,1100,2018,2019
351001000,182.0,32.0,12.2,89.0,,409,2017,2017
351005000,190.0,32.0,12.73,70.0,,952,2015,2015
351008000,228.0,32.0,12.5,70.0,,70,2024,2024
351011000,180.0,30.0,10.8,79.0,,454,2024,2024
351012000,189.0,32.0,12.8,70.0,,80,2018,2018
351015000,151.0,23.0,8.7,70.0,,52,2018,2018
351026000,199.0,32.0,10.3,70.0,,214,2018,2018
351034000,199.0,32.0,7.7,70.0,,188,2025,2025
351047000,,,,70.0,,1241,2021,2023
351075000,244.0,42.0,14.9,80.0,,1100,2018,2023
351084000,180.0,32.0,9.1,80.0,,168,2022,2022
351095000,190.0,32.0,12.57,70.0,,480,2015,2015
351101000,200.0,32.0,9.1,70.0,,371,2022,2022
351106000,144.0,23.0,8.9,80.0,,1383,2019,2021
351111000,289.0,45.0,17.7,70.0,,266,2018,2018
351115000,245.0,42.0,15.0,80.0,,1573,2016,2022
351120000,179.0,28.0,10.7,70.0,,368,2018,2018
351124000,179.0,32.0,7.9,70.0,,58,2024,2024
351126000,199.0,32.0,9.6,70.0,,346,2018,2022
351132000,179.0,28.0,10.0,70.0,,3056,2018,2024
351134000,190.0,32.0,11.9,70.0,,485,2017,2017
351135000,225.0,32.0,14.2,79.0,,467,2017,2017
351137000,199.0,32.0,10.0,70.0,,4455,2019,2025
351148000,199.0,32.0,8.6,70.0,,1465,2022,2024
351160000,189.0,32.0,12.7,70.0,,142,2020,2020
351176000,169.0,27.0,9.8,70.0,,77,2017,2017
351187000,181.0,28.0,10.0,70.0,,440,2024,2024
351202000,190.0,32.0,8.0,70.0,,929,2016,2019
351206000,238.0,42.0,15.0,81.0,,1900,2015,2022
351217000,199.0,,,70.0,,449,2018,2018
351223000,199.0,32.0,9.6,70.0,,528,2019,2019
351234000,200.0,32.0,9.8,70.0,,472,2021,2021
351236000,230.0,37.0,7.9,80.0,,185,2025,2025
351240000,176.0,29.0,9.6,70.0,,477,2016,2016
351248000,300.0,40.0,14.5,70.0,,4588,2016,2025
351249000,336.0,45.0,14.0,70.0,,1202,2019,2024
351256000,177.0,28.0,10.0,70.0,,495,2018,2018
351257000,189.0,32.0,12.7,70.0,,2,2019,2019
351291000,84.0,15.0,4.6,70.0,,1209,2015,2015
351292000,190.0,32.0,7.2,70.0,,161,2021,2021
351298000,199.0,32.0,11.3,70.0,,962,2020,2022
351322000,144.0,24.0,9.6,80.0,,824,2015,2018
351327000,190.0,32.0,12.0,70.0,,1952,2018,2019
351328000,230.0,32.0,7.9,80.0,,838,2024,2024
351333000,188.0,31.0,11.75,70.0,,932,2015,2015
351335000,189.0,32.0,12.8,70.0,,2965,2018,2025
351340000,199.0,32.0,9.6,70.0,,41,2023,2023
351341000,183.0,32.0,8.5,80.0,,356,2023,2023
351356000,294.0,32.0,9.7,70.0,,499,2023,2023
351360000,182.0,32.0,12.2,70.0,,318,2019,2020
351361000,366.0,51.0,15.6,70.0,,1004,2019,2025
351365000,179.0,32.0,12.8,80.0,,375,2019,2019
351373000,179.0,32.0,12.0,80.0,,653,2021,2022
351374000,179.0,28.0,10.1,70.0,,1566,2018,2025
351392000,199.0,32.0,10.0,70.0,,929,2018,2020
351398000,225.0,34.0,7.1,70.0,,462,2021,2021
351399000,189.0,32.0,11.6,70.0,,437,2024,2024
351400000,211.0,32.0,10.1,70.0,,603,2022,2022
351405000,189.0,32.0,12.6,70.0,,478,2021,2021
351427000,229.0,32.0,,70.0,,143,2016,2016
351431000,190.0,32.0,12.3,70.0,,209,2017,2017
351443000,189.0,32.0,12.6,70.0,,1257,2023,2023
351446000,199.0,32.0,9.0,79.0,,520,2021,2024
351450000,171.0,27.0,7.0,70.0,,431,2018,2018
351456000,148.0,24.0,9.2,82.0,,467,2016,2017
351459000,179.0,30.0,9.8,70.0,,471,2018,2018
351463000,178.0,28.0,8.2,70.0,,1847,2016,2020
351468000,54.0,18.0,2.2,70.0,,2241,2017,2024
351473000,273.0,32.0,12.3,70.0,,899,2024,2024
351474000,189.0,32.0,12.7,70.0,,812,2018,2020
351516000,,,,80.0,,319,2015,2021
351522000,199.0,32.0,12.3,70.0,,698,2022,2025
351526000,,,,70.0,,933,2021,2021
351532000,225.0,32.0,13.51,70.0,,918,2015,2016
351550000,125.0,20.0,5.6,70.0,,919,2022,2025
351554000,299.0,40.0,14.0,70.0,,763,2018,2018
351571000,334.0,48.0,14.2,71.0,,2875,2021,2025
351573000,229.0,32.0,9.1,70.0,,531,2021,2021
351578000,109.0,16.0,6.8,70.0,,1031,2020,2024
351600000,199.0,32.0,8.8,70.0,,1080,2025,2025
351604000,189.0,32.0,12.7,70.0,,469,2021,2021
351607000,243.0,32.0,11.7,71.0,,2571,2015,2018
351628000,199.0,32.0,8.7,70.0,,22,2022,2022
351636000,177.0,28.0,6.7,70.0,,477,2015,2015
351638000,199.0,32.0,13.0,70.0,,838,2022,2023
351647000,225.0,32.0,11.7,70.0,,469,2025,2025
351670000,269.0,43.0,17.3,80.0,,2470,2020,2022
351673000,190.0,32.0,10.3,70.0,,636,2023,2023
351675000,274.0,40.0,14.0,70.0,,456,2022,2022
351678000,187.0,31.0,9.1,70.0,,472,2019,2019
351683000,350.0,46.0,11.5,70.0,,475,2015,2015
351684000,228.0,32.0,14.4,70.0,,108,2020,2020
351687000,336.0,43.0,14.52,70.0,,416,2015,2015
351696000,183.0,32.0,11.2,81.0,,432,2016,2016
351698000,143.0,22.0,9.0,70.0,,68,2021,2021
351700000,190.0,32.0,12.52,70.0,,470,2015,2015
351733000,199.0,32.0,10.0,70.0,,1692,2015,2021
351737000,149.0,24.0,9.0,70.0,,242,2021,2021
351743000,227.0,32.0,14.6,80.0,,312,2021,2021
351744000,235.0,43.0,13.1,70.0,,180,2019,2019
351754000,199.0,36.0,12.9,70.0,,1370,2018,2022
351755000,228.0,,7.4,70.0,,1752,2021,2024
351780000,199.0,32.0,9.7,70.0,,1950,2015,2025
351783000,181.0,28.0,10.0,70.0,,573,2022,2025
351797000,182.0,28.0,10.0,70.0,,394,2022,2022
351801000,182.0,32.0,12.2,70.0,,691,2022,2022
351805000,189.0,32.0,12.6,70.0,,6,2023,2023
351829000,228.0,32.0,14.4,70.0,,460,2020,2020
351831000,199.0,32.0,13.0,70.0,,477,2020,2020
351838000,186.0,32.0,13.0,80.0,,241,2017,2019
351848000,365.0,48.0,15.5,70.0,,1221,2021,2022
351849000,171.0,27.0,9.8,70.0,,271,2020,2020
351852000,184.0,31.0,7.2,70.0,,1005,2016,2016
351854000,169.0,27.0,9.8,79.0,,212,2016,2016
351867000,189.0,32.0,12.8,70.0,,1366,2019,2022
351878000,189.0,32.0,12.8,70.0,,601,2021,2022
351887000,288.0,45.0,17.7,70.0,,351,2022,2022
351896000,179.0,32.0,12.6,80.0,,862,2016,2019
351928000,189.0,32.0,12.8,70.0,,602,2020,2024
351931000,183.0,32.0,10.7,80.0,,1860,2021,2025
351936000,294.0,32.0,12.6,74.0,,834,2016,2018
351952000,199.0,32.0,13.4,70.0,,1409,2016,2021
351954000,119.0,21.0,8.4,70.0,,940,2020,2022
351968000,294.0,32.0,13.52,70.0,,477,2015,2015
351989000,289.0,32.0,,70.0,,40,2025,2025
352001003,125.0,20.0,4.6,75.0,,4227,2021,2022
352001011,229.0,32.0,13.6,70.0,,142,2025,2025
352001015,230.0,37.0,8.6,80.0,,1007,2022,2025
352001035,229.0,32.0,7.8,70.0,,355,2022,2022
352001128,157.0,28.0,8.8,89.0,,339,2022,2025
352001135,183.0,32.0,12.0,80.0,,354,2025,2025
352001142,225.0,32.0,7.4,70.0,,866,2024,2025
352001148,189.0,32.0,11.3,80.0,,336,2022,2022
352001154,190.0,32.0,5.9,70.0,,549,2022,2022
352001168,294.0,32.0,12.0,71.0,,431,2022,2022
352001169,145.0,25.0,9.0,70.0,,448,2023,2023
352001173,145.0,25.0,9.1,79.0,,971,2023,2024
352001176,183.0,31.0,8.6,70.0,,942,2022,2025
352001187,199.0,32.0,7.6,70.0,,910,2025,2025
352001188,183.0,32.0,6.2,70.0,,162,2024,2024
352001219,161.0,25.0,6.5,70.0,,590,2022,2022
352001233,127.0,19.0,5.2,70.0,,1230,2023,2025
352001258,183.0,31.0,6.2,70.0,,389,2024,2024
352001266,200.0,32.0,6.4,70.0,,472,2024,2024
352001313,368.0,51.0,12.8,74.0,,511,2025,2025
352001342,186.0,32.0,11.6,80.0,,14,2023,2023
352001355,180.0,30.0,10.0,70.0,,696,2023,2024
352001386,229.0,32.0,7.8,70.0,,368,2025,2025
352001406,186.0,30.0,10.6,70.0,,2117,2022,2023
352001438,180.0,32.0,7.1,70.0,,1272,2023,2025
352001501,186.0,32.0,9.5,80.0,,710,2023,2025
352001543,183.0,30.0,6.7,70.0,,214,2023,2023
352001558,183.0,31.0,6.4,70.0,,384,2023,2025
352001570,190.0,32.0,7.7,70.0,,769,2024,2025
352001585,200.0,32.0,11.7,70.0,,1133,2023,2025
352001592,229.0,32.0,12.0,70.0,,897,2023,2025
352001593,229.0,32.0,14.3,70.0,,79,2023,2023
352001598,229.0,32.0,11.8,70.0,,937,2022,2024
352001678,180.0,29.0,10.0,81.0,,254,2022,2023
352001719,229.0,32.0,8.6,70.0,,616,2024,2025
352001831,200.0,32.0,8.4,79.0,,387,2023,2023
352001832,183.0,31.0,7.6,70.0,,174,2025,2025
352001835,180.0,30.0,8.2,70.0,,783,2025,2025
352001880,183.0,31.0,10.6,70.0,,497,2024,2025
352001882,180.0,30.0,7.0,70.0,,1240,2024,2024
352001918,229.0,32.0,7.6,70.0,,345,2025,2025
352001939,229.0,32.0,13.4,70.0,,156,2024,2024
352001945,183.0,32.0,11.4,80.0,,645,2023,2025
352001952,157.0,28.0,9.0,80.0,,525,2024,2024
352001985,190.0,32.0,10.2,79.0,,355,2025,2025
352002033,177.0,28.0,9.2,70.0,,517,2023,2023
352002064,183.0,30.0,6.4,70.0,,514,2023,2023
352002071,180.0,30.0,6.6,70.0,,381,2025,2025
352002093,237.0,44.0,15.4,80.0,,695,2024,2025
352002098,183.0,32.0,10.1,80.0,,8,2023,2023
352002111,98.0,14.0,5.4,70.0,,1447,2024,2025
352002136,190.0,32.0,7.6,70.0,,107,2023,2023
352002165,183.0,31.0,5.8,70.0,,742,2023,2025
352002190,157.0,28.0,9.6,80.0,,457,2025,2025
352002214,161.0,25.0,7.1,79.0,,364,2023,2023
352002238,200.0,32.0,12.0,70.0,,1402,2024,2024
352002256,180.0,30.0,7.3,70.0,,824,2024,2024
352002283,229.0,32.0,7.9,70.0,,475,2024,2024
352002349,230.0,32.0,8.0,80.0,,398,2023,2023
352002389,230.0,37.0,8.7,80.0,,356,2024,2024
352002391,200.0,36.0,12.4,70.0,,131,2025,2025
352002419,229.0,32.0,7.4,70.0,,111,2024,2024
352002433,199.0,32.0,12.9,70.0,,66,2025,2025
352002445,199.0,32.0,7.4,70.0,,331,2025,2025
352002452,229.0,32.0,7.7,70.0,,357,2023,2023
352002455,227.0,37.0,8.0,84.0,,407,2023,2023
352002459,166.0,24.0,6.1,80.0,,1011,2023,2025
352002492,183.0,32.0,9.9,70.0,,430,2025,2025
352002562,131.0,19.0,6.0,79.0,,451,2023,2023
352002567,186.0,30.0,8.2,70.0,,577,2023,2025
352002575,148.0,24.0,7.1,80.0,,325,2024,2024
352002593,179.0,30.0,6.8,70.0,,396,2024,2025
352002605,229.0,32.0,8.5,70.0,,427,2025,2025
352002625,200.0,36.0,7.8,70.0,,473,2024,2024
352002669,183.0,31.0,6.7,70.0,,772,2025,2025
352002703,183.0,32.0,6.1,70.0,,1334,2024,2025
352002706,180.0,30.0,10.8,70.0,,215,2025,2025
352002718,199.0,32.0,8.7,70.0,,716,2024,2025
352002727,182.0,31.0,7.0,70.0,,477,2023,2023
352002746,179.0,30.0,10.7,70.0,,3,2025,2025
352002781,199.0,32.0,8.1,70.0,,82,2024,2024
352002798,170.0,27.0,8.0,70.0,,336,2025,2025
352002816,183.0,31.0,10.3,70.0,,137,2025,2025
352002868,229.0,32.0,7.5,70.0,,449,2024,2024
352002891,229.0,32.0,14.3,70.0,,204,2025,2025
352002915,179.0,30.0,8.0,70.0,,472,2024,2024
352002944,199.0,32.0,6.8,70.0,,460,2025,2025
352002963,200.0,32.0,7.1,70.0,,464,2024,2024
352002979,179.0,30.0,8.4,70.0,,424,2024,2024
352002990,229.0,32.0,7.7,70.0,,466,2025,2025
352002997,200.0,36.0,10.0,71.0,,124,2024,2024
352003021,180.0,30.0,6.5,70.0,,319,2025,2025
352003063,229.0,32.0,7.3,70.0,,396,2025,2025
352003071,229.0,32.0,7.2,70.0,,465,2024,2024
352003082,190.0,32.0,6.9,70.0,,467,2024,2024
352003115,229.0,32.0,7.1,70.0,,474,2024,2024
352003120,182.0,31.0,6.8,70.0,,438,2025,2025
352003132,229.0,32.0,10.3,70.0,,428,2025,2025
352003136,183.0,30.0,7.7,70.0,,281,2025,2025
352003148,200.0,32.0,7.5,70.0,,281,2024,2024
352003161,199.0,32.0,7.1,70.0,,1796,2024,2025
352003162,229.0,32.0,9.1,70.0,,792,2024,2024
352003165,199.0,32.0,9.3,70.0,,438,2025,2025
352003176,183.0,32.0,12.0,89.0,,450,2024,2024
352003211,225.0,32.0,7.2,79.0,,150,2024,2024
352003250,199.0,32.0,6.7,70.0,,408,2025,2025
352003298,249.0,44.0,9.4,80.0,,71,2025,2025
352003325,229.0,32.0,11.5,70.0,,472,2024,2024
352003377,174.0,27.0,10.8,89.0,,324,2025,2025
352003378,227.0,32.0,8.3,89.0,,422,2025,2025
352003400,180.0,30.0,10.3,70.0,,432,2024,2024
352003424,229.0,32.0,7.4,70.0,,451,2024,2024
352003441,229.0,32.0,7.7,70.0,,414,2024,2024
352003458,195.0,32.0,11.7,70.0,,450,2024,2024
352003541,230.0,37.0,8.2,80.0,,1279,2024,2024
352003586,227.0,37.0,8.3,80.0,,437,2024,2024
352003624,199.0,32.0,8.9,70.0,,134,2024,2024
352003657,199.0,32.0,7.4,70.0,,394,2024,2024
352003685,229.0,32.0,7.2,70.0,,457,2024,2024
352003702,183.0,29.0,7.2,70.0,,448,2025,2025
352003703,183.0,32.0,8.0,80.0,,1311,2025,2025
352003713,174.0,27.0,11.2,80.0,,427,2024,2024
352003729,183.0,32.0,8.2,89.0,,1037,2024,2024
352003732,183.0,33.0,8.0,89.0,,801,2024,2024
352003736,179.0,30.0,7.3,70.0,,476,2024,2024
352003799,183.0,31.0,6.7,70.0,,438,2024,2024
352003813,190.0,32.0,6.1,70.0,,173,2025,2025
352003871,227.0,37.0,8.1,80.0,,630,2025,2025
352003983,199.0,38.0,8.9,70.0,,873,2025,2025
352004052,183.0,31.0,6.4,70.0,,472,2025,2025
352004100,199.0,32.0,6.6,70.0,,168,2025,2025
352004280,255.0,40.0,13.3,70.0,,458,2025,2025
352004315,113.0,18.0,5.5,80.0,,343,2025,2025
352004318,183.0,31.0,6.3,70.0,,66,2024,2024
352004338,183.0,32.0,8.5,80.0,,403,2025,2025
352004478,183.0,32.0,7.5,80.0,,447,2025,2025
352004479,250.0,44.0,11.4,80.0,,115,2025,2025
352004482,200.0,32.0,8.7,70.0,,438,2025,2025
352004490,156.0,25.0,10.5,80.0,,264,2025,2025
352004518,200.0,32.0,11.9,70.0,,268,2025,2025
352004564,199.0,38.0,9.4,70.0,,216,2025,2025
352004609,200.0,32.0,13.1,70.0,,150,2025,2025
352004782,199.0,32.0,13.7,70.0,,252,2025,2025
352004792,183.0,30.0,6.6,70.0,,1036,2025,2025
352005030,183.0,32.0,10.1,70.0,,607,2025,2025
352005321,183.0,32.0,8.7,80.0,,740,2025,2025
352005373,229.0,32.0,14.7,70.0,,163,2025,2025
352005489,199.0,32.0,11.3,70.0,,286,2025,2025
352005632,199.0,32.0,10.8,70.0,,389,2025,2025
352005703,183.0,32.0,7.7,80.0,,388,2025,2025
352005731,207.0,30.0,9.6,70.0,,1129,2025,2025
352005779,139.0,22.0,9.2,71.0,,295,2025,2025
352005790,229.0,37.0,11.6,80.0,,279,2025,2025
352005860,199.0,32.0,8.5,70.0,,450,2025,2025
352006082,180.0,32.0,9.2,70.0,,417,2025,2025
352006136,150.0,24.0,6.2,79.0,,444,2025,2025
352012000,294.0,32.0,13.5,71.0,,420,2015,2015
352017000,200.0,32.0,11.55,70.0,,134,2015,2015
352018000,279.0,40.0,14.02,72.0,,104,2015,2015
352023000,193.0,32.0,10.3,70.0,,382,2022,2022
352027000,180.0,32.0,9.6,70.0,,1137,2016,2022
352058000,349.0,45.0,10.8,71.0,,469,2015,2015
352062000,200.0,32.0,10.02,70.0,,562,2015,2016
352082000,199.0,32.0,6.7,70.0,,272,2024,2024
352090000,175.0,27.0,10.0,80.0,,99,2016,2020
352093000,183.0,30.0,6.2,70.0,,464,2022,2022
352094000,190.0,32.0,13.02,70.0,,481,2015,2015
352111000,334.0,48.0,11.6,70.0,,380,2024,2024
352112000,177.0,29.0,6.7,74.0,,490,2019,2019
352123000,225.0,32.0,14.2,70.0,,472,2018,2018
352124930,229.0,42.0,12.0,81.0,,159,2015,2015
352135000,334.0,45.0,14.2,70.0,,1516,2017,2020
352140000,304.0,40.0,14.5,70.0,,1812,2018,2019
352142000,199.0,32.0,9.7,70.0,,1167,2021,2025
352143000,179.0,32.0,12.1,80.0,,163,2018,2018
352147000,228.0,32.0,14.4,70.0,,1792,2015,2022
352149000,365.0,51.0,13.0,71.0,,1028,2022,2025
352161000,169.0,27.0,5.7,70.0,,170,2015,2015
352163000,199.0,32.0,13.0,70.0,,906,2021,2024
352179000,229.0,42.0,14.8,80.0,,956,2016,2021
352190000,190.0,32.0,12.57,70.0,,1126,2015,2021
352192000,,,7.1,70.0,,457,2024,2024
352196000,190.0,32.0,13.0,70.0,,937,2016,2017
352202000,189.0,32.0,6.5,70.0,,469,2024,2024
352212000,190.0,30.0,11.5,70.0,,472,2022,2022
352229000,225.0,32.0,13.9,70.0,,484,2015,2015
352246000,229.0,32.0,14.4,70.0,,213,2020,2020
352255000,230.0,37.0,11.6,80.0,,449,2016,2016
352270000,277.0,32.0,12.0,70.0,,1109,2016,2018
352283000,190.0,32.0,8.7,70.0,,1637,2023,2024
352292000,178.0,28.0,11.2,70.0,,510,2023,2023
352306000,64.0,14.0,2.5,75.0,,7024,2019,2025
352335000,303.0,40.0,14.5,79.0,,2639,2016,2025
352359000,185.0,30.0,7.0,70.0,,428,2024,2024
352361000,366.0,52.0,13.9,71.0,,958,2021,2025
352366000,168.0,26.0,9.8,70.0,,1771,2023,2025
352367000,189.0,32.0,12.8,70.0,,737,2018,2020
352369000,189.0,32.0,12.8,70.0,,478,2020,2022
352375000,210.0,30.0,11.5,70.0,,2872,2017,2020
352383000,182.0,31.0,10.3,70.0,,443,2021,2023
352388000,170.0,26.0,11.3,80.0,,2118,2016,2021
352390000,189.0,32.0,12.1,70.0,,1927,2015,2018
352401000,183.0,32.0,12.22,80.0,,776,2015,2015
352407000,186.0,32.0,9.22,70.0,,102,2015,2015
352411000,199.0,32.0,6.7,70.0,,609,2024,2025
352413000,157.0,23.0,,70.0,,449,2019,2019
352417000,189.0,32.0,12.9,70.0,,460,2018,2018
352426000,331.0,58.0,21.9,80.0,,2281,2021,2024
352444000,299.0,,,70.0,,862,2020,2021
352448000,189.0,31.0,11.74,70.0,,375,2015,2015
352449000,138.0,25.0,4.6,70.0,,215,2019,2019
352451000,243.0,42.0,14.9,80.0,,987,2018,2021
352467000,209.0,37.0,12.0,70.0,,220,2022,2022
352468000,229.0,,,70.0,,1026,2018,2020
352469000,200.0,32.0,9.5,70.0,,869,2024,2024
352476000,118.0,15.0,7.1,70.0,,1550,2019,2025
352486000,190.0,32.0,12.0,70.0,,938,2017,2017
352496000,200.0,32.0,8.0,70.0,,9,2015,2015
352498732,230.0,32.0,8.4,80.0,,393,2023,2023
352506000,199.0,32.0,9.8,70.0,,982,2016,2021
352508000,199.0,32.0,13.0,70.0,,335,2018,2018
352521000,199.0,32.0,12.5,70.0,,428,2019,2019
352530000,147.0,24.0,9.6,80.0,,165,2022,2022
352542000,300.0,43.0,14.2,72.0,,470,2015,2015
352555000,182.0,32.0,12.6,80.0,,773,2019,2020
352557000,225.0,32.0,14.1,70.0,,456,2019,2019
352565000,155.0,25.0,10.22,82.0,,266,2015,2015
352582000,228.0,32.0,14.4,70.0,,39,2023,2023
352586000,228.0,32.0,14.4,70.0,,780,2020,2023
352589000,,,12.7,70.0,,1149,2018,2025
352590000,199.0,32.0,12.8,70.0,,931,2015,2018
352604000,225.0,32.0,14.03,70.0,,680,2015,2019
352606000,200.0,32.0,7.1,70.0,,1047,2021,2025
352608000,179.0,29.0,10.5,70.0,,854,2019,2022
352610000,138.0,22.0,7.7,70.0,,783,2015,2021
352620000,176.0,29.0,10.7,70.0,,920,2017,2020
352622000,190.0,32.0,9.0,79.0,,953,2015,2016
352631000,349.0,45.0,14.5,70.0,,3079,2017,2024
352634000,245.0,43.0,15.4,70.0,,479,2015,2015
352644000,190.0,33.0,9.7,70.0,,585,2025,2025
352650000,190.0,32.0,12.6,70.0,,102,2015,2017
352652000,255.0,43.0,13.5,70.0,,4926,2015,2019
352675000,285.0,40.0,14.0,70.0,,1044,2017,2022
352676000,183.0,31.0,6.4,70.0,,613,2023,2023
352681000,200.0,36.0,8.4,70.0,,432,2023,2023
352686000,144.0,21.0,8.3,70.0,,84,2015,2016
352688000,294.0,32.0,13.65,71.0,,542,2015,2016
352690000,229.0,32.0,14.4,70.0,,1066,2015,2023
352692000,225.0,32.0,14.4,70.0,,248,2020,2020
352716000,188.0,32.0,12.14,70.0,,572,2015,2015
352718000,200.0,32.0,10.02,70.0,,262,2015,2015
352721000,177.0,28.0,10.0,70.0,,976,2017,2022
352725000,300.0,43.0,14.2,74.0,,622,2016,2019
352730000,149.0,24.0,6.9,80.0,,643,2022,2024
352732000,199.0,32.0,10.0,70.0,,542,2019,2023
352737000,229.0,32.0,7.6,70.0,,543,2021,2025
352740000,169.0,27.0,9.74,70.0,,400,2015,2015
352745000,200.0,32.0,10.0,79.0,,353,2017,2017
352755000,243.0,42.0,14.7,80.0,,5170,2015,2025
352765000,177.0,28.0,10.0,70.0,,58,2016,2016
352776000,294.0,32.0,13.5,70.0,,1897,2015,2017
352781000,182.0,32.0,8.7,80.0,,468,2023,2023
352787000,189.0,32.0,12.8,70.0,,461,2021,2021
352789000,228.0,32.0,14.4,70.0,,459,2019,2019
352797000,183.0,32.0,7.8,89.0,,1805,2015,2025
352798000,294.0,32.0,13.5,70.0,,3937,2015,2019
352800000,177.0,26.0,9.6,70.0,,217,2017,2017
352801000,200.0,32.0,9.7,70.0,,372,2016,2017
352802000,183.0,32.0,8.0,80.0,,421,2024,2025
352804000,300.0,40.0,14.03,79.0,,1214,2015,2016
352812000,53.0,11.0,2.2,70.0,,2401,2017,2025
352821000,180.0,30.0,10.1,70.0,,479,2025,2025
352822000,336.0,45.0,14.0,70.0,,955,2018,2024
352834000,179.0,29.0,10.1,70.0,,886,2022,2025
352835000,125.0,21.0,9.17,70.0,,289,2015,2015
352843000,177.0,28.0,10.8,70.0,,1422,2019,2021
352853000,280.0,43.0,15.2,70.0,,196,2024,2024
352858000,189.0,32.0,12.9,70.0,,849,2020,2021
352861000,199.0,36.0,12.9,70.0,,759,2020,2021
352865000,199.0,32.0,13.0,70.0,,407,2018,2018
352870000,300.0,40.0,14.2,71.0,,453,2025,2025
352871000,336.0,45.0,14.7,70.0,,1150,2018,2025
352882000,127.0,19.0,9.5,70.0,,445,2023,2023
352892000,225.0,32.0,14.0,70.0,,432,2015,2015
352898687,199.0,32.0,10.2,70.0,,472,2022,2022
352898688,183.0,32.0,8.0,80.0,,408,2024,2024
352898697,292.0,45.0,14.3,70.0,,386,2023,2023
352898705,199.0,32.0,7.2,70.0,,245,2024,2024
352898739,55.0,12.0,2.5,70.0,,16629,2022,2025
352898762,180.0,30.0,10.2,70.0,,149,2025,2025
352898773,200.0,32.0,11.2,70.0,,74,2022,2022
352898775,200.0,32.0,10.9,70.0,,402,2022,2022
352898794,120.0,18.0,5.0,84.0,,118,2022,2022
352898806,59.0,14.0,2.2,75.0,,5156,2024,2025
352901000,183.0,32.0,13.1,80.0,,555,2023,2025
352914000,224.0,32.0,14.1,70.0,,161,2019,2019
352915000,198.0,32.0,9.9,70.0,,803,2020,2023
352927000,200.0,32.0,10.9,70.0,,454,2021,2021
352929000,200.0,32.0,9.8,70.0,,1442,2016,2020
352948000,294.0,32.0,13.5,70.0,,839,2020,2025
352952000,399.0,54.0,13.7,71.0,,688,2023,2024
352957000,225.0,32.0,14.2,70.0,,241,2017,2017
352967000,228.0,36.0,7.2,70.0,,463,2018,2018
352970000,189.0,32.0,12.8,70.0,,408,2018,2018
352971000,228.0,32.0,14.4,70.0,,474,2022,2022
352978124,229.0,32.0,7.5,70.0,,1454,2022,2025
352978148,180.0,27.0,10.5,70.0,,924,2022,2022
352978194,333.0,48.0,13.0,70.0,,1431,2022,2024
352978219,161.0,25.0,7.2,71.0,,397,2022,2022
352978234,179.0,30.0,7.5,70.0,,752,2022,2022
352978240,183.0,28.0,9.0,70.0,,456,2021,2021
352978268,180.0,32.0,8.7,70.0,,682,2021,2022
352978277,195.0,32.0,6.4,70.0,,453,2021,2021
352980766,230.0,32.0,7.8,80.0,,2007,2023,2025
352980769,90.0,16.0,3.0,70.0,,3069,2021,2024
352980770,199.0,32.0,11.2,70.0,,997,2022,2025
352980797,199.0,32.0,8.6,70.0,,1021,2022,2024
352980798,200.0,32.0,9.1,70.0,,105,2022,2022
352980867,199.0,32.0,6.7,70.0,,232,2024,2024
352983000,303.0,40.0,14.5,70.0,,1253,2018,2023
352984000,186.0,32.0,10.9,80.0,,1026,2018,2025
352986128,200.0,32.0,11.3,70.0,,73,2023,2023
352986134,179.0,30.0,8.3,70.0,,198,2021,2021
352986140,180.0,32.0,8.0,70.0,,576,2022,2025
352986143,199.0,32.0,10.0,70.0,,945,2023,2024
352986151,190.0,32.0,11.3,70.0,,480,2023,2023
352986158,229.0,32.0,9.4,70.0,,528,2022,2023
352986159,333.0,48.0,13.7,79.0,,2017,2021,2024
352986186,183.0,32.0,11.9,80.0,,975,2024,2025
352986187,229.0,32.0,14.1,70.0,,215,2022,2022
352986189,180.0,30.0,6.4,70.0,,471,2023,2023
352986193,180.0,30.0,10.2,70.0,,946,2022,2025
352986201,183.0,32.0,8.7,80.0,,132,2024,2024
352987000,294.0,32.0,11.1,71.0,,747,2015,2015
352996000,229.0,32.0,14.3,70.0,,360,2022,2024
352998000,225.0,32.0,14.1,70.0,,168,2018,2018
353006000,178.0,29.0,7.4,70.0,,639,2018,2019
353009000,225.0,32.0,14.1,70.0,,566,2016,2017
353013000,,,8.8,70.0,,1724,2021,2025
353018000,225.0,32.0,13.9,70.0,,417,2016,2017
353025000,294.0,32.0,12.2,79.0,,919,2017,2024
353035000,343.0,56.0,21.6,80.0,,591,2022,2025
353038000,199.0,,,70.0,,630,2019,2023
353051000,366.0,51.0,14.6,73.0,,524,2024,2025
353054000,106.0,19.0,5.0,70.0,,4657,2021,2025
353062000,200.0,32.0,7.9,70.0,,1181,2021,2023
353069000,,,,80.0,,983,2018,2023
353080000,199.0,32.0,12.2,70.0,,462,2022,2022
353082000,300.0,48.0,14.5,70.0,,66,2019,2019
353086000,120.0,21.0,8.4,70.0,,271,2021,2021
353090000,229.0,32.0,7.5,70.0,,396,2021,2021
353092000,177.0,28.0,10.9,70.0,,871,2018,2022
353093000,189.0,32.0,12.9,70.0,,694,2021,2022
353096000,196.0,32.0,12.7,70.0,,832,2022,2023
353101000,224.0,32.0,14.1,70.0,,382,2019,2019
353105000,199.0,38.0,9.3,70.0,,1242,2021,2025
353108000,159.0,26.0,9.9,80.0,,1544,2016,2023
353111000,294.0,32.0,13.52,70.0,,466,2015,2015
353112000,192.0,30.0,7.6,70.0,,116,2021,2021
353117000,83.0,14.0,6.3,80.0,,2657,2018,2025
353123000,179.0,30.0,6.0,70.0,,588,2023,2024
353146000,182.0,28.0,10.0,70.0,,2235,2022,2025
353150000,171.0,27.0,10.4,70.0,,477,2018,2018
353155000,366.0,51.0,15.6,70.0,,1489,2019,2023
353156000,200.0,32.0,11.2,70.0,,39,2025,2025
353157000,189.0,32.0,12.8,70.0,,413,2023,2024
353160000,366.0,52.0,14.6,71.0,,907,2021,2023
353162000,366.0,51.0,15.6,70.0,,990,2023,2023
353163000,245.0,43.0,15.4,70.0,,931,2015,2025
353205000,182.0,30.0,11.6,70.0,,460,2020,2020
353210000,180.0,29.0,10.3,70.0,,171,2017,2017
353212000,189.0,32.0,12.3,70.0,,934,2019,2019
353221000,127.0,19.0,8.1,70.0,,398,2022,2022
353229000,229.0,32.0,9.3,70.0,,81,2025,2025
353243000,180.0,30.0,6.4,70.0,,465,2021,2021
353244000,183.0,32.0,13.08,80.0,,1594,2015,2022
353245000,196.0,32.0,13.0,70.0,,1315,2020,2024
353262000,177.0,28.0,10.0,70.0,,938,2015,2017
353265000,183.0,32.0,13.2,80.0,,3,2023,2023
353272000,199.0,,,70.0,,372,2020,2020
353274000,294.0,32.0,13.5,70.0,,1865,2015,2020
353287000,126.0,20.0,8.7,80.0,,666,2024,2024
353288000,199.0,32.0,11.6,70.0,,99,2018,2018
353289000,277.0,40.0,14.5,70.0,,790,2018,2019
353295000,299.0,40.0,14.0,70.0,,262,2018,2018
353320000,189.0,32.0,12.4,70.0,,449,2020,2020
353323000,183.0,32.0,13.1,80.0,,18,2022,2022
353325000,199.0,32.0,13.5,70.0,,466,2022,2022
353332000,199.0,32.0,9.7,70.0,,729,2022,2023
353342000,180.0,32.0,8.8,70.0,,482,2015,2015
353349000,291.0,45.0,18.2,70.0,,460,2019,2019
353360000,190.0,32.0,12.9,70.0,,475,2016,2016
353393000,229.0,37.0,7.7,70.0,,504,2023,2023
353400000,189.0,32.0,12.8,70.0,,936,2016,2018
353402000,126.0,17.0,8.6,80.0,,1365,2020,2024
353408000,225.0,32.0,14.1,70.0,,2194,2017,2025
353411000,285.0,40.0,14.02,71.0,,1805,2015,2023
353414000,199.0,32.0,13.4,70.0,,944,2023,2025
353421000,197.0,32.0,12.7,70.0,,607,2019,2022
353423000,183.0,32.0,13.0,80.0,,2176,2018,2022
353424000,199.0,32.0,7.0,70.0,,142,2023,2023
353428000,365.0,48.0,15.5,70.0,,1737,2018,2024
353443000,179.0,29.0,8.2,70.0,,1773,2023,2025
353445000,225.0,32.0,14.4,70.0,,2258,2015,2019
353446000,180.0,28.0,8.3,70.0,,741,2022,2025
353453000,200.0,32.0,9.8,70.0,,832,2022,2025
353456000,147.0,24.0,9.8,80.0,,3004,2018,2025
353467000,294.0,33.0,13.5,70.0,,1053,2017,2018
353472000,190.0,32.0,12.7,70.0,,479,2015,2015
353478000,288.0,45.0,18.2,70.0,,61,2023,2023
353491000,159.0,26.0,10.1,80.0,,862,2015,2024
353499000,293.0,40.0,14.0,70.0,,1378,2018,2022
353511000,199.0,32.0,13.0,70.0,,440,2021,2022
353514000,200.0,32.0,9.73,70.0,,837,2015,2019
353524000,332.0,45.0,14.0,70.0,,2835,2019,2021
353528000,229.0,32.0,12.7,70.0,,777,2021,2023
353544000,224.0,32.0,14.1,70.0,,450,2022,2022
353554000,190.0,32.0,12.8,70.0,,23,2020,2020
353560000,190.0,32.0,12.5,70.0,,1028,2016,2019
353576000,183.0,32.0,13.3,80.0,,803,2022,2023
353577000,225.0,32.0,14.2,70.0,,653,2017,2020
353579000,184.0,30.0,10.0,70.0,,433,2019,2019
353592000,334.0,45.0,14.0,70.0,,2095,2015,2023
353601000,182.0,32.0,12.3,70.0,,1406,2015,2021
353613000,225.0,32.0,14.1,70.0,,163,2016,2016
353616000,178.0,28.0,7.7,84.0,,863,2019,2023
353619000,229.0,32.0,14.4,70.0,,954,2016,2025
353627000,228.0,32.0,14.4,70.0,,455,2019,2019
353632000,,,,70.0,,221,2018,2018
353639000,189.0,32.0,12.7,70.0,,3,2024,2024
353647000,199.0,32.0,9.1,70.0,,521,2019,2024
353666000,304.0,40.0,14.5,70.0,,5127,2015,2025
353690000,210.0,30.0,11.5,70.0,,756,2015,2016
353691000,182.0,32.0,12.4,70.0,,263,2018,2019
353693000,189.0,32.0,12.8,70.0,,1502,2016,2021
353700000,224.0,36.0,8.0,80.0,,364,2022,2022
353702000,229.0,32.0,7.2,70.0,,713,2015,2024
353706000,199.0,37.0,9.8,70.0,,1173,2024,2025
353710000,225.0,32.0,14.0,70.0,,157,2020,2020
353718000,185.0,30.0,11.2,70.0,,559,2021,2022
353719000,294.0,32.0,11.1,70.0,,1466,2019,2025
353728000,348.0,42.0,14.5,70.0,,497,2020,2020
353729000,179.0,32.0,9.7,70.0,,275,2016,2016
353732000,177.0,29.0,10.0,70.0,,444,2017,2017
353735000,74.0,14.0,2.8,79.0,,543,2023,2024
353754000,181.0,32.0,8.2,80.0,,182,2021,2021
353767000,180.0,30.0,9.9,70.0,,360,2023,2023
353772000,145.0,24.0,7.8,80.0,,1606,2015,2016
353774000,180.0,32.0,12.8,89.0,,622,2015,2016
353775000,304.0,40.0,14.5,79.0,,4426,2015,2024
353778000,199.0,32.0,13.0,70.0,,670,2018,2023
353780000,262.0,32.0,12.5,73.0,,308,2016,2016
353784000,200.0,32.0,11.9,70.0,,158,2023,2023
353788000,180.0,32.0,8.8,70.0,,692,2018,2018
353791000,150.0,24.0,9.6,70.0,,1476,2015,2018
353798000,196.0,32.0,10.6,70.0,,2071,2021,2024
353802000,185.0,31.0,7.8,70.0,,628,2015,2015
353804000,188.0,32.0,12.1,70.0,,1186,2016,2025
353812000,229.0,36.0,10.8,80.0,,730,2023,2024
353814000,189.0,32.0,12.6,70.0,,2,2023,2023
353826000,183.0,31.0,7.2,70.0,,570,2021,2022
353860000,171.0,27.0,9.7,70.0,,793,2016,2018
353862000,199.0,32.0,9.4,70.0,,1031,2021,2025
353873000,294.0,32.0,13.5,70.0,,1252,2020,2025
353884000,200.0,36.0,12.8,79.0,,56,2021,2021
353886000,304.0,40.0,11.3,70.0,,490,2015,2015
353889000,281.0,40.0,14.0,73.0,,1127,2015,2017
353892000,189.0,31.0,11.8,70.0,,494,2015,2021
353903000,293.0,40.0,12.6,70.0,,889,2018,2025
353934000,294.0,32.0,11.7,71.0,,1619,2015,2025
353941000,199.0,32.0,11.5,70.0,,469,2022,2022
353952000,183.0,32.0,13.2,80.0,,168,2020,2020
353958000,304.0,40.0,12.4,70.0,,472,2015,2015
353961000,171.0,27.0,10.4,70.0,,471,2021,2021
353968000,294.0,32.0,13.5,74.0,,1631,2016,2025
353978000,294.0,32.0,13.5,71.0,,157,2015,2015
353981000,148.0,21.0,9.5,70.0,,174,2022,2022
353989000,159.0,27.0,7.6,82.0,,521,2021,2025
353991000,294.0,32.0,12.64,74.0,,1083,2015,2015
353992000,159.0,26.0,10.1,80.0,,2779,2015,2025
353995000,225.0,32.0,6.1,70.0,,21,2025,2025
353997000,366.0,51.0,13.0,70.0,,3334,2021,2025
354013000,198.0,32.0,10.6,70.0,,2410,2021,2024
354021000,158.0,25.0,9.79,70.0,,137,2015,2015
354022000,334.0,48.0,11.4,70.0,,3100,2021,2025
354030000,225.0,32.0,9.9,70.0,,222,2015,2015
354040000,225.0,32.0,14.4,70.0,,575,2018,2019
354056000,229.0,38.0,13.8,70.0,,503,2020,2020
354064000,87.0,13.0,5.5,70.0,,1845,2017,2023
354070000,180.0,32.0,12.8,80.0,,771,2015,2018
354073000,176.0,31.0,11.0,80.0,,106,2020,2020
354076000,199.0,32.0,10.0,70.0,,700,2019,2021
354084000,199.0,32.0,13.0,70.0,,1350,2018,2022
354092000,300.0,40.0,14.5,70.0,,929,2019,2020
354093000,180.0,28.0,6.0,79.0,,449,2021,2021
354094000,224.0,32.0,14.1,70.0,,337,2021,2021
354101000,189.0,32.0,12.6,70.0,,857,2021,2022
354102000,183.0,33.0,13.0,80.0,,227,2020,2020
354120000,266.0,35.0,12.7,70.0,,923,2018,2019
354124000,292.0,45.0,11.0,70.0,,88,2022,2022
354127000,189.0,32.0,12.6,70.0,,464,2021,2021
354135000,332.0,45.0,14.0,70.0,,1872,2019,2020
354162000,177.0,28.0,10.5,70.0,,466,2024,2024
354180000,179.0,29.0,10.5,70.0,,1541,2020,2025
354190000,183.0,32.0,8.1,80.0,,2110,2018,2025
354196000,179.0,29.0,10.5,70.0,,1042,2018,2025
354197000,196.0,32.0,12.7,70.0,,464,2018,2018
354199000,292.0,45.0,10.8,79.0,,1404,2021,2024
354202000,294.0,32.0,13.5,70.0,,1631,2019,2025
354203000,199.0,32.0,9.6,70.0,,1245,2019,2022
354212000,294.0,32.0,13.5,70.0,,3018,2015,2025
354225000,229.0,33.0,7.2,70.0,,143,2021,2021
354228000,182.0,31.0,6.0,70.0,,242,2022,2022
354233000,225.0,32.0,13.2,70.0,,373,2015,2015
354247000,124.0,21.0,9.2,80.0,,430,2018,2018
354249000,183.0,28.0,10.0,71.0,,474,2022,2022
354250000,169.0,27.0,9.8,70.0,,950,2022,2022
354252000,183.0,32.0,12.2,80.0,,411,2021,2021
354256000,208.0,30.0,,70.0,,471,2022,2022
354267000,189.0,32.0,12.6,70.0,,877,2023,2024
354269000,159.0,26.0,9.9,80.0,,262,2020,2020
354282000,179.0,32.0,9.0,70.0,,25,2018,2018
354283000,159.0,26.0,10.1,80.0,,243,2020,2022
354289000,235.0,43.0,13.1,70.0,,449,2018,2018
354294000,190.0,32.0,12.73,70.0,,2285,2015,2017
354297000,225.0,32.0,14.38,70.0,,882,2015,2020
354299000,190.0,32.0,12.8,70.0,,588,2016,2018
354306000,245.0,42.0,15.6,80.0,,899,2021,2022
354311000,,,,70.0,,33,2023,2023
354315000,331.0,43.0,14.5,70.0,,1177,2020,2025
354322000,197.0,32.0,12.7,70.0,,1164,2020,2020
354327000,225.0,32.0,14.1,70.0,,45,2017,2017
354329000,183.0,32.0,13.0,80.0,,134,2016,2016
354330000,225.0,32.0,13.3,70.0,,155,2017,2017
354331000,183.0,32.0,12.3,80.0,,474,2021,2021
354342000,179.0,32.0,9.5,70.0,,114,2019,2019
354362000,266.0,35.0,12.7,70.0,,392,2018,2019
354385000,199.0,36.0,7.1,70.0,,128,2024,2024
354391000,225.0,32.0,8.7,70.0,,313,2020,2020
354395000,189.0,32.0,11.7,70.0,,588,2018,2024
354396000,189.0,32.0,12.7,70.0,,1033,2022,2022
354405000,189.0,32.0,12.5,70.0,,675,2018,2020
354408000,225.0,32.0,14.2,70.0,,761,2022,2024
354415000,294.0,32.0,13.6,70.0,,567,2021,2022
354423000,199.0,32.0,8.6,70.0,,463,2023,2023
354425000,73.0,16.0,6.0,80.0,,1914,2020,2023
354429000,190.0,32.0,12.1,70.0,,128,2021,2021
354436000,235.0,38.0,9.4,70.0,,383,2024,2024
354440000,190.0,32.0,13.0,70.0,,693,2018,2024
354441000,183.0,32.0,12.2,80.0,,260,2016,2016
354453000,225.0,37.0,12.57,80.0,,181,2015,2015
354455000,137.0,23.0,8.3,70.0,,4042,2018,2025
354456000,189.0,32.0,11.9,70.0,,2142,2020,2025
354462000,366.0,51.0,13.2,71.0,,2209,2022,2025
354480000,190.0,32.0,12.8,70.0,,798,2018,2019
354487000,200.0,32.0,9.7,70.0,,333,2016,2016
354490000,294.0,32.0,7.6,70.0,,1842,2022,2025
354494000,230.0,37.0,10.8,80.0,,1979,2016,2019
354499000,336.0,45.0,15.0,70.0,,4461,2015,2025
354501000,182.0,31.0,7.2,72.0,,279,2022,2022
354505000,294.0,32.0,13.52,71.0,,542,2015,2015
354520000,190.0,32.0,12.7,70.0,,926,2015,2020
354530000,275.0,32.0,13.5,70.0,,1273,2017,2025
354536000,285.0,40.0,,70.0,,472,2015,2015
354543000,61.0,12.0,3.9,70.0,,38712,2015,2025
354544000,182.0,30.0,11.0,70.0,,37,2020,2020
354546000,225.0,36.0,12.0,80.0,,463,2023,2023
354547000,189.0,32.0,12.9,70.0,,150,2019,2019
354550000,190.0,32.0,12.72,70.0,,952,2015,2015
354552000,228.0,,,70.0,,206,2022,2023
354556000,134.0,20.0,9.4,80.0,,1131,2022,2023
354560000,182.0,28.0,10.0,70.0,,172,2022,2022
354561000,179.0,28.0,10.1,70.0,,464,2018,2018
354565000,177.0,28.0,10.02,70.0,,895,2015,2016
354580000,57.0,11.0,2.3,70.0,,22735,2015,2024
354589000,291.0,45.0,18.2,70.0,,475,2023,2023
354591000,199.0,32.0,10.3,70.0,,221,2019,2025
354604000,190.0,32.0,12.2,70.0,,927,2020,2025
354614000,300.0,40.0,14.0,79.0,,580,2016,2016
354619000,190.0,32.0,12.53,70.0,,954,2015,2017
354625000,365.0,51.0,16.0,70.0,,509,2021,2025
354632000,225.0,32.0,14.0,70.0,,458,2023,2025
354634000,137.0,23.0,8.3,70.0,,2980,2019,2025
354643000,225.0,33.0,14.2,70.0,,1069,2015,2021
354644000,229.0,,,70.0,,957,2018,2018
354648000,180.0,32.0,12.8,80.0,,431,2015,2015
354658000,291.0,45.0,18.3,70.0,,1037,2021,2021
354662000,199.0,32.0,8.5,70.0,,1518,2019,2025
354668000,180.0,28.0,10.0,70.0,,2498,2017,2024
354676000,292.0,45.0,18.2,70.0,,409,2018,2018
354686000,146.0,24.0,7.5,82.0,,270,2018,2018
354692000,90.0,14.0,3.8,70.0,,3427,2015,2016
354701000,182.0,31.0,10.1,70.0,,1479,2023,2025
354708000,180.0,30.0,10.5,79.0,,620,2015,2020
354709000,199.0,32.0,13.3,70.0,,467,2023,2023
354711000,196.0,33.0,10.9,74.0,,138,2021,2021
354712000,334.0,42.0,14.5,70.0,,1952,2015,2022
354715000,180.0,32.0,12.07,80.0,,118,2015,2015
354717000,147.0,25.0,9.7,70.0,,478,2021,2021
354726000,200.0,32.0,13.51,70.0,,855,2015,2025
354735000,189.0,32.0,12.6,70.0,,469,2018,2018
354736000,199.0,32.0,13.5,70.0,,245,2020,2020
354737000,,,,80.0,,398,2020,2020
354740000,188.0,32.0,12.1,70.0,,312,2015,2015
354741000,186.0,31.0,11.8,70.0,,478,2016,2016
354745000,265.0,32.0,12.6,70.0,,1212,2016,2021
354747000,183.0,29.0,6.1,70.0,,472,2022,2022
354751000,294.0,33.0,13.5,70.0,,2832,2015,2025
354764000,333.0,60.0,20.8,80.0,,440,2022,2025
354767000,150.0,24.0,9.6,70.0,,482,2017,2017
354768000,177.0,28.0,10.02,70.0,,307,2015,2015
354774000,229.0,32.0,14.4,70.0,,436,2018,2018
354776000,244.0,32.0,13.22,71.0,,455,2015,2015
354778000,336.0,43.0,14.5,71.0,,574,2016,2016
354803000,225.0,32.0,14.1,70.0,,402,2018,2018
354804000,92.0,13.0,10.1,80.0,,652,2021,2025
354805000,223.0,32.0,13.4,70.0,,387,2021,2021
354820000,169.0,28.0,6.0,79.0,,472,2015,2015
354822000,199.0,32.0,13.0,70.0,,552,2019,2019
354827000,117.0,16.0,7.4,70.0,,488,2025,2025
354828000,180.0,32.0,12.6,80.0,,1257,2018,2019
354833000,50.0,11.0,,70.0,,25,2018,2018
354839000,336.0,45.0,14.0,70.0,,2011,2016,2025
354848000,332.0,45.0,14.0,70.0,,1171,2018,2020
354850000,230.0,36.0,8.3,84.0,,227,2021,2021
354855000,190.0,32.0,12.0,70.0,,470,2016,2016
354857000,200.0,32.0,11.0,70.0,,479,2022,2022
354868000,179.0,28.0,10.1,70.0,,1795,2018,2023
354872000,228.0,32.0,14.4,70.0,,463,2018,2018
354879000,189.0,32.0,12.5,70.0,,935,2021,2022
354886000,349.0,45.0,14.5,70.0,,4457,2015,2025
354891000,294.0,32.0,13.5,70.0,,4470,2015,2025
354893000,294.0,32.0,12.6,74.0,,59,2016,2016
354896000,147.0,25.0,9.65,79.0,,420,2015,2021
354899000,200.0,32.0,10.02,70.0,,283,2015,2015
354909000,229.0,32.0,7.6,70.0,,526,2023,2025
354913000,142.0,22.0,7.7,80.0,,1674,2022,2025
354918000,210.0,30.0,11.5,70.0,,1986,2015,2024
354928000,364.0,51.0,13.0,70.0,,2087,2022,2025
354934000,199.0,36.0,12.9,70.0,,480,2020,2020
354937000,79.0,13.0,5.2,70.0,,502,2020,2021
354942000,266.0,35.0,12.7,70.0,,466,2018,2018
354949000,183.0,32.0,13.1,80.0,,1302,2015,2022
354957000,230.0,36.0,11.6,80.0,,2323,2020,2025
354962000,168.0,26.0,9.8,70.0,,926,2022,2022
354968000,190.0,32.0,12.82,79.0,,406,2015,2015
354971000,183.0,30.0,8.7,70.0,,802,2018,2018
354972000,303.0,40.0,14.5,70.0,,1955,2018,2023
354973000,291.0,45.0,18.2,70.0,,182,2018,2018
354974000,228.0,32.0,14.4,70.0,,1039,2018,2025
354992000,190.0,32.0,12.51,70.0,,391,2015,2015
354998000,228.0,32.0,14.4,70.0,,910,2018,2018
355002000,112.0,17.0,8.5,80.0,,42,2018,2018
355006000,269.0,32.0,10.7,72.0,,452,2022,2022
355024000,228.0,32.0,7.6,70.0,,484,2025,2025
355026000,182.0,32.0,12.3,70.0,,1405,2017,2021
355028000,216.0,32.0,12.5,71.0,,427,2017,2017
355029000,179.0,32.0,9.1,70.0,,818,2018,2021
355037000,181.0,32.0,8.3,80.0,,275,2023,2023
355046000,177.0,28.0,7.5,70.0,,1471,2015,2017
355050000,159.0,27.0,6.8,89.0,,1565,2015,2019
355063000,189.0,32.0,12.7,70.0,,238,2019,2024
355068000,58.0,12.0,2.2,70.0,,28485,2015,2024
355073000,148.0,22.0,9.1,70.0,,448,2022,2022
355082000,199.0,32.0,13.3,70.0,,900,2018,2020
355107000,218.0,38.0,10.1,80.0,,1062,2021,2025
355109000,,,,70.0,,679,2015,2021
355117000,182.0,30.0,11.0,70.0,,678,2021,2023
355132000,199.0,32.0,13.1,70.0,,385,2023,2023
355137000,179.0,32.0,7.5,79.0,,2509,2017,2022
355139000,199.0,32.0,9.8,70.0,,958,2016,2021
355140000,229.0,32.0,14.5,70.0,,500,2017,2017
355142000,199.0,32.0,13.0,70.0,,2216,2019,2024
355145000,292.0,45.0,18.2,70.0,,455,2021,2021
355147000,225.0,36.0,12.0,80.0,,1243,2019,2021
355153000,228.0,32.0,14.4,70.0,,453,2020,2020
355173000,229.0,32.0,14.5,70.0,,362,2019,2019
355174000,171.0,27.0,10.6,79.0,,930,2017,2022
355185000,299.0,48.0,14.5,70.0,,266,2021,2021
355187000,199.0,36.0,12.9,70.0,,251,2021,2021
355195000,149.0,22.0,8.5,80.0,,476,2021,2021
355196000,228.0,32.0,14.4,70.0,,314,2021,2021
355208000,190.0,32.0,9.7,70.0,,150,2025,2025
355216000,299.0,40.0,14.5,70.0,,2448,2016,2025
355221000,182.0,32.0,12.6,80.0,,121,2015,2018
355222000,199.0,32.0,9.6,70.0,,613,2019,2025
355234000,199.0,32.0,9.0,70.0,,329,2016,2020
355256000,199.0,,11.7,70.0,,922,2022,2025
355260000,180.0,32.0,11.3,89.0,,530,2016,2016
355271000,330.0,58.0,20.6,80.0,,252,2019,2019
355280000,291.0,45.0,18.2,70.0,,318,2022,2025
355283000,363.0,45.0,14.1,70.0,,474,2024,2024
355288000,229.0,32.0,14.4,70.0,,1346,2020,2022
355290000,291.0,45.0,18.2,70.0,,389,2023,2023
355304000,132.0,23.0,7.5,74.0,,87,2025,2025
355305000,273.0,32.0,13.0,70.0,,230,2021,2021
355308000,300.0,40.0,14.5,79.0,,1678,2015,2022
355320000,144.0,23.0,8.9,80.0,,2630,2015,2022
355321000,228.0,32.0,12.2,80.0,,2352,2019,2025
355322000,199.0,32.0,12.8,70.0,,375,2020,2020
355323000,189.0,28.0,8.0,70.0,,2000,2021,2024
355328000,229.0,32.0,8.3,70.0,,769,2023,2025
355364000,228.0,33.0,11.7,80.0,,2050,2017,2021
355369000,189.0,32.0,12.8,70.0,,398,2022,2022
355380000,107.0,16.0,6.93,70.0,,1252,2015,2015
355395000,183.0,32.0,8.5,80.0,,519,2021,2024
355400000,293.0,40.0,11.5,70.0,,638,2022,2025
355401000,199.0,32.0,6.2,70.0,,490,2024,2024
355410000,229.0,32.0,14.5,70.0,,1351,2015,2023
355411000,333.0,60.0,22.5,80.0,,734,2015,2015
355418000,179.0,30.0,10.5,70.0,,439,2023,2023
355428000,169.0,27.0,9.76,70.0,,469,2015,2015
355432000,224.0,32.0,14.1,70.0,,456,2019,2019
355433000,294.0,32.0,11.8,71.0,,668,2020,2023
355437000,180.0,32.0,12.1,82.0,,1590,2015,2020
355442000,228.0,33.0,11.9,89.0,,190,2020,2020
355443000,315.0,45.0,14.5,70.0,,454,2018,2019
355452000,179.0,29.0,10.8,70.0,,747,2022,2025
355462000,229.0,32.0,9.4,70.0,,895,2018,2025
355465000,190.0,32.0,12.83,70.0,,477,2015,2015
355480000,172.0,28.0,9.52,70.0,,1304,2015,2016
355485000,138.0,,,70.0,,649,2019,2022
355488000,200.0,32.0,10.1,70.0,,1002,2016,2019
355491000,225.0,32.0,14.0,70.0,,1046,2017,2020
355494000,180.0,33.0,7.1,80.0,,590,2015,2018
355514000,199.0,32.0,11.0,70.0,,1,2019,2019
355516000,292.0,45.0,18.3,70.0,,166,2017,2017
355518000,182.0,32.0,9.4,70.0,,505,2018,2018
355520000,182.0,32.0,12.2,80.0,,479,2021,2021
355522000,112.0,19.0,7.6,80.0,,97,2019,2019
355524000,229.0,32.0,14.6,70.0,,455,2018,2018
355528000,190.0,32.0,7.8,70.0,,547,2024,2025
355534000,200.0,32.0,8.1,70.0,,474,2022,2022
355540000,189.0,32.0,12.0,70.0,,174,2019,2023
355552000,292.0,45.0,18.2,70.0,,42,2016,2016
355557000,189.0,32.0,12.5,70.0,,672,2018,2023
355558000,180.0,32.0,9.4,70.0,,406,2021,2025
355569000,146.0,22.0,9.3,70.0,,3678,2019,2020
355573000,350.0,46.0,12.5,71.0,,1086,2015,2016
355575000,180.0,29.0,10.5,70.0,,452,2020,2020
355578000,200.0,32.0,6.7,70.0,,423,2022,2025
355592000,180.0,32.0,12.62,80.0,,468,2015,2015
355594000,229.0,32.0,7.0,70.0,,19,2025,2025
355600000,243.0,42.0,14.6,80.0,,1309,2018,2023
355623000,229.0,32.0,14.6,70.0,,1953,2020,2022
355624000,190.0,32.0,12.83,70.0,,103,2015,2015
355638000,147.0,24.0,7.6,82.0,,1076,2015,2017
355646000,229.0,32.0,7.6,79.0,,227,2021,2021
355649000,199.0,32.0,9.6,70.0,,781,2017,2025
355650000,194.0,32.0,12.2,70.0,,467,2022,2022
355655000,177.0,28.0,10.9,70.0,,1160,2018,2022
355685000,189.0,32.0,13.0,70.0,,453,2019,2019
355688000,229.0,32.0,6.4,70.0,,506,2016,2016
355700000,159.0,26.0,10.1,80.0,,891,2022,2025
355703000,366.0,51.0,11.7,79.0,,926,2021,2023
355705000,330.0,60.0,21.5,80.0,,28,2018,2018
355708000,199.0,32.0,9.6,70.0,,368,2023,2023
355716000,172.0,23.0,,70.0,,593,2022,2022
355717000,294.0,32.0,13.5,72.0,,2232,2015,2017
355733000,182.0,32.0,12.6,80.0,,1243,2016,2023
355738000,243.0,32.0,12.1,71.0,,714,2016,2017
355745000,200.0,32.0,10.0,70.0,,1879,2015,2025
355748000,190.0,32.0,7.2,70.0,,270,2023,2023
355754000,188.0,31.0,9.0,70.0,,248,2016,2016
355759000,190.0,32.0,12.6,70.0,,558,2016,2016
355768000,200.0,32.0,10.0,79.0,,668,2017,2024
355793000,149.0,,,70.0,,1389,2018,2018
355797000,168.0,26.0,9.5,70.0,,806,2021,2022
355806000,225.0,32.0,14.3,70.0,,216,2021,2025
355808000,294.0,32.0,13.5,71.0,,297,2015,2015
355813000,299.0,48.0,14.5,70.0,,1374,2018,2021
355815000,190.0,32.0,12.0,70.0,,149,2016,2016
355817000,333.0,58.0,22.2,80.0,,926,2022,2022
355820000,190.0,32.0,12.7,70.0,,318,2015,2019
355824000,153.0,23.0,9.3,70.0,,152,2016,2016
355835000,185.0,30.0,7.6,70.0,,159,2025,2025
355853000,199.0,32.0,11.3,70.0,,1758,2022,2022
355856000,275.0,40.0,14.0,70.0,,299,2017,2017
355857000,169.0,27.0,9.8,70.0,,292,2020,2020
355860000,225.0,32.0,14.1,70.0,,68,2019,2019
355869000,180.0,32.0,12.07,81.0,,473,2015,2016
355870000,180.0,31.0,6.0,70.0,,3413,2021,2023
355872000,228.0,32.0,14.5,70.0,,141,2022,2022
355873000,175.0,29.0,6.1,70.0,,404,2017,2017
355882000,162.0,26.0,9.5,70.0,,1274,2021,2023
355886000,177.0,28.0,10.9,70.0,,1090,2015,2023
355899000,225.0,32.0,14.2,70.0,,1455,2019,2024
355911000,101.0,19.0,8.1,80.0,,17,2025,2025
355913000,229.0,32.0,10.6,70.0,,615,2022,2023
355919000,336.0,46.0,15.0,70.0,,4962,2015,2025
355920000,182.0,32.0,12.9,80.0,,1374,2016,2022
355921000,200.0,32.0,7.0,70.0,,894,2023,2023
355922000,174.0,31.0,7.9,70.0,,472,2022,2022
355924000,199.0,32.0,10.0,70.0,,264,2019,2019
355953000,183.0,31.0,11.7,70.0,,1230,2023,2025
355981000,299.0,40.0,14.0,70.0,,2561,2019,2025
355983000,84.0,15.0,4.5,70.0,,3832,2015,2017
355998000,180.0,28.0,10.1,70.0,,207,2017,2017
355999000,199.0,32.0,9.7,70.0,,548,2016,2016
356006000,233.0,43.0,14.7,70.0,,601,2022,2022
356008000,269.0,43.0,17.4,70.0,,462,2021,2021
356010000,199.0,32.0,11.5,70.0,,158,2021,2021
356027000,183.0,32.0,12.3,70.0,,641,2016,2016
356046000,177.0,28.0,10.8,70.0,,265,2020,2020
356067000,200.0,32.0,9.32,70.0,,1179,2015,2015
356073000,200.0,32.0,10.02,70.0,,586,2015,2015
356075000,245.0,42.0,15.1,80.0,,1560,2018,2023
356087000,179.0,28.0,10.8,70.0,,220,2022,2022
356088000,190.0,32.0,12.0,70.0,,954,2016,2016
356092000,181.0,32.0,12.2,80.0,,746,2021,2024
356093000,324.0,42.0,14.5,70.0,,4875,2015,2024
356100000,129.0,20.0,6.0,80.0,,476,2015,2015
356105000,175.0,29.0,9.6,70.0,,453,2020,2020
356108000,180.0,30.0,10.9,70.0,,903,2022,2022
356112000,348.0,42.0,14.5,70.0,,460,2020,2020
356117000,225.0,37.0,12.0,80.0,,1220,2016,2023
356124000,176.0,28.0,10.7,70.0,,468,2023,2023
356144000,190.0,32.0,12.57,70.0,,1171,2015,2025
356150000,183.0,32.0,12.3,80.0,,857,2020,2022
356152000,174.0,27.0,11.0,80.0,,387,2019,2019
356159000,174.0,28.0,11.4,82.0,,475,2016,2016
356172000,172.0,29.0,9.0,70.0,,94,2019,2019
356181000,200.0,32.0,9.73,70.0,,476,2015,2015
356186000,169.0,26.0,10.1,80.0,,696,2018,2024
356188000,169.0,27.0,9.9,70.0,,456,2022,2022
356195000,147.0,25.0,6.6,89.0,,533,2022,2022
356198000,350.0,46.0,11.1,70.0,,1121,2015,2015
356205000,265.0,32.0,12.6,70.0,,232,2023,2023
356221000,224.0,32.0,14.4,70.0,,263,2020,2020
356222000,199.0,32.0,13.0,70.0,,130,2022,2022
356249000,274.0,40.0,14.0,70.0,,732,2024,2024
356250000,185.0,30.0,11.6,70.0,,57,2021,2021
356251000,182.0,27.0,11.6,80.0,,163,2018,2018
356260000,190.0,32.0,12.72,70.0,,155,2015,2015
356266000,80.0,14.0,4.8,70.0,,6251,2016,2017
356276000,224.0,32.0,14.1,70.0,,137,2022,2022
356285000,190.0,32.0,12.0,70.0,,80,2025,2025
356289000,396.0,59.0,14.6,70.0,,443,2025,2025
356298000,179.0,27.0,10.7,70.0,,440,2022,2022
356307000,183.0,32.0,13.3,80.0,,911,2019,2023
356308000,288.0,45.0,17.9,70.0,,568,2022,2023
356309000,,,,70.0,,328,2019,2019
356315000,189.0,32.0,12.3,70.0,,886,2019,2021
356320000,199.0,32.0,13.0,70.0,,463,2018,2025
356329000,190.0,32.0,12.8,70.0,,449,2020,2020
356330000,277.0,40.0,14.5,70.0,,4531,2018,2025
356334000,,,,71.0,,2681,2015,2023
356335000,288.0,45.0,18.2,70.0,,466,2018,2018
356337000,190.0,32.0,12.0,70.0,,447,2019,2019
356340000,228.0,32.0,14.4,70.0,,766,2019,2022
356352000,266.0,35.0,12.7,70.0,,353,2018,2019
356356000,230.0,36.0,11.5,80.0,,285,2022,2025
356389000,224.0,32.0,14.1,70.0,,55,2020,2020
356391000,294.0,32.0,12.64,74.0,,1018,2015,2016
356398000,199.0,32.0,11.8,70.0,,814,2024,2024
356405000,350.0,46.0,,71.0,,73,2016,2016
356407000,335.0,46.0,12.6,73.0,,4595,2016,2024
356411000,196.0,32.0,8.9,70.0,,662,2022,2025
356412000,190.0,32.0,12.57,70.0,,63,2015,2015
356413000,294.0,32.0,13.5,70.0,,976,2015,2023
356423000,183.0,32.0,8.0,80.0,,959,2019,2025
356433000,182.0,32.0,12.2,70.0,,86,2020,2020
356436000,225.0,32.0,13.2,70.0,,24002,2018,2022
356449000,59.0,11.0,2.3,70.0,,26702,2015,2024
356466000,160.0,26.0,9.8,82.0,,604,2017,2019
356493000,185.0,32.0,12.0,80.0,,113,2024,2024
356509000,261.0,32.0,12.62,70.0,,1446,2015,2016
356515000,,,,70.0,,483,2018,2020
356537000,183.0,34.0,8.8,80.0,,1304,2022,2024
356541000,200.0,32.0,9.8,79.0,,1329,2015,2021
356546000,171.0,27.0,9.5,70.0,,375,2022,2023
356548000,176.0,28.0,10.7,70.0,,479,2023,2024
356555000,180.0,30.0,6.3,70.0,,473,2024,2024
356556000,292.0,45.0,10.5,70.0,,408,2017,2017
356560000,230.0,,,80.0,,283,2018,2018
356571000,199.0,32.0,10.3,70.0,,251,2018,2021
356577000,200.0,32.0,10.02,70.0,,527,2015,2022
356579000,202.0,30.0,11.9,70.0,,777,2020,2024
356581000,349.0,45.0,14.5,70.0,,3544,2016,2022
356582000,190.0,32.0,12.7,79.0,,1442,2016,2016
356585000,332.0,58.0,22.7,80.0,,263,2023,2023
356589000,234.0,38.0,14.5,70.0,,197,2021,2021
356590000,291.0,45.0,18.1,70.0,,1331,2020,2023
356601000,150.0,24.0,9.6,70.0,,462,2017,2017
356610000,177.0,28.0,8.9,70.0,,302,2025,2025
356624000,180.0,30.0,7.5,70.0,,532,2021,2021
356626000,225.0,32.0,14.4,70.0,,255,2018,2018
356628000,234.0,38.0,14.5,70.0,,947,2021,2021
356641000,150.0,24.0,9.63,70.0,,939,2015,2019
356643000,170.0,27.0,5.3,70.0,,1100,2021,2025
356660000,179.0,28.0,10.0,70.0,,1729,2018,2025
356668000,200.0,32.0,6.5,70.0,,110,2022,2022
356672000,292.0,45.0,18.2,70.0,,435,2018,2018
356676000,224.0,32.0,14.4,70.0,,403,2021,2021
356677000,230.0,36.0,10.8,80.0,,140,2023,2023
356696000,228.0,32.0,10.6,80.0,,454,2023,2023
356701000,118.0,15.0,7.1,70.0,,2154,2018,2025
356702000,179.0,32.0,12.1,80.0,,723,2016,2018
356704000,288.0,45.0,18.2,70.0,,221,2018,2018
356708000,274.0,40.0,7.3,70.0,,466,2024,2024
356709000,65.0,15.0,5.0,70.0,,1992,2020,2023
356718000,190.0,32.0,6.4,70.0,,646,2023,2024
356727000,137.0,23.0,8.3,70.0,,5114,2015,2024
356744000,225.0,32.0,14.2,70.0,,712,2020,2020
356757000,179.0,28.0,10.1,70.0,,460,2019,2019
356760000,189.0,32.0,12.8,70.0,,472,2022,2022
356768000,147.0,24.0,9.5,80.0,,2458,2021,2024
356771000,180.0,28.0,10.1,70.0,,470,2015,2015
356773000,185.0,32.0,11.9,80.0,,205,2020,2022
356777000,199.0,32.0,13.0,70.0,,475,2022,2022
356785000,229.0,32.0,14.6,70.0,,570,2020,2020
356791000,225.0,32.0,14.2,70.0,,456,2019,2019
356798000,300.0,40.0,14.03,79.0,,1179,2015,2015
356799000,189.0,32.0,12.8,70.0,,477,2021,2021
356811000,189.0,32.0,12.0,70.0,,1098,2019,2023
356813000,167.0,26.0,9.5,70.0,,467,2021,2021
356818000,73.0,14.0,3.5,71.0,,590,2015,2015
356827000,199.0,32.0,12.1,70.0,,66,2023,2023
356834000,330.0,60.0,21.5,80.0,,91,2016,2016
356865000,225.0,32.0,14.0,70.0,,1076,2020,2020
356866000,291.0,45.0,18.2,70.0,,324,2020,2020
356872000,299.0,40.0,14.0,70.0,,3646,2016,2020
356876000,134.0,21.0,9.2,81.0,,523,2016,2017
356880000,169.0,27.0,9.82,70.0,,936,2015,2018
356882000,229.0,38.0,13.8,70.0,,982,2023,2025
356884000,84.0,15.0,5.31,71.0,,1380,2015,2015
356903000,134.0,20.0,8.8,80.0,,3836,2020,2024
356909000,199.0,32.0,9.6,70.0,,328,2018,2021
356913000,187.0,32.0,11.4,70.0,,394,2019,2019
356917000,189.0,32.0,12.0,70.0,,466,2019,2019
356941000,366.0,51.0,12.0,71.0,,352,2022,2022
356946000,300.0,40.0,14.5,70.0,,3002,2016,2019
356950000,230.0,36.0,8.0,80.0,,1583,2017,2025
356957000,304.0,40.0,14.2,71.0,,391,2016,2016
356958000,170.0,27.0,11.3,81.0,,2085,2016,2024
356963000,106.0,19.0,6.8,70.0,,4627,2017,2025
356990000,177.0,28.0,10.0,70.0,,459,2017,2017
357002000,199.0,32.0,13.0,70.0,,1408,2019,2025
357008000,190.0,32.0,12.57,79.0,,563,2015,2018
357011000,183.0,32.0,11.8,80.0,,2,2024,2024
357013000,190.0,32.0,8.8,70.0,,480,2019,2019
357016000,190.0,32.0,7.0,70.0,,470,2025,2025
357028000,190.0,33.0,6.8,70.0,,871,2021,2022
357037000,199.0,32.0,10.3,70.0,,738,2016,2018
357046000,,,,70.0,,465,2023,2023
357051000,365.0,51.0,16.0,70.0,,2273,2020,2021
357055000,140.0,25.0,8.4,70.0,,363,2017,2017
357057000,261.0,32.0,12.62,70.0,,515,2015,2015
357067000,294.0,32.0,13.5,70.0,,1740,2015,2025
357069000,137.0,23.0,8.3,70.0,,5983,2015,2023
357072000,159.0,25.0,10.2,70.0,,1380,2018,2021
357075000,179.0,32.0,12.1,80.0,,936,2020,2023
357076000,199.0,35.0,10.0,70.0,,456,2018,2019
357077000,285.0,40.0,12.7,70.0,,1499,2015,2016
357086000,200.0,32.0,11.9,70.0,,99,2024,2025
357092000,179.0,28.0,10.1,70.0,,458,2021,2021
357094000,136.0,20.0,8.5,70.0,,3,2021,2021
357096000,300.0,48.0,14.5,70.0,,333,2023,2024
357098000,294.0,32.0,11.5,71.0,,773,2015,2015
357104000,366.0,48.0,15.5,70.0,,1449,2018,2022
357106000,259.0,32.0,13.0,70.0,,226,2022,2022
357110000,235.0,38.0,7.9,70.0,,589,2017,2018
357114000,229.0,32.0,8.8,70.0,,51,2023,2023
357116000,182.0,32.0,12.3,70.0,,756,2023,2023
357117000,230.0,36.0,10.8,80.0,,1831,2019,2024
357122000,200.0,32.0,8.2,70.0,,229,2015,2015
357123000,145.0,26.0,9.0,79.0,,494,2017,2017
357138000,190.0,32.0,12.73,70.0,,864,2015,2017
357142000,173.0,29.0,11.0,70.0,,1649,2017,2020
357146000,199.0,32.0,13.6,70.0,,143,2023,2023
357147000,199.0,32.0,9.8,70.0,,1842,2019,2023
357153000,225.0,32.0,13.8,70.0,,477,2023,2023
357162000,230.0,37.0,10.8,80.0,,458,2017,2017
357175000,294.0,32.0,13.5,70.0,,2847,2015,2025
357180000,190.0,32.0,12.7,70.0,,1571,2016,2024
357191000,202.0,32.0,12.5,70.0,,1256,2015,2017
357194000,179.0,30.0,9.6,70.0,,1736,2022,2025
357209000,229.0,32.0,10.1,70.0,,301,2024,2024
357210000,225.0,32.0,7.5,70.0,,471,2015,2015
357211000,183.0,32.0,7.5,80.0,,400,2024,2024
357213000,197.0,32.0,12.68,70.0,,759,2015,2022
357214000,294.0,32.0,13.5,76.0,,2705,2016,2020
357249000,294.0,32.0,13.54,71.0,,255,2015,2015
357258000,183.0,32.0,13.3,80.0,,318,2022,2022
357260000,160.0,25.0,9.2,70.0,,1333,2020,2023
357261000,230.0,36.0,10.8,80.0,,1068,2017,2020
357272000,261.0,33.0,12.62,70.0,,462,2015,2015
357275000,199.0,32.0,10.0,70.0,,175,2021,2021
357279000,179.0,28.0,10.1,70.0,,1887,2017,2022
357284000,189.0,32.0,12.0,70.0,,805,2018,2022
357289000,225.0,32.0,14.2,70.0,,471,2019,2019
357295000,179.0,29.0,10.5,70.0,,872,2019,2019
357299000,149.0,24.0,9.7,82.0,,942,2015,2019
357320000,199.0,32.0,13.0,70.0,,463,2022,2022
357324000,186.0,32.0,7.4,89.0,,321,2017,2017
357329000,,,7.6,70.0,,775,2021,2024
357330000,199.0,32.0,13.0,70.0,,498,2018,2018
357347000,199.0,32.0,9.6,70.0,,1615,2018,2025
357353000,124.0,20.0,9.0,70.0,,1518,2018,2022
357357000,277.0,43.0,12.0,80.0,,3797,2021,2025
357359000,199.0,32.0,9.4,70.0,,460,2025,2025
357363000,294.0,32.0,13.5,70.0,,1647,2015,2019
357376000,180.0,32.0,8.8,70.0,,98,2019,2019
357380000,207.0,30.0,9.0,70.0,,1595,2015,2023
357381000,225.0,32.0,13.9,70.0,,2303,2015,2021
357383000,183.0,32.0,13.2,80.0,,742,2017,2021
357396000,199.0,32.0,13.0,70.0,,368,2022,2022
357399000,203.0,37.0,7.5,70.0,,470,2022,2022
357401000,228.0,35.0,8.2,70.0,,913,2021,2023
357403000,292.0,45.0,18.19,79.0,,298,2015,2015
357411000,207.0,29.0,11.4,70.0,,358,2020,2020
357422000,199.0,32.0,13.0,70.0,,382,2018,2018
357431000,106.0,19.0,6.83,79.0,,1724,2015,2016
357441000,174.0,27.0,11.4,80.0,,1021,2020,2024
357444000,202.0,30.0,11.9,70.0,,1262,2019,2024
357446000,224.0,32.0,14.0,70.0,,911,2016,2018
357449000,245.0,42.0,15.1,80.0,,1674,2019,2021
357454000,332.0,58.0,22.0,80.0,,419,2021,2023
357455000,202.0,30.0,11.9,70.0,,1246,2018,2025
357457000,,,,70.0,,444,2020,2020
357460000,159.0,26.0,10.1,80.0,,773,2018,2023
357478000,190.0,32.0,12.7,70.0,,174,2017,2017
357486000,127.0,19.0,9.1,70.0,,459,2025,2025
357488000,106.0,19.0,4.6,79.0,,1108,2015,2019
357494000,180.0,30.0,8.3,70.0,,14,2022,2022
357496000,261.0,32.0,11.0,70.0,,1396,2015,2016
357498000,226.0,36.0,8.1,81.0,,221,2025,2025
357499000,190.0,32.0,12.5,70.0,,1895,2016,2022
357504000,190.0,32.0,12.8,70.0,,408,2015,2015
357506000,259.0,32.0,13.0,70.0,,1342,2019,2020
357507000,179.0,30.0,11.2,70.0,,1646,2019,2022
357513000,122.0,19.0,7.2,70.0,,448,2021,2021
357528000,133.0,23.0,7.7,70.0,,484,2020,2020
357538000,190.0,32.0,12.7,70.0,,1533,2015,2020
357542000,259.0,32.0,13.0,70.0,,515,2017,2018
357547000,293.0,40.0,14.0,70.0,,2875,2018,2020
357558000,183.0,32.0,11.3,80.0,,511,2022,2022
357563000,179.0,32.0,12.8,80.0,,321,2019,2019
357568000,255.0,43.0,14.5,70.0,,187,2018,2018
357586000,179.0,32.0,12.8,80.0,,91,2020,2020
357601000,169.0,27.0,9.7,70.0,,829,2016,2016
357616000,180.0,32.0,12.6,89.0,,413,2016,2016
357628000,228.0,32.0,12.2,80.0,,1972,2017,2022
357656000,186.0,27.0,6.2,70.0,,470,2024,2024
357665000,340.0,46.0,14.5,70.0,,394,2017,2017
357682000,199.0,32.0,10.0,70.0,,462,2015,2018
357691000,182.0,32.0,7.4,89.0,,408,2022,2022
357694000,199.0,32.0,10.0,70.0,,544,2020,2021
357711000,200.0,32.0,12.8,70.0,,203,2017,2017
357715000,146.0,24.0,7.0,80.0,,100,2021,2023
357725000,190.0,30.0,11.5,70.0,,370,2019,2019
357726000,189.0,32.0,7.4,70.0,,1326,2018,2019
357736000,182.0,32.0,12.6,80.0,,1677,2015,2018
357737000,284.0,40.0,10.0,70.0,,1665,2015,2025
357742000,200.0,32.0,10.1,70.0,,297,2016,2016
357743000,177.0,28.0,10.9,70.0,,2321,2018,2019
357758000,199.0,32.0,10.1,70.0,,1340,2022,2023
357759000,177.0,28.0,10.2,79.0,,92,2018,2018
357764000,200.0,32.0,6.8,70.0,,306,2024,2024
357770000,293.0,40.0,14.0,70.0,,664,2018,2019
357772000,181.0,29.0,10.6,70.0,,712,2018,2021
357777000,189.0,32.0,12.8,70.0,,1187,2020,2022
357795000,200.0,32.0,10.0,70.0,,1633,2016,2024
357802000,179.0,32.0,9.1,70.0,,12,2023,2023
357814000,178.0,32.0,10.66,72.0,,145,2015,2015
357825000,199.0,32.0,12.7,70.0,,176,2024,2024
357835000,199.0,32.0,12.0,70.0,,950,2018,2024
357847000,189.0,32.0,12.5,70.0,,920,2022,2025
357851000,146.0,24.0,9.62,80.0,,56,2015,2015
357865000,161.0,23.0,8.1,81.0,,2871,2017,2022
357874000,285.0,40.0,12.7,70.0,,931,2016,2017
357875000,180.0,30.0,7.3,70.0,,702,2024,2024
357891000,366.0,51.0,13.2,71.0,,475,2021,2021
357899000,179.0,32.0,12.1,80.0,,441,2016,2019
357910000,200.0,32.0,12.0,70.0,,474,2024,2024
357926000,365.0,48.0,15.5,70.0,,703,2021,2024
357928000,197.0,32.0,12.68,70.0,,474,2015,2015
357929000,292.0,45.0,17.99,70.0,,469,2015,2015
357934000,180.0,32.0,12.02,81.0,,479,2015,2015
357957000,180.0,32.0,7.9,70.0,,665,2019,2025
357960000,190.0,32.0,12.6,70.0,,467,2017,2017
357961000,189.0,32.0,9.6,70.0,,3079,2015,2025
357984000,188.0,32.0,10.7,70.0,,1167,2015,2025
357988000,315.0,45.0,14.5,70.0,,2067,2019,2023
365729424,,,9.2,70.0,,466,2019,2019
366032000,209.0,24.0,10.8,80.0,,5823,2018,2021
366082000,183.0,32.0,8.2,80.0,,139,2025,2025
366102000,199.0,32.0,10.3,70.0,,2368,2015,2019
366163000,186.0,28.0,10.8,70.0,,3538,2018,2021
366203000,250.0,32.0,10.2,70.0,,5652,2018,2020
366204000,250.0,32.0,10.2,70.0,,725,2016,2021
366206000,199.0,28.0,9.6,70.0,,31484,2015,2025
366215000,63.0,16.0,4.2,70.0,,22,2024,2024
366230000,166.0,23.0,7.8,70.0,,4786,2017,2022
366235000,207.0,29.0,9.9,70.0,,34682,2018,2025
366238000,265.0,42.0,16.8,80.0,,3776,2015,2018
366273000,183.0,32.0,12.2,80.0,,5556,2016,2025
366337000,299.0,40.0,11.5,70.0,,2400,2016,2017
366343000,266.0,32.0,11.9,70.0,,2026,2019,2020
366374000,85.0,18.0,6.3,70.0,,1144,2017,2017
366418000,306.0,40.0,12.1,70.0,,2165,2021,2024
366478000,100.0,40.0,4.0,70.0,,456,2025,2025
366479000,264.0,32.0,12.3,70.0,,5865,2015,2023
366495000,183.0,32.0,12.2,80.0,,4012,2015,2025
366508000,183.0,32.0,12.2,80.0,,4879,2015,2025
366516370,33.0,10.0,4.2,80.0,,6136,2015,2017
366539000,183.0,32.0,12.2,80.0,,8724,2015,2025
366551000,198.0,32.0,,70.0,,41,2022,2022
366562000,262.0,32.0,10.7,70.0,,1831,2020,2025
366563000,262.0,32.0,9.6,70.0,,1699,2018,2025
366574000,185.0,23.0,9.6,70.0,,13620,2017,2023
366575000,186.0,24.0,7.6,70.0,,1205,2022,2024
366576000,217.0,32.0,11.6,70.0,,301,2019,2019
366605000,60.0,10.0,3.9,70.0,,2692,2025,2025
366629000,272.0,30.0,12.4,70.0,,14182,2015,2023
366663000,229.0,32.0,9.7,70.0,,446,2025,2025
366670000,207.0,29.0,10.1,70.0,,40294,2015,2025
366698000,207.0,32.0,6.8,70.0,,24286,2019,2025
366716000,207.0,29.0,9.9,70.0,,15850,2015,2025
366733250,31.0,7.0,,70.0,,36,2021,2021
366734000,208.0,31.0,9.8,70.0,,26801,2019,2025
366758000,247.0,27.0,10.3,70.0,,5104,2018,2022
366765690,22.0,7.0,,70.0,,488,2015,2015
366766000,81.0,16.0,5.2,70.0,,5323,2024,2025
366771000,180.0,32.0,9.62,70.0,,1876,2015,2022
366778000,193.0,27.0,8.5,70.0,,468,2025,2025
366791000,272.0,30.0,12.4,70.0,,3918,2015,2025
366792000,248.0,27.0,11.1,70.0,,1243,2016,2017
366799000,247.0,27.0,10.1,70.0,,5664,2015,2022
366812000,30.0,8.0,3.0,70.0,,123,2025,2025
366816910,45.0,10.0,2.9,70.0,,245,2025,2025
366826000,183.0,32.0,12.2,80.0,,5908,2016,2025
366832740,38.0,12.0,5.8,80.0,,3940,2015,2017
366838000,191.0,27.0,8.6,70.0,,1229,2015,2015
366839000,197.0,32.0,10.0,70.0,,30758,2018,2025
366841000,197.0,32.0,10.0,70.0,,47863,2015,2025
366842000,197.0,32.0,10.0,70.0,,34053,2018,2025
366843080,34.0,9.0,,70.0,,140,2015,2015
366845210,477.0,,,70.0,,55,2024,2024
366846000,183.0,32.0,13.3,80.0,,2854,2015,2023
366851610,51.0,10.0,2.8,70.0,,6067,2024,2025
366855000,183.0,32.0,12.2,80.0,,4960,2018,2024
366870320,33.0,11.0,2.6,79.0,,581,2024,2025
366873620,58.0,15.0,,70.0,,184,2018,2018
366891140,38.0,12.0,5.8,80.0,,4483,2016,2017
366901470,25.0,7.0,,70.0,,103,2015,2016
366910820,47.0,14.0,6.16,80.0,,837,2015,2015
366910920,41.0,11.0,5.2,80.0,,844,2016,2016
366920230,33.0,10.0,4.3,80.0,,1110,2016,2016
366920920,39.0,12.0,5.2,80.0,,2241,2016,2016
366920940,37.0,10.0,4.2,82.0,,785,2016,2016
366931000,19.0,,,70.0,,7628,2015,2015
366948190,287.0,50.0,18.8,80.0,,1454,2016,2025
366962000,183.0,32.0,12.2,80.0,,4634,2017,2025
366969950,134.0,19.0,,79.0,,6783,2015,2018
366985000,289.0,32.0,10.9,70.0,,2291,2019,2020
366987000,288.0,32.0,11.21,70.0,,421,2015,2015
366990380,50.0,14.0,3.0,70.0,,579,2015,2016
366997520,100.0,16.0,6.4,70.0,,2142,2018,2018
366999412,37.0,12.0,2.6,70.0,,1584,2024,2025
366999509,22.0,6.0,1.4,75.0,,4171,2025,2025
367006650,46.0,13.0,6.3,80.0,,5501,2015,2017
367006790,22.0,7.0,,80.0,,20835,2018,2023
367015560,,,3.0,80.0,,2537,2016,2016
367021870,18.0,7.0,,70.0,,2273,2015,2015
367036000,205.0,23.0,6.6,81.0,,870,2024,2025
367040660,19.0,,,70.0,,734,2024,2024
367049000,205.0,32.0,9.8,70.0,,4660,2020,2024
367053090,64.0,16.0,4.9,79.0,,1197,2017,2017
367062040,36.0,9.0,3.0,74.0,,665,2022,2022
367063050,199.0,32.0,11.6,79.0,,732,2015,2015
367063280,190.0,32.0,10.2,70.0,,8911,2015,2022
367063310,199.0,32.0,11.6,79.0,,1180,2016,2017
367065790,26.0,8.0,,80.0,,11239,2015,2025
367066970,35.0,10.0,4.2,70.0,,14569,2018,2019
367067110,272.0,46.0,17.5,80.0,,685,2020,2025
367067960,31.0,11.0,,70.0,,31699,2018,2023
367074110,98.0,15.0,4.8,70.0,,27797,2018,2024
367078110,45.0,11.0,3.0,79.0,,5489,2020,2020
367080000,255.0,40.0,12.6,79.0,,491,2025,2025
367093000,199.0,32.0,10.0,70.0,,3279,2015,2025
367102000,186.0,32.0,11.3,80.0,,5866,2021,2025
367109000,183.0,32.0,12.2,80.0,,10585,2015,2025
367109110,31.0,21.0,4.0,71.0,,2046,2024,2025
367124980,46.0,14.0,3.3,70.0,,4248,2025,2025
367125000,200.0,32.0,10.5,70.0,,1938,2017,2020
367127000,187.0,27.0,11.0,80.0,,3268,2015,2019
367134000,183.0,32.0,11.1,80.0,,5250,2017,2025
367136680,243.0,32.0,11.0,70.0,,5912,2015,2021
367136710,243.0,32.0,11.0,70.0,,4242,2015,2021
367141680,149.0,22.0,9.1,70.0,,11917,2015,2025
367159020,35.0,11.0,5.3,80.0,,1150,2015,2016
367165980,38.0,12.0,,80.0,,12313,2015,2017
367168640,243.0,32.0,11.0,70.0,,3957,2015,2021
367168650,243.0,32.0,11.0,79.0,,5248,2015,2021
367176000,182.0,40.0,7.0,80.0,,226,2022,2022
367176640,40.0,11.0,5.3,81.0,,557,2017,2017
367176660,40.0,11.0,5.2,82.0,,3287,2015,2017
367185000,290.0,32.0,9.1,70.0,,2273,2024,2024
367189890,70.0,16.0,4.0,70.0,,933,2025,2025
367190000,288.0,32.0,8.0,70.0,,20907,2015,2024
367196000,262.0,32.0,11.6,70.0,,4668,2016,2024
367199960,22.0,7.0,,70.0,,1043,2021,2023
367211000,276.0,32.0,12.5,70.0,,11759,2018,2025
367220000,206.0,30.0,8.9,80.0,,995,2024,2025
367221000,193.0,29.0,10.7,80.0,,179,2025,2025
367222000,206.0,29.0,,80.0,,5979,2020,2022
367276000,210.0,32.0,9.1,70.0,,1770,2021,2021
367318000,199.0,32.0,11.0,70.0,,4046,2016,2019
367336380,35.0,11.0,4.7,81.0,,3935,2015,2016
367337960,46.0,14.0,6.86,80.0,,7369,2015,2017
367338870,,,,70.0,,254,2025,2025
367342960,183.0,32.0,12.8,80.0,,8875,2015,2025
367348000,200.0,32.0,9.8,70.0,,15822,2017,2025
367353070,183.0,32.0,11.8,80.0,,12598,2015,2025
367353080,183.0,32.0,11.8,80.0,,2196,2018,2025
367353090,183.0,32.0,12.8,80.0,,12011,2015,2024
367353110,183.0,32.0,12.8,80.0,,3561,2016,2025
367353660,107.0,16.0,4.9,70.0,,150507,2015,2025
367357000,87.0,19.0,6.2,70.0,,772,2016,2016
367357310,29.0,11.0,3.3,70.0,,969,2021,2021
367357320,29.0,11.0,3.3,70.0,,468,2020,2020
367359930,25.0,8.0,2.0,80.0,,50208,2015,2025
367361960,46.0,14.0,7.0,80.0,,7299,2015,2025
367362010,184.0,22.0,6.9,80.0,,1127,2024,2025
367366670,43.0,21.0,,70.0,,8354,2018,2025
367370000,205.0,32.0,9.8,70.0,,14964,2018,2025
367370780,35.0,11.0,4.7,80.0,,782,2015,2016
367371000,205.0,32.0,9.8,70.0,,7271,2017,2021
367373420,18.0,8.0,2.5,70.0,,1661,2024,2025
367380320,56.0,14.0,3.82,70.0,,3,2015,2015
367381000,183.0,32.0,12.2,80.0,,5963,2015,2025
367384000,205.0,32.0,9.8,70.0,,8454,2022,2024
367390130,36.0,10.0,5.4,80.0,,10,2016,2016
367391920,62.0,14.0,4.0,70.0,,961,2025,2025
367393330,25.0,8.0,1.7,80.0,,53785,2015,2025
367403450,274.0,20.0,,71.0,,389,2015,2015
367409290,38.0,10.0,4.2,80.0,,1813,2016,2017
367416080,64.0,17.0,4.7,70.0,,2424,2016,2016
367422000,306.0,40.0,12.3,70.0,,4379,2021,2025
367423510,60.0,8.0,3.2,70.0,,938,2015,2015
367428330,38.0,12.0,,80.0,,313,2016,2016
367432220,40.0,9.0,3.1,79.0,,1331,2024,2025
367438000,217.0,32.0,12.5,70.0,,2199,2018,2024
367442000,193.0,32.0,12.8,82.0,,1093,2015,2016
367445000,38.0,11.0,4.6,82.0,,661,2016,2016
367455580,183.0,32.0,12.2,80.0,,4478,2018,2025
367455770,183.0,32.0,12.2,80.0,,9425,2015,2025
367457000,188.0,32.0,12.2,80.0,,5209,2018,2025
367483670,52.0,18.0,,70.0,,13765,2018,2023
367486370,48.0,10.0,3.0,79.0,,14843,2015,2017
367487870,43.0,,,70.0,,3183,2025,2025
367492920,34.0,8.0,2.7,79.0,,19137,2015,2017
367503980,153.0,23.0,8.5,70.0,,4565,2018,2022
367506560,50.0,11.0,,70.0,,1948,2025,2025
367512880,23.0,,,80.0,,10890,2018,2019
367514980,73.0,18.0,3.7,79.0,,5711,2017,2025
367515760,28.0,10.0,3.49,70.0,,3,2015,2015
367518920,188.0,32.0,11.0,80.0,,4887,2018,2025
367531780,21.0,7.0,,70.0,,3236,2019,2022
367531790,24.0,9.0,,70.0,,15647,2018,2022
367533290,50.0,13.0,3.1,70.0,,9828,2017,2017
367535950,166.0,22.0,9.5,70.0,,2552,2019,2023
367564890,44.0,11.0,2.34,70.0,,6852,2015,2016
367567000,68.0,14.0,4.0,70.0,,3,2024,2024
367569690,81.0,,,70.0,,5088,2019,2021
367578740,277.0,40.0,14.0,70.0,,3953,2016,2024
367585890,89.0,20.0,5.2,70.0,,1063,2025,2025
367596850,92.0,20.0,5.3,70.0,,3620,2024,2025
367597530,88.0,21.0,13.6,80.0,,17712,2024,2025
367597640,89.0,22.0,5.0,80.0,,25415,2024,2025
367597650,89.0,22.0,6.0,80.0,,23111,2024,2025
367605490,86.0,,,70.0,,1083,2018,2018
367606000,292.0,32.0,13.5,70.0,,5274,2018,2025
367609980,20.0,,,74.0,,472,2015,2015
367612310,100.0,15.0,5.3,70.0,,2444,2025,2025
367612490,97.0,20.0,4.5,70.0,,230,2024,2024
367628660,184.0,25.0,7.0,75.0,,614,2024,2025
367633000,178.0,32.0,11.1,80.0,,6058,2018,2025
367635000,130.0,20.0,4.9,80.0,,8525,2023,2025
367641230,210.0,32.0,9.8,70.0,,10499,2015,2025
367643740,100.0,23.0,5.5,70.0,,1250,2024,2024
367655260,78.0,16.0,4.4,79.0,,3770,2024,2025
367665030,170.0,25.0,9.5,70.0,,3479,2018,2024
367677560,186.0,32.0,11.3,80.0,,4231,2018,2025
367681380,,,,70.0,,2411,2024,2025
367686920,22.0,7.0,3.6,80.0,,20747,2018,2025
367688000,287.0,50.0,18.8,80.0,,3826,2015,2025
367690000,46.0,14.0,6.9,81.0,,9730,2015,2017
367703000,183.0,32.0,12.2,80.0,,7674,2015,2025
367716480,,,,70.0,,2122,2018,2018
367719640,45.0,15.0,1.7,70.0,,4685,2018,2025
367721220,170.0,25.0,9.5,70.0,,1156,2019,2021
367740790,153.0,23.0,4.6,80.0,,1880,2024,2025
367744130,17.0,4.0,2.6,79.0,,13130,2024,2024
367754650,45.0,10.0,3.0,70.0,,395,2024,2024
367759000,292.0,32.0,13.5,70.0,,7826,2015,2025
367760520,27.0,6.0,2.5,80.0,,5964,2018,2024
367761740,,,,70.0,,4275,2018,2018
367766210,51.0,17.0,,70.0,,11419,2023,2025
367766220,52.0,20.0,2.3,70.0,,48312,2018,2025
367775000,292.0,32.0,13.5,70.0,,4124,2015,2025
367776050,19.0,7.0,,70.0,,7243,2018,2023
367781000,306.0,40.0,12.1,70.0,,4117,2021,2025
367781630,219.0,32.0,8.8,70.0,,13361,2018,2025
367782370,169.0,25.0,6.6,70.0,,1327,2018,2024
367799380,220.0,32.0,9.4,70.0,,10105,2021,2025
367801000,212.0,32.0,10.6,70.0,,39843,2015,2025
367802000,212.0,32.0,10.6,70.0,,39039,2015,2025
367819000,289.0,32.0,11.2,70.0,,13557,2017,2025
367821000,276.0,32.0,13.0,70.0,,42047,2015,2021
367822000,276.0,32.0,13.0,70.0,,41085,2015,2022
367832000,291.0,32.0,8.8,70.0,,15479,2016,2025
367834000,290.0,32.0,11.3,70.0,,44296,2018,2025
367840000,291.0,33.0,9.0,70.0,,482,2025,2025
367852000,210.0,32.0,8.5,70.0,,5069,2024,2025
367861000,193.0,29.0,10.2,80.0,,13189,2018,2025
367862000,193.0,29.0,10.2,80.0,,17610,2018,2025
367863000,193.0,29.0,8.4,80.0,,22804,2015,2025
367865000,206.0,29.0,9.4,80.0,,13950,2019,2025
367866000,206.0,29.0,9.8,80.0,,21197,2016,2025
367932000,193.0,29.0,10.0,80.0,,26727,2015,2025
368004000,188.0,32.0,12.2,80.0,,5906,2018,2025
368013820,29.0,9.0,2.0,80.0,,8915,2021,2025
368013860,101.0,21.0,5.9,70.0,,2671,2024,2025
368014230,43.0,22.0,,70.0,,5411,2024,2025
368016020,50.0,10.0,,71.0,,5228,2022,2025
368026000,289.0,32.0,10.9,70.0,,31667,2018,2025
368028980,43.0,11.0,2.2,70.0,,5619,2018,2025
368053000,292.0,32.0,12.7,71.0,,352,2025,2025
368063000,241.0,28.0,9.02,70.0,,1176,2015,2015
368064180,145.0,22.0,5.0,82.0,,2106,2025,2025
368067670,122.0,17.0,,70.0,,17591,2024,2025
368098000,124.0,22.0,8.41,70.0,,670,2015,2016
368100000,41.0,11.0,3.0,70.0,,245,2022,2023
368115890,23.0,8.0,2.4,79.0,,2197,2024,2025
368127000,251.0,44.0,15.0,89.0,,3567,2015,2025
368146000,255.0,40.0,11.1,70.0,,387,2025,2025
368149440,10.0,5.0,,79.0,,1912,2023,2025
368155210,10.0,8.0,,79.0,,899,2022,2023
368160000,184.0,26.0,8.6,70.0,,508,2022,2022
368163550,15.0,5.0,,80.0,,338,2024,2025
368171000,199.0,24.0,,80.0,,131,2025,2025
368192920,13.0,,,70.0,,699,2024,2025
368199000,183.0,32.0,11.5,80.0,,7037,2018,2025
368206160,47.0,14.0,,70.0,,1362,2024,2025
368206170,49.0,16.0,,70.0,,768,2024,2024
368208000,241.0,28.0,8.53,74.0,,660,2015,2015
368230820,46.0,11.0,3.0,70.0,,5946,2023,2025
368231430,87.0,19.0,,70.0,,15897,2024,2025
368236150,14.0,30.0,,70.0,,208,2023,2023
368237180,56.0,14.0,3.5,70.0,,3433,2023,2025
368237190,55.0,15.0,3.3,70.0,,14736,2022,2025
368253470,92.0,20.0,4.2,79.0,,3172,2022,2025
368264720,79.0,18.0,5.1,70.0,,1690,2022,2024
368268990,65.0,18.0,,70.0,,4150,2024,2025
368269000,190.0,32.0,7.6,70.0,,3625,2022,2023
368269610,87.0,18.0,4.6,70.0,,2019,2023,2024
368269780,43.0,12.0,3.0,70.0,,1331,2024,2024
368269860,41.0,11.0,3.0,70.0,,2010,2025,2025
368270390,48.0,14.0,3.0,70.0,,1719,2024,2025
368270970,66.0,14.0,3.3,70.0,,7993,2023,2024
368271360,,,2.0,79.0,,453,2022,2022
368284720,42.0,5.0,,70.0,,145,2024,2025
368295000,183.0,32.0,12.2,80.0,,5181,2016,2024
368297990,30.0,10.0,,70.0,,609,2024,2024
368305000,217.0,32.0,12.5,70.0,,3736,2016,2023
368305620,290.0,22.0,,70.0,,669,2025,2025
368306080,59.0,20.0,,70.0,,994,2024,2024
368311960,85.0,18.0,5.0,70.0,,582,2025,2025
368315650,61.0,14.0,3.7,70.0,,369,2025,2025
368324450,85.0,18.0,,70.0,,1547,2025,2025
368348000,300.0,32.0,11.4,70.0,,645,2016,2016
368352250,46.0,11.0,,70.0,,531,2025,2025
368354510,75.0,18.0,3.5,70.0,,1482,2024,2024
368359000,305.0,40.0,11.4,70.0,,1914,2021,2025
368364550,61.0,14.0,3.0,70.0,,777,2025,2025
368373000,178.0,25.0,,70.0,,722,2025,2025
368398460,137.0,22.0,6.1,70.0,,942,2025,2025
368408000,56.0,12.0,4.0,70.0,,11855,2020,2022
368411250,183.0,32.0,7.6,80.0,,441,2025,2025
368430000,119.0,20.0,7.4,70.0,,100,2015,2015
368445000,183.0,32.0,12.2,80.0,,12822,2015,2024
368456000,92.0,20.0,5.0,70.0,,1049,2024,2024
368473000,199.0,32.0,10.0,70.0,,2575,2016,2023
368589000,183.0,32.0,12.2,80.0,,2774,2015,2022
368591000,275.0,39.0,12.5,70.0,,1997,2021,2025
368598000,275.0,39.0,12.7,70.0,,1088,2019,2019
368611000,33.0,9.0,,70.0,,5732,2025,2025
368660000,292.0,32.0,13.5,70.0,,3760,2016,2021
368680000,276.0,40.0,14.0,70.0,,1067,2015,2024
368685000,276.0,40.0,14.0,70.0,,1016,2015,2018
368700000,289.0,32.0,10.4,70.0,,1613,2020,2021
368707000,290.0,32.0,10.4,79.0,,28114,2015,2025
368734000,289.0,32.0,11.3,70.0,,6968,2019,2023
368769000,187.0,27.0,11.1,89.0,,4631,2015,2019
368784000,199.0,32.0,9.0,70.0,,2174,2019,2025
368808000,183.0,27.0,10.4,70.0,,5674,2018,2025
368836000,289.0,32.0,10.7,70.0,,6655,2019,2024
368850000,208.0,31.0,9.8,70.0,,28344,2015,2024
368922000,207.0,29.0,9.6,70.0,,37758,2018,2025
368926301,82.0,18.0,4.5,70.0,,549,2019,2020
368926628,,,,70.0,,259,2024,2024
368988000,173.0,17.0,8.4,70.0,,7509,2015,2024
368991000,288.0,32.0,10.61,70.0,,12423,2015,2024
369006000,255.0,40.0,11.5,77.0,,112,2025,2025
369037000,183.0,32.0,11.7,80.0,,6104,2018,2025
369040000,183.0,32.0,11.7,80.0,,5338,2019,2025
369042000,183.0,32.0,11.1,80.0,,4649,2018,2025
369043000,183.0,32.0,11.0,80.0,,5791,2018,2025
369113000,169.0,24.0,6.1,87.0,,525,2021,2021
369142000,186.0,31.0,10.8,80.0,,3534,2018,2024
369207000,260.0,35.0,11.1,70.0,,1855,2021,2025
369209000,260.0,35.0,10.7,70.0,,1550,2021,2025
369215000,306.0,40.0,12.4,70.0,,5997,2021,2025
369222000,199.0,32.0,9.0,70.0,,1959,2018,2025
369225000,186.0,32.0,10.1,80.0,,3414,2019,2025
369233000,292.0,32.0,13.5,71.0,,1305,2016,2016
369235000,47.0,16.0,6.5,80.0,,5250,2015,2017
369246000,318.0,40.0,14.0,70.0,,6355,2017,2025
369272000,272.0,46.0,17.5,80.0,,2010,2016,2025
369278000,150.0,,,70.0,,292,2024,2024
369296000,217.0,32.0,12.5,70.0,,3050,2018,2025
369309000,318.0,40.0,14.0,70.0,,6527,2017,2025
369326000,200.0,32.0,10.1,70.0,,1785,2016,2021
369327000,190.0,32.0,10.2,70.0,,5455,2015,2021
369339000,300.0,42.0,11.8,70.0,,3276,2019,2023
369342000,31.0,7.0,2.7,76.0,,2874,2019,2019
369344000,190.0,32.0,12.3,70.0,,4922,2020,2025
369350000,40.0,13.0,6.3,70.0,,1364,2015,2016
369355000,236.0,36.0,9.5,70.0,,1671,2023,2025
369357000,237.0,35.0,9.5,79.0,,3374,2023,2025
369390000,292.0,33.0,11.4,71.0,,3002,2020,2025
369462000,239.0,49.0,12.0,70.0,,4894,2022,2025
369526000,208.0,24.0,7.0,80.0,,3832,2024,2025
369527000,199.0,32.0,10.0,70.0,,84,2021,2021
369540000,272.0,46.0,17.5,80.0,,705,2018,2025
369703000,39.0,13.0,5.79,89.0,,238,2015,2015
369708000,292.0,32.0,13.5,70.0,,2084,2015,2016
369751000,306.0,40.0,12.1,70.0,,3912,2018,2021
369790000,270.0,42.0,11.9,80.0,,1650,2015,2016
369813000,187.0,28.0,10.8,70.0,,4140,2015,2020
369818000,121.0,21.0,5.1,76.0,,2006,2023,2023
369854000,210.0,32.0,9.3,70.0,,6991,2015,2025
369886000,210.0,32.0,8.5,79.0,,1006,2024,2025
369914054,228.0,33.0,10.0,89.0,,5303,2024,2025
369914056,228.0,33.0,9.5,89.0,,2150,2025,2025
369928000,210.0,32.0,9.7,70.0,,4842,2015,2025
370011000,199.0,32.0,9.6,70.0,,1102,2019,2020
370018000,190.0,32.0,12.8,70.0,,606,2017,2017
370023000,190.0,32.0,12.57,70.0,,441,2015,2015
370030000,189.0,32.0,13.0,70.0,,462,2024,2024
370037000,228.0,32.0,14.4,70.0,,83,2018,2018
370045000,134.0,21.0,9.1,80.0,,278,2019,2020
370068000,182.0,32.0,12.62,89.0,,479,2015,2015
370069000,182.0,28.0,11.3,80.0,,464,2015,2018
370074000,180.0,28.0,10.03,70.0,,477,2015,2015
370081000,261.0,33.0,12.62,71.0,,864,2015,2016
370082000,261.0,32.0,12.6,71.0,,472,2016,2016
370087000,169.0,27.0,9.8,70.0,,1461,2017,2025
370090000,225.0,32.0,7.9,70.0,,140,2025,2025
370096000,291.0,45.0,18.2,70.0,,6,2022,2022
370097000,294.0,32.0,13.5,70.0,,168,2016,2016
370117000,190.0,32.0,12.45,79.0,,91,2015,2015
370126000,137.0,23.0,8.33,79.0,,394,2015,2018
370130000,230.0,38.0,13.8,70.0,,207,2017,2017
370135000,189.0,32.0,12.6,70.0,,432,2023,2023
370137000,292.0,45.0,10.5,70.0,,454,2024,2024
370149000,190.0,32.0,12.3,70.0,,513,2015,2015
370150000,225.0,32.0,14.1,79.0,,765,2016,2017
370152000,178.0,30.0,6.9,70.0,,821,2023,2025
370153000,183.0,32.0,13.0,80.0,,846,2017,2021
370157000,199.0,32.0,10.3,70.0,,205,2018,2018
370163000,226.0,37.0,8.1,80.0,,1023,2015,2025
370185000,189.0,32.0,10.9,70.0,,617,2018,2025
370188000,349.0,45.0,14.5,70.0,,2293,2015,2025
370189000,176.0,30.0,6.9,70.0,,124,2024,2024
370211000,183.0,32.0,8.7,80.0,,112,2025,2025
370212000,171.0,27.0,9.7,70.0,,470,2016,2016
370215000,177.0,27.0,9.5,79.0,,926,2021,2022
370216000,292.0,45.0,18.2,70.0,,475,2023,2023
370232000,190.0,32.0,12.8,70.0,,368,2019,2022
370235000,229.0,32.0,14.6,70.0,,1659,2015,2020
370254000,265.0,32.0,11.2,70.0,,1186,2019,2025
370258000,292.0,45.0,9.6,70.0,,934,2024,2024
370261000,178.0,29.0,10.8,70.0,,960,2015,2017
370269000,59.0,11.0,2.3,70.0,,27944,2015,2024
370271000,277.0,40.0,14.5,70.0,,2309,2019,2020
370273000,274.0,32.0,10.9,70.0,,1276,2017,2025
370289000,304.0,40.0,14.0,70.0,,365,2017,2018
370297000,183.0,32.0,7.5,89.0,,374,2024,2024
370299000,199.0,32.0,10.0,70.0,,497,2017,2020
370302000,169.0,27.0,7.7,70.0,,914,2022,2024
370305000,138.0,22.0,7.7,79.0,,411,2015,2021
370309000,244.0,42.0,11.2,80.0,,446,2024,2025
370313000,226.0,37.0,7.6,89.0,,830,2018,2021
370316000,225.0,32.0,14.4,70.0,,1405,2015,2025
370317000,189.0,32.0,12.8,70.0,,420,2019,2019
370320000,260.0,32.0,12.6,70.0,,1670,2015,2019
370325000,229.0,32.0,14.4,70.0,,64,2020,2020
370333000,229.0,32.0,14.7,70.0,,448,2018,2018
370341000,366.0,51.0,13.5,72.0,,774,2022,2024
370350000,106.0,19.0,6.8,70.0,,3111,2015,2025
370355000,225.0,36.0,12.0,80.0,,553,2020,2024
370356000,177.0,28.0,10.0,70.0,,933,2017,2018
370360000,230.0,37.0,7.8,80.0,,438,2025,2025
370361000,147.0,23.0,8.2,70.0,,1248,2020,2023
370363000,200.0,32.0,7.9,79.0,,58,2024,2024
370367000,229.0,32.0,14.5,70.0,,421,2018,2018
370372000,188.0,31.0,9.0,70.0,,843,2016,2017
370375000,54.0,11.0,2.5,70.0,,28584,2015,2025
370377000,225.0,32.0,14.3,70.0,,464,2018,2018
370381000,106.0,19.0,6.8,70.0,,4395,2015,2024
370386000,169.0,27.0,9.8,70.0,,474,2016,2016
370392000,180.0,28.0,8.5,70.0,,1945,2020,2024
370395000,189.0,32.0,12.8,70.0,,946,2018,2019
370407000,320.0,46.0,14.5,70.0,,2856,2016,2023
370416000,225.0,36.0,12.0,80.0,,4,2022,2022
370424000,129.0,23.0,9.7,70.0,,153,2023,2023
370430000,141.0,24.0,9.7,89.0,,476,2015,2015
370437000,210.0,30.0,11.5,71.0,,1411,2017,2019
370453000,229.0,32.0,14.5,79.0,,330,2016,2016
370458000,266.0,35.0,12.7,70.0,,526,2022,2022
370461000,180.0,28.0,10.0,70.0,,2128,2015,2019
370471000,169.0,27.0,9.8,70.0,,352,2018,2018
370475000,210.0,37.0,12.0,70.0,,251,2018,2021
370484000,172.0,28.0,9.5,70.0,,283,2016,2016
370485000,199.0,,11.9,70.0,,1894,2015,2024
370488000,169.0,27.0,9.8,70.0,,260,2016,2016
370500000,183.0,32.0,13.3,80.0,,359,2019,2019
370503000,230.0,36.0,7.8,80.0,,1339,2021,2025
370507000,259.0,32.0,12.6,70.0,,184,2016,2020
370508000,200.0,32.0,9.7,70.0,,195,2016,2016
370514000,182.0,32.0,12.6,80.0,,70,2018,2018
370528000,183.0,32.0,11.9,80.0,,847,2024,2024
370538000,127.0,20.0,9.33,80.0,,379,2015,2015
370544000,180.0,30.0,9.0,70.0,,912,2022,2023
370547000,178.0,29.0,11.0,70.0,,557,2015,2015
370549000,183.0,32.0,12.22,82.0,,464,2015,2015
370558000,170.0,27.0,11.3,80.0,,2272,2015,2020
370560000,171.0,27.0,9.72,70.0,,641,2015,2021
370573000,183.0,32.0,13.0,80.0,,2649,2015,2023
370574000,229.0,32.0,8.0,70.0,,465,2024,2024
370579000,264.0,32.0,12.75,79.0,,505,2015,2016
370587000,336.0,45.0,14.0,70.0,,3518,2016,2025
370594000,122.0,20.0,7.2,70.0,,478,2015,2015
370602000,229.0,32.0,8.1,70.0,,105,2021,2021
370614000,169.0,27.0,9.78,70.0,,159,2015,2015
370633000,190.0,32.0,12.5,70.0,,480,2017,2017
370634000,190.0,32.0,12.8,70.0,,487,2015,2015
370642000,226.0,37.0,11.2,80.0,,142,2020,2020
370644000,199.0,32.0,10.0,70.0,,985,2022,2025
370646000,146.0,23.0,9.2,80.0,,47,2022,2022
370651000,227.0,32.0,13.2,70.0,,2562,2018,2024
370653000,225.0,37.0,12.0,81.0,,150,2015,2015
370661000,200.0,32.0,10.02,70.0,,16,2015,2015
370662000,190.0,32.0,12.45,70.0,,322,2015,2015
370677000,,,,70.0,,914,2018,2022
370686000,182.0,32.0,12.6,81.0,,613,2017,2018
370687000,190.0,32.0,12.83,70.0,,2008,2015,2017
370694000,179.0,32.0,7.8,70.0,,659,2023,2025
370696000,190.0,32.0,11.3,70.0,,975,2021,2024
370697000,183.0,32.0,13.3,80.0,,478,2019,2019
370699000,189.0,32.0,12.7,70.0,,3,2021,2021
370711000,144.0,24.0,9.7,82.0,,1296,2015,2024
370713000,180.0,32.0,12.62,80.0,,553,2015,2016
370724000,183.0,32.0,12.2,79.0,,473,2017,2017
370731000,127.0,19.0,8.7,80.0,,767,2015,2021
370733000,190.0,32.0,12.57,79.0,,447,2015,2018
370737000,224.0,32.0,14.4,70.0,,520,2018,2019
370738000,182.0,28.0,11.0,80.0,,1225,2016,2024
370746000,134.0,20.0,8.1,70.0,,434,2024,2024
370754000,159.0,27.0,9.9,82.0,,375,2015,2017
370756000,179.0,32.0,12.5,80.0,,821,2022,2023
370761000,190.0,32.0,6.8,70.0,,295,2024,2024
370764000,126.0,20.0,9.3,80.0,,441,2021,2021
370785000,190.0,32.0,12.8,70.0,,214,2016,2016
370805000,91.0,14.0,4.0,70.0,,5931,2015,2016
370808000,232.0,32.0,9.0,70.0,,812,2025,2025
370822000,228.0,42.0,14.8,80.0,,546,2015,2018
370825000,189.0,32.0,12.5,70.0,,143,2018,2018
370830000,177.0,28.0,10.02,70.0,,462,2015,2015
370837000,171.0,28.0,9.52,79.0,,292,2015,2016
370847000,244.0,42.0,14.9,80.0,,774,2022,2022
370852000,200.0,32.0,9.7,70.0,,877,2020,2020
370854000,159.0,26.0,10.1,80.0,,977,2015,2022
370863000,183.0,32.0,13.0,80.0,,478,2019,2019
370865000,180.0,30.0,10.6,70.0,,1007,2022,2024
370867000,183.0,29.0,10.4,70.0,,96,2019,2019
370869000,200.0,32.0,10.0,70.0,,1333,2016,2019
370879000,229.0,32.0,14.7,70.0,,892,2017,2022
370892000,366.0,51.0,15.6,70.0,,544,2021,2021
370897000,261.0,32.0,12.62,71.0,,1064,2015,2015
370900000,190.0,32.0,13.0,70.0,,1358,2016,2018
370914000,230.0,37.0,10.8,80.0,,469,2016,2023
370918000,229.0,32.0,12.7,70.0,,465,2025,2025
370930000,364.0,46.0,15.5,71.0,,470,2015,2015
370937000,225.0,32.0,7.8,70.0,,890,2019,2024
370939000,189.0,32.0,12.8,70.0,,556,2023,2023
370959000,304.0,40.0,14.0,70.0,,2013,2015,2019
370960000,225.0,32.0,14.1,70.0,,479,2015,2015
370963000,169.0,27.0,9.8,70.0,,743,2015,2016
370966000,171.0,27.0,9.7,79.0,,473,2016,2016
370967000,232.0,32.0,10.0,70.0,,215,2021,2021
370971000,229.0,32.0,14.4,70.0,,471,2020,2020
370990000,225.0,32.0,14.14,70.0,,507,2015,2017
370993000,363.0,45.0,15.5,70.0,,1113,2015,2022
370999000,146.0,23.0,9.6,80.0,,1166,2020,2023
371005000,180.0,32.0,12.6,80.0,,507,2021,2021
371007000,199.0,32.0,12.5,70.0,,782,2021,2021
371011000,199.0,32.0,13.0,70.0,,414,2018,2018
371013000,170.0,27.0,9.7,70.0,,1836,2015,2020
371018000,180.0,32.0,12.6,89.0,,915,2017,2018
371025000,175.0,28.0,7.8,83.0,,1139,2024,2025
371048000,224.0,32.0,13.8,70.0,,996,2021,2023
371051000,196.0,32.0,11.1,70.0,,1379,2021,2024
371052000,120.0,21.0,8.45,70.0,,469,2015,2015
371053000,170.0,26.0,8.2,80.0,,280,2015,2015
371055000,189.0,32.0,12.6,70.0,,230,2021,2021
371059000,324.0,42.0,14.5,70.0,,3881,2016,2025
371062000,279.0,40.0,14.0,71.0,,471,2017,2017
371072000,229.0,38.0,9.4,70.0,,335,2024,2024
371078000,107.0,18.0,6.5,80.0,,1746,2015,2017
371085000,146.0,23.0,9.7,80.0,,1356,2017,2022
371101000,170.0,26.0,6.9,82.0,,678,2015,2015
371134000,180.0,32.0,10.4,70.0,,1911,2022,2025
371140000,199.0,32.0,10.0,70.0,,849,2019,2023
371143000,225.0,32.0,6.9,70.0,,589,2021,2022
371147000,199.0,32.0,9.6,70.0,,1130,2022,2022
371148000,179.0,30.0,6.8,70.0,,937,2021,2024
371151000,182.0,32.0,7.7,80.0,,424,2015,2015
371153000,131.0,23.0,9.6,70.0,,718,2018,2024
371158000,230.0,37.0,10.84,80.0,,321,2015,2015
371161000,183.0,31.0,11.81,70.0,,422,2015,2015
371162000,289.0,45.0,17.9,70.0,,474,2017,2017
371163000,225.0,32.0,14.14,79.0,,918,2015,2021
371172000,199.0,32.0,10.0,70.0,,1210,2016,2020
371179000,179.0,32.0,12.8,80.0,,396,2018,2018
371180000,229.0,32.0,7.3,70.0,,451,2021,2021
371185000,190.0,28.0,9.33,70.0,,454,2015,2015
371207000,228.0,,,70.0,,1491,2015,2022
371208000,294.0,32.0,13.5,70.0,,2438,2015,2022
371210000,136.0,24.0,8.3,70.0,,2731,2018,2025
371215000,365.0,50.0,11.0,70.0,,1178,2024,2025
371218000,366.0,51.0,14.1,72.0,,838,2021,2022
371222000,190.0,32.0,8.3,70.0,,413,2025,2025
371228000,336.0,45.0,15.0,70.0,,4017,2015,2024
371230000,230.0,37.0,10.8,80.0,,446,2016,2016
371233000,365.0,50.0,13.7,70.0,,276,2024,2024
371237000,188.0,32.0,12.2,70.0,,1141,2016,2017
371243000,243.0,32.0,11.7,71.0,,804,2017,2023
371245000,324.0,42.0,14.5,70.0,,2105,2017,2022
371247000,190.0,32.0,12.0,70.0,,406,2016,2016
371249000,189.0,32.0,12.6,70.0,,60,2018,2018
371270000,169.0,27.0,9.8,70.0,,957,2018,2019
371271000,169.0,27.0,9.8,70.0,,818,2020,2021
371274000,366.0,48.0,14.9,74.0,,2362,2021,2023
371277000,199.0,32.0,10.0,70.0,,1142,2022,2025
371290000,200.0,33.0,11.9,70.0,,479,2024,2024
371293000,120.0,15.0,7.03,79.0,,4483,2015,2022
371294000,182.0,32.0,12.92,82.0,,1414,2015,2021
371303000,293.0,40.0,14.0,70.0,,728,2019,2020
371313000,229.0,32.0,7.3,70.0,,556,2018,2025
371325000,244.0,42.0,8.4,80.0,,225,2015,2025
371326000,190.0,32.0,12.6,70.0,,318,2016,2016
371330000,190.0,32.0,12.7,70.0,,452,2020,2020
371334000,190.0,32.0,12.82,70.0,,956,2015,2015
371346000,183.0,32.0,13.1,80.0,,493,2016,2020
371353000,225.0,36.0,11.6,80.0,,2078,2020,2025
371355000,167.0,23.0,9.0,70.0,,467,2023,2023
371365000,180.0,30.0,6.2,70.0,,479,2021,2021
371377000,221.0,32.0,8.6,70.0,,186,2016,2016
371383000,229.0,38.0,7.3,70.0,,436,2023,2023
371384000,200.0,32.0,9.6,70.0,,327,2016,2024
371389000,199.0,,,70.0,,351,2023,2023
371392000,200.0,32.0,10.0,70.0,,102,2022,2022
371392514,143.0,24.0,9.5,83.0,,29,2015,2015
371394000,180.0,32.0,11.9,80.0,,967,2017,2022
371407000,180.0,28.0,10.1,70.0,,726,2017,2025
371410000,180.0,30.0,9.8,79.0,,1059,2019,2021
371412000,146.0,24.0,9.5,80.0,,1374,2021,2022
371414000,183.0,32.0,10.0,80.0,,1003,2023,2024
371416000,177.0,29.0,8.0,70.0,,475,2024,2024
371420000,229.0,32.0,7.5,70.0,,142,2022,2022
371422000,225.0,32.0,11.1,70.0,,477,2024,2024
371426000,200.0,32.0,10.0,70.0,,79,2016,2016
371427000,199.0,32.0,9.7,70.0,,499,2021,2021
371429000,294.0,32.0,13.5,70.0,,2414,2016,2022
371433000,144.0,24.0,9.67,83.0,,461,2015,2015
371437000,200.0,33.0,9.82,79.0,,969,2015,2018
371440000,169.0,27.0,9.82,79.0,,93,2015,2015
371443000,243.0,32.0,11.7,74.0,,544,2016,2017
371449000,294.0,32.0,13.5,70.0,,3130,2015,2024
371451000,159.0,26.0,9.9,80.0,,996,2018,2024
371462000,170.0,25.0,11.4,80.0,,75,2023,2023
371463000,169.0,27.0,9.8,70.0,,1133,2023,2024
371466000,336.0,45.0,15.0,70.0,,2443,2021,2025
371467000,180.0,30.0,10.5,76.0,,975,2016,2016
371474000,275.0,40.0,14.5,70.0,,462,2017,2019
371475000,274.0,40.0,14.5,70.0,,2155,2019,2021
371478000,189.0,32.0,12.5,70.0,,1392,2015,2023
371487000,179.0,30.0,9.8,70.0,,886,2021,2021
371501000,82.0,14.0,5.3,70.0,,4936,2015,2016
371507000,189.0,32.0,12.8,70.0,,1123,2018,2024
371509000,180.0,32.0,10.5,80.0,,356,2015,2015
371513000,230.0,32.0,8.4,80.0,,1434,2022,2025
371516000,254.0,43.0,13.5,70.0,,1362,2017,2019
371518000,180.0,28.0,9.2,70.0,,342,2025,2025
371519000,293.0,40.0,14.0,70.0,,2011,2016,2025
371523000,190.0,32.0,12.0,70.0,,357,2022,2022
371535000,225.0,32.0,13.3,70.0,,1217,2015,2019
371544000,304.0,40.0,14.2,71.0,,116,2016,2016
371545000,225.0,32.0,14.1,70.0,,1278,2019,2020
371554000,186.0,31.0,11.78,70.0,,442,2015,2015
371557000,225.0,36.0,8.0,80.0,,2262,2018,2025
371558000,250.0,44.0,8.7,89.0,,123,2022,2022
371559000,180.0,32.0,9.4,70.0,,445,2022,2022
371572000,190.0,32.0,12.8,70.0,,470,2017,2017
371576000,180.0,30.0,9.9,70.0,,292,2025,2025
371587000,189.0,32.0,12.7,70.0,,904,2021,2021
371590000,197.0,32.0,12.7,70.0,,1247,2018,2024
371592000,190.0,32.0,12.3,70.0,,766,2015,2018
371604000,180.0,32.0,12.0,80.0,,1532,2015,2024
371618000,199.0,32.0,9.8,70.0,,1673,2017,2022
371623000,225.0,32.0,14.1,79.0,,200,2017,2017
371628000,170.0,27.0,9.7,70.0,,571,2015,2023
371633000,293.0,40.0,14.0,70.0,,1228,2019,2025
371638000,288.0,45.0,18.2,70.0,,386,2021,2021
371639000,225.0,36.0,8.2,84.0,,1513,2021,2025
371641000,183.0,30.0,8.72,79.0,,310,2015,2015
371646000,189.0,32.0,12.9,70.0,,86,2023,2023
371651000,199.0,32.0,13.0,70.0,,905,2022,2023
371659000,200.0,32.0,8.5,70.0,,719,2019,2021
371660000,230.0,36.0,7.9,84.0,,896,2024,2025
371669000,225.0,36.0,7.9,80.0,,2103,2019,2024
371671000,200.0,32.0,9.6,79.0,,57,2016,2018
371674000,225.0,32.0,14.2,70.0,,450,2023,2023
371691000,291.0,44.0,,70.0,,39,2016,2017
371693000,153.0,23.0,9.35,70.0,,534,2015,2016
371694000,,,3.4,70.0,,3361,2015,2015
371699000,225.0,32.0,14.3,70.0,,903,2018,2018
371701000,199.0,32.0,13.0,70.0,,910,2018,2018
371705000,288.0,45.0,18.2,70.0,,9695,2020,2025
371706000,199.0,32.0,10.0,70.0,,1720,2018,2019
371707000,189.0,32.0,12.5,70.0,,1510,2017,2023
371709000,177.0,28.0,10.0,70.0,,1176,2019,2022
371710000,199.0,32.0,10.0,70.0,,1536,2016,2020
371713000,181.0,32.0,12.2,80.0,,75,2021,2021
371715000,199.0,32.0,11.0,70.0,,1319,2019,2021
371716000,171.0,27.0,10.4,70.0,,412,2021,2021
371718000,292.0,45.0,11.4,70.0,,422,2024,2024
371720000,167.0,26.0,9.9,70.0,,293,2022,2022
371732000,176.0,28.0,10.7,70.0,,383,2018,2018
371752000,332.0,43.0,14.5,70.0,,1995,2015,2025
371753000,366.0,52.0,14.0,71.0,,449,2025,2025
371780000,225.0,32.0,14.4,70.0,,1006,2022,2023
371784000,225.0,32.0,14.0,70.0,,6,2016,2016
371795000,284.0,40.0,14.0,70.0,,531,2019,2019
371798000,199.0,32.0,9.6,70.0,,969,2015,2025
371799000,285.0,40.0,14.0,70.0,,740,2017,2020
371800000,190.0,32.0,12.6,79.0,,531,2016,2016
371809000,146.0,24.0,6.9,80.0,,189,2022,2022
371810000,183.0,32.0,12.2,70.0,,68,2017,2017
371819000,182.0,31.0,10.0,70.0,,1728,2018,2020
371823000,147.0,24.0,9.5,80.0,,427,2020,2023
371826000,190.0,32.0,12.6,70.0,,474,2017,2017
371836000,294.0,32.0,13.52,71.0,,1181,2015,2016
371838000,183.0,27.0,11.0,80.0,,406,2018,2018
371851000,324.0,42.0,14.5,70.0,,4809,2015,2022
371853000,294.0,32.0,13.5,70.0,,1251,2015,2017
371860000,275.0,32.0,10.1,78.0,,422,2024,2025
371862000,200.0,32.0,10.0,70.0,,1249,2015,2022
371868000,224.0,32.0,14.1,70.0,,191,2020,2020
371873000,199.0,32.0,13.0,70.0,,433,2022,2022
371878000,200.0,32.0,8.9,70.0,,1232,2021,2025
371880000,169.0,26.0,10.1,80.0,,397,2021,2025
371882000,199.0,32.0,11.9,70.0,,466,2022,2022
371885000,200.0,32.0,10.1,79.0,,884,2016,2025
371886000,183.0,30.0,10.4,70.0,,950,2017,2017
371888000,225.0,32.0,14.1,70.0,,109,2016,2016
371895000,106.0,19.0,4.8,70.0,,3944,2016,2025
371897000,199.0,32.0,13.0,70.0,,242,2025,2025
371900000,70.0,14.0,4.6,70.0,,18793,2015,2021
371908000,331.0,43.0,14.5,70.0,,3113,2015,2024
371911000,190.0,32.0,12.82,70.0,,651,2015,2022
371923000,57.0,11.0,2.0,70.0,,20768,2015,2024
371924000,179.0,32.0,11.3,80.0,,125,2025,2025
371929000,340.0,46.0,12.7,70.0,,953,2018,2022
371932000,225.0,32.0,13.2,70.0,,600,2016,2024
371936000,145.0,23.0,9.7,80.0,,771,2021,2024
371941000,199.0,32.0,13.0,70.0,,907,2019,2019
371951000,200.0,32.0,8.2,70.0,,817,2022,2024
371952000,189.0,32.0,12.6,70.0,,1443,2019,2020
371956000,177.0,30.0,8.1,70.0,,906,2019,2025
371961000,285.0,40.0,14.02,70.0,,477,2015,2015
371962000,190.0,32.0,7.8,70.0,,385,2023,2024
371964000,199.0,32.0,9.6,70.0,,897,2015,2023
371965000,199.0,32.0,10.0,70.0,,2239,2021,2024
371976000,225.0,32.0,14.2,70.0,,1684,2016,2018
371978000,229.0,32.0,14.4,70.0,,1189,2015,2018
371979000,225.0,32.0,14.2,70.0,,45,2019,2019
371982000,184.0,27.0,11.5,89.0,,375,2017,2017
371987000,200.0,32.0,9.7,70.0,,1233,2018,2021
371991000,177.0,28.0,10.0,70.0,,451,2017,2017
371995000,290.0,47.0,18.0,70.0,,1887,2015,2023
371999000,190.0,32.0,12.5,70.0,,686,2016,2017
372007000,182.0,32.0,12.2,70.0,,472,2019,2019
372008000,331.0,43.0,14.5,70.0,,1696,2018,2021
372014000,176.0,29.0,9.64,70.0,,475,2015,2015
372025000,304.0,40.0,14.2,71.0,,1001,2017,2017
372031000,200.0,32.0,10.0,70.0,,1128,2017,2020
372038000,336.0,45.0,14.0,70.0,,2319,2018,2023
372040000,147.0,24.0,9.4,80.0,,228,2023,2023
372044000,177.0,28.0,10.9,70.0,,473,2019,2019
372049000,188.0,32.0,12.2,70.0,,9,2016,2016
372050000,336.0,45.0,15.0,70.0,,2195,2017,2019
372051000,324.0,42.0,14.5,70.0,,6261,2016,2023
372052000,304.0,40.0,14.02,79.0,,753,2015,2020
372056000,199.0,32.0,10.3,70.0,,1579,2015,2019
372063000,289.0,45.0,17.9,70.0,,462,2017,2017
372064000,177.0,28.0,10.0,70.0,,189,2017,2017
372066000,170.0,27.0,11.37,82.0,,1349,2015,2016
372089000,190.0,32.0,1.9,70.0,,2811,2022,2025
372092000,200.0,32.0,9.2,70.0,,1527,2021,2024
372094000,179.0,30.0,9.8,70.0,,929,2023,2023
372100000,224.0,32.0,13.8,70.0,,431,2018,2018
372101000,183.0,32.0,13.3,80.0,,2384,2017,2024
372104000,336.0,45.0,14.0,70.0,,3719,2016,2025
372111000,229.0,32.0,13.2,80.0,,67,2016,2016
372112000,178.0,29.0,10.8,79.0,,463,2016,2016
372123000,274.0,32.0,13.5,70.0,,2052,2018,2025
372129000,,,,70.0,,941,2018,2021
372148000,199.0,32.0,9.7,70.0,,2983,2016,2025
372151000,183.0,32.0,13.2,80.0,,451,2022,2022
372158000,169.0,27.0,9.8,70.0,,193,2019,2023
372161000,225.0,32.0,7.6,70.0,,300,2024,2024
372172000,183.0,32.0,12.2,80.0,,123,2023,2023
372186000,190.0,32.0,12.8,70.0,,1566,2015,2017
372191000,176.0,28.0,7.9,70.0,,326,2025,2025
372192000,174.0,28.0,10.3,79.0,,316,2017,2017
372193000,225.0,32.0,12.0,70.0,,912,2015,2015
372197000,144.0,23.0,8.9,80.0,,2959,2020,2024
372203000,180.0,28.0,10.03,79.0,,547,2015,2015
372213000,229.0,32.0,7.7,70.0,,798,2022,2023
372218000,338.0,45.0,13.3,70.0,,1002,2021,2025
372219000,182.0,28.0,11.3,80.0,,1016,2016,2020
372220000,190.0,32.0,12.6,70.0,,249,2016,2016
372241000,299.0,42.0,14.2,70.0,,713,2016,2018
372246000,190.0,32.0,12.57,70.0,,957,2015,2016
372260000,178.0,29.0,10.8,70.0,,933,2017,2024
372267000,288.0,45.0,18.0,70.0,,4285,2018,2024
372268000,225.0,32.0,12.0,70.0,,14,2017,2017
372269000,183.0,,,80.0,,434,2019,2019
372270000,189.0,32.0,12.8,70.0,,1300,2015,2021
372280000,364.0,51.0,11.6,73.0,,944,2024,2025
372281000,180.0,28.0,10.1,70.0,,476,2015,2015
372301000,228.0,36.0,13.9,70.0,,449,2019,2019
372308000,178.0,29.0,10.9,79.0,,588,2017,2017
372309000,190.0,32.0,12.4,70.0,,927,2017,2022
372319000,294.0,32.0,13.5,70.0,,2757,2015,2023
372321000,139.0,21.0,5.5,70.0,,393,2025,2025
372340000,304.0,40.0,14.5,70.0,,917,2017,2019
372341000,303.0,40.0,14.5,70.0,,478,2023,2023
372345000,169.0,27.0,9.8,70.0,,1004,2015,2017
372346000,183.0,30.0,8.7,70.0,,411,2016,2016
372348000,224.0,32.0,14.4,70.0,,918,2018,2020
372349000,190.0,32.0,8.6,70.0,,40,2015,2015
372351000,189.0,32.0,12.5,70.0,,106,2018,2018
372352000,177.0,28.0,10.9,70.0,,921,2016,2020
372354000,169.0,27.0,9.8,79.0,,890,2015,2016
372355000,225.0,32.0,14.2,70.0,,452,2023,2023
372361000,197.0,32.0,12.7,70.0,,602,2021,2023
372367000,336.0,45.0,14.0,70.0,,4050,2015,2024
372371000,177.0,28.0,10.0,70.0,,870,2018,2018
372372000,190.0,32.0,12.83,70.0,,479,2015,2015
372390000,182.0,32.0,12.2,70.0,,168,2020,2020
372400000,365.0,48.0,15.5,70.0,,1294,2019,2024
372405000,144.0,24.0,9.7,80.0,,2739,2015,2025
372431000,181.0,32.0,10.3,80.0,,309,2024,2024
372443000,225.0,32.0,13.3,70.0,,323,2019,2019
372444000,281.0,40.0,14.02,70.0,,305,2015,2015
372445000,304.0,40.0,14.2,70.0,,722,2017,2018
372448000,170.0,26.0,9.2,80.0,,504,2017,2017
372464000,124.0,20.0,8.9,81.0,,934,2015,2018
372470000,230.0,36.0,11.6,80.0,,412,2016,2019
372491000,257.0,32.0,12.7,70.0,,734,2018,2024
372493000,128.0,20.0,8.8,89.0,,427,2016,2017
372506000,191.0,32.0,12.5,70.0,,1247,2022,2022
372510000,301.0,43.0,10.4,74.0,,727,2015,2016
372512000,338.0,45.0,14.5,70.0,,1372,2019,2024
372516000,199.0,32.0,9.6,70.0,,1897,2018,2025
372530000,169.0,26.0,10.9,80.0,,264,2022,2022
372531000,338.0,45.0,14.5,70.0,,1762,2021,2025
372533000,,,,70.0,,651,2019,2021
372557000,304.0,40.0,14.2,70.0,,750,2018,2018
372561000,303.0,40.0,14.0,70.0,,1021,2017,2018
372566000,146.0,24.0,6.1,82.0,,366,2015,2015
372588000,106.0,19.0,6.83,70.0,,1158,2015,2017
372592000,106.0,19.0,6.8,70.0,,6209,2015,2025
372605000,141.0,24.0,8.3,84.0,,496,2015,2016
372608000,186.0,32.0,13.0,80.0,,549,2017,2020
372609000,190.0,32.0,12.53,70.0,,547,2015,2015
372610000,179.0,30.0,9.2,70.0,,117,2020,2022
372611000,199.0,26.0,,70.0,,132,2022,2022
372612000,169.0,27.0,9.82,70.0,,544,2015,2024
372613000,199.0,32.0,9.6,70.0,,156,2020,2020
372627000,232.0,32.0,10.0,70.0,,412,2023,2025
372635000,180.0,32.0,12.6,80.0,,252,2019,2019
372665000,336.0,45.0,14.0,70.0,,2141,2017,2022
372666000,126.0,20.0,8.4,80.0,,921,2018,2023
372682000,106.0,19.0,6.8,70.0,,4190,2015,2025
372697000,106.0,19.0,6.8,70.0,,4398,2016,2025
372707000,171.0,27.0,9.5,70.0,,1136,2017,2023
372712000,189.0,32.0,12.5,70.0,,1280,2018,2021
372721000,180.0,29.0,10.4,80.0,,443,2022,2022
372724000,336.0,45.0,14.0,70.0,,3678,2017,2024
372729000,190.0,32.0,12.3,70.0,,63,2016,2016
372733000,177.0,28.0,10.0,70.0,,2228,2021,2024
372736000,337.0,46.0,15.1,70.0,,2479,2015,2022
372737000,275.0,32.0,13.5,71.0,,1212,2015,2025
372740000,281.0,40.0,14.02,74.0,,470,2015,2015
372742000,180.0,30.0,10.54,79.0,,513,2015,2015
372750000,159.0,23.0,8.6,80.0,,967,2020,2022
372771000,,,,70.0,,2113,2019,2022
372774000,294.0,32.0,13.52,71.0,,199,2015,2015
372777000,183.0,32.0,13.0,80.0,,1177,2017,2024
372791000,224.0,32.0,14.0,70.0,,479,2021,2021
372792000,159.0,26.0,9.8,83.0,,1182,2021,2024
372798000,100.0,18.0,8.2,70.0,,137,2022,2022
372802000,232.0,32.0,10.0,70.0,,510,2017,2017
372804000,81.0,13.0,4.7,70.0,,8474,2015,2024
372805000,199.0,32.0,9.4,70.0,,468,2024,2024
372812000,176.0,27.0,10.0,70.0,,968,2022,2022
372827000,294.0,32.0,13.52,71.0,,679,2015,2016
372829000,300.0,43.0,14.2,71.0,,1106,2016,2020
372831000,199.0,32.0,13.3,70.0,,174,2018,2018
372833000,200.0,32.0,11.2,70.0,,285,2021,2021
372835000,304.0,40.0,11.4,70.0,,563,2015,2015
372840000,229.0,32.0,7.3,70.0,,450,2025,2025
372843000,277.0,40.0,14.5,70.0,,1301,2018,2020
372848000,199.0,36.0,12.9,70.0,,468,2022,2022
372855000,225.0,32.0,14.2,70.0,,509,2020,2020
372861000,149.0,24.0,6.2,89.0,,264,2022,2022
372868000,171.0,27.0,9.7,79.0,,951,2017,2018
372878000,169.0,27.0,9.8,70.0,,916,2017,2025
372879000,179.0,28.0,9.0,70.0,,985,2017,2019
372883000,199.0,32.0,12.8,70.0,,468,2019,2019
372884000,199.0,32.0,10.0,70.0,,462,2018,2018
372894000,170.0,26.0,8.7,80.0,,777,2015,2016
372895000,229.0,32.0,14.4,70.0,,161,2017,2017
372905000,183.0,32.0,13.3,80.0,,379,2020,2020
372913000,189.0,32.0,12.5,70.0,,888,2019,2019
372915000,230.0,37.0,8.0,80.0,,1174,2020,2025
372916000,159.0,27.0,8.9,80.0,,1272,2015,2025
372920000,180.0,32.0,12.1,89.0,,1044,2015,2019
372924000,176.0,28.0,9.8,70.0,,733,2018,2024
372930000,200.0,32.0,6.9,70.0,,156,2024,2024
372934000,294.0,32.0,13.5,70.0,,1795,2015,2023
372939000,239.0,42.0,14.8,80.0,,324,2021,2021
372941000,224.0,32.0,14.1,70.0,,568,2020,2022
372945000,180.0,30.0,9.2,70.0,,587,2017,2021
372950000,225.0,32.0,14.3,70.0,,452,2017,2017
372955000,294.0,32.0,13.5,70.0,,1298,2016,2024
372956000,174.0,28.0,9.8,80.0,,2563,2019,2025
372967000,177.0,28.0,10.8,70.0,,1388,2023,2025
372973000,337.0,46.0,14.6,70.0,,3023,2020,2025
372974000,190.0,32.0,8.2,70.0,,569,2021,2022
372981000,200.0,32.0,10.0,70.0,,511,2016,2016
372985000,200.0,32.0,11.2,70.0,,523,2022,2024
372989000,190.0,32.0,12.52,70.0,,418,2015,2015
372995000,200.0,32.0,9.6,70.0,,403,2017,2025
373004000,365.0,48.0,15.5,70.0,,1400,2021,2024
373005000,365.0,48.0,16.0,70.0,,1382,2018,2024
373012000,225.0,32.0,14.1,70.0,,433,2023,2023
373014000,,,,70.0,,440,2022,2022
373015000,148.0,24.0,9.7,80.0,,468,2018,2018
373021000,189.0,22.0,10.7,70.0,,1638,2021,2023
373024000,254.0,43.0,13.6,70.0,,403,2020,2020
373025000,197.0,32.0,12.68,70.0,,245,2015,2017
373026000,197.0,32.0,12.68,79.0,,447,2015,2015
373035000,200.0,32.0,10.0,70.0,,1529,2015,2021
373043000,200.0,32.0,12.8,70.0,,475,2015,2015
373044000,260.0,32.0,8.7,70.0,,1320,2023,2023
373045000,232.0,37.0,7.6,80.0,,438,2023,2023
373046000,228.0,32.0,7.2,70.0,,937,2023,2024
373048000,210.0,36.0,11.5,70.0,,467,2022,2022
373051000,228.0,32.0,12.5,80.0,,2056,2015,2021
373057000,199.0,32.0,8.3,79.0,,2013,2020,2024
373060000,176.0,28.0,10.7,70.0,,174,2022,2022
373061000,177.0,28.0,8.1,70.0,,936,2020,2023
373064000,199.0,32.0,7.1,70.0,,190,2021,2021
373067000,244.0,42.0,12.4,89.0,,570,2023,2025
373068000,366.0,48.0,16.5,70.0,,40,2022,2022
373069000,365.0,48.0,16.0,70.0,,2169,2020,2023
373073000,179.0,29.0,10.5,70.0,,115,2020,2020
373075000,291.0,45.0,18.2,70.0,,32,2022,2022
373085000,190.0,32.0,12.8,79.0,,476,2017,2017
373090000,228.0,42.0,8.5,80.0,,1081,2023,2025
373100000,190.0,32.0,12.7,70.0,,936,2015,2016
373102000,196.0,32.0,12.7,70.0,,874,2020,2023
373105000,183.0,32.0,9.2,89.0,,797,2022,2025
373107000,190.0,32.0,12.7,70.0,,1442,2016,2025
373109000,228.0,32.0,14.6,70.0,,432,2023,2023
373118000,291.0,45.0,18.2,70.0,,415,2018,2018
373119000,334.0,45.0,14.0,70.0,,2609,2017,2025
373121000,170.0,27.0,9.7,70.0,,818,2020,2023
373124000,199.0,32.0,11.2,70.0,,1787,2018,2022
373125000,183.0,32.0,12.2,70.0,,481,2016,2020
373129000,230.0,36.0,10.8,80.0,,405,2018,2018
373138000,190.0,32.0,12.55,70.0,,748,2015,2017
373146000,200.0,32.0,13.5,70.0,,998,2015,2017
373148000,274.0,48.0,15.9,80.0,,946,2020,2023
373153000,199.0,32.0,13.0,70.0,,1674,2021,2022
373155000,186.0,27.0,11.0,70.0,,459,2018,2018
373158000,177.0,28.0,10.0,70.0,,505,2023,2023
373165000,180.0,28.0,10.1,70.0,,1608,2015,2020
373169000,169.0,27.0,5.7,70.0,,66,2019,2019
373176000,189.0,32.0,12.7,70.0,,464,2020,2020
373177000,199.0,32.0,13.0,70.0,,361,2018,2018
373179000,179.0,29.0,10.5,70.0,,88,2019,2019
373183000,366.0,51.0,13.5,72.0,,306,2022,2022
373188000,229.0,32.0,14.3,70.0,,438,2015,2025
373191000,197.0,32.0,12.7,70.0,,431,2018,2018
373193000,141.0,24.0,9.7,80.0,,1980,2018,2021
373198000,180.0,29.0,8.0,70.0,,252,2015,2022
373199000,179.0,28.0,10.1,70.0,,301,2019,2019
373208000,179.0,28.0,10.1,70.0,,169,2021,2021
373210000,196.0,32.0,12.7,70.0,,521,2018,2018
373215000,225.0,36.0,8.0,80.0,,91,2025,2025
373221000,196.0,32.0,12.7,70.0,,526,2019,2019
373225000,,,,80.0,,108,2020,2020
373226000,183.0,30.0,8.3,70.0,,258,2023,2023
373227000,190.0,32.0,11.6,70.0,,6,2024,2024
373228000,200.0,32.0,9.0,79.0,,630,2015,2019
373230000,176.0,29.0,10.72,70.0,,3,2015,2015
373233000,365.0,51.0,16.0,70.0,,649,2022,2022
373235000,291.0,45.0,18.1,70.0,,134,2019,2019
373256000,189.0,32.0,12.7,70.0,,464,2022,2022
373260000,199.0,32.0,10.0,70.0,,848,2019,2020
373263000,230.0,32.0,7.7,80.0,,931,2021,2023
373265000,190.0,32.0,12.82,70.0,,459,2015,2015
373271000,255.0,38.0,13.0,79.0,,474,2016,2016
373279000,106.0,19.0,4.6,70.0,,7443,2017,2025
373281000,189.0,32.0,12.9,70.0,,1437,2018,2023
373283000,182.0,32.0,12.1,70.0,,475,2019,2019
373285000,334.0,48.0,14.0,74.0,,1708,2021,2025
373293000,135.0,23.0,9.2,79.0,,143,2023,2023
373298000,190.0,32.0,7.0,70.0,,861,2020,2025
373299000,229.0,32.0,13.7,70.0,,460,2025,2025
373300000,229.0,38.0,14.7,70.0,,163,2019,2019
373310000,199.0,32.0,9.3,79.0,,850,2021,2024
373312000,182.0,32.0,12.4,70.0,,459,2018,2018
373317000,199.0,36.0,12.9,70.0,,102,2019,2019
373320000,179.0,28.0,10.1,70.0,,1252,2016,2020
373334000,177.0,28.0,10.0,70.0,,582,2020,2023
373337000,182.0,32.0,12.2,70.0,,412,2020,2020
373341000,189.0,32.0,12.7,70.0,,1091,2016,2019
373342000,174.0,27.0,9.3,70.0,,437,2021,2021
373351000,179.0,29.0,10.6,70.0,,585,2020,2021
373352000,228.0,32.0,14.4,70.0,,789,2018,2020
373353000,148.0,24.0,9.7,80.0,,171,2020,2020
373354000,177.0,28.0,10.8,70.0,,269,2018,2019
373355000,365.0,48.0,16.0,70.0,,2035,2019,2022
373360000,97.0,16.0,6.2,70.0,,1266,2015,2015
373361000,199.0,32.0,7.8,70.0,,376,2022,2024
373362000,190.0,32.0,13.1,70.0,,596,2024,2024
373372000,127.0,19.0,9.1,70.0,,141,2025,2025
373383000,199.0,32.0,13.0,70.0,,1083,2021,2022
373393000,180.0,30.0,10.5,70.0,,2943,2015,2019
373397000,291.0,45.0,18.2,70.0,,612,2019,2020
373398000,199.0,32.0,9.7,70.0,,1413,2018,2025
373402000,181.0,28.0,10.0,70.0,,474,2018,2018
373404000,365.0,48.0,15.5,70.0,,1357,2018,2025
373412000,177.0,28.0,10.9,70.0,,386,2022,2022
373415000,179.0,28.0,10.1,70.0,,749,2021,2022
373431000,179.0,28.0,10.8,70.0,,1556,2018,2023
373457000,302.0,43.0,14.2,70.0,,1259,2018,2022
373465000,179.0,28.0,10.1,70.0,,849,2018,2020
373471000,184.0,30.0,10.0,70.0,,905,2023,2023
373473000,189.0,32.0,12.8,70.0,,124,2021,2021
373474000,145.0,23.0,9.7,80.0,,620,2020,2025
373483000,199.0,32.0,13.0,70.0,,481,2018,2018
373485000,334.0,45.0,14.0,70.0,,3018,2019,2024
373505000,240.0,43.0,14.7,70.0,,457,2023,2023
373517000,274.0,40.0,14.0,70.0,,118,2020,2020
373534000,199.0,32.0,13.0,70.0,,197,2019,2019
373553000,189.0,28.0,10.4,70.0,,885,2022,2022
373556000,189.0,32.0,13.4,70.0,,473,2021,2021
373557000,183.0,29.0,6.4,70.0,,423,2018,2024
373562000,229.0,32.0,14.52,70.0,,479,2015,2015
373563000,177.0,29.0,10.7,70.0,,356,2017,2017
373568000,230.0,32.0,11.8,80.0,,201,2025,2025
373569000,199.0,32.0,13.0,70.0,,1557,2019,2020
373570000,169.0,27.0,9.82,70.0,,119,2015,2015
373575000,185.0,31.0,10.0,79.0,,157,2016,2016
373582000,210.0,32.0,12.0,70.0,,1619,2021,2023
373585000,199.0,32.0,13.0,70.0,,468,2023,2023
373598000,399.0,54.0,13.0,70.0,,1196,2022,2025
373599000,200.0,32.0,10.0,70.0,,148,2016,2016
373605000,176.0,27.0,10.0,70.0,,2449,2021,2025
373611000,137.0,23.0,8.3,70.0,,3853,2015,2023
373622000,170.0,27.0,9.9,70.0,,7628,2020,2023
373627000,228.0,32.0,14.4,70.0,,869,2019,2021
373636000,139.0,22.0,7.9,79.0,,4831,2019,2024
373638000,247.0,42.0,14.8,80.0,,476,2017,2017
373640000,200.0,32.0,9.3,70.0,,465,2025,2025
373649000,334.0,45.0,14.0,70.0,,645,2018,2020
373662000,106.0,19.0,6.8,70.0,,6011,2015,2024
373664000,183.0,32.0,13.1,80.0,,995,2016,2018
373674000,178.0,29.0,10.8,79.0,,831,2016,2016
373680000,179.0,29.0,10.5,70.0,,427,2019,2019
373694000,180.0,30.0,10.5,70.0,,1907,2016,2023
373695000,138.0,21.0,5.7,70.0,,1030,2021,2023
373701000,179.0,28.0,10.1,70.0,,475,2022,2022
373712000,334.0,48.0,10.9,70.0,,1940,2023,2025
373721000,334.0,45.0,14.2,70.0,,2317,2018,2021
373724000,189.0,32.0,12.7,70.0,,152,2019,2019
373727000,289.0,45.0,12.4,70.0,,449,2019,2019
373728000,225.0,36.0,12.0,80.0,,1840,2018,2025
373732000,175.0,29.0,9.6,70.0,,461,2018,2018
373733000,189.0,32.0,12.9,70.0,,1513,2019,2021
373740000,230.0,36.0,11.6,80.0,,1746,2017,2023
373746000,186.0,27.0,9.9,70.0,,752,2024,2024
373756000,179.0,28.0,10.1,70.0,,1693,2017,2020
373757000,179.0,28.0,10.1,70.0,,1899,2015,2019
373773000,180.0,30.0,6.7,70.0,,1304,2020,2024
373774000,189.0,32.0,12.8,70.0,,436,2019,2019
373788000,188.0,32.0,12.1,70.0,,927,2018,2021
373789000,271.0,32.0,8.5,70.0,,927,2021,2024
373802000,291.0,45.0,18.2,70.0,,444,2018,2018
373810000,199.0,32.0,13.0,70.0,,80,2020,2020
373816000,178.0,29.0,10.87,70.0,,842,2015,2016
373819000,63.0,14.0,2.6,70.0,,11489,2015,2024
373821000,180.0,30.0,10.5,70.0,,1195,2016,2024
373830000,190.0,32.0,12.8,70.0,,623,2015,2017
373835000,180.0,30.0,10.8,70.0,,464,2022,2022
373842000,228.0,32.0,14.4,70.0,,1162,2019,2020
373843000,169.0,27.0,9.8,70.0,,433,2016,2016
373855000,292.0,45.0,18.18,70.0,,492,2015,2015
373865000,235.0,38.0,14.47,70.0,,540,2015,2019
373872000,178.0,29.0,10.9,70.0,,632,2016,2020
373877000,189.0,32.0,13.0,70.0,,747,2021,2021
373879000,178.0,29.0,10.8,70.0,,1499,2015,2024
373880000,189.0,32.0,10.6,70.0,,1743,2015,2017
373885000,183.0,32.0,11.5,80.0,,1383,2019,2024
373888000,283.0,45.0,18.17,70.0,,472,2015,2015
373897000,199.0,32.0,6.7,70.0,,479,2025,2025
373904000,190.0,44.0,7.2,70.0,,865,2019,2022
373911000,366.0,51.0,11.9,70.0,,1033,2021,2023
373913000,190.0,32.0,11.4,70.0,,802,2016,2024
373921000,196.0,32.0,12.7,70.0,,464,2020,2020
373926000,200.0,32.0,12.8,79.0,,910,2016,2019
373927000,292.0,45.0,18.2,70.0,,227,2022,2022
373928000,124.0,22.0,6.0,71.0,,479,2024,2024
373932000,335.0,46.0,14.0,70.0,,3295,2016,2024
373943000,181.0,28.0,10.0,70.0,,1144,2015,2019
373953000,183.0,32.0,13.1,80.0,,969,2015,2023
373954000,291.0,45.0,18.1,70.0,,96,2019,2019
373959000,78.0,16.0,2.6,70.0,,5525,2021,2024
373965000,200.0,32.0,11.7,70.0,,953,2023,2023
373970000,183.0,29.0,10.4,70.0,,80,2020,2020
373981000,199.0,32.0,13.0,70.0,,1003,2023,2024
373989000,181.0,32.0,11.0,80.0,,892,2021,2022
373996000,179.0,32.0,9.6,70.0,,1297,2018,2025
373997000,291.0,45.0,18.2,70.0,,479,2022,2022
374008000,300.0,48.0,14.2,71.0,,457,2021,2021
374016000,182.0,32.0,12.2,80.0,,519,2022,2022
374018000,,,,70.0,,174,2021,2021
374026000,134.0,,,80.0,,1242,2018,2021
374033000,131.0,,,70.0,,445,2022,2022
374035000,200.0,32.0,8.5,70.0,,790,2021,2025
374038000,138.0,21.0,8.0,70.0,,459,2018,2018
374039000,138.0,21.0,8.0,70.0,,944,2018,2019
374042000,190.0,32.0,12.7,70.0,,177,2019,2019
374057000,,,,80.0,,1562,2018,2022
374058000,189.0,32.0,6.9,70.0,,658,2022,2025
374060000,199.0,,,70.0,,162,2020,2020
374077000,179.0,,,70.0,,69,2023,2023
374090000,199.0,32.0,12.6,70.0,,451,2024,2024
374092000,228.0,,7.8,70.0,,1103,2018,2024
374094000,182.0,31.0,12.2,83.0,,478,2016,2016
374097000,,,,80.0,,511,2018,2022
374106000,137.0,23.0,7.5,70.0,,5597,2018,2025
374113000,199.0,32.0,9.7,70.0,,489,2022,2022
374118000,88.0,15.0,6.02,81.0,,208,2015,2015
374124000,175.0,31.0,10.1,80.0,,440,2022,2022
374128000,285.0,,,70.0,,567,2018,2018
374134000,180.0,30.0,8.5,70.0,,398,2022,2022
374158000,334.0,48.0,11.9,74.0,,483,2023,2025
374165000,224.0,32.0,14.1,70.0,,275,2020,2020
374171000,199.0,,,70.0,,798,2018,2022
374185000,193.0,,,70.0,,532,2023,2023
374192000,230.0,36.0,8.0,80.0,,1141,2022,2025
374195000,228.0,,7.2,70.0,,501,2019,2024
374211000,180.0,30.0,10.9,70.0,,476,2023,2023
374213000,179.0,30.0,10.6,70.0,,665,2021,2025
374220000,183.0,32.0,7.3,80.0,,44,2025,2025
374233000,189.0,,7.6,70.0,,95,2025,2025
374243000,180.0,28.0,6.3,70.0,,980,2022,2023
374249000,199.0,,,70.0,,1922,2020,2022
374270000,199.0,32.0,9.7,70.0,,385,2025,2025
374275000,179.0,,11.0,70.0,,485,2024,2024
374277000,177.0,30.0,9.9,70.0,,130,2022,2022
374279000,228.0,,,70.0,,951,2019,2021
374289000,300.0,48.0,13.5,72.0,,468,2021,2021
374291000,131.0,,,70.0,,877,2018,2021
374298000,189.0,,,70.0,,964,2020,2022
374308000,180.0,30.0,9.1,70.0,,407,2021,2021
374311000,179.0,,,70.0,,408,2019,2019
374318000,199.0,,9.8,70.0,,918,2020,2024
374335000,299.0,48.0,14.5,70.0,,268,2018,2018
374353000,119.0,21.0,5.9,70.0,,486,2021,2024
374356000,185.0,30.0,11.6,70.0,,478,2021,2021
374369000,183.0,32.0,13.2,80.0,,2261,2019,2025
374400000,179.0,,,70.0,,178,2021,2021
374402000,186.0,33.0,9.6,80.0,,449,2025,2025
374415000,229.0,38.0,7.3,79.0,,469,2021,2021
374417000,199.0,32.0,7.4,70.0,,1081,2022,2022
374419000,183.0,27.0,11.0,80.0,,94,2018,2018
374428000,229.0,32.0,14.3,70.0,,159,2021,2021
374438000,199.0,,,70.0,,595,2018,2019
374448000,180.0,29.0,8.0,70.0,,513,2022,2024
374458000,199.0,,,70.0,,452,2018,2018
374466000,224.0,32.0,14.1,70.0,,5,2022,2022
374475000,200.0,32.0,7.4,70.0,,355,2024,2024
374495000,190.0,32.0,11.0,70.0,,516,2025,2025
374506000,179.0,,,70.0,,459,2020,2020
374512000,199.0,,13.6,70.0,,282,2019,2024
374514000,199.0,32.0,11.5,70.0,,454,2025,2025
374543000,190.0,32.0,6.7,70.0,,928,2020,2024
374546000,199.0,32.0,11.9,70.0,,4100,2018,2025
374547000,179.0,,,70.0,,454,2020,2020
374551000,199.0,,,70.0,,479,2019,2019
374564000,228.0,,,70.0,,1368,2018,2021
374566000,229.0,,,70.0,,1416,2018,2021
374570000,,,,70.0,,477,2019,2019
374581000,182.0,31.0,5.6,70.0,,1672,2018,2024
374582000,118.0,15.0,7.0,70.0,,2395,2016,2025
374593000,,,,70.0,,1237,2019,2021
374597000,150.0,25.0,10.2,80.0,,481,2024,2025
374606000,228.0,,,70.0,,473,2021,2021
374607000,400.0,61.0,11.6,71.0,,471,2025,2025
374614000,230.0,,,80.0,,452,2018,2018
374617000,299.0,,,70.0,,496,2018,2020
374628000,199.0,32.0,13.0,70.0,,493,2020,2021
374637000,200.0,32.0,10.7,70.0,,594,2024,2025
374645000,396.0,59.0,15.4,71.0,,272,2024,2024
374651000,230.0,32.0,7.6,80.0,,409,2025,2025
374652000,199.0,32.0,13.6,70.0,,34,2022,2022
374654000,199.0,,,70.0,,438,2019,2019
374655000,229.0,,8.0,80.0,,1259,2018,2024
374661000,118.0,15.0,7.1,70.0,,4847,2018,2025
374668000,229.0,35.0,13.7,70.0,,85,2024,2024
374677000,199.0,32.0,9.4,70.0,,928,2022,2025
374678000,199.0,,,70.0,,3428,2018,2023
374681000,154.0,26.0,9.5,70.0,,219,2022,2022
374685000,144.0,23.0,8.7,80.0,,461,2020,2020
374696000,230.0,33.0,9.4,70.0,,466,2024,2024
374706000,199.0,,,70.0,,695,2021,2022
374710000,189.0,,10.8,70.0,,1952,2018,2025
374715000,186.0,32.0,7.5,80.0,,771,2022,2023
374727000,229.0,,,70.0,,461,2019,2019
374767000,193.0,,,70.0,,1303,2021,2023
374773000,230.0,36.0,8.1,80.0,,1765,2018,2025
374778000,199.0,32.0,9.4,70.0,,1335,2021,2023
374779000,138.0,21.0,8.6,70.0,,5165,2018,2025
374788000,180.0,27.0,8.1,80.0,,1774,2021,2025
374794000,199.0,,,70.0,,475,2019,2019
374803000,182.0,,,70.0,,1569,2019,2022
374815000,364.0,51.0,14.5,70.0,,1033,2021,2024
374821000,228.0,,,70.0,,453,2022,2022
374832000,228.0,,,70.0,,142,2020,2023
374837000,200.0,32.0,10.9,70.0,,329,2021,2021
374839000,225.0,,,70.0,,847,2018,2022
374846000,182.0,30.0,11.6,70.0,,1039,2018,2023
374855000,148.0,24.0,8.5,70.0,,1051,2017,2023
374858000,364.0,51.0,12.4,70.0,,994,2023,2025
374875000,199.0,,,70.0,,1384,2018,2023
374880000,199.0,,,70.0,,462,2022,2022
374886000,399.0,54.0,14.4,74.0,,849,2023,2024
374922000,183.0,,,70.0,,460,2018,2022
374935000,366.0,52.0,11.4,70.0,,682,2022,2023
374946000,,,,70.0,,442,2018,2018
374956000,108.0,18.0,6.7,70.0,,480,2023,2023
374964000,229.0,32.0,7.5,70.0,,501,2024,2024
374968000,179.0,29.0,10.6,70.0,,466,2019,2019
374971000,,,,70.0,,944,2022,2023
374983000,200.0,32.0,8.6,70.0,,277,2025,2025
374993000,225.0,36.0,11.6,80.0,,876,2022,2025
374994000,199.0,,,70.0,,464,2018,2018
375314000,164.0,22.0,9.8,70.0,,112,2020,2020
375423000,249.0,42.0,8.5,70.0,,458,2016,2016
375429000,230.0,32.0,8.5,70.0,,462,2015,2015
375439000,160.0,26.0,7.5,84.0,,496,2015,2015
375541000,247.0,41.0,8.5,80.0,,478,2018,2018
375902000,121.0,22.0,6.2,70.0,,949,2015,2015
375939000,160.0,23.0,8.3,70.0,,466,2016,2016
375943000,77.0,12.0,4.6,70.0,,6150,2015,2019
375985000,62.0,10.0,3.94,70.0,,340,2015,2015
376609000,98.0,16.0,5.9,70.0,,14708,2016,2025
376746000,122.0,19.0,7.2,70.0,,607,2019,2021
376785000,175.0,26.0,10.4,70.0,,559,2020,2023
377201000,165.0,23.0,10.1,70.0,,1205,2018,2019
377288000,155.0,23.0,9.5,70.0,,219,2018,2018
377523000,110.0,16.0,6.0,70.0,,467,2017,2017
377734000,,16.0,4.1,70.0,,183,2016,2016
377793000,100.0,16.0,4.9,70.0,,2718,2016,2016
377901012,74.0,13.0,4.3,70.0,,10498,2015,2025
377901030,90.0,14.0,3.4,70.0,,699,2015,2015
377901036,52.0,12.0,3.64,70.0,,4976,2015,2015
377901040,81.0,14.0,5.4,70.0,,22681,2018,2025
377901062,81.0,14.0,5.4,70.0,,3719,2016,2019
377901365,63.0,10.0,3.0,70.0,,1262,2025,2025
377906000,81.0,19.0,3.6,70.0,,3,2017,2017
377907000,90.0,17.0,4.8,70.0,,78,2020,2023
377907287,83.0,14.0,5.1,70.0,,1893,2018,2021
377909000,82.0,19.0,3.7,71.0,,380,2016,2016
377934000,86.0,10.0,,70.0,,1242,2016,2016
378326000,44.0,9.0,2.8,70.0,,465,2020,2020
403091000,146.0,23.0,9.6,80.0,,72,2018,2018
403507000,306.0,40.0,14.5,70.0,,46,2019,2019
403508001,183.0,32.0,12.2,80.0,,661,2020,2022
403509001,183.0,32.0,12.2,80.0,,895,2020,2020
403516000,229.0,32.0,14.4,70.0,,237,2018,2018
403516001,182.0,32.0,12.2,80.0,,527,2020,2023
403517001,183.0,32.0,12.2,82.0,,930,2016,2020
403519000,229.0,32.0,14.4,70.0,,293,2022,2022
403520001,220.0,32.0,9.5,70.0,,2289,2015,2024
403521001,220.0,32.0,9.5,70.0,,4184,2015,2023
403522001,276.0,32.0,12.5,79.0,,690,2015,2016
403526001,220.0,32.0,9.5,70.0,,2441,2015,2025
403528001,182.0,32.0,12.2,80.0,,448,2023,2023
403529001,182.0,32.0,12.2,80.0,,773,2017,2021
403531001,224.0,32.0,9.5,70.0,,1638,2017,2025
403532001,225.0,32.0,9.5,70.0,,3571,2016,2025
403533001,220.0,32.0,9.5,70.0,,4300,2015,2025
403558000,183.0,32.0,11.0,80.0,,93,2017,2017
403575000,183.0,32.0,12.2,80.0,,540,2021,2021
403640000,183.0,35.0,9.2,80.0,,864,2023,2024
403642000,183.0,35.0,13.1,80.0,,411,2022,2022
403643000,183.0,35.0,10.5,80.0,,373,2023,2023
403644000,183.0,35.0,7.1,80.0,,385,2022,2022
403647000,183.0,35.0,10.9,80.0,,115,2023,2023
403668001,200.0,32.0,7.9,70.0,,474,2024,2024
403711810,229.0,32.0,13.3,70.0,,355,2024,2024
405000239,185.0,28.0,10.7,80.0,,5,2022,2022
405000242,180.0,32.0,10.9,70.0,,361,2024,2024
405000345,200.0,32.0,11.8,70.0,,478,2022,2022
405000373,199.0,33.0,7.0,70.0,,1109,2022,2023
405000374,200.0,32.0,6.8,70.0,,471,2024,2024
405000422,200.0,36.0,13.4,70.0,,473,2025,2025
405000428,199.0,32.0,11.9,70.0,,431,2025,2025
408826000,306.0,40.0,14.5,71.0,,189,2015,2015
408827000,306.0,40.0,14.5,79.0,,278,2015,2015
412034000,190.0,32.0,12.5,70.0,,56,2017,2017
412055000,156.0,36.0,6.5,70.0,,1398,2024,2025
412069000,225.0,32.0,14.2,70.0,,1566,2015,2022
412343000,190.0,32.0,6.4,70.0,,956,2024,2024
412345000,190.0,32.0,6.6,70.0,,466,2023,2024
412347000,190.0,32.0,7.6,70.0,,263,2021,2021
412768000,225.0,32.0,14.2,70.0,,410,2021,2021
413055000,263.0,32.0,12.8,70.0,,459,2016,2016
413055620,216.0,43.0,9.7,70.0,,35,2018,2018
413108000,229.0,32.0,14.37,80.0,,480,2015,2015
413113000,225.0,32.0,12.5,70.0,,387,2015,2017
413138000,262.0,32.0,12.8,71.0,,546,2015,2015
413142000,263.0,32.0,12.8,71.0,,170,2016,2016
413144000,263.0,32.0,12.8,71.0,,312,2015,2015
413147000,263.0,32.0,12.8,71.0,,261,2015,2015
413149000,263.0,32.0,12.8,70.0,,621,2019,2022
413150000,263.0,32.0,12.8,71.0,,278,2016,2016
413151000,263.0,32.0,12.8,70.0,,1281,2017,2023
413153000,263.0,32.0,11.7,70.0,,472,2025,2025
413159000,335.0,43.0,14.65,71.0,,769,2015,2015
413161000,335.0,43.0,14.65,71.0,,895,2015,2025
413165000,335.0,43.0,14.7,71.0,,3579,2016,2025
413170000,263.0,32.0,12.8,70.0,,441,2016,2016
413171000,335.0,43.0,14.65,71.0,,1504,2015,2025
413172000,229.0,32.0,14.7,80.0,,876,2015,2016
413173000,335.0,43.0,14.7,71.0,,2662,2015,2022
413187000,225.0,32.0,14.2,70.0,,356,2023,2023
413196000,225.0,32.0,7.5,70.0,,691,2021,2024
413198000,225.0,32.0,12.3,70.0,,461,2025,2025
413289250,180.0,28.0,7.8,70.0,,432,2022,2022
413336090,172.0,27.0,8.7,70.0,,716,2022,2022
413349820,200.0,28.0,9.2,70.0,,917,2024,2024
413360000,190.0,32.0,12.54,70.0,,778,2015,2024
413376000,225.0,33.0,7.0,70.0,,87,2024,2024
413526050,146.0,23.0,6.0,80.0,,1030,2023,2025
413527660,115.0,20.0,6.0,80.0,,913,2022,2022
413577930,156.0,42.0,6.2,70.0,,468,2025,2025
413686000,225.0,32.0,9.5,70.0,,55,2025,2025
413687000,225.0,32.0,7.6,70.0,,471,2025,2025
413702030,179.0,,8.9,70.0,,138,2024,2024
413706960,178.0,27.0,9.9,70.0,,185,2021,2021
413733000,225.0,32.0,13.3,70.0,,152,2015,2015
413770000,245.0,42.0,15.3,80.0,,424,2025,2025
413858000,244.0,42.0,15.4,80.0,,463,2021,2021
413896000,199.0,32.0,12.5,70.0,,475,2023,2023
413985000,225.0,32.0,14.2,70.0,,82,2023,2023
413996000,264.0,32.0,12.0,70.0,,545,2024,2024
414031000,199.0,32.0,12.8,70.0,,445,2022,2022
414037000,190.0,32.0,6.5,70.0,,197,2024,2024
414044000,254.0,43.0,14.5,70.0,,458,2016,2016
414073000,254.0,43.0,14.5,70.0,,169,2017,2017
414114000,235.0,38.0,14.5,70.0,,158,2015,2015
414145000,254.0,43.0,14.5,70.0,,463,2021,2021
414148000,224.0,32.0,8.5,70.0,,385,2024,2024
414175000,190.0,32.0,9.5,70.0,,478,2022,2022
414178000,200.0,32.0,9.9,70.0,,437,2022,2022
414189000,265.0,32.0,12.5,70.0,,857,2022,2022
414195000,264.0,32.0,12.8,70.0,,1364,2021,2025
414239000,283.0,33.0,11.7,70.0,,567,2021,2023
414246000,222.0,32.0,10.5,70.0,,507,2022,2022
414252000,250.0,43.0,9.1,70.0,,148,2024,2024
414257000,266.0,32.0,9.5,70.0,,1675,2021,2022
414274000,,,,70.0,,168,2021,2022
414307000,199.0,27.0,11.0,70.0,,445,2021,2021
414334000,260.0,32.0,10.9,70.0,,419,2022,2022
414348000,275.0,32.0,12.4,70.0,,418,2021,2021
414349000,275.0,32.0,11.3,70.0,,658,2021,2023
414365000,260.0,32.0,8.5,70.0,,257,2022,2022
414385000,225.0,32.0,6.9,70.0,,146,2024,2024
414476000,275.0,48.0,13.2,80.0,,176,2024,2024
414490000,275.0,48.0,9.5,80.0,,467,2024,2024
414546000,190.0,32.0,10.1,70.0,,238,2022,2022
414585000,225.0,32.0,13.8,79.0,,18,2023,2023
414701000,225.0,32.0,14.2,70.0,,1543,2023,2025
414706000,225.0,32.0,14.2,70.0,,99,2018,2018
414712000,190.0,32.0,12.8,70.0,,479,2017,2017
414715000,225.0,32.0,7.2,70.0,,556,2024,2025
414718000,179.0,28.0,9.8,70.0,,883,2019,2022
414740000,189.0,32.0,12.5,70.0,,1393,2023,2025
414742000,225.0,32.0,13.8,70.0,,468,2024,2024
414753000,189.0,32.0,13.2,70.0,,474,2025,2025
414778000,190.0,32.0,11.2,70.0,,1593,2015,2017
416447000,190.0,32.0,12.54,70.0,,473,2015,2015
416464000,333.0,42.0,13.0,70.0,,2259,2019,2023
416465000,333.0,42.0,13.0,70.0,,2847,2018,2024
416466000,333.0,42.0,13.0,70.0,,3081,2020,2025
416467000,333.0,42.0,13.0,70.0,,2268,2019,2025
416468000,333.0,42.0,13.0,70.0,,4395,2018,2025
416475000,335.0,46.0,14.2,70.0,,4148,2015,2021
416481000,335.0,46.0,14.2,74.0,,4493,2015,2023
416482000,334.0,45.0,14.2,70.0,,3260,2017,2025
416490000,259.0,37.0,11.8,70.0,,1830,2018,2021
416491000,259.0,37.0,12.8,70.0,,1494,2018,2020
416495000,334.0,45.0,14.2,70.0,,3113,2017,2025
416497000,334.0,45.0,14.2,70.0,,2323,2017,2021
416498000,334.0,45.0,14.2,70.0,,1651,2018,2020
416509000,334.0,45.0,14.2,70.0,,3290,2016,2022
417222320,119.0,15.0,7.05,71.0,,105,2015,2015
417222323,118.0,15.0,7.0,70.0,,1078,2018,2019
417222333,161.0,25.0,9.9,70.0,,897,2016,2016
419000103,183.0,32.0,13.2,80.0,,1157,2019,2020
419000116,225.0,32.0,14.0,70.0,,467,2018,2018
419000160,175.0,29.0,7.7,70.0,,80,2024,2024
419000180,229.0,32.0,7.0,70.0,,663,2016,2024
419000182,229.0,32.0,14.4,70.0,,254,2019,2019
419000310,229.0,32.0,14.4,70.0,,570,2018,2018
419000311,229.0,32.0,14.4,70.0,,473,2018,2018
419000849,183.0,32.0,8.0,80.0,,172,2024,2024
419000958,180.0,32.0,12.62,80.0,,808,2015,2016
419001016,229.0,32.0,10.1,79.0,,165,2022,2022
419001087,183.0,32.0,8.0,80.0,,1301,2018,2024
419001163,229.0,,,70.0,,468,2018,2018
419001168,229.0,,,70.0,,526,2023,2023
419001223,243.0,42.0,15.0,80.0,,692,2018,2022
419001224,243.0,42.0,15.0,80.0,,251,2019,2022
419001244,274.0,48.0,17.1,80.0,,638,2017,2023
419001245,274.0,48.0,17.0,80.0,,417,2023,2023
419001262,179.0,28.0,10.2,70.0,,882,2018,2019
419001597,292.0,45.0,11.1,70.0,,388,2022,2022
419001755,228.0,32.0,11.7,89.0,,35,2023,2023
419001940,183.0,32.0,8.4,80.0,,481,2025,2025
419506000,244.0,42.0,14.8,80.0,,857,2016,2016
419594000,244.0,42.0,15.5,80.0,,462,2021,2021
419648000,225.0,32.0,13.9,70.0,,462,2015,2015
419672000,183.0,32.0,12.4,80.0,,397,2023,2023
419745000,228.0,32.0,12.2,80.0,,8,2022,2022
419765000,227.0,32.0,14.3,80.0,,184,2022,2022
419766000,228.0,32.0,14.3,80.0,,428,2020,2020
428000405,261.0,32.0,10.0,79.0,,445,2022,2023
428002000,294.0,32.0,13.5,70.0,,3343,2020,2025
428010000,294.0,32.0,13.5,70.0,,2245,2015,2018
428011000,294.0,32.0,13.5,70.0,,256,2015,2015
428041000,261.0,32.0,12.8,70.0,,2321,2018,2021
428042000,261.0,32.0,12.8,70.0,,2604,2018,2022
428046000,102.0,15.0,6.5,70.0,,170,2019,2019
428403000,260.0,32.0,10.8,71.0,,1008,2020,2022
428404000,260.0,32.0,10.6,71.0,,1184,2019,2023
428405000,261.0,32.0,10.6,71.0,,388,2019,2020
431003000,364.0,51.0,11.6,70.0,,2536,2022,2025
431009000,199.0,37.0,9.7,70.0,,315,2022,2022
431027000,304.0,40.0,12.8,79.0,,1523,2021,2025
431042000,335.0,46.0,10.5,70.0,,116,2025,2025
431058000,200.0,32.0,8.8,70.0,,863,2023,2025
431073000,364.0,51.0,11.9,70.0,,2551,2021,2024
431079000,199.0,32.0,10.3,70.0,,2150,2018,2025
431080000,364.0,51.0,12.4,70.0,,1054,2021,2025
431094000,228.0,32.0,14.4,70.0,,471,2019,2019
431113000,300.0,50.0,12.0,70.0,,298,2025,2025
431120000,302.0,43.0,13.0,70.0,,1486,2021,2025
431122000,292.0,45.0,9.1,70.0,,463,2023,2023
431132000,175.0,27.0,10.0,80.0,,417,2015,2019
431151000,291.0,45.0,18.2,70.0,,826,2019,2021
431156000,175.0,27.0,10.0,80.0,,3,2019,2019
431172000,199.0,32.0,8.1,70.0,,222,2024,2024
431174000,199.0,32.0,9.67,77.0,,160,2015,2015
431188000,199.0,32.0,10.9,70.0,,446,2025,2025
431190000,199.0,32.0,10.3,70.0,,692,2021,2023
431205000,200.0,32.0,9.8,70.0,,915,2017,2021
431221000,200.0,32.0,10.0,70.0,,313,2017,2023
431223000,199.0,32.0,9.6,70.0,,235,2020,2020
431224000,200.0,32.0,9.6,70.0,,649,2021,2025
431225000,316.0,46.0,11.7,71.0,,552,2025,2025
431228000,175.0,28.0,9.5,80.0,,931,2017,2025
431230000,230.0,36.0,11.6,80.0,,913,2016,2023
431241000,366.0,51.0,10.9,74.0,,269,2025,2025
431260000,366.0,51.0,13.4,73.0,,1875,2021,2025
431265000,178.0,32.0,8.82,70.0,,177,2015,2017
431296000,315.0,45.0,14.5,70.0,,5591,2016,2023
431305000,199.0,32.0,10.0,70.0,,143,2019,2019
431312000,198.0,32.0,9.9,70.0,,220,2017,2024
431314000,199.0,32.0,10.0,70.0,,777,2016,2022
431315000,316.0,45.0,14.5,70.0,,1241,2019,2025
431332000,316.0,46.0,13.5,71.0,,2233,2020,2025
431339000,175.0,29.0,7.6,70.0,,42,2022,2022
431349000,198.0,32.0,8.3,70.0,,874,2025,2025
431374000,292.0,,,70.0,,228,2022,2022
431451000,299.0,50.0,9.9,70.0,,458,2024,2024
431496000,316.0,45.0,14.5,70.0,,2235,2018,2020
431522000,302.0,42.0,12.1,71.0,,546,2025,2025
431527000,190.0,32.0,8.2,70.0,,84,2025,2025
431528000,302.0,43.0,12.7,71.0,,106,2025,2025
431534000,200.0,32.0,9.2,79.0,,449,2025,2025
431552000,364.0,51.0,12.3,70.0,,1947,2022,2025
431556000,199.0,32.0,9.2,70.0,,423,2022,2022
431557000,180.0,32.0,8.6,70.0,,96,2019,2019
431573000,199.0,32.0,8.8,70.0,,33,2025,2025
431585000,200.0,32.0,8.1,70.0,,696,2024,2025
431605000,200.0,32.0,8.2,70.0,,397,2024,2025
431637000,199.0,32.0,9.1,70.0,,448,2023,2023
431647000,199.0,32.0,9.1,70.0,,516,2022,2022
431648000,230.0,37.0,7.6,80.0,,428,2025,2025
431651000,199.0,38.0,8.8,70.0,,302,2021,2021
431653000,230.0,37.0,8.1,80.0,,349,2025,2025
431654000,364.0,51.0,14.6,70.0,,1199,2023,2025
431655000,364.0,51.0,13.8,70.0,,477,2023,2023
431667000,199.0,38.0,8.8,70.0,,565,2025,2025
431710000,333.0,46.0,13.5,70.0,,1698,2022,2025
431718000,199.0,32.0,8.7,70.0,,311,2024,2024
431740000,199.0,32.0,8.4,70.0,,1210,2023,2025
431766000,199.0,32.0,8.7,79.0,,505,2022,2022
431772000,364.0,51.0,12.9,71.0,,2092,2022,2025
431783000,200.0,32.0,9.0,70.0,,105,2025,2025
431792000,364.0,51.0,11.7,70.0,,2975,2022,2025
431816000,199.0,32.0,9.1,70.0,,301,2023,2023
431851000,199.0,38.0,8.7,70.0,,535,2022,2022
431857000,188.0,28.0,7.3,79.0,,55,2023,2023
431865000,300.0,50.0,12.0,70.0,,408,2024,2024
431868000,200.0,32.0,8.0,70.0,,785,2018,2022
431888000,364.0,51.0,11.7,70.0,,984,2024,2025
431929000,365.0,51.0,12.1,71.0,,3118,2021,2024
431981000,366.0,51.0,12.0,73.0,,3599,2021,2025
431986000,364.0,51.0,13.9,70.0,,1223,2021,2024
431989000,365.0,51.0,14.7,73.0,,643,2021,2022
432433000,199.0,32.0,9.6,70.0,,1477,2018,2025
432440000,200.0,32.0,9.6,70.0,,890,2016,2024
432624000,199.0,32.0,10.3,70.0,,282,2021,2021
432629000,199.0,32.0,9.8,70.0,,681,2021,2022
432633000,200.0,32.0,9.8,70.0,,1490,2015,2018
432651000,200.0,32.0,9.7,70.0,,1247,2015,2024
432665000,200.0,32.0,10.0,70.0,,1774,2015,2018
432666000,199.0,32.0,9.0,79.0,,1604,2016,2025
432669000,200.0,32.0,10.3,70.0,,591,2017,2021
432712000,200.0,32.0,9.5,70.0,,529,2025,2025
432716000,199.0,32.0,9.8,70.0,,1652,2016,2024
432722000,200.0,32.0,10.33,79.0,,246,2015,2015
432723000,200.0,32.0,9.0,70.0,,485,2025,2025
432729000,199.0,32.0,10.3,70.0,,461,2018,2018
432734000,199.0,32.0,10.3,70.0,,361,2021,2021
432783000,199.0,32.0,10.3,70.0,,521,2018,2018
432790000,199.0,32.0,10.3,70.0,,198,2019,2019
432803000,199.0,32.0,10.3,70.0,,673,2018,2023
432817000,199.0,32.0,9.7,70.0,,891,2021,2024
432824000,199.0,32.0,10.0,70.0,,1881,2015,2020
432839000,200.0,32.0,9.0,70.0,,548,2015,2024
432930000,199.0,32.0,10.0,70.0,,1291,2016,2025
432938000,235.0,38.0,13.96,70.0,,2,2015,2015
432959000,224.0,32.0,7.5,70.0,,473,2015,2015
432976000,228.0,32.0,14.4,70.0,,469,2020,2020
440009000,366.0,48.0,12.7,70.0,,1626,2022,2025
440023000,180.0,30.0,9.5,70.0,,475,2023,2023
440032000,169.0,40.0,7.0,79.0,,435,2024,2024
440049000,190.0,32.0,6.2,70.0,,457,2024,2024
440058000,199.0,32.0,10.0,70.0,,151,2022,2022
440086000,304.0,40.0,12.9,71.0,,3567,2017,2025
440111000,260.0,32.0,10.6,71.0,,239,2022,2022
440112000,170.0,27.0,10.0,70.0,,1088,2022,2023
440114000,229.0,32.0,8.7,70.0,,2014,2015,2025
440117000,330.0,48.0,11.2,70.0,,72,2023,2023
440122000,141.0,24.0,7.9,82.0,,251,2024,2024
440141000,304.0,40.0,13.2,70.0,,1391,2024,2025
440151000,304.0,40.0,12.7,71.0,,546,2024,2024
440161000,200.0,32.0,10.0,70.0,,924,2015,2025
440163000,185.0,31.0,8.8,70.0,,1105,2017,2017
440172000,139.0,22.0,9.2,80.0,,77,2022,2022
440176000,366.0,48.0,12.7,70.0,,1708,2024,2025
440177000,192.0,32.0,12.01,70.0,,493,2015,2015
440189000,304.0,40.0,13.0,70.0,,684,2023,2025
440209000,206.0,32.0,13.3,70.0,,506,2021,2022
440219000,199.0,32.0,7.0,70.0,,330,2022,2022
440220000,304.0,40.0,12.3,71.0,,931,2024,2025
440249000,200.0,36.0,10.0,70.0,,36,2024,2024
440252000,199.0,35.0,8.9,70.0,,223,2025,2025
440253000,175.0,32.0,8.0,70.0,,872,2024,2025
440258000,289.0,32.0,13.0,70.0,,904,2023,2024
440260000,199.0,35.0,8.8,70.0,,464,2025,2025
440272000,221.0,32.0,7.8,70.0,,173,2015,2015
440292000,200.0,32.0,8.9,70.0,,321,2023,2024
440323000,148.0,24.0,9.2,80.0,,259,2025,2025
440352000,189.0,30.0,9.0,70.0,,497,2024,2024
440371000,229.0,32.0,7.7,70.0,,111,2024,2024
440390000,366.0,51.0,15.1,70.0,,436,2025,2025
440495000,225.0,32.0,13.9,70.0,,132,2016,2016
440607000,193.0,28.0,10.0,70.0,,113,2025,2025
440737000,177.0,28.0,10.8,70.0,,1419,2020,2020
440797000,199.0,32.0,8.4,70.0,,131,2025,2025
440906000,200.0,32.0,9.6,70.0,,97,2025,2025
441076000,183.0,32.0,12.9,80.0,,1118,2019,2021
441101000,183.0,32.0,8.0,80.0,,202,2024,2024
441120000,232.0,32.0,8.6,70.0,,131,2023,2023
441151000,199.0,35.0,9.2,70.0,,930,2021,2023
441188000,200.0,32.0,8.6,70.0,,36,2024,2024
441190000,199.0,32.0,9.3,70.0,,80,2024,2024
441301000,190.0,32.0,9.7,70.0,,1,2025,2025
441302000,191.0,34.0,9.6,79.0,,980,2022,2023
441318000,182.0,32.0,11.8,80.0,,286,2021,2021
441398000,304.0,40.0,,70.0,,455,2019,2019
441439000,224.0,32.0,7.2,79.0,,459,2015,2015
441486000,366.0,48.0,11.5,70.0,,883,2021,2023
441553000,170.0,27.0,10.1,79.0,,186,2023,2023
441701000,304.0,40.0,13.0,70.0,,1141,2023,2025
441722000,199.0,32.0,10.0,70.0,,860,2018,2021
441754000,366.0,48.0,11.4,70.0,,859,2022,2025
441763000,177.0,28.0,10.22,70.0,,113,2015,2015
441823000,229.0,32.0,14.5,70.0,,39,2022,2022
441824000,229.0,32.0,14.5,70.0,,874,2022,2022
441945000,225.0,32.0,14.25,70.0,,328,2015,2016
441947000,228.0,32.0,10.0,70.0,,450,2018,2021
441981000,365.0,48.0,10.3,70.0,,714,2021,2022
447077000,306.0,40.0,14.5,73.0,,168,2015,2015
455376000,101.0,18.0,6.47,70.0,,472,2015,2015
463041101,225.0,32.0,14.2,70.0,,475,2017,2017
463042101,188.0,32.0,12.1,70.0,,296,2021,2021
466026000,306.0,40.0,14.5,72.0,,372,2015,2016
466210000,190.0,33.0,11.0,79.0,,454,2019,2019
466214000,228.0,37.0,6.8,70.0,,6,2022,2022
466217000,175.0,31.0,10.5,80.0,,744,2015,2018
466241000,243.0,42.0,14.9,80.0,,1564,2018,2020
466243000,243.0,42.0,14.9,80.0,,365,2020,2020
470659000,276.0,32.0,12.2,71.0,,594,2016,2016
470968000,306.0,40.0,14.5,70.0,,789,2015,2016
477001100,299.0,48.0,14.5,70.0,,1197,2021,2022
477001300,199.0,32.0,13.3,70.0,,1036,2016,2019
477001600,229.0,32.0,14.4,70.0,,33,2021,2021
477001700,261.0,32.0,11.0,70.0,,2588,2015,2023
477002200,368.0,51.0,12.5,71.0,,1319,2022,2023
477002400,333.0,60.0,20.3,80.0,,454,2024,2024
477002800,180.0,32.0,8.8,70.0,,949,2023,2024
477003800,179.0,28.0,10.2,70.0,,275,2019,2023
477004400,292.0,32.0,13.03,79.0,,295,2015,2015
477004500,292.0,32.0,13.0,70.0,,1140,2015,2017
477004700,261.0,32.0,11.0,70.0,,889,2017,2023
477004800,292.0,32.0,13.52,79.0,,236,2015,2015
477006500,368.0,51.0,12.5,70.0,,525,2024,2025
477007300,243.0,40.0,11.7,70.0,,978,2017,2024
477009000,183.0,32.0,12.15,82.0,,681,2015,2016
477010100,247.0,44.0,11.6,80.0,,475,2023,2023
477010800,175.0,29.0,9.6,70.0,,525,2019,2021
477013700,169.0,27.0,9.78,70.0,,1127,2015,2016
477013900,332.0,60.0,17.7,80.0,,287,2024,2024
477014400,260.0,32.0,12.63,71.0,,742,2015,2015
477014500,260.0,32.0,12.6,70.0,,1120,2015,2017
477014600,259.0,32.0,12.6,70.0,,1194,2015,2022
477014700,259.0,32.0,12.6,70.0,,480,2016,2020
477014800,260.0,32.0,12.6,70.0,,605,2016,2017
477014900,260.0,32.0,12.6,70.0,,84,2022,2022
477018000,199.0,30.0,11.8,70.0,,656,2017,2022
477019400,190.0,29.0,7.3,70.0,,537,2025,2025
477020200,260.0,32.0,12.6,70.0,,2903,2015,2024
477020300,333.0,42.0,14.5,70.0,,85,2019,2019
477020400,334.0,43.0,14.5,70.0,,1339,2016,2018
477020700,260.0,32.0,12.6,70.0,,829,2021,2021
477021500,237.0,44.0,9.9,80.0,,55,2022,2022
477021600,183.0,32.0,11.8,80.0,,804,2021,2024
477021700,200.0,32.0,8.5,70.0,,376,2022,2022
477023200,199.0,33.0,11.8,70.0,,529,2023,2024
477023400,,,12.7,70.0,,823,2019,2024
477023600,190.0,32.0,6.7,70.0,,1084,2018,2024
477023800,237.0,44.0,14.5,80.0,,430,2024,2025
477024700,229.0,32.0,14.4,70.0,,498,2022,2022
477025400,367.0,51.0,14.3,70.0,,225,2025,2025
477027300,200.0,33.0,10.0,70.0,,360,2024,2024
477027400,199.0,,,70.0,,121,2018,2018
477027500,182.0,,6.6,70.0,,835,2018,2025
477027700,226.0,,,80.0,,1169,2019,2023
477030700,366.0,52.0,13.2,71.0,,476,2024,2024
477035100,,,,70.0,,23,2022,2022
477035200,,,11.1,70.0,,368,2023,2024
477035400,199.0,32.0,12.3,70.0,,466,2025,2025
477035500,199.0,32.0,11.2,70.0,,251,2025,2025
477036200,183.0,32.0,12.2,80.0,,1183,2016,2018
477040800,200.0,28.0,11.0,79.0,,780,2015,2018
477043400,200.0,33.0,8.9,70.0,,296,2021,2021
477043500,,,,80.0,,806,2018,2018
477043600,,,,80.0,,183,2021,2021
477044300,243.0,40.0,8.5,70.0,,300,2024,2024
477046100,225.0,32.0,14.0,70.0,,425,2021,2021
477046800,175.0,29.0,9.6,70.0,,625,2019,2024
477047700,183.0,32.0,8.2,80.0,,53,2015,2015
477047800,183.0,32.0,12.2,80.0,,445,2021,2021
477047900,183.0,32.0,12.2,80.0,,460,2023,2024
477048000,169.0,27.0,9.78,70.0,,1301,2015,2018
477050200,180.0,30.0,10.5,70.0,,945,2016,2021
477050400,228.0,32.0,14.6,70.0,,527,2020,2020
477050500,299.0,48.0,14.5,70.0,,896,2019,2020
477050700,199.0,32.0,13.3,70.0,,2173,2015,2022
477050800,229.0,32.0,14.5,70.0,,97,2019,2019
477050900,228.0,32.0,14.4,70.0,,174,2019,2019
477054000,189.0,32.0,12.0,70.0,,2973,2015,2022
477056400,348.0,46.0,14.5,71.0,,2486,2016,2024
477057400,200.0,33.0,12.3,70.0,,463,2025,2025
477057500,,,,70.0,,160,2020,2020
477058200,199.0,30.0,11.8,79.0,,533,2015,2019
477058300,183.0,32.0,12.2,80.0,,367,2021,2021
477058400,183.0,32.0,13.17,81.0,,514,2015,2015
477065200,366.0,48.0,15.5,70.0,,1870,2015,2021
477066200,179.0,29.0,10.5,70.0,,476,2021,2021
477066500,294.0,32.0,13.52,70.0,,569,2015,2015
477067800,334.0,42.0,14.7,70.0,,1494,2018,2024
477067900,334.0,42.0,14.7,70.0,,2859,2018,2025
477069000,170.0,27.0,9.99,70.0,,1115,2015,2016
477070400,190.0,32.0,12.6,70.0,,937,2017,2023
477070800,260.0,32.0,12.6,70.0,,639,2020,2021
477071300,183.0,32.0,13.2,80.0,,1444,2017,2020
477071500,183.0,32.0,12.2,80.0,,496,2017,2018
477071600,190.0,32.0,12.57,70.0,,473,2015,2015
477071700,209.0,30.0,10.1,71.0,,428,2025,2025
477071800,179.0,28.0,10.2,70.0,,1512,2017,2020
477076300,260.0,32.0,12.7,71.0,,1128,2016,2016
477076400,189.0,32.0,11.6,70.0,,322,2018,2018
477077700,261.0,32.0,11.0,70.0,,503,2015,2015
477077800,249.0,32.0,12.6,70.0,,2219,2015,2021
477078100,200.0,32.0,12.0,70.0,,633,2024,2024
477078900,199.0,,7.6,70.0,,230,2024,2024
477080300,188.0,31.0,12.05,70.0,,1435,2015,2017
477082000,170.0,27.0,10.0,70.0,,858,2015,2018
477083800,249.0,37.0,11.2,71.0,,430,2022,2022
477085400,179.0,30.0,7.2,70.0,,413,2024,2024
477088000,170.0,27.0,10.0,70.0,,587,2016,2016
477090000,190.0,32.0,11.8,70.0,,768,2020,2024
477091300,225.0,32.0,14.2,70.0,,941,2015,2021
477095600,333.0,60.0,20.8,80.0,,423,2024,2024
477096100,225.0,32.0,14.5,70.0,,154,2022,2022
477096300,368.0,51.0,14.4,71.0,,912,2021,2021
477096500,,,,70.0,,17,2019,2019
477096700,110.0,20.0,5.9,89.0,,220,2023,2025
477096900,175.0,29.0,9.6,70.0,,1150,2019,2024
477097400,260.0,32.0,12.73,71.0,,1596,2015,2017
477098400,180.0,30.0,10.1,70.0,,579,2016,2017
477099600,225.0,36.0,12.6,80.0,,248,2021,2021
477100300,,,,74.0,,888,2021,2022
477100500,230.0,36.0,8.0,80.0,,350,2021,2021
477100700,183.0,32.0,8.4,80.0,,756,2023,2025
477102200,199.0,30.0,11.8,70.0,,1550,2017,2020
477105200,199.0,31.0,11.8,70.0,,845,2015,2024
477105300,260.0,32.0,12.7,71.0,,1104,2016,2017
477105600,322.0,42.0,14.5,70.0,,5480,2017,2024
477106800,260.0,32.0,12.7,71.0,,1067,2015,2025
477107100,180.0,28.0,10.15,70.0,,1340,2015,2017
477107200,348.0,45.0,14.5,70.0,,4266,2015,2023
477107300,243.0,42.0,15.6,80.0,,1120,2019,2021
477107400,184.0,30.0,7.7,80.0,,350,2016,2016
477108100,366.0,48.0,15.5,70.0,,2593,2016,2024
477108800,177.0,28.0,10.0,70.0,,892,2018,2020
477110300,183.0,32.0,12.2,80.0,,910,2022,2025
477110400,183.0,32.0,13.2,80.0,,1236,2017,2021
477110500,183.0,32.0,12.2,80.0,,1170,2015,2024
477110600,183.0,32.0,12.2,80.0,,1462,2016,2023
477110700,183.0,32.0,12.2,80.0,,363,2021,2021
477111800,208.0,30.0,9.8,71.0,,401,2025,2025
477112700,229.0,32.0,7.5,79.0,,466,2022,2022
477112900,220.0,36.0,8.1,80.0,,686,2022,2025
477114300,180.0,28.0,10.2,70.0,,2040,2016,2022
477116400,367.0,51.0,14.0,70.0,,451,2025,2025
477116500,366.0,51.0,14.8,71.0,,463,2025,2025
477117300,224.0,32.0,14.3,70.0,,578,2019,2022
477117400,335.0,48.0,15.0,70.0,,274,2022,2022
477117800,177.0,30.0,10.4,80.0,,220,2018,2018
477117900,334.0,48.0,15.0,70.0,,2906,2018,2025
477121800,189.0,32.0,12.8,70.0,,557,2019,2019
477123800,230.0,32.0,7.6,70.0,,473,2025,2025
477124900,367.0,42.0,13.8,70.0,,884,2025,2025
477125800,175.0,29.0,9.6,70.0,,32,2020,2020
477127400,182.0,30.0,11.6,70.0,,313,2020,2020
477127700,291.0,45.0,18.2,70.0,,442,2023,2023
477127900,336.0,48.0,15.2,70.0,,1376,2018,2020
477128700,366.0,51.0,13.8,70.0,,477,2025,2025
477128800,367.0,51.0,14.9,70.0,,892,2025,2025
477129100,183.0,32.0,8.5,80.0,,2073,2018,2025
477129200,227.0,32.0,14.4,70.0,,133,2018,2018
477129300,368.0,51.0,14.9,74.0,,677,2021,2021
477129700,226.0,,,80.0,,776,2020,2020
477129800,226.0,37.0,7.9,80.0,,456,2023,2023
477131400,190.0,32.0,12.8,70.0,,1440,2018,2025
477131500,190.0,32.0,10.8,70.0,,479,2021,2021
477131800,199.0,32.0,10.6,70.0,,446,2021,2021
477131900,183.0,32.0,10.6,89.0,,715,2021,2024
477133100,169.0,27.0,9.8,70.0,,323,2018,2018
477133200,154.0,26.0,9.9,70.0,,212,2019,2019
477133300,189.0,32.0,12.6,70.0,,985,2017,2018
477133400,199.0,32.0,13.0,70.0,,35,2022,2022
477133700,294.0,32.0,13.6,70.0,,3609,2015,2022
477133800,177.0,28.0,10.0,70.0,,472,2020,2020
477133900,225.0,32.0,14.2,70.0,,360,2020,2020
477135600,366.0,48.0,15.5,70.0,,2752,2018,2024
477136800,348.0,45.0,14.5,70.0,,2759,2018,2025
477137300,189.0,28.0,8.8,70.0,,846,2020,2024
477137600,225.0,36.0,8.0,80.0,,607,2022,2024
477137800,182.0,,,70.0,,653,2020,2022
477138500,183.0,32.0,11.3,80.0,,361,2025,2025
477139500,199.0,32.0,7.6,70.0,,427,2023,2023
477139900,366.0,52.0,14.0,71.0,,272,2021,2021
477140100,367.0,51.0,14.6,70.0,,824,2025,2025
477141200,209.0,30.0,8.8,79.0,,153,2025,2025
477141400,170.0,28.0,9.3,79.0,,3977,2015,2016
477141500,183.0,32.0,13.2,80.0,,968,2015,2020
477141600,183.0,32.0,12.2,80.0,,216,2020,2020
477141700,233.0,44.0,12.2,70.0,,1224,2020,2024
477142400,160.0,25.0,9.0,80.0,,1141,2024,2025
477142500,159.0,27.0,7.8,80.0,,243,2025,2025
477142900,189.0,32.0,8.0,70.0,,500,2022,2022
477143900,179.0,28.0,10.2,70.0,,739,2016,2022
477144200,124.0,21.0,9.2,70.0,,447,2019,2019
477144300,242.0,42.0,15.3,80.0,,494,2023,2024
477144900,183.0,32.0,7.0,80.0,,767,2015,2016
477145900,366.0,51.0,15.0,70.0,,469,2025,2025
477147300,180.0,30.0,9.2,70.0,,372,2022,2022
477147400,180.0,30.0,9.7,70.0,,311,2022,2022
477147800,200.0,32.0,9.8,70.0,,461,2024,2024
477148700,366.0,52.0,13.3,71.0,,3092,2021,2024
477150200,183.0,32.0,10.2,80.0,,1055,2021,2025
477150300,199.0,32.0,7.5,73.0,,60,2023,2023
477150800,200.0,32.0,11.5,70.0,,466,2022,2022
477151400,225.0,32.0,6.9,70.0,,941,2021,2025
477151500,199.0,32.0,9.0,70.0,,468,2021,2021
477151900,180.0,32.0,9.0,70.0,,548,2021,2023
477153100,229.0,32.0,7.1,70.0,,946,2022,2022
477153200,180.0,30.0,7.4,70.0,,397,2022,2022
477153500,160.0,25.0,10.3,80.0,,571,2024,2024
477156100,366.0,51.0,11.8,70.0,,442,2025,2025
477157100,156.0,23.0,6.9,80.0,,425,2022,2022
477157700,337.0,48.0,10.3,72.0,,461,2025,2025
477157900,147.0,23.0,7.1,70.0,,1037,2021,2023
477158100,288.0,45.0,17.9,70.0,,425,2018,2018
477159100,336.0,48.0,13.1,71.0,,1013,2023,2024
477159300,180.0,32.0,11.0,89.0,,313,2022,2022
477159500,333.0,60.0,17.8,80.0,,373,2024,2024
477160100,199.0,27.0,11.0,70.0,,2143,2021,2025
477162100,200.0,33.0,7.2,70.0,,455,2025,2025
477163100,183.0,32.0,12.2,80.0,,1011,2017,2023
477163800,183.0,32.0,12.2,80.0,,1484,2015,2021
477163900,185.0,31.0,10.5,80.0,,1357,2017,2021
477166300,336.0,48.0,12.4,71.0,,272,2023,2024
477166600,366.0,52.0,13.3,71.0,,1904,2021,2025
477167100,225.0,32.0,14.2,70.0,,107,2017,2017
477167500,189.0,30.0,10.3,70.0,,462,2017,2017
477168400,366.0,48.0,14.6,71.0,,1694,2023,2025
477168600,180.0,28.0,9.1,70.0,,2164,2021,2023
477170400,210.0,30.0,11.5,70.0,,738,2021,2021
477170500,225.0,32.0,14.17,70.0,,459,2015,2015
477170700,242.0,42.0,15.4,80.0,,1304,2020,2022
477170800,243.0,42.0,15.3,80.0,,690,2021,2023
477171000,196.0,29.0,10.07,82.0,,129,2015,2015
477172300,180.0,30.0,7.3,70.0,,971,2022,2023
477173600,146.0,24.0,9.7,89.0,,205,2017,2017
477174900,249.0,37.0,10.0,70.0,,447,2025,2025
477176300,190.0,32.0,6.3,70.0,,887,2023,2024
477176800,175.0,29.0,8.5,70.0,,905,2021,2022
477176900,156.0,23.0,6.9,80.0,,459,2021,2022
477177100,259.0,32.0,12.6,70.0,,438,2018,2018
477177400,179.0,28.0,10.2,70.0,,552,2015,2018
477177900,233.0,44.0,8.5,70.0,,1356,2023,2024
477178200,332.0,43.0,12.1,71.0,,2033,2018,2025
477178300,292.0,32.0,13.5,70.0,,1612,2016,2019
477178400,332.0,43.0,11.2,79.0,,45,2025,2025
477178900,223.0,32.0,10.8,70.0,,499,2019,2020
477179000,186.0,31.0,11.78,70.0,,479,2015,2015
477181100,179.0,,,70.0,,128,2022,2022
477181200,337.0,48.0,15.5,70.0,,462,2018,2018
477181800,172.0,,,70.0,,233,2022,2022
477182200,366.0,48.0,13.1,70.0,,1880,2021,2025
477182300,366.0,48.0,12.5,74.0,,3361,2019,2025
477182400,335.0,43.0,14.7,70.0,,4798,2015,2019
477182600,229.0,32.0,14.5,70.0,,81,2020,2020
477183100,180.0,30.0,10.3,70.0,,471,2021,2021
477183200,199.0,32.0,10.8,70.0,,402,2023,2023
477183400,200.0,32.0,11.3,79.0,,929,2021,2024
477183500,179.0,32.0,9.2,70.0,,949,2024,2024
477183600,199.0,32.0,11.5,70.0,,289,2023,2023
477183900,366.0,48.0,13.7,71.0,,2408,2021,2025
477185100,177.0,28.0,10.0,70.0,,1033,2018,2018
477185200,182.0,32.0,12.6,80.0,,106,2018,2018
477185600,183.0,32.0,13.15,80.0,,480,2015,2015
477185800,183.0,32.0,12.2,80.0,,846,2017,2023
477185900,183.0,32.0,12.2,80.0,,1242,2016,2021
477188400,200.0,30.0,11.55,71.0,,145,2015,2015
477188500,177.0,28.0,10.9,70.0,,1129,2019,2022
477188800,225.0,32.0,14.1,79.0,,391,2017,2017
477189300,348.0,45.0,14.5,70.0,,3629,2015,2024
477189500,180.0,28.0,10.2,70.0,,1359,2015,2017
477191600,189.0,32.0,9.9,70.0,,480,2021,2021
477192100,242.0,42.0,15.4,80.0,,643,2018,2022
477193700,187.0,26.0,8.2,70.0,,463,2025,2025
477194600,366.0,52.0,13.4,71.0,,459,2024,2024
477194800,366.0,48.0,11.5,71.0,,1588,2021,2024
477195100,292.0,32.0,13.5,71.0,,928,2017,2022
477195200,292.0,32.0,13.0,79.0,,830,2015,2016
477195400,292.0,32.0,13.03,71.0,,601,2015,2016
477195600,175.0,29.0,9.6,70.0,,962,2019,2021
477195700,189.0,32.0,12.8,70.0,,1763,2018,2021
477195800,54.0,30.0,10.5,70.0,,1734,2017,2022
477195900,179.0,29.0,10.5,70.0,,1743,2020,2023
477196100,229.0,32.0,14.5,70.0,,396,2018,2018
477196900,161.0,25.0,8.6,70.0,,767,2020,2021
477197100,210.0,30.0,11.5,70.0,,1524,2022,2022
477198000,199.0,30.0,11.8,70.0,,323,2022,2022
477201100,183.0,32.0,13.2,80.0,,838,2017,2021
477201200,183.0,32.0,12.2,80.0,,1020,2018,2018
477201500,183.0,32.0,12.2,80.0,,1314,2018,2023
477201900,233.0,44.0,8.5,70.0,,894,2018,2025
477202600,333.0,60.0,15.8,89.0,,333,2022,2022
477202800,190.0,33.0,10.7,70.0,,478,2023,2023
477203100,366.0,48.0,15.5,70.0,,5376,2018,2024
477207300,209.0,30.0,9.6,71.0,,212,2025,2025
477207400,261.0,32.0,11.0,70.0,,269,2023,2023
477207600,261.0,32.0,11.0,70.0,,298,2022,2022
477207700,294.0,32.0,9.5,74.0,,1346,2022,2023
477209500,200.0,32.0,6.8,70.0,,113,2021,2021
477209600,199.0,32.0,12.7,70.0,,418,2021,2021
477209700,199.0,32.0,7.1,70.0,,383,2021,2021
477209800,199.0,32.0,10.1,70.0,,877,2021,2021
477211100,223.0,32.0,10.8,70.0,,1071,2018,2024
477211800,190.0,32.0,12.8,79.0,,387,2017,2017
477213800,269.0,35.0,11.0,70.0,,3265,2017,2025
477214400,230.0,32.0,12.0,70.0,,1202,2019,2025
477214700,322.0,42.0,14.5,70.0,,6046,2017,2025
477214800,175.0,29.0,9.6,70.0,,591,2018,2022
477214900,183.0,32.0,13.2,80.0,,891,2016,2017
477216000,170.0,27.0,9.99,70.0,,516,2015,2015
477217200,141.0,24.0,9.3,81.0,,385,2015,2015
477218700,189.0,32.0,12.5,70.0,,628,2018,2018
477219800,333.0,60.0,18.4,89.0,,439,2019,2022
477219900,366.0,51.0,12.9,71.0,,2448,2021,2025
477220100,366.0,48.0,15.5,70.0,,1454,2018,2025
477220200,366.0,48.0,13.4,70.0,,2997,2018,2025
477220400,299.0,48.0,14.5,70.0,,728,2017,2020
477220600,190.0,32.0,12.6,70.0,,1654,2015,2018
477222100,189.0,32.0,12.8,70.0,,129,2020,2020
477222400,179.0,28.0,10.8,70.0,,992,2019,2021
477222600,334.0,42.0,14.7,70.0,,1494,2015,2020
477222700,366.0,48.0,15.5,70.0,,677,2017,2017
477224500,229.0,32.0,14.5,70.0,,323,2020,2020
477224600,225.0,32.0,14.7,70.0,,502,2024,2024
477224800,199.0,32.0,8.4,70.0,,162,2024,2024
477225800,184.0,27.0,11.32,80.0,,1285,2015,2015
477229100,183.0,32.0,12.6,89.0,,471,2016,2016
477230100,200.0,33.0,10.0,70.0,,816,2022,2022
477230200,199.0,32.0,12.3,70.0,,218,2021,2022
477231500,180.0,30.0,9.4,70.0,,168,2025,2025
477231600,183.0,32.0,9.2,80.0,,614,2023,2023
477231700,333.0,60.0,15.0,80.0,,109,2025,2025
477231800,120.0,19.0,7.2,83.0,,54,2023,2023
477232200,366.0,48.0,13.6,71.0,,3845,2021,2025
477233300,366.0,48.0,14.0,71.0,,1856,2022,2025
477233900,159.0,25.0,9.8,80.0,,530,2021,2022
477235000,177.0,26.0,9.63,70.0,,540,2015,2015
477237400,333.0,60.0,15.1,80.0,,127,2024,2024
477241100,183.0,32.0,13.1,80.0,,469,2019,2019
477241300,183.0,32.0,13.14,80.0,,2065,2015,2019
477241500,225.0,36.0,12.6,80.0,,715,2021,2025
477241800,259.0,32.0,12.6,70.0,,389,2021,2021
477242400,294.0,32.0,13.5,71.0,,610,2015,2016
477242800,330.0,60.0,21.5,80.0,,54,2017,2017
477243200,189.0,32.0,12.8,70.0,,893,2019,2025
477243500,229.0,32.0,14.4,70.0,,610,2017,2021
477244300,180.0,30.0,8.0,70.0,,226,2022,2022
477244400,189.0,32.0,9.1,70.0,,225,2022,2022
477250100,224.0,32.0,14.1,70.0,,1034,2017,2020
477250400,170.0,27.0,9.7,70.0,,699,2018,2020
477250500,171.0,27.0,9.72,70.0,,473,2015,2015
477252200,,,,80.0,,409,2018,2022
477252300,183.0,32.0,12.2,80.0,,1077,2019,2021
477252500,179.0,30.0,6.9,70.0,,166,2023,2025
477252600,335.0,42.0,14.7,70.0,,1098,2019,2021
477252700,,,,70.0,,1473,2019,2020
477252900,,,,70.0,,395,2018,2018
477257100,335.0,48.0,15.0,70.0,,1419,2020,2022
477257900,179.0,30.0,10.0,70.0,,393,2018,2018
477266700,179.0,28.0,10.2,70.0,,465,2019,2019
477266900,334.0,42.0,14.5,70.0,,3754,2017,2020
477269100,250.0,44.0,8.5,80.0,,1185,2022,2025
477269400,366.0,48.0,13.3,71.0,,2369,2021,2024
477271300,334.0,48.0,15.0,70.0,,2351,2020,2022
477271400,366.0,52.0,13.2,71.0,,1579,2021,2024
477271600,174.0,27.0,10.1,70.0,,1999,2016,2024
477271700,225.0,32.0,14.2,70.0,,934,2020,2022
477271800,199.0,32.0,13.3,70.0,,2012,2018,2023
477271900,337.0,48.0,13.7,72.0,,861,2024,2024
477274100,182.0,32.0,13.1,80.0,,473,2019,2019
477274200,182.0,32.0,13.1,80.0,,1120,2018,2019
477274400,366.0,52.0,11.8,72.0,,452,2019,2019
477274500,181.0,30.0,9.82,70.0,,1411,2015,2016
477276200,190.0,32.0,6.8,70.0,,166,2024,2024
477276600,334.0,42.0,14.7,70.0,,1366,2015,2019
477277000,180.0,32.0,12.0,80.0,,549,2020,2020
477280100,189.0,32.0,12.4,70.0,,465,2018,2018
477280800,175.0,29.0,9.6,70.0,,481,2019,2019
477280900,177.0,28.0,10.0,70.0,,1373,2018,2022
477282600,199.0,31.0,11.8,79.0,,800,2017,2023
477283000,200.0,32.0,13.5,70.0,,1250,2015,2021
477284000,200.0,24.0,6.0,70.0,,593,2015,2015
477286200,366.0,48.0,14.0,71.0,,2987,2021,2024
477286300,366.0,48.0,14.2,71.0,,2816,2021,2024
477286400,190.0,32.0,6.6,70.0,,1242,2019,2020
477286800,229.0,32.0,7.7,70.0,,582,2021,2022
477287000,199.0,30.0,11.8,70.0,,518,2021,2023
477288000,189.0,32.0,12.0,70.0,,1533,2017,2021
477289300,189.0,32.0,12.8,70.0,,398,2022,2022
477289900,198.0,32.0,12.9,70.0,,819,2019,2022
477293100,366.0,48.0,15.5,70.0,,6412,2017,2025
477293200,366.0,48.0,11.8,70.0,,2436,2021,2024
477293400,229.0,32.0,10.8,70.0,,121,2025,2025
477293600,179.0,28.0,10.2,70.0,,542,2022,2022
477293900,335.0,48.0,15.0,70.0,,5532,2018,2025
477299000,186.0,31.0,11.8,70.0,,788,2016,2016
477300300,183.0,32.0,13.3,80.0,,133,2019,2019
477300500,293.0,32.0,13.6,70.0,,408,2018,2018
477300800,224.0,32.0,7.5,70.0,,472,2024,2024
477301400,225.0,,,70.0,,388,2020,2020
477301600,190.0,32.0,9.5,70.0,,479,2021,2021
477302100,190.0,32.0,6.8,70.0,,1411,2020,2021
477302200,207.0,30.0,9.2,70.0,,1149,2024,2024
477302500,261.0,32.0,10.5,71.0,,287,2022,2022
477305100,179.0,29.0,10.5,70.0,,1012,2017,2019
477305900,299.0,48.0,14.5,70.0,,2597,2017,2025
477307100,161.0,25.0,8.6,70.0,,481,2018,2019
477307400,366.0,48.0,11.5,71.0,,609,2024,2024
477307800,199.0,32.0,11.1,70.0,,868,2022,2025
477307900,337.0,,,70.0,,725,2018,2019
477308200,180.0,32.0,6.7,70.0,,435,2022,2022
477308400,207.0,30.0,8.7,70.0,,1583,2023,2025
477311200,254.0,43.0,8.5,70.0,,379,2024,2024
477311500,261.0,32.0,11.0,71.0,,436,2016,2017
477311600,261.0,32.0,11.0,71.0,,604,2015,2016
477312100,159.0,26.0,7.7,80.0,,100,2021,2021
477312300,199.0,32.0,9.9,70.0,,453,2024,2024
477312900,190.0,32.0,7.9,70.0,,1374,2021,2025
477314100,334.0,,,70.0,,486,2018,2020
477315000,322.0,42.0,14.5,70.0,,510,2019,2019
477316000,322.0,42.0,14.5,70.0,,762,2018,2018
477318100,229.0,32.0,7.7,70.0,,545,2021,2022
477318300,303.0,40.0,12.7,71.0,,236,2020,2020
477318400,304.0,40.0,12.2,70.0,,513,2019,2019
477318500,199.0,32.0,6.2,70.0,,1386,2021,2024
477318600,200.0,32.0,6.1,70.0,,478,2021,2021
477318700,304.0,40.0,12.6,70.0,,743,2022,2022
477319300,261.0,32.0,11.0,70.0,,745,2018,2021
477322000,199.0,30.0,11.8,70.0,,620,2019,2021
477323000,199.0,31.0,11.8,70.0,,245,2016,2016
477325300,229.0,32.0,14.4,70.0,,479,2022,2022
477325700,225.0,32.0,14.2,70.0,,663,2016,2021
477326100,229.0,31.0,7.7,70.0,,265,2024,2024
477326600,199.0,32.0,9.45,70.0,,938,2021,2024
477327200,229.0,32.0,8.5,70.0,,462,2022,2022
477327800,229.0,32.0,11.9,70.0,,459,2021,2021
477328300,248.0,44.0,14.8,80.0,,536,2018,2019
477332000,180.0,32.0,12.0,82.0,,123,2017,2017
477333100,,,,70.0,,47,2021,2022
477333200,200.0,32.0,12.2,70.0,,3,2022,2022
477333300,189.0,32.0,12.8,70.0,,266,2018,2020
477333700,,,9.0,70.0,,893,2021,2024
477333800,230.0,36.0,8.1,80.0,,348,2021,2021
477334100,169.0,27.0,9.8,70.0,,512,2018,2021
477335400,196.0,32.0,12.7,70.0,,343,2020,2020
477338000,225.0,32.0,13.9,70.0,,481,2016,2016
477340100,200.0,32.0,13.0,70.0,,1336,2015,2018
477340400,229.0,32.0,14.7,80.0,,666,2015,2015
477345300,225.0,32.0,12.6,70.0,,503,2022,2022
477346100,189.0,32.0,12.8,70.0,,442,2019,2019
477346400,189.0,32.0,12.8,70.0,,134,2019,2019
477346500,275.0,40.0,14.0,70.0,,3810,2018,2025
477346600,180.0,30.0,9.8,70.0,,93,2018,2018
477346800,181.0,30.0,9.8,70.0,,1226,2017,2017
477347100,190.0,,,70.0,,544,2022,2022
477347400,368.0,51.0,14.4,74.0,,1297,2023,2024
477347500,179.0,,,70.0,,2002,2019,2023
477347700,291.0,,,70.0,,647,2021,2021
477348100,145.0,24.0,7.1,82.0,,299,2024,2025
477348300,337.0,48.0,13.5,71.0,,188,2024,2024
477348500,304.0,40.0,14.0,70.0,,1934,2016,2018
477351100,335.0,43.0,14.7,70.0,,3720,2015,2019
477351300,170.0,26.0,11.4,80.0,,1946,2019,2025
477351400,334.0,43.0,14.5,79.0,,1134,2016,2017
477351600,176.0,29.0,9.6,70.0,,1320,2017,2019
477353300,230.0,38.0,14.9,70.0,,353,2018,2018
477353500,190.0,32.0,12.8,70.0,,923,2017,2018
477353600,225.0,32.0,14.0,70.0,,1299,2015,2021
477353800,200.0,32.0,13.0,70.0,,711,2015,2017
477353900,181.0,30.0,9.8,70.0,,936,2016,2016
477360200,225.0,32.0,14.2,70.0,,77,2018,2018
477360800,334.0,42.0,14.5,70.0,,1736,2016,2018
477369200,159.0,25.0,8.1,80.0,,1277,2021,2022
477369300,333.0,60.0,16.0,80.0,,149,2023,2023
477379000,199.0,30.0,11.8,70.0,,2727,2018,2024
477387400,177.0,28.0,10.2,70.0,,276,2022,2022
477387500,177.0,28.0,10.0,70.0,,464,2023,2023
477389500,190.0,32.0,12.5,70.0,,880,2015,2024
477390300,337.0,48.0,15.2,70.0,,244,2019,2019
477390400,336.0,48.0,15.2,70.0,,2458,2018,2020
477392200,227.0,32.0,7.8,70.0,,448,2025,2025
477392300,332.0,60.0,10.8,80.0,,189,2022,2022
477397100,254.0,43.0,14.5,70.0,,484,2016,2016
477397800,366.0,48.0,15.5,70.0,,2947,2015,2025
477398000,199.0,30.0,11.8,70.0,,634,2020,2023
477399500,232.0,42.0,8.5,70.0,,1779,2017,2025
477401700,200.0,32.0,10.0,70.0,,981,2022,2024
477407100,190.0,32.0,12.6,70.0,,2302,2017,2024
477407200,179.0,30.0,10.0,70.0,,459,2019,2019
477407900,336.0,48.0,14.0,71.0,,2639,2018,2024
477410100,229.0,32.0,7.0,70.0,,459,2023,2023
477410800,199.0,32.0,10.9,70.0,,478,2021,2021
477415600,260.0,32.0,12.6,72.0,,1179,2016,2019
477423100,249.0,37.0,13.5,70.0,,471,2022,2022
477423500,300.0,45.0,,71.0,,106,2018,2018
477427300,224.0,32.0,14.2,70.0,,51,2022,2022
477427500,366.0,51.0,13.5,71.0,,2230,2018,2025
477427600,179.0,30.0,8.9,70.0,,539,2016,2025
477430100,368.0,51.0,14.9,71.0,,1482,2023,2025
477430300,333.0,,,80.0,,355,2020,2020
477434200,269.0,35.0,11.0,70.0,,1518,2017,2020
477434300,235.0,38.0,14.5,70.0,,784,2018,2018
477434600,225.0,32.0,14.3,70.0,,460,2018,2018
477434900,179.0,32.0,12.1,80.0,,209,2018,2018
477435600,177.0,28.0,10.0,70.0,,474,2019,2019
477439400,333.0,60.0,13.5,80.0,,371,2023,2023
477439700,,,,70.0,,577,2018,2021
477439800,,,,80.0,,414,2018,2018
477440700,175.0,29.0,9.6,70.0,,463,2018,2018
477441100,178.0,28.0,10.6,70.0,,847,2016,2019
477441300,292.0,45.0,18.3,70.0,,476,2022,2022
477441400,337.0,48.0,15.2,70.0,,500,2018,2022
477441800,335.0,48.0,15.0,70.0,,2483,2019,2025
477444400,197.0,32.0,12.7,70.0,,290,2020,2020
477444500,199.0,32.0,13.3,70.0,,1872,2018,2022
477444700,179.0,30.0,10.5,70.0,,1288,2015,2023
477450000,170.0,28.0,9.31,70.0,,924,2015,2017
477454100,368.0,51.0,14.8,74.0,,1763,2021,2025
477454500,183.0,32.0,13.3,80.0,,16,2019,2019
477454900,334.0,43.0,12.7,70.0,,1103,2018,2025
477455500,332.0,60.0,20.9,80.0,,147,2024,2024
477462300,333.0,60.0,21.0,80.0,,442,2023,2023
477462400,275.0,40.0,14.0,70.0,,2713,2018,2024
477462500,189.0,32.0,12.7,70.0,,2,2019,2019
477463200,296.0,32.0,13.5,70.0,,1466,2015,2016
477464400,261.0,32.0,11.0,70.0,,1349,2019,2022
477464500,261.0,32.0,11.0,70.0,,1229,2016,2022
477468600,200.0,33.0,6.7,70.0,,449,2023,2023
477468700,180.0,30.0,6.1,70.0,,471,2022,2022
477476400,332.0,60.0,22.4,80.0,,397,2022,2022
477477500,195.0,,,70.0,,89,2018,2018
477477800,332.0,60.0,22.5,80.0,,617,2018,2020
477477900,332.0,60.0,20.0,80.0,,125,2024,2024
477478500,177.0,28.0,10.0,70.0,,888,2016,2022
477478700,336.0,48.0,15.5,70.0,,738,2018,2018
477486300,199.0,32.0,13.3,70.0,,2116,2015,2024
477486600,179.0,32.0,12.1,80.0,,180,2019,2019
477493100,196.0,32.0,12.7,70.0,,334,2020,2020
477493200,196.0,32.0,12.7,70.0,,137,2018,2018
477510600,304.0,40.0,14.0,70.0,,1577,2018,2022
477510700,199.0,,,70.0,,496,2019,2019
477510800,199.0,,,70.0,,387,2021,2021
477514300,190.0,32.0,12.8,70.0,,474,2017,2017
477514400,190.0,32.0,12.8,70.0,,636,2015,2017
477514700,169.0,27.0,10.0,70.0,,453,2022,2022
477518100,179.0,30.0,10.5,70.0,,670,2019,2020
477518200,179.0,30.0,10.5,70.0,,1803,2019,2021
477518500,199.0,32.0,13.3,70.0,,240,2023,2023
477518600,336.0,48.0,15.2,70.0,,472,2020,2020
477518800,292.0,45.0,18.3,70.0,,139,2018,2018
477519100,183.0,32.0,12.3,80.0,,411,2020,2025
477519400,299.0,48.0,14.5,70.0,,101,2018,2018
477519500,225.0,32.0,14.23,70.0,,151,2015,2015
477519700,294.0,32.0,13.5,71.0,,389,2015,2016
477519900,172.0,30.0,10.5,70.0,,1405,2018,2022
477520900,189.0,32.0,12.3,70.0,,401,2020,2020
477522000,169.0,27.0,9.8,70.0,,943,2016,2017
477524100,368.0,51.0,12.7,74.0,,838,2022,2023
477524200,199.0,,,70.0,,105,2018,2018
477524700,368.0,51.0,14.9,70.0,,998,2024,2024
477524800,225.0,,,70.0,,142,2022,2022
477524900,179.0,,,70.0,,425,2023,2023
477527900,200.0,32.0,7.5,70.0,,706,2021,2022
477528100,190.0,32.0,6.8,70.0,,161,2024,2024
477528400,333.0,46.0,13.4,73.0,,2155,2021,2025
477528500,229.0,32.0,7.4,70.0,,914,2021,2022
477528600,229.0,32.0,7.6,70.0,,441,2021,2021
477534200,190.0,32.0,12.7,70.0,,939,2016,2025
477534800,179.0,32.0,12.6,80.0,,1100,2015,2023
477534900,183.0,32.0,13.2,80.0,,981,2021,2022
477535900,179.0,29.0,10.5,70.0,,7,2019,2019
477537300,333.0,60.0,22.6,80.0,,430,2018,2018
477537900,179.0,,,70.0,,1339,2022,2023
477539100,275.0,48.0,9.3,80.0,,451,2025,2025
477539500,180.0,30.0,7.4,70.0,,272,2021,2021
477539700,275.0,48.0,10.5,80.0,,369,2021,2021
477542400,183.0,32.0,12.2,80.0,,528,2018,2019
477547200,183.0,32.0,13.2,80.0,,1328,2018,2021
477547300,183.0,32.0,13.2,80.0,,456,2017,2017
477547900,175.0,28.0,9.5,70.0,,2564,2015,2016
477548400,199.0,32.0,8.2,70.0,,109,2024,2024
477548500,229.0,32.0,14.5,70.0,,479,2022,2022
477548600,199.0,32.0,11.3,70.0,,478,2021,2021
477550600,329.0,60.0,21.5,80.0,,97,2023,2023
477552200,265.0,37.0,14.0,70.0,,464,2020,2025
477552500,235.0,38.0,14.5,70.0,,1492,2018,2019
477552600,235.0,38.0,14.5,70.0,,318,2015,2018
477552800,265.0,37.0,14.0,70.0,,1078,2018,2024
477552900,211.0,30.0,8.5,74.0,,113,2025,2025
477554000,199.0,30.0,11.8,70.0,,940,2018,2019
477559100,292.0,45.0,18.3,70.0,,458,2016,2016
477581100,230.0,32.0,12.0,70.0,,315,2023,2023
477584600,179.0,28.0,10.3,82.0,,525,2024,2024
477584700,333.0,,,80.0,,2,2019,2019
477585700,120.0,21.0,8.6,79.0,,466,2016,2016
477587000,199.0,30.0,11.8,70.0,,283,2017,2017
477588100,179.0,,,70.0,,311,2019,2022
477591100,275.0,48.0,11.7,80.0,,211,2021,2021
477591700,229.0,32.0,7.7,70.0,,456,2023,2023
477592800,177.0,29.0,9.6,70.0,,975,2016,2017
477593700,183.0,32.0,13.2,80.0,,1518,2015,2018
477593800,183.0,32.0,10.2,80.0,,4,2015,2015
477595800,183.0,32.0,12.2,80.0,,1460,2018,2022
477595900,225.0,32.0,14.2,70.0,,506,2016,2016
477598800,366.0,48.0,12.2,72.0,,4752,2018,2024
477607200,241.0,42.0,11.4,80.0,,1575,2019,2025
477607500,135.0,21.0,8.1,80.0,,902,2015,2017
477607600,199.0,30.0,11.8,70.0,,1227,2018,2024
477607700,323.0,42.0,14.5,70.0,,5837,2017,2024
477608600,225.0,32.0,14.2,70.0,,362,2015,2015
477608700,131.0,23.0,9.6,70.0,,115,2018,2018
477612900,180.0,28.0,10.2,70.0,,1102,2016,2018
477614500,180.0,28.0,10.0,70.0,,66,2015,2015
477617300,184.0,27.0,11.32,80.0,,1563,2015,2021
477617400,189.0,32.0,12.0,70.0,,921,2015,2020
477617600,322.0,42.0,14.5,70.0,,4578,2015,2025
477617700,322.0,42.0,14.5,70.0,,3228,2021,2025
477620100,199.0,,,70.0,,129,2022,2022
477620400,180.0,,,70.0,,71,2020,2020
477620700,,,,70.0,,412,2019,2019
477621100,229.0,38.0,14.9,70.0,,891,2018,2018
477621200,169.0,27.0,10.1,70.0,,458,2022,2022
477621800,170.0,27.0,9.8,70.0,,147,2017,2017
477622100,175.0,28.0,9.5,70.0,,1849,2015,2017
477622600,243.0,42.0,,80.0,,534,2023,2023
477624100,366.0,48.0,11.7,74.0,,971,2022,2024
477624500,225.0,32.0,7.3,70.0,,362,2022,2022
477624800,334.0,48.0,13.0,74.0,,1216,2022,2022
477625400,367.0,49.0,13.3,71.0,,343,2024,2024
477625800,255.0,43.0,8.8,70.0,,465,2022,2022
477627100,190.0,32.0,12.0,70.0,,403,2015,2019
477627300,294.0,32.0,13.7,70.0,,4260,2017,2025
477628100,225.0,32.0,14.25,70.0,,696,2015,2018
477628800,190.0,32.0,12.8,70.0,,473,2017,2017
477629100,200.0,33.0,11.6,70.0,,477,2024,2024
477629200,199.0,32.0,10.8,70.0,,300,2022,2022
477629300,199.0,32.0,7.7,70.0,,169,2025,2025
477630100,334.0,48.0,12.5,73.0,,1159,2021,2021
477630800,200.0,33.0,12.5,70.0,,469,2024,2024
477631200,225.0,32.0,14.2,70.0,,16,2015,2015
477631300,225.0,32.0,14.2,70.0,,116,2018,2018
477631400,183.0,32.0,7.3,80.0,,1305,2023,2024
477633700,200.0,24.0,11.0,70.0,,127,2015,2015
477634100,190.0,32.0,12.7,70.0,,473,2016,2016
477634200,180.0,29.0,6.7,70.0,,496,2015,2015
477634700,294.0,32.0,13.5,71.0,,1796,2015,2021
477634900,210.0,30.0,11.5,70.0,,353,2022,2023
477636500,145.0,24.0,6.2,80.0,,928,2019,2025
477636800,200.0,32.0,7.2,70.0,,626,2021,2024
477637100,225.0,32.0,14.4,70.0,,450,2023,2023
477637600,335.0,48.0,15.0,70.0,,4789,2018,2025
477638300,254.0,43.0,14.5,70.0,,953,2015,2015
477638900,229.0,32.0,14.5,70.0,,366,2016,2021
477639300,264.0,32.0,12.8,71.0,,1938,2015,2025
477639500,264.0,32.0,12.0,70.0,,4332,2015,2022
477640200,200.0,24.0,11.27,70.0,,470,2015,2015
477641700,189.0,32.0,12.5,70.0,,509,2023,2023
477641800,184.0,27.0,11.3,80.0,,478,2016,2016
477648100,198.0,30.0,9.4,79.0,,535,2023,2024
477648700,265.0,37.0,12.8,71.0,,483,2024,2024
477648800,266.0,37.0,13.3,71.0,,480,2021,2021
477652300,366.0,52.0,12.6,71.0,,1862,2021,2023
477652700,179.0,30.0,10.5,70.0,,723,2020,2021
477654500,170.0,28.0,8.1,74.0,,487,2021,2023
477654600,199.0,,,70.0,,626,2020,2023
477655300,229.0,32.0,14.43,70.0,,321,2015,2015
477655800,260.0,32.0,12.6,70.0,,468,2017,2017
477655900,294.0,32.0,13.7,70.0,,3549,2018,2025
477657600,199.0,30.0,11.8,70.0,,1844,2016,2024
477661400,180.0,28.0,10.15,70.0,,476,2015,2015
477664600,266.0,38.0,13.8,73.0,,466,2025,2025
477665200,266.0,37.0,12.2,71.0,,734,2023,2024
477665400,334.0,48.0,12.8,74.0,,638,2021,2022
477669100,179.0,,,70.0,,461,2022,2022
477669300,175.0,31.0,9.9,80.0,,1350,2018,2019
477669400,,,,70.0,,155,2018,2018
477669500,189.0,,,70.0,,892,2019,2020
477669700,139.0,23.0,5.9,80.0,,1256,2018,2025
477669900,,,,70.0,,472,2019,2019
477680100,333.0,60.0,21.6,80.0,,986,2018,2018
477680200,188.0,32.0,12.1,70.0,,438,2016,2016
477681400,199.0,32.0,11.8,70.0,,451,2024,2024
477681500,200.0,32.0,6.5,70.0,,291,2025,2025
477681700,200.0,32.0,11.3,70.0,,396,2024,2024
477681900,266.0,37.0,10.1,71.0,,272,2025,2025
477684200,304.0,40.0,14.0,70.0,,1999,2018,2022
477684400,194.0,,,70.0,,470,2018,2018
477684600,183.0,,,70.0,,449,2018,2018
477685200,179.0,28.0,10.2,70.0,,531,2019,2019
477685300,334.0,43.0,14.5,70.0,,1233,2017,2018
477685700,189.0,32.0,12.8,70.0,,24,2019,2019
477686200,190.0,32.0,12.6,70.0,,162,2023,2023
477686700,199.0,30.0,11.8,70.0,,2096,2017,2024
477690100,177.0,29.0,9.6,70.0,,474,2016,2016
477690200,174.0,28.0,10.4,80.0,,99,2019,2019
477690600,260.0,32.0,12.78,71.0,,1482,2015,2024
477691300,225.0,37.0,12.57,80.0,,28,2015,2015
477691700,291.0,45.0,18.3,70.0,,434,2022,2022
477692200,,,,80.0,,206,2022,2022
477692800,179.0,28.0,9.3,81.0,,395,2024,2024
477692900,,,,70.0,,1290,2018,2022
477694500,179.0,32.0,12.1,80.0,,210,2018,2018
477694600,179.0,29.0,10.5,70.0,,458,2019,2019
477694900,179.0,30.0,10.3,70.0,,428,2021,2021
477696400,255.0,43.0,8.9,70.0,,470,2023,2023
477696800,260.0,32.0,9.7,73.0,,1107,2021,2021
477698500,180.0,32.0,12.12,89.0,,895,2015,2018
477698600,366.0,51.0,15.5,70.0,,82,2019,2019
477698700,336.0,48.0,15.2,70.0,,1045,2018,2019
477698900,199.0,32.0,13.3,70.0,,1232,2020,2023
477699100,333.0,60.0,22.5,80.0,,381,2021,2021
477699600,337.0,48.0,15.2,70.0,,625,2019,2019
477699700,199.0,32.0,9.0,70.0,,507,2021,2024
477699800,199.0,32.0,13.3,70.0,,301,2023,2023
477700500,185.0,30.0,11.8,70.0,,222,2019,2019
477706100,199.0,32.0,9.5,70.0,,2730,2021,2025
477706200,186.0,35.0,8.7,74.0,,234,2021,2021
477706700,199.0,32.0,8.5,70.0,,1606,2021,2022
477706900,334.0,48.0,13.9,74.0,,774,2022,2022
477708500,229.0,32.0,7.8,70.0,,460,2022,2022
477711300,210.0,30.0,11.5,70.0,,2263,2020,2023
477713100,180.0,,,70.0,,457,2019,2019
477713200,300.0,49.0,11.3,70.0,,529,2024,2024
477713300,179.0,,,70.0,,670,2018,2023
477713600,333.0,60.0,10.4,80.0,,4,2024,2024
477713800,189.0,,,70.0,,710,2021,2021
477714100,336.0,43.0,11.2,70.0,,747,2021,2023
477714200,199.0,32.0,11.1,70.0,,783,2021,2023
477714300,266.0,32.0,12.1,71.0,,1000,2023,2024
477714400,199.0,32.0,9.4,70.0,,1292,2021,2025
477714600,335.0,42.0,12.9,70.0,,1118,2023,2024
477716500,199.0,32.0,6.2,70.0,,464,2022,2022
477716800,199.0,32.0,9.8,70.0,,3147,2021,2024
477717300,199.0,32.0,8.5,70.0,,1490,2021,2025
477719000,276.0,40.0,14.03,70.0,,4023,2015,2016
477722600,254.0,43.0,8.4,70.0,,433,2025,2025
477722700,230.0,36.0,8.7,80.0,,2019,2022,2024
477723800,199.0,32.0,12.0,70.0,,481,2022,2023
477726900,175.0,28.0,9.5,70.0,,1303,2016,2017
477728400,299.0,42.0,14.0,70.0,,2794,2020,2024
477728800,231.0,32.0,12.0,73.0,,1134,2015,2019
477730100,180.0,30.0,6.8,70.0,,450,2024,2024
477730900,199.0,,,70.0,,333,2022,2022
477732100,180.0,30.0,8.5,70.0,,465,2024,2024
477732800,199.0,32.0,10.5,70.0,,1710,2022,2023
477733900,183.0,32.0,13.2,80.0,,1,2021,2021
477735800,200.0,32.0,8.1,70.0,,151,2023,2023
477736900,230.0,36.0,8.3,80.0,,413,2024,2024
477737300,294.0,32.0,13.5,74.0,,489,2016,2016
477737600,368.0,51.0,15.1,74.0,,2091,2023,2025
477737800,337.0,48.0,13.9,71.0,,1217,2021,2022
477737900,332.0,,,80.0,,533,2019,2019
477738100,178.0,28.0,9.5,70.0,,964,2016,2017
477738200,334.0,42.0,14.5,70.0,,4085,2015,2025
477738500,322.0,42.0,14.5,70.0,,5727,2015,2025
477738600,322.0,42.0,14.5,70.0,,2572,2015,2020
477738700,261.0,33.0,12.4,73.0,,297,2024,2024
477739400,187.0,27.0,10.9,70.0,,120,2022,2022
477739700,225.0,32.0,14.2,70.0,,77,2017,2017
477742500,175.0,28.0,9.5,71.0,,2170,2015,2017
477742600,169.0,27.0,9.8,70.0,,699,2016,2023
477742700,228.0,32.0,14.4,70.0,,1308,2015,2018
477743200,225.0,32.0,14.43,70.0,,123,2015,2015
477744100,179.0,28.0,10.0,70.0,,638,2018,2021
477745600,182.0,32.0,7.8,80.0,,331,2024,2024
477745700,199.0,32.0,6.7,70.0,,417,2025,2025
477746600,169.0,27.0,9.78,70.0,,956,2015,2017
477746900,190.0,32.0,6.6,79.0,,567,2024,2024
477748500,208.0,29.0,11.6,70.0,,1549,2020,2024
477748600,199.0,27.0,11.0,70.0,,1594,2015,2025
477748800,182.0,32.0,12.62,80.0,,149,2015,2015
477748900,182.0,32.0,12.2,70.0,,2302,2017,2022
477752100,224.0,32.0,14.3,70.0,,175,2022,2022
477752400,261.0,32.0,11.0,73.0,,959,2015,2017
477752500,180.0,29.0,10.5,70.0,,583,2019,2021
477752900,189.0,32.0,12.8,70.0,,422,2022,2022
477754600,186.0,28.0,8.8,71.0,,1036,2022,2023
477754700,147.0,24.0,9.4,82.0,,70,2025,2025
477759200,190.0,32.0,12.8,70.0,,429,2015,2015
477759300,229.0,32.0,14.6,70.0,,460,2019,2019
477760900,247.0,42.0,9.9,80.0,,102,2018,2018
477764400,224.0,32.0,14.3,70.0,,934,2020,2020
477764600,366.0,48.0,15.5,70.0,,4861,2016,2025
477765800,261.0,32.0,11.0,70.0,,1618,2016,2023
477766700,177.0,28.0,10.2,70.0,,444,2019,2019
477767300,189.0,32.0,12.8,70.0,,238,2020,2020
477768100,337.0,46.0,15.0,71.0,,60,2016,2016
477768200,183.0,32.0,13.2,80.0,,2249,2015,2019
477768700,169.0,27.0,9.8,70.0,,472,2020,2020
477770200,334.0,43.0,13.0,73.0,,1469,2021,2025
477770300,334.0,42.0,14.5,70.0,,861,2023,2025
477770700,334.0,43.0,12.2,70.0,,417,2024,2024
477776100,336.0,48.0,15.2,70.0,,2087,2019,2025
477776200,366.0,52.0,13.0,71.0,,4211,2021,2024
477776600,229.0,32.0,14.6,70.0,,471,2016,2016
477778000,225.0,32.0,13.8,70.0,,580,2017,2018
477783000,225.0,32.0,13.52,70.0,,910,2015,2019
477784000,225.0,32.0,13.5,70.0,,907,2016,2018
477786800,182.0,32.0,12.9,80.0,,52,2018,2018
477786900,183.0,32.0,12.2,70.0,,67,2017,2017
477790200,179.0,30.0,10.2,70.0,,464,2022,2022
477790500,336.0,48.0,11.0,71.0,,472,2024,2024
477790600,199.0,32.0,13.3,70.0,,1144,2018,2024
477792100,229.0,38.0,14.9,70.0,,462,2015,2015
477792200,181.0,30.0,9.8,70.0,,950,2017,2021
477792300,229.0,32.0,14.4,70.0,,1139,2016,2020
477795300,366.0,48.0,15.5,70.0,,2452,2015,2020
477797100,177.0,28.0,10.0,70.0,,447,2017,2017
477798500,199.0,32.0,8.0,70.0,,949,2022,2025
477798800,182.0,32.0,7.5,80.0,,1177,2024,2025
477802500,228.0,32.0,14.4,70.0,,458,2021,2021
477802700,275.0,40.0,11.0,70.0,,1088,2023,2025
477805000,200.0,24.0,6.5,70.0,,476,2015,2015
477810400,226.0,37.0,8.1,80.0,,430,2022,2022
477813200,224.0,32.0,14.2,70.0,,946,2021,2022
477814100,181.0,30.0,9.8,79.0,,118,2015,2015
477814300,229.0,32.0,14.4,70.0,,131,2019,2019
477815200,265.0,32.0,12.6,70.0,,1026,2016,2022
477818000,199.0,30.0,11.8,70.0,,1132,2020,2023
477826500,229.0,32.0,14.4,70.0,,86,2022,2022
477829600,169.0,27.0,9.8,70.0,,223,2023,2023
477829700,321.0,42.0,14.5,70.0,,2784,2015,2024
477830800,260.0,32.0,12.7,70.0,,426,2022,2022
477831200,334.0,43.0,14.5,71.0,,1302,2015,2018
477832100,170.0,27.0,9.7,70.0,,817,2015,2023
477832300,261.0,32.0,11.0,70.0,,563,2018,2020
477832400,366.0,48.0,15.5,70.0,,6039,2018,2025
477832500,367.0,48.0,12.6,70.0,,1229,2023,2024
477832600,225.0,32.0,14.2,70.0,,300,2022,2022
477833400,333.0,60.0,17.7,80.0,,334,2023,2023
477842400,330.0,48.0,12.75,70.0,,958,2024,2025
477842500,330.0,48.0,11.6,71.0,,680,2022,2024
477845200,199.0,32.0,13.3,70.0,,147,2023,2023
477845600,366.0,52.0,13.4,71.0,,3325,2021,2025
477847500,190.0,32.0,12.8,70.0,,1485,2015,2017
477847900,176.0,27.0,10.0,70.0,,1127,2021,2021
477848500,229.0,32.0,14.4,70.0,,443,2020,2020
477848700,335.0,48.0,15.0,70.0,,2013,2020,2025
477848800,333.0,60.0,22.5,80.0,,944,2020,2023
477849300,292.0,32.0,13.5,70.0,,376,2018,2018
477849400,292.0,32.0,12.1,73.0,,2416,2018,2025
477849600,177.0,28.0,10.0,70.0,,455,2019,2019
477849700,199.0,,,70.0,,951,2019,2022
477850300,179.0,32.0,7.0,70.0,,1308,2020,2024
477850400,200.0,33.0,12.0,70.0,,721,2023,2023
477850900,,,7.0,70.0,,1382,2018,2024
477852400,183.0,32.0,12.3,80.0,,155,2020,2020
477852900,179.0,28.0,10.2,70.0,,697,2023,2024
477854200,183.0,32.0,7.7,80.0,,2490,2018,2025
477854300,183.0,32.0,9.8,81.0,,275,2025,2025
477854400,183.0,,,80.0,,806,2019,2022
477854500,183.0,,,80.0,,1155,2019,2019
477854600,,,,80.0,,475,2019,2021
477854700,183.0,32.0,8.0,80.0,,2499,2019,2025
477854900,,,,70.0,,2922,2019,2022
477855300,332.0,60.0,22.4,80.0,,483,2019,2019
477855500,225.0,32.0,12.2,70.0,,304,2021,2021
477855600,179.0,30.0,9.8,70.0,,929,2018,2023
477855700,179.0,30.0,9.8,70.0,,766,2020,2022
477856300,229.0,32.0,7.2,70.0,,453,2022,2022
477857000,199.0,30.0,11.8,70.0,,431,2018,2018
477858500,,,,80.0,,794,2018,2020
477858900,179.0,32.0,12.6,80.0,,728,2021,2022
477866200,269.0,35.0,11.0,70.0,,1777,2017,2020
477866300,269.0,35.0,11.0,70.0,,1564,2017,2020
477866600,190.0,32.0,12.8,70.0,,469,2017,2017
477867300,200.0,32.0,13.0,70.0,,386,2025,2025
477867700,180.0,30.0,7.0,70.0,,128,2025,2025
477869000,170.0,27.0,9.77,70.0,,476,2015,2015
477871300,366.0,51.0,13.5,70.0,,461,2023,2023
477871400,366.0,51.0,12.5,71.0,,1248,2024,2024
477871500,366.0,51.0,13.4,70.0,,1387,2023,2025
477874000,225.0,32.0,13.9,70.0,,474,2017,2017
477878000,200.0,32.0,13.3,70.0,,1587,2019,2024
477881600,183.0,32.0,12.3,80.0,,3026,2019,2025
477883200,199.0,31.0,11.8,70.0,,2937,2016,2024
477883300,260.0,32.0,12.62,71.0,,589,2015,2015
477884700,,,,80.0,,254,2018,2018
477886400,180.0,30.0,8.0,71.0,,421,2025,2025
477887100,195.0,32.0,8.6,70.0,,460,2023,2023
477890100,366.0,51.0,11.6,70.0,,1090,2023,2025
477890400,230.0,36.0,8.0,80.0,,117,2024,2024
477890500,334.0,43.0,12.3,71.0,,1132,2024,2025
477891200,367.0,43.0,12.7,71.0,,871,2024,2025
477891500,366.0,51.0,12.3,70.0,,820,2023,2025
477891700,334.0,43.0,12.2,71.0,,443,2023,2025
477892500,225.0,32.0,14.1,70.0,,474,2017,2017
477892900,178.0,26.0,9.69,70.0,,923,2015,2015
477893200,334.0,43.0,12.3,71.0,,650,2024,2024
477893400,320.0,46.0,12.9,71.0,,406,2025,2025
477893700,367.0,42.0,13.6,71.0,,1367,2024,2025
477896000,180.0,32.0,10.4,82.0,,1111,2015,2025
477897700,199.0,30.0,11.8,70.0,,460,2020,2020
477900100,146.0,22.0,7.9,80.0,,3672,2018,2024
477900400,,,,70.0,,936,2018,2019
477900500,200.0,32.0,6.5,70.0,,1011,2019,2025
477900700,199.0,32.0,8.7,70.0,,494,2024,2025
477902400,161.0,25.0,8.6,70.0,,468,2020,2021
477902500,189.0,32.0,12.8,70.0,,1350,2015,2023
477902600,189.0,32.0,12.8,70.0,,1899,2015,2024
477902900,229.0,32.0,14.4,70.0,,479,2021,2021
477903500,189.0,32.0,12.8,70.0,,59,2018,2018
477904300,294.0,32.0,13.57,79.0,,290,2015,2016
477904500,224.0,32.0,14.3,70.0,,447,2020,2020
477904700,294.0,32.0,13.5,71.0,,1103,2015,2016
477907100,366.0,51.0,12.3,70.0,,587,2023,2025
477907200,272.0,43.0,12.8,71.0,,265,2025,2025
477907400,199.0,32.0,12.0,70.0,,31,2025,2025
477907600,272.0,43.0,12.5,71.0,,457,2025,2025
477907900,366.0,51.0,14.7,70.0,,461,2024,2024
477909700,367.0,43.0,14.4,74.0,,922,2024,2025
477913100,180.0,,,70.0,,348,2022,2023
477913200,332.0,,,80.0,,453,2019,2019
477913300,180.0,,,70.0,,959,2018,2019
477914600,199.0,32.0,13.3,70.0,,1809,2018,2022
477914700,199.0,32.0,13.3,70.0,,1014,2021,2024
477915800,179.0,,,70.0,,394,2020,2020
477915900,179.0,,,70.0,,635,2021,2022
477920300,323.0,42.0,14.5,70.0,,2281,2019,2022
477921600,366.0,51.0,11.0,70.0,,130,2023,2023
477921800,272.0,43.0,11.2,70.0,,780,2024,2025
477922100,367.0,42.0,14.7,71.0,,375,2024,2024
477922200,200.0,32.0,7.3,70.0,,419,2025,2025
477925700,190.0,32.0,12.8,79.0,,478,2016,2016
477926200,107.0,18.0,6.45,80.0,,121,2015,2015
477926800,183.0,32.0,12.2,80.0,,1275,2017,2020
477928700,367.0,42.0,15.0,71.0,,719,2024,2025
477929100,366.0,51.0,11.5,70.0,,1221,2024,2025
477929600,272.0,43.0,11.8,74.0,,644,2025,2025
477929700,272.0,43.0,12.3,70.0,,1069,2024,2025
477931100,199.0,32.0,11.1,70.0,,470,2024,2024
477931200,190.0,33.0,11.1,70.0,,145,2024,2024
477931600,272.0,43.0,12.0,71.0,,367,2025,2025
477932400,170.0,26.0,11.3,80.0,,573,2022,2023
477933000,189.0,30.0,11.8,70.0,,889,2021,2023
477936400,175.0,29.0,9.6,70.0,,677,2018,2024
477938700,146.0,22.0,7.5,80.0,,715,2024,2024
477939800,333.0,60.0,15.2,80.0,,78,2024,2024
477940100,200.0,32.0,7.0,70.0,,321,2024,2024
477940500,366.0,51.0,12.0,70.0,,1683,2024,2025
477941200,366.0,51.0,12.7,70.0,,329,2024,2025
477941400,199.0,32.0,7.0,70.0,,869,2025,2025
477942100,189.0,32.0,12.0,70.0,,773,2015,2020
477942400,224.0,32.0,14.3,70.0,,482,2020,2020
477942900,225.0,32.0,14.2,70.0,,460,2019,2019
477945100,366.0,51.0,15.3,71.0,,445,2025,2025
477945200,272.0,42.0,11.5,70.0,,861,2024,2025
477945500,366.0,51.0,13.3,70.0,,898,2024,2025
477945900,183.0,32.0,11.0,83.0,,403,2025,2025
477946000,323.0,43.0,12.2,70.0,,1252,2017,2025
477947100,275.0,40.0,11.2,70.0,,1851,2024,2025
477947700,261.0,32.0,11.0,74.0,,202,2016,2016
477948700,179.0,,,70.0,,831,2022,2023
477948800,368.0,51.0,12.4,74.0,,1624,2021,2022
477950200,225.0,32.0,14.2,79.0,,1027,2015,2016
477950300,366.0,48.0,15.5,70.0,,4008,2016,2025
477950600,145.0,23.0,10.1,80.0,,380,2022,2022
477958400,266.0,32.0,13.0,71.0,,378,2015,2015
477958900,154.0,25.0,9.5,70.0,,170,2023,2023
477959200,334.0,43.0,12.9,74.0,,2780,2016,2025
477961200,169.0,27.0,9.8,70.0,,135,2021,2021
477961400,189.0,32.0,12.5,70.0,,2930,2015,2022
477961500,189.0,32.0,12.8,70.0,,373,2022,2022
477961600,269.0,35.0,11.0,70.0,,1517,2017,2021
477962200,229.0,32.0,14.6,70.0,,369,2020,2020
477962300,229.0,32.0,14.6,70.0,,890,2016,2017
477962800,120.0,21.0,8.6,70.0,,49,2017,2017
477963100,189.0,32.0,12.6,70.0,,487,2019,2019
477965900,272.0,43.0,12.6,70.0,,420,2025,2025
477966100,272.0,43.0,12.4,70.0,,491,2024,2024
477967100,177.0,28.0,10.02,79.0,,451,2015,2015
477968700,140.0,25.0,8.44,70.0,,275,2015,2015
477968900,275.0,40.0,14.0,79.0,,844,2015,2015
477969200,183.0,32.0,12.2,80.0,,429,2017,2017
477969400,183.0,32.0,12.2,80.0,,1226,2017,2024
477969700,183.0,32.0,12.2,80.0,,746,2015,2020
477969800,175.0,29.0,9.6,70.0,,185,2019,2019
477971000,178.0,28.0,10.58,70.0,,541,2015,2015
477973000,199.0,30.0,11.8,70.0,,1139,2017,2020
477975000,189.0,32.0,12.5,70.0,,536,2018,2022
477977000,190.0,32.0,12.02,70.0,,935,2015,2015
477978100,229.0,32.0,14.5,70.0,,463,2019,2019
477978700,169.0,27.0,6.2,70.0,,1059,2024,2025
477980000,169.0,27.0,9.8,70.0,,170,2016,2016
477981000,169.0,27.0,9.8,70.0,,908,2019,2019
477982500,199.0,27.0,11.0,70.0,,1348,2022,2024
477982600,169.0,27.0,9.82,70.0,,458,2015,2015
477985400,169.0,27.0,9.8,79.0,,550,2017,2018
477985600,169.0,27.0,9.8,70.0,,1085,2018,2019
477987500,272.0,43.0,13.5,70.0,,469,2025,2025
477990200,323.0,43.0,14.5,74.0,,1264,2015,2018
477995100,289.0,45.0,18.1,79.0,,473,2017,2017
477995600,225.0,32.0,7.5,70.0,,551,2015,2015
477996500,180.0,28.0,10.0,79.0,,945,2016,2017
477999500,241.0,42.0,14.9,80.0,,582,2016,2019
477999700,177.0,28.0,10.0,70.0,,436,2020,2020
511217000,42.0,,,70.0,,10218,2018,2022
518282000,83.0,14.0,5.1,70.0,,2,2016,2016
518630000,77.0,13.0,4.1,70.0,,38968,2015,2022
525008072,158.0,26.0,5.5,80.0,,253,2023,2023
525119170,170.0,27.0,9.0,71.0,,240,2025,2025
528003024,183.0,32.0,7.0,80.0,,184,2019,2019
533051300,180.0,32.0,10.2,80.0,,469,2018,2018
533052100,182.0,30.0,9.0,70.0,,39,2016,2016
533180059,177.0,28.0,10.0,70.0,,468,2022,2022
533369000,243.0,42.0,14.9,80.0,,100,2018,2018
533677000,182.0,32.0,12.7,80.0,,274,2016,2016
536052500,272.0,40.0,13.6,70.0,,897,2024,2024
538001501,176.0,29.0,9.6,70.0,,519,2018,2018
538001564,177.0,29.0,9.6,70.0,,269,2016,2016
538001577,250.0,44.0,14.6,80.0,,1038,2018,2019
538001638,250.0,44.0,14.6,80.0,,463,2019,2019
538001657,212.0,32.0,9.8,70.0,,3033,2017,2020
538001682,164.0,22.0,10.1,70.0,,3960,2019,2024
538001784,192.0,28.0,10.4,70.0,,470,2015,2015
538001809,193.0,28.0,11.2,79.0,,663,2015,2017
538001814,112.0,34.0,4.4,70.0,,126,2018,2018
538001835,250.0,44.0,14.62,89.0,,279,2015,2015
538001836,250.0,44.0,14.6,80.0,,868,2016,2017
538001893,227.0,32.0,13.8,80.0,,336,2022,2022
538001921,193.0,28.0,11.2,70.0,,165,2017,2017
538001964,176.0,31.0,10.1,89.0,,1038,2017,2017
538002013,225.0,32.0,14.1,70.0,,468,2018,2018
538002050,175.0,29.0,9.6,70.0,,655,2017,2019
538002087,228.0,32.0,14.5,80.0,,72,2018,2018
538002089,228.0,32.0,14.5,80.0,,219,2018,2020
538002090,228.0,32.0,14.3,80.0,,1195,2015,2024
538002101,164.0,22.0,10.1,70.0,,332,2018,2018
538002113,189.0,32.0,12.5,70.0,,1483,2019,2024
538002117,225.0,32.0,14.0,70.0,,424,2016,2017
538002149,176.0,29.0,9.6,70.0,,1881,2016,2019
538002174,144.0,24.0,8.5,82.0,,1274,2015,2015
538002179,176.0,29.0,9.6,70.0,,364,2021,2021
538002220,182.0,27.0,11.2,80.0,,5584,2015,2025
538002221,182.0,27.0,11.2,80.0,,4491,2018,2025
538002238,190.0,32.0,11.9,70.0,,1355,2015,2018
538002269,227.0,32.0,13.6,80.0,,622,2018,2021
538002276,227.0,32.0,13.6,80.0,,1171,2016,2021
538002277,228.0,32.0,13.6,80.0,,1157,2015,2018
538002278,228.0,32.0,13.6,80.0,,1801,2015,2021
538002279,228.0,32.0,13.6,80.0,,2803,2015,2020
538002280,183.0,32.0,12.3,80.0,,342,2016,2016
538002281,183.0,32.0,12.3,80.0,,1200,2015,2017
538002283,182.0,32.0,12.3,80.0,,182,2015,2019
538002284,183.0,32.0,12.25,80.0,,1019,2015,2019
538002285,183.0,32.0,12.3,80.0,,1021,2017,2017
538002295,333.0,60.0,14.5,80.0,,475,2024,2024
538002301,190.0,32.0,13.0,70.0,,478,2016,2016
538002314,199.0,32.0,8.8,70.0,,1311,2023,2025
538002316,190.0,32.0,12.9,70.0,,2499,2020,2025
538002319,190.0,31.0,11.6,70.0,,479,2015,2015
538002322,224.0,32.0,14.1,70.0,,338,2020,2020
538002349,190.0,32.0,12.5,70.0,,1666,2017,2019
538002355,190.0,32.0,11.9,70.0,,548,2016,2016
538002376,190.0,32.0,12.5,70.0,,325,2017,2017
538002381,190.0,32.0,12.6,70.0,,1720,2015,2023
538002382,190.0,32.0,12.6,70.0,,1163,2015,2018
538002408,190.0,32.0,11.72,70.0,,1552,2015,2015
538002418,225.0,32.0,13.9,70.0,,482,2020,2020
538002423,225.0,32.0,13.6,70.0,,379,2015,2017
538002436,128.0,20.0,8.7,80.0,,487,2021,2021
538002459,229.0,32.0,14.4,70.0,,498,2015,2016
538002476,183.0,32.0,12.22,81.0,,182,2015,2015
538002499,184.0,27.0,11.5,80.0,,540,2022,2022
538002501,240.0,42.0,14.88,89.0,,30,2015,2015
538002511,224.0,32.0,14.2,70.0,,8,2022,2022
538002544,189.0,32.0,12.9,70.0,,1203,2017,2023
538002548,225.0,32.0,14.0,70.0,,450,2018,2018
538002559,135.0,23.0,9.66,80.0,,1598,2015,2016
538002570,189.0,32.0,12.9,70.0,,1066,2018,2025
538002572,189.0,32.0,12.9,70.0,,2496,2019,2023
538002593,183.0,32.0,13.0,80.0,,194,2016,2016
538002594,183.0,32.0,13.0,83.0,,378,2017,2017
538002598,179.0,32.0,12.6,80.0,,1315,2018,2020
538002614,195.0,32.0,12.5,80.0,,723,2020,2021
538002618,225.0,32.0,13.9,70.0,,159,2015,2015
538002621,228.0,32.0,14.5,80.0,,720,2015,2021
538002630,229.0,32.0,14.4,70.0,,243,2017,2017
538002632,229.0,32.0,14.4,79.0,,479,2016,2016
538002635,229.0,32.0,14.3,70.0,,443,2019,2020
538002636,229.0,32.0,14.4,70.0,,87,2019,2019
538002638,229.0,32.0,14.4,70.0,,478,2015,2015
538002640,229.0,32.0,14.4,70.0,,362,2022,2022
538002644,291.0,45.0,18.3,70.0,,103,2018,2018
538002652,225.0,32.0,14.0,70.0,,417,2018,2018
538002657,189.0,32.0,11.9,70.0,,513,2019,2019
538002658,189.0,32.0,11.9,70.0,,47,2019,2019
538002659,190.0,32.0,12.0,70.0,,459,2016,2016
538002662,249.0,44.0,14.9,80.0,,917,2016,2020
538002667,195.0,32.0,12.5,80.0,,170,2018,2018
538002668,190.0,32.0,12.9,70.0,,2714,2021,2024
538002693,184.0,27.0,11.3,80.0,,63,2020,2020
538002700,195.0,32.0,12.5,80.0,,703,2019,2020
538002733,260.0,32.0,12.6,70.0,,724,2022,2022
538002741,168.0,26.0,7.0,79.0,,245,2016,2016
538002743,190.0,32.0,6.9,70.0,,1976,2016,2024
538002748,189.0,32.0,12.6,70.0,,1534,2018,2025
538002749,189.0,32.0,12.6,70.0,,477,2023,2023
538002750,191.0,32.0,11.3,79.0,,861,2022,2025
538002751,189.0,32.0,12.6,70.0,,533,2018,2023
538002760,190.0,32.0,12.5,70.0,,940,2018,2020
538002773,195.0,32.0,12.5,80.0,,183,2018,2018
538002774,195.0,32.0,12.5,80.0,,962,2019,2025
538002775,195.0,32.0,12.5,80.0,,523,2019,2022
538002776,195.0,32.0,12.0,80.0,,717,2019,2023
538002777,195.0,32.0,12.5,80.0,,991,2018,2023
538002778,195.0,32.0,12.5,80.0,,877,2018,2023
538002779,195.0,32.0,12.5,80.0,,115,2020,2021
538002783,184.0,27.0,11.3,80.0,,5892,2015,2025
538002784,184.0,27.0,11.3,80.0,,7796,2016,2025
538002808,189.0,32.0,12.5,70.0,,1194,2022,2024
538002823,170.0,25.0,8.2,70.0,,174,2025,2025
538002828,225.0,32.0,14.2,70.0,,209,2018,2018
538002832,189.0,32.0,12.5,70.0,,1304,2018,2019
538002835,144.0,24.0,9.5,80.0,,579,2018,2023
538002841,189.0,32.0,12.5,70.0,,832,2021,2023
538002844,245.0,42.0,15.0,80.0,,1487,2018,2023
538002845,245.0,42.0,15.0,80.0,,951,2015,2018
538002862,294.0,32.0,13.5,74.0,,116,2015,2015
538002864,239.0,32.0,12.0,70.0,,212,2017,2017
538002866,183.0,32.0,12.6,80.0,,574,2018,2021
538002867,183.0,32.0,12.6,80.0,,90,2020,2020
538002869,183.0,32.0,12.6,80.0,,424,2018,2023
538002879,144.0,20.0,5.1,80.0,,1977,2023,2025
538002888,183.0,29.0,7.2,70.0,,79,2015,2015
538002900,123.0,20.0,8.8,80.0,,1768,2015,2017
538002903,225.0,32.0,13.91,70.0,,728,2015,2018
538002937,130.0,22.0,9.2,80.0,,4992,2015,2020
538002938,225.0,32.0,14.2,70.0,,200,2019,2019
538002943,175.0,23.0,9.6,70.0,,559,2017,2018
538002945,240.0,42.0,14.88,81.0,,85,2015,2015
538002946,227.0,32.0,14.3,80.0,,1350,2019,2024
538002947,227.0,32.0,14.3,80.0,,852,2017,2023
538002950,186.0,30.0,11.32,70.0,,588,2015,2015
538002951,182.0,32.0,12.2,80.0,,262,2016,2016
538002953,294.0,32.0,13.5,70.0,,4305,2016,2021
538002955,294.0,32.0,13.5,70.0,,1672,2015,2023
538002956,294.0,32.0,13.5,71.0,,506,2017,2017
538002973,189.0,32.0,12.5,70.0,,191,2020,2020
538002980,189.0,32.0,12.6,70.0,,928,2017,2020
538002982,182.0,27.0,11.6,80.0,,428,2019,2019
538002992,294.0,32.0,13.5,70.0,,2234,2015,2019
538002999,225.0,32.0,14.3,70.0,,89,2016,2016
538003004,169.0,27.0,5.6,70.0,,467,2025,2025
538003006,,,7.6,71.0,,438,2015,2015
538003008,225.0,32.0,14.25,70.0,,921,2015,2016
538003015,190.0,32.0,12.9,70.0,,1496,2017,2024
538003016,189.0,32.0,12.9,70.0,,1424,2015,2025
538003023,139.0,25.0,8.5,70.0,,476,2019,2019
538003027,183.0,32.0,13.0,80.0,,748,2019,2021
538003032,228.0,32.0,14.5,80.0,,128,2018,2018
538003035,260.0,32.0,12.6,70.0,,256,2022,2023
538003036,183.0,32.0,13.2,80.0,,974,2015,2020
538003047,188.0,32.0,12.2,70.0,,325,2018,2018
538003048,188.0,32.0,12.2,70.0,,1413,2018,2021
538003057,189.0,32.0,12.6,70.0,,427,2021,2021
538003059,190.0,32.0,12.8,70.0,,694,2015,2021
538003093,221.0,29.0,11.4,70.0,,618,2021,2021
538003103,183.0,32.0,7.8,80.0,,1006,2015,2016
538003104,238.0,32.0,12.0,70.0,,273,2022,2022
538003107,225.0,32.0,14.25,70.0,,125,2015,2015
538003108,144.0,23.0,9.21,80.0,,816,2015,2015
538003109,144.0,23.0,9.2,80.0,,338,2016,2016
538003115,183.0,32.0,13.0,80.0,,1244,2019,2021
538003191,182.0,27.0,11.6,80.0,,102,2019,2019
538003192,190.0,32.0,12.5,70.0,,2225,2017,2020
538003197,183.0,32.0,13.1,80.0,,863,2018,2021
538003205,190.0,32.0,12.5,70.0,,483,2016,2019
538003217,183.0,32.0,13.2,80.0,,1003,2015,2020
538003221,170.0,25.0,8.6,79.0,,441,2022,2022
538003222,190.0,32.0,12.5,70.0,,418,2016,2016
538003231,139.0,25.0,8.5,70.0,,352,2023,2023
538003233,250.0,44.0,14.8,89.0,,561,2015,2017
538003241,190.0,32.0,12.8,70.0,,476,2017,2017
538003242,190.0,32.0,12.8,70.0,,230,2022,2022
538003248,189.0,32.0,12.0,70.0,,458,2018,2018
538003254,147.0,24.0,9.5,80.0,,3534,2017,2020
538003264,170.0,27.0,10.1,70.0,,925,2017,2018
538003268,249.0,44.0,14.9,80.0,,400,2021,2021
538003272,129.0,20.0,8.7,80.0,,464,2017,2017
538003274,260.0,32.0,10.3,70.0,,1240,2024,2024
538003275,172.0,27.0,10.42,70.0,,476,2015,2015
538003291,145.0,23.0,10.1,80.0,,1193,2015,2020
538003298,169.0,27.0,5.2,70.0,,401,2025,2025
538003321,249.0,44.0,14.8,80.0,,1149,2018,2022
538003322,250.0,44.0,14.6,80.0,,1520,2015,2025
538003331,260.0,32.0,12.55,73.0,,481,2015,2015
538003334,228.0,32.0,11.7,80.0,,507,2024,2024
538003345,188.0,31.0,10.8,70.0,,475,2017,2017
538003366,244.0,32.0,12.8,70.0,,3861,2015,2024
538003379,175.0,29.0,8.0,70.0,,482,2022,2024
538003413,189.0,32.0,12.7,70.0,,2317,2016,2023
538003419,289.0,45.0,18.17,70.0,,954,2015,2016
538003422,228.0,32.0,14.5,80.0,,1797,2015,2022
538003423,170.0,27.0,9.8,79.0,,948,2016,2023
538003432,175.0,31.0,11.1,80.0,,81,2018,2018
538003434,147.0,24.0,9.5,80.0,,564,2021,2022
538003439,243.0,42.0,14.6,80.0,,142,2018,2018
538003440,183.0,32.0,13.2,80.0,,1009,2016,2022
538003450,250.0,44.0,13.1,80.0,,184,2024,2025
538003467,190.0,32.0,12.6,70.0,,83,2021,2021
538003470,250.0,44.0,14.9,80.0,,100,2021,2021
538003478,261.0,32.0,12.8,71.0,,309,2015,2015
538003480,243.0,42.0,15.0,80.0,,403,2019,2020
538003481,145.0,23.0,10.1,80.0,,946,2016,2022
538003490,229.0,32.0,14.52,80.0,,98,2015,2015
538003501,183.0,32.0,13.1,80.0,,690,2015,2022
538003514,185.0,24.0,9.8,70.0,,445,2016,2016
538003520,172.0,27.0,10.4,70.0,,1117,2016,2021
538003521,190.0,32.0,12.7,70.0,,568,2017,2017
538003523,229.0,32.0,14.2,89.0,,932,2017,2019
538003526,250.0,44.0,15.0,80.0,,667,2022,2022
538003541,190.0,32.0,12.9,70.0,,480,2017,2017
538003549,229.0,32.0,14.3,80.0,,476,2016,2016
538003550,144.0,23.0,9.2,89.0,,705,2016,2017
538003552,144.0,23.0,9.21,80.0,,435,2015,2015
538003561,190.0,32.0,12.8,79.0,,27,2017,2017
538003568,190.0,32.0,12.8,70.0,,150,2022,2022
538003578,183.0,32.0,13.0,80.0,,1577,2016,2022
538003617,249.0,44.0,15.0,80.0,,1036,2022,2023
538003630,128.0,20.0,8.7,80.0,,18,2019,2019
538003631,128.0,20.0,5.6,89.0,,865,2023,2023
538003632,175.0,29.0,9.6,70.0,,955,2017,2022
538003640,290.0,45.0,17.8,70.0,,465,2020,2020
538003648,302.0,43.0,14.2,70.0,,860,2019,2023
538003664,287.0,45.0,17.7,70.0,,94,2019,2019
538003667,157.0,26.0,10.0,80.0,,424,2017,2020
538003670,190.0,32.0,12.82,70.0,,128,2015,2015
538003673,229.0,32.0,13.2,83.0,,889,2016,2018
538003675,274.0,48.0,17.0,80.0,,374,2015,2015
538003677,183.0,32.0,8.0,80.0,,477,2024,2025
538003678,183.0,32.0,13.0,80.0,,1831,2015,2024
538003682,180.0,28.0,10.6,70.0,,2983,2015,2018
538003686,180.0,30.0,9.9,70.0,,494,2018,2018
538003688,180.0,30.0,9.9,70.0,,454,2019,2019
538003689,180.0,30.0,9.9,70.0,,502,2020,2020
538003690,180.0,30.0,9.9,70.0,,573,2019,2020
538003691,180.0,30.0,9.9,70.0,,410,2018,2018
538003692,180.0,30.0,7.4,70.0,,2407,2023,2025
538003693,180.0,30.0,9.9,70.0,,467,2018,2018
538003695,186.0,30.0,11.6,70.0,,196,2016,2020
538003696,144.0,23.0,8.9,80.0,,2234,2015,2022
538003703,190.0,32.0,12.8,70.0,,731,2016,2017
538003704,225.0,32.0,13.6,70.0,,1171,2016,2019
538003705,190.0,32.0,12.5,70.0,,1,2016,2016
538003710,190.0,32.0,12.9,70.0,,563,2017,2020
538003713,274.0,48.0,17.0,80.0,,858,2018,2022
538003716,190.0,32.0,12.6,79.0,,461,2017,2017
538003717,261.0,32.0,12.8,70.0,,734,2015,2016
538003719,169.0,27.0,9.8,70.0,,79,2020,2020
538003726,183.0,32.0,13.1,80.0,,825,2019,2021
538003729,302.0,43.0,14.2,73.0,,2648,2015,2024
538003737,250.0,44.0,8.4,83.0,,525,2015,2015
538003740,119.0,20.0,6.3,70.0,,6457,2015,2019
538003746,292.0,45.0,18.3,70.0,,450,2018,2018
538003755,229.0,32.0,14.3,80.0,,951,2015,2018
538003756,228.0,32.0,14.4,89.0,,132,2016,2016
538003758,183.0,33.0,9.0,80.0,,1442,2016,2025
538003770,177.0,28.0,10.9,70.0,,424,2018,2018
538003777,190.0,32.0,12.95,70.0,,924,2015,2019
538003784,289.0,45.0,17.8,70.0,,165,2019,2019
538003788,190.0,32.0,12.5,70.0,,1065,2016,2018
538003793,274.0,48.0,17.0,80.0,,153,2016,2016
538003794,189.0,32.0,12.7,70.0,,1955,2018,2023
538003798,150.0,26.0,9.6,70.0,,387,2021,2021
538003810,302.0,43.0,14.2,70.0,,3061,2018,2021
538003817,189.0,32.0,12.9,70.0,,1437,2016,2021
538003818,190.0,32.0,12.9,70.0,,923,2016,2021
538003820,189.0,32.0,12.7,70.0,,418,2022,2024
538003827,190.0,32.0,13.02,70.0,,108,2015,2015
538003828,121.0,20.0,8.7,80.0,,424,2021,2021
538003831,200.0,32.0,9.7,70.0,,346,2016,2020
538003832,225.0,32.0,14.03,70.0,,725,2015,2015
538003842,224.0,32.0,13.46,70.0,,422,2015,2015
538003846,199.0,32.0,12.8,70.0,,448,2019,2019
538003850,183.0,32.0,12.2,80.0,,261,2020,2020
538003852,183.0,32.0,8.5,80.0,,155,2018,2025
538003855,183.0,32.0,11.0,80.0,,768,2016,2018
538003856,229.0,32.0,14.3,80.0,,731,2018,2018
538003857,229.0,32.0,14.3,80.0,,505,2016,2017
538003858,250.0,44.0,15.0,80.0,,1340,2016,2016
538003859,184.0,27.0,11.3,80.0,,1698,2022,2022
538003862,274.0,48.0,17.0,80.0,,179,2021,2021
538003870,99.0,19.0,5.7,80.0,,2626,2020,2025
538003876,228.0,32.0,14.6,80.0,,382,2017,2017
538003878,189.0,32.0,7.2,70.0,,740,2023,2025
538003882,250.0,44.0,8.2,89.0,,347,2018,2024
538003883,183.0,32.0,12.9,80.0,,1045,2016,2023
538003886,302.0,43.0,14.2,70.0,,1357,2018,2023
538003887,171.0,27.0,10.4,70.0,,884,2018,2018
538003888,171.0,27.0,10.4,70.0,,654,2018,2018
538003898,228.0,32.0,14.5,80.0,,111,2018,2018
538003900,181.0,30.0,9.9,70.0,,535,2018,2018
538003902,189.0,32.0,12.9,70.0,,580,2019,2019
538003905,190.0,32.0,12.9,70.0,,1714,2015,2024
538003906,180.0,28.0,6.5,70.0,,1227,2019,2024
538003908,190.0,22.0,8.5,70.0,,1,2019,2019
538003913,184.0,27.0,11.5,80.0,,858,2019,2019
538003924,157.0,26.0,10.0,80.0,,3288,2015,2024
538003925,179.0,32.0,12.0,80.0,,408,2021,2021
538003926,190.0,31.0,11.6,70.0,,864,2017,2019
538003929,174.0,27.0,11.4,80.0,,612,2020,2021
538003932,108.0,20.0,5.2,89.0,,878,2024,2025
538003940,175.0,29.0,9.6,70.0,,500,2018,2020
538003945,183.0,27.0,10.1,80.0,,893,2015,2015
538003954,229.0,36.0,14.2,70.0,,86,2018,2018
538003960,180.0,30.0,9.8,70.0,,907,2021,2021
538003961,183.0,32.0,12.9,80.0,,518,2019,2024
538003962,183.0,32.0,12.9,80.0,,716,2020,2024
538003972,190.0,32.0,11.6,70.0,,378,2024,2024
538003973,189.0,32.0,12.9,70.0,,457,2018,2018
538003974,189.0,32.0,12.9,70.0,,983,2018,2023
538003987,229.0,32.0,12.0,74.0,,146,2015,2015
538003990,229.0,32.0,6.7,70.0,,488,2024,2024
538003993,301.0,43.0,14.2,70.0,,3279,2018,2025
538004002,159.0,27.0,10.0,82.0,,936,2017,2022
538004003,178.0,28.0,7.2,70.0,,22,2015,2015
538004007,366.0,48.0,15.5,70.0,,467,2018,2018
538004017,183.0,32.0,8.6,80.0,,638,2021,2025
538004025,243.0,42.0,15.0,80.0,,460,2021,2021
538004027,274.0,48.0,9.5,80.0,,718,2024,2025
538004029,274.0,48.0,17.2,80.0,,1116,2017,2017
538004030,274.0,48.0,17.1,80.0,,1099,2016,2024
538004031,274.0,48.0,17.0,80.0,,942,2016,2017
538004032,274.0,48.0,17.0,80.0,,987,2015,2023
538004033,274.0,48.0,17.0,80.0,,1262,2020,2023
538004034,274.0,48.0,17.0,80.0,,629,2018,2020
538004037,180.0,30.0,9.8,70.0,,562,2020,2020
538004041,189.0,32.0,12.8,70.0,,425,2018,2018
538004043,190.0,32.0,12.04,70.0,,1190,2015,2020
538004052,200.0,32.0,6.85,70.0,,936,2024,2024
538004053,199.0,32.0,12.8,70.0,,653,2021,2023
538004054,148.0,23.0,8.51,70.0,,1511,2015,2015
538004055,180.0,28.0,10.07,70.0,,1155,2015,2019
538004056,180.0,28.0,6.7,70.0,,1094,2020,2025
538004060,190.0,23.0,10.7,70.0,,75,2020,2020
538004062,275.0,48.0,10.5,80.0,,467,2015,2015
538004070,292.0,45.0,18.3,70.0,,947,2020,2020
538004071,228.0,32.0,14.5,80.0,,2405,2017,2024
538004072,176.0,31.0,11.1,89.0,,1603,2016,2018
538004081,289.0,45.0,17.69,70.0,,282,2015,2015
538004086,301.0,43.0,14.2,70.0,,631,2018,2021
538004096,189.0,32.0,12.8,70.0,,907,2019,2021
538004099,261.0,32.0,12.8,70.0,,311,2018,2018
538004100,177.0,28.0,10.2,70.0,,437,2018,2018
538004102,180.0,32.0,12.0,80.0,,1091,2016,2017
538004106,189.0,32.0,12.5,70.0,,481,2018,2018
538004108,190.0,30.0,11.2,70.0,,464,2016,2016
538004110,229.0,32.0,14.6,70.0,,443,2017,2019
538004117,302.0,43.0,14.2,70.0,,3633,2018,2025
538004118,251.0,44.0,14.82,80.0,,446,2015,2019
538004123,229.0,38.0,14.9,79.0,,315,2015,2015
538004124,180.0,30.0,9.8,70.0,,898,2022,2023
538004143,229.0,32.0,14.5,70.0,,447,2018,2018
538004144,229.0,32.0,14.5,70.0,,24,2019,2019
538004150,182.0,32.0,7.5,80.0,,242,2025,2025
538004160,306.0,40.0,14.5,71.0,,1719,2015,2021
538004164,277.0,43.0,12.1,80.0,,2128,2022,2023
538004166,180.0,30.0,9.8,70.0,,1340,2018,2019
538004167,174.0,27.0,11.4,80.0,,496,2023,2023
538004168,228.0,32.0,14.5,80.0,,955,2022,2025
538004169,330.0,60.0,21.5,89.0,,311,2017,2017
538004172,250.0,44.0,12.9,80.0,,1675,2019,2025
538004173,250.0,44.0,13.3,80.0,,1444,2018,2025
538004174,250.0,44.0,15.0,80.0,,1961,2019,2025
538004177,189.0,28.0,10.4,70.0,,354,2019,2023
538004178,189.0,28.0,10.4,70.0,,689,2018,2022
538004179,189.0,28.0,10.4,70.0,,1418,2018,2024
538004181,189.0,28.0,6.4,70.0,,174,2024,2024
538004182,189.0,28.0,10.4,70.0,,476,2018,2018
538004184,229.0,32.0,14.6,70.0,,462,2022,2022
538004188,170.0,26.0,10.1,80.0,,762,2015,2020
538004193,189.0,32.0,12.9,70.0,,905,2018,2018
538004199,243.0,42.0,14.6,80.0,,2023,2018,2025
538004202,301.0,43.0,14.2,70.0,,1836,2019,2024
538004203,302.0,43.0,14.2,70.0,,2048,2018,2024
538004214,228.0,32.0,14.4,80.0,,316,2021,2021
538004215,228.0,32.0,14.4,80.0,,168,2016,2022
538004217,192.0,27.0,11.2,70.0,,953,2021,2025
538004222,184.0,27.0,7.6,80.0,,470,2015,2015
538004226,182.0,32.0,12.22,80.0,,484,2015,2015
538004227,182.0,32.0,12.2,89.0,,566,2016,2016
538004228,182.0,32.0,12.2,80.0,,470,2017,2017
538004241,229.0,32.0,14.6,79.0,,480,2017,2017
538004246,183.0,32.0,8.0,82.0,,185,2024,2024
538004255,229.0,32.0,11.0,80.0,,1058,2020,2025
538004260,190.0,32.0,12.7,70.0,,2686,2015,2024
538004266,179.0,30.0,10.1,70.0,,6260,2019,2022
538004270,195.0,32.0,11.2,70.0,,562,2019,2024
538004273,123.0,17.0,7.2,89.0,,297,2016,2016
538004285,122.0,20.0,8.7,89.0,,865,2015,2017
538004288,228.0,32.0,8.0,70.0,,612,2020,2024
538004289,229.0,32.0,14.52,70.0,,438,2015,2015
538004290,229.0,32.0,14.5,70.0,,358,2023,2023
538004293,183.0,32.0,13.3,80.0,,1187,2017,2019
538004294,183.0,32.0,13.3,80.0,,705,2015,2018
538004295,190.0,32.0,13.0,70.0,,678,2019,2022
538004297,190.0,32.0,13.0,70.0,,624,2015,2023
538004298,229.0,32.0,14.4,70.0,,128,2017,2017
538004303,189.0,32.0,12.9,70.0,,455,2019,2019
538004305,227.0,32.0,14.4,70.0,,450,2018,2018
538004306,180.0,30.0,9.9,70.0,,1618,2019,2024
538004316,274.0,48.0,17.2,80.0,,35,2023,2023
538004318,274.0,48.0,17.1,80.0,,362,2019,2019
538004326,189.0,32.0,12.8,70.0,,429,2020,2020
538004328,189.0,32.0,12.8,70.0,,452,2018,2018
538004329,189.0,32.0,10.8,70.0,,695,2021,2024
538004331,190.0,32.0,12.8,70.0,,381,2017,2017
538004332,190.0,32.0,12.8,70.0,,1264,2015,2017
538004333,189.0,32.0,12.8,70.0,,469,2020,2020
538004334,189.0,32.0,12.8,70.0,,224,2019,2019
538004335,199.0,32.0,13.3,70.0,,1519,2020,2022
538004337,189.0,32.0,12.9,70.0,,2964,2018,2020
538004338,189.0,32.0,12.9,70.0,,957,2020,2023
538004339,189.0,32.0,12.9,70.0,,466,2018,2018
538004340,188.0,32.0,12.9,70.0,,96,2018,2018
538004341,188.0,32.0,10.9,70.0,,767,2022,2024
538004342,189.0,32.0,12.8,70.0,,469,2019,2019
538004344,235.0,32.0,14.6,70.0,,775,2016,2023
538004345,190.0,32.0,12.8,70.0,,919,2016,2017
538004351,154.0,26.0,9.7,70.0,,85,2018,2018
538004355,180.0,30.0,9.9,70.0,,1074,2018,2023
538004361,186.0,28.0,10.9,70.0,,263,2023,2025
538004370,190.0,32.0,13.0,70.0,,975,2018,2020
538004371,183.0,32.0,13.3,80.0,,944,2020,2024
538004375,229.0,32.0,14.3,80.0,,1663,2016,2024
538004376,183.0,32.0,13.1,80.0,,1033,2019,2023
538004377,183.0,32.0,13.1,80.0,,898,2021,2022
538004380,189.0,28.0,10.5,70.0,,467,2019,2019
538004381,190.0,28.0,10.5,70.0,,505,2015,2016
538004382,189.0,28.0,10.5,70.0,,1337,2015,2025
538004383,191.0,28.0,10.5,70.0,,872,2020,2020
538004384,189.0,28.0,10.5,70.0,,1218,2020,2021
538004385,189.0,28.0,10.5,70.0,,1398,2017,2022
538004386,190.0,28.0,10.5,70.0,,903,2016,2020
538004387,189.0,28.0,10.5,70.0,,476,2023,2023
538004388,228.0,32.0,14.5,80.0,,1375,2016,2021
538004396,229.0,32.0,14.52,70.0,,433,2015,2015
538004410,183.0,32.0,12.9,80.0,,1039,2020,2022
538004411,193.0,32.0,13.0,70.0,,1865,2021,2025
538004412,212.0,32.0,12.5,70.0,,704,2019,2020
538004415,193.0,28.0,10.0,70.0,,604,2023,2025
538004416,193.0,28.0,8.2,72.0,,140,2024,2024
538004422,179.0,28.0,10.1,70.0,,319,2020,2020
538004423,190.0,32.0,12.02,79.0,,1404,2015,2015
538004431,197.0,32.0,12.7,70.0,,370,2022,2022
538004442,141.0,24.0,9.7,80.0,,353,2019,2019
538004443,178.0,28.0,9.8,70.0,,915,2017,2019
538004456,181.0,30.0,6.2,70.0,,473,2024,2024
538004469,189.0,32.0,12.8,70.0,,424,2018,2018
538004477,180.0,30.0,6.1,70.0,,796,2019,2024
538004478,228.0,32.0,14.4,70.0,,92,2019,2019
538004479,250.0,44.0,8.7,80.0,,139,2015,2015
538004481,179.0,29.0,6.6,70.0,,194,2018,2025
538004482,225.0,32.0,14.0,79.0,,147,2015,2015
538004485,190.0,32.0,11.93,70.0,,498,2015,2015
538004487,274.0,48.0,17.0,89.0,,983,2016,2016
538004493,178.0,29.0,10.9,79.0,,611,2016,2017
538004494,178.0,29.0,10.9,79.0,,473,2017,2017
538004497,225.0,32.0,14.0,70.0,,93,2019,2019
538004498,196.0,32.0,6.4,70.0,,648,2024,2024
538004507,229.0,32.0,14.5,70.0,,178,2023,2023
538004509,274.0,48.0,,89.0,,142,2015,2015
538004513,181.0,30.0,9.9,70.0,,993,2017,2018
538004534,183.0,32.0,13.3,80.0,,322,2018,2018
538004535,183.0,32.0,13.0,80.0,,933,2019,2020
538004536,183.0,32.0,13.0,80.0,,900,2021,2022
538004540,180.0,30.0,9.9,70.0,,1396,2015,2019
538004541,180.0,30.0,9.9,70.0,,921,2015,2021
538004542,180.0,30.0,9.9,70.0,,339,2018,2018
538004550,189.0,32.0,12.8,70.0,,471,2018,2018
538004551,189.0,32.0,12.8,70.0,,453,2021,2021
538004555,190.0,32.0,12.7,70.0,,520,2019,2019
538004557,166.0,23.0,9.5,70.0,,463,2015,2015
538004561,178.0,28.0,10.2,80.0,,1153,2015,2017
538004564,229.0,32.0,14.5,70.0,,226,2016,2016
538004570,229.0,32.0,14.5,70.0,,94,2020,2020
538004573,188.0,32.0,12.8,70.0,,475,2019,2019
538004576,333.0,60.0,20.3,80.0,,862,2019,2024
538004581,257.0,32.0,12.5,79.0,,210,2015,2016
538004585,193.0,32.0,13.0,70.0,,450,2020,2020
538004601,182.0,32.0,12.3,70.0,,1190,2017,2022
538004602,182.0,33.0,7.5,80.0,,880,2023,2024
538004619,200.0,32.0,7.9,70.0,,181,2024,2024
538004622,183.0,32.0,13.02,80.0,,892,2015,2015
538004628,159.0,27.0,10.0,80.0,,3046,2017,2024
538004629,149.0,24.0,9.7,80.0,,1585,2019,2023
538004630,189.0,32.0,12.7,70.0,,569,2020,2023
538004638,243.0,42.0,14.6,80.0,,2794,2018,2025
538004639,181.0,30.0,10.2,70.0,,180,2024,2024
538004640,228.0,32.0,14.5,80.0,,366,2023,2023
538004641,177.0,28.0,10.9,70.0,,1399,2018,2022
538004642,200.0,24.0,10.8,70.0,,321,2016,2016
538004651,333.0,60.0,22.5,80.0,,85,2015,2015
538004652,228.0,32.0,14.4,70.0,,119,2020,2020
538004653,179.0,27.0,10.2,70.0,,1144,2016,2019
538004656,176.0,30.0,10.1,70.0,,432,2019,2019
538004658,189.0,32.0,12.6,70.0,,701,2022,2023
538004665,190.0,32.0,12.5,70.0,,638,2018,2019
538004667,229.0,32.0,14.5,70.0,,1420,2016,2017
538004671,229.0,32.0,14.5,70.0,,168,2018,2018
538004680,190.0,32.0,12.6,70.0,,2,2016,2016
538004682,159.0,27.0,10.0,80.0,,1204,2020,2023
538004693,183.0,32.0,8.0,80.0,,918,2020,2024
538004697,199.0,32.0,9.7,70.0,,801,2015,2021
538004710,180.0,30.0,9.9,70.0,,717,2019,2020
538004714,196.0,32.0,12.5,70.0,,132,2024,2024
538004719,224.0,32.0,14.1,70.0,,826,2018,2020
538004720,199.0,32.0,12.7,70.0,,534,2022,2024
538004721,180.0,30.0,10.1,70.0,,937,2023,2024
538004722,228.0,32.0,7.9,80.0,,749,2022,2025
538004727,291.0,45.0,18.3,70.0,,377,2021,2021
538004740,179.0,30.0,10.2,70.0,,1876,2021,2025
538004747,190.0,32.0,12.6,70.0,,140,2021,2021
538004748,189.0,32.0,6.6,70.0,,350,2024,2024
538004749,190.0,32.0,12.5,70.0,,139,2024,2024
538004750,189.0,32.0,12.6,70.0,,1941,2021,2025
538004759,199.0,32.0,9.8,70.0,,1740,2018,2023
538004771,188.0,32.0,10.7,70.0,,472,2025,2025
538004774,229.0,32.0,14.57,79.0,,475,2015,2015
538004784,239.0,38.0,14.5,70.0,,4,2021,2021
538004785,187.0,32.0,12.8,70.0,,922,2020,2020
538004791,133.0,23.0,8.5,80.0,,1056,2020,2022
538004792,133.0,23.0,5.9,80.0,,1019,2022,2025
538004793,189.0,32.0,12.8,70.0,,682,2016,2023
538004800,188.0,32.0,12.9,70.0,,465,2020,2020
538004833,333.0,60.0,20.4,89.0,,845,2018,2025
538004843,196.0,32.0,7.0,70.0,,914,2015,2025
538004844,199.0,32.0,12.7,70.0,,385,2019,2019
538004851,291.0,45.0,18.2,70.0,,485,2023,2023
538004852,250.0,44.0,14.6,80.0,,940,2017,2017
538004854,228.0,32.0,14.6,80.0,,405,2018,2022
538004882,139.0,23.0,8.8,70.0,,165,2015,2015
538004886,182.0,32.0,12.2,80.0,,26,2015,2015
538004903,228.0,32.0,14.4,70.0,,475,2018,2018
538004908,183.0,32.0,12.1,80.0,,73,2016,2016
538004911,270.0,42.0,14.5,70.0,,471,2018,2020
538004913,270.0,42.0,11.0,70.0,,617,2020,2025
538004914,270.0,42.0,10.4,71.0,,274,2022,2022
538004919,147.0,24.0,9.8,80.0,,565,2021,2021
538004920,179.0,29.0,6.5,70.0,,644,2024,2024
538004921,179.0,29.0,10.1,70.0,,1669,2019,2024
538004922,179.0,29.0,10.1,70.0,,446,2018,2018
538004923,179.0,29.0,10.1,70.0,,877,2022,2024
538004925,225.0,32.0,14.3,70.0,,507,2019,2019
538004927,294.0,32.0,13.52,70.0,,186,2015,2015
538004931,188.0,32.0,12.7,70.0,,687,2021,2024
538004934,250.0,44.0,14.8,80.0,,700,2021,2024
538004948,230.0,32.0,7.2,70.0,,496,2024,2024
538004953,179.0,29.0,10.5,70.0,,948,2020,2020
538004966,228.0,32.0,8.3,70.0,,469,2025,2025
538004967,183.0,32.0,12.9,80.0,,2049,2020,2025
538004978,229.0,32.0,14.4,70.0,,1219,2020,2024
538004988,108.0,19.0,8.3,80.0,,1449,2018,2021
538004992,183.0,32.0,13.1,80.0,,329,2019,2019
538004993,183.0,32.0,13.1,80.0,,245,2019,2019
538004994,183.0,32.0,13.1,80.0,,761,2021,2022
538004996,228.0,32.0,14.4,70.0,,25,2019,2019
538004997,199.0,32.0,10.3,70.0,,1920,2022,2025
538004999,188.0,32.0,12.8,79.0,,479,2017,2017
538005001,190.0,32.0,12.9,70.0,,1918,2015,2025
538005003,229.0,32.0,14.5,70.0,,811,2018,2021
538005007,227.0,32.0,14.5,80.0,,487,2019,2019
538005015,228.0,32.0,14.4,80.0,,699,2016,2025
538005016,134.0,23.0,8.5,80.0,,297,2020,2020
538005026,225.0,32.0,14.0,70.0,,70,2019,2019
538005034,180.0,32.0,9.6,80.0,,327,2015,2015
538005036,133.0,23.0,8.6,80.0,,398,2018,2018
538005041,228.0,32.0,14.4,70.0,,519,2018,2021
538005042,182.0,28.0,11.0,70.0,,4496,2016,2025
538005048,200.0,32.0,12.4,70.0,,720,2024,2024
538005050,290.0,32.0,13.02,70.0,,343,2015,2015
538005056,189.0,32.0,12.7,70.0,,993,2019,2025
538005057,208.0,29.0,11.6,70.0,,818,2020,2021
538005058,200.0,32.0,9.3,70.0,,871,2018,2025
538005060,228.0,32.0,14.4,80.0,,996,2016,2019
538005062,190.0,32.0,12.7,70.0,,201,2016,2016
538005077,159.0,27.0,10.1,80.0,,1568,2016,2025
538005088,183.0,32.0,13.3,80.0,,1516,2020,2024
538005089,183.0,32.0,13.3,80.0,,144,2023,2023
538005092,183.0,32.0,11.9,80.0,,597,2018,2024
538005093,183.0,32.0,13.3,80.0,,462,2018,2022
538005094,183.0,32.0,13.3,80.0,,161,2021,2021
538005099,147.0,24.0,9.6,80.0,,571,2020,2021
538005102,225.0,32.0,13.8,70.0,,401,2016,2016
538005107,183.0,32.0,13.1,80.0,,157,2019,2019
538005111,183.0,27.0,10.0,80.0,,731,2018,2022
538005112,208.0,30.0,9.5,71.0,,70,2023,2023
538005113,229.0,32.0,9.9,70.0,,1577,2018,2025
538005114,196.0,32.0,12.7,70.0,,436,2020,2020
538005117,183.0,32.0,12.9,80.0,,1549,2019,2022
538005118,183.0,32.0,12.9,80.0,,916,2021,2022
538005127,200.0,32.0,10.02,70.0,,784,2015,2020
538005129,148.0,24.0,9.4,80.0,,1253,2016,2018
538005144,274.0,48.0,17.0,80.0,,385,2022,2022
538005145,274.0,48.0,17.0,80.0,,456,2017,2017
538005146,169.0,27.0,9.8,70.0,,554,2017,2019
538005148,189.0,32.0,12.7,70.0,,1968,2018,2023
538005149,229.0,38.0,14.9,70.0,,350,2018,2018
538005152,189.0,32.0,12.6,70.0,,1036,2018,2025
538005156,189.0,32.0,12.8,70.0,,568,2018,2020
538005160,225.0,32.0,14.1,70.0,,470,2016,2016
538005164,189.0,32.0,12.5,70.0,,1443,2018,2025
538005166,183.0,32.0,13.3,81.0,,1530,2016,2024
538005167,183.0,32.0,13.27,80.0,,1258,2015,2024
538005169,180.0,30.0,10.3,70.0,,518,2018,2021
538005170,178.0,28.0,9.8,70.0,,348,2017,2019
538005171,183.0,32.0,13.3,80.0,,1524,2019,2022
538005172,183.0,32.0,13.3,80.0,,572,2022,2022
538005173,183.0,32.0,13.3,80.0,,1006,2018,2025
538005174,183.0,32.0,13.3,80.0,,368,2021,2022
538005176,183.0,32.0,13.3,80.0,,394,2018,2018
538005177,183.0,32.0,13.3,80.0,,53,2020,2020
538005178,183.0,32.0,12.2,80.0,,545,2019,2024
538005182,179.0,32.0,12.8,80.0,,235,2021,2021
538005185,177.0,28.0,10.8,70.0,,214,2018,2018
538005187,183.0,32.0,13.3,80.0,,2393,2019,2022
538005189,183.0,,8.5,80.0,,378,2020,2025
538005190,190.0,32.0,12.57,70.0,,630,2015,2022
538005194,225.0,32.0,14.2,70.0,,456,2019,2019
538005201,244.0,42.0,8.0,80.0,,796,2024,2025
538005202,144.0,24.0,9.6,80.0,,2271,2015,2024
538005205,199.0,32.0,12.7,70.0,,1164,2023,2025
538005209,175.0,29.0,9.6,70.0,,918,2015,2018
538005214,175.0,26.0,9.82,70.0,,1592,2015,2015
538005215,141.0,24.0,9.7,80.0,,4904,2015,2025
538005225,183.0,32.0,13.3,80.0,,479,2021,2022
538005236,179.0,32.0,8.2,79.0,,924,2017,2017
538005240,183.0,32.0,8.0,83.0,,128,2024,2024
538005244,227.0,32.0,14.2,80.0,,526,2015,2021
538005245,228.0,32.0,14.2,80.0,,360,2016,2016
538005248,183.0,32.0,12.9,80.0,,1399,2018,2025
538005249,183.0,32.0,12.9,80.0,,2294,2018,2025
538005251,189.0,32.0,12.6,70.0,,476,2023,2023
538005252,220.0,32.0,12.0,70.0,,446,2019,2019
538005255,225.0,36.0,12.0,80.0,,2314,2015,2022
538005256,225.0,36.0,12.0,80.0,,910,2018,2019
538005257,225.0,36.0,12.0,80.0,,629,2020,2020
538005258,225.0,36.0,12.0,80.0,,462,2021,2021
538005259,180.0,30.0,10.3,70.0,,53,2019,2019
538005260,180.0,30.0,10.3,70.0,,863,2020,2023
538005261,180.0,30.0,10.3,70.0,,502,2020,2022
538005262,180.0,30.0,10.3,70.0,,420,2021,2021
538005267,180.0,30.0,10.3,70.0,,396,2018,2018
538005268,190.0,32.0,10.7,70.0,,1033,2025,2025
538005269,183.0,32.0,13.3,80.0,,1277,2018,2019
538005270,183.0,32.0,13.3,80.0,,976,2018,2021
538005271,183.0,32.0,13.3,80.0,,445,2022,2022
538005277,132.0,22.0,9.2,80.0,,303,2019,2019
538005283,183.0,32.0,11.52,70.0,,532,2015,2016
538005284,229.0,32.0,14.4,70.0,,1161,2017,2020
538005294,179.0,32.0,12.1,80.0,,1461,2017,2021
538005301,229.0,32.0,14.3,80.0,,798,2019,2022
538005303,229.0,32.0,14.4,70.0,,442,2020,2020
538005309,199.0,35.0,10.0,70.0,,859,2018,2020
538005319,183.0,32.0,13.1,80.0,,1353,2015,2020
538005320,183.0,32.0,13.1,80.0,,1290,2015,2018
538005321,183.0,32.0,13.1,80.0,,707,2016,2022
538005322,183.0,32.0,13.1,80.0,,1463,2015,2024
538005323,146.0,24.0,9.7,84.0,,1195,2015,2020
538005324,145.0,23.0,9.7,80.0,,365,2020,2020
538005329,179.0,32.0,12.1,80.0,,1277,2017,2020
538005333,199.0,32.0,10.0,70.0,,90,2020,2020
538005334,264.0,42.0,8.6,80.0,,467,2024,2024
538005348,145.0,23.0,9.7,80.0,,706,2019,2019
538005356,179.0,32.0,12.0,80.0,,629,2015,2023
538005357,189.0,32.0,12.6,70.0,,222,2022,2022
538005359,200.0,32.0,7.1,79.0,,766,2021,2022
538005364,225.0,32.0,14.0,70.0,,453,2022,2022
538005370,188.0,32.0,6.8,70.0,,253,2024,2024
538005387,256.0,43.0,11.5,80.0,,267,2024,2024
538005399,184.0,27.0,11.9,80.0,,401,2018,2018
538005400,184.0,27.0,11.9,80.0,,242,2018,2018
538005406,184.0,27.0,11.9,80.0,,146,2022,2022
538005408,184.0,27.0,11.9,80.0,,422,2023,2023
538005409,184.0,27.0,11.9,80.0,,569,2018,2019
538005410,184.0,27.0,11.9,80.0,,635,2021,2021
538005411,179.0,29.0,6.6,70.0,,944,2022,2025
538005412,183.0,32.0,13.0,80.0,,295,2023,2023
538005413,183.0,32.0,13.0,80.0,,309,2021,2021
538005414,183.0,32.0,13.0,80.0,,120,2015,2015
538005415,183.0,32.0,13.3,80.0,,542,2022,2022
538005416,183.0,32.0,13.3,80.0,,513,2023,2023
538005417,183.0,32.0,10.7,80.0,,2424,2019,2024
538005418,183.0,32.0,9.0,80.0,,125,2025,2025
538005419,183.0,32.0,13.0,80.0,,489,2020,2020
538005422,228.0,32.0,14.3,89.0,,1988,2016,2021
538005423,228.0,32.0,14.3,80.0,,988,2016,2017
538005424,179.0,32.0,12.0,80.0,,571,2019,2022
538005425,183.0,32.0,13.3,80.0,,474,2018,2018
538005426,183.0,32.0,13.3,80.0,,805,2020,2024
538005430,180.0,30.0,10.0,70.0,,934,2019,2025
538005436,199.0,32.0,13.3,70.0,,109,2023,2023
538005438,190.0,32.0,11.62,70.0,,721,2015,2016
538005439,228.0,32.0,14.4,80.0,,142,2023,2023
538005443,228.0,32.0,14.4,80.0,,2224,2016,2024
538005444,228.0,32.0,14.4,70.0,,477,2019,2019
538005447,157.0,24.0,6.3,70.0,,2681,2015,2016
538005461,189.0,32.0,12.3,70.0,,868,2015,2022
538005462,183.0,32.0,13.3,80.0,,633,2020,2020
538005473,250.0,44.0,14.8,80.0,,109,2018,2025
538005476,183.0,32.0,8.5,80.0,,1072,2020,2025
538005478,141.0,24.0,9.7,80.0,,5282,2016,2024
538005481,148.0,23.0,9.8,70.0,,34,2019,2019
538005488,183.0,31.0,6.0,70.0,,385,2024,2024
538005491,190.0,32.0,12.8,70.0,,179,2015,2015
538005492,117.0,18.0,5.1,80.0,,1024,2023,2024
538005495,183.0,32.0,11.9,80.0,,436,2025,2025
538005496,117.0,18.0,6.8,80.0,,394,2025,2025
538005516,179.0,30.0,10.6,70.0,,399,2020,2023
538005517,186.0,30.0,11.6,70.0,,493,2016,2016
538005518,334.0,42.0,14.5,70.0,,953,2022,2022
538005521,200.0,35.0,9.5,70.0,,693,2024,2025
538005523,147.0,24.0,9.5,80.0,,599,2015,2016
538005528,222.0,30.0,12.0,70.0,,364,2018,2019
538005532,183.0,32.0,13.3,80.0,,52,2023,2023
538005535,183.0,32.0,13.3,80.0,,1104,2018,2024
538005536,183.0,32.0,11.8,80.0,,757,2018,2024
538005538,183.0,32.0,13.3,80.0,,959,2021,2022
538005539,183.0,32.0,13.3,80.0,,990,2019,2025
538005543,274.0,48.0,16.0,80.0,,32,2017,2017
538005544,225.0,32.0,14.04,70.0,,603,2015,2017
538005546,225.0,36.0,12.6,80.0,,416,2020,2020
538005550,144.0,23.0,9.0,80.0,,918,2017,2025
538005552,144.0,23.0,9.0,80.0,,45,2017,2017
538005553,144.0,22.0,9.0,80.0,,1953,2016,2024
538005554,143.0,22.0,9.0,80.0,,3082,2022,2025
538005560,128.0,21.0,5.4,89.0,,606,2025,2025
538005562,204.0,32.0,12.6,70.0,,786,2019,2021
538005564,148.0,23.0,9.8,79.0,,285,2017,2017
538005574,274.0,48.0,16.0,80.0,,519,2018,2018
538005575,274.0,48.0,16.0,80.0,,385,2020,2020
538005576,226.0,36.0,12.1,80.0,,1514,2019,2025
538005584,183.0,32.0,13.3,80.0,,897,2018,2024
538005588,285.0,50.0,16.52,89.0,,92,2015,2015
538005590,161.0,25.0,9.5,70.0,,676,2016,2016
538005592,221.0,29.0,11.4,70.0,,772,2021,2022
538005593,247.0,42.0,14.9,81.0,,47,2016,2016
538005595,183.0,32.0,13.2,89.0,,425,2017,2017
538005596,183.0,32.0,13.16,80.0,,504,2015,2015
538005598,225.0,33.0,14.3,70.0,,473,2017,2017
538005601,183.0,32.0,13.3,80.0,,359,2018,2018
538005604,177.0,28.0,10.8,70.0,,1378,2018,2022
538005605,225.0,32.0,9.7,70.0,,455,2025,2025
538005607,225.0,32.0,14.4,70.0,,480,2019,2019
538005608,183.0,32.0,13.3,80.0,,1437,2021,2024
538005609,183.0,32.0,13.3,80.0,,831,2019,2019
538005610,200.0,24.0,11.27,70.0,,361,2015,2016
538005611,200.0,24.0,11.3,70.0,,931,2017,2018
538005612,200.0,24.0,11.3,70.0,,306,2017,2017
538005613,199.0,23.0,11.3,70.0,,492,2019,2019
538005614,226.0,36.0,12.1,80.0,,935,2018,2023
538005615,226.0,36.0,12.1,80.0,,105,2020,2020
538005616,226.0,36.0,12.1,80.0,,1233,2018,2023
538005617,199.0,35.0,10.5,70.0,,436,2023,2023
538005619,229.0,32.0,14.6,70.0,,436,2021,2022
538005625,255.0,37.0,12.0,70.0,,462,2019,2019
538005626,227.0,36.0,11.0,80.0,,402,2020,2020
538005631,226.0,37.0,11.82,80.0,,265,2015,2015
538005632,226.0,36.0,11.8,80.0,,2232,2019,2022
538005633,225.0,36.0,11.8,80.0,,544,2016,2019
538005634,225.0,36.0,11.4,80.0,,1435,2018,2020
538005635,226.0,36.0,11.8,80.0,,454,2019,2019
538005650,183.0,32.0,12.2,80.0,,497,2023,2023
538005651,179.0,32.0,10.5,70.0,,1317,2019,2020
538005652,179.0,32.0,10.5,70.0,,467,2020,2020
538005654,183.0,32.0,10.7,80.0,,361,2024,2024
538005658,183.0,32.0,9.0,80.0,,1302,2020,2025
538005660,180.0,32.0,8.0,89.0,,117,2015,2015
538005661,183.0,32.0,7.6,89.0,,449,2015,2015
538005672,199.0,35.0,10.0,70.0,,177,2020,2020
538005679,183.0,32.0,13.3,80.0,,621,2021,2023
538005680,183.0,32.0,13.3,80.0,,226,2018,2018
538005687,260.0,32.0,12.62,70.0,,693,2015,2015
538005691,180.0,32.0,10.5,70.0,,795,2018,2020
538005692,179.0,,,70.0,,467,2022,2022
538005694,179.0,32.0,7.0,70.0,,2565,2021,2025
538005695,179.0,32.0,7.5,70.0,,1990,2019,2024
538005696,179.0,32.0,7.6,70.0,,2073,2018,2025
538005697,,,,70.0,,1303,2018,2021
538005699,180.0,32.0,7.0,70.0,,139,2024,2024
538005701,179.0,,,70.0,,2200,2019,2023
538005702,179.0,32.0,7.1,70.0,,1379,2021,2023
538005705,179.0,32.0,10.5,70.0,,466,2018,2018
538005707,179.0,,7.3,70.0,,835,2020,2024
538005708,179.0,,,70.0,,556,2022,2023
538005709,180.0,32.0,7.1,70.0,,987,2018,2024
538005710,180.0,32.0,10.0,70.0,,223,2022,2022
538005715,225.0,36.0,12.6,80.0,,329,2021,2021
538005716,,,,70.0,,734,2019,2021
538005723,190.0,32.0,12.9,70.0,,1395,2016,2018
538005724,190.0,32.0,12.95,70.0,,477,2015,2015
538005725,189.0,32.0,12.5,70.0,,1327,2021,2024
538005726,190.0,32.0,6.7,70.0,,128,2024,2024
538005733,299.0,48.0,11.3,70.0,,244,2024,2024
538005735,300.0,48.0,9.6,71.0,,431,2024,2024
538005740,143.0,22.0,9.2,80.0,,865,2022,2024
538005747,255.0,37.0,12.0,70.0,,228,2022,2022
538005751,255.0,37.0,10.2,70.0,,333,2024,2024
538005761,183.0,32.0,7.0,89.0,,550,2019,2025
538005762,274.0,,,80.0,,532,2016,2016
538005764,228.0,32.0,13.8,80.0,,1228,2016,2016
538005769,146.0,23.0,9.6,80.0,,218,2020,2020
538005770,184.0,27.0,11.5,80.0,,928,2019,2021
538005771,184.0,27.0,11.5,80.0,,524,2019,2021
538005772,184.0,27.0,11.5,80.0,,663,2021,2025
538005773,184.0,27.0,11.5,80.0,,834,2020,2021
538005774,184.0,27.0,11.3,80.0,,813,2018,2022
538005775,184.0,27.0,11.3,80.0,,478,2018,2024
538005776,184.0,27.0,11.5,80.0,,1153,2020,2022
538005777,184.0,27.0,11.3,80.0,,134,2018,2019
538005778,184.0,27.0,11.3,80.0,,196,2021,2021
538005779,184.0,27.0,11.3,80.0,,101,2019,2019
538005780,184.0,27.0,12.5,80.0,,419,2018,2018
538005781,184.0,,,80.0,,1086,2018,2021
538005783,184.0,27.0,11.2,80.0,,1051,2021,2024
538005784,184.0,,,80.0,,155,2019,2020
538005785,184.0,,,80.0,,417,2020,2020
538005786,184.0,,,80.0,,462,2020,2020
538005788,184.0,,,80.0,,907,2020,2023
538005795,190.0,32.0,11.7,70.0,,498,2025,2025
538005802,183.0,32.0,12.9,80.0,,1251,2018,2022
538005803,181.0,32.0,12.8,80.0,,671,2018,2023
538005804,183.0,,,80.0,,449,2019,2019
538005805,183.0,,,80.0,,294,2020,2020
538005807,183.0,,9.1,80.0,,542,2019,2024
538005809,183.0,,,80.0,,450,2019,2021
538005810,292.0,45.0,14.4,70.0,,288,2021,2021
538005811,183.0,32.0,13.3,80.0,,759,2023,2023
538005813,183.0,32.0,13.3,80.0,,154,2021,2022
538005815,182.0,32.0,12.6,80.0,,137,2019,2019
538005816,182.0,32.0,12.6,80.0,,1305,2015,2019
538005817,294.0,32.0,13.5,70.0,,526,2015,2016
538005818,294.0,32.0,13.5,71.0,,280,2015,2015
538005819,249.0,44.0,9.0,80.0,,66,2025,2025
538005823,250.0,44.0,9.2,80.0,,459,2025,2025
538005825,,,9.0,80.0,,324,2025,2025
538005836,183.0,,,80.0,,1274,2018,2019
538005837,183.0,32.0,11.6,80.0,,885,2018,2024
538005855,180.0,30.0,10.3,70.0,,2917,2018,2023
538005856,232.0,32.0,10.0,70.0,,203,2019,2019
538005860,228.0,32.0,14.5,80.0,,467,2017,2017
538005866,158.0,26.0,9.7,80.0,,1203,2018,2020
538005868,158.0,,,80.0,,311,2023,2023
538005869,184.0,27.0,11.3,80.0,,451,2018,2018
538005878,189.0,32.0,12.3,70.0,,1340,2015,2024
538005879,199.0,32.0,13.3,70.0,,1197,2018,2025
538005882,239.0,42.0,14.88,89.0,,488,2015,2015
538005884,237.0,40.0,14.4,70.0,,1828,2018,2023
538005888,335.0,42.0,14.5,70.0,,1853,2018,2021
538005899,190.0,32.0,12.6,70.0,,404,2018,2018
538005900,199.0,32.0,13.3,70.0,,1479,2021,2022
538005901,279.0,40.0,14.0,73.0,,472,2017,2017
538005902,183.0,32.0,13.0,80.0,,178,2022,2022
538005903,229.0,32.0,14.4,70.0,,741,2017,2023
538005907,199.0,32.0,10.9,70.0,,479,2024,2024
538005909,229.0,32.0,14.4,70.0,,499,2018,2020
538005911,183.0,32.0,13.3,80.0,,444,2018,2025
538005933,200.0,32.0,8.7,79.0,,140,2022,2022
538005936,169.0,27.0,9.8,70.0,,2888,2015,2025
538005937,199.0,32.0,13.3,70.0,,11,2020,2020
538005938,294.0,32.0,13.65,79.0,,900,2015,2015
538005939,179.0,32.0,12.0,80.0,,1034,2018,2019
538005945,181.0,,9.1,70.0,,1013,2025,2025
538005946,181.0,,,70.0,,567,2018,2023
538005954,179.0,29.0,10.5,70.0,,467,2021,2021
538005955,228.0,42.0,14.8,80.0,,2078,2016,2023
538005956,335.0,43.0,14.5,71.0,,951,2017,2017
538005957,170.0,27.0,9.7,70.0,,42,2023,2023
538005958,270.0,42.0,14.6,70.0,,502,2018,2021
538005959,271.0,43.0,11.6,70.0,,137,2025,2025
538005960,199.0,35.0,10.0,70.0,,479,2019,2022
538005962,227.0,32.0,14.5,80.0,,613,2022,2023
538005965,141.0,24.0,9.7,80.0,,1547,2016,2024
538005966,180.0,30.0,10.7,70.0,,445,2018,2018
538005968,199.0,32.0,11.7,70.0,,903,2019,2024
538005970,179.0,28.0,9.8,70.0,,2279,2015,2019
538005971,171.0,27.0,10.6,70.0,,2968,2015,2022
538005972,172.0,27.0,10.4,70.0,,869,2017,2017
538005973,171.0,27.0,10.6,70.0,,299,2023,2023
538005974,196.0,32.0,12.7,70.0,,2169,2021,2022
538005977,199.0,32.0,13.0,70.0,,426,2018,2018
538005981,199.0,32.0,10.0,70.0,,515,2021,2021
538005982,219.0,,,80.0,,368,2018,2018
538005983,219.0,38.0,8.1,80.0,,396,2021,2021
538005986,229.0,,7.9,70.0,,470,2024,2024
538005987,219.0,,,80.0,,500,2020,2020
538005991,183.0,32.0,13.3,80.0,,495,2021,2025
538006000,228.0,32.0,14.5,70.0,,1483,2020,2021
538006003,199.0,,,70.0,,445,2018,2019
538006005,183.0,32.0,13.3,80.0,,1289,2018,2024
538006010,183.0,32.0,13.0,80.0,,338,2019,2022
538006012,199.0,,,70.0,,460,2022,2022
538006013,199.0,32.0,7.3,70.0,,1526,2019,2025
538006032,250.0,44.0,14.4,80.0,,403,2023,2023
538006038,256.0,43.0,9.6,80.0,,278,2024,2024
538006040,180.0,,,70.0,,480,2018,2018
538006041,199.0,32.0,13.3,70.0,,720,2018,2022
538006042,199.0,32.0,13.3,70.0,,816,2022,2024
538006043,295.0,32.0,13.65,71.0,,895,2015,2016
538006045,226.0,36.0,12.1,80.0,,1063,2018,2021
538006046,226.0,,,80.0,,405,2023,2023
538006047,226.0,,,80.0,,1474,2018,2022
538006048,225.0,,,80.0,,854,2018,2022
538006050,130.0,20.0,8.3,80.0,,893,2020,2020
538006053,184.0,27.0,11.3,80.0,,934,2021,2024
538006054,229.0,32.0,14.6,70.0,,676,2017,2020
538006056,199.0,,,70.0,,287,2018,2018
538006057,225.0,32.0,14.0,70.0,,476,2016,2016
538006058,199.0,,,70.0,,251,2022,2022
538006059,199.0,,,70.0,,434,2018,2018
538006065,229.0,32.0,14.4,70.0,,457,2018,2018
538006066,211.0,32.0,12.0,71.0,,123,2015,2015
538006068,182.0,32.0,12.2,80.0,,121,2020,2020
538006069,182.0,32.0,11.1,80.0,,1496,2018,2022
538006070,175.0,,,80.0,,937,2018,2022
538006071,183.0,,,80.0,,433,2019,2020
538006083,189.0,32.0,12.8,70.0,,71,2021,2021
538006084,199.0,32.0,13.3,70.0,,470,2021,2021
538006085,181.0,,,70.0,,746,2022,2023
538006087,146.0,23.0,9.3,80.0,,4192,2015,2023
538006090,199.0,,,70.0,,452,2018,2018
538006096,198.0,32.0,13.0,70.0,,870,2020,2023
538006102,199.0,32.0,10.0,70.0,,1472,2019,2024
538006106,237.0,40.0,14.4,70.0,,1573,2019,2024
538006108,229.0,32.0,7.5,70.0,,1303,2023,2024
538006111,278.0,40.0,13.6,70.0,,333,2023,2024
538006112,184.0,,,80.0,,674,2018,2019
538006130,183.0,,9.5,80.0,,2267,2018,2025
538006131,183.0,,,80.0,,726,2018,2022
538006132,183.0,,,80.0,,464,2018,2019
538006140,199.0,32.0,7.1,70.0,,772,2019,2025
538006143,199.0,,,70.0,,470,2022,2022
538006146,228.0,35.0,12.5,70.0,,931,2024,2025
538006155,180.0,30.0,10.1,70.0,,1927,2018,2021
538006157,199.0,32.0,13.3,70.0,,546,2018,2018
538006160,183.0,32.0,13.0,80.0,,1126,2018,2023
538006161,183.0,32.0,13.3,80.0,,1635,2020,2023
538006163,198.0,32.0,13.0,70.0,,478,2020,2020
538006164,198.0,32.0,7.0,70.0,,158,2024,2024
538006166,183.0,32.0,13.3,80.0,,328,2022,2022
538006167,199.0,32.0,10.0,70.0,,392,2022,2022
538006168,183.0,32.0,13.3,80.0,,756,2019,2021
538006171,199.0,32.0,13.3,70.0,,585,2021,2021
538006172,127.0,20.0,8.71,82.0,,453,2015,2015
538006174,180.0,32.0,10.5,70.0,,1369,2019,2022
538006175,199.0,32.0,9.0,70.0,,518,2024,2024
538006177,183.0,32.0,13.3,80.0,,432,2023,2023
538006178,183.0,32.0,13.0,80.0,,1966,2018,2023
538006179,183.0,32.0,13.3,80.0,,657,2022,2025
538006180,183.0,32.0,13.3,80.0,,1048,2022,2025
538006181,181.0,32.0,8.2,70.0,,820,2020,2024
538006196,274.0,48.0,17.0,80.0,,607,2018,2023
538006197,274.0,48.0,17.0,80.0,,576,2016,2022
538006198,248.0,43.0,15.0,80.0,,15,2018,2018
538006199,248.0,43.0,15.0,80.0,,166,2019,2019
538006200,274.0,48.0,17.0,81.0,,804,2017,2022
538006202,249.0,44.0,14.9,80.0,,862,2015,2018
538006203,248.0,43.0,14.9,80.0,,353,2021,2021
538006204,248.0,43.0,15.0,80.0,,1544,2018,2024
538006206,179.0,28.0,10.1,70.0,,1397,2022,2025
538006207,230.0,32.0,12.0,70.0,,962,2021,2021
538006212,189.0,32.0,12.6,70.0,,609,2021,2023
538006215,199.0,32.0,13.0,70.0,,922,2022,2025
538006216,227.0,32.0,14.2,80.0,,347,2018,2018
538006221,228.0,32.0,14.4,70.0,,671,2021,2022
538006225,145.0,23.0,9.7,80.0,,473,2020,2021
538006226,183.0,32.0,13.3,80.0,,1204,2018,2024
538006227,199.0,32.0,10.0,70.0,,1185,2018,2022
538006235,183.0,32.0,13.1,80.0,,1561,2015,2018
538006237,165.0,26.0,10.3,80.0,,412,2019,2019
538006242,292.0,,10.9,70.0,,783,2024,2024
538006266,229.0,,,70.0,,746,2019,2019
538006267,229.0,,,70.0,,206,2018,2018
538006271,145.0,23.0,9.7,80.0,,413,2019,2023
538006275,199.0,,,70.0,,452,2022,2022
538006278,199.0,23.0,10.8,70.0,,228,2018,2018
538006284,183.0,32.0,13.3,80.0,,332,2023,2023
538006286,179.0,30.0,9.9,70.0,,1624,2020,2024
538006287,179.0,30.0,9.8,70.0,,3107,2018,2022
538006294,199.0,,,70.0,,793,2018,2023
538006297,176.0,30.0,7.4,70.0,,1391,2019,2025
538006300,294.0,32.0,13.52,70.0,,762,2015,2015
538006304,199.0,,12.1,70.0,,438,2025,2025
538006305,229.0,,,70.0,,120,2020,2020
538006307,274.0,48.0,17.0,80.0,,456,2017,2022
538006308,274.0,48.0,17.0,80.0,,217,2022,2022
538006313,333.0,,20.9,80.0,,128,2025,2025
538006326,199.0,38.0,9.5,70.0,,1004,2021,2022
538006338,228.0,32.0,14.4,70.0,,41,2018,2018
538006339,177.0,28.0,10.9,70.0,,1759,2020,2025
538006340,177.0,28.0,10.9,70.0,,1520,2018,2021
538006343,256.0,43.0,9.0,80.0,,89,2023,2023
538006344,256.0,43.0,8.8,80.0,,666,2024,2025
538006349,,,,70.0,,71,2022,2022
538006351,199.0,23.0,10.8,70.0,,75,2020,2020
538006352,170.0,27.0,9.8,70.0,,2913,2016,2019
538006358,199.0,,,70.0,,121,2019,2019
538006360,199.0,,,70.0,,447,2018,2018
538006363,234.0,38.0,7.5,70.0,,890,2019,2024
538006366,183.0,32.0,13.3,80.0,,1152,2019,2024
538006371,145.0,23.0,9.9,80.0,,786,2015,2022
538006383,229.0,,,70.0,,433,2018,2018
538006389,199.0,32.0,12.0,70.0,,117,2025,2025
538006396,189.0,32.0,12.5,70.0,,1069,2022,2023
538006397,,,,70.0,,466,2019,2019
538006404,199.0,32.0,13.0,70.0,,1454,2020,2022
538006411,199.0,,,70.0,,791,2023,2023
538006424,183.0,32.0,8.0,80.0,,421,2022,2022
538006427,229.0,32.0,8.0,70.0,,465,2024,2024
538006428,229.0,32.0,9.2,70.0,,80,2024,2024
538006430,,,7.8,70.0,,470,2025,2025
538006434,199.0,,,70.0,,474,2021,2021
538006435,199.0,,,70.0,,462,2022,2022
538006443,229.0,,,70.0,,467,2022,2022
538006446,333.0,60.0,20.7,80.0,,370,2024,2024
538006447,333.0,60.0,14.8,80.0,,3,2025,2025
538006451,229.0,32.0,8.2,70.0,,465,2025,2025
538006453,189.0,32.0,12.8,70.0,,410,2022,2022
538006457,228.0,32.0,14.0,80.0,,1185,2016,2016
538006461,227.0,32.0,14.0,80.0,,418,2022,2022
538006464,141.0,24.0,9.7,80.0,,1079,2016,2019
538006465,119.0,20.0,6.0,70.0,,502,2015,2015
538006466,189.0,,6.6,70.0,,1057,2023,2025
538006467,189.0,,,70.0,,462,2018,2018
538006471,,,,70.0,,114,2019,2019
538006473,200.0,23.0,6.5,70.0,,474,2025,2025
538006474,199.0,32.0,12.9,70.0,,1382,2018,2025
538006477,179.0,,,70.0,,955,2021,2022
538006482,179.0,28.0,10.0,70.0,,455,2019,2019
538006486,333.0,60.0,21.0,80.0,,480,2018,2018
538006488,183.0,,,80.0,,1610,2019,2022
538006489,183.0,32.0,8.3,89.0,,1471,2019,2025
538006490,183.0,32.0,8.0,80.0,,534,2024,2025
538006494,199.0,,,70.0,,179,2022,2023
538006499,183.0,,,80.0,,615,2019,2022
538006500,183.0,32.0,9.0,80.0,,940,2024,2024
538006501,183.0,,,80.0,,445,2022,2022
538006502,183.0,32.0,8.3,80.0,,3111,2019,2025
538006503,183.0,32.0,8.2,80.0,,1946,2019,2025
538006504,183.0,,,80.0,,837,2018,2020
538006505,183.0,32.0,8.9,80.0,,2530,2018,2024
538006506,183.0,32.0,8.5,80.0,,1356,2018,2025
538006507,,,,80.0,,1382,2018,2022
538006509,199.0,,,70.0,,663,2020,2023
538006519,199.0,,,70.0,,427,2020,2020
538006520,199.0,32.0,9.9,70.0,,469,2021,2021
538006521,199.0,32.0,7.3,70.0,,4,2021,2021
538006527,224.0,32.0,13.8,70.0,,1827,2019,2024
538006535,179.0,,,70.0,,683,2019,2019
538006542,184.0,27.0,10.6,80.0,,702,2020,2025
538006543,184.0,,,80.0,,384,2019,2020
538006544,184.0,,,80.0,,827,2019,2023
538006545,184.0,,,80.0,,122,2021,2021
538006546,184.0,,,80.0,,346,2019,2020
538006547,184.0,27.0,11.7,80.0,,1364,2018,2025
538006563,229.0,32.0,14.5,70.0,,454,2020,2020
538006564,293.0,40.0,14.0,70.0,,2554,2017,2021
538006566,180.0,32.0,12.6,80.0,,848,2017,2018
538006568,136.0,23.0,9.1,80.0,,2061,2016,2019
538006569,146.0,24.0,10.1,80.0,,1874,2016,2019
538006570,159.0,25.0,10.9,80.0,,1480,2016,2019
538006571,153.0,25.0,10.6,80.0,,372,2016,2018
538006573,170.0,25.0,12.0,80.0,,688,2018,2019
538006574,146.0,24.0,10.1,80.0,,1223,2016,2018
538006575,174.0,27.0,10.6,80.0,,609,2017,2020
538006587,141.0,24.0,10.0,80.0,,445,2015,2019
538006592,174.0,28.0,10.9,80.0,,1081,2017,2018
538006593,174.0,28.0,10.6,80.0,,1754,2016,2020
538006602,189.0,32.0,12.8,70.0,,184,2021,2021
538006603,190.0,32.0,6.3,70.0,,980,2016,2024
538006605,293.0,40.0,14.0,70.0,,415,2023,2023
538006612,145.0,23.0,9.9,80.0,,122,2021,2022
538006625,146.0,24.0,9.5,80.0,,913,2018,2024
538006628,287.0,45.0,17.7,70.0,,170,2017,2017
538006630,179.0,,,70.0,,172,2018,2018
538006631,69.0,,,70.0,,369,2022,2022
538006644,183.0,32.0,7.2,80.0,,1746,2019,2025
538006645,228.0,32.0,14.0,80.0,,1386,2017,2019
538006646,229.0,32.0,14.0,80.0,,353,2016,2016
538006648,,,,80.0,,415,2018,2018
538006653,199.0,32.0,13.2,70.0,,453,2022,2022
538006658,140.0,24.0,10.0,80.0,,1180,2017,2018
538006666,183.0,,,80.0,,1387,2018,2021
538006680,189.0,,,70.0,,980,2022,2023
538006683,190.0,32.0,12.6,70.0,,457,2017,2017
538006686,188.0,32.0,12.2,70.0,,499,2021,2021
538006687,190.0,32.0,12.8,70.0,,314,2017,2017
538006693,199.0,,,70.0,,342,2018,2018
538006696,249.0,,,80.0,,398,2022,2022
538006697,177.0,29.0,10.0,70.0,,650,2017,2020
538006699,274.0,,,80.0,,379,2023,2023
538006700,274.0,,,80.0,,285,2022,2023
538006703,199.0,,,70.0,,675,2019,2021
538006704,199.0,,11.8,70.0,,408,2024,2024
538006707,229.0,,,70.0,,474,2018,2022
538006708,179.0,,,70.0,,1279,2021,2023
538006709,183.0,32.0,8.2,80.0,,783,2018,2024
538006717,199.0,,,70.0,,595,2022,2022
538006719,183.0,,,80.0,,2106,2018,2021
538006742,183.0,,,80.0,,1063,2018,2023
538006743,183.0,32.0,8.0,80.0,,1745,2020,2025
538006744,183.0,,12.0,80.0,,1010,2019,2025
538006745,183.0,32.0,11.1,80.0,,3881,2019,2025
538006748,189.0,,,70.0,,1161,2019,2022
538006751,199.0,,,70.0,,678,2020,2022
538006753,199.0,23.0,10.8,70.0,,134,2023,2023
538006761,182.0,,,80.0,,928,2019,2023
538006762,182.0,,,80.0,,459,2021,2021
538006764,,,,80.0,,422,2022,2022
538006765,182.0,32.0,12.7,80.0,,1207,2017,2021
538006767,300.0,,,70.0,,134,2022,2022
538006769,251.0,,,80.0,,303,2023,2023
538006773,255.0,,,80.0,,1169,2020,2023
538006774,200.0,32.0,11.0,70.0,,457,2023,2023
538006775,183.0,,,80.0,,291,2018,2021
538006776,183.0,32.0,9.5,80.0,,267,2024,2024
538006779,200.0,23.0,10.8,70.0,,477,2020,2020
538006780,199.0,23.0,10.8,70.0,,34,2023,2023
538006783,199.0,23.0,10.8,70.0,,42,2021,2021
538006784,200.0,24.0,6.0,70.0,,708,2023,2024
538006785,199.0,23.0,10.7,70.0,,370,2020,2020
538006787,199.0,23.0,10.8,70.0,,121,2020,2020
538006791,199.0,,,70.0,,450,2018,2018
538006798,198.0,,,70.0,,866,2021,2023
538006800,229.0,,7.1,70.0,,524,2024,2024
538006801,199.0,,,70.0,,475,2022,2022
538006805,169.0,25.0,9.2,80.0,,1411,2019,2024
538006806,169.0,26.0,7.8,80.0,,1382,2018,2024
538006807,169.0,26.0,9.8,80.0,,560,2019,2024
538006808,169.0,26.0,9.9,80.0,,1025,2019,2024
538006809,169.0,26.0,8.0,80.0,,2491,2019,2025
538006810,,,,80.0,,180,2018,2018
538006811,189.0,32.0,12.8,70.0,,1737,2020,2021
538006814,199.0,32.0,7.6,70.0,,133,2024,2024
538006815,199.0,32.0,7.0,70.0,,804,2021,2023
538006816,333.0,60.0,15.7,80.0,,384,2023,2023
538006820,170.0,26.0,11.4,80.0,,799,2016,2019
538006824,182.0,,,70.0,,152,2023,2023
538006825,127.0,20.0,8.7,80.0,,707,2020,2022
538006826,127.0,20.0,8.7,80.0,,1976,2017,2022
538006827,127.0,20.0,8.7,80.0,,949,2020,2020
538006828,127.0,20.0,8.7,80.0,,430,2021,2021
538006835,225.0,,,80.0,,167,2018,2018
538006836,255.0,,,80.0,,526,2018,2020
538006837,225.0,,,80.0,,773,2020,2023
538006838,225.0,37.0,7.8,80.0,,1673,2020,2024
538006839,225.0,37.0,9.0,80.0,,1880,2022,2024
538006840,225.0,37.0,8.3,80.0,,775,2019,2025
538006841,225.0,,,80.0,,1247,2020,2023
538006844,240.0,42.0,14.9,81.0,,231,2017,2017
538006850,178.0,28.0,9.8,70.0,,2138,2017,2022
538006857,225.0,32.0,14.2,70.0,,458,2021,2022
538006859,204.0,32.0,12.6,70.0,,1310,2020,2025
538006864,198.0,32.0,10.8,70.0,,472,2024,2024
538006867,179.0,30.0,10.6,70.0,,487,2018,2020
538006871,179.0,28.0,7.2,70.0,,1640,2022,2025
538006886,199.0,,,70.0,,31,2020,2020
538006892,,,,80.0,,471,2021,2021
538006893,,,8.5,80.0,,1365,2020,2024
538006895,160.0,25.0,7.3,82.0,,366,2022,2022
538006896,,,,80.0,,468,2021,2021
538006897,159.0,27.0,9.7,80.0,,365,2022,2022
538006906,228.0,,,70.0,,843,2023,2023
538006907,133.0,23.0,8.8,80.0,,5652,2018,2025
538006916,241.0,42.0,9.2,80.0,,224,2024,2024
538006917,225.0,32.0,14.2,70.0,,121,2021,2021
538006933,292.0,,,70.0,,356,2023,2023
538006934,145.0,,9.9,80.0,,464,2024,2024
538006935,189.0,32.0,12.9,70.0,,530,2021,2021
538006940,229.0,36.0,14.1,70.0,,465,2022,2022
538006946,,,,80.0,,2235,2018,2021
538006947,,,,80.0,,82,2019,2019
538006955,147.0,24.0,9.9,82.0,,476,2024,2024
538006962,199.0,32.0,7.2,70.0,,458,2021,2021
538006967,199.0,32.0,13.0,70.0,,457,2022,2022
538006973,229.0,32.0,7.2,70.0,,159,2024,2024
538006974,228.0,37.0,9.350000000000001,80.0,,3818,2018,2025
538006975,,,,80.0,,3272,2018,2023
538006976,,,,80.0,,2324,2018,2022
538006977,228.0,37.0,9.5,80.0,,3251,2018,2025
538006978,228.0,36.0,9.4,80.0,,2048,2018,2024
538006979,,,,80.0,,1264,2020,2023
538006983,,,,70.0,,932,2019,2023
538006995,189.0,,,70.0,,468,2022,2022
538006997,199.0,,,70.0,,469,2022,2022
538007001,276.0,,,80.0,,564,2020,2022
538007004,189.0,32.0,12.8,70.0,,230,2023,2023
538007006,189.0,32.0,12.8,70.0,,1421,2020,2022
538007022,190.0,32.0,12.6,70.0,,945,2017,2017
538007023,189.0,32.0,6.7,70.0,,455,2021,2021
538007024,228.0,,,70.0,,1402,2018,2020
538007025,,,,70.0,,787,2019,2023
538007028,,,,80.0,,392,2021,2021
538007035,183.0,32.0,8.7,80.0,,2255,2019,2025
538007037,183.0,32.0,10.0,89.0,,158,2025,2025
538007038,,,,80.0,,1324,2019,2023
538007039,183.0,32.0,11.3,80.0,,323,2024,2024
538007040,183.0,32.0,7.8,80.0,,296,2022,2024
538007042,183.0,32.0,10.1,80.0,,883,2023,2024
538007043,183.0,32.0,9.3,80.0,,1062,2021,2023
538007044,183.0,32.0,7.8,80.0,,496,2024,2024
538007054,179.0,28.0,10.2,70.0,,470,2018,2018
538007059,274.0,48.0,17.0,80.0,,232,2018,2018
538007063,300.0,42.0,14.5,70.0,,1763,2017,2023
538007064,145.0,24.0,9.6,80.0,,442,2019,2021
538007067,228.0,,,70.0,,455,2018,2018
538007082,180.0,28.0,6.0,70.0,,171,2022,2022
538007086,190.0,32.0,12.8,70.0,,466,2017,2017
538007088,228.0,32.0,14.4,70.0,,104,2018,2018
538007092,199.0,,,70.0,,443,2021,2023
538007093,,,11.9,70.0,,1662,2019,2024
538007097,299.0,48.0,14.5,70.0,,828,2022,2024
538007100,199.0,32.0,11.0,70.0,,462,2025,2025
538007101,199.0,32.0,11.2,70.0,,301,2024,2024
538007104,181.0,,,70.0,,443,2022,2022
538007108,133.0,24.0,6.9,80.0,,1352,2019,2025
538007116,229.0,32.0,14.5,70.0,,373,2017,2017
538007120,180.0,28.0,8.0,70.0,,404,2022,2022
538007122,,,,70.0,,30,2022,2022
538007126,,,,80.0,,676,2018,2020
538007127,,,,80.0,,476,2019,2019
538007132,249.0,44.0,14.7,80.0,,3368,2017,2021
538007134,,,,80.0,,336,2018,2018
538007137,183.0,32.0,7.8,80.0,,133,2022,2025
538007138,,,,70.0,,178,2021,2021
538007139,,,,70.0,,427,2019,2019
538007140,147.0,24.0,9.5,80.0,,585,2017,2020
538007144,190.0,32.0,10.9,70.0,,950,2022,2024
538007145,190.0,32.0,6.8,70.0,,132,2024,2024
538007149,189.0,32.0,12.8,70.0,,867,2019,2025
538007158,189.0,32.0,12.8,70.0,,1336,2018,2022
538007166,169.0,27.0,9.8,70.0,,391,2020,2020
538007169,182.0,30.0,7.1,70.0,,461,2023,2023
538007171,174.0,28.0,10.4,80.0,,469,2020,2020
538007173,224.0,32.0,14.1,70.0,,742,2017,2024
538007185,189.0,32.0,12.6,70.0,,1018,2018,2022
538007190,200.0,32.0,7.0,70.0,,405,2025,2025
538007191,291.0,45.0,18.2,70.0,,475,2018,2018
538007193,229.0,32.0,7.2,70.0,,311,2023,2023
538007194,199.0,32.0,11.2,70.0,,1349,2016,2025
538007197,182.0,32.0,12.6,80.0,,480,2021,2021
538007198,224.0,32.0,14.1,70.0,,706,2019,2022
538007200,190.0,32.0,12.7,70.0,,444,2023,2023
538007204,144.0,24.0,9.6,80.0,,1430,2017,2023
538007209,210.0,30.0,11.5,70.0,,992,2018,2018
538007227,199.0,32.0,6.9,70.0,,1397,2018,2024
538007228,,,,70.0,,57,2018,2018
538007232,180.0,28.0,7.4,80.0,,738,2021,2024
538007233,,,,80.0,,500,2018,2018
538007235,169.0,27.0,9.8,70.0,,385,2020,2020
538007238,292.0,45.0,9.5,70.0,,465,2021,2021
538007249,199.0,35.0,10.0,70.0,,2199,2021,2024
538007251,,,,70.0,,1067,2020,2023
538007255,,,,80.0,,71,2019,2019
538007258,199.0,,9.2,70.0,,577,2020,2024
538007259,293.0,40.0,14.0,70.0,,716,2018,2018
538007262,190.0,32.0,6.4,70.0,,10,2019,2019
538007263,229.0,32.0,14.4,70.0,,476,2018,2018
538007269,179.0,,,70.0,,611,2020,2023
538007270,147.0,24.0,9.8,80.0,,2094,2019,2025
538007271,225.0,32.0,6.2,70.0,,376,2024,2024
538007272,225.0,32.0,14.0,70.0,,290,2017,2019
538007276,169.0,26.0,11.3,80.0,,1938,2017,2019
538007277,170.0,27.0,11.4,89.0,,437,2016,2016
538007278,,,,80.0,,420,2018,2018
538007280,229.0,32.0,8.5,70.0,,980,2018,2023
538007282,228.0,32.0,14.4,80.0,,382,2021,2021
538007287,179.0,28.0,9.8,70.0,,1624,2017,2021
538007288,198.0,33.0,7.6,70.0,,471,2021,2021
538007297,229.0,32.0,6.7,70.0,,914,2017,2025
538007298,199.0,32.0,7.1,70.0,,399,2024,2024
538007300,147.0,24.0,6.5,80.0,,672,2023,2025
538007308,229.0,32.0,14.4,70.0,,295,2021,2021
538007317,190.0,32.0,7.7,70.0,,385,2023,2023
538007321,123.0,16.0,2.8,70.0,,595,2024,2024
538007337,252.0,44.0,11.0,80.0,,325,2025,2025
538007339,276.0,48.0,9.8,80.0,,443,2024,2024
538007347,190.0,32.0,9.0,70.0,,955,2021,2025
538007348,,,,70.0,,446,2023,2023
538007351,224.0,32.0,14.0,70.0,,571,2020,2023
538007353,190.0,24.0,10.7,70.0,,638,2017,2021
538007356,129.0,20.0,6.6,80.0,,478,2023,2023
538007357,128.0,20.0,6.1,80.0,,35,2019,2019
538007359,128.0,20.0,8.3,82.0,,986,2022,2023
538007361,219.0,38.0,8.2,84.0,,121,2021,2021
538007376,237.0,44.0,13.7,80.0,,287,2021,2024
538007377,180.0,28.0,10.1,79.0,,461,2017,2017
538007380,169.0,27.0,9.8,70.0,,1339,2018,2019
538007384,169.0,27.0,5.3,79.0,,1264,2018,2025
538007385,,,,70.0,,676,2019,2022
538007387,169.0,27.0,9.9,70.0,,1060,2024,2025
538007389,119.0,20.0,5.5,80.0,,1488,2021,2025
538007393,190.0,32.0,12.0,70.0,,470,2017,2017
538007397,276.0,48.0,9.5,80.0,,89,2025,2025
538007403,160.0,26.0,7.5,80.0,,620,2022,2023
538007405,200.0,32.0,13.3,70.0,,477,2017,2017
538007406,199.0,32.0,13.3,70.0,,2383,2019,2024
538007408,231.0,31.0,9.6,79.0,,225,2020,2020
538007411,250.0,44.0,8.6,80.0,,541,2023,2025
538007412,225.0,32.0,9.5,70.0,,277,2018,2018
538007414,,,,70.0,,479,2021,2021
538007419,229.0,32.0,14.6,70.0,,593,2017,2023
538007439,230.0,32.0,8.7,70.0,,100,2024,2024
538007440,230.0,32.0,9.1,70.0,,873,2021,2024
538007442,170.0,27.0,9.7,70.0,,6,2018,2018
538007447,183.0,32.0,7.2,80.0,,277,2019,2019
538007449,200.0,32.0,10.1,70.0,,2079,2017,2024
538007450,200.0,32.0,8.7,70.0,,853,2018,2023
538007451,189.0,32.0,12.5,70.0,,458,2019,2019
538007454,199.0,32.0,13.3,70.0,,954,2023,2024
538007455,,,,70.0,,583,2021,2023
538007456,229.0,32.0,9.4,70.0,,194,2025,2025
538007459,190.0,32.0,7.7,70.0,,1119,2023,2025
538007461,252.0,44.0,13.2,80.0,,145,2023,2023
538007465,250.0,44.0,11.7,80.0,,1252,2021,2024
538007466,250.0,44.0,12.3,80.0,,3372,2021,2025
538007471,160.0,24.0,6.3,80.0,,413,2022,2025
538007475,180.0,30.0,6.3,70.0,,385,2021,2021
538007479,340.0,46.0,12.4,70.0,,3375,2019,2024
538007480,340.0,46.0,11.6,70.0,,3012,2018,2022
538007481,340.0,46.0,12.5,70.0,,5221,2019,2023
538007482,295.0,32.0,12.6,70.0,,723,2021,2021
538007484,294.0,32.0,13.5,70.0,,454,2022,2022
538007487,294.0,32.0,11.3,70.0,,254,2024,2024
538007497,292.0,45.0,14.3,70.0,,510,2021,2021
538007504,199.0,32.0,11.6,70.0,,167,2024,2024
538007505,199.0,32.0,13.3,70.0,,2613,2021,2025
538007506,225.0,32.0,14.0,70.0,,148,2017,2017
538007507,200.0,32.0,9.9,70.0,,828,2022,2023
538007508,,,,70.0,,102,2022,2022
538007509,199.0,32.0,13.3,70.0,,1012,2017,2022
538007510,200.0,32.0,8.8,70.0,,1333,2018,2024
538007514,177.0,28.0,6.6,70.0,,1409,2019,2024
538007517,199.0,38.0,9.1,70.0,,112,2021,2021
538007527,228.0,32.0,14.4,70.0,,471,2019,2019
538007531,199.0,32.0,10.1,70.0,,446,2021,2021
538007543,169.0,27.0,9.8,70.0,,681,2018,2019
538007545,335.0,42.0,14.5,70.0,,1188,2020,2021
538007546,336.0,43.0,12.6,72.0,,444,2018,2018
538007550,190.0,32.0,7.2,70.0,,1739,2021,2022
538007551,180.0,30.0,8.6,70.0,,464,2025,2025
538007556,,,,70.0,,503,2020,2020
538007560,175.0,28.0,9.7,70.0,,390,2024,2024
538007569,180.0,30.0,10.5,70.0,,791,2020,2024
538007573,199.0,32.0,7.8,70.0,,63,2019,2019
538007574,183.0,32.0,11.1,80.0,,105,2025,2025
538007580,179.0,28.0,8.2,70.0,,474,2023,2023
538007581,178.0,28.0,9.8,70.0,,109,2020,2020
538007582,178.0,28.0,6.6,70.0,,1718,2020,2023
538007583,179.0,28.0,7.9,70.0,,917,2018,2018
538007584,179.0,29.0,9.8,70.0,,474,2017,2017
538007585,179.0,28.0,7.7,70.0,,935,2018,2018
538007587,169.0,27.0,9.8,70.0,,494,2018,2018
538007588,169.0,27.0,9.8,70.0,,481,2022,2022
538007597,274.0,48.0,10.4,80.0,,158,2023,2024
538007598,274.0,48.0,11.7,80.0,,451,2025,2025
538007604,177.0,28.0,9.6,70.0,,680,2018,2022
538007617,238.0,32.0,10.2,73.0,,1967,2020,2022
538007622,261.0,32.0,8.3,79.0,,387,2021,2021
538007628,260.0,32.0,10.6,73.0,,2993,2022,2025
538007631,230.0,36.0,8.7,80.0,,2,2022,2022
538007634,183.0,32.0,7.8,89.0,,1278,2018,2023
538007637,190.0,32.0,10.5,79.0,,454,2024,2024
538007639,189.0,32.0,12.8,70.0,,947,2019,2021
538007640,180.0,30.0,6.7,70.0,,317,2023,2023
538007641,229.0,32.0,8.2,79.0,,230,2024,2024
538007646,250.0,44.0,10.9,80.0,,422,2018,2018
538007650,190.0,32.0,11.7,70.0,,507,2018,2020
538007654,273.0,47.0,9.5,80.0,,475,2022,2022
538007655,199.0,32.0,8.8,70.0,,476,2024,2024
538007656,199.0,32.0,12.4,70.0,,463,2023,2023
538007658,180.0,30.0,6.2,70.0,,1436,2022,2025
538007659,180.0,28.0,9.0,70.0,,320,2024,2024
538007660,180.0,28.0,10.9,70.0,,446,2021,2021
538007662,172.0,28.0,9.5,71.0,,452,2025,2025
538007666,180.0,30.0,8.3,80.0,,31,2021,2021
538007667,177.0,28.0,9.4,70.0,,422,2022,2022
538007668,138.0,21.0,8.1,70.0,,936,2020,2022
538007669,138.0,21.0,8.1,70.0,,454,2018,2018
538007675,334.0,42.0,12.4,79.0,,1043,2020,2022
538007680,260.0,32.0,10.8,79.0,,2717,2020,2025
538007681,262.0,33.0,10.7,71.0,,240,2024,2024
538007683,261.0,32.0,10.9,71.0,,42,2022,2022
538007687,189.0,32.0,9.9,79.0,,644,2022,2023
538007691,169.0,27.0,5.2,70.0,,357,2022,2022
538007708,190.0,32.0,11.7,79.0,,469,2020,2020
538007709,169.0,28.0,5.3,70.0,,927,2021,2022
538007717,189.0,32.0,6.2,79.0,,464,2019,2019
538007718,190.0,32.0,6.6,79.0,,1345,2023,2024
538007722,200.0,32.0,11.9,70.0,,638,2024,2025
538007730,190.0,32.0,10.5,70.0,,1235,2022,2022
538007731,292.0,45.0,9.1,70.0,,479,2023,2023
538007732,292.0,45.0,10.9,70.0,,370,2024,2024
538007737,229.0,32.0,8.1,70.0,,127,2021,2021
538007746,119.0,20.0,5.4,89.0,,1235,2022,2025
538007747,180.0,30.0,6.9,80.0,,626,2021,2025
538007748,148.0,24.0,5.8,80.0,,739,2019,2019
538007754,177.0,29.0,5.9,70.0,,475,2024,2024
538007755,199.0,32.0,8.0,70.0,,472,2023,2023
538007757,199.0,32.0,8.7,70.0,,609,2021,2021
538007758,199.0,32.0,8.9,70.0,,470,2021,2021
538007759,199.0,32.0,10.0,70.0,,1073,2021,2023
538007767,183.0,32.0,8.8,70.0,,93,2019,2019
538007768,183.0,32.0,8.9,71.0,,160,2018,2019
538007770,190.0,32.0,11.7,70.0,,411,2022,2022
538007785,250.0,44.0,9.8,80.0,,855,2022,2024
538007786,250.0,44.0,10.3,80.0,,453,2023,2023
538007797,277.0,48.0,12.0,80.0,,112,2025,2025
538007799,180.0,28.0,6.2,70.0,,932,2019,2019
538007802,292.0,45.0,11.4,70.0,,273,2019,2019
538007810,147.0,24.0,6.0,82.0,,40,2025,2025
538007822,210.0,32.0,11.3,70.0,,3491,2021,2025
538007824,199.0,32.0,8.2,72.0,,265,2023,2023
538007827,200.0,24.0,6.3,70.0,,268,2025,2025
538007832,146.0,24.0,8.9,82.0,,1382,2023,2025
538007835,178.0,29.0,9.1,79.0,,1239,2021,2024
538007841,160.0,26.0,7.2,80.0,,89,2025,2025
538007842,189.0,32.0,13.4,70.0,,4,2022,2022
538007843,183.0,32.0,8.5,80.0,,453,2022,2022
538007847,229.0,32.0,7.3,70.0,,227,2022,2022
538007861,190.0,32.0,9.0,70.0,,470,2021,2021
538007863,177.0,28.0,9.9,70.0,,4037,2021,2025
538007864,190.0,32.0,9.5,70.0,,436,2022,2022
538007883,183.0,32.0,8.4,80.0,,777,2021,2023
538007888,177.0,28.0,6.0,70.0,,932,2020,2020
538007893,196.0,32.0,8.8,70.0,,944,2021,2022
538007895,229.0,32.0,9.3,70.0,,136,2023,2023
538007896,183.0,32.0,10.2,80.0,,134,2024,2024
538007899,177.0,30.0,6.5,79.0,,600,2024,2025
538007909,177.0,27.0,6.8,70.0,,797,2022,2024
538007910,228.0,32.0,8.2,80.0,,807,2022,2025
538007911,229.0,32.0,8.0,89.0,,301,2018,2019
538007921,180.0,28.0,7.6,70.0,,667,2019,2022
538007932,147.0,24.0,7.9,80.0,,807,2022,2023
538007938,222.0,30.0,9.1,70.0,,1017,2021,2023
538007954,190.0,32.0,6.4,70.0,,456,2022,2022
538007961,250.0,44.0,12.3,80.0,,433,2022,2022
538007962,244.0,42.0,11.4,80.0,,326,2024,2024
538007970,180.0,30.0,7.3,70.0,,918,2022,2023
538007973,180.0,30.0,9.7,70.0,,934,2024,2025
538007974,180.0,30.0,6.1,70.0,,141,2022,2022
538007979,180.0,28.0,7.6,70.0,,461,2022,2022
538007981,200.0,32.0,10.7,79.0,,257,2023,2023
538008000,186.0,28.0,9.3,70.0,,467,2023,2023
538008003,199.0,32.0,7.0,70.0,,467,2023,2023
538008004,180.0,30.0,8.5,70.0,,982,2022,2025
538008008,228.0,34.0,10.5,89.0,,234,2024,2024
538008009,228.0,35.0,11.1,81.0,,215,2025,2025
538008010,180.0,28.0,8.0,70.0,,1724,2019,2024
538008017,180.0,30.0,9.8,70.0,,466,2021,2021
538008018,190.0,28.0,6.6,70.0,,821,2022,2022
538008020,177.0,28.0,7.0,70.0,,298,2025,2025
538008021,196.0,33.0,6.9,70.0,,142,2022,2022
538008024,177.0,28.0,7.8,70.0,,1634,2019,2023
538008028,177.0,28.0,9.8,70.0,,950,2021,2021
538008032,190.0,32.0,6.6,79.0,,432,2024,2025
538008033,199.0,32.0,11.1,70.0,,467,2021,2021
538008034,244.0,42.0,9.2,80.0,,109,2023,2024
538008046,250.0,44.0,9.6,80.0,,410,2021,2022
538008050,225.0,32.0,7.4,70.0,,327,2023,2023
538008055,225.0,32.0,7.5,79.0,,455,2019,2019
538008060,200.0,32.0,7.0,70.0,,428,2021,2021
538008064,182.0,32.0,8.1,80.0,,1005,2019,2023
538008070,243.0,42.0,12.0,80.0,,675,2024,2025
538008071,243.0,42.0,12.8,80.0,,340,2021,2022
538008072,183.0,32.0,10.1,80.0,,306,2021,2021
538008075,177.0,28.0,8.5,70.0,,795,2019,2022
538008077,230.0,36.0,7.8,81.0,,1033,2018,2020
538008078,230.0,36.0,8.3,80.0,,142,2023,2023
538008079,159.0,26.0,9.4,80.0,,179,2023,2023
538008080,190.0,32.0,11.0,70.0,,703,2023,2023
538008087,200.0,32.0,9.5,70.0,,523,2022,2022
538008092,183.0,32.0,8.0,80.0,,746,2025,2025
538008096,180.0,32.0,8.0,80.0,,32,2024,2024
538008097,183.0,32.0,7.7,89.0,,836,2019,2020
538008103,250.0,44.0,8.5,80.0,,436,2024,2024
538008114,170.0,28.0,5.8,70.0,,1667,2021,2022
538008116,183.0,32.0,10.2,80.0,,342,2021,2021
538008123,196.0,33.0,10.7,70.0,,64,2022,2022
538008124,180.0,32.0,8.5,80.0,,472,2021,2022
538008132,332.0,48.0,12.9,74.0,,717,2021,2022
538008144,200.0,32.0,8.0,70.0,,1500,2021,2024
538008150,183.0,32.0,10.4,80.0,,62,2023,2023
538008153,183.0,32.0,11.3,80.0,,670,2024,2025
538008154,183.0,32.0,8.2,80.0,,1086,2021,2025
538008165,183.0,32.0,8.6,80.0,,1825,2021,2025
538008166,183.0,32.0,8.2,80.0,,872,2023,2025
538008170,190.0,32.0,9.3,79.0,,1893,2019,2024
538008171,199.0,32.0,7.4,70.0,,966,2021,2023
538008172,199.0,32.0,9.0,70.0,,182,2023,2023
538008174,199.0,32.0,7.2,70.0,,145,2021,2021
538008187,190.0,32.0,8.4,70.0,,3740,2021,2025
538008196,252.0,44.0,12.3,80.0,,1102,2019,2021
538008198,251.0,43.0,9.2,80.0,,659,2020,2021
538008201,180.0,28.0,6.4,70.0,,887,2021,2023
538008202,147.0,24.0,7.7,82.0,,734,2021,2021
538008204,120.0,20.0,5.6,70.0,,7745,2021,2025
538008210,190.0,32.0,8.6,70.0,,382,2021,2021
538008222,292.0,45.0,11.7,70.0,,1249,2022,2022
538008224,202.0,34.0,12.9,70.0,,833,2024,2025
538008228,292.0,46.0,8.8,70.0,,345,2021,2021
538008235,180.0,32.0,8.0,80.0,,169,2021,2021
538008246,190.0,32.0,11.1,70.0,,456,2025,2025
538008247,180.0,30.0,6.2,70.0,,481,2020,2020
538008251,190.0,32.0,11.9,70.0,,28,2022,2022
538008263,145.0,24.0,9.6,82.0,,629,2021,2022
538008269,183.0,32.0,8.3,80.0,,1395,2021,2025
538008270,183.0,32.0,7.8,80.0,,286,2023,2024
538008271,183.0,32.0,11.0,80.0,,909,2023,2025
538008273,200.0,32.0,7.3,74.0,,1782,2021,2024
538008274,199.0,32.0,10.6,79.0,,936,2021,2025
538008276,199.0,32.0,11.0,70.0,,1133,2021,2023
538008281,180.0,32.0,11.8,80.0,,1103,2021,2021
538008282,180.0,28.0,10.2,70.0,,419,2025,2025
538008283,186.0,28.0,6.7,70.0,,102,2023,2023
538008296,199.0,32.0,6.5,70.0,,486,2025,2025
538008297,180.0,32.0,7.0,80.0,,792,2021,2022
538008316,333.0,60.0,14.5,80.0,,224,2023,2023
538008317,199.0,32.0,7.7,70.0,,1706,2021,2025
538008329,274.0,48.0,9.5,80.0,,264,2025,2025
538008332,274.0,48.0,9.3,80.0,,404,2025,2025
538008333,274.0,48.0,9.2,80.0,,222,2025,2025
538008339,199.0,32.0,10.9,70.0,,321,2024,2024
538008340,199.0,32.0,10.2,79.0,,231,2022,2022
538008341,199.0,32.0,9.2,70.0,,1124,2022,2023
538008342,229.0,32.0,12.0,70.0,,443,2023,2023
538008346,199.0,32.0,7.6,70.0,,999,2021,2021
538008353,180.0,28.0,6.4,70.0,,467,2021,2021
538008355,178.0,29.0,10.4,70.0,,121,2020,2020
538008358,183.0,32.0,11.1,89.0,,440,2024,2024
538008360,229.0,32.0,7.6,70.0,,166,2025,2025
538008362,175.0,29.0,8.2,70.0,,1821,2021,2023
538008368,183.0,32.0,9.6,80.0,,287,2021,2021
538008379,160.0,25.0,9.6,89.0,,824,2023,2025
538008385,199.0,32.0,8.6,70.0,,929,2022,2025
538008391,159.0,27.0,8.2,82.0,,551,2021,2021
538008393,229.0,32.0,7.5,70.0,,476,2023,2023
538008404,200.0,24.0,9.8,70.0,,1209,2023,2024
538008408,175.0,29.0,8.5,70.0,,351,2021,2021
538008409,189.0,32.0,11.9,70.0,,886,2021,2021
538008412,180.0,33.0,10.0,80.0,,498,2019,2024
538008415,186.0,32.0,7.7,80.0,,333,2021,2024
538008425,230.0,32.0,8.0,84.0,,2501,2021,2025
538008434,180.0,30.0,7.3,70.0,,1348,2022,2025
538008439,180.0,30.0,8.4,70.0,,92,2022,2022
538008454,169.0,27.0,5.2,70.0,,876,2024,2025
538008465,199.0,32.0,7.9,70.0,,48,2025,2025
538008466,197.0,32.0,6.2,79.0,,457,2023,2023
538008468,229.0,32.0,7.5,70.0,,543,2021,2023
538008470,146.0,24.0,9.7,80.0,,460,2022,2024
538008474,250.0,44.0,12.1,89.0,,453,2019,2019
538008475,183.0,32.0,7.5,80.0,,364,2023,2023
538008476,183.0,32.0,9.4,89.0,,712,2023,2024
538008477,183.0,32.0,8.0,80.0,,797,2021,2023
538008485,190.0,32.0,6.5,70.0,,118,2024,2024
538008492,199.0,32.0,7.4,70.0,,664,2024,2025
538008493,199.0,32.0,11.0,70.0,,951,2021,2024
538008495,199.0,32.0,11.0,70.0,,472,2022,2022
538008499,183.0,32.0,8.0,80.0,,583,2024,2024
538008501,183.0,32.0,9.0,81.0,,951,2021,2024
538008502,183.0,32.0,9.8,88.0,,441,2023,2023
538008505,229.0,32.0,8.8,70.0,,6,2022,2022
538008511,180.0,28.0,9.7,70.0,,800,2022,2022
538008513,159.0,26.0,6.0,80.0,,130,2024,2024
538008516,183.0,32.0,8.1,80.0,,395,2025,2025
538008519,199.0,32.0,11.9,70.0,,919,2022,2024
538008520,199.0,32.0,11.7,70.0,,760,2021,2022
538008524,229.0,32.0,9.2,70.0,,473,2023,2023
538008525,183.0,32.0,8.0,80.0,,429,2021,2023
538008537,199.0,32.0,8.6,70.0,,1221,2021,2023
538008539,225.0,32.0,7.7,70.0,,439,2024,2024
538008542,267.0,36.0,11.7,70.0,,48,2022,2022
538008559,229.0,32.0,7.4,70.0,,277,2023,2023
538008565,195.0,32.0,7.5,84.0,,223,2022,2022
538008568,185.0,32.0,6.4,70.0,,714,2021,2022
538008569,183.0,32.0,9.7,70.0,,474,2022,2022
538008572,190.0,32.0,8.7,70.0,,832,2021,2022
538008573,189.0,32.0,12.2,70.0,,736,2025,2025
538008574,190.0,32.0,7.2,70.0,,472,2021,2021
538008575,199.0,32.0,12.0,70.0,,462,2025,2025
538008578,180.0,30.0,6.2,70.0,,145,2021,2021
538008583,183.0,32.0,8.6,89.0,,1373,2024,2025
538008584,200.0,32.0,7.0,79.0,,859,2022,2025
538008585,199.0,32.0,9.1,70.0,,647,2021,2021
538008587,180.0,30.0,7.8,70.0,,1079,2021,2023
538008590,200.0,32.0,11.0,70.0,,938,2022,2023
538008591,200.0,32.0,10.1,70.0,,1806,2021,2025
538008593,263.0,32.0,8.6,71.0,,573,2020,2022
538008599,183.0,32.0,11.0,80.0,,784,2021,2022
538008601,175.0,29.0,6.9,70.0,,338,2021,2021
538008602,175.0,29.0,7.4,70.0,,293,2024,2024
538008610,180.0,30.0,7.8,70.0,,362,2024,2024
538008612,199.0,32.0,8.9,70.0,,28,2024,2024
538008625,199.0,32.0,12.0,70.0,,482,2022,2022
538008631,199.0,32.0,11.7,70.0,,1186,2021,2024
538008634,159.0,26.0,8.6,80.0,,315,2021,2022
538008636,170.0,27.0,5.2,70.0,,635,2022,2022
538008639,190.0,32.0,7.0,70.0,,228,2022,2022
538008641,200.0,32.0,9.7,70.0,,458,2022,2022
538008644,146.0,24.0,10.7,89.0,,858,2021,2024
538008647,177.0,28.0,7.1,70.0,,449,2025,2025
538008652,183.0,32.0,7.4,80.0,,200,2021,2022
538008654,180.0,28.0,8.2,70.0,,1207,2021,2022
538008655,250.0,44.0,11.4,80.0,,3,2024,2024
538008657,228.0,32.0,13.4,79.0,,838,2021,2025
538008658,180.0,28.0,5.8,70.0,,27,2021,2021
538008659,180.0,28.0,6.6,70.0,,453,2021,2021
538008664,183.0,32.0,11.9,80.0,,246,2021,2021
538008670,183.0,32.0,7.5,80.0,,1371,2020,2022
538008672,229.0,32.0,7.7,70.0,,396,2024,2024
538008673,175.0,29.0,6.2,79.0,,308,2019,2020
538008674,228.0,32.0,,89.0,,173,2020,2020
538008678,170.0,27.0,5.7,70.0,,227,2022,2022
538008682,185.0,32.0,8.0,70.0,,129,2023,2023
538008684,180.0,30.0,10.3,70.0,,881,2022,2024
538008686,274.0,48.0,12.7,89.0,,450,2019,2019
538008687,199.0,32.0,11.2,76.0,,357,2023,2023
538008689,177.0,27.0,6.4,70.0,,794,2022,2024
538008692,183.0,32.0,10.8,80.0,,386,2023,2023
538008693,183.0,32.0,11.2,89.0,,182,2023,2023
538008696,199.0,32.0,10.1,70.0,,385,2023,2023
538008698,180.0,33.0,7.0,80.0,,190,2022,2022
538008701,199.0,32.0,10.0,70.0,,504,2022,2023
538008705,169.0,25.0,8.5,80.0,,535,2021,2024
538008706,169.0,25.0,8.5,80.0,,107,2025,2025
538008707,169.0,25.0,8.3,80.0,,1209,2021,2025
538008708,169.0,25.0,8.6,80.0,,1281,2021,2024
538008712,177.0,28.0,10.2,70.0,,1056,2021,2024
538008713,250.0,44.0,11.0,80.0,,833,2021,2025
538008714,250.0,44.0,13.8,80.0,,513,2021,2022
538008717,182.0,32.0,8.1,89.0,,403,2020,2020
538008722,250.0,44.0,10.1,84.0,,881,2023,2023
538008724,180.0,28.0,8.1,82.0,,198,2021,2025
538008732,183.0,32.0,8.9,89.0,,1263,2021,2024
538008747,183.0,32.0,7.3,89.0,,100,2022,2022
538008748,190.0,32.0,12.0,70.0,,624,2024,2024
538008750,199.0,32.0,9.3,70.0,,476,2023,2023
538008751,190.0,32.0,12.1,70.0,,200,2023,2023
538008754,224.0,32.0,11.9,70.0,,6,2021,2021
538008755,257.0,32.0,11.1,70.0,,468,2022,2022
538008758,180.0,30.0,10.7,70.0,,1091,2024,2024
538008761,249.0,44.0,12.4,80.0,,378,2020,2020
538008769,179.0,28.0,10.5,70.0,,117,2024,2024
538008771,228.0,35.0,13.0,79.0,,800,2023,2025
538008774,225.0,32.0,13.9,70.0,,156,2021,2022
538008775,228.0,42.0,9.4,80.0,,206,2022,2023
538008777,229.0,32.0,6.8,70.0,,134,2024,2024
538008779,179.0,28.0,6.6,70.0,,1199,2020,2024
538008784,274.0,50.0,9.3,80.0,,20,2022,2022
538008791,190.0,33.0,12.9,70.0,,810,2023,2025
538008807,228.0,35.0,8.9,80.0,,491,2024,2024
538008808,190.0,32.0,6.8,70.0,,232,2021,2021
538008821,183.0,32.0,8.1,80.0,,420,2020,2020
538008826,183.0,32.0,8.5,80.0,,416,2022,2022
538008830,183.0,32.0,10.7,89.0,,21,2021,2021
538008833,183.0,32.0,9.1,81.0,,428,2022,2024
538008842,229.0,32.0,7.2,70.0,,484,2023,2023
538008843,195.0,32.0,8.0,89.0,,329,2025,2025
538008850,228.0,35.0,8.5,70.0,,15,2021,2021
538008852,182.0,32.0,7.5,89.0,,1775,2020,2022
538008861,228.0,32.0,14.7,89.0,,18,2023,2024
538008872,162.0,23.0,7.5,80.0,,355,2022,2022
538008882,186.0,32.0,8.3,80.0,,382,2024,2025
538008886,160.0,25.0,8.8,89.0,,172,2025,2025
538008887,160.0,25.0,8.0,80.0,,679,2021,2024
538008891,229.0,32.0,9.4,70.0,,83,2023,2023
538008892,229.0,32.0,7.0,70.0,,531,2022,2022
538008893,248.0,44.0,11.1,81.0,,491,2023,2023
538008907,197.0,32.0,12.0,70.0,,34,2025,2025
538008911,277.0,48.0,11.1,80.0,,76,2023,2023
538008921,200.0,32.0,10.5,70.0,,258,2021,2021
538008923,180.0,28.0,9.0,80.0,,790,2022,2025
538008935,229.0,32.0,7.8,70.0,,467,2022,2022
538008940,199.0,32.0,9.8,70.0,,287,2024,2025
538008941,160.0,25.0,7.5,82.0,,810,2024,2025
538008944,237.0,44.0,9.3,80.0,,1564,2022,2025
538008947,274.0,48.0,10.7,84.0,,692,2022,2024
538008954,186.0,28.0,6.1,70.0,,622,2022,2024
538008955,186.0,28.0,6.2,70.0,,201,2023,2023
538008969,180.0,29.0,6.1,70.0,,716,2020,2025
538008970,196.0,32.0,11.3,70.0,,576,2022,2022
538008971,180.0,30.0,6.3,70.0,,1027,2023,2023
538008975,178.0,29.0,10.1,70.0,,2861,2020,2025
538008978,183.0,32.0,7.5,81.0,,2458,2022,2023
538008981,180.0,30.0,9.8,70.0,,713,2022,2022
538008984,199.0,32.0,13.9,70.0,,77,2022,2022
538008989,183.0,32.0,10.3,80.0,,703,2022,2023
538008990,183.0,32.0,6.9,80.0,,446,2021,2021
538008994,229.0,32.0,7.6,70.0,,256,2024,2024
538008995,229.0,32.0,7.4,70.0,,1668,2022,2023
538008998,197.0,32.0,6.8,70.0,,238,2021,2021
538009004,185.0,32.0,7.4,80.0,,359,2021,2024
538009005,179.0,30.0,10.0,70.0,,83,2024,2024
538009010,184.0,27.0,7.7,81.0,,238,2020,2022
538009011,190.0,32.0,6.2,70.0,,148,2022,2022
538009012,185.0,27.0,7.2,89.0,,1158,2021,2025
538009013,229.0,35.0,10.8,80.0,,139,2023,2023
538009014,229.0,35.0,10.6,80.0,,768,2023,2025
538009015,190.0,32.0,6.7,70.0,,478,2025,2025
538009017,229.0,32.0,8.2,70.0,,145,2021,2021
538009018,229.0,32.0,9.0,70.0,,128,2023,2023
538009023,183.0,32.0,8.4,80.0,,137,2021,2021
538009025,185.0,27.0,8.8,80.0,,165,2021,2021
538009034,180.0,30.0,8.4,70.0,,1048,2021,2025
538009036,250.0,44.0,12.3,80.0,,154,2023,2023
538009037,250.0,44.0,12.2,80.0,,72,2023,2023
538009041,274.0,48.0,9.5,80.0,,209,2023,2023
538009042,229.0,32.0,8.7,89.0,,363,2020,2020
538009053,180.0,30.0,6.5,70.0,,1251,2022,2023
538009054,237.0,44.0,8.5,80.0,,2,2025,2025
538009055,237.0,44.0,10.9,80.0,,680,2024,2024
538009057,180.0,30.0,6.0,70.0,,76,2025,2025
538009071,180.0,30.0,6.1,70.0,,715,2023,2024
538009073,199.0,32.0,9.6,70.0,,2,2021,2021
538009081,200.0,32.0,8.0,70.0,,421,2022,2022
538009096,229.0,32.0,8.1,70.0,,592,2022,2024
538009098,183.0,32.0,11.1,80.0,,63,2023,2023
538009099,183.0,32.0,8.0,80.0,,462,2023,2023
538009109,180.0,32.0,7.6,83.0,,1004,2022,2024
538009113,198.0,32.0,6.6,70.0,,419,2022,2022
538009115,229.0,32.0,14.4,70.0,,217,2024,2024
538009117,185.0,32.0,10.6,80.0,,543,2022,2022
538009118,166.0,23.0,7.0,70.0,,298,2023,2023
538009119,199.0,32.0,11.7,70.0,,45,2021,2021
538009120,200.0,32.0,13.0,70.0,,46,2024,2024
538009124,180.0,29.0,6.9,70.0,,110,2025,2025
538009126,300.0,43.0,11.0,70.0,,516,2024,2024
538009130,200.0,32.0,8.6,70.0,,1075,2023,2025
538009131,200.0,32.0,9.2,70.0,,774,2023,2025
538009132,183.0,32.0,11.0,80.0,,1517,2023,2024
538009133,183.0,32.0,8.0,80.0,,470,2023,2025
538009134,183.0,32.0,10.4,87.0,,3,2025,2025
538009135,183.0,32.0,8.2,80.0,,791,2022,2024
538009136,183.0,32.0,9.0,80.0,,946,2025,2025
538009137,120.0,21.0,5.9,80.0,,374,2021,2021
538009143,300.0,43.0,12.8,70.0,,741,2025,2025
538009144,300.0,44.0,10.4,71.0,,727,2025,2025
538009155,190.0,26.0,10.2,70.0,,451,2023,2023
538009160,292.0,45.0,9.9,70.0,,466,2022,2022
538009163,200.0,32.0,10.7,70.0,,469,2025,2025
538009166,229.0,32.0,9.3,70.0,,476,2024,2024
538009168,189.0,28.0,9.8,70.0,,1380,2021,2025
538009176,183.0,32.0,11.6,70.0,,905,2022,2025
538009197,250.0,44.0,13.0,80.0,,390,2024,2024
538009198,250.0,44.0,11.6,80.0,,38,2022,2024
538009199,250.0,44.0,8.5,80.0,,301,2024,2024
538009200,250.0,44.0,12.2,80.0,,794,2023,2024
538009201,250.0,44.0,11.0,80.0,,405,2025,2025
538009202,250.0,44.0,8.8,80.0,,592,2025,2025
538009203,250.0,44.0,10.8,80.0,,532,2022,2023
538009204,250.0,44.0,8.7,80.0,,215,2023,2023
538009206,250.0,44.0,12.3,80.0,,351,2024,2025
538009211,250.0,44.0,9.1,80.0,,15,2025,2025
538009214,274.0,48.0,15.0,80.0,,294,2024,2024
538009215,190.0,32.0,10.5,70.0,,405,2021,2021
538009216,323.0,43.0,12.0,71.0,,1437,2021,2021
538009218,200.0,32.0,10.1,70.0,,132,2022,2022
538009219,200.0,32.0,7.3,70.0,,536,2023,2023
538009222,183.0,33.0,12.5,89.0,,256,2024,2024
538009233,183.0,32.0,11.5,89.0,,178,2022,2022
538009246,249.0,44.0,11.7,80.0,,2201,2022,2024
538009248,250.0,44.0,9.0,80.0,,587,2022,2024
538009249,250.0,44.0,12.2,80.0,,1420,2022,2025
538009250,229.0,32.0,9.2,70.0,,415,2021,2021
538009253,244.0,42.0,10.7,80.0,,465,2022,2022
538009257,190.0,32.0,10.6,70.0,,418,2025,2025
538009258,200.0,32.0,7.3,70.0,,724,2023,2023
538009271,180.0,30.0,10.1,70.0,,139,2023,2023
538009281,180.0,32.0,10.7,80.0,,335,2023,2023
538009284,180.0,28.0,6.8,70.0,,282,2024,2024
538009288,185.0,32.0,8.9,80.0,,215,2022,2022
538009294,229.0,32.0,7.1,70.0,,548,2022,2023
538009295,180.0,30.0,6.7,70.0,,378,2024,2024
538009296,180.0,30.0,6.7,70.0,,228,2022,2022
538009297,225.0,32.0,13.5,70.0,,562,2024,2025
538009298,225.0,32.0,7.5,70.0,,43,2025,2025
538009299,225.0,32.0,7.5,70.0,,108,2024,2024
538009301,288.0,45.0,14.3,70.0,,150,2022,2022
538009307,180.0,39.0,6.9,70.0,,2177,2023,2025
538009309,229.0,32.0,7.2,70.0,,468,2025,2025
538009312,189.0,32.0,7.2,70.0,,1866,2021,2025
538009316,190.0,32.0,8.6,70.0,,912,2023,2023
538009326,229.0,38.0,8.1,70.0,,467,2024,2024
538009327,229.0,38.0,11.4,70.0,,956,2022,2025
538009328,180.0,28.0,11.0,70.0,,472,2022,2022
538009331,250.0,44.0,8.6,80.0,,446,2021,2022
538009332,250.0,44.0,12.2,80.0,,1085,2021,2023
538009334,199.0,32.0,10.0,70.0,,467,2022,2022
538009338,147.0,24.0,9.7,82.0,,605,2023,2023
538009345,183.0,32.0,8.7,80.0,,848,2021,2023
538009346,159.0,27.0,8.5,89.0,,568,2021,2021
538009347,183.0,32.0,9.6,80.0,,879,2021,2023
538009348,229.0,32.0,7.3,70.0,,199,2022,2022
538009349,225.0,32.0,7.5,70.0,,316,2024,2024
538009352,200.0,32.0,11.2,70.0,,548,2023,2025
538009355,199.0,32.0,7.2,70.0,,504,2025,2025
538009359,190.0,32.0,11.0,70.0,,457,2023,2023
538009362,186.0,28.0,11.5,70.0,,1063,2023,2025
538009363,184.0,27.0,7.3,80.0,,654,2024,2025
538009364,184.0,27.0,7.1,80.0,,1177,2021,2022
538009367,184.0,27.0,7.1,80.0,,225,2023,2023
538009370,180.0,28.0,6.4,70.0,,436,2022,2022
538009371,183.0,32.0,8.3,80.0,,984,2022,2025
538009375,262.0,32.0,11.2,74.0,,1246,2022,2022
538009380,180.0,32.0,8.0,80.0,,180,2023,2023
538009383,185.0,32.0,8.5,80.0,,1269,2022,2025
538009386,176.0,30.0,6.6,70.0,,57,2023,2023
538009387,177.0,29.0,9.4,70.0,,1631,2022,2025
538009388,216.0,30.0,8.5,70.0,,308,2022,2022
538009389,190.0,32.0,11.5,70.0,,249,2022,2022
538009390,216.0,30.0,8.9,70.0,,339,2022,2023
538009392,274.0,40.0,11.8,70.0,,414,2022,2022
538009398,182.0,27.0,7.4,70.0,,2448,2023,2025
538009407,199.0,32.0,8.2,70.0,,434,2024,2024
538009411,200.0,24.0,10.6,70.0,,122,2024,2024
538009418,177.0,28.0,7.6,70.0,,508,2023,2023
538009419,176.0,28.0,6.3,70.0,,501,2021,2021
538009420,177.0,29.0,6.2,70.0,,511,2025,2025
538009421,197.0,32.0,6.3,70.0,,887,2022,2024
538009423,183.0,28.0,8.1,79.0,,2019,2021,2025
538009426,229.0,32.0,7.3,70.0,,508,2022,2025
538009428,227.0,32.0,9.0,70.0,,231,2022,2022
538009429,227.0,36.0,7.6,70.0,,470,2023,2023
538009432,225.0,32.0,7.2,70.0,,460,2022,2022
538009437,239.0,32.0,9.5,72.0,,173,2024,2024
538009438,200.0,32.0,11.7,70.0,,1364,2023,2024
538009440,183.0,32.0,12.8,80.0,,959,2022,2025
538009441,183.0,32.0,8.5,80.0,,484,2024,2025
538009442,199.0,32.0,6.5,79.0,,627,2022,2022
538009444,216.0,30.0,9.4,79.0,,440,2022,2022
538009445,225.0,32.0,7.0,70.0,,48,2022,2022
538009447,229.0,32.0,14.3,70.0,,174,2022,2022
538009469,180.0,30.0,7.6,70.0,,1349,2022,2022
538009473,227.0,31.0,9.1,80.0,,256,2025,2025
538009474,228.0,32.0,9.5,80.0,,315,2022,2022
538009480,229.0,38.0,9.0,79.0,,704,2022,2023
538009486,180.0,30.0,7.2,79.0,,1033,2022,2023
538009488,229.0,32.0,8.0,70.0,,417,2025,2025
538009497,180.0,28.0,6.3,70.0,,1237,2023,2025
538009498,180.0,28.0,7.9,70.0,,694,2022,2023
538009503,183.0,32.0,10.6,80.0,,3,2023,2023
538009509,144.0,22.0,8.7,80.0,,1038,2022,2024
538009511,147.0,24.0,7.0,80.0,,127,2023,2023
538009519,225.0,32.0,7.4,70.0,,466,2022,2022
538009528,199.0,32.0,11.7,70.0,,395,2025,2025
538009529,175.0,29.0,5.6,70.0,,234,2023,2025
538009532,145.0,24.0,6.0,80.0,,212,2023,2023
538009536,180.0,29.0,7.3,70.0,,916,2022,2025
538009539,229.0,32.0,7.1,70.0,,417,2025,2025
538009544,180.0,31.0,9.5,80.0,,415,2024,2025
538009550,145.0,23.0,10.3,89.0,,61,2025,2025
538009559,192.0,30.0,8.0,70.0,,226,2023,2023
538009560,192.0,30.0,9.4,70.0,,194,2022,2024
538009561,192.0,30.0,9.3,70.0,,240,2022,2025
538009562,192.0,30.0,9.4,70.0,,313,2022,2025
538009565,138.0,22.0,7.1,70.0,,1054,2021,2025
538009569,185.0,32.0,10.9,80.0,,142,2022,2022
538009571,184.0,32.0,7.8,80.0,,130,2022,2022
538009572,227.0,36.0,7.8,70.0,,444,2025,2025
538009575,138.0,22.0,8.7,70.0,,231,2022,2025
538009581,289.0,45.0,10.9,70.0,,463,2022,2022
538009582,185.0,32.0,9.2,80.0,,934,2022,2022
538009587,179.0,30.0,7.5,70.0,,55,2022,2022
538009588,179.0,30.0,8.3,70.0,,464,2022,2022
538009606,180.0,29.0,6.5,70.0,,469,2022,2022
538009609,199.0,32.0,8.0,70.0,,891,2023,2024
538009616,146.0,24.0,6.1,80.0,,573,2021,2022
538009620,179.0,28.0,9.1,79.0,,388,2021,2022
538009621,366.0,48.0,10.6,71.0,,316,2023,2023
538009633,229.0,32.0,8.0,70.0,,454,2021,2021
538009638,330.0,60.0,15.5,80.0,,179,2025,2025
538009651,229.0,33.0,8.7,80.0,,110,2021,2021
538009652,228.0,32.0,7.6,70.0,,155,2025,2025
538009653,183.0,33.0,11.3,80.0,,185,2022,2022
538009654,177.0,27.0,7.5,70.0,,443,2023,2023
538009655,176.0,27.0,10.3,70.0,,877,2021,2024
538009657,181.0,30.0,7.5,70.0,,339,2023,2023
538009658,200.0,32.0,6.5,70.0,,466,2023,2023
538009660,175.0,27.0,5.7,70.0,,779,2023,2024
538009662,181.0,30.0,6.1,70.0,,912,2023,2023
538009667,180.0,30.0,6.8,70.0,,472,2024,2024
538009669,178.0,28.0,8.2,79.0,,444,2022,2022
538009680,230.0,37.0,8.6,80.0,,367,2024,2024
538009684,184.0,33.0,8.0,81.0,,1199,2022,2024
538009685,184.0,33.0,7.4,82.0,,1724,2022,2024
538009686,183.0,32.0,7.7,82.0,,633,2023,2025
538009688,183.0,32.0,6.5,82.0,,71,2022,2022
538009691,180.0,28.0,10.3,70.0,,359,2023,2023
538009692,292.0,45.0,11.4,79.0,,363,2024,2024
538009707,210.0,30.0,8.5,71.0,,960,2022,2023
538009709,183.0,29.0,6.7,79.0,,909,2023,2025
538009715,185.0,32.0,8.3,80.0,,737,2024,2025
538009721,140.0,22.0,6.0,70.0,,2381,2022,2025
538009724,140.0,22.0,5.4,70.0,,421,2024,2024
538009731,167.0,28.0,7.4,70.0,,367,2025,2025
538009740,229.0,32.0,6.9,70.0,,437,2025,2025
538009741,274.0,48.0,9.2,80.0,,72,2024,2024
538009742,274.0,48.0,11.2,80.0,,395,2022,2022
538009743,274.0,48.0,11.3,80.0,,417,2024,2024
538009746,183.0,32.0,10.4,80.0,,730,2022,2024
538009748,196.0,32.0,11.7,79.0,,854,2025,2025
538009751,200.0,32.0,6.9,70.0,,661,2022,2025
538009752,200.0,32.0,7.6,70.0,,371,2023,2023
538009756,169.0,26.0,9.7,70.0,,447,2022,2022
538009775,214.0,31.0,7.4,79.0,,459,2023,2023
538009778,183.0,32.0,8.6,89.0,,763,2023,2025
538009779,183.0,32.0,9.1,82.0,,1267,2022,2024
538009780,183.0,32.0,7.3,81.0,,1070,2024,2024
538009781,180.0,32.0,7.3,89.0,,992,2025,2025
538009782,180.0,30.0,6.7,70.0,,470,2024,2024
538009785,175.0,29.0,6.4,70.0,,878,2022,2023
538009787,178.0,28.0,8.1,70.0,,917,2022,2022
538009793,199.0,32.0,7.1,70.0,,915,2024,2025
538009798,183.0,31.0,7.5,70.0,,1,2024,2024
538009811,200.0,32.0,7.1,70.0,,158,2024,2024
538009812,200.0,32.0,10.9,70.0,,157,2025,2025
538009819,250.0,44.0,8.5,80.0,,488,2022,2022
538009829,181.0,30.0,10.2,70.0,,527,2022,2022
538009837,190.0,28.0,9.9,70.0,,479,2022,2022
538009838,200.0,32.0,11.1,70.0,,3,2024,2024
538009850,244.0,42.0,12.4,80.0,,1091,2022,2025
538009852,250.0,44.0,13.7,80.0,,249,2025,2025
538009853,200.0,24.0,7.5,70.0,,1398,2022,2025
538009854,228.0,32.0,10.2,80.0,,310,2023,2023
538009867,190.0,31.0,10.7,70.0,,503,2023,2023
538009872,182.0,32.0,8.0,80.0,,923,2024,2025
538009889,117.0,18.0,7.6,80.0,,129,2025,2025
538009892,117.0,18.0,5.5,82.0,,416,2022,2022
538009898,228.0,32.0,11.2,80.0,,439,2023,2023
538009918,227.0,36.0,7.8,70.0,,100,2024,2024
538009924,180.0,29.0,7.3,80.0,,468,2023,2023
538009926,180.0,29.0,7.2,80.0,,426,2024,2024
538009931,180.0,30.0,10.1,70.0,,920,2024,2025
538009947,180.0,30.0,8.7,70.0,,395,2024,2024
538009948,200.0,32.0,11.6,70.0,,1398,2022,2024
538009955,161.0,26.0,7.2,80.0,,384,2025,2025
538009958,229.0,32.0,7.8,70.0,,731,2025,2025
538009967,200.0,32.0,10.7,70.0,,463,2025,2025
538009980,180.0,29.0,7.8,80.0,,402,2025,2025
538009983,180.0,29.0,10.0,80.0,,303,2023,2023
538009992,190.0,33.0,8.6,70.0,,332,2023,2023
538010002,185.0,32.0,8.4,80.0,,467,2023,2023
538010007,180.0,29.0,6.8,70.0,,468,2025,2025
538010011,200.0,32.0,7.7,70.0,,1004,2024,2025
538010013,330.0,60.0,11.0,80.0,,123,2024,2024
538010015,180.0,30.0,10.1,70.0,,553,2023,2023
538010016,274.0,50.0,9.6,80.0,,84,2022,2022
538010027,193.0,33.0,12.0,70.0,,1023,2022,2025
538010038,175.0,30.0,9.9,70.0,,171,2025,2025
538010040,332.0,60.0,20.3,89.0,,486,2024,2024
538010072,159.0,27.0,8.2,82.0,,1191,2023,2025
538010073,183.0,32.0,12.0,89.0,,271,2023,2023
538010080,250.0,44.0,8.4,80.0,,1095,2023,2024
538010081,200.0,32.0,6.9,70.0,,325,2024,2024
538010084,225.0,32.0,7.8,70.0,,445,2025,2025
538010092,210.0,32.0,10.8,70.0,,74,2024,2024
538010093,200.0,32.0,8.4,79.0,,457,2022,2022
538010094,184.0,30.0,9.5,70.0,,109,2023,2023
538010103,244.0,42.0,9.0,80.0,,169,2024,2025
538010117,227.0,37.0,8.2,80.0,,614,2024,2025
538010119,186.0,35.0,9.9,70.0,,13,2024,2024
538010127,183.0,32.0,8.5,89.0,,772,2024,2025
538010130,183.0,32.0,8.7,89.0,,871,2023,2025
538010136,199.0,32.0,12.0,70.0,,450,2025,2025
538010141,183.0,32.0,8.3,89.0,,921,2022,2025
538010145,229.0,32.0,7.2,70.0,,99,2023,2023
538010159,200.0,32.0,11.0,70.0,,361,2024,2024
538010172,273.0,48.0,11.7,80.0,,422,2024,2024
538010183,230.0,37.0,8.2,80.0,,297,2024,2024
538010189,200.0,32.0,11.3,70.0,,323,2024,2024
538010194,189.0,32.0,7.8,89.0,,137,2024,2024
538010196,180.0,28.0,9.2,79.0,,343,2023,2023
538010203,199.0,32.0,12.8,70.0,,491,2024,2024
538010209,184.0,27.0,10.0,80.0,,399,2023,2023
538010217,159.0,27.0,9.3,80.0,,219,2023,2023
538010226,182.0,32.0,7.0,80.0,,605,2024,2025
538010227,182.0,32.0,7.8,80.0,,350,2025,2025
538010229,244.0,42.0,11.8,80.0,,44,2023,2023
538010232,183.0,32.0,10.9,80.0,,333,2023,2023
538010246,200.0,32.0,9.5,70.0,,398,2024,2025
538010252,146.0,24.0,6.1,82.0,,110,2024,2024
538010258,65.0,16.0,4.6,70.0,,1279,2023,2023
538010259,229.0,32.0,13.5,70.0,,462,2023,2023
538010260,229.0,32.0,7.8,70.0,,481,2024,2024
538010262,132.0,21.0,9.3,80.0,,164,2023,2023
538010263,199.0,32.0,10.7,70.0,,32,2023,2023
538010268,181.0,32.0,10.7,89.0,,224,2024,2024
538010275,229.0,32.0,7.3,70.0,,252,2024,2024
538010282,147.0,24.0,7.5,82.0,,477,2025,2025
538010283,180.0,28.0,7.7,71.0,,924,2022,2025
538010292,244.0,42.0,12.6,80.0,,416,2023,2023
538010297,229.0,32.0,13.7,70.0,,380,2023,2023
538010304,199.0,32.0,13.7,70.0,,72,2025,2025
538010307,193.0,28.0,9.2,79.0,,447,2024,2024
538010308,180.0,30.0,8.5,70.0,,301,2023,2023
538010309,177.0,30.0,6.2,70.0,,453,2025,2025
538010311,193.0,28.0,8.7,70.0,,735,2023,2024
538010327,178.0,28.0,11.2,70.0,,442,2024,2024
538010349,177.0,29.0,6.7,70.0,,470,2024,2024
538010351,180.0,28.0,10.4,70.0,,136,2024,2024
538010361,250.0,44.0,13.6,80.0,,386,2024,2024
538010367,199.0,32.0,11.5,70.0,,38,2023,2023
538010370,198.0,32.0,6.5,70.0,,94,2024,2024
538010377,199.0,32.0,6.9,70.0,,537,2023,2025
538010381,179.0,30.0,11.4,70.0,,903,2023,2025
538010382,180.0,30.0,10.7,70.0,,477,2025,2025
538010389,199.0,32.0,9.4,70.0,,468,2023,2023
538010391,200.0,33.0,8.5,79.0,,350,2023,2023
538010392,178.0,29.0,8.7,70.0,,210,2025,2025
538010400,232.0,32.0,8.7,70.0,,346,2023,2025
538010415,228.0,33.0,14.2,70.0,,340,2024,2024
538010417,227.0,32.0,8.6,80.0,,820,2024,2025
538010419,228.0,32.0,8.7,80.0,,394,2024,2024
538010420,183.0,32.0,9.0,80.0,,75,2025,2025
538010422,182.0,32.0,7.2,80.0,,328,2025,2025
538010423,132.0,21.0,9.0,80.0,,301,2024,2024
538010428,190.0,32.0,11.2,70.0,,590,2023,2024
538010430,199.0,32.0,9.2,70.0,,365,2023,2023
538010432,183.0,31.0,8.3,70.0,,443,2024,2024
538010441,199.0,32.0,11.3,70.0,,470,2023,2023
538010449,183.0,32.0,8.5,89.0,,456,2025,2025
538010450,183.0,32.0,7.8,80.0,,96,2025,2025
538010458,183.0,32.0,8.3,80.0,,528,2024,2024
538010460,183.0,32.0,8.5,80.0,,1201,2024,2025
538010461,183.0,32.0,7.9,80.0,,339,2023,2023
538010462,183.0,32.0,8.0,80.0,,302,2023,2023
538010463,183.0,32.0,7.6,89.0,,433,2024,2024
538010464,183.0,32.0,7.7,80.0,,525,2023,2023
538010465,183.0,32.0,8.5,80.0,,794,2023,2025
538010469,183.0,32.0,7.7,80.0,,23,2025,2025
538010471,183.0,32.0,8.0,80.0,,365,2024,2024
538010506,200.0,32.0,11.1,70.0,,356,2023,2023
538010507,177.0,30.0,9.2,70.0,,472,2025,2025
538010510,179.0,28.0,6.7,70.0,,409,2025,2025
538010514,183.0,32.0,11.1,80.0,,234,2024,2024
538010520,182.0,31.0,10.5,70.0,,457,2025,2025
538010527,189.0,32.0,6.1,70.0,,438,2024,2024
538010528,225.0,32.0,6.8,70.0,,400,2025,2025
538010541,180.0,30.0,6.4,70.0,,649,2024,2025
538010560,139.0,25.0,9.6,82.0,,333,2023,2023
538010565,199.0,32.0,11.2,70.0,,887,2024,2024
538010588,180.0,30.0,10.1,70.0,,550,2023,2023
538010600,180.0,30.0,6.5,70.0,,55,2024,2024
538010606,199.0,32.0,6.8,70.0,,956,2024,2025
538010610,178.0,28.0,9.4,79.0,,417,2025,2025
538010617,230.0,32.0,11.9,80.0,,230,2025,2025
538010620,180.0,30.0,8.0,70.0,,1580,2023,2024
538010641,200.0,32.0,10.8,71.0,,202,2025,2025
538010649,228.0,38.0,12.6,80.0,,111,2025,2025
538010673,146.0,25.0,8.3,80.0,,403,2024,2025
538010693,186.0,35.0,10.3,71.0,,633,2024,2025
538010701,187.0,24.0,9.5,70.0,,205,2025,2025
538010703,199.0,32.0,10.6,70.0,,672,2025,2025
538010705,159.0,23.0,8.1,80.0,,1260,2024,2024
538010720,132.0,23.0,6.4,70.0,,1348,2024,2025
538010729,225.0,32.0,6.8,70.0,,155,2023,2023
538010731,179.0,32.0,6.5,70.0,,579,2025,2025
538010737,200.0,32.0,11.7,70.0,,439,2025,2025
538010740,186.0,35.0,10.1,71.0,,515,2024,2024
538010741,186.0,35.0,10.2,73.0,,71,2025,2025
538010765,225.0,32.0,14.2,70.0,,181,2025,2025
538010773,200.0,32.0,7.0,70.0,,940,2024,2025
538010799,298.0,48.0,9.5,80.0,,189,2025,2025
538010807,200.0,32.0,12.7,70.0,,104,2025,2025
538010819,190.0,30.0,10.3,70.0,,455,2025,2025
538010853,158.0,27.0,8.0,80.0,,287,2025,2025
538010871,180.0,30.0,10.0,70.0,,107,2025,2025
538010873,180.0,30.0,6.9,70.0,,901,2023,2025
538010878,179.0,30.0,10.2,80.0,,450,2025,2025
538010882,333.0,60.0,18.9,80.0,,168,2025,2025
538010890,328.0,60.0,11.8,89.0,,421,2024,2024
538010906,200.0,32.0,7.0,70.0,,320,2024,2024
538010909,200.0,32.0,11.9,70.0,,477,2024,2024
538010926,180.0,29.0,10.3,70.0,,861,2025,2025
538010927,180.0,28.0,10.3,70.0,,132,2024,2024
538010955,179.0,32.0,8.0,80.0,,101,2023,2023
538010957,183.0,31.0,6.1,70.0,,576,2024,2024
538010969,199.0,32.0,10.8,70.0,,398,2025,2025
538010983,186.0,35.0,9.8,70.0,,595,2024,2025
538010985,180.0,28.0,6.4,70.0,,111,2025,2025
538010987,180.0,28.0,6.0,70.0,,626,2024,2025
538011011,177.0,29.0,10.7,70.0,,259,2024,2025
538011019,186.0,35.0,8.9,70.0,,257,2025,2025
538011024,183.0,32.0,9.3,89.0,,466,2025,2025
538011025,190.0,30.0,10.5,70.0,,455,2024,2024
538011031,183.0,31.0,6.5,70.0,,221,2025,2025
538011036,183.0,32.0,7.2,70.0,,186,2025,2025
538011037,199.0,32.0,6.8,70.0,,509,2025,2025
538011055,143.0,24.0,9.0,80.0,,136,2025,2025
538011062,183.0,31.0,6.6,70.0,,392,2025,2025
538011079,200.0,32.0,7.3,70.0,,28,2025,2025
538011084,240.0,38.0,7.9,79.0,,3627,2024,2025
538011091,228.0,32.0,10.4,80.0,,463,2025,2025
538011105,190.0,32.0,6.8,70.0,,268,2025,2025
538011118,155.0,26.0,6.0,89.0,,292,2024,2024
538011122,190.0,32.0,10.7,70.0,,511,2024,2024
538011158,240.0,38.0,8.4,70.0,,2570,2025,2025
538011175,183.0,32.0,11.6,80.0,,378,2025,2025
538011184,180.0,30.0,10.0,70.0,,17,2025,2025
538011185,200.0,32.0,7.0,70.0,,415,2025,2025
538011187,180.0,30.0,9.4,70.0,,473,2024,2024
538011193,250.0,44.0,9.3,80.0,,158,2025,2025
538011201,164.0,23.0,10.0,82.0,,1024,2024,2025
538011207,272.0,43.0,13.5,71.0,,106,2025,2025
538011210,227.0,36.0,7.5,70.0,,435,2025,2025
538011221,199.0,32.0,8.9,70.0,,365,2025,2025
538011229,186.0,28.0,6.5,70.0,,131,2024,2024
538011287,183.0,32.0,8.2,80.0,,224,2025,2025
538011295,180.0,30.0,6.4,70.0,,925,2025,2025
538011299,229.0,32.0,7.5,70.0,,103,2025,2025
538011323,182.0,27.0,10.7,73.0,,178,2025,2025
538011332,183.0,32.0,7.8,89.0,,30,2024,2024
538011395,180.0,30.0,10.2,70.0,,101,2025,2025
538011418,186.0,28.0,10.9,70.0,,380,2025,2025
538011421,158.0,27.0,7.4,80.0,,69,2025,2025
538011447,250.0,44.0,8.2,80.0,,214,2025,2025
538011568,180.0,32.0,11.0,70.0,,465,2025,2025
538011576,229.0,32.0,7.4,70.0,,458,2025,2025
538011585,277.0,48.0,9.6,80.0,,260,2025,2025
538011640,177.0,30.0,6.7,70.0,,432,2025,2025
538011651,180.0,30.0,6.3,70.0,,20,2025,2025
538011690,331.0,60.0,11.0,80.0,,56,2025,2025
538011713,183.0,32.0,11.3,89.0,,409,2025,2025
538011727,199.0,32.0,7.1,70.0,,114,2025,2025
538011739,180.0,28.0,6.2,70.0,,68,2025,2025
538011808,200.0,33.0,6.9,70.0,,102,2025,2025
538011822,183.0,32.0,7.5,82.0,,86,2025,2025
538012009,182.0,32.0,8.0,80.0,,402,2025,2025
538012085,174.0,28.0,7.1,89.0,,450,2025,2025
538071499,30.0,8.0,,88.0,,4551,2023,2025
538090091,193.0,28.0,11.2,70.0,,1635,2015,2018
538090116,192.0,27.0,11.4,70.0,,1796,2015,2016
538090118,261.0,32.0,13.0,71.0,,317,2016,2016
538090124,193.0,28.0,11.2,79.0,,422,2015,2015
538090127,208.0,30.0,11.4,71.0,,287,2016,2016
538090149,294.0,32.0,13.6,70.0,,142,2016,2016
538090151,192.0,27.0,11.2,70.0,,761,2018,2019
538090152,192.0,27.0,11.2,70.0,,308,2019,2019
538090153,193.0,28.0,11.2,70.0,,1150,2015,2019
538090155,215.0,32.0,6.6,70.0,,467,2015,2015
538090156,193.0,28.0,11.2,79.0,,2948,2015,2019
538090158,274.0,48.0,17.1,80.0,,842,2018,2019
538090170,176.0,31.0,10.1,80.0,,167,2016,2016
538090175,274.0,48.0,17.1,80.0,,932,2017,2019
538090188,274.0,48.0,17.1,80.0,,695,2015,2018
538090209,229.0,32.0,14.52,89.0,,865,2015,2015
538090253,229.0,32.0,14.5,80.0,,254,2016,2016
538090254,228.0,32.0,14.5,80.0,,436,2018,2018
538090261,192.0,27.0,11.4,70.0,,1717,2015,2018
538090269,182.0,32.0,12.22,80.0,,977,2015,2016
538090277,239.0,42.0,14.9,80.0,,2263,2015,2016
538090279,228.0,32.0,8.1,80.0,,231,2017,2017
538090289,194.0,28.0,10.8,79.0,,380,2015,2015
538090298,183.0,32.0,12.2,80.0,,826,2018,2018
538090300,174.0,29.0,12.3,80.0,,212,2015,2017
538090301,181.0,32.0,12.2,80.0,,1364,2016,2019
538090308,227.0,32.0,13.7,80.0,,498,2016,2023
538090313,229.0,32.0,14.5,89.0,,843,2015,2017
538090316,229.0,32.0,14.5,80.0,,857,2015,2018
538090338,175.0,31.0,11.1,80.0,,470,2018,2018
538090362,183.0,28.0,11.0,71.0,,1512,2015,2017
538090363,228.0,32.0,14.5,80.0,,1370,2020,2025
538090373,183.0,28.0,11.0,71.0,,899,2017,2018
538090382,228.0,32.0,14.48,80.0,,999,2015,2025
538090383,228.0,32.0,14.5,80.0,,445,2018,2018
538090401,121.0,20.0,8.7,80.0,,432,2019,2019
538090402,190.0,32.0,12.55,70.0,,447,2015,2015
538090450,294.0,32.0,13.5,71.0,,522,2016,2016
538090474,118.0,20.0,6.45,80.0,,815,2015,2015
538090492,261.0,32.0,12.6,70.0,,1792,2016,2019
538090507,145.0,20.0,8.4,80.0,,476,2018,2018
538090510,184.0,27.0,11.5,80.0,,472,2019,2019
538090511,184.0,27.0,11.5,80.0,,398,2019,2019
538090513,184.0,27.0,7.8,81.0,,2060,2018,2020
538090520,199.0,32.0,11.7,70.0,,472,2021,2021
538090521,146.0,24.0,9.6,80.0,,540,2018,2019
538090522,260.0,32.0,12.6,70.0,,1713,2019,2019
538090529,196.0,28.0,9.6,70.0,,971,2018,2019
538090538,180.0,30.0,7.3,70.0,,1907,2021,2025
538090545,150.0,23.0,7.3,80.0,,172,2020,2020
538090555,190.0,32.0,7.0,79.0,,836,2021,2025
538090556,180.0,30.0,7.1,70.0,,59,2023,2023
538090557,180.0,30.0,6.5,70.0,,72,2022,2022
538090564,185.0,29.0,10.9,70.0,,702,2021,2022
538090565,185.0,29.0,11.3,70.0,,971,2021,2022
538090572,175.0,29.0,6.7,70.0,,1073,2022,2023
538090573,174.0,28.0,7.4,70.0,,750,2021,2022
538090581,180.0,30.0,7.3,70.0,,981,2023,2024
538090582,240.0,32.0,9.8,71.0,,333,2021,2021
538090604,193.0,28.0,10.4,70.0,,221,2022,2022
538090606,172.0,27.0,9.5,70.0,,777,2022,2023
538090614,179.0,32.0,9.7,70.0,,1177,2022,2025
538090615,182.0,32.0,7.0,80.0,,192,2025,2025
538090616,183.0,32.0,12.2,80.0,,136,2024,2024
538090627,230.0,32.0,7.5,80.0,,437,2023,2023
538090634,183.0,32.0,8.0,80.0,,9,2025,2025
538090640,180.0,30.0,7.8,70.0,,494,2024,2024
538090660,180.0,32.0,8.3,70.0,,463,2024,2024
538090663,180.0,32.0,9.7,70.0,,354,2024,2024
538090673,177.0,28.0,8.7,70.0,,871,2024,2025
548263500,148.0,23.0,7.5,70.0,,383,2021,2021
548612000,225.0,32.0,14.02,70.0,,480,2015,2015
548651000,145.0,24.0,10.2,80.0,,208,2024,2024
548652000,189.0,32.0,12.2,70.0,,1205,2024,2025
548667000,149.0,22.0,5.2,70.0,,151,2015,2015
548688000,229.0,32.0,6.9,70.0,,474,2022,2022
548691000,183.0,32.0,8.4,80.0,,14,2025,2025
548695000,170.0,26.0,10.2,70.0,,478,2015,2015
548740000,140.0,25.0,8.44,70.0,,485,2015,2015
548743000,179.0,30.0,10.7,70.0,,968,2024,2024
548755000,229.0,32.0,,79.0,,192,2016,2016
548767000,145.0,23.0,9.7,80.0,,228,2020,2020
548775000,145.0,23.0,9.7,80.0,,316,2021,2021
548777000,146.0,24.0,9.66,89.0,,346,2015,2015
548779000,174.0,28.0,11.02,82.0,,439,2015,2015
548798000,190.0,32.0,12.45,70.0,,478,2015,2015
548799000,174.0,28.0,11.0,80.0,,1341,2017,2020
548802000,225.0,32.0,7.1,70.0,,471,2016,2016
548822000,190.0,32.0,12.7,70.0,,946,2015,2015
548860000,235.0,32.0,14.6,79.0,,569,2016,2016
548862000,235.0,32.0,8.0,70.0,,474,2016,2016
548876000,199.0,32.0,13.3,70.0,,449,2022,2022
548881000,179.0,29.0,10.5,70.0,,889,2018,2020
548886000,190.0,32.0,12.3,79.0,,1272,2015,2019
548891000,177.0,28.0,10.0,70.0,,115,2016,2016
548893000,177.0,28.0,10.8,70.0,,1414,2018,2019
548896000,188.0,32.0,12.2,70.0,,154,2016,2016
548898000,188.0,32.0,12.17,70.0,,478,2015,2015
548899000,179.0,30.0,10.6,70.0,,902,2021,2022
548901000,145.0,23.0,9.7,80.0,,132,2019,2019
548907000,179.0,30.0,10.6,70.0,,177,2021,2021
548910000,179.0,30.0,10.6,70.0,,1004,2020,2024
548912000,186.0,32.0,6.4,70.0,,120,2021,2021
548913000,179.0,30.0,10.6,70.0,,2226,2018,2022
548919000,169.0,27.0,9.8,70.0,,729,2015,2017
548922000,179.0,30.0,10.6,70.0,,516,2018,2020
548925000,145.0,,,80.0,,806,2018,2019
548936000,179.0,,,70.0,,101,2018,2018
548937000,179.0,30.0,7.1,70.0,,1313,2022,2024
548940000,179.0,30.0,8.6,70.0,,1056,2021,2025
548942000,179.0,,,80.0,,520,2018,2021
548944000,149.0,,,80.0,,102,2018,2018
548946000,180.0,30.0,7.1,70.0,,2102,2022,2025
548947000,,,,70.0,,476,2021,2021
548950000,,,,70.0,,486,2019,2019
548954000,180.0,30.0,7.3,70.0,,1722,2019,2024
548961000,,,,70.0,,740,2018,2023
548962000,179.0,30.0,11.2,70.0,,452,2025,2025
548965000,228.0,32.0,11.6,80.0,,236,2021,2021
548972000,146.0,24.0,7.2,82.0,,305,2022,2022
548976000,180.0,30.0,9.3,70.0,,664,2022,2022
548978000,229.0,32.0,14.1,70.0,,294,2022,2022
548980000,180.0,30.0,10.5,70.0,,504,2022,2023
548983000,200.0,32.0,12.5,70.0,,123,2022,2022
548984000,229.0,32.0,8.0,70.0,,686,2023,2024
548986000,180.0,30.0,8.7,70.0,,901,2021,2022
548989000,229.0,32.0,7.3,70.0,,268,2021,2021
548991000,200.0,32.0,12.8,70.0,,202,2024,2025
548993000,200.0,32.0,13.0,70.0,,450,2022,2022
548994000,146.0,24.0,8.9,83.0,,367,2020,2020
548995000,180.0,30.0,7.2,70.0,,471,2021,2021
563000100,159.0,24.0,7.0,89.0,,1042,2021,2025
563000300,,,,80.0,,433,2020,2020
563000400,334.0,42.0,14.0,70.0,,3005,2016,2024
563000500,335.0,42.0,14.0,70.0,,3006,2017,2023
563000600,334.0,42.0,14.5,70.0,,1895,2016,2024
563000700,334.0,42.0,14.5,70.0,,3725,2016,2025
563000800,335.0,42.0,14.0,70.0,,2158,2016,2021
563000900,334.0,42.0,14.0,70.0,,3513,2016,2022
563001100,335.0,42.0,14.0,70.0,,2660,2017,2019
563001200,335.0,42.0,14.5,70.0,,4673,2017,2021
563001700,299.0,48.0,12.7,70.0,,1098,2021,2023
563001900,180.0,30.0,6.7,70.0,,752,2018,2025
563002100,299.0,48.0,12.2,71.0,,927,2021,2024
563002500,235.0,38.0,14.5,70.0,,314,2016,2016
563002600,182.0,32.0,12.6,80.0,,808,2018,2021
563002700,200.0,32.0,11.0,70.0,,457,2025,2025
563004200,300.0,48.0,12.2,70.0,,4317,2024,2024
563005200,120.0,21.0,5.5,80.0,,945,2022,2025
563005500,,,,70.0,,1442,2018,2022
563005600,186.0,27.0,10.9,70.0,,800,2022,2023
563006200,,,,70.0,,271,2022,2022
563006800,299.0,48.0,12.9,70.0,,375,2024,2024
563007100,199.0,32.0,12.0,70.0,,439,2024,2024
563008300,300.0,49.0,11.3,70.0,,474,2022,2022
563008500,,,7.5,70.0,,267,2024,2024
563008700,,,,70.0,,1042,2019,2022
563010700,,,,80.0,,575,2018,2023
563012100,189.0,32.0,12.5,70.0,,1287,2017,2022
563012500,199.0,32.0,6.9,70.0,,503,2018,2025
563013300,179.0,27.0,11.0,80.0,,1064,2019,2025
563013400,,,,70.0,,968,2019,2020
563013800,160.0,25.0,7.2,89.0,,1478,2021,2025
563014500,234.0,38.0,14.5,70.0,,242,2019,2019
563014600,120.0,21.0,4.8,80.0,,39,2023,2025
563014700,190.0,32.0,7.5,70.0,,470,2018,2018
563015200,183.0,32.0,10.7,80.0,,374,2024,2024
563015400,,,,70.0,,460,2023,2023
563015800,229.0,32.0,7.2,70.0,,204,2021,2021
563016100,228.0,32.0,9.5,80.0,,320,2024,2024
563016600,200.0,32.0,7.2,70.0,,1091,2025,2025
563016700,,,13.5,70.0,,595,2019,2025
563018500,200.0,36.0,7.2,70.0,,466,2021,2021
563019500,199.0,32.0,13.6,70.0,,140,2024,2024
563019800,180.0,28.0,9.1,80.0,,2884,2019,2024
563020100,199.0,32.0,10.8,70.0,,451,2025,2025
563020300,183.0,32.0,11.2,80.0,,1048,2018,2024
563020400,365.0,51.0,12.7,70.0,,1493,2022,2024
563020500,199.0,32.0,8.7,70.0,,1142,2022,2024
563020800,159.0,24.0,7.1,80.0,,1844,2021,2024
563021600,,,,70.0,,749,2019,2021
563022200,333.0,60.0,20.8,80.0,,87,2021,2021
563022600,126.0,20.0,5.5,80.0,,357,2022,2022
563022700,183.0,32.0,10.4,80.0,,1213,2018,2025
563022800,183.0,32.0,11.4,80.0,,428,2018,2025
563024600,189.0,31.0,8.8,71.0,,570,2022,2023
563024800,189.0,30.0,9.1,71.0,,505,2025,2025
563024900,189.0,30.0,8.8,74.0,,793,2021,2024
563025500,,,,70.0,,269,2022,2022
563025600,338.0,46.0,13.5,71.0,,2515,2020,2025
563025800,,,,70.0,,123,2021,2021
563026400,180.0,29.0,7.7,80.0,,116,2023,2023
563027400,199.0,32.0,6.7,70.0,,54,2024,2024
563027500,230.0,32.0,7.9,80.0,,1956,2021,2025
563028400,,,,70.0,,476,2020,2020
563029200,190.0,32.0,11.3,70.0,,1954,2020,2024
563029700,229.0,32.0,14.7,70.0,,419,2018,2018
563029900,365.0,51.0,12.7,70.0,,3010,2021,2025
563030100,179.0,32.0,12.6,80.0,,282,2018,2018
563031000,179.0,30.0,10.3,70.0,,875,2018,2021
563032100,160.0,24.0,7.3,80.0,,2169,2024,2025
563032700,331.0,43.0,14.5,70.0,,4438,2017,2024
563032900,332.0,43.0,12.7,71.0,,479,2024,2025
563033000,334.0,45.0,14.2,70.0,,5367,2016,2024
563033300,160.0,24.0,7.5,80.0,,168,2022,2022
563033400,200.0,32.0,6.6,70.0,,807,2023,2023
563033900,183.0,32.0,8.2,80.0,,1054,2022,2024
563034100,,,7.8,80.0,,447,2022,2024
563036300,119.0,23.0,6.1,80.0,,3452,2021,2025
563036700,180.0,27.0,7.0,82.0,,798,2022,2025
563037200,183.0,32.0,8.0,80.0,,509,2020,2020
563039400,190.0,32.0,9.4,70.0,,1847,2019,2023
563042300,180.0,30.0,7.6,70.0,,410,2021,2021
563043700,199.0,30.0,7.7,70.0,,438,2024,2024
563043900,230.0,32.0,8.1,80.0,,1662,2022,2024
563046800,180.0,28.0,9.4,80.0,,968,2021,2025
563047500,250.0,44.0,9.3,80.0,,791,2024,2024
563047700,183.0,32.0,11.7,81.0,,522,2024,2024
563048400,335.0,44.0,13.1,70.0,,1510,2021,2024
563048700,146.0,25.0,7.0,80.0,,82,2023,2023
563049600,183.0,32.0,8.5,80.0,,783,2019,2023
563049700,186.0,28.0,7.3,70.0,,1727,2021,2025
563050100,208.0,30.0,9.7,71.0,,412,2025,2025
563050400,272.0,40.0,10.9,70.0,,1369,2022,2025
563050500,230.0,37.0,10.4,71.0,,3990,2022,2025
563050600,272.0,40.0,10.1,71.0,,495,2025,2025
563050800,229.0,32.0,11.7,70.0,,436,2021,2021
563051100,300.0,48.0,11.4,71.0,,804,2021,2022
563051200,272.0,40.0,11.7,70.0,,1423,2018,2025
563051300,272.0,40.0,10.1,70.0,,732,2019,2023
563051400,272.0,40.0,12.1,71.0,,762,2022,2024
563051500,230.0,37.0,9.5,71.0,,1722,2023,2025
563051700,272.0,40.0,10.7,71.0,,4363,2018,2025
563051800,272.0,40.0,10.8,70.0,,3574,2019,2025
563052100,272.0,40.0,12.2,70.0,,3180,2018,2025
563052200,286.0,40.0,11.5,73.0,,475,2018,2018
563052300,287.0,40.0,10.2,71.0,,234,2018,2018
563052400,272.0,40.0,11.4,79.0,,1338,2018,2023
563052500,272.0,40.0,11.9,70.0,,2571,2018,2024
563053500,250.0,44.0,8.9,80.0,,883,2022,2023
563053600,190.0,32.0,11.7,70.0,,66,2025,2025
563053900,190.0,32.0,6.9,70.0,,988,2022,2023
563054100,180.0,27.0,7.2,80.0,,371,2023,2023
563054200,145.0,24.0,6.7,80.0,,140,2023,2023
563054800,159.0,27.0,8.4,82.0,,1060,2021,2025
563056300,177.0,29.0,7.5,70.0,,419,2021,2021
563056500,185.0,32.0,11.5,70.0,,1373,2019,2025
563057700,180.0,30.0,8.1,70.0,,472,2022,2022
563058600,167.0,26.0,5.7,70.0,,3827,2021,2023
563059900,159.0,27.0,8.8,80.0,,110,2025,2025
563061100,136.0,22.0,8.6,82.0,,1400,2022,2024
563061300,336.0,46.0,12.0,72.0,,2503,2019,2025
563061900,200.0,32.0,6.8,70.0,,594,2022,2023
563062200,299.0,48.0,13.2,70.0,,1932,2021,2024
563062300,300.0,48.0,12.3,70.0,,2008,2021,2024
563062400,147.0,23.0,6.5,80.0,,270,2022,2022
563063600,183.0,32.0,8.8,80.0,,220,2022,2022
563063800,183.0,32.0,8.3,80.0,,385,2021,2021
563064900,179.0,27.0,7.8,80.0,,1826,2021,2024
563065100,181.0,32.0,11.3,80.0,,937,2021,2023
563066900,230.0,37.0,9.9,79.0,,3540,2022,2025
563069200,250.0,44.0,13.6,80.0,,539,2022,2022
563070500,179.0,27.0,8.2,80.0,,2294,2021,2025
563070600,149.0,24.0,10.2,80.0,,448,2022,2022
563070700,199.0,32.0,6.8,70.0,,448,2022,2022
563071400,180.0,28.0,8.1,82.0,,1510,2021,2024
563071600,186.0,32.0,11.3,80.0,,502,2023,2023
563071900,229.0,32.0,7.4,70.0,,479,2021,2023
563073100,180.0,32.0,6.6,70.0,,815,2022,2022
563073500,366.0,51.0,14.0,71.0,,142,2022,2022
563073600,182.0,32.0,8.0,80.0,,945,2021,2025
563073700,299.0,40.0,12.1,71.0,,3288,2019,2025
563073800,292.0,32.0,10.9,70.0,,2453,2019,2024
563074100,183.0,32.0,8.1,80.0,,546,2020,2020
563074600,250.0,44.0,9.2,80.0,,149,2022,2022
563074700,182.0,32.0,9.2,80.0,,1163,2023,2025
563076200,292.0,32.0,10.6,71.0,,4646,2019,2024
563076300,292.0,32.0,12.1,71.0,,2903,2019,2024
563076400,225.0,32.0,7.2,70.0,,710,2021,2024
563077000,179.0,32.0,9.6,70.0,,32,2022,2022
563077200,180.0,28.0,9.6,81.0,,1203,2022,2024
563077400,292.0,32.0,11.0,71.0,,368,2025,2025
563077500,229.0,32.0,7.3,70.0,,407,2021,2021
563077600,149.0,24.0,9.8,80.0,,912,2022,2024
563077800,300.0,43.0,13.5,74.0,,2253,2019,2025
563079000,294.0,32.0,13.5,79.0,,778,2015,2016
563079400,229.0,32.0,7.3,70.0,,476,2023,2023
563081100,230.0,32.0,7.4,80.0,,508,2021,2021
563081200,229.0,32.0,8.0,70.0,,746,2023,2023
563081300,180.0,32.0,7.5,80.0,,338,2021,2021
563081500,142.0,21.0,7.8,84.0,,205,2019,2022
563082600,179.0,27.0,9.0,80.0,,434,2022,2025
563084400,347.0,42.0,12.2,71.0,,253,2023,2024
563084800,300.0,43.0,13.4,71.0,,438,2021,2021
563084900,140.0,24.0,6.8,80.0,,103,2023,2023
563085200,183.0,32.0,10.5,80.0,,1444,2021,2022
563087500,143.0,22.0,6.9,84.0,,301,2020,2020
563087800,183.0,32.0,8.2,80.0,,103,2022,2022
563087900,229.0,32.0,7.1,70.0,,2,2022,2022
563088000,229.0,38.0,12.7,70.0,,453,2015,2015
563088800,230.0,32.0,8.1,82.0,,160,2021,2021
563089500,199.0,32.0,9.9,70.0,,910,2022,2025
563089800,183.0,32.0,8.4,80.0,,890,2021,2023
563090200,349.0,46.0,12.6,71.0,,2166,2020,2023
563090300,366.0,48.0,14.5,71.0,,1861,2022,2023
563090400,366.0,48.0,14.2,70.0,,1246,2023,2024
563090500,366.0,48.0,14.8,71.0,,277,2022,2022
563090600,149.0,24.0,7.1,80.0,,329,2023,2023
563091300,147.0,24.0,8.0,80.0,,710,2022,2023
563091600,183.0,32.0,7.0,80.0,,90,2025,2025
563091900,140.0,24.0,6.1,80.0,,396,2023,2023
563092400,183.0,32.0,9.0,89.0,,345,2023,2023
563093300,199.0,32.0,7.1,70.0,,122,2022,2022
563093400,175.0,28.0,7.2,82.0,,1201,2020,2023
563093600,183.0,32.0,11.8,80.0,,533,2025,2025
563093900,178.0,32.0,6.6,80.0,,1583,2022,2023
563094500,200.0,32.0,6.9,70.0,,754,2023,2024
563096100,174.0,28.0,10.6,80.0,,503,2022,2023
563096200,180.0,30.0,6.3,70.0,,368,2022,2024
563096500,196.0,32.0,8.8,71.0,,8,2022,2022
563096600,183.0,32.0,10.1,80.0,,1026,2023,2023
563096700,300.0,43.0,12.6,73.0,,1584,2020,2025
563097700,230.0,36.0,8.3,80.0,,1785,2021,2024
563098500,182.0,32.0,10.8,80.0,,293,2021,2022
563098900,179.0,27.0,10.1,70.0,,1806,2021,2025
563099200,183.0,32.0,8.4,80.0,,254,2023,2023
563099500,180.0,32.0,8.6,70.0,,1354,2021,2024
563099800,230.0,37.0,7.7,80.0,,651,2022,2024
563100600,230.0,36.0,8.3,89.0,,753,2021,2025
563101000,183.0,,,80.0,,770,2020,2020
563101300,230.0,37.0,7.9,80.0,,792,2023,2024
563103000,183.0,32.0,8.7,80.0,,876,2023,2025
563103200,230.0,37.0,11.4,71.0,,285,2022,2022
563103500,181.0,32.0,7.3,80.0,,42,2022,2022
563103900,179.0,27.0,8.7,70.0,,1617,2021,2024
563104400,170.0,26.0,11.6,80.0,,213,2023,2023
563104800,229.0,32.0,7.4,70.0,,321,2022,2022
563105100,200.0,32.0,12.4,70.0,,7,2023,2023
563105300,183.0,32.0,8.0,80.0,,123,2024,2024
563105500,159.0,27.0,9.4,82.0,,389,2022,2022
563107400,200.0,32.0,9.3,70.0,,1030,2021,2025
563108000,366.0,48.0,15.5,70.0,,473,2017,2017
563108400,228.0,38.0,8.5,80.0,,545,2021,2021
563108600,183.0,35.0,10.8,80.0,,762,2022,2024
563108700,180.0,30.0,6.2,70.0,,113,2025,2025
563108800,229.0,32.0,7.5,70.0,,76,2022,2022
563108900,199.0,32.0,11.8,70.0,,16,2022,2022
563109700,180.0,30.0,7.7,70.0,,889,2022,2025
563109900,183.0,32.0,10.8,80.0,,2058,2021,2025
563110100,183.0,32.0,9.0,80.0,,1001,2023,2025
563111000,366.0,48.0,15.5,70.0,,928,2016,2017
563112000,119.0,20.0,7.3,80.0,,1210,2019,2020
563112100,189.0,32.0,9.7,70.0,,427,2021,2021
563112300,183.0,32.0,11.6,80.0,,390,2021,2021
563112400,225.0,32.0,7.7,70.0,,384,2021,2021
563112700,180.0,28.0,7.2,70.0,,533,2021,2025
563113100,183.0,32.0,7.6,80.0,,682,2024,2024
563113500,183.0,35.0,10.9,80.0,,870,2022,2023
563113600,183.0,32.0,7.8,80.0,,104,2024,2024
563113900,189.0,30.0,6.8,70.0,,1873,2021,2023
563114300,183.0,32.0,8.9,80.0,,74,2024,2024
563114800,200.0,32.0,12.2,70.0,,475,2025,2025
563115000,180.0,32.0,12.5,80.0,,708,2017,2022
563115200,180.0,30.0,6.2,70.0,,912,2021,2021
563116200,180.0,30.0,8.4,70.0,,362,2023,2023
563117800,145.0,24.0,9.7,82.0,,663,2022,2025
563117900,180.0,27.0,7.3,82.0,,399,2022,2022
563118100,186.0,34.0,9.3,70.0,,452,2021,2021
563119000,210.0,30.0,11.5,70.0,,442,2023,2025
563119100,134.0,22.0,8.2,80.0,,1689,2021,2023
563119300,183.0,35.0,9.1,80.0,,1583,2021,2024
563119800,229.0,32.0,12.7,70.0,,44,2025,2025
563120600,159.0,27.0,6.9,80.0,,816,2021,2024
563121400,177.0,28.0,6.5,70.0,,476,2024,2024
563122700,180.0,30.0,9.5,70.0,,1276,2023,2025
563123100,183.0,32.0,11.1,80.0,,823,2021,2025
563123600,200.0,32.0,12.0,70.0,,461,2022,2022
563125800,183.0,35.0,9.9,80.0,,478,2022,2024
563127200,157.0,25.0,9.3,80.0,,195,2022,2022
563127900,334.0,43.0,12.0,71.0,,2298,2021,2025
563128400,180.0,30.0,8.9,70.0,,417,2022,2022
563128800,183.0,35.0,9.5,80.0,,822,2021,2022
563129700,200.0,32.0,8.8,70.0,,927,2022,2022
563130100,250.0,37.0,10.6,71.0,,1445,2021,2023
563130400,304.0,40.0,12.5,70.0,,1207,2021,2023
563130600,293.0,32.0,8.5,79.0,,196,2022,2022
563131300,183.0,35.0,10.5,80.0,,465,2023,2023
563131400,199.0,32.0,13.1,70.0,,210,2025,2025
563131500,366.0,52.0,12.5,72.0,,548,2025,2025
563131600,175.0,27.0,10.3,79.0,,924,2021,2022
563132000,,,,70.0,,67,2020,2020
563133300,183.0,35.0,12.0,80.0,,445,2021,2021
563133700,183.0,32.0,8.1,80.0,,1506,2021,2025
563134100,179.0,32.0,8.9,80.0,,518,2023,2023
563134200,200.0,32.0,11.0,70.0,,479,2024,2024
563135300,279.0,40.0,13.6,70.0,,372,2022,2022
563135600,127.0,20.0,8.1,80.0,,429,2022,2022
563136000,145.0,23.0,9.7,80.0,,2192,2016,2023
563136900,183.0,32.0,8.0,80.0,,674,2023,2023
563137100,180.0,28.0,7.8,80.0,,609,2022,2024
563138300,199.0,32.0,9.0,70.0,,391,2024,2024
563138500,229.0,32.0,7.5,70.0,,442,2023,2023
563138700,200.0,32.0,8.0,70.0,,1284,2022,2024
563139100,230.0,37.0,8.3,80.0,,232,2022,2022
563139400,179.0,32.0,7.0,70.0,,470,2025,2025
563140200,230.0,36.0,8.2,80.0,,452,2022,2025
563140700,180.0,30.0,7.9,70.0,,210,2025,2025
563140800,180.0,30.0,7.8,70.0,,685,2024,2025
563141200,333.0,48.0,13.8,72.0,,422,2025,2025
563141700,160.0,25.0,6.9,80.0,,457,2023,2023
563142100,300.0,42.0,12.9,73.0,,464,2024,2024
563142600,180.0,28.0,7.5,70.0,,460,2023,2023
563142700,183.0,32.0,7.9,70.0,,461,2023,2023
563142800,304.0,40.0,13.0,74.0,,814,2024,2025
563143000,334.0,45.0,14.2,70.0,,3059,2018,2025
563143800,183.0,30.0,10.1,70.0,,1162,2022,2023
563144600,172.0,28.0,8.3,70.0,,458,2022,2022
563144900,180.0,30.0,7.8,70.0,,770,2024,2025
563145200,186.0,32.0,7.8,80.0,,410,2024,2024
563145700,229.0,32.0,7.5,70.0,,484,2025,2025
563146500,293.0,32.0,11.5,71.0,,1660,2023,2025
563146600,280.0,40.0,10.4,71.0,,747,2023,2024
563148200,254.0,32.0,10.5,71.0,,1843,2023,2025
563148300,254.0,32.0,9.7,74.0,,877,2022,2022
563150200,150.0,24.0,6.3,79.0,,12,2024,2024
563150400,199.0,32.0,11.0,70.0,,369,2024,2024
563150600,200.0,32.0,11.7,70.0,,1877,2023,2025
563151100,183.0,32.0,11.1,80.0,,234,2022,2022
563153000,225.0,36.0,12.0,80.0,,407,2020,2020
563153500,219.0,38.0,8.6,80.0,,232,2022,2022
563153600,219.0,38.0,12.1,84.0,,480,2022,2022
563153700,219.0,38.0,10.4,80.0,,751,2022,2025
563153800,219.0,38.0,11.3,80.0,,392,2025,2025
563154300,220.0,38.0,8.2,80.0,,141,2023,2024
563154700,199.0,32.0,7.8,70.0,,780,2024,2025
563155200,333.0,48.0,13.7,70.0,,853,2022,2024
563155400,160.0,25.0,7.5,80.0,,169,2025,2025
563157500,180.0,30.0,7.9,70.0,,469,2023,2023
563158100,147.0,24.0,9.5,82.0,,352,2023,2025
563160100,334.0,48.0,13.6,74.0,,1361,2023,2025
563160200,334.0,48.0,14.4,74.0,,575,2024,2025
563160300,199.0,32.0,10.3,70.0,,1845,2022,2025
563160600,180.0,32.0,7.0,79.0,,584,2022,2025
563161200,334.0,48.0,13.0,74.0,,821,2024,2025
563163400,334.0,48.0,14.2,70.0,,1225,2023,2025
563164000,250.0,44.0,14.9,81.0,,1896,2015,2021
563164400,199.0,32.0,9.3,70.0,,190,2024,2024
563164700,180.0,29.0,7.2,80.0,,59,2025,2025
563165200,333.0,43.0,10.5,70.0,,162,2023,2023
563168900,199.0,32.0,11.6,70.0,,476,2023,2023
563169300,250.0,44.0,12.0,80.0,,782,2023,2024
563170000,250.0,44.0,14.9,80.0,,49,2015,2015
563170400,199.0,32.0,6.5,70.0,,338,2023,2023
563170500,172.0,28.0,7.1,70.0,,420,2022,2022
563170600,204.0,35.0,10.8,70.0,,243,2022,2022
563171700,160.0,26.0,6.8,80.0,,102,2024,2024
563171800,204.0,35.0,10.0,70.0,,260,2024,2024
563172700,335.0,51.0,11.6,73.0,,551,2024,2024
563173600,204.0,35.0,9.8,70.0,,98,2023,2023
563174100,204.0,35.0,10.1,70.0,,401,2024,2024
563176700,229.0,32.0,7.5,70.0,,434,2024,2024
563177600,200.0,32.0,6.8,70.0,,2,2024,2024
563178600,200.0,32.0,10.6,70.0,,403,2025,2025
563179600,183.0,32.0,11.1,80.0,,459,2025,2025
563179700,200.0,32.0,6.9,71.0,,455,2023,2023
563180100,228.0,32.0,8.0,89.0,,523,2023,2024
563180300,156.0,25.0,6.6,80.0,,1324,2023,2025
563181300,200.0,32.0,10.8,79.0,,950,2025,2025
563181400,336.0,51.0,10.8,71.0,,735,2025,2025
563181500,230.0,37.0,8.7,80.0,,867,2025,2025
563182200,335.0,51.0,12.3,71.0,,1278,2023,2024
563182400,204.0,35.0,10.0,70.0,,245,2023,2023
563182700,180.0,29.0,7.9,80.0,,159,2024,2024
563183900,199.0,35.0,8.9,70.0,,792,2025,2025
563185000,225.0,32.0,13.52,70.0,,245,2015,2025
563186200,184.0,27.0,8.6,80.0,,120,2024,2024
563186300,184.0,27.0,8.2,82.0,,452,2023,2023
563186600,280.0,40.0,11.7,70.0,,214,2023,2025
563187400,335.0,51.0,12.8,71.0,,873,2023,2025
563187700,226.0,32.0,13.4,70.0,,406,2024,2025
563188600,230.0,37.0,8.2,80.0,,432,2024,2024
563189700,183.0,32.0,9.7,80.0,,147,2024,2024
563190500,366.0,51.0,13.2,74.0,,2243,2023,2025
563191400,183.0,32.0,8.0,89.0,,889,2023,2025
563191500,250.0,44.0,8.5,80.0,,282,2025,2025
563192100,179.0,32.0,7.3,70.0,,163,2025,2025
563193700,157.0,28.0,6.6,80.0,,89,2024,2024
563194600,183.0,32.0,11.2,80.0,,337,2025,2025
563194700,183.0,32.0,8.3,80.0,,389,2023,2024
563194800,183.0,32.0,13.1,80.0,,364,2023,2023
563196300,335.0,51.0,14.4,70.0,,1953,2023,2025
563196400,199.0,32.0,11.5,70.0,,473,2025,2025
563196600,230.0,37.0,8.2,80.0,,939,2024,2024
563196800,229.0,32.0,7.4,70.0,,413,2024,2024
563197300,197.0,33.0,6.3,70.0,,760,2024,2025
563197500,190.0,32.0,7.4,70.0,,367,2025,2025
563197900,272.0,43.0,12.3,70.0,,1043,2024,2025
563198300,255.0,43.0,12.0,70.0,,249,2024,2024
563198500,272.0,43.0,13.1,71.0,,465,2025,2025
563198600,180.0,29.0,7.7,80.0,,690,2024,2024
563199600,366.0,51.0,15.4,74.0,,447,2024,2025
563200000,183.0,32.0,13.06,80.0,,462,2015,2017
563200900,230.0,36.0,8.1,80.0,,459,2024,2024
563201600,336.0,51.0,14.5,70.0,,1360,2023,2025
563203300,230.0,37.0,8.7,80.0,,660,2024,2025
563203400,230.0,37.0,7.9,80.0,,750,2025,2025
563204900,335.0,51.0,13.6,74.0,,1021,2023,2025
563207600,200.0,36.0,7.7,70.0,,955,2024,2024
563208200,230.0,36.0,8.9,80.0,,517,2024,2024
563208800,183.0,32.0,8.2,80.0,,544,2024,2024
563210400,180.0,28.0,8.0,70.0,,204,2025,2025
563211200,229.0,32.0,14.7,70.0,,469,2024,2024
563211700,200.0,32.0,12.8,70.0,,445,2025,2025
563212600,228.0,32.0,6.7,80.0,,89,2025,2025
563213000,247.0,42.0,14.8,81.0,,1425,2015,2020
563214100,183.0,32.0,8.2,80.0,,780,2024,2024
563214200,183.0,32.0,11.5,80.0,,154,2025,2025
563214300,183.0,32.0,8.0,80.0,,731,2024,2025
563214600,147.0,24.0,7.9,70.0,,381,2025,2025
563217600,335.0,51.0,12.5,70.0,,801,2024,2025
563218100,183.0,32.0,10.4,70.0,,864,2024,2024
563218900,189.0,32.0,6.1,70.0,,378,2024,2024
563219100,366.0,51.0,12.7,74.0,,901,2024,2025
563219700,200.0,36.0,9.3,70.0,,2,2025,2025
563220000,199.0,,10.2,70.0,,1513,2018,2024
563221100,183.0,32.0,8.2,80.0,,174,2025,2025
563221400,230.0,36.0,8.7,80.0,,44,2025,2025
563221800,230.0,36.0,8.0,80.0,,443,2025,2025
563222300,200.0,36.0,11.4,70.0,,432,2024,2024
563223300,335.0,51.0,11.5,70.0,,379,2025,2025
563224200,183.0,32.0,8.2,70.0,,468,2025,2025
563224500,366.0,51.0,13.5,74.0,,703,2025,2025
563226200,366.0,51.0,14.2,71.0,,802,2024,2025
563226300,183.0,32.0,8.3,80.0,,141,2025,2025
563226700,366.0,51.0,14.8,74.0,,1126,2024,2025
563226800,200.0,36.0,11.6,73.0,,388,2025,2025
563227700,138.0,23.0,6.7,80.0,,344,2024,2025
563228900,190.0,32.0,9.7,70.0,,332,2024,2024
563229100,190.0,33.0,11.0,70.0,,211,2024,2024
563229200,335.0,51.0,15.4,70.0,,837,2024,2025
563229400,366.0,51.0,14.8,74.0,,467,2024,2024
563231100,255.0,40.0,13.7,74.0,,773,2025,2025
563231800,172.0,28.0,8.2,71.0,,418,2024,2024
563232300,333.0,48.0,14.2,70.0,,433,2025,2025
563232400,200.0,32.0,10.4,70.0,,232,2025,2025
563233800,300.0,48.0,12.7,71.0,,916,2024,2025
563235000,178.0,27.0,10.4,70.0,,1354,2015,2019
563236400,199.0,32.0,10.2,70.0,,451,2025,2025
563236900,180.0,30.0,6.0,70.0,,23,2025,2025
563237800,366.0,51.0,12.3,74.0,,602,2025,2025
563238300,366.0,51.0,10.0,71.0,,413,2025,2025
563238500,180.0,30.0,9.4,70.0,,465,2025,2025
563239900,366.0,51.0,14.9,74.0,,394,2024,2025
563241600,229.0,32.0,7.4,70.0,,473,2025,2025
563242200,230.0,36.0,8.2,80.0,,277,2025,2025
563243700,138.0,23.0,8.3,80.0,,158,2025,2025
563244800,336.0,46.0,12.6,73.0,,439,2025,2025
563245100,180.0,30.0,10.4,70.0,,70,2025,2025
563245200,366.0,51.0,15.3,74.0,,207,2025,2025
563245300,366.0,51.0,14.0,74.0,,295,2025,2025
563246700,120.0,21.0,6.0,70.0,,18,2025,2025
563247000,368.0,51.0,15.5,70.0,,1613,2018,2025
563247300,200.0,32.0,8.5,70.0,,622,2025,2025
563248000,180.0,32.0,10.15,70.0,,174,2015,2015
563248700,179.0,30.0,9.5,70.0,,536,2025,2025
563248900,183.0,32.0,8.5,80.0,,148,2025,2025
563249900,366.0,51.0,15.5,74.0,,396,2025,2025
563251000,368.0,51.0,15.5,70.0,,1243,2018,2019
563251800,366.0,51.0,15.4,74.0,,257,2025,2025
563252300,335.0,51.0,14.7,70.0,,270,2025,2025
563257400,183.0,32.0,9.0,80.0,,391,2025,2025
563258100,183.0,32.0,8.8,82.0,,447,2025,2025
563259900,183.0,32.0,11.3,80.0,,265,2025,2025
563261300,183.0,32.0,8.3,82.0,,34,2025,2025
563261400,183.0,32.0,9.4,80.0,,445,2025,2025
563262000,228.0,32.0,11.0,70.0,,1325,2017,2020
563262700,366.0,51.0,15.5,74.0,,412,2025,2025
563265600,366.0,51.0,12.3,74.0,,26,2025,2025
563267800,147.0,24.0,6.2,80.0,,221,2025,2025
563268300,366.0,51.0,12.4,74.0,,383,2025,2025
563268700,366.0,51.0,12.7,74.0,,85,2025,2025
563270000,180.0,32.0,7.4,80.0,,887,2024,2024
563271800,199.0,32.0,7.0,70.0,,463,2025,2025
563276200,183.0,32.0,7.0,80.0,,300,2025,2025
563278300,334.0,43.0,12.8,71.0,,195,2025,2025
563281100,260.0,32.0,9.4,74.0,,921,2025,2025
563284400,183.0,31.0,9.0,70.0,,239,2025,2025
563284700,180.0,31.0,10.2,70.0,,48,2025,2025
563286500,366.0,48.0,11.6,71.0,,322,2025,2025
563287900,209.0,30.0,8.5,71.0,,8,2025,2025
563290000,199.0,,,70.0,,458,2021,2021
563291500,272.0,43.0,13.8,71.0,,470,2025,2025
563291800,272.0,43.0,11.0,70.0,,438,2025,2025
563293200,366.0,51.0,11.4,74.0,,155,2025,2025
563293300,272.0,43.0,13.2,70.0,,61,2025,2025
563293400,272.0,43.0,12.2,74.0,,466,2025,2025
563294000,198.0,31.0,12.05,70.0,,441,2015,2015
563298100,366.0,48.0,12.5,74.0,,199,2025,2025
563299500,237.0,44.0,8.5,80.0,,216,2025,2025
563305900,180.0,30.0,10.3,70.0,,138,2025,2025
563307900,275.0,40.0,12.2,71.0,,809,2025,2025
563308300,299.0,48.0,11.0,70.0,,91,2025,2025
563308400,275.0,40.0,10.6,70.0,,431,2025,2025
563313000,285.0,40.0,14.02,70.0,,821,2015,2015
563326000,243.0,42.0,14.6,80.0,,1054,2021,2025
563329000,200.0,32.0,9.72,70.0,,280,2015,2016
563335000,199.0,32.0,13.0,70.0,,440,2019,2019
563343000,230.0,36.0,7.6,80.0,,695,2025,2025
563353000,249.0,44.0,14.9,80.0,,6026,2020,2025
563377000,368.0,51.0,13.0,71.0,,326,2025,2025
563394000,179.0,28.0,10.2,70.0,,125,2023,2023
563403000,189.0,30.0,9.9,70.0,,489,2024,2025
563405000,148.0,24.0,9.74,82.0,,131,2015,2015
563411000,183.0,32.0,12.6,80.0,,917,2021,2021
563417000,188.0,,,70.0,,523,2020,2022
563422000,180.0,28.0,7.7,80.0,,720,2019,2025
563424000,190.0,32.0,13.1,79.0,,201,2016,2016
563431000,108.0,18.0,6.7,70.0,,901,2018,2019
563433000,210.0,30.0,11.5,70.0,,667,2020,2021
563445000,228.0,,,80.0,,306,2022,2022
563450000,183.0,32.0,13.5,80.0,,948,2018,2021
563455000,223.0,32.0,12.0,70.0,,313,2018,2018
563458000,210.0,30.0,9.4,70.0,,1412,2020,2025
563460000,210.0,30.0,11.5,70.0,,1256,2020,2023
563471000,255.0,37.0,12.0,70.0,,437,2024,2025
563478000,185.0,,,70.0,,18,2022,2022
563483000,186.0,32.0,8.3,80.0,,1034,2018,2025
563484000,183.0,,,80.0,,256,2019,2019
563485000,212.0,32.0,11.5,70.0,,20,2022,2022
563487000,255.0,37.0,13.2,70.0,,355,2024,2024
563493000,213.0,31.0,12.3,70.0,,1555,2015,2021
563494000,225.0,36.0,12.6,80.0,,407,2020,2020
563495000,213.0,31.0,12.3,70.0,,1900,2016,2021
563496000,213.0,31.0,12.3,70.0,,876,2017,2020
563499000,213.0,31.0,12.3,70.0,,431,2015,2015
563508000,223.0,32.0,10.4,73.0,,711,2020,2025
563509000,190.0,32.0,7.5,70.0,,571,2021,2025
563513000,200.0,32.0,10.5,70.0,,476,2022,2022
563514000,223.0,32.0,12.0,70.0,,328,2022,2023
563539000,199.0,32.0,12.0,70.0,,955,2015,2015
563545000,188.0,,,71.0,,454,2021,2021
563549000,189.0,30.0,9.4,70.0,,1459,2021,2025
563553000,246.0,42.0,14.8,80.0,,1553,2015,2020
563573000,228.0,32.0,14.4,70.0,,472,2021,2021
563579000,285.0,40.0,14.0,70.0,,1612,2015,2022
563584000,284.0,40.0,14.0,70.0,,209,2022,2022
563605000,225.0,32.0,14.4,70.0,,855,2018,2018
563619000,183.0,32.0,13.3,80.0,,1552,2015,2025
563621000,183.0,32.0,10.4,80.0,,241,2021,2021
563622000,183.0,32.0,11.2,80.0,,919,2016,2022
563624000,183.0,32.0,13.3,89.0,,386,2016,2017
563626000,148.0,24.0,9.45,89.0,,512,2015,2015
563635000,175.0,35.0,6.9,70.0,,4227,2018,2021
563637000,179.0,32.0,12.1,80.0,,1363,2020,2023
563641000,190.0,32.0,12.6,70.0,,478,2016,2016
563642000,179.0,30.0,10.5,70.0,,764,2018,2020
563653000,229.0,32.0,14.4,70.0,,128,2016,2016
563654000,175.0,29.0,9.5,80.0,,405,2020,2020
563656000,190.0,32.0,12.7,70.0,,1468,2021,2025
563663000,108.0,18.0,7.06,70.0,,1102,2015,2015
563674000,156.0,25.0,10.5,80.0,,105,2018,2025
563678000,156.0,25.0,10.5,80.0,,734,2019,2024
563689000,229.0,37.0,11.2,80.0,,1490,2019,2024
563706000,200.0,32.0,12.8,70.0,,2142,2016,2025
563717000,146.0,23.0,8.3,71.0,,296,2016,2017
563722000,277.0,40.0,14.0,71.0,,894,2015,2017
563754000,277.0,40.0,14.0,70.0,,3177,2015,2021
563755000,182.0,32.0,12.1,80.0,,906,2018,2021
563757000,292.0,32.0,13.5,70.0,,1291,2018,2020
563758000,294.0,32.0,13.5,70.0,,1628,2016,2024
563759000,244.0,42.0,9.0,80.0,,2221,2022,2025
563760000,182.0,32.0,12.1,80.0,,1929,2018,2022
563775000,175.0,35.0,6.0,70.0,,4865,2018,2021
563789000,183.0,32.0,13.13,80.0,,471,2015,2015
563804000,,,,70.0,,448,2022,2022
563812000,268.0,32.0,11.4,70.0,,316,2024,2024
563827000,182.0,32.0,11.5,80.0,,974,2018,2021
563832000,178.0,31.0,7.5,80.0,,421,2024,2024
563838000,190.0,32.0,12.8,70.0,,9,2015,2015
563857000,229.0,32.0,14.7,80.0,,521,2015,2017
563858000,294.0,32.0,13.0,70.0,,1162,2015,2016
563865000,190.0,32.0,11.9,70.0,,181,2016,2016
563868000,183.0,32.0,13.3,80.0,,672,2023,2024
563871000,179.0,27.0,10.4,70.0,,1857,2017,2019
563877000,183.0,32.0,13.3,89.0,,730,2015,2015
563880000,178.0,27.0,10.4,70.0,,2382,2017,2018
563881000,183.0,32.0,10.8,80.0,,610,2022,2023
563889000,183.0,32.0,10.0,80.0,,746,2025,2025
563896000,170.0,27.0,11.3,82.0,,371,2016,2016
563907000,199.0,32.0,7.6,70.0,,467,2023,2023
563930000,179.0,,,70.0,,2388,2018,2022
563933000,179.0,,,70.0,,620,2021,2021
563935000,179.0,30.0,10.5,70.0,,856,2022,2023
563936000,247.0,42.0,14.8,80.0,,1225,2015,2020
563947000,179.0,30.0,10.5,70.0,,444,2018,2018
563952000,174.0,28.0,7.5,83.0,,508,2015,2015
563967000,137.0,19.0,8.3,80.0,,459,2018,2018
563982000,334.0,45.0,10.0,70.0,,1081,2020,2025
564002000,174.0,27.0,11.0,80.0,,526,2021,2021
564004000,253.0,44.0,12.82,80.0,,431,2015,2015
564010000,108.0,18.0,7.1,70.0,,71,2019,2019
564028000,180.0,32.0,12.5,80.0,,1366,2015,2016
564041000,248.0,43.0,14.2,80.0,,849,2016,2017
564053000,254.0,32.0,12.4,71.0,,194,2015,2015
564054000,144.0,23.0,8.4,80.0,,452,2019,2019
564056000,209.0,30.0,7.7,71.0,,664,2017,2017
564057000,144.0,23.0,8.4,80.0,,365,2019,2019
564063000,253.0,44.0,12.8,80.0,,223,2016,2016
564067000,254.0,32.0,12.4,71.0,,907,2015,2016
564077000,254.0,32.0,12.4,70.0,,863,2015,2017
564078000,254.0,32.0,12.4,71.0,,352,2015,2015
564081000,183.0,32.0,12.6,80.0,,1190,2019,2021
564086000,254.0,32.0,12.4,71.0,,582,2015,2016
564094000,196.0,30.0,11.0,79.0,,1112,2015,2016
564096000,291.0,,,70.0,,699,2022,2022
564097000,245.0,42.0,15.45,89.0,,467,2015,2015
564100000,183.0,32.0,7.2,80.0,,655,2015,2025
564110000,137.0,20.0,8.3,81.0,,111,2016,2016
564111000,227.0,32.0,14.0,80.0,,890,2018,2020
564118000,199.0,32.0,9.0,70.0,,1074,2018,2025
564125000,177.0,28.0,10.9,70.0,,5,2019,2019
564134000,253.0,44.0,12.82,89.0,,465,2015,2015
564163000,229.0,32.0,14.5,70.0,,81,2018,2018
564171000,177.0,28.0,10.2,70.0,,1054,2020,2021
564180000,177.0,28.0,10.2,70.0,,947,2017,2023
564185000,179.0,32.0,8.8,70.0,,167,2017,2017
564187000,183.0,32.0,12.5,80.0,,847,2017,2020
564192000,253.0,44.0,12.82,80.0,,414,2015,2016
564194000,183.0,32.0,8.4,80.0,,280,2015,2017
564199000,136.0,21.0,8.3,70.0,,469,2016,2016
564204000,228.0,32.0,14.4,70.0,,234,2018,2021
564207000,183.0,32.0,12.2,80.0,,5,2016,2016
564217000,139.0,21.0,7.5,70.0,,134,2016,2016
564220000,189.0,32.0,12.5,70.0,,2015,2020,2024
564229000,183.0,32.0,11.2,80.0,,2184,2018,2025
564230000,183.0,32.0,13.3,80.0,,403,2022,2025
564233000,243.0,42.0,14.6,80.0,,364,2020,2020
564237000,108.0,18.0,8.7,70.0,,30,2018,2018
564240000,180.0,30.0,9.9,79.0,,86,2015,2015
564245000,294.0,32.0,12.8,70.0,,242,2016,2016
564254000,199.0,32.0,9.7,70.0,,134,2022,2022
564267000,228.0,,,70.0,,161,2020,2020
564268000,200.0,32.0,9.7,70.0,,1,2017,2017
564280000,178.0,27.0,10.4,70.0,,2452,2015,2024
564315000,183.0,32.0,12.2,80.0,,486,2019,2019
564329000,243.0,42.0,14.6,80.0,,621,2020,2024
564335000,145.0,23.0,9.9,80.0,,321,2018,2018
564345000,334.0,45.0,14.2,70.0,,3033,2017,2023
564348000,183.0,32.0,12.6,80.0,,610,2016,2016
564349000,182.0,32.0,13.1,80.0,,406,2022,2022
564364000,179.0,28.0,10.2,70.0,,95,2019,2020
564365000,183.0,27.0,11.6,81.0,,83,2017,2017
564368000,229.0,33.0,8.2,80.0,,1328,2019,2024
564372000,199.0,32.0,12.8,70.0,,478,2018,2018
564386000,294.0,32.0,12.6,70.0,,801,2015,2015
564390000,184.0,27.0,11.5,80.0,,1737,2015,2018
564392000,108.0,18.0,6.7,70.0,,39,2018,2018
564396000,228.0,32.0,14.5,80.0,,315,2017,2017
564397000,293.0,40.0,14.0,70.0,,925,2016,2017
564398000,223.0,32.0,12.0,71.0,,221,2016,2016
564399000,223.0,32.0,12.0,74.0,,1623,2015,2025
564409000,183.0,32.0,13.3,80.0,,1798,2016,2025
564411000,189.0,32.0,6.3,70.0,,300,2022,2025
564415000,190.0,32.0,12.6,70.0,,2011,2018,2022
564431000,184.0,27.0,11.5,80.0,,315,2017,2019
564433000,108.0,18.0,7.1,70.0,,299,2018,2018
564435000,228.0,32.0,14.5,80.0,,545,2018,2018
564442000,285.0,40.0,12.7,74.0,,38,2016,2016
564446000,140.0,22.0,5.2,70.0,,2399,2020,2021
564452000,183.0,32.0,12.6,80.0,,934,2017,2021
564469000,151.0,24.0,10.1,80.0,,567,2017,2022
564475000,174.0,28.0,11.0,80.0,,665,2016,2024
564491000,180.0,32.0,12.1,80.0,,464,2015,2015
564520000,183.0,27.0,11.62,89.0,,50,2015,2015
564522000,292.0,,,70.0,,423,2018,2018
564538000,182.0,30.0,10.7,70.0,,836,2021,2023
564548000,189.0,32.0,12.8,70.0,,2024,2016,2022
564561000,180.0,32.0,9.6,70.0,,259,2021,2021
564575000,368.0,51.0,14.9,71.0,,477,2025,2025
564576000,190.0,32.0,12.7,70.0,,469,2022,2022
564606000,183.0,32.0,12.2,80.0,,420,2020,2020
564614000,227.0,32.0,11.0,70.0,,825,2015,2021
564634000,179.0,28.0,10.0,70.0,,933,2019,2021
564643000,225.0,36.0,8.2,80.0,,421,2021,2021
564648000,224.0,32.0,14.1,70.0,,25,2018,2018
564670000,179.0,27.0,10.4,70.0,,1062,2016,2019
564678000,229.0,33.0,8.2,80.0,,69,2025,2025
564692000,230.0,36.0,10.8,80.0,,1263,2015,2024
564693000,183.0,,,80.0,,626,2018,2020
564715000,183.0,,,80.0,,417,2019,2019
564724000,190.0,32.0,12.0,70.0,,2399,2018,2025
564726000,255.0,38.0,11.5,70.0,,502,2025,2025
564731000,190.0,32.0,8.7,70.0,,899,2023,2023
564734000,180.0,32.0,10.2,70.0,,935,2017,2018
564739000,145.0,23.0,8.8,80.0,,221,2017,2017
564751000,179.0,,,80.0,,4,2023,2023
564753000,228.0,32.0,11.0,70.0,,762,2016,2022
564754000,244.0,42.0,14.77,80.0,,852,2015,2018
564755000,179.0,32.0,8.8,70.0,,2889,2015,2019
564756000,189.0,32.0,12.5,70.0,,509,2020,2022
564761000,178.0,29.0,10.87,70.0,,666,2015,2019
564793000,190.0,32.0,12.9,70.0,,462,2019,2019
564794000,190.0,32.0,11.4,70.0,,1952,2020,2024
564798000,190.0,32.0,11.4,70.0,,3379,2015,2024
564805000,189.0,32.0,12.8,70.0,,63,2018,2018
564818000,230.0,36.0,11.6,80.0,,325,2018,2018
564822000,179.0,27.0,10.7,70.0,,1922,2015,2022
564837000,180.0,28.0,10.7,71.0,,2100,2015,2024
564846000,108.0,18.0,7.1,70.0,,406,2019,2019
564853000,189.0,32.0,12.4,70.0,,1593,2015,2022
564860000,183.0,,,80.0,,528,2019,2023
564862000,178.0,27.0,10.4,70.0,,1339,2017,2018
564863000,183.0,,,80.0,,462,2019,2019
564864000,178.0,27.0,10.4,70.0,,2711,2015,2020
564867000,229.0,32.0,14.5,70.0,,97,2018,2018
564870000,244.0,42.0,15.6,80.0,,940,2017,2017
564875000,183.0,32.0,13.1,80.0,,869,2016,2020
564879000,228.0,32.0,14.4,70.0,,84,2022,2022
564881000,179.0,30.0,10.5,70.0,,1347,2019,2024
564893000,167.0,28.0,8.6,70.0,,327,2019,2019
564895000,228.0,35.0,9.1,70.0,,945,2024,2024
564897000,293.0,40.0,14.02,70.0,,468,2015,2015
564900000,224.0,32.0,14.4,70.0,,28,2018,2018
564902000,199.0,32.0,10.0,70.0,,1199,2021,2024
564904000,294.0,32.0,12.6,74.0,,675,2015,2015
564912000,274.0,48.0,17.5,80.0,,879,2022,2023
564913000,147.0,23.0,8.5,70.0,,246,2018,2018
564916000,193.0,28.0,9.6,80.0,,949,2015,2016
564917000,182.0,32.0,7.2,82.0,,978,2015,2017
564918000,127.0,20.0,8.5,80.0,,72,2018,2018
564919000,159.0,26.0,10.5,82.0,,119,2017,2017
564922000,145.0,24.0,9.9,80.0,,880,2016,2016
564923000,95.0,15.0,5.5,80.0,,149,2022,2022
564929000,243.0,42.0,14.8,80.0,,768,2017,2018
564933000,147.0,23.0,8.5,70.0,,321,2021,2021
564937000,127.0,20.0,8.5,80.0,,939,2019,2019
564938000,210.0,30.0,11.5,70.0,,84,2021,2021
564939000,243.0,42.0,14.6,80.0,,908,2020,2020
564943000,164.0,28.0,7.8,70.0,,552,2015,2015
564956000,228.0,32.0,14.7,80.0,,477,2019,2019
564957000,228.0,32.0,14.5,80.0,,447,2020,2020
564966000,183.0,32.0,11.3,80.0,,605,2021,2025
564967000,246.0,42.0,14.8,80.0,,384,2018,2018
564970000,183.0,32.0,13.3,80.0,,444,2021,2021
564971000,200.0,32.0,8.8,70.0,,273,2016,2019
564972000,228.0,32.0,14.7,80.0,,234,2018,2018
564977000,228.0,32.0,14.7,80.0,,286,2023,2023
564979000,180.0,28.0,10.7,70.0,,2753,2015,2024
564988000,277.0,43.0,12.1,83.0,,98,2016,2018
565003000,224.0,32.0,14.4,70.0,,430,2021,2021
565015000,176.0,27.0,9.2,80.0,,298,2021,2023
565018000,180.0,32.0,12.6,80.0,,1503,2015,2022
565020000,179.0,27.0,10.43,70.0,,472,2015,2015
565024000,179.0,30.0,10.7,70.0,,255,2023,2023
565028000,182.0,32.0,13.3,80.0,,3675,2015,2021
565034000,186.0,29.0,11.0,70.0,,2096,2015,2019
565036000,183.0,,,80.0,,89,2018,2018
565042000,185.0,29.0,11.0,70.0,,2921,2018,2020
565043000,335.0,45.0,14.0,70.0,,856,2018,2018
565043500,180.0,30.0,7.6,70.0,,1612,2022,2025
565069000,189.0,32.0,12.9,70.0,,465,2019,2019
565088000,176.0,28.0,10.7,70.0,,644,2018,2019
565100000,189.0,32.0,12.5,70.0,,179,2023,2023
565106000,294.0,32.0,12.6,71.0,,420,2015,2016
565108000,244.0,42.0,14.6,80.0,,2145,2015,2022
565113000,225.0,36.0,8.0,80.0,,779,2018,2024
565114000,177.0,28.0,10.9,70.0,,303,2019,2019
565132000,212.0,32.0,11.5,70.0,,99,2022,2022
565135000,228.0,32.0,14.4,80.0,,1836,2015,2019
565136000,228.0,32.0,14.4,80.0,,2215,2015,2018
565139000,108.0,18.0,6.7,70.0,,1527,2018,2019
565150000,139.0,22.0,6.1,70.0,,1057,2019,2019
565152000,183.0,32.0,12.2,80.0,,1311,2015,2017
565153000,183.0,32.0,12.2,80.0,,831,2017,2019
565155000,189.0,32.0,12.4,70.0,,1410,2020,2023
565168000,124.0,20.0,8.3,80.0,,669,2021,2022
565169000,178.0,27.0,10.4,70.0,,999,2020,2022
565174000,146.0,24.0,9.7,80.0,,1481,2015,2017
565176000,180.0,32.0,12.1,89.0,,127,2016,2016
565177000,125.0,20.0,8.3,80.0,,88,2016,2016
565193000,190.0,32.0,12.5,70.0,,1408,2015,2019
565210000,230.0,37.0,11.6,80.0,,446,2017,2017
565212000,148.0,24.0,9.77,82.0,,1392,2015,2016
565213000,210.0,30.0,8.5,79.0,,453,2017,2025
565223000,146.0,24.0,9.7,80.0,,1417,2015,2017
565227000,138.0,21.0,6.2,70.0,,737,2020,2025
565232000,189.0,32.0,12.5,70.0,,680,2015,2021
565234000,180.0,32.0,9.6,70.0,,961,2015,2018
565238000,230.0,36.0,8.2,80.0,,1483,2021,2024
565253000,292.0,32.0,13.5,70.0,,1186,2016,2020
565254000,117.0,18.0,6.8,80.0,,1064,2016,2023
565271000,108.0,18.0,7.1,70.0,,2327,2018,2019
565285000,179.0,30.0,10.5,70.0,,810,2022,2025
565286000,179.0,30.0,10.5,70.0,,467,2020,2020
565321000,119.0,19.0,7.6,80.0,,1529,2022,2023
565324000,179.0,30.0,10.7,70.0,,670,2020,2022
565335000,189.0,32.0,12.6,70.0,,1047,2018,2019
565343000,175.0,29.0,9.5,80.0,,384,2020,2020
565344000,200.0,32.0,10.0,70.0,,400,2016,2016
565355000,225.0,,8.0,80.0,,1115,2021,2025
565359000,229.0,32.0,14.4,70.0,,68,2021,2021
565362000,183.0,32.0,12.2,80.0,,1214,2018,2019
565376000,188.0,30.0,10.5,70.0,,1113,2020,2023
565380000,189.0,30.0,9.1,70.0,,911,2022,2024
565382000,188.0,30.0,10.0,70.0,,1810,2018,2025
565396000,183.0,32.0,10.7,80.0,,1852,2015,2021
565397000,182.0,32.0,11.5,80.0,,2580,2015,2021
565402000,261.0,32.0,10.5,70.0,,971,2022,2025
565404000,225.0,,,80.0,,1182,2020,2022
565412000,175.0,31.0,11.1,80.0,,238,2018,2019
565414000,189.0,32.0,12.6,70.0,,418,2021,2021
565430000,160.0,26.0,10.91,84.0,,472,2015,2015
565435000,197.0,32.0,12.68,79.0,,479,2015,2015
565440000,199.0,32.0,13.0,70.0,,432,2023,2023
565448000,318.0,40.0,14.0,70.0,,2148,2020,2025
565449000,318.0,40.0,14.0,70.0,,2414,2020,2025
565451000,318.0,40.0,14.0,70.0,,857,2020,2025
565460000,225.0,,,80.0,,430,2021,2021
565462000,190.0,32.0,12.8,76.0,,671,2016,2017
565464000,225.0,32.0,14.0,70.0,,184,2020,2020
565473000,210.0,30.0,11.5,70.0,,3285,2019,2025
565475000,210.0,30.0,11.5,70.0,,2492,2015,2025
565476000,180.0,30.0,10.6,70.0,,1002,2015,2017
565482000,318.0,40.0,14.0,70.0,,1648,2020,2025
565484000,229.0,32.0,14.4,70.0,,452,2019,2019
565485000,318.0,40.0,14.0,70.0,,288,2019,2020
565487000,120.0,20.0,8.8,80.0,,3926,2015,2022
565493000,179.0,32.0,12.6,80.0,,775,2015,2020
565497000,183.0,32.0,10.6,80.0,,339,2025,2025
565503000,200.0,32.0,10.3,70.0,,52,2016,2016
565504000,183.0,32.0,13.3,80.0,,271,2019,2023
565508000,276.0,40.0,12.5,70.0,,470,2015,2015
565509000,144.0,25.0,5.7,89.0,,898,2019,2021
565516000,119.0,20.0,7.3,80.0,,904,2022,2025
565525000,99.0,19.0,5.8,80.0,,214,2018,2018
565526000,246.0,42.0,14.8,80.0,,1754,2015,2019
565528000,183.0,32.0,12.45,80.0,,330,2015,2015
565533000,179.0,27.0,10.7,70.0,,4643,2016,2025
565535000,179.0,30.0,10.7,70.0,,356,2022,2022
565536000,268.0,32.0,12.5,70.0,,696,2021,2022
565544000,134.0,20.0,8.8,80.0,,2772,2015,2021
565555000,293.0,40.0,14.0,70.0,,1416,2018,2020
565558000,293.0,40.0,14.0,70.0,,1657,2019,2021
565565000,293.0,40.0,14.0,70.0,,1700,2021,2023
565567000,268.0,32.0,12.5,70.0,,876,2021,2023
565568000,182.0,32.0,12.2,80.0,,428,2019,2022
565570000,337.0,45.0,15.0,70.0,,4755,2015,2025
565577000,179.0,30.0,10.5,70.0,,86,2019,2019
565580000,182.0,32.0,12.2,80.0,,76,2020,2020
565585000,183.0,32.0,12.2,80.0,,1052,2017,2023
565591000,183.0,32.0,12.2,80.0,,35,2019,2019
565592000,179.0,28.0,10.0,80.0,,1000,2018,2025
565593000,224.0,36.0,11.7,80.0,,273,2015,2015
565599000,200.0,32.0,10.0,70.0,,379,2015,2015
565605000,183.0,32.0,12.43,80.0,,104,2015,2015
565607000,180.0,30.0,9.7,70.0,,125,2025,2025
565613000,179.0,30.0,10.5,70.0,,86,2022,2022
565653000,268.0,32.0,12.5,70.0,,236,2022,2022
565655000,190.0,32.0,6.6,70.0,,446,2022,2022
565661000,337.0,45.0,15.0,70.0,,3271,2018,2025
565671000,186.0,27.0,11.0,70.0,,139,2020,2022
565673000,120.0,20.0,8.8,84.0,,545,2016,2017
565677000,146.0,23.0,9.8,80.0,,450,2021,2021
565687000,100.0,17.0,6.1,80.0,,143,2017,2017
565699000,120.0,19.0,5.2,81.0,,755,2023,2024
565711000,294.0,32.0,12.6,74.0,,218,2015,2015
565717000,170.0,26.0,7.3,83.0,,140,2015,2015
565720000,135.0,22.0,6.1,80.0,,697,2015,2015
565722000,143.0,24.0,6.3,82.0,,469,2015,2015
565723000,145.0,24.0,6.6,80.0,,581,2015,2015
565724000,145.0,24.0,9.0,80.0,,899,2015,2015
565747000,337.0,45.0,15.0,71.0,,4500,2016,2025
565761000,277.0,40.0,11.1,70.0,,40,2015,2015
565762000,331.0,43.0,12.8,70.0,,719,2022,2024
565770000,246.0,42.0,14.8,80.0,,467,2019,2019
565778000,225.0,32.0,14.12,70.0,,663,2015,2022
565792000,190.0,32.0,6.6,70.0,,433,2025,2025
565807000,210.0,30.0,11.5,70.0,,1043,2017,2020
565819000,337.0,45.0,15.0,70.0,,2991,2018,2024
565821000,147.0,24.0,6.1,80.0,,524,2015,2015
565825000,331.0,43.0,14.5,70.0,,2796,2020,2023
565826000,176.0,31.0,11.1,80.0,,170,2017,2017
565829000,120.0,19.0,8.9,80.0,,453,2018,2018
565831000,179.0,30.0,10.7,70.0,,870,2021,2022
565835000,190.0,28.0,9.3,70.0,,155,2016,2016
565842000,120.0,19.0,8.8,80.0,,398,2020,2020
565843000,120.0,20.0,8.81,83.0,,640,2015,2016
565859000,119.0,21.0,5.0,80.0,,694,2025,2025
565862000,244.0,42.0,14.7,80.0,,801,2015,2016
565871000,149.0,24.0,10.2,80.0,,524,2021,2025
565873000,149.0,24.0,10.2,80.0,,1209,2019,2025
565882000,189.0,,,70.0,,454,2018,2018
565884000,179.0,,,80.0,,508,2018,2023
565885000,190.0,32.0,12.8,70.0,,481,2018,2018
565892000,190.0,32.0,12.8,79.0,,460,2015,2015
565929000,190.0,32.0,12.8,70.0,,623,2018,2021
565934000,190.0,32.0,12.9,70.0,,147,2017,2017
565943000,225.0,36.0,8.0,80.0,,253,2025,2025
565946000,119.0,19.0,7.7,80.0,,479,2021,2021
565949000,243.0,42.0,14.6,80.0,,3110,2015,2025
565960000,225.0,,,80.0,,400,2022,2022
565961000,154.0,26.0,8.8,81.0,,162,2015,2015
565963000,210.0,30.0,11.5,70.0,,486,2021,2021
565964000,183.0,30.0,8.7,70.0,,1258,2015,2018
565971000,223.0,32.0,8.6,70.0,,617,2023,2024
565979000,190.0,32.0,12.5,79.0,,877,2017,2017
565994000,228.0,32.0,14.4,70.0,,436,2021,2021
565998000,188.0,32.0,12.11,70.0,,957,2015,2015
565999000,228.0,32.0,14.4,70.0,,484,2019,2019
566000000,183.0,32.0,13.3,80.0,,449,2019,2019
566013000,225.0,,,80.0,,855,2018,2021
566014000,224.0,32.0,14.4,70.0,,948,2022,2024
566025000,177.0,28.0,10.2,70.0,,1350,2018,2020
566028000,162.0,26.0,9.7,70.0,,610,2019,2022
566029000,162.0,26.0,9.7,70.0,,138,2019,2022
566032000,183.0,32.0,12.2,79.0,,69,2016,2016
566039000,189.0,32.0,12.8,70.0,,1634,2018,2021
566040000,177.0,28.0,10.2,70.0,,1006,2018,2023
566042000,162.0,26.0,8.2,70.0,,59,2025,2025
566044000,199.0,,,70.0,,623,2020,2022
566046000,199.0,32.0,13.3,70.0,,823,2018,2021
566049000,163.0,26.0,9.5,70.0,,534,2019,2024
566055000,249.0,38.0,11.7,70.0,,311,2025,2025
566059000,162.0,26.0,9.7,70.0,,423,2021,2021
566060000,162.0,26.0,9.7,70.0,,763,2015,2019
566069000,189.0,32.0,12.8,70.0,,470,2019,2019
566071000,243.0,42.0,15.7,80.0,,550,2023,2023
566073000,189.0,32.0,12.7,70.0,,518,2020,2020
566085000,264.0,32.0,12.3,70.0,,1068,2020,2021
566086000,264.0,33.0,12.3,70.0,,1463,2018,2023
566087000,200.0,32.0,11.0,70.0,,1064,2016,2023
566088000,227.0,32.0,11.0,70.0,,644,2018,2022
566095000,199.0,35.0,10.4,70.0,,906,2018,2019
566097000,180.0,30.0,6.7,70.0,,10,2025,2025
566098000,179.0,30.0,10.1,70.0,,1885,2021,2025
566117000,292.0,32.0,13.0,71.0,,65,2016,2016
566119000,292.0,32.0,13.03,70.0,,272,2015,2015
566123000,244.0,42.0,15.5,80.0,,351,2019,2019
566132000,292.0,32.0,13.0,71.0,,196,2016,2016
566150000,183.0,,,80.0,,9,2020,2020
566162000,189.0,32.0,12.9,70.0,,476,2018,2018
566164000,198.0,32.0,13.0,70.0,,315,2018,2018
566167000,182.0,30.0,10.5,70.0,,1393,2020,2022
566179000,176.0,27.0,9.2,80.0,,954,2019,2025
566184000,227.0,32.0,11.0,70.0,,2503,2019,2022
566198000,141.0,24.0,10.0,80.0,,969,2016,2024
566199000,141.0,24.0,10.03,83.0,,732,2015,2021
566203000,144.0,24.0,9.6,80.0,,905,2015,2020
566203009,144.0,24.0,6.1,80.0,,684,2016,2016
566204000,138.0,21.0,8.0,70.0,,710,2018,2019
566207000,200.0,31.0,6.8,70.0,,426,2023,2023
566238000,189.0,32.0,12.8,70.0,,1499,2021,2022
566240000,144.0,24.0,9.6,80.0,,1957,2016,2024
566242000,228.0,32.0,8.5,80.0,,386,2024,2024
566252000,225.0,36.0,7.6,80.0,,568,2020,2024
566253000,183.0,32.0,12.5,80.0,,278,2020,2020
566254000,183.0,32.0,12.6,80.0,,433,2020,2020
566264000,179.0,28.0,10.0,70.0,,556,2018,2018
566265000,195.0,31.0,12.8,70.0,,465,2016,2016
566274000,189.0,32.0,12.0,70.0,,1410,2015,2020
566277000,179.0,28.0,10.8,70.0,,1431,2018,2019
566288000,179.0,30.0,10.7,70.0,,811,2020,2020
566292000,144.0,24.0,9.8,80.0,,800,2021,2022
566295000,185.0,30.0,11.5,70.0,,470,2017,2017
566296000,186.0,30.0,11.32,79.0,,404,2015,2015
566300000,199.0,32.0,10.3,70.0,,88,2018,2018
566306000,144.0,24.0,9.6,80.0,,1217,2015,2022
566312000,180.0,32.0,12.0,80.0,,1311,2015,2024
566318000,349.0,45.0,15.5,70.0,,449,2022,2022
566319000,349.0,45.0,15.5,70.0,,464,2021,2021
566327000,146.0,24.0,9.46,81.0,,673,2015,2016
566341000,162.0,26.0,9.7,70.0,,333,2015,2018
566350000,189.0,32.0,12.8,70.0,,433,2018,2018
566351000,183.0,27.0,11.8,80.0,,132,2023,2023
566366000,182.0,32.0,12.6,80.0,,908,2019,2019
566372000,275.0,40.0,13.5,71.0,,372,2015,2015
566377000,182.0,29.0,10.2,70.0,,1711,2015,2017
566393000,,,,80.0,,153,2023,2023
566395000,179.0,29.0,10.5,70.0,,1024,2018,2019
566399000,189.0,32.0,12.8,70.0,,1851,2017,2022
566400000,124.0,20.0,8.8,80.0,,54,2021,2021
566402000,170.0,26.0,11.5,80.0,,437,2019,2019
566407000,354.0,46.0,13.4,71.0,,1956,2023,2025
566409000,347.0,45.0,15.5,70.0,,1514,2021,2025
566410000,347.0,45.0,15.5,70.0,,448,2018,2018
566414000,252.0,45.0,13.7,80.0,,129,2022,2022
566422000,274.0,48.0,17.2,80.0,,616,2018,2025
566428000,183.0,32.0,12.5,80.0,,51,2018,2018
566442000,179.0,28.0,10.8,70.0,,230,2018,2018
566445000,161.0,27.0,9.8,70.0,,478,2017,2017
566453000,274.0,49.0,17.2,80.0,,2427,2016,2025
566464000,180.0,27.0,10.2,70.0,,2256,2018,2025
566473000,119.0,21.0,6.7,80.0,,826,2019,2021
566476000,189.0,32.0,12.8,70.0,,74,2018,2018
566479000,274.0,48.0,9.8,80.0,,257,2024,2024
566482000,347.0,45.0,15.5,70.0,,872,2019,2020
566483000,347.0,45.0,15.5,70.0,,282,2022,2022
566490000,249.0,37.0,11.0,71.0,,193,2024,2024
566492000,249.0,37.0,11.7,70.0,,464,2023,2023
566493000,249.0,37.0,11.6,70.0,,250,2023,2023
566502000,175.0,29.0,9.5,80.0,,374,2020,2024
566506000,179.0,,,80.0,,1016,2018,2022
566539000,275.0,49.0,15.1,80.0,,655,2019,2024
566549000,183.0,32.0,13.3,81.0,,211,2016,2016
566550000,178.0,29.0,10.8,79.0,,950,2016,2018
566554000,183.0,32.0,13.3,80.0,,244,2023,2023
566556000,183.0,,,80.0,,597,2018,2021
566557000,197.0,32.0,12.7,70.0,,478,2021,2021
566572000,177.0,27.0,9.2,80.0,,523,2023,2024
566584000,189.0,32.0,12.8,70.0,,1256,2017,2021
566600000,184.0,30.0,10.0,70.0,,2165,2015,2019
566603000,180.0,27.0,10.2,70.0,,1213,2018,2023
566607000,147.0,,,70.0,,1039,2020,2023
566610000,229.0,32.0,14.6,70.0,,459,2016,2016
566619000,199.0,32.0,12.8,70.0,,925,2018,2018
566621000,225.0,36.0,7.4,80.0,,568,2021,2024
566629000,199.0,32.0,7.2,70.0,,459,2017,2017
566631000,189.0,32.0,12.8,70.0,,451,2023,2023
566634000,169.0,27.0,9.8,70.0,,2901,2015,2021
566636000,190.0,32.0,8.8,70.0,,1376,2023,2024
566637000,180.0,27.0,9.0,70.0,,1033,2021,2023
566642000,258.0,37.0,11.7,70.0,,760,2024,2024
566644000,274.0,49.0,17.2,80.0,,2273,2018,2025
566645000,199.0,32.0,7.3,70.0,,1434,2018,2025
566646000,179.0,29.0,8.2,70.0,,572,2024,2025
566649000,196.0,32.0,12.7,70.0,,133,2018,2018
566650000,190.0,32.0,12.3,70.0,,471,2017,2017
566651000,299.0,40.0,14.5,70.0,,450,2018,2018
566654000,227.0,32.0,11.0,70.0,,218,2019,2019
566656000,190.0,32.0,12.83,70.0,,473,2015,2015
566658000,299.0,40.0,14.5,70.0,,72,2018,2018
566668000,225.0,32.0,8.4,70.0,,417,2015,2015
566673000,334.0,45.0,14.2,70.0,,928,2019,2022
566675000,189.0,32.0,12.8,70.0,,2456,2015,2024
566683000,228.0,32.0,14.7,80.0,,255,2020,2020
566689000,161.0,27.0,9.8,70.0,,1695,2015,2021
566690000,274.0,49.0,17.2,80.0,,1997,2018,2025
566692000,225.0,36.0,12.0,80.0,,845,2019,2021
566693000,225.0,36.0,12.0,80.0,,303,2018,2018
566694000,225.0,36.0,12.0,80.0,,2199,2020,2022
566699000,182.0,29.0,10.2,70.0,,14,2016,2022
566700000,229.0,32.0,14.7,81.0,,1362,2015,2020
566704000,347.0,45.0,15.5,70.0,,438,2023,2023
566705000,347.0,45.0,15.5,70.0,,3468,2019,2024
566707000,190.0,32.0,12.8,70.0,,884,2016,2022
566708000,190.0,32.0,7.2,70.0,,145,2024,2024
566716000,190.0,32.0,12.6,70.0,,768,2019,2025
566726000,134.0,20.0,8.8,80.0,,1139,2021,2021
566728000,301.0,40.0,12.4,74.0,,335,2018,2018
566730000,258.0,37.0,12.8,70.0,,1509,2022,2024
566731000,190.0,32.0,11.89,70.0,,176,2015,2015
566732000,335.0,46.0,14.2,70.0,,1897,2016,2020
566735000,199.0,,,70.0,,855,2018,2019
566738000,182.0,32.0,13.2,80.0,,577,2023,2023
566739000,183.0,32.0,13.0,80.0,,457,2019,2019
566747000,281.0,40.0,14.0,70.0,,2525,2015,2016
566748000,281.0,40.0,14.02,70.0,,913,2015,2015
566749000,189.0,32.0,12.9,70.0,,149,2020,2020
566761000,183.0,35.0,7.7,82.0,,525,2021,2022
566762000,183.0,35.0,11.8,80.0,,375,2024,2024
566772000,178.0,29.0,10.8,70.0,,479,2016,2016
566779000,233.0,32.0,9.4,70.0,,392,2024,2024
566780000,232.0,32.0,11.8,70.0,,1559,2018,2020
566781000,232.0,32.0,11.8,70.0,,870,2021,2024
566782000,196.0,32.0,12.7,70.0,,444,2018,2018
566784000,189.0,,,70.0,,951,2019,2019
566794000,334.0,45.0,14.2,70.0,,3804,2015,2021
566797000,328.0,45.0,12.7,79.0,,285,2022,2022
566813000,120.0,20.0,5.5,81.0,,794,2024,2025
566817000,179.0,30.0,10.1,70.0,,318,2022,2024
566819000,167.0,26.0,10.5,70.0,,936,2020,2023
566821000,149.0,,,80.0,,954,2018,2021
566827000,161.0,27.0,9.8,70.0,,426,2020,2020
566828000,258.0,37.0,12.8,70.0,,1756,2021,2023
566829000,179.0,,,70.0,,618,2022,2022
566831000,189.0,32.0,13.0,70.0,,1475,2017,2022
566833000,183.0,,11.7,80.0,,774,2021,2025
566837000,107.0,18.0,8.0,70.0,,927,2021,2022
566840000,106.0,18.0,8.0,70.0,,3066,2019,2021
566846000,180.0,27.0,6.9,70.0,,916,2021,2025
566847000,183.0,32.0,12.3,80.0,,907,2018,2018
566848000,333.0,60.0,22.5,80.0,,780,2017,2025
566853000,334.0,45.0,14.2,70.0,,3268,2016,2025
566855000,227.0,37.0,14.0,80.0,,219,2019,2024
566857000,229.0,32.0,14.5,70.0,,311,2020,2021
566877000,199.0,32.0,12.8,70.0,,1781,2016,2024
566878000,177.0,28.0,10.8,70.0,,357,2018,2018
566886000,259.0,37.0,12.8,70.0,,1381,2021,2021
566900000,120.0,20.0,5.5,82.0,,2317,2021,2025
566902000,228.0,32.0,14.7,80.0,,298,2020,2020
566904000,183.0,32.0,13.1,89.0,,1009,2016,2018
566907000,245.0,42.0,14.9,80.0,,442,2022,2022
566913000,183.0,32.0,11.9,82.0,,564,2016,2019
566914000,183.0,32.0,11.9,80.0,,73,2018,2018
566915000,183.0,32.0,11.9,80.0,,470,2017,2017
566922000,293.0,40.0,14.02,70.0,,845,2015,2016
566927000,189.0,32.0,12.8,70.0,,476,2021,2021
566931000,229.0,32.0,14.7,80.0,,490,2015,2015
566932000,183.0,32.0,12.3,80.0,,72,2018,2018
566942000,259.0,37.0,11.0,70.0,,934,2020,2021
566949000,334.0,45.0,14.2,70.0,,3488,2016,2025
566950000,328.0,45.0,13.0,70.0,,650,2021,2023
566951000,328.0,45.0,11.5,70.0,,714,2018,2025
566953000,328.0,45.0,13.0,70.0,,699,2019,2021
566956000,328.0,45.0,13.0,70.0,,1375,2018,2020
566958000,328.0,45.0,12.6,71.0,,445,2024,2024
566959000,328.0,45.0,12.4,71.0,,1096,2018,2024
566960000,328.0,45.0,13.0,70.0,,942,2018,2019
566961000,328.0,45.0,13.0,70.0,,1489,2018,2025
566969000,189.0,32.0,12.5,70.0,,1808,2019,2022
566970000,334.0,45.0,14.2,70.0,,2981,2017,2020
566971000,199.0,32.0,9.3,70.0,,658,2023,2023
566972000,211.0,29.0,11.4,70.0,,268,2018,2018
566976000,141.0,24.0,10.0,80.0,,437,2019,2025
566977000,189.0,32.0,12.8,70.0,,295,2023,2023
566978000,179.0,32.0,12.0,80.0,,1275,2018,2021
566984000,189.0,32.0,12.8,70.0,,572,2019,2021
566985000,190.0,32.0,12.6,70.0,,813,2019,2025
566996000,199.0,32.0,13.0,70.0,,2036,2018,2023
566998000,339.0,45.0,14.5,70.0,,1372,2016,2021
566999000,293.0,40.0,14.0,71.0,,2234,2017,2019
567015000,178.0,28.0,9.8,70.0,,2387,2017,2022
567017000,199.0,,,70.0,,1306,2018,2021
567021000,164.0,27.0,9.6,70.0,,668,2015,2015
567053000,171.0,27.0,10.4,70.0,,3116,2018,2024
567097000,178.0,28.0,9.8,70.0,,677,2015,2022
567104000,180.0,30.0,9.8,70.0,,137,2018,2018
567105000,190.0,32.0,12.6,70.0,,739,2016,2019
567108000,170.0,27.0,9.7,70.0,,181,2022,2022
567109000,199.0,,,70.0,,652,2018,2022
567111000,199.0,32.0,,70.0,,615,2018,2020
567265000,170.0,27.0,9.77,70.0,,784,2015,2015
567269000,170.0,27.0,9.77,70.0,,591,2015,2015
567273000,160.0,25.0,,70.0,,1402,2018,2022
567274000,190.0,32.0,12.62,79.0,,498,2015,2015
567290000,166.0,27.0,9.72,70.0,,241,2015,2015
567291000,172.0,27.0,9.6,70.0,,409,2016,2016
567444000,176.0,28.0,9.8,70.0,,1301,2018,2023
567445000,177.0,29.0,9.8,70.0,,778,2017,2019
567607000,180.0,30.0,6.5,70.0,,441,2024,2024
567608000,180.0,30.0,7.2,70.0,,498,2025,2025
567609000,333.0,48.0,10.0,70.0,,770,2022,2023
567614000,333.0,48.0,12.5,71.0,,1303,2023,2025
572912210,179.0,28.0,10.3,70.0,,349,2018,2018
576063000,177.0,29.0,9.9,70.0,,471,2015,2015
576081000,225.0,32.0,14.14,79.0,,476,2015,2015
576091000,188.0,32.0,12.1,70.0,,495,2019,2019
576327000,210.0,36.0,11.5,70.0,,288,2019,2019
576532000,187.0,32.0,11.3,70.0,,4574,2015,2025
577016000,41.0,11.0,5.2,70.0,,1236,2017,2017
577088000,189.0,32.0,12.6,70.0,,465,2019,2019
577132000,64.0,12.0,2.3,70.0,,450,2025,2025
577139000,196.0,32.0,12.7,70.0,,609,2018,2019
577149000,182.0,,,70.0,,412,2022,2022
577168000,179.0,29.0,10.5,70.0,,94,2020,2020
577238000,190.0,32.0,8.5,70.0,,930,2021,2022
577278000,199.0,32.0,13.0,70.0,,1737,2018,2023
577297000,179.0,29.0,10.5,70.0,,131,2022,2022
577349000,68.0,14.0,3.0,70.0,,969,2019,2020
577403000,54.0,12.0,2.0,70.0,,8605,2020,2025
577437000,77.0,13.0,3.0,70.0,,413,2021,2025
577482000,71.0,17.0,4.2,70.0,,1246,2022,2022
577574000,53.0,28.0,3.2,70.0,,1365,2024,2025
577594000,63.0,19.0,2.8,70.0,,813,2024,2025
577608000,78.0,13.0,3.6,70.0,,12571,2022,2025
620765000,,,3.0,70.0,,7872,2022,2022
622121409,229.0,32.0,14.4,70.0,,459,2019,2019
622121423,225.0,32.0,12.4,70.0,,476,2017,2017
622121429,229.0,32.0,6.5,70.0,,466,2025,2025
636008251,209.0,32.0,11.03,70.0,,970,2015,2017
636008252,209.0,32.0,11.0,79.0,,1339,2015,2017
636009174,154.0,23.0,8.7,79.0,,251,2017,2019
636009381,154.0,23.0,8.7,70.0,,196,2018,2021
636009672,154.0,23.0,8.7,79.0,,103,2016,2016
636009894,157.0,26.0,9.3,80.0,,221,2021,2021
636010270,185.0,31.0,11.53,70.0,,188,2015,2015
636010327,186.0,30.0,11.6,70.0,,478,2016,2016
636010378,176.0,31.0,11.9,80.0,,2515,2018,2024
636010380,176.0,31.0,11.9,80.0,,2629,2019,2025
636010677,203.0,32.0,8.3,70.0,,26592,2015,2020
636010697,189.0,32.0,12.0,70.0,,397,2022,2022
636010789,188.0,31.0,9.1,70.0,,50,2019,2019
636010909,190.0,31.0,11.62,70.0,,1207,2015,2017
636010915,162.0,23.0,10.1,80.0,,4771,2015,2025
636011007,243.0,42.0,14.75,80.0,,807,2015,2018
636011008,242.0,42.0,14.8,80.0,,1225,2016,2018
636011071,195.0,32.0,12.23,70.0,,409,2015,2015
636011072,195.0,32.0,12.23,70.0,,958,2015,2015
636011096,186.0,30.0,11.62,70.0,,407,2015,2018
636011160,115.0,17.0,7.0,80.0,,71,2016,2016
636011212,230.0,36.0,11.6,80.0,,903,2022,2024
636011280,174.0,29.0,8.5,70.0,,269,2017,2018
636011282,169.0,24.0,11.1,80.0,,688,2017,2021
636011285,191.0,32.0,12.0,70.0,,894,2016,2018
636011288,169.0,24.0,11.1,80.0,,1807,2015,2025
636011289,169.0,24.0,11.1,80.0,,691,2019,2019
636011290,169.0,24.0,11.1,80.0,,3060,2015,2021
636011345,225.0,32.0,14.0,70.0,,460,2015,2015
636011360,225.0,32.0,13.99,70.0,,116,2015,2015
636011396,183.0,32.0,12.0,80.0,,1382,2017,2019
636011397,183.0,32.0,12.0,80.0,,2226,2016,2021
636011466,183.0,31.0,12.0,80.0,,904,2019,2020
636011490,274.0,48.0,17.1,89.0,,219,2016,2016
636011494,274.0,48.0,17.1,80.0,,51,2018,2018
636011496,183.0,31.0,12.0,80.0,,135,2018,2018
636011527,171.0,27.0,9.7,80.0,,1231,2018,2023
636011604,183.0,32.0,12.18,89.0,,809,2015,2019
636011617,230.0,36.0,10.8,80.0,,716,2022,2024
636011627,279.0,40.0,14.0,70.0,,1207,2018,2020
636011638,240.0,42.0,14.9,80.0,,137,2020,2020
636011655,183.0,32.0,12.52,80.0,,346,2015,2015
636011659,182.0,32.0,12.2,80.0,,441,2018,2018
636011661,248.0,44.0,14.8,80.0,,1131,2017,2020
636011678,239.0,42.0,14.9,80.0,,2,2016,2016
636011842,224.0,32.0,14.1,70.0,,940,2016,2019
636011902,224.0,32.0,14.1,70.0,,391,2021,2021
636011913,250.0,44.0,14.9,80.0,,147,2015,2015
636011914,250.0,44.0,14.9,89.0,,111,2017,2017
636011916,250.0,44.0,14.9,80.0,,133,2017,2017
636012069,182.0,32.0,12.2,80.0,,832,2016,2019
636012102,182.0,32.0,12.22,80.0,,323,2015,2015
636012163,228.0,32.0,13.7,80.0,,1162,2015,2018
636012164,229.0,32.0,13.7,80.0,,2214,2015,2022
636012196,228.0,32.0,13.8,80.0,,918,2016,2019
636012318,182.0,32.0,12.2,80.0,,685,2017,2018
636012324,189.0,32.0,12.2,82.0,,357,2015,2017
636012381,243.0,42.0,14.9,80.0,,458,2019,2019
636012382,244.0,42.0,15.4,89.0,,867,2017,2019
636012383,243.0,42.0,14.9,80.0,,1984,2016,2021
636012384,244.0,42.0,14.9,89.0,,1076,2016,2019
636012425,213.0,32.0,12.28,80.0,,2213,2015,2024
636012465,182.0,32.0,12.2,80.0,,1493,2016,2020
636012507,213.0,32.0,12.3,80.0,,1977,2016,2019
636012522,183.0,32.0,12.4,80.0,,162,2018,2018
636012523,183.0,32.0,12.4,80.0,,225,2019,2019
636012578,182.0,32.0,12.2,80.0,,457,2016,2017
636012588,228.0,32.0,13.6,80.0,,421,2018,2018
636012589,180.0,32.0,12.0,80.0,,1624,2016,2021
636012617,185.0,30.0,11.2,70.0,,602,2016,2016
636012627,189.0,32.0,12.22,80.0,,1107,2015,2019
636012628,229.0,32.0,11.7,80.0,,528,2023,2025
636012629,229.0,32.0,10.8,80.0,,871,2022,2023
636012630,228.0,32.0,13.7,80.0,,2911,2017,2022
636012646,269.0,32.0,9.0,70.0,,412,2015,2015
636012659,243.0,42.0,14.9,80.0,,472,2020,2020
636012660,244.0,42.0,14.9,89.0,,117,2016,2021
636012661,242.0,42.0,14.9,80.0,,214,2021,2021
636012709,174.0,28.0,10.4,80.0,,285,2020,2020
636012731,183.0,32.0,13.4,80.0,,1650,2017,2020
636012762,213.0,32.0,12.3,80.0,,1455,2015,2021
636012766,213.0,32.0,12.3,80.0,,3163,2015,2024
636012767,213.0,32.0,12.3,80.0,,3016,2015,2024
636012800,182.0,32.0,12.2,89.0,,963,2015,2019
636012801,182.0,32.0,12.2,80.0,,18,2017,2017
636012804,204.0,32.0,11.4,80.0,,1366,2019,2020
636012807,335.0,42.0,14.5,70.0,,111,2018,2018
636012808,335.0,42.0,14.5,70.0,,3077,2016,2025
636012814,280.0,50.0,16.5,80.0,,117,2018,2018
636012824,249.0,44.0,14.82,80.0,,519,2015,2015
636012853,243.0,42.0,14.9,80.0,,619,2015,2018
636012854,244.0,42.0,14.9,81.0,,963,2017,2018
636012871,189.0,32.0,12.0,70.0,,1881,2021,2025
636012904,261.0,32.0,12.6,71.0,,1849,2017,2019
636012905,221.0,29.0,11.4,70.0,,676,2022,2022
636012908,182.0,32.0,12.2,80.0,,381,2015,2020
636012910,174.0,28.0,9.5,80.0,,222,2015,2017
636012989,190.0,31.0,11.7,70.0,,2507,2016,2016
636013001,261.0,32.0,13.0,79.0,,170,2017,2017
636013086,220.0,32.0,12.2,70.0,,1373,2021,2022
636013087,182.0,32.0,12.18,89.0,,130,2015,2015
636013095,190.0,32.0,6.9,70.0,,582,2020,2025
636013098,274.0,48.0,16.0,80.0,,510,2018,2018
636013112,183.0,32.0,12.5,80.0,,1253,2022,2023
636013113,184.0,32.0,10.2,81.0,,616,2015,2025
636013115,183.0,32.0,12.5,80.0,,1678,2016,2022
636013116,183.0,32.0,12.5,80.0,,762,2016,2022
636013117,184.0,32.0,12.52,80.0,,1487,2015,2025
636013144,260.0,32.0,12.6,70.0,,2958,2019,2023
636013146,148.0,20.0,9.4,70.0,,58,2022,2022
636013148,141.0,20.0,8.5,70.0,,1070,2018,2021
636013153,141.0,21.0,8.51,70.0,,115,2015,2019
636013157,274.0,50.0,17.3,80.0,,177,2016,2017
636013214,261.0,32.0,12.6,79.0,,908,2016,2019
636013235,182.0,32.0,12.62,80.0,,139,2015,2015
636013272,249.0,44.0,14.93,89.0,,1572,2015,2019
636013273,248.0,43.0,14.9,80.0,,602,2015,2019
636013274,248.0,43.0,14.9,80.0,,2148,2016,2021
636013275,249.0,44.0,14.9,80.0,,4247,2015,2017
636013276,176.0,31.0,11.1,80.0,,560,2017,2017
636013277,176.0,31.0,11.1,80.0,,741,2016,2017
636013289,264.0,32.0,12.8,70.0,,956,2019,2020
636013296,280.0,50.0,16.6,80.0,,687,2016,2016
636013308,174.0,28.0,10.4,83.0,,123,2015,2015
636013322,224.0,32.0,13.46,70.0,,446,2015,2015
636013336,226.0,36.0,11.2,80.0,,464,2016,2016
636013349,225.0,32.0,14.4,70.0,,501,2016,2016
636013350,227.0,32.0,14.4,80.0,,454,2018,2018
636013382,224.0,32.0,14.4,70.0,,456,2022,2022
636013383,333.0,60.0,21.4,80.0,,477,2017,2017
636013390,183.0,32.0,13.13,80.0,,244,2015,2015
636013411,227.0,32.0,14.3,80.0,,544,2019,2019
636013425,181.0,26.0,9.67,71.0,,473,2015,2015
636013437,260.0,32.0,12.6,71.0,,2064,2015,2023
636013456,295.0,40.0,14.02,70.0,,635,2015,2019
636013470,190.0,32.0,12.73,79.0,,85,2015,2015
636013494,225.0,32.0,13.95,70.0,,469,2015,2015
636013521,293.0,40.0,14.0,70.0,,3930,2018,2025
636013522,293.0,40.0,14.0,70.0,,2840,2015,2023
636013530,264.0,32.0,12.75,79.0,,1307,2015,2021
636013564,229.0,36.0,14.7,70.0,,449,2020,2020
636013575,183.0,32.0,12.18,89.0,,466,2015,2015
636013611,238.0,42.0,14.8,80.0,,714,2023,2024
636013612,229.0,32.0,14.4,70.0,,259,2019,2019
636013613,229.0,32.0,14.4,70.0,,435,2023,2023
636013614,228.0,32.0,14.3,80.0,,1102,2017,2023
636013615,228.0,32.0,14.3,80.0,,1131,2018,2022
636013644,259.0,32.0,12.6,70.0,,1392,2018,2021
636013651,148.0,20.0,9.4,70.0,,158,2020,2021
636013656,225.0,32.0,14.3,70.0,,432,2018,2018
636013683,228.0,42.0,8.2,80.0,,690,2019,2024
636013689,333.0,42.0,14.5,70.0,,3443,2018,2024
636013690,333.0,43.0,14.5,71.0,,457,2015,2015
636013691,333.0,42.0,14.5,70.0,,3449,2018,2025
636013692,333.0,42.0,13.0,74.0,,2142,2018,2025
636013693,333.0,42.0,14.5,70.0,,3061,2019,2025
636013694,269.0,32.0,12.5,72.0,,702,2016,2017
636013695,269.0,32.0,12.5,71.0,,251,2016,2016
636013697,268.0,32.0,13.0,70.0,,763,2017,2018
636013698,269.0,32.0,12.5,70.0,,988,2015,2016
636013699,269.0,32.0,12.5,70.0,,1373,2015,2017
636013701,225.0,32.0,14.02,70.0,,1250,2015,2015
636013708,228.0,42.0,14.8,80.0,,1997,2018,2024
636013748,182.0,32.0,12.2,80.0,,453,2019,2020
636013794,228.0,32.0,12.9,80.0,,475,2024,2024
636013812,227.0,32.0,12.82,82.0,,2595,2015,2022
636013814,204.0,32.0,12.1,80.0,,2287,2017,2024
636013815,205.0,32.0,12.1,80.0,,2948,2015,2025
636013816,204.0,32.0,12.1,80.0,,960,2017,2019
636013817,227.0,32.0,12.8,81.0,,3079,2015,2023
636013821,190.0,32.0,12.7,70.0,,963,2017,2017
636013825,129.0,20.0,8.7,80.0,,845,2015,2017
636013854,224.0,32.0,14.4,70.0,,447,2020,2020
636013892,288.0,45.0,10.8,70.0,,431,2024,2024
636013897,183.0,32.0,13.2,80.0,,1722,2018,2025
636013898,210.0,30.0,11.5,74.0,,454,2016,2016
636013940,228.0,32.0,14.5,80.0,,277,2021,2021
636013972,185.0,32.0,12.1,80.0,,433,2015,2015
636013998,183.0,32.0,13.1,80.0,,2801,2015,2023
636014042,229.0,32.0,14.5,80.0,,501,2016,2016
636014046,189.0,32.0,12.3,70.0,,111,2023,2023
636014059,259.0,32.0,12.6,70.0,,951,2021,2023
636014073,172.0,27.0,10.42,79.0,,571,2015,2016
636014077,159.0,25.0,10.9,80.0,,1280,2015,2019
636014082,228.0,32.0,14.3,84.0,,449,2016,2016
636014085,185.0,32.0,12.1,80.0,,322,2015,2015
636014086,185.0,32.0,12.1,80.0,,463,2015,2015
636014088,183.0,32.0,13.2,80.0,,447,2016,2016
636014089,183.0,32.0,9.0,80.0,,608,2017,2024
636014090,183.0,32.0,13.2,80.0,,351,2015,2019
636014091,183.0,32.0,13.2,80.0,,1750,2018,2023
636014107,244.0,42.0,15.5,80.0,,519,2019,2019
636014108,184.0,32.0,10.2,80.0,,616,2022,2025
636014114,250.0,44.0,14.9,80.0,,474,2020,2020
636014119,183.0,32.0,13.1,80.0,,1846,2016,2022
636014121,228.0,32.0,14.3,80.0,,1309,2019,2023
636014126,243.0,42.0,14.9,80.0,,319,2018,2018
636014128,227.0,32.0,14.3,80.0,,956,2019,2022
636014164,170.0,27.0,7.4,79.0,,22,2015,2015
636014168,259.0,32.0,12.6,70.0,,1254,2022,2023
636014169,259.0,32.0,12.6,70.0,,285,2022,2022
636014180,161.0,25.0,9.5,70.0,,1634,2020,2020
636014189,249.0,44.0,14.7,80.0,,62,2021,2021
636014190,229.0,33.0,14.5,70.0,,479,2016,2016
636014194,249.0,44.0,14.7,80.0,,330,2019,2019
636014199,259.0,32.0,12.6,70.0,,1332,2022,2025
636014200,259.0,32.0,12.6,70.0,,223,2022,2022
636014208,306.0,40.0,14.0,79.0,,272,2016,2017
636014209,305.0,40.0,14.0,70.0,,520,2018,2018
636014219,333.0,42.0,14.5,70.0,,1592,2017,2022
636014220,349.0,45.0,15.0,70.0,,1221,2017,2025
636014221,334.0,42.0,14.5,70.0,,2442,2015,2022
636014222,349.0,45.0,15.0,70.0,,1259,2021,2023
636014224,349.0,45.0,15.0,70.0,,1972,2019,2025
636014242,169.0,27.0,5.5,70.0,,433,2025,2025
636014243,225.0,32.0,14.2,70.0,,32,2016,2016
636014278,229.0,42.0,14.8,81.0,,749,2015,2023
636014285,183.0,32.0,13.1,80.0,,1290,2017,2020
636014286,183.0,32.0,8.5,80.0,,358,2021,2021
636014299,189.0,32.0,12.9,70.0,,710,2016,2019
636014300,180.0,30.0,9.9,70.0,,495,2017,2018
636014302,229.0,32.0,14.4,70.0,,681,2017,2021
636014307,249.0,44.0,14.8,80.0,,841,2016,2021
636014308,274.0,48.0,17.0,80.0,,333,2016,2016
636014309,274.0,48.0,17.0,80.0,,458,2018,2019
636014310,274.0,48.0,17.2,89.0,,463,2017,2020
636014344,304.0,40.0,14.5,70.0,,121,2018,2018
636014351,274.0,48.0,17.0,80.0,,1400,2017,2021
636014353,250.0,44.0,15.0,80.0,,345,2021,2021
636014357,304.0,40.0,14.5,70.0,,880,2017,2018
636014408,182.0,32.0,12.2,80.0,,650,2015,2018
636014410,293.0,40.0,14.0,71.0,,1010,2017,2018
636014430,102.0,17.0,6.6,80.0,,2499,2021,2022
636014441,292.0,45.0,18.2,79.0,,474,2017,2017
636014450,183.0,32.0,12.2,80.0,,477,2017,2017
636014456,189.0,32.0,12.7,70.0,,833,2020,2021
636014465,340.0,60.0,22.31,80.0,,1215,2015,2015
636014472,200.0,32.0,9.73,70.0,,135,2015,2015
636014480,292.0,45.0,18.3,70.0,,499,2019,2019
636014485,330.0,60.0,21.5,80.0,,451,2023,2023
636014494,184.0,32.0,10.3,82.0,,178,2023,2023
636014506,274.0,50.0,17.0,80.0,,728,2017,2020
636014521,188.0,31.0,11.8,70.0,,476,2016,2016
636014524,190.0,32.0,12.6,79.0,,662,2017,2019
636014525,189.0,32.0,12.7,70.0,,474,2021,2021
636014528,190.0,32.0,11.6,70.0,,455,2015,2015
636014530,262.0,32.0,12.5,70.0,,294,2018,2018
636014557,299.0,40.0,14.5,70.0,,965,2018,2020
636014558,299.0,40.0,14.5,70.0,,2051,2018,2025
636014569,229.0,38.0,7.5,70.0,,436,2024,2024
636014570,229.0,38.0,14.9,70.0,,474,2018,2018
636014571,229.0,38.0,14.9,70.0,,447,2019,2019
636014572,180.0,30.0,9.9,70.0,,515,2020,2020
636014573,278.0,40.0,14.0,70.0,,603,2021,2023
636014577,189.0,32.0,12.7,70.0,,329,2023,2023
636014590,278.0,40.0,14.0,70.0,,932,2019,2022
636014595,189.0,32.0,13.0,70.0,,477,2018,2018
636014609,183.0,32.0,8.0,80.0,,1768,2023,2025
636014610,180.0,30.0,9.9,70.0,,2597,2015,2024
636014611,182.0,32.0,12.2,80.0,,900,2019,2020
636014622,182.0,32.0,12.2,80.0,,646,2018,2020
636014623,182.0,32.0,12.2,80.0,,1067,2018,2019
636014624,292.0,45.0,18.3,70.0,,330,2021,2021
636014626,189.0,32.0,12.8,70.0,,1459,2022,2023
636014635,238.0,42.0,15.0,80.0,,77,2019,2019
636014639,300.0,40.0,14.03,71.0,,334,2015,2015
636014640,300.0,40.0,14.0,71.0,,251,2015,2016
636014641,299.0,40.0,14.03,79.0,,446,2015,2015
636014642,300.0,40.0,14.03,79.0,,154,2015,2015
636014644,300.0,40.0,12.2,74.0,,1369,2023,2025
636014645,300.0,40.0,14.5,70.0,,316,2020,2020
636014652,196.0,32.0,7.4,70.0,,460,2020,2020
636014672,176.0,26.0,9.9,70.0,,883,2022,2022
636014676,274.0,48.0,16.0,89.0,,1240,2017,2017
636014699,188.0,30.0,11.5,70.0,,108,2015,2015
636014704,189.0,32.0,12.8,70.0,,386,2021,2021
636014705,190.0,32.0,12.8,70.0,,123,2015,2015
636014706,189.0,32.0,12.8,70.0,,454,2022,2022
636014709,224.0,32.0,14.2,70.0,,356,2022,2022
636014712,183.0,32.0,12.4,80.0,,347,2018,2019
636014720,228.0,38.0,14.9,70.0,,209,2023,2023
636014739,228.0,32.0,14.5,80.0,,1426,2020,2021
636014740,222.0,30.0,12.0,70.0,,1241,2016,2016
636014741,222.0,30.0,12.0,70.0,,149,2022,2022
636014743,180.0,32.0,12.6,80.0,,975,2016,2017
636014783,179.0,30.0,9.9,70.0,,811,2018,2018
636014788,189.0,30.0,11.9,70.0,,952,2023,2025
636014797,180.0,30.0,9.9,70.0,,1689,2020,2022
636014798,180.0,30.0,9.9,70.0,,807,2018,2025
636014799,180.0,30.0,9.9,70.0,,926,2018,2023
636014800,189.0,32.0,10.2,80.0,,1654,2019,2025
636014804,228.0,32.0,14.3,80.0,,1517,2016,2024
636014805,228.0,32.0,14.3,80.0,,1986,2017,2021
636014806,229.0,38.0,14.9,70.0,,440,2018,2018
636014807,229.0,42.0,14.8,89.0,,634,2017,2019
636014809,228.0,42.0,14.8,80.0,,492,2017,2021
636014814,145.0,23.0,6.5,80.0,,883,2022,2023
636014817,180.0,30.0,9.8,70.0,,477,2023,2023
636014820,229.0,32.0,14.5,70.0,,438,2021,2021
636014862,189.0,35.0,6.9,70.0,,1076,2022,2025
636014863,189.0,32.0,12.8,70.0,,452,2019,2019
636014864,183.0,32.0,8.0,80.0,,420,2022,2022
636014865,229.0,36.0,14.7,70.0,,1006,2018,2021
636014875,245.0,42.0,15.0,80.0,,192,2018,2018
636014887,229.0,38.0,14.9,70.0,,435,2018,2018
636014894,189.0,32.0,12.8,70.0,,589,2023,2023
636014899,228.0,38.0,14.9,70.0,,944,2018,2023
636014908,178.0,28.0,9.4,70.0,,319,2025,2025
636014915,190.0,32.0,12.95,70.0,,949,2015,2016
636014922,190.0,32.0,6.5,70.0,,165,2024,2024
636014926,190.0,32.0,9.7,70.0,,102,2023,2023
636014927,186.0,28.0,10.9,70.0,,391,2024,2024
636014943,228.0,32.0,8.3,80.0,,443,2025,2025
636014944,228.0,32.0,12.0,80.0,,314,2023,2023
636014945,190.0,32.0,8.4,70.0,,591,2020,2022
636014955,175.0,27.0,9.7,71.0,,481,2024,2024
636014956,176.0,27.0,10.9,79.0,,39,2015,2015
636014957,228.0,32.0,14.5,80.0,,429,2019,2019
636014964,176.0,26.0,6.4,70.0,,50,2024,2024
636014968,286.0,32.0,11.8,79.0,,528,2024,2025
636014972,274.0,50.0,17.3,80.0,,441,2023,2024
636014973,174.0,27.0,7.5,80.0,,796,2024,2024
636014974,174.0,27.0,11.0,80.0,,1712,2020,2024
636014989,330.0,60.0,21.5,80.0,,177,2023,2023
636014990,330.0,60.0,21.5,80.0,,493,2016,2016
636014996,305.0,40.0,14.0,70.0,,1352,2019,2019
636014997,305.0,40.0,14.0,70.0,,464,2021,2021
636014998,183.0,32.0,12.4,80.0,,1479,2021,2022
636014999,183.0,32.0,12.4,80.0,,303,2019,2022
636015000,183.0,32.0,12.4,80.0,,417,2021,2021
636015002,208.0,29.0,11.6,70.0,,4307,2019,2025
636015004,155.0,25.0,10.2,80.0,,5078,2015,2025
636015005,155.0,25.0,10.2,80.0,,4781,2015,2022
636015007,189.0,32.0,13.5,80.0,,363,2022,2023
636015008,225.0,32.0,14.2,70.0,,146,2023,2023
636015014,274.0,48.0,16.5,80.0,,379,2022,2022
636015019,349.0,45.0,15.5,70.0,,2679,2020,2023
636015020,349.0,45.0,15.5,70.0,,2650,2021,2024
636015032,183.0,30.0,9.0,70.0,,1007,2016,2025
636015033,225.0,32.0,7.2,70.0,,353,2024,2024
636015034,225.0,32.0,7.4,70.0,,359,2025,2025
636015035,225.0,32.0,14.2,70.0,,466,2023,2023
636015036,182.0,32.0,12.2,80.0,,40,2018,2018
636015049,228.0,32.0,14.5,80.0,,201,2018,2018
636015050,228.0,32.0,14.5,89.0,,1469,2016,2020
636015051,228.0,32.0,14.5,89.0,,563,2016,2018
636015052,228.0,32.0,14.5,80.0,,424,2018,2020
636015064,180.0,32.0,12.59,80.0,,553,2015,2025
636015074,146.0,24.0,9.5,80.0,,900,2015,2018
636015094,180.0,30.0,9.9,70.0,,271,2020,2020
636015107,119.0,19.0,4.8,80.0,,334,2021,2021
636015110,177.0,28.0,10.9,70.0,,120,2021,2021
636015124,229.0,32.0,14.5,79.0,,1765,2016,2023
636015131,262.0,32.0,9.9,70.0,,96,2025,2025
636015141,183.0,32.0,7.4,80.0,,313,2024,2024
636015142,182.0,32.0,12.9,80.0,,87,2019,2019
636015148,224.0,32.0,14.1,70.0,,128,2020,2020
636015150,228.0,42.0,8.0,80.0,,460,2023,2025
636015153,180.0,30.0,9.0,70.0,,466,2019,2019
636015161,179.0,32.0,12.6,80.0,,1193,2019,2024
636015164,147.0,25.0,6.0,80.0,,212,2025,2025
636015170,229.0,38.0,14.9,70.0,,42,2021,2021
636015173,183.0,30.0,9.0,70.0,,536,2017,2022
636015174,249.0,44.0,15.0,80.0,,1894,2015,2025
636015175,249.0,44.0,15.0,80.0,,2405,2015,2025
636015176,248.0,43.0,15.0,80.0,,2640,2015,2025
636015177,248.0,43.0,15.0,80.0,,2432,2015,2024
636015178,248.0,43.0,15.0,80.0,,517,2020,2023
636015180,268.0,32.0,12.5,71.0,,1191,2015,2016
636015181,267.0,32.0,12.5,70.0,,424,2020,2020
636015182,305.0,40.0,12.0,70.0,,765,2015,2018
636015183,305.0,40.0,14.0,70.0,,1363,2018,2025
636015187,160.0,26.0,6.0,82.0,,109,2025,2025
636015188,160.0,26.0,6.6,84.0,,1941,2024,2025
636015197,180.0,30.0,9.9,70.0,,266,2019,2019
636015198,179.0,30.0,9.0,70.0,,450,2018,2018
636015203,155.0,25.0,10.2,89.0,,711,2016,2017
636015208,179.0,28.0,10.3,70.0,,129,2018,2018
636015228,180.0,30.0,9.2,70.0,,213,2017,2018
636015232,292.0,32.0,13.2,72.0,,541,2015,2016
636015233,234.0,32.0,12.5,70.0,,318,2022,2022
636015248,183.0,32.0,13.2,80.0,,847,2019,2023
636015249,183.0,32.0,13.2,80.0,,616,2018,2019
636015250,183.0,32.0,13.2,80.0,,1588,2018,2025
636015251,183.0,32.0,13.2,80.0,,1034,2018,2019
636015273,149.0,23.0,8.3,70.0,,424,2018,2020
636015275,150.0,24.0,8.4,70.0,,1297,2016,2018
636015276,149.0,23.0,8.4,70.0,,1310,2021,2021
636015277,149.0,23.0,8.3,70.0,,794,2018,2019
636015278,149.0,23.0,8.3,70.0,,4359,2018,2025
636015279,149.0,23.0,8.3,70.0,,1143,2022,2024
636015281,183.0,32.0,13.1,89.0,,694,2016,2017
636015284,179.0,28.0,10.8,70.0,,1432,2018,2024
636015288,225.0,32.0,14.2,70.0,,285,2022,2022
636015289,169.0,27.0,9.8,70.0,,1863,2017,2023
636015292,189.0,28.0,10.5,70.0,,2398,2019,2021
636015294,190.0,28.0,10.5,70.0,,943,2015,2016
636015295,189.0,28.0,10.5,70.0,,2440,2017,2022
636015296,177.0,26.0,9.2,70.0,,432,2024,2024
636015300,145.0,23.0,9.7,80.0,,17,2019,2019
636015302,274.0,48.0,9.3,80.0,,379,2024,2024
636015304,274.0,48.0,17.1,80.0,,241,2018,2018
636015336,183.0,32.0,13.3,80.0,,31,2022,2022
636015345,189.0,32.0,12.8,70.0,,345,2020,2020
636015352,183.0,29.0,10.4,70.0,,1405,2015,2020
636015357,180.0,30.0,9.9,70.0,,1420,2022,2024
636015358,189.0,32.0,12.9,70.0,,1380,2018,2023
636015359,228.0,32.0,14.5,80.0,,1372,2018,2020
636015361,228.0,32.0,14.5,89.0,,814,2015,2018
636015362,228.0,32.0,14.5,89.0,,321,2016,2016
636015366,159.0,26.0,10.5,80.0,,4669,2015,2025
636015370,180.0,30.0,9.2,70.0,,1076,2016,2021
636015390,229.0,38.0,14.9,70.0,,135,2023,2023
636015404,303.0,40.0,14.5,70.0,,1907,2015,2023
636015406,186.0,27.0,10.9,70.0,,1347,2018,2019
636015410,274.0,48.0,17.0,80.0,,191,2022,2022
636015411,274.0,48.0,17.0,80.0,,451,2015,2015
636015417,289.0,45.0,18.1,70.0,,258,2021,2021
636015421,182.0,27.0,10.9,70.0,,4362,2018,2021
636015422,182.0,27.0,10.9,70.0,,1302,2017,2020
636015428,229.0,32.0,7.1,70.0,,125,2025,2025
636015429,225.0,32.0,13.7,70.0,,86,2025,2025
636015430,207.0,32.0,13.0,70.0,,1951,2015,2021
636015458,189.0,32.0,12.8,70.0,,608,2018,2019
636015461,180.0,30.0,5.9,70.0,,1238,2023,2023
636015467,260.0,32.0,12.6,70.0,,475,2022,2022
636015496,294.0,32.0,13.5,71.0,,2615,2015,2025
636015500,229.0,32.0,14.5,70.0,,129,2015,2017
636015502,228.0,32.0,14.4,80.0,,447,2017,2017
636015503,260.0,32.0,12.6,70.0,,247,2020,2020
636015506,366.0,48.0,16.5,70.0,,1034,2021,2025
636015511,229.0,38.0,14.9,70.0,,51,2018,2018
636015514,366.0,48.0,12.2,71.0,,918,2021,2023
636015516,366.0,48.0,13.3,70.0,,1447,2021,2023
636015517,174.0,27.0,10.6,80.0,,79,2022,2022
636015522,274.0,48.0,17.4,80.0,,62,2017,2017
636015523,256.0,32.0,7.1,71.0,,1701,2015,2015
636015526,228.0,42.0,14.8,80.0,,593,2018,2018
636015534,179.0,30.0,9.9,70.0,,470,2019,2019
636015536,229.0,38.0,14.9,70.0,,94,2019,2019
636015544,292.0,45.0,18.2,70.0,,1250,2015,2015
636015557,199.0,32.0,9.8,70.0,,454,2021,2021
636015558,186.0,30.0,11.62,70.0,,896,2015,2017
636015560,274.0,50.0,17.0,80.0,,571,2021,2023
636015562,249.0,46.0,14.9,80.0,,63,2018,2018
636015563,249.0,46.0,14.9,80.0,,914,2018,2018
636015565,249.0,46.0,14.6,80.0,,2428,2020,2022
636015567,229.0,32.0,8.2,70.0,,386,2024,2024
636015587,141.0,24.0,9.7,80.0,,2849,2015,2023
636015589,142.0,24.0,6.8,80.0,,958,2021,2022
636015594,180.0,30.0,9.9,70.0,,1357,2019,2020
636015596,169.0,24.0,11.1,80.0,,4071,2018,2023
636015598,180.0,29.0,10.5,70.0,,119,2021,2021
636015600,177.0,28.0,10.02,70.0,,96,2015,2015
636015604,366.0,48.0,15.5,70.0,,1889,2018,2023
636015607,366.0,48.0,12.8,74.0,,636,2022,2023
636015619,174.0,27.0,10.7,80.0,,1328,2018,2021
636015627,169.0,27.0,9.8,70.0,,554,2021,2021
636015637,229.0,38.0,14.9,70.0,,359,2020,2020
636015657,199.0,32.0,10.0,70.0,,449,2019,2023
636015659,228.0,37.0,12.5,70.0,,1773,2019,2020
636015660,228.0,37.0,12.5,70.0,,742,2018,2021
636015664,299.0,48.0,11.1,74.0,,1950,2021,2025
636015666,299.0,48.0,14.5,70.0,,1878,2020,2022
636015672,200.0,32.0,13.3,70.0,,476,2015,2015
636015675,258.0,32.0,12.02,70.0,,2275,2015,2017
636015696,228.0,32.0,14.4,70.0,,90,2020,2020
636015698,228.0,32.0,14.5,70.0,,371,2020,2020
636015701,229.0,32.0,14.4,70.0,,390,2021,2022
636015703,182.0,32.0,7.5,80.0,,269,2025,2025
636015704,182.0,32.0,12.9,80.0,,62,2023,2023
636015706,182.0,32.0,12.9,80.0,,437,2023,2023
636015708,169.0,27.0,9.8,70.0,,871,2019,2021
636015709,200.0,32.0,9.72,70.0,,653,2015,2017
636015710,199.0,32.0,13.3,70.0,,1211,2021,2025
636015713,169.0,27.0,9.8,70.0,,144,2018,2018
636015738,158.0,25.0,10.5,80.0,,4860,2015,2023
636015743,317.0,43.0,14.5,70.0,,1277,2018,2020
636015744,318.0,43.0,14.5,70.0,,1266,2016,2017
636015749,228.0,32.0,14.5,80.0,,1393,2017,2019
636015750,179.0,28.0,9.8,70.0,,978,2015,2020
636015751,178.0,28.0,9.8,70.0,,269,2018,2018
636015754,259.0,32.0,12.6,70.0,,737,2021,2022
636015757,190.0,32.0,12.0,79.0,,367,2016,2024
636015759,190.0,32.0,12.6,70.0,,833,2018,2024
636015760,190.0,32.0,9.3,70.0,,1350,2018,2023
636015761,274.0,48.0,17.0,80.0,,112,2021,2021
636015767,237.0,42.0,14.9,80.0,,437,2020,2020
636015771,199.0,32.0,9.7,70.0,,758,2020,2025
636015776,228.0,32.0,14.46,80.0,,1331,2015,2021
636015782,181.0,28.0,10.0,70.0,,470,2018,2018
636015794,159.0,26.0,9.8,70.0,,289,2018,2018
636015806,255.0,37.0,13.5,70.0,,260,2021,2021
636015815,228.0,32.0,7.2,70.0,,465,2025,2025
636015817,228.0,32.0,14.4,70.0,,467,2022,2022
636015818,228.0,32.0,14.4,70.0,,916,2020,2021
636015819,199.0,32.0,10.0,70.0,,496,2018,2022
636015834,228.0,32.0,14.5,80.0,,1430,2015,2025
636015840,139.0,22.0,7.4,70.0,,9773,2015,2023
636015849,189.0,32.0,12.8,70.0,,443,2021,2021
636015857,292.0,45.0,18.2,70.0,,641,2016,2023
636015860,270.0,42.0,14.5,70.0,,812,2018,2020
636015861,270.0,42.0,14.5,70.0,,28,2018,2018
636015872,270.0,42.0,14.5,70.0,,1294,2018,2022
636015874,189.0,32.0,12.8,70.0,,696,2020,2022
636015875,183.0,32.0,13.3,80.0,,93,2015,2015
636015879,274.0,48.0,17.0,89.0,,317,2017,2017
636015880,274.0,48.0,17.0,80.0,,436,2016,2016
636015893,175.0,27.0,8.7,70.0,,465,2018,2018
636015897,260.0,32.0,12.6,70.0,,2807,2021,2023
636015902,190.0,32.0,12.3,70.0,,1558,2015,2021
636015907,229.0,32.0,14.6,70.0,,356,2023,2023
636015908,229.0,32.0,14.6,70.0,,446,2019,2019
636015913,129.0,20.0,8.7,80.0,,902,2015,2017
636015933,240.0,42.0,14.9,80.0,,451,2017,2017
636015939,160.0,26.0,10.9,83.0,,189,2017,2021
636015941,160.0,26.0,10.92,89.0,,1183,2015,2021
636015943,154.0,26.0,8.82,80.0,,468,2015,2015
636015945,154.0,25.0,8.8,80.0,,42,2019,2019
636015949,200.0,32.0,9.7,70.0,,621,2016,2024
636015952,279.0,40.0,14.0,70.0,,2846,2018,2022
636015953,141.0,24.0,9.7,80.0,,1906,2018,2024
636015956,170.0,26.0,9.7,70.0,,1013,2018,2025
636015957,170.0,26.0,9.9,80.0,,2261,2018,2022
636015971,158.0,25.0,10.4,80.0,,432,2022,2022
636015972,158.0,25.0,10.4,80.0,,3009,2015,2022
636015975,299.0,40.0,11.9,71.0,,3059,2019,2025
636015976,240.0,42.0,14.9,89.0,,424,2016,2016
636015980,299.0,48.0,14.5,70.0,,385,2022,2022
636015986,225.0,32.0,14.3,70.0,,103,2024,2024
636015990,169.0,27.0,9.8,70.0,,2587,2019,2025
636015993,182.0,31.0,9.0,70.0,,186,2019,2019
636015999,274.0,48.0,17.0,80.0,,280,2016,2023
636016005,183.0,32.0,13.3,80.0,,337,2023,2023
636016038,255.0,37.0,13.5,70.0,,907,2021,2021
636016043,139.0,25.0,8.4,70.0,,470,2020,2020
636016066,299.0,37.0,13.0,70.0,,544,2023,2024
636016070,225.0,32.0,13.9,70.0,,464,2020,2020
636016074,270.0,42.0,14.6,70.0,,458,2020,2024
636016080,248.0,43.0,13.6,80.0,,1046,2018,2021
636016093,244.0,42.0,13.6,80.0,,974,2022,2025
636016096,199.0,32.0,9.7,70.0,,11,2019,2019
636016098,141.0,24.0,9.7,80.0,,1823,2016,2024
636016100,229.0,32.0,14.3,70.0,,176,2024,2024
636016109,182.0,32.0,7.4,80.0,,1637,2019,2025
636016125,299.0,48.0,14.5,70.0,,409,2023,2023
636016126,270.0,42.0,14.6,70.0,,2746,2016,2025
636016127,243.0,42.0,15.7,80.0,,796,2022,2025
636016129,274.0,48.0,17.2,80.0,,236,2021,2021
636016151,229.0,32.0,14.5,70.0,,901,2015,2025
636016152,229.0,32.0,14.5,70.0,,370,2018,2018
636016161,199.0,32.0,7.8,70.0,,71,2024,2024
636016167,156.0,23.0,9.5,70.0,,321,2018,2018
636016173,248.0,43.0,14.2,80.0,,76,2017,2017
636016175,189.0,32.0,12.5,70.0,,119,2021,2021
636016176,120.0,20.0,6.0,80.0,,1674,2019,2021
636016177,299.0,48.0,14.5,70.0,,679,2022,2023
636016179,172.0,27.0,7.1,70.0,,397,2023,2023
636016185,270.0,42.0,14.6,70.0,,761,2019,2024
636016192,146.0,24.0,9.72,80.0,,270,2015,2015
636016193,146.0,24.0,9.72,80.0,,268,2015,2015
636016197,199.0,32.0,13.3,70.0,,376,2022,2022
636016198,189.0,32.0,11.9,70.0,,849,2021,2021
636016199,293.0,40.0,14.0,71.0,,1179,2017,2021
636016200,293.0,40.0,14.0,70.0,,2931,2015,2021
636016201,339.0,45.0,14.5,70.0,,2402,2018,2022
636016202,293.0,40.0,,70.0,,473,2015,2015
636016203,260.0,32.0,12.6,70.0,,356,2021,2021
636016204,294.0,32.0,13.5,70.0,,1692,2021,2022
636016205,182.0,32.0,9.0,79.0,,1456,2023,2025
636016206,183.0,32.0,8.9,70.0,,1143,2023,2025
636016231,270.0,42.0,14.6,70.0,,1694,2019,2025
636016233,139.0,25.0,8.4,70.0,,751,2019,2024
636016242,293.0,40.0,14.0,70.0,,3822,2018,2025
636016243,229.0,32.0,6.9,70.0,,471,2024,2024
636016257,225.0,32.0,11.9,70.0,,81,2016,2016
636016261,225.0,32.0,14.0,70.0,,528,2017,2017
636016266,189.0,32.0,12.7,70.0,,242,2018,2019
636016273,243.0,42.0,15.6,80.0,,83,2021,2021
636016274,243.0,42.0,15.6,80.0,,666,2022,2023
636016288,199.0,32.0,13.3,70.0,,465,2022,2022
636016291,183.0,32.0,13.3,80.0,,301,2022,2025
636016293,183.0,32.0,13.3,80.0,,507,2018,2025
636016302,182.0,32.0,11.0,80.0,,435,2020,2020
636016305,299.0,48.0,14.5,70.0,,172,2022,2022
636016306,300.0,48.0,10.3,71.0,,213,2024,2024
636016307,270.0,42.0,13.0,70.0,,404,2021,2021
636016315,184.0,27.0,8.3,80.0,,1617,2023,2025
636016321,299.0,48.0,14.5,70.0,,463,2023,2023
636016322,225.0,32.0,14.0,70.0,,868,2019,2021
636016326,189.0,31.0,11.74,70.0,,280,2015,2015
636016337,199.0,32.0,13.0,70.0,,876,2020,2024
636016351,300.0,50.0,15.1,70.0,,93,2023,2023
636016356,113.0,19.0,8.02,70.0,,115,2015,2015
636016360,145.0,24.0,9.8,80.0,,856,2018,2023
636016361,145.0,24.0,9.8,80.0,,469,2020,2020
636016362,145.0,24.0,9.8,80.0,,2396,2018,2024
636016363,145.0,24.0,9.8,80.0,,2098,2018,2025
636016364,145.0,24.0,9.6,80.0,,3084,2020,2025
636016396,159.0,24.0,9.4,80.0,,3073,2018,2025
636016397,159.0,24.0,9.4,80.0,,1185,2018,2025
636016398,159.0,24.0,9.4,80.0,,2404,2018,2022
636016399,159.0,24.0,9.4,80.0,,2415,2018,2024
636016400,159.0,24.0,9.4,80.0,,571,2019,2022
636016402,183.0,32.0,11.2,80.0,,119,2025,2025
636016403,183.0,32.0,13.2,80.0,,251,2018,2021
636016406,183.0,32.0,12.5,80.0,,1083,2017,2023
636016407,183.0,32.0,12.5,80.0,,417,2022,2025
636016415,243.0,32.0,10.8,70.0,,3084,2022,2025
636016416,175.0,29.0,9.6,70.0,,126,2018,2018
636016417,243.0,32.0,11.5,70.0,,337,2022,2022
636016419,180.0,23.0,9.8,70.0,,457,2016,2016
636016420,200.0,32.0,9.7,70.0,,1108,2015,2025
636016421,180.0,31.0,11.6,70.0,,491,2017,2021
636016423,294.0,32.0,13.7,70.0,,1488,2021,2025
636016424,294.0,32.0,13.65,70.0,,43,2015,2015
636016429,277.0,40.0,14.0,70.0,,734,2018,2019
636016430,281.0,32.0,12.5,70.0,,2005,2015,2025
636016431,282.0,32.0,12.5,70.0,,2815,2015,2025
636016432,281.0,32.0,12.5,70.0,,3306,2015,2024
636016433,277.0,40.0,14.0,70.0,,3359,2018,2021
636016434,281.0,32.0,12.5,70.0,,2694,2018,2025
636016435,281.0,32.0,12.5,70.0,,2813,2015,2025
636016436,281.0,32.0,12.5,70.0,,1714,2016,2024
636016437,281.0,32.0,12.1,70.0,,1665,2019,2025
636016445,199.0,32.0,10.0,70.0,,216,2018,2024
636016447,189.0,32.0,12.7,70.0,,139,2023,2023
636016450,229.0,32.0,14.6,70.0,,1683,2015,2020
636016454,225.0,32.0,14.1,70.0,,947,2017,2017
636016464,243.0,42.0,15.6,80.0,,979,2017,2020
636016476,293.0,32.0,11.9,77.0,,992,2016,2025
636016478,179.0,31.0,10.5,70.0,,80,2018,2018
636016480,190.0,32.0,12.6,70.0,,1866,2015,2021
636016487,178.0,28.0,9.7,70.0,,611,2020,2024
636016492,294.0,32.0,13.0,70.0,,2219,2015,2023
636016497,199.0,32.0,13.0,70.0,,1711,2021,2023
636016498,199.0,32.0,13.3,70.0,,1460,2021,2023
636016499,199.0,32.0,9.8,70.0,,749,2022,2023
636016502,172.0,27.0,9.2,74.0,,730,2024,2025
636016529,228.0,32.0,14.4,70.0,,453,2019,2019
636016531,199.0,32.0,7.7,70.0,,612,2022,2022
636016560,189.0,32.0,12.8,70.0,,443,2018,2018
636016589,294.0,32.0,13.7,70.0,,504,2015,2016
636016590,180.0,28.0,10.7,70.0,,2363,2015,2018
636016596,116.0,17.0,6.8,89.0,,2626,2015,2019
636016601,199.0,32.0,13.3,70.0,,876,2018,2023
636016606,199.0,32.0,10.0,70.0,,3287,2018,2024
636016613,183.0,32.0,12.2,80.0,,766,2021,2022
636016646,186.0,27.0,11.3,70.0,,2717,2016,2021
636016647,186.0,27.0,11.3,70.0,,4543,2019,2025
636016648,185.0,27.0,13.3,70.0,,1636,2016,2019
636016649,186.0,27.0,11.3,70.0,,2497,2018,2020
636016650,186.0,27.0,11.3,70.0,,322,2022,2022
636016651,186.0,27.0,11.3,70.0,,1463,2019,2020
636016656,200.0,24.0,10.75,70.0,,921,2015,2019
636016657,229.0,32.0,8.0,70.0,,469,2023,2023
636016658,159.0,24.0,,80.0,,796,2018,2018
636016661,159.0,,,80.0,,280,2021,2021
636016671,225.0,32.0,14.0,70.0,,139,2023,2023
636016672,299.0,40.0,14.0,70.0,,553,2022,2022
636016673,299.0,40.0,11.6,70.0,,1068,2022,2025
636016678,,,,70.0,,352,2023,2023
636016679,,,,70.0,,226,2022,2022
636016680,225.0,32.0,14.0,70.0,,2,2019,2019
636016688,189.0,32.0,12.2,70.0,,593,2023,2024
636016692,169.0,27.0,9.8,70.0,,895,2018,2018
636016696,228.0,42.0,14.8,80.0,,603,2019,2021
636016697,229.0,32.0,14.6,70.0,,734,2022,2023
636016698,250.0,44.0,15.1,80.0,,1087,2017,2024
636016699,249.0,44.0,15.1,80.0,,301,2016,2023
636016703,259.0,37.0,11.8,70.0,,959,2018,2022
636016705,259.0,37.0,12.8,70.0,,1867,2018,2025
636016707,199.0,32.0,13.3,70.0,,1152,2019,2022
636016708,199.0,32.0,12.2,70.0,,1070,2024,2024
636016709,199.0,32.0,13.3,70.0,,72,2019,2019
636016710,158.0,25.0,10.5,80.0,,4307,2015,2025
636016722,189.0,35.0,10.6,80.0,,757,2023,2024
636016725,189.0,35.0,11.2,80.0,,735,2023,2025
636016726,189.0,,,80.0,,1017,2018,2023
636016730,224.0,32.0,14.1,70.0,,139,2018,2018
636016731,213.0,32.0,12.3,80.0,,2809,2017,2025
636016732,154.0,26.0,9.5,70.0,,2735,2020,2020
636016740,183.0,,,80.0,,526,2019,2019
636016742,199.0,32.0,10.0,70.0,,497,2021,2025
636016750,229.0,32.0,14.4,70.0,,512,2021,2021
636016751,229.0,32.0,14.4,70.0,,432,2019,2020
636016769,189.0,32.0,12.9,70.0,,617,2019,2022
636016770,222.0,30.0,11.0,70.0,,445,2024,2025
636016774,179.0,30.0,10.5,70.0,,409,2021,2021
636016791,199.0,32.0,13.0,70.0,,945,2021,2024
636016795,190.0,32.0,12.7,70.0,,759,2016,2024
636016796,210.0,30.0,11.5,70.0,,361,2018,2018
636016801,183.0,32.0,8.5,80.0,,972,2024,2025
636016805,208.0,29.0,11.4,70.0,,909,2018,2025
636016808,122.0,20.0,5.3,70.0,,930,2018,2018
636016815,190.0,32.0,12.82,70.0,,401,2015,2015
636016820,199.0,32.0,13.3,70.0,,601,2019,2021
636016821,190.0,32.0,12.8,70.0,,458,2015,2015
636016823,225.0,32.0,14.13,70.0,,139,2015,2015
636016824,189.0,32.0,12.5,70.0,,792,2015,2020
636016826,170.0,28.0,5.5,70.0,,453,2023,2023
636016844,189.0,30.0,10.8,70.0,,461,2021,2021
636016847,199.0,,,70.0,,635,2021,2022
636016848,199.0,,,70.0,,894,2019,2023
636016851,210.0,30.0,11.5,70.0,,1339,2017,2022
636016852,230.0,32.0,12.0,70.0,,653,2016,2023
636016853,294.0,32.0,13.7,70.0,,1227,2017,2023
636016855,304.0,40.0,14.0,71.0,,1559,2015,2015
636016858,366.0,48.0,16.5,70.0,,127,2021,2021
636016891,189.0,30.0,11.0,70.0,,281,2020,2020
636016895,222.0,32.0,12.0,70.0,,208,2023,2023
636016900,225.0,32.0,7.6,70.0,,875,2025,2025
636016904,294.0,32.0,13.5,79.0,,84,2015,2015
636016908,306.0,40.0,9.0,70.0,,371,2021,2021
636016910,179.0,28.0,10.0,70.0,,171,2018,2018
636016911,179.0,28.0,10.0,70.0,,1187,2015,2022
636016912,179.5,28.0,8.55,79.0,,950,2015,2024
636016916,120.0,19.0,7.8,70.0,,510,2017,2017
636016922,179.0,28.0,10.2,70.0,,316,2022,2022
636016926,169.0,27.0,9.8,70.0,,463,2022,2022
636016928,278.0,40.0,14.0,70.0,,468,2019,2019
636016933,145.0,24.0,7.9,83.0,,1377,2024,2025
636016940,260.0,32.0,12.6,70.0,,1174,2016,2017
636016946,183.0,,,80.0,,1298,2018,2023
636016947,183.0,,,80.0,,371,2022,2023
636016949,183.0,,,80.0,,388,2018,2018
636016951,,,,80.0,,429,2019,2021
636016964,225.0,32.0,14.2,70.0,,678,2018,2018
636016965,146.0,23.0,9.6,80.0,,3534,2016,2022
636016968,241.0,42.0,14.9,80.0,,340,2020,2020
636016969,241.0,42.0,14.9,80.0,,442,2019,2019
636016971,199.0,,,70.0,,452,2023,2023
636016972,199.0,29.0,7.6,70.0,,415,2025,2025
636016973,230.0,32.0,12.0,70.0,,2783,2018,2023
636016975,139.0,22.0,7.4,70.0,,11286,2016,2025
636016978,278.0,40.0,12.5,70.0,,1688,2021,2023
636016980,277.0,40.0,14.0,70.0,,244,2022,2022
636016983,300.0,48.0,11.4,71.0,,749,2022,2025
636016988,190.0,32.0,12.7,70.0,,531,2021,2021
636016998,119.0,18.0,7.8,70.0,,898,2018,2019
636016999,294.0,32.0,13.0,70.0,,1299,2021,2025
636017000,294.0,32.0,13.5,70.0,,1424,2016,2025
636017002,229.0,32.0,14.5,70.0,,881,2022,2025
636017004,133.0,15.0,7.9,70.0,,1776,2016,2020
636017006,294.0,32.0,13.5,71.0,,612,2017,2023
636017008,179.0,,,70.0,,319,2020,2020
636017022,188.0,30.0,11.5,70.0,,1445,2022,2024
636017034,179.0,,,70.0,,479,2022,2022
636017036,5.0,,8.9,70.0,,1730,2018,2024
636017045,210.0,30.0,11.5,70.0,,103,2022,2022
636017052,178.0,28.0,9.8,70.0,,2438,2017,2025
636017060,274.0,,,80.0,,346,2022,2022
636017062,199.0,32.0,9.7,70.0,,1912,2016,2024
636017070,179.0,30.0,6.7,70.0,,2605,2019,2025
636017071,179.0,,,70.0,,2805,2018,2023
636017072,180.0,30.0,9.1,70.0,,2254,2021,2025
636017073,180.0,30.0,7.2,70.0,,1962,2021,2025
636017074,180.0,30.0,7.5,70.0,,1072,2022,2025
636017075,180.0,30.0,7.5,70.0,,1761,2021,2025
636017076,180.0,30.0,7.4,70.0,,899,2023,2025
636017077,180.0,30.0,7.1,70.0,,1741,2022,2025
636017090,229.0,32.0,14.5,70.0,,20,2019,2019
636017100,199.0,,,70.0,,830,2018,2021
636017102,300.0,48.0,12.3,71.0,,1118,2022,2024
636017103,300.0,48.0,11.0,70.0,,2968,2018,2025
636017104,300.0,48.0,11.6,70.0,,2690,2021,2025
636017106,274.0,48.0,17.1,80.0,,100,2018,2018
636017107,229.0,32.0,7.5,70.0,,83,2025,2025
636017110,274.0,50.0,17.0,80.0,,203,2018,2018
636017112,208.0,29.0,11.6,70.0,,1075,2021,2021
636017134,249.0,43.0,14.9,80.0,,582,2018,2019
636017138,187.0,32.0,12.9,70.0,,190,2018,2018
636017139,225.0,32.0,14.0,70.0,,125,2017,2017
636017140,180.0,28.0,7.0,80.0,,327,2023,2023
636017141,180.0,28.0,7.2,80.0,,233,2023,2023
636017142,180.0,28.0,7.5,80.0,,1913,2023,2024
636017153,208.0,29.0,11.6,70.0,,1013,2019,2025
636017154,208.0,29.0,11.6,70.0,,918,2017,2020
636017155,208.0,29.0,11.6,70.0,,2995,2018,2024
636017164,170.0,24.0,10.8,70.0,,827,2020,2021
636017165,146.0,24.0,9.5,80.0,,6472,2016,2025
636017171,229.0,32.0,7.2,70.0,,476,2024,2024
636017173,299.0,40.0,12.1,70.0,,1976,2023,2024
636017176,276.0,40.0,14.0,70.0,,936,2018,2020
636017184,189.0,32.0,12.8,70.0,,2468,2019,2024
636017197,199.0,,10.9,70.0,,501,2020,2025
636017199,262.0,32.0,12.5,71.0,,115,2017,2017
636017201,262.0,32.0,12.5,71.0,,125,2016,2016
636017209,97.0,15.0,7.0,80.0,,466,2017,2017
636017218,211.0,29.0,11.4,70.0,,677,2018,2018
636017219,211.0,29.0,11.4,70.0,,312,2021,2021
636017229,190.0,32.0,6.6,70.0,,652,2020,2024
636017242,189.0,32.0,7.0,70.0,,958,2021,2024
636017260,145.0,24.0,7.7,80.0,,1346,2022,2024
636017261,186.0,23.0,10.4,70.0,,395,2018,2020
636017262,185.0,23.0,10.4,70.0,,31,2018,2018
636017269,238.0,42.0,14.9,82.0,,630,2016,2022
636017280,225.0,32.0,14.3,70.0,,612,2017,2017
636017294,199.0,32.0,9.0,70.0,,2185,2017,2025
636017305,180.0,,,70.0,,471,2019,2019
636017306,299.0,40.0,14.0,70.0,,976,2019,2022
636017309,212.0,30.0,9.5,70.0,,430,2022,2022
636017312,182.0,32.0,12.7,80.0,,337,2016,2016
636017322,156.0,,,80.0,,219,2019,2019
636017329,179.0,30.0,7.5,70.0,,2138,2018,2024
636017330,177.0,29.0,8.6,70.0,,396,2025,2025
636017331,116.0,20.0,8.4,80.0,,6261,2016,2025
636017332,116.0,20.0,8.4,80.0,,1939,2018,2021
636017333,116.0,20.0,8.4,89.0,,1960,2016,2019
636017335,145.0,24.0,7.1,80.0,,2697,2019,2025
636017344,190.0,30.0,9.7,70.0,,289,2024,2024
636017350,225.0,31.0,12.2,70.0,,776,2018,2019
636017351,225.0,30.0,12.2,70.0,,1461,2018,2019
636017352,224.0,30.0,12.2,70.0,,1016,2019,2021
636017356,229.0,,,70.0,,476,2023,2023
636017358,322.0,,,70.0,,1792,2018,2018
636017361,224.0,30.0,12.0,70.0,,502,2018,2019
636017366,199.0,32.0,6.8,70.0,,6,2024,2024
636017368,228.0,36.0,7.8,70.0,,763,2018,2024
636017370,,,,70.0,,365,2022,2022
636017374,140.0,23.0,7.0,70.0,,758,2021,2021
636017377,228.0,36.0,7.3,70.0,,438,2022,2022
636017381,199.0,,,70.0,,377,2018,2018
636017382,199.0,32.0,11.7,70.0,,937,2020,2025
636017384,240.0,42.0,8.5,70.0,,424,2018,2018
636017385,229.0,,,70.0,,129,2019,2019
636017386,229.0,,,70.0,,5,2022,2022
636017387,183.0,,,80.0,,474,2021,2021
636017388,199.0,,,70.0,,1062,2018,2020
636017389,199.0,,,70.0,,464,2018,2018
636017392,144.0,,,70.0,,928,2023,2023
636017393,,,6.4,70.0,,1626,2022,2024
636017398,288.0,45.0,18.2,70.0,,411,2018,2018
636017409,179.0,29.0,8.0,80.0,,1324,2021,2025
636017410,179.0,30.0,7.7,80.0,,1803,2018,2025
636017412,180.0,30.0,7.3,80.0,,457,2021,2024
636017415,229.0,32.0,14.5,70.0,,202,2017,2017
636017419,229.0,,7.0,70.0,,268,2025,2025
636017425,299.0,40.0,14.5,71.0,,968,2016,2016
636017426,144.0,24.0,9.5,80.0,,1575,2018,2020
636017430,189.0,,,70.0,,474,2020,2020
636017435,400.0,59.0,11.7,71.0,,56,2024,2024
636017455,199.0,,,70.0,,478,2018,2018
636017461,199.0,,,70.0,,445,2018,2018
636017464,199.0,,,70.0,,456,2018,2018
636017465,,,,70.0,,238,2019,2019
636017469,229.0,,,70.0,,463,2019,2019
636017474,322.0,,,70.0,,284,2018,2018
636017477,274.0,48.0,17.1,80.0,,31,2017,2017
636017488,199.0,,,70.0,,331,2020,2020
636017489,,,,70.0,,412,2023,2023
636017490,144.0,24.0,5.8,82.0,,792,2022,2022
636017492,199.0,,,70.0,,106,2018,2018
636017493,,,,70.0,,457,2020,2020
636017495,188.0,32.0,12.8,70.0,,78,2018,2018
636017500,,,,80.0,,3,2022,2022
636017501,228.0,,,80.0,,411,2018,2018
636017506,399.0,59.0,14.2,71.0,,462,2023,2023
636017514,294.0,32.0,11.6,74.0,,885,2022,2025
636017518,199.0,,,70.0,,476,2018,2018
636017519,199.0,,,70.0,,914,2018,2023
636017522,291.0,,,70.0,,284,2023,2023
636017526,144.0,,,70.0,,784,2018,2019
636017535,199.0,,,70.0,,659,2018,2019
636017536,199.0,,,70.0,,667,2018,2019
636017537,399.0,54.0,13.5,70.0,,474,2024,2024
636017539,200.0,32.0,7.8,70.0,,2211,2018,2024
636017540,200.0,38.0,8.6,70.0,,1078,2022,2025
636017541,184.0,27.0,10.8,80.0,,681,2022,2024
636017552,274.0,48.0,10.9,80.0,,697,2016,2017
636017553,274.0,48.0,9.0,80.0,,401,2017,2017
636017559,180.0,,,70.0,,946,2021,2021
636017560,180.0,32.0,11.0,70.0,,820,2018,2024
636017571,199.0,32.0,6.9,70.0,,1181,2019,2024
636017577,398.0,59.0,14.5,70.0,,289,2023,2023
636017581,260.0,32.0,12.5,70.0,,68,2018,2018
636017582,201.0,30.0,10.1,70.0,,235,2022,2022
636017583,179.0,,,70.0,,61,2020,2020
636017596,183.0,32.0,11.1,80.0,,1842,2019,2025
636017607,169.0,27.0,7.8,70.0,,1128,2023,2023
636017611,190.0,24.0,6.8,79.0,,955,2024,2024
636017617,189.0,32.0,12.7,70.0,,1432,2018,2021
636017621,183.0,32.0,10.5,80.0,,1775,2021,2025
636017637,200.0,32.0,7.0,70.0,,1726,2019,2025
636017641,318.0,42.0,14.0,70.0,,496,2019,2020
636017642,318.0,42.0,14.5,70.0,,1100,2016,2019
636017643,318.0,43.0,14.0,79.0,,3457,2016,2025
636017644,199.0,,,70.0,,1185,2018,2021
636017645,200.0,32.0,12.8,70.0,,73,2022,2022
636017647,183.0,32.0,13.2,80.0,,1991,2017,2022
636017649,,,12.0,70.0,,460,2025,2025
636017653,183.0,32.0,13.2,80.0,,365,2018,2018
636017654,183.0,32.0,13.2,80.0,,575,2019,2021
636017655,183.0,32.0,13.2,89.0,,2501,2016,2021
636017659,147.0,23.0,8.5,70.0,,4325,2018,2023
636017669,306.0,40.0,12.4,79.0,,794,2019,2021
636017670,306.0,40.0,13.8,70.0,,362,2022,2022
636017671,306.0,40.0,10.8,70.0,,1091,2020,2020
636017683,176.0,28.0,7.6,71.0,,900,2019,2025
636017685,400.0,59.0,14.5,71.0,,249,2024,2024
636017692,224.0,32.0,14.5,70.0,,637,2019,2019
636017711,,,,80.0,,630,2018,2020
636017720,250.0,43.0,8.3,70.0,,414,2025,2025
636017722,333.0,43.0,14.5,71.0,,1032,2017,2018
636017723,332.0,43.0,14.5,70.0,,1907,2017,2020
636017725,229.0,32.0,7.9,70.0,,529,2018,2020
636017730,204.0,28.0,11.0,70.0,,367,2018,2018
636017731,204.0,28.0,11.0,70.0,,1226,2017,2022
636017741,,,,80.0,,225,2019,2019
636017742,,,6.2,80.0,,540,2019,2024
636017745,292.0,45.0,10.8,70.0,,475,2022,2023
636017751,188.0,32.0,11.1,70.0,,1428,2021,2024
636017753,304.0,40.0,14.5,70.0,,2602,2018,2020
636017764,190.0,32.0,10.6,70.0,,456,2021,2021
636017765,,,,82.0,,460,2021,2021
636017767,,,,70.0,,520,2023,2023
636017775,118.0,19.0,8.2,80.0,,1424,2016,2017
636017776,118.0,19.0,8.2,82.0,,2251,2017,2019
636017780,190.0,32.0,11.0,70.0,,582,2021,2022
636017796,250.0,44.0,14.8,81.0,,459,2017,2017
636017802,228.0,32.0,11.6,79.0,,450,2023,2023
636017807,181.0,26.0,10.0,70.0,,452,2018,2018
636017827,183.0,32.0,10.7,80.0,,1219,2019,2024
636017828,145.0,24.0,9.6,80.0,,5994,2018,2025
636017829,158.0,26.0,10.1,80.0,,868,2024,2024
636017830,182.0,32.0,10.7,80.0,,2036,2019,2024
636017831,182.0,32.0,10.7,80.0,,1456,2018,2020
636017832,144.0,24.0,9.6,80.0,,8011,2017,2025
636017833,183.0,28.0,10.0,80.0,,1428,2018,2021
636017834,183.0,32.0,10.7,80.0,,2063,2018,2025
636017835,182.0,32.0,10.7,80.0,,2928,2018,2021
636017836,182.0,32.0,10.7,80.0,,1908,2018,2020
636017837,159.0,25.0,10.3,85.0,,2976,2017,2025
636017838,169.0,25.0,11.0,80.0,,1310,2017,2023
636017839,183.0,28.0,10.0,80.0,,1012,2018,2022
636017845,183.0,32.0,13.0,80.0,,1071,2018,2021
636017846,189.0,32.0,11.6,70.0,,173,2018,2018
636017857,,,,80.0,,1907,2018,2021
636017858,244.0,43.0,10.9,80.0,,1682,2021,2024
636017859,244.0,43.0,8.7,80.0,,1275,2021,2024
636017870,199.0,38.0,9.3,70.0,,4353,2021,2025
636017878,167.0,30.0,8.7,70.0,,2142,2023,2025
636017896,,,,70.0,,1280,2022,2023
636017897,,,,70.0,,443,2023,2023
636017898,186.0,28.0,6.2,70.0,,302,2024,2024
636017902,169.0,27.0,9.8,79.0,,418,2017,2017
636017903,,,,70.0,,472,2023,2023
636017916,366.0,48.0,13.1,74.0,,182,2022,2022
636017923,170.0,27.0,7.7,70.0,,449,2022,2022
636017924,225.0,32.0,14.0,70.0,,279,2017,2017
636017929,210.0,30.0,11.5,70.0,,1117,2020,2021
636017950,228.0,36.0,8.4,80.0,,821,2022,2025
636017971,210.0,30.0,11.5,70.0,,1078,2018,2020
636017972,304.0,40.0,14.2,70.0,,1356,2017,2019
636017973,304.0,40.0,14.2,70.0,,1312,2017,2020
636017974,304.0,40.0,14.2,71.0,,537,2017,2020
636017981,190.0,32.0,12.2,70.0,,799,2022,2025
636017982,190.0,32.0,9.1,70.0,,827,2023,2024
636017983,190.0,33.0,11.6,70.0,,857,2021,2023
636017984,229.0,32.0,12.4,70.0,,840,2021,2024
636017986,183.0,32.0,13.3,80.0,,629,2018,2021
636017989,229.0,32.0,7.5,70.0,,213,2022,2022
636017990,250.0,44.0,13.9,89.0,,908,2022,2023
636017991,144.0,24.0,7.9,80.0,,1170,2021,2025
636017992,189.0,32.0,7.2,70.0,,720,2021,2025
636017993,231.0,32.0,10.3,71.0,,1127,2019,2021
636017994,230.0,32.0,12.0,70.0,,1496,2021,2022
636018002,189.0,30.0,7.1,89.0,,2378,2019,2025
636018003,225.0,32.0,14.0,70.0,,1244,2017,2017
636018018,300.0,43.0,14.5,70.0,,2878,2017,2024
636018023,,,,70.0,,459,2022,2022
636018024,200.0,32.0,7.9,79.0,,456,2021,2021
636018028,349.0,45.0,15.0,70.0,,3240,2020,2023
636018037,349.0,45.0,15.0,70.0,,333,2019,2020
636018038,349.0,45.0,15.0,70.0,,4349,2019,2024
636018039,146.0,24.0,9.7,80.0,,497,2017,2017
636018042,177.0,28.0,10.4,70.0,,1014,2022,2024
636018051,229.0,32.0,7.2,70.0,,73,2024,2024
636018055,199.0,32.0,9.9,70.0,,815,2024,2024
636018056,179.0,27.0,10.7,70.0,,3539,2018,2021
636018057,336.0,43.0,12.4,70.0,,936,2019,2025
636018058,335.0,42.0,12.3,70.0,,410,2025,2025
636018059,335.0,43.0,14.2,70.0,,162,2025,2025
636018062,178.0,28.0,9.8,70.0,,446,2022,2022
636018068,,,,70.0,,67,2021,2021
636018069,350.0,46.0,11.0,71.0,,861,2025,2025
636018070,349.0,45.0,15.0,70.0,,3887,2017,2023
636018075,336.0,45.0,15.0,70.0,,1273,2017,2023
636018077,300.0,50.0,9.4,70.0,,354,2021,2021
636018079,336.0,45.0,15.0,70.0,,1564,2019,2024
636018086,179.0,29.0,6.2,70.0,,245,2022,2024
636018088,199.0,32.0,10.5,70.0,,515,2018,2019
636018091,183.0,33.0,8.2,89.0,,748,2023,2024
636018097,260.0,32.0,11.2,71.0,,478,2023,2023
636018102,334.0,42.0,14.5,70.0,,2544,2018,2025
636018105,261.0,32.0,10.8,71.0,,98,2023,2023
636018107,102.0,17.0,6.6,80.0,,1489,2021,2022
636018112,189.0,32.0,12.8,70.0,,1394,2020,2023
636018113,249.0,44.0,12.5,80.0,,2846,2019,2025
636018123,189.0,32.0,11.2,81.0,,370,2022,2022
636018124,147.0,23.0,8.5,70.0,,423,2022,2022
636018135,193.0,28.0,8.6,71.0,,76,2022,2022
636018137,193.0,28.0,8.8,79.0,,1253,2022,2024
636018138,193.0,28.0,11.2,70.0,,1337,2019,2025
636018141,194.0,28.0,7.2,74.0,,681,2024,2025
636018143,194.0,28.0,7.8,79.0,,450,2025,2025
636018144,193.0,28.0,11.2,70.0,,511,2020,2020
636018145,193.0,28.0,11.2,70.0,,468,2023,2023
636018146,193.0,28.0,11.2,70.0,,873,2022,2023
636018188,289.0,45.0,11.6,70.0,,454,2018,2018
636018189,294.0,32.0,10.5,71.0,,2261,2019,2022
636018196,199.0,32.0,7.8,70.0,,468,2019,2019
636018221,199.0,32.0,11.6,70.0,,474,2023,2023
636018222,294.0,32.0,10.6,70.0,,3128,2018,2025
636018223,210.0,30.0,8.5,70.0,,1826,2018,2021
636018225,304.0,40.0,12.7,70.0,,906,2021,2022
636018226,159.0,21.0,7.6,70.0,,1387,2020,2025
636018233,229.0,32.0,14.4,70.0,,202,2020,2020
636018237,334.0,43.0,11.7,71.0,,524,2018,2018
636018238,200.0,32.0,9.3,70.0,,232,2021,2021
636018242,277.0,40.0,11.1,70.0,,1100,2023,2025
636018251,182.0,32.0,9.8,70.0,,665,2019,2023
636018259,277.0,40.0,14.0,70.0,,617,2018,2019
636018267,183.0,32.0,8.3,80.0,,83,2019,2019
636018268,195.0,32.0,8.5,74.0,,802,2021,2022
636018271,199.0,32.0,12.0,70.0,,612,2021,2021
636018276,314.0,48.0,10.4,74.0,,190,2022,2022
636018285,228.0,32.0,8.4,80.0,,196,2018,2018
636018304,200.0,38.0,8.5,70.0,,1398,2021,2025
636018316,180.0,28.0,7.7,70.0,,582,2020,2021
636018320,294.0,32.0,10.9,71.0,,830,2023,2025
636018330,180.0,30.0,8.5,70.0,,97,2021,2021
636018333,160.0,25.0,6.3,82.0,,660,2021,2022
636018341,182.0,30.0,8.6,70.0,,388,2021,2021
636018346,230.0,37.0,11.7,72.0,,892,2022,2022
636018347,199.0,38.0,9.6,70.0,,214,2023,2023
636018354,190.0,32.0,6.6,70.0,,130,2022,2022
636018362,190.0,32.0,6.5,70.0,,1120,2019,2022
636018364,267.0,32.0,11.3,79.0,,849,2021,2021
636018365,180.0,28.0,6.4,70.0,,498,2021,2021
636018377,225.0,32.0,12.8,70.0,,552,2022,2025
636018393,180.0,30.0,8.7,70.0,,933,2021,2021
636018396,199.0,32.0,6.6,70.0,,469,2022,2025
636018456,228.0,36.0,12.3,80.0,,540,2025,2025
636018457,131.0,19.0,6.4,79.0,,931,2019,2019
636018459,146.0,24.0,9.2,80.0,,731,2025,2025
636018471,259.0,32.0,10.5,79.0,,2055,2021,2022
636018477,292.0,45.0,13.7,70.0,,123,2023,2023
636018481,180.0,30.0,6.8,70.0,,40,2025,2025
636018488,143.0,22.0,9.5,70.0,,1257,2022,2022
636018494,199.0,38.0,9.4,70.0,,461,2024,2024
636018499,134.0,20.0,5.3,70.0,,447,2018,2018
636018514,228.0,36.0,12.8,80.0,,219,2024,2024
636018518,229.0,36.0,7.4,70.0,,473,2022,2022
636018523,230.0,37.0,11.5,71.0,,719,2022,2022
636018535,199.0,32.0,7.0,70.0,,1345,2022,2025
636018541,300.0,48.0,11.8,70.0,,1224,2021,2021
636018543,183.0,32.0,12.4,89.0,,378,2025,2025
636018546,183.0,32.0,11.3,80.0,,321,2023,2023
636018549,183.0,32.0,11.2,80.0,,1222,2021,2024
636018551,180.0,30.0,6.6,70.0,,1211,2023,2025
636018553,228.0,32.0,10.2,71.0,,440,2025,2025
636018554,166.0,22.0,8.3,70.0,,442,2018,2018
636018560,209.0,30.0,9.2,71.0,,547,2018,2018
636018565,228.0,36.0,7.8,80.0,,868,2023,2024
636018566,228.0,36.0,7.7,80.0,,774,2021,2025
636018567,229.0,32.0,7.6,84.0,,1163,2022,2023
636018568,230.0,32.0,8.7,80.0,,352,2024,2024
636018572,366.0,48.0,11.1,74.0,,686,2018,2024
636018574,229.0,32.0,11.6,70.0,,467,2025,2025
636018578,183.0,32.0,11.6,80.0,,29,2018,2018
636018579,250.0,44.0,9.0,80.0,,101,2023,2023
636018580,180.0,30.0,6.8,79.0,,1371,2019,2020
636018581,180.0,30.0,8.6,70.0,,457,2019,2019
636018585,229.0,32.0,7.7,70.0,,25,2021,2021
636018598,189.0,32.0,5.9,70.0,,529,2020,2020
636018604,183.0,32.0,9.0,80.0,,1064,2021,2024
636018605,183.0,32.0,11.2,89.0,,652,2022,2022
636018606,183.0,32.0,12.0,80.0,,381,2023,2023
636018607,183.0,32.0,7.9,82.0,,52,2021,2021
636018610,183.0,32.0,9.3,80.0,,428,2022,2022
636018611,183.0,32.0,8.5,80.0,,715,2022,2025
636018612,183.0,32.0,8.8,80.0,,424,2023,2023
636018613,183.0,32.0,11.7,80.0,,570,2021,2021
636018621,199.0,32.0,13.4,70.0,,136,2023,2023
636018629,199.0,32.0,11.6,70.0,,479,2021,2021
636018636,189.0,32.0,12.5,70.0,,623,2022,2025
636018639,183.0,32.0,9.3,80.0,,382,2022,2022
636018640,183.0,32.0,8.5,80.0,,927,2023,2024
636018644,189.0,32.0,11.2,70.0,,479,2021,2021
636018654,300.0,50.0,9.1,70.0,,470,2022,2022
636018659,304.0,40.0,14.1,70.0,,2045,2020,2023
636018660,304.0,40.0,12.5,70.0,,2177,2020,2025
636018693,222.0,30.0,9.3,79.0,,1171,2019,2022
636018700,368.0,51.0,12.9,70.0,,472,2024,2024
636018701,368.0,51.0,12.9,74.0,,198,2024,2024
636018702,368.0,51.0,14.9,71.0,,200,2024,2024
636018713,180.0,28.0,9.0,70.0,,1032,2021,2024
636018714,180.0,28.0,9.0,70.0,,461,2024,2024
636018722,228.0,32.0,10.9,80.0,,1092,2019,2025
636018723,183.0,32.0,10.9,80.0,,1047,2021,2025
636018724,183.0,32.0,11.3,80.0,,1284,2023,2025
636018725,183.0,32.0,11.9,80.0,,582,2024,2024
636018726,183.0,32.0,11.1,80.0,,566,2021,2025
636018727,183.0,32.0,10.2,82.0,,655,2021,2023
636018728,183.0,32.0,10.6,80.0,,612,2021,2025
636018729,215.0,30.0,10.2,71.0,,1260,2025,2025
636018732,214.0,30.0,10.0,71.0,,786,2021,2022
636018736,244.0,42.0,8.1,70.0,,430,2021,2021
636018758,182.0,32.0,7.6,89.0,,416,2022,2022
636018760,182.0,32.0,11.2,80.0,,3,2022,2022
636018761,182.0,32.0,9.2,80.0,,958,2023,2024
636018763,228.0,38.0,9.4,81.0,,917,2021,2022
636018800,318.0,43.0,11.5,71.0,,1583,2021,2025
636018807,262.0,32.0,10.3,72.0,,906,2020,2023
636018820,229.0,36.0,7.5,70.0,,344,2023,2023
636018824,183.0,32.0,8.4,80.0,,684,2022,2024
636018825,182.0,32.0,10.2,80.0,,451,2025,2025
636018837,180.0,30.0,9.9,70.0,,460,2023,2023
636018848,230.0,32.0,7.9,80.0,,625,2022,2023
636018849,230.0,32.0,8.1,81.0,,798,2025,2025
636018854,180.0,30.0,10.1,70.0,,986,2022,2025
636018861,228.0,30.0,8.4,80.0,,3044,2018,2025
636018862,228.0,32.0,11.6,80.0,,1619,2019,2023
636018870,229.0,32.0,7.7,70.0,,588,2022,2022
636018871,229.0,32.0,7.7,70.0,,464,2024,2024
636018885,274.0,48.0,15.9,80.0,,739,2021,2021
636018890,336.0,60.0,15.3,80.0,,477,2024,2024
636018895,134.0,22.0,8.4,81.0,,939,2021,2024
636018900,183.0,32.0,7.8,80.0,,930,2021,2025
636018901,183.0,32.0,8.3,80.0,,59,2021,2021
636018910,170.0,28.0,6.3,70.0,,182,2025,2025
636018912,318.0,42.0,10.8,70.0,,1838,2020,2024
636018924,183.0,32.0,7.5,80.0,,451,2023,2023
636018925,230.0,32.0,7.7,84.0,,1212,2021,2025
636018926,230.0,32.0,8.1,80.0,,424,2023,2023
636018931,185.0,30.0,10.3,79.0,,153,2024,2024
636018933,,,9.0,71.0,,1388,2022,2024
636018939,185.0,24.0,7.9,70.0,,968,2023,2024
636018959,250.0,44.0,13.4,89.0,,301,2021,2021
636018964,304.0,40.0,11.8,70.0,,778,2019,2021
636018973,300.0,50.0,9.7,70.0,,119,2022,2022
636018996,189.0,32.0,11.2,79.0,,124,2024,2024
636019020,289.0,45.0,10.9,70.0,,474,2021,2021
636019029,189.0,32.0,6.3,70.0,,1680,2021,2025
636019032,200.0,32.0,10.3,70.0,,416,2021,2021
636019033,200.0,32.0,11.3,70.0,,788,2025,2025
636019034,200.0,32.0,10.2,70.0,,375,2022,2022
636019035,200.0,32.0,8.0,70.0,,1569,2021,2024
636019061,259.0,32.0,11.0,79.0,,613,2024,2024
636019062,183.0,32.0,11.6,80.0,,364,2023,2023
636019065,139.0,23.0,8.3,70.0,,942,2020,2021
636019068,199.0,32.0,9.0,70.0,,469,2023,2023
636019071,250.0,44.0,13.6,80.0,,206,2022,2025
636019072,250.0,44.0,12.4,80.0,,372,2024,2024
636019074,229.0,32.0,8.0,80.0,,275,2019,2019
636019075,228.0,32.0,8.4,80.0,,2,2023,2023
636019077,183.0,32.0,8.0,89.0,,1280,2022,2024
636019079,274.0,48.0,15.5,80.0,,427,2022,2022
636019081,304.0,40.0,12.5,71.0,,634,2018,2020
636019085,304.0,40.0,12.6,72.0,,2059,2019,2022
636019086,304.0,40.0,13.2,72.0,,1185,2020,2022
636019087,304.0,40.0,12.4,71.0,,1677,2020,2022
636019088,304.0,40.0,12.2,70.0,,1867,2019,2020
636019104,183.0,32.0,7.5,80.0,,478,2023,2025
636019108,180.0,30.0,7.5,70.0,,80,2023,2023
636019109,229.0,32.0,7.2,70.0,,221,2022,2022
636019110,229.0,32.0,7.1,70.0,,828,2023,2024
636019120,142.0,22.0,5.6,80.0,,1447,2021,2025
636019125,277.0,40.0,9.1,71.0,,232,2019,2019
636019141,249.0,44.0,12.4,80.0,,224,2025,2025
636019143,170.0,27.0,9.2,70.0,,479,2022,2022
636019144,190.0,32.0,12.0,70.0,,1297,2022,2025
636019145,249.0,44.0,12.0,80.0,,4,2025,2025
636019161,180.0,30.0,8.6,70.0,,404,2024,2024
636019162,197.0,32.0,11.7,70.0,,216,2020,2020
636019169,186.0,28.0,10.3,70.0,,1751,2022,2025
636019170,199.0,32.0,7.5,70.0,,406,2025,2025
636019173,144.0,24.0,8.2,80.0,,1537,2023,2024
636019176,147.0,24.0,8.0,82.0,,881,2024,2025
636019177,147.0,24.0,9.9,82.0,,605,2021,2022
636019178,147.0,24.0,9.2,80.0,,3232,2021,2024
636019179,147.0,24.0,7.0,82.0,,1335,2021,2025
636019180,183.0,32.0,7.5,80.0,,458,2023,2023
636019181,183.0,32.0,10.2,80.0,,569,2024,2025
636019198,147.0,24.0,9.6,80.0,,254,2023,2025
636019199,147.0,24.0,7.7,80.0,,1874,2021,2024
636019200,147.0,24.0,7.9,80.0,,171,2021,2021
636019201,147.0,24.0,6.9,80.0,,490,2022,2022
636019203,147.0,24.0,8.0,80.0,,1438,2021,2023
636019204,146.0,24.0,6.9,80.0,,1591,2021,2025
636019206,366.0,48.0,14.6,71.0,,879,2022,2022
636019213,366.0,48.0,13.5,71.0,,473,2022,2022
636019214,366.0,48.0,14.9,74.0,,477,2024,2024
636019215,366.0,48.0,13.6,71.0,,860,2021,2025
636019238,190.0,33.0,6.9,70.0,,485,2023,2023
636019245,148.0,23.0,8.7,71.0,,61,2023,2023
636019261,183.0,32.0,7.9,89.0,,710,2019,2021
636019265,200.0,32.0,13.6,70.0,,40,2025,2025
636019270,183.0,32.0,8.5,89.0,,708,2019,2022
636019289,222.0,30.0,9.6,71.0,,199,2022,2022
636019291,228.0,32.0,7.5,70.0,,259,2022,2024
636019306,229.0,32.0,7.5,70.0,,1236,2021,2021
636019310,274.0,48.0,10.0,80.0,,254,2024,2024
636019325,200.0,32.0,10.3,70.0,,1503,2021,2023
636019327,249.0,44.0,8.0,89.0,,259,2021,2021
636019331,323.0,43.0,12.3,70.0,,2657,2021,2025
636019332,323.0,43.0,10.8,74.0,,2138,2022,2024
636019333,181.0,30.0,6.5,70.0,,901,2019,2021
636019342,299.0,42.0,10.5,71.0,,172,2025,2025
636019347,292.0,45.0,11.5,70.0,,409,2022,2022
636019355,304.0,40.0,10.0,70.0,,1097,2022,2024
636019356,200.0,32.0,7.5,70.0,,924,2021,2023
636019358,250.0,44.0,8.3,80.0,,443,2024,2024
636019384,183.0,32.0,7.5,83.0,,443,2021,2021
636019387,249.0,44.0,9.3,80.0,,457,2022,2025
636019392,237.0,42.0,14.5,80.0,,926,2023,2023
636019407,323.0,43.0,10.4,70.0,,461,2023,2025
636019409,180.0,30.0,6.6,70.0,,166,2025,2025
636019411,228.0,32.0,7.8,70.0,,56,2022,2022
636019413,334.0,42.0,12.8,71.0,,1739,2020,2021
636019418,185.0,27.0,10.8,80.0,,650,2020,2022
636019425,207.0,30.0,8.5,71.0,,1610,2021,2024
636019434,261.0,32.0,12.0,71.0,,387,2023,2023
636019441,229.0,32.0,7.4,70.0,,226,2023,2023
636019443,210.0,30.0,11.8,79.0,,182,2025,2025
636019448,200.0,32.0,10.0,79.0,,310,2022,2022
636019449,190.0,32.0,10.5,77.0,,1557,2021,2025
636019450,180.0,29.0,7.7,80.0,,467,2021,2021
636019454,175.0,29.0,6.1,70.0,,461,2022,2022
636019493,300.0,43.0,11.9,74.0,,1919,2021,2024
636019496,180.0,28.0,8.8,80.0,,484,2021,2023
636019498,229.0,36.0,7.5,70.0,,821,2022,2025
636019499,229.0,36.0,13.9,70.0,,72,2025,2025
636019502,292.0,45.0,11.7,70.0,,468,2022,2022
636019523,260.0,32.0,11.0,71.0,,206,2022,2022
636019534,181.0,32.0,7.5,80.0,,1205,2021,2022
636019538,199.0,32.0,11.8,70.0,,870,2023,2024
636019542,200.0,32.0,9.8,70.0,,112,2023,2023
636019555,200.0,32.0,11.1,70.0,,365,2024,2024
636019564,186.0,32.0,7.7,80.0,,415,2022,2022
636019574,172.0,28.0,6.9,70.0,,202,2019,2019
636019581,180.0,30.0,7.8,70.0,,492,2021,2021
636019582,299.0,48.0,10.8,70.0,,1401,2024,2025
636019610,190.0,32.0,6.6,70.0,,473,2021,2021
636019611,190.0,32.0,7.0,70.0,,455,2021,2021
636019620,190.0,32.0,6.8,70.0,,483,2020,2020
636019627,183.0,32.0,8.0,80.0,,628,2021,2024
636019637,149.0,24.0,6.2,80.0,,825,2024,2025
636019638,145.0,24.0,8.0,80.0,,1684,2021,2023
636019644,180.0,32.0,7.7,80.0,,347,2025,2025
636019646,300.0,50.0,11.6,70.0,,228,2021,2021
636019648,199.0,32.0,13.1,70.0,,442,2025,2025
636019659,200.0,32.0,12.1,70.0,,97,2025,2025
636019682,225.0,32.0,11.1,70.0,,471,2024,2024
636019693,225.0,32.0,13.0,70.0,,467,2023,2023
636019704,177.0,28.0,6.3,70.0,,158,2022,2022
636019716,264.0,32.0,11.2,70.0,,326,2025,2025
636019717,265.0,32.0,10.7,71.0,,873,2021,2022
636019733,240.0,38.0,7.4,70.0,,468,2022,2022
636019753,199.0,32.0,10.0,70.0,,2076,2021,2025
636019756,200.0,32.0,7.9,70.0,,731,2022,2022
636019760,299.0,40.0,12.7,70.0,,140,2022,2022
636019764,277.0,48.0,10.8,80.0,,450,2021,2021
636019778,152.0,23.0,8.4,70.0,,42,2021,2021
636019789,199.0,32.0,9.4,70.0,,246,2024,2024
636019794,228.0,37.0,11.2,71.0,,1931,2021,2024
636019822,200.0,32.0,11.7,70.0,,437,2023,2023
636019823,200.0,32.0,9.7,70.0,,220,2022,2022
636019824,186.0,32.0,12.1,70.0,,259,2022,2023
636019825,300.0,41.0,11.6,70.0,,1870,2020,2023
636019828,144.0,24.0,9.3,82.0,,870,2023,2025
636019840,175.0,30.0,8.6,70.0,,462,2022,2022
636019847,198.0,32.0,6.1,70.0,,916,2022,2025
636019849,229.0,30.0,7.5,70.0,,280,2022,2022
636019860,190.0,30.0,9.5,70.0,,1345,2021,2022
636019876,180.0,28.0,9.9,70.0,,461,2022,2022
636019882,173.0,28.0,6.4,89.0,,485,2022,2022
636019890,175.0,29.0,9.8,70.0,,508,2022,2022
636019920,183.0,32.0,11.2,80.0,,1067,2021,2024
636019921,183.0,32.0,8.6,80.0,,424,2025,2025
636019924,199.0,32.0,7.2,70.0,,1413,2023,2023
636019926,183.0,32.0,10.4,80.0,,788,2021,2024
636019929,180.0,32.0,11.9,80.0,,1381,2022,2024
636019948,180.0,30.0,7.7,70.0,,473,2021,2022
636019967,229.0,32.0,7.1,70.0,,383,2021,2021
636019968,229.0,32.0,7.4,70.0,,459,2022,2023
636019969,239.0,39.0,8.1,70.0,,265,2022,2024
636019972,229.0,32.0,7.4,70.0,,579,2023,2025
636019974,229.0,32.0,7.2,70.0,,457,2024,2024
636019984,332.0,48.0,15.4,70.0,,618,2021,2022
636019985,330.0,48.0,14.3,71.0,,3058,2021,2025
636019987,183.0,32.0,11.3,80.0,,826,2024,2024
636019989,183.0,32.0,8.4,80.0,,333,2022,2022
636019990,183.0,32.0,9.9,80.0,,644,2021,2022
636019991,183.0,32.0,10.0,80.0,,574,2022,2023
636019992,183.0,32.0,11.8,89.0,,657,2024,2025
636019994,183.0,32.0,9.4,80.0,,887,2022,2024
636019995,183.0,32.0,9.3,80.0,,328,2025,2025
636019997,180.0,30.0,10.5,70.0,,477,2025,2025
636020010,199.0,33.0,6.8,70.0,,458,2021,2021
636020011,229.0,32.0,9.2,70.0,,357,2022,2022
636020019,229.0,32.0,11.9,70.0,,444,2024,2024
636020021,,,12.2,80.0,,386,2025,2025
636020061,228.0,32.0,9.0,80.0,,345,2021,2021
636020073,228.0,32.0,8.0,80.0,,849,2022,2024
636020075,196.0,32.0,12.0,79.0,,462,2022,2022
636020079,132.0,22.0,8.3,70.0,,689,2021,2022
636020106,180.0,28.0,7.1,70.0,,478,2024,2024
636020107,180.0,28.0,6.5,70.0,,176,2025,2025
636020121,228.0,36.0,7.8,80.0,,38,2022,2022
636020122,198.0,32.0,11.8,70.0,,393,2024,2024
636020130,183.0,32.0,8.0,80.0,,908,2021,2025
636020136,229.0,32.0,14.1,70.0,,128,2021,2021
636020142,180.0,29.0,6.4,70.0,,929,2021,2022
636020150,229.0,32.0,7.5,70.0,,374,2022,2022
636020163,184.0,31.0,8.4,70.0,,73,2020,2020
636020168,186.0,28.0,9.2,71.0,,1091,2023,2025
636020192,186.0,28.0,8.9,70.0,,2215,2021,2023
636020202,210.0,30.0,8.5,79.0,,1063,2021,2022
636020206,180.0,28.0,6.8,70.0,,83,2023,2024
636020207,179.0,28.0,8.8,70.0,,1830,2022,2023
636020212,229.0,32.0,14.3,70.0,,222,2025,2025
636020215,256.0,32.0,10.4,71.0,,539,2024,2024
636020222,199.0,32.0,6.5,70.0,,484,2021,2023
636020226,186.0,28.0,10.2,70.0,,1531,2022,2025
636020241,148.0,25.0,8.0,74.0,,1176,2021,2022
636020242,250.0,44.0,10.8,80.0,,439,2024,2024
636020244,229.0,32.0,10.3,70.0,,442,2022,2022
636020252,294.0,32.0,11.6,79.0,,219,2023,2024
636020257,293.0,32.0,10.2,71.0,,1,2021,2021
636020258,293.0,32.0,10.6,71.0,,1063,2022,2023
636020269,189.0,32.0,12.0,70.0,,136,2021,2022
636020277,183.0,32.0,7.9,89.0,,608,2021,2022
636020284,199.0,32.0,7.2,70.0,,565,2021,2021
636020285,198.0,32.0,10.2,70.0,,82,2022,2022
636020292,146.0,23.0,6.5,80.0,,390,2022,2022
636020293,147.0,23.0,6.1,80.0,,447,2022,2022
636020294,189.0,32.0,6.4,70.0,,469,2021,2021
636020295,229.0,32.0,7.8,70.0,,355,2022,2022
636020296,200.0,32.0,11.0,70.0,,414,2023,2023
636020298,228.0,38.0,11.8,80.0,,300,2022,2022
636020315,180.0,30.0,10.3,70.0,,469,2023,2023
636020326,334.0,43.0,10.4,71.0,,713,2021,2025
636020327,334.0,43.0,14.0,71.0,,178,2021,2021
636020333,229.0,32.0,14.0,70.0,,806,2021,2024
636020334,294.0,32.0,9.6,70.0,,753,2022,2023
636020337,197.0,33.0,6.1,70.0,,144,2021,2021
636020344,229.0,32.0,7.1,79.0,,158,2023,2023
636020347,176.0,32.0,8.0,70.0,,1036,2021,2024
636020350,299.0,43.0,12.6,71.0,,777,2024,2025
636020351,277.0,40.0,11.9,71.0,,148,2023,2023
636020352,225.0,31.0,11.6,79.0,,173,2025,2025
636020353,224.0,31.0,10.0,71.0,,473,2023,2023
636020354,224.0,31.0,11.1,79.0,,458,2024,2025
636020360,207.0,30.0,8.4,70.0,,297,2023,2023
636020363,182.0,32.0,11.3,80.0,,937,2023,2025
636020371,333.0,48.0,13.1,70.0,,3189,2021,2025
636020400,141.0,24.0,5.6,80.0,,865,2021,2021
636020423,250.0,44.0,12.9,80.0,,404,2025,2025
636020424,165.0,27.0,8.0,80.0,,460,2021,2025
636020425,165.0,27.0,8.3,81.0,,1159,2021,2025
636020426,165.0,27.0,8.5,80.0,,1431,2021,2023
636020427,229.0,32.0,9.2,70.0,,478,2025,2025
636020428,165.0,27.0,7.6,80.0,,1196,2021,2024
636020429,165.0,27.0,7.7,80.0,,2031,2021,2024
636020450,229.0,32.0,7.8,70.0,,617,2023,2023
636020452,183.0,32.0,8.6,80.0,,841,2023,2024
636020456,333.0,48.0,12.5,70.0,,1863,2021,2025
636020457,149.0,26.0,10.2,70.0,,306,2025,2025
636020461,254.0,43.0,8.1,70.0,,896,2021,2022
636020468,294.0,32.0,9.2,70.0,,1145,2021,2022
636020475,300.0,40.0,11.8,71.0,,262,2021,2021
636020476,300.0,40.0,11.3,70.0,,1278,2022,2025
636020479,292.0,45.0,10.8,70.0,,733,2021,2022
636020486,200.0,32.0,10.9,70.0,,1468,2021,2023
636020488,199.0,32.0,11.5,70.0,,346,2023,2023
636020494,334.0,42.0,11.0,74.0,,1781,2023,2025
636020495,334.0,41.0,10.9,70.0,,387,2022,2023
636020497,334.0,43.0,11.2,70.0,,649,2023,2023
636020498,300.0,43.0,10.4,71.0,,451,2025,2025
636020499,300.0,42.0,9.7,71.0,,485,2025,2025
636020501,333.0,42.0,10.3,74.0,,686,2021,2025
636020518,190.0,32.0,11.9,70.0,,1549,2021,2024
636020519,190.0,32.0,12.0,70.0,,575,2021,2023
636020524,293.0,40.0,11.0,70.0,,169,2021,2021
636020536,333.0,48.0,12.7,71.0,,3064,2021,2025
636020550,169.0,27.0,5.1,70.0,,471,2024,2024
636020560,183.0,32.0,12.5,80.0,,110,2025,2025
636020562,274.0,48.0,11.3,80.0,,378,2021,2023
636020564,180.0,32.0,8.3,80.0,,334,2023,2023
636020573,225.0,32.0,7.1,70.0,,391,2024,2025
636020583,285.0,40.0,10.9,70.0,,496,2022,2024
636020584,229.0,32.0,8.6,70.0,,68,2025,2025
636020590,292.0,45.0,8.9,70.0,,468,2023,2023
636020592,190.0,33.0,7.4,79.0,,405,2022,2022
636020594,221.0,32.0,12.4,70.0,,130,2021,2021
636020597,229.0,32.0,11.9,70.0,,463,2021,2021
636020612,240.0,42.0,8.4,80.0,,899,2021,2022
636020648,261.0,32.0,11.1,70.0,,1027,2022,2024
636020651,229.0,32.0,7.6,70.0,,437,2023,2023
636020666,154.0,24.0,8.0,71.0,,446,2022,2022
636020671,200.0,32.0,6.7,70.0,,575,2024,2025
636020676,200.0,32.0,7.2,70.0,,477,2022,2022
636020677,200.0,32.0,7.2,70.0,,317,2024,2024
636020684,333.0,48.0,13.4,70.0,,1978,2021,2024
636020692,190.0,32.0,7.0,70.0,,168,2023,2023
636020694,274.0,48.0,11.3,80.0,,396,2023,2023
636020697,200.0,32.0,11.0,70.0,,354,2023,2023
636020723,190.0,32.0,6.2,70.0,,462,2024,2024
636020727,182.0,28.0,7.0,79.0,,1175,2021,2024
636020729,347.0,42.0,10.5,71.0,,209,2021,2021
636020730,347.0,43.0,11.7,71.0,,565,2022,2022
636020766,245.0,42.0,10.5,80.0,,155,2023,2023
636020769,277.0,40.0,12.0,71.0,,962,2022,2022
636020770,277.0,40.0,9.4,74.0,,470,2022,2025
636020772,277.0,40.0,11.4,71.0,,2075,2021,2024
636020773,277.0,40.0,11.6,79.0,,1061,2025,2025
636020775,276.0,40.0,12.8,73.0,,2029,2022,2025
636020778,183.0,32.0,10.7,80.0,,942,2021,2022
636020783,264.0,32.0,9.2,74.0,,1475,2022,2024
636020787,231.0,31.0,11.9,74.0,,647,2024,2025
636020804,250.0,44.0,8.2,80.0,,448,2023,2023
636020805,250.0,44.0,8.5,80.0,,374,2021,2021
636020821,250.0,44.0,10.1,80.0,,430,2022,2022
636020822,183.0,32.0,11.9,80.0,,511,2023,2025
636020825,229.0,33.0,8.0,70.0,,567,2022,2022
636020833,249.0,44.0,9.0,80.0,,162,2024,2024
636020834,249.0,44.0,9.3,80.0,,482,2024,2025
636020853,179.0,28.0,10.0,70.0,,439,2023,2023
636020854,189.0,32.0,9.5,79.0,,1307,2022,2022
636020857,180.0,30.0,9.6,70.0,,441,2021,2021
636020868,279.0,40.0,12.5,71.0,,2496,2021,2024
636020869,300.0,40.0,11.7,79.0,,4134,2022,2025
636020870,280.0,40.0,11.0,70.0,,963,2025,2025
636020873,229.0,32.0,8.5,70.0,,464,2021,2021
636020875,148.0,23.0,7.8,70.0,,1026,2021,2021
636020879,183.0,32.0,9.9,70.0,,285,2022,2022
636020880,230.0,32.0,7.5,80.0,,918,2021,2025
636020881,230.0,32.0,7.7,80.0,,1009,2021,2024
636020882,230.0,32.0,7.8,80.0,,1376,2022,2024
636020883,177.0,28.0,9.0,70.0,,1089,2022,2023
636020884,177.0,29.0,6.2,70.0,,477,2024,2024
636020886,260.0,32.0,10.1,73.0,,324,2023,2023
636020893,250.0,44.0,15.1,89.0,,219,2023,2023
636020898,293.0,32.0,11.2,70.0,,173,2024,2024
636020905,200.0,32.0,9.1,70.0,,518,2023,2023
636020908,199.0,32.0,7.5,70.0,,477,2023,2024
636020909,200.0,32.0,7.8,70.0,,1268,2021,2023
636020915,273.0,48.0,12.3,80.0,,1252,2022,2022
636020916,182.0,32.0,10.4,80.0,,274,2023,2025
636020917,183.0,32.0,12.4,80.0,,356,2024,2024
636020918,284.0,40.0,11.3,70.0,,702,2022,2025
636020921,182.0,32.0,7.7,80.0,,380,2025,2025
636020922,182.0,32.0,11.0,80.0,,434,2022,2022
636020933,170.0,27.0,7.3,70.0,,475,2021,2021
636020936,294.0,32.0,13.3,70.0,,440,2025,2025
636020937,200.0,40.0,10.3,74.0,,189,2022,2022
636020939,243.0,32.0,9.1,71.0,,631,2021,2023
636020941,243.0,32.0,9.7,70.0,,284,2023,2023
636020945,180.0,28.0,6.1,70.0,,767,2022,2023
636020952,212.0,30.0,9.0,71.0,,646,2023,2025
636020967,190.0,40.0,7.1,70.0,,467,2023,2023
636020974,176.0,28.0,6.1,79.0,,441,2023,2023
636020979,333.0,42.0,11.7,71.0,,1101,2022,2023
636020981,228.0,32.0,8.1,80.0,,413,2024,2024
636020984,295.0,32.0,9.9,71.0,,1134,2022,2022
636020985,294.0,32.0,10.9,72.0,,441,2022,2022
636020994,334.0,48.0,13.4,70.0,,963,2024,2024
636021002,304.0,40.0,9.6,79.0,,571,2022,2022
636021004,222.0,30.0,9.8,70.0,,1381,2023,2025
636021005,222.0,30.0,10.4,70.0,,562,2022,2023
636021012,328.0,48.0,14.3,70.0,,235,2025,2025
636021024,200.0,32.0,7.9,70.0,,115,2021,2021
636021027,277.0,48.0,9.2,80.0,,482,2023,2023
636021033,132.0,23.0,8.0,70.0,,1,2022,2022
636021035,368.0,51.0,13.0,72.0,,146,2024,2024
636021036,368.0,51.0,12.8,70.0,,552,2024,2024
636021040,270.0,42.0,9.9,70.0,,267,2022,2025
636021051,149.0,24.0,7.0,84.0,,954,2023,2023
636021055,243.0,32.0,10.8,79.0,,467,2021,2021
636021058,180.0,28.0,7.4,70.0,,807,2021,2023
636021059,180.0,29.0,9.1,79.0,,719,2025,2025
636021073,177.0,28.0,6.2,70.0,,291,2021,2021
636021083,299.0,46.0,9.3,84.0,,458,2025,2025
636021089,250.0,44.0,13.1,80.0,,208,2025,2025
636021101,280.0,40.0,11.7,74.0,,27,2022,2022
636021103,170.0,24.0,6.6,80.0,,374,2022,2022
636021123,328.0,48.0,9.7,71.0,,269,2022,2024
636021127,179.0,28.0,6.5,70.0,,854,2022,2024
636021135,250.0,44.0,9.0,80.0,,137,2023,2023
636021147,190.0,32.0,7.3,70.0,,107,2024,2024
636021148,200.0,32.0,7.6,70.0,,500,2023,2023
636021151,333.0,44.0,10.9,71.0,,595,2023,2023
636021155,331.0,42.0,11.1,74.0,,1783,2021,2023
636021160,294.0,32.0,11.7,71.0,,1159,2022,2025
636021161,293.0,32.0,12.1,71.0,,297,2022,2025
636021163,227.0,37.0,7.6,80.0,,582,2023,2025
636021164,227.0,37.0,8.4,80.0,,185,2025,2025
636021167,228.0,32.0,11.6,80.0,,382,2023,2023
636021168,180.0,29.0,7.1,80.0,,134,2025,2025
636021170,180.0,30.0,6.1,70.0,,439,2023,2023
636021177,180.0,30.0,8.3,70.0,,285,2025,2025
636021190,334.0,48.0,12.5,70.0,,1548,2022,2025
636021192,190.0,32.0,10.8,70.0,,314,2024,2024
636021194,274.0,48.0,9.4,80.0,,431,2025,2025
636021197,200.0,32.0,11.5,70.0,,352,2024,2025
636021198,185.0,30.0,8.1,70.0,,205,2023,2023
636021204,180.0,28.0,10.7,70.0,,137,2022,2022
636021215,229.0,37.0,7.5,70.0,,472,2022,2022
636021242,190.0,32.0,11.0,79.0,,409,2023,2024
636021251,300.0,48.0,12.2,70.0,,1129,2022,2025
636021252,207.0,30.0,11.2,79.0,,400,2024,2024
636021263,180.0,29.0,7.5,80.0,,527,2024,2025
636021264,177.0,29.0,9.2,70.0,,456,2024,2024
636021274,180.0,30.0,10.0,70.0,,459,2024,2024
636021278,190.0,32.0,11.2,70.0,,457,2025,2025
636021279,199.0,32.0,7.1,70.0,,236,2022,2022
636021288,229.0,36.0,8.0,70.0,,444,2023,2023
636021295,237.0,44.0,12.4,80.0,,519,2024,2024
636021318,199.0,32.0,7.6,70.0,,149,2024,2024
636021320,293.0,32.0,8.5,79.0,,253,2022,2022
636021321,294.0,32.0,11.6,70.0,,1848,2021,2024
636021329,294.0,32.0,11.1,70.0,,413,2022,2022
636021351,229.0,32.0,7.7,70.0,,139,2022,2022
636021352,229.0,32.0,8.0,70.0,,664,2024,2025
636021358,183.0,32.0,8.6,80.0,,91,2023,2023
636021359,183.0,32.0,7.9,84.0,,239,2025,2025
636021362,262.0,32.0,11.6,71.0,,557,2024,2025
636021365,335.0,51.0,12.4,70.0,,225,2022,2022
636021368,120.0,20.0,5.1,81.0,,503,2022,2022
636021382,183.0,32.0,11.4,80.0,,540,2022,2025
636021385,183.0,32.0,11.2,80.0,,301,2025,2025
636021387,334.0,48.0,12.7,79.0,,818,2022,2024
636021393,334.0,43.0,11.2,70.0,,2007,2023,2025
636021394,366.0,48.0,11.4,74.0,,783,2022,2023
636021410,124.0,20.0,6.2,80.0,,4085,2022,2025
636021419,190.0,32.0,7.5,70.0,,173,2023,2023
636021420,183.0,32.0,7.4,80.0,,299,2025,2025
636021426,190.0,32.0,11.3,70.0,,456,2025,2025
636021427,212.0,30.0,9.4,71.0,,3115,2022,2025
636021428,180.0,30.0,8.4,79.0,,424,2022,2022
636021430,139.0,21.0,6.4,70.0,,425,2023,2023
636021438,140.0,23.0,7.6,70.0,,1395,2022,2022
636021440,210.0,30.0,9.3,74.0,,5273,2022,2025
636021448,277.0,40.0,12.2,71.0,,345,2023,2025
636021449,277.0,40.0,9.4,71.0,,392,2022,2025
636021457,229.0,32.0,7.2,70.0,,476,2025,2025
636021462,333.0,48.0,13.5,70.0,,1582,2022,2025
636021466,180.0,30.0,9.0,70.0,,311,2022,2022
636021470,364.0,51.0,15.0,70.0,,467,2023,2023
636021472,262.0,32.0,10.0,71.0,,1187,2023,2025
636021476,172.0,28.0,7.9,71.0,,270,2023,2023
636021482,274.0,48.0,9.6,80.0,,369,2024,2024
636021487,180.0,30.0,8.6,70.0,,497,2025,2025
636021508,229.0,32.0,7.3,70.0,,417,2023,2025
636021509,182.0,32.0,8.5,80.0,,1500,2022,2025
636021527,225.0,32.0,7.5,70.0,,381,2025,2025
636021529,206.0,32.0,10.0,71.0,,1391,2023,2025
636021537,199.0,38.0,8.8,70.0,,473,2024,2024
636021548,180.0,32.0,6.9,70.0,,500,2023,2023
636021563,199.0,32.0,12.6,70.0,,309,2025,2025
636021568,180.0,29.0,7.8,80.0,,1046,2024,2025
636021569,180.0,29.0,7.5,80.0,,665,2023,2024
636021579,180.0,30.0,6.2,70.0,,364,2022,2022
636021582,183.0,32.0,10.0,80.0,,819,2022,2023
636021583,183.0,32.0,11.4,80.0,,230,2025,2025
636021584,199.0,32.0,7.2,70.0,,339,2023,2023
636021602,245.0,44.0,13.7,70.0,,362,2022,2022
636021626,229.0,32.0,7.3,70.0,,587,2023,2024
636021641,250.0,43.0,8.7,70.0,,611,2022,2024
636021642,250.0,43.0,13.5,70.0,,30,2022,2022
636021643,249.0,43.0,7.9,79.0,,735,2022,2024
636021649,316.0,46.0,13.6,71.0,,457,2022,2022
636021663,366.0,51.0,15.4,71.0,,466,2025,2025
636021664,260.0,32.0,7.5,73.0,,494,2024,2024
636021665,366.0,51.0,13.4,71.0,,628,2024,2025
636021666,366.0,51.0,12.7,74.0,,459,2024,2024
636021674,196.0,32.0,6.6,70.0,,469,2023,2023
636021690,333.0,48.0,13.9,71.0,,996,2023,2024
636021693,333.0,48.0,13.9,70.0,,406,2024,2024
636021711,229.0,32.0,9.1,70.0,,308,2022,2022
636021716,222.0,32.0,7.5,70.0,,470,2024,2024
636021722,200.0,28.0,10.3,70.0,,392,2023,2023
636021728,250.0,44.0,8.8,80.0,,700,2023,2025
636021739,261.0,32.0,9.9,73.0,,973,2022,2024
636021740,224.0,32.0,6.7,70.0,,453,2022,2022
636021741,190.0,32.0,12.8,70.0,,53,2025,2025
636021765,177.0,28.0,9.1,70.0,,607,2024,2025
636021771,366.0,51.0,11.4,71.0,,931,2025,2025
636021773,225.0,36.0,8.4,80.0,,340,2023,2023
636021785,200.0,32.0,9.2,79.0,,665,2022,2023
636021786,200.0,32.0,9.2,70.0,,392,2022,2022
636021798,180.0,30.0,6.3,70.0,,571,2024,2024
636021815,336.0,60.0,15.9,80.0,,433,2023,2023
636021821,230.0,32.0,7.8,80.0,,977,2023,2024
636021822,230.0,32.0,7.7,80.0,,317,2023,2023
636021851,190.0,32.0,6.4,70.0,,110,2022,2022
636021852,189.0,32.0,6.8,70.0,,713,2022,2022
636021864,225.0,32.0,14.3,70.0,,855,2025,2025
636021866,229.0,32.0,7.4,70.0,,498,2024,2024
636021897,180.0,32.0,8.6,70.0,,600,2023,2025
636021909,171.0,27.0,7.3,80.0,,1254,2024,2024
636021911,170.0,27.0,8.9,80.0,,903,2023,2025
636021914,161.0,25.0,8.2,71.0,,194,2025,2025
636021920,199.0,32.0,12.0,79.0,,712,2023,2025
636021923,183.0,32.0,8.0,80.0,,465,2023,2023
636021927,273.0,48.0,12.9,80.0,,455,2023,2023
636021935,183.0,31.0,6.8,70.0,,1163,2024,2025
636021961,243.0,44.0,14.5,80.0,,121,2025,2025
636021962,243.0,44.0,13.9,80.0,,263,2025,2025
636021972,180.0,30.0,8.7,70.0,,474,2025,2025
636021992,278.0,40.0,11.4,71.0,,320,2025,2025
636021993,278.0,40.0,10.8,73.0,,753,2025,2025
636021994,303.0,40.0,11.0,70.0,,866,2024,2024
636022001,180.0,30.0,10.4,70.0,,244,2023,2023
636022007,285.0,40.0,12.4,71.0,,460,2025,2025
636022008,197.0,32.0,9.0,70.0,,933,2022,2023
636022010,137.0,20.0,5.8,80.0,,468,2025,2025
636022013,244.0,42.0,9.4,80.0,,7,2022,2022
636022022,294.0,32.0,11.9,71.0,,753,2023,2025
636022034,180.0,29.0,7.2,80.0,,698,2025,2025
636022035,183.0,32.0,6.4,70.0,,472,2023,2023
636022045,229.0,37.0,7.5,70.0,,687,2024,2024
636022066,159.0,27.0,8.2,89.0,,2128,2023,2025
636022067,159.0,27.0,9.8,80.0,,370,2023,2023
636022111,304.0,40.0,13.0,71.0,,193,2023,2023
636022112,304.0,40.0,8.7,70.0,,343,2024,2024
636022113,304.0,40.0,12.9,70.0,,488,2023,2023
636022128,229.0,32.0,7.2,70.0,,489,2024,2024
636022134,200.0,32.0,10.6,70.0,,464,2023,2023
636022149,227.0,36.0,9.1,70.0,,500,2024,2024
636022160,183.0,32.0,9.0,80.0,,246,2025,2025
636022162,183.0,32.0,9.0,80.0,,412,2025,2025
636022166,183.0,32.0,11.1,80.0,,747,2024,2025
636022168,198.0,32.0,6.5,70.0,,246,2024,2024
636022175,172.0,27.0,7.4,79.0,,1579,2024,2025
636022178,172.0,27.0,8.4,71.0,,413,2025,2025
636022180,183.0,32.0,8.0,80.0,,53,2025,2025
636022194,199.0,32.0,9.7,70.0,,451,2025,2025
636022260,183.0,32.0,9.8,80.0,,115,2024,2024
636022261,162.0,25.0,8.3,70.0,,861,2024,2025
636022275,230.0,32.0,8.0,80.0,,378,2024,2024
636022279,230.0,32.0,8.0,80.0,,623,2023,2025
636022286,182.0,32.0,8.0,80.0,,740,2024,2025
636022287,182.0,30.0,7.5,70.0,,356,2025,2025
636022308,292.0,45.0,9.5,70.0,,481,2024,2024
636022337,138.0,21.0,6.5,70.0,,1046,2023,2023
636022365,189.0,30.0,10.6,70.0,,297,2025,2025
636022382,190.0,32.0,12.1,70.0,,449,2025,2025
636022422,180.0,30.0,8.2,70.0,,475,2023,2023
636022427,195.0,32.0,11.7,70.0,,424,2023,2023
636022431,190.0,33.0,12.1,79.0,,462,2023,2023
636022450,365.0,51.0,15.0,71.0,,479,2025,2025
636022463,199.0,32.0,12.5,70.0,,466,2025,2025
636022464,199.0,32.0,8.9,70.0,,517,2024,2024
636022541,176.0,31.0,11.0,82.0,,112,2024,2024
636022571,162.0,25.0,6.1,70.0,,183,2022,2022
636022580,156.0,23.0,7.0,80.0,,414,2024,2024
636022581,159.0,25.0,6.8,80.0,,49,2024,2024
636022582,159.0,26.0,7.9,80.0,,860,2023,2023
636022586,292.0,45.0,9.9,70.0,,322,2024,2024
636022595,200.0,32.0,6.4,70.0,,361,2024,2024
636022597,225.0,32.0,7.7,70.0,,699,2025,2025
636022635,221.0,30.0,9.4,74.0,,295,2023,2023
636022639,199.0,32.0,8.8,70.0,,471,2024,2024
636022645,199.0,32.0,,70.0,,561,2025,2025
636022693,199.0,38.0,9.5,70.0,,509,2025,2025
636022699,183.0,29.0,10.1,70.0,,633,2025,2025
636022721,366.0,51.0,13.5,71.0,,123,2025,2025
636022724,139.0,21.0,6.8,70.0,,1107,2024,2025
636022728,164.0,23.0,10.0,80.0,,152,2023,2023
636022729,145.0,25.0,5.6,80.0,,212,2023,2023
636022750,275.0,48.0,11.0,89.0,,923,2024,2024
636022754,200.0,32.0,7.5,70.0,,32,2024,2024
636022757,199.0,38.0,9.2,70.0,,283,2025,2025
636022758,199.0,38.0,8.5,70.0,,880,2024,2025
636022765,153.0,24.0,7.4,79.0,,2330,2023,2025
636022769,180.0,30.0,6.1,70.0,,302,2025,2025
636022771,228.0,32.0,7.7,70.0,,430,2024,2024
636022773,228.0,32.0,7.8,70.0,,215,2024,2024
636022780,200.0,32.0,11.9,70.0,,973,2024,2025
636022782,200.0,32.0,9.5,75.0,,394,2024,2024
636022795,300.0,43.0,12.6,74.0,,1334,2023,2025
636022803,164.0,23.0,9.6,80.0,,425,2024,2024
636022805,145.0,21.0,6.1,82.0,,1130,2023,2025
636022806,145.0,21.0,6.1,89.0,,2407,2023,2025
636022811,200.0,32.0,11.3,70.0,,471,2024,2024
636022831,199.0,32.0,11.6,70.0,,650,2024,2025
636022842,230.0,33.0,7.7,80.0,,337,2025,2025
636022850,225.0,32.0,8.5,70.0,,373,2024,2024
636022882,199.0,32.0,7.0,70.0,,245,2024,2024
636022893,222.0,30.0,8.4,70.0,,196,2025,2025
636022900,182.0,32.0,6.9,80.0,,371,2023,2023
636022905,229.0,37.0,7.0,70.0,,470,2024,2024
636022913,187.0,29.0,6.5,79.0,,1110,2024,2025
636022924,225.0,32.0,13.5,70.0,,222,2024,2024
636022939,230.0,32.0,7.9,80.0,,481,2024,2025
636022940,230.0,32.0,8.2,80.0,,429,2025,2025
636022941,332.0,44.0,9.1,70.0,,504,2023,2023
636022952,150.0,25.0,8.8,81.0,,291,2025,2025
636022953,272.0,42.0,14.6,70.0,,592,2024,2025
636022955,272.0,43.0,11.2,74.0,,779,2024,2025
636022956,272.0,42.0,10.8,74.0,,149,2025,2025
636022964,199.0,32.0,10.6,70.0,,472,2025,2025
636022973,172.0,27.0,8.1,71.0,,1734,2023,2025
636022974,172.0,28.0,8.1,70.0,,2006,2024,2025
636022977,162.0,25.0,7.2,74.0,,541,2023,2025
636022981,147.0,24.0,7.2,80.0,,300,2024,2024
636022982,146.0,24.0,7.2,80.0,,655,2024,2024
636022984,285.0,40.0,12.2,71.0,,276,2025,2025
636023004,199.0,27.0,8.4,70.0,,594,2025,2025
636023010,168.0,26.0,8.2,70.0,,464,2025,2025
636023029,199.0,32.0,11.3,70.0,,943,2023,2025
636023031,190.0,33.0,11.8,70.0,,431,2024,2024
636023032,229.0,32.0,13.0,70.0,,448,2023,2023
636023058,352.0,43.0,12.6,71.0,,439,2023,2023
636023059,352.0,42.0,12.7,71.0,,672,2023,2024
636023060,352.0,43.0,12.0,74.0,,394,2025,2025
636023061,352.0,43.0,12.0,71.0,,1563,2023,2025
636023062,353.0,43.0,10.1,71.0,,606,2023,2024
636023063,352.0,43.0,12.4,71.0,,1557,2023,2025
636023105,190.0,32.0,9.3,70.0,,437,2025,2025
636023108,174.0,28.0,7.3,84.0,,94,2024,2024
636023121,250.0,44.0,9.8,80.0,,366,2025,2025
636023145,300.0,40.0,11.1,71.0,,1211,2025,2025
636023149,200.0,32.0,6.5,70.0,,323,2025,2025
636023175,238.0,39.0,12.2,70.0,,652,2025,2025
636023183,183.0,32.0,7.6,80.0,,1053,2023,2024
636023225,200.0,38.0,9.9,70.0,,436,2024,2025
636023227,220.0,30.0,10.1,71.0,,588,2025,2025
636023231,190.0,32.0,6.7,70.0,,468,2023,2023
636023235,180.0,28.0,6.2,70.0,,468,2023,2023
636023238,182.0,32.0,9.5,89.0,,345,2023,2023
636023240,145.0,38.0,4.5,79.0,,448,2025,2025
636023250,366.0,51.0,13.7,79.0,,468,2023,2023
636023252,366.0,51.0,14.5,71.0,,459,2024,2024
636023258,183.0,32.0,8.0,80.0,,891,2023,2023
636023268,366.0,51.0,12.0,74.0,,235,2025,2025
636023293,255.0,40.0,12.1,70.0,,194,2023,2024
636023334,190.0,32.0,7.2,70.0,,232,2025,2025
636023342,255.0,40.0,10.8,70.0,,44,2025,2025
636023343,255.0,40.0,12.1,70.0,,261,2025,2025
636023361,181.0,30.0,9.0,70.0,,290,2024,2024
636023371,172.0,29.0,7.7,70.0,,2155,2024,2025
636023379,366.0,51.0,14.8,73.0,,803,2024,2025
636023384,183.0,32.0,8.5,80.0,,458,2025,2025
636023385,183.0,32.0,10.15,80.0,,964,2024,2024
636023389,183.0,32.0,12.8,80.0,,67,2025,2025
636023398,366.0,51.0,15.4,70.0,,84,2025,2025
636023454,229.0,32.0,7.3,70.0,,83,2025,2025
636023470,229.0,36.0,8.0,70.0,,489,2025,2025
636023493,183.0,31.0,6.3,70.0,,467,2024,2024
636023494,200.0,32.0,7.1,70.0,,396,2024,2024
636023536,200.0,32.0,12.9,70.0,,426,2025,2025
636023542,190.0,32.0,6.3,70.0,,455,2024,2024
636023557,165.0,24.0,5.8,83.0,,92,2025,2025
636023573,183.0,32.0,10.8,80.0,,521,2024,2024
636023581,366.0,51.0,14.2,71.0,,204,2025,2025
636023582,366.0,51.0,12.6,70.0,,450,2024,2024
636023601,289.0,45.0,12.7,70.0,,457,2025,2025
636023612,274.0,48.0,16.1,80.0,,383,2024,2024
636023613,274.0,48.0,10.4,80.0,,222,2025,2025
636023629,183.0,32.0,7.6,80.0,,476,2025,2025
636023645,366.0,51.0,14.6,71.0,,335,2025,2025
636023650,335.0,51.0,14.0,70.0,,1171,2024,2025
636023671,292.0,45.0,9.8,70.0,,461,2025,2025
636023726,200.0,28.0,9.3,70.0,,375,2025,2025
636023728,200.0,32.0,13.8,70.0,,443,2025,2025
636023766,180.0,30.0,6.3,70.0,,438,2024,2024
636023789,190.0,28.0,8.6,70.0,,474,2025,2025
636023794,183.0,32.0,8.0,89.0,,354,2025,2025
636023827,183.0,32.0,8.6,80.0,,470,2025,2025
636023828,183.0,32.0,8.0,80.0,,42,2025,2025
636023849,335.0,51.0,12.1,70.0,,345,2024,2025
636023891,335.0,51.0,14.5,70.0,,460,2025,2025
636023896,183.0,32.0,8.7,70.0,,779,2025,2025
636023897,183.0,32.0,6.4,70.0,,422,2025,2025
636023909,200.0,31.0,7.9,70.0,,387,2024,2024
636023917,229.0,32.0,9.4,70.0,,467,2024,2024
636023918,153.0,23.0,8.2,89.0,,230,2024,2024
636023920,192.0,32.0,7.8,79.0,,105,2024,2024
636023937,180.0,30.0,6.7,70.0,,270,2025,2025
636023939,199.0,32.0,7.1,70.0,,166,2025,2025
636023948,230.0,32.0,8.0,80.0,,382,2025,2025
636023971,335.0,51.0,11.3,70.0,,378,2024,2024
636023972,335.0,51.0,13.9,70.0,,1649,2024,2025
636024002,183.0,32.0,8.0,89.0,,213,2025,2025
636024005,183.0,32.0,11.7,82.0,,569,2024,2025
636024038,336.0,51.0,13.5,70.0,,387,2025,2025
636024040,138.0,21.0,7.6,70.0,,787,2024,2025
636024045,190.0,32.0,11.8,79.0,,138,2024,2024
636024051,181.0,30.0,6.7,70.0,,1078,2024,2025
636024066,179.0,28.0,7.8,70.0,,860,2024,2025
636024069,199.0,32.0,7.5,70.0,,278,2024,2024
636024096,199.0,32.0,12.0,70.0,,531,2025,2025
636024099,225.0,32.0,7.7,70.0,,468,2024,2024
636024100,229.0,32.0,7.7,70.0,,350,2024,2024
636024108,170.0,28.0,8.2,70.0,,1927,2025,2025
636024109,170.0,28.0,8.2,70.0,,326,2025,2025
636024110,170.0,28.0,8.3,70.0,,218,2025,2025
636024111,170.0,28.0,8.3,70.0,,384,2025,2025
636024119,336.0,51.0,13.0,71.0,,977,2024,2025
636024121,186.0,33.0,10.7,80.0,,16,2025,2025
636024124,199.0,32.0,7.9,70.0,,459,2025,2025
636024128,225.0,32.0,13.3,70.0,,111,2024,2024
636024192,199.0,32.0,10.5,71.0,,71,2024,2024
636024194,272.0,43.0,10.6,70.0,,607,2024,2025
636024201,238.0,39.0,11.7,70.0,,912,2024,2025
636024217,336.0,51.0,14.1,70.0,,863,2024,2025
636024243,182.0,32.0,8.4,80.0,,147,2025,2025
636024247,183.0,32.0,8.5,80.0,,211,2025,2025
636024251,190.0,32.0,10.3,70.0,,278,2025,2025
636024252,190.0,32.0,7.9,70.0,,60,2025,2025
636024253,200.0,32.0,11.1,79.0,,432,2024,2024
636024263,225.0,32.0,8.6,70.0,,405,2025,2025
636024265,190.0,32.0,6.7,70.0,,592,2024,2024
636024273,190.0,32.0,6.6,70.0,,449,2024,2024
636024289,238.0,39.0,9.2,73.0,,93,2024,2024
636024299,335.0,51.0,12.5,70.0,,105,2024,2024
636024329,129.0,20.0,7.3,80.0,,1232,2025,2025
636024330,336.0,51.0,14.2,70.0,,864,2025,2025
636024335,199.0,32.0,7.3,70.0,,488,2025,2025
636024344,183.0,32.0,7.1,80.0,,202,2024,2024
636024387,248.0,36.0,8.9,70.0,,750,2024,2025
636024449,226.0,32.0,7.4,70.0,,151,2024,2024
636024462,183.0,32.0,6.5,70.0,,861,2025,2025
636024481,336.0,51.0,14.6,70.0,,436,2025,2025
636024483,210.0,30.0,8.8,71.0,,10,2024,2024
636024484,210.0,30.0,9.2,74.0,,122,2025,2025
636024506,260.0,46.0,12.6,74.0,,372,2025,2025
636024514,366.0,51.0,14.0,71.0,,263,2025,2025
636024562,231.0,32.0,9.6,73.0,,320,2025,2025
636024584,199.0,32.0,12.2,70.0,,371,2025,2025
636024625,180.0,30.0,6.3,70.0,,298,2025,2025
636024637,200.0,32.0,7.4,70.0,,404,2024,2024
636024654,238.0,39.0,11.8,79.0,,1880,2025,2025
636024666,248.0,36.0,8.0,79.0,,795,2025,2025
636024673,336.0,51.0,13.8,70.0,,1014,2025,2025
636024675,189.0,32.0,11.7,70.0,,476,2025,2025
636024741,183.0,32.0,8.3,89.0,,435,2025,2025
636024760,200.0,32.0,11.9,70.0,,73,2025,2025
636024823,248.0,36.0,8.1,79.0,,1612,2025,2025
636024841,200.0,32.0,6.4,70.0,,118,2025,2025
636024861,160.0,25.0,7.6,80.0,,301,2025,2025
636024862,183.0,30.0,6.6,70.0,,464,2025,2025
636024895,272.0,43.0,13.6,71.0,,110,2025,2025
636024948,156.0,22.0,6.3,84.0,,524,2025,2025
636024985,332.0,43.0,10.4,78.0,,143,2025,2025
636024996,198.0,31.0,10.2,70.0,,334,2025,2025
636025014,335.0,46.0,12.0,71.0,,438,2025,2025
636025032,247.0,32.0,12.2,70.0,,1232,2025,2025
636025061,336.0,43.0,12.4,70.0,,454,2025,2025
636025203,248.0,36.0,11.2,79.0,,1187,2025,2025
636025206,289.0,45.0,8.4,70.0,,475,2025,2025
636025221,170.0,27.0,8.0,70.0,,466,2025,2025
636025252,260.0,46.0,10.5,71.0,,307,2025,2025
636025258,230.0,36.0,8.0,80.0,,486,2025,2025
636025260,230.0,36.0,8.2,80.0,,202,2025,2025
636025299,229.0,32.0,7.3,70.0,,431,2025,2025
636025329,272.0,43.0,11.1,70.0,,918,2025,2025
636025340,183.0,32.0,7.5,84.0,,465,2025,2025
636025414,180.0,28.0,10.0,70.0,,458,2025,2025
636025471,185.0,28.0,9.3,82.0,,295,2025,2025
636025532,148.0,24.0,7.2,74.0,,46,2025,2025
636025601,165.0,26.0,7.0,70.0,,851,2025,2025
636025946,169.0,27.0,9.6,70.0,,67,2025,2025
636090499,181.0,26.0,9.4,70.0,,442,2015,2015
636090532,277.0,40.0,14.0,79.0,,1061,2015,2015
636090534,212.0,30.0,11.4,72.0,,706,2015,2016
636090618,294.0,32.0,13.55,79.0,,247,2015,2015
636090624,294.0,32.0,13.6,74.0,,418,2016,2016
636090645,211.0,32.0,12.0,70.0,,509,2015,2016
636090646,208.0,32.0,11.5,71.0,,44,2016,2016
636090664,181.0,26.0,10.02,70.0,,633,2015,2015
636090740,294.0,32.0,12.1,70.0,,209,2015,2015
636090747,228.0,32.0,14.0,80.0,,3305,2015,2023
636090764,280.0,32.0,13.0,71.0,,252,2015,2015
636090798,176.0,27.0,10.9,71.0,,614,2015,2015
636090799,222.0,30.0,11.3,79.0,,724,2023,2024
636090807,294.0,32.0,13.65,79.0,,611,2015,2016
636090856,220.0,32.0,12.2,70.0,,497,2017,2020
636090861,264.0,32.0,12.5,70.0,,2304,2016,2019
636090862,264.0,32.0,12.5,72.0,,2822,2016,2024
636090863,264.0,32.0,12.5,71.0,,498,2016,2016
636090864,242.0,42.0,14.8,80.0,,1882,2015,2020
636090866,220.0,32.0,12.2,70.0,,402,2020,2020
636090879,168.0,25.0,10.2,70.0,,135,2015,2015
636090883,229.0,32.0,12.8,82.0,,204,2017,2017
636090885,228.0,32.0,12.8,80.0,,1078,2017,2018
636090886,228.0,32.0,14.0,80.0,,1615,2015,2023
636090915,274.0,40.0,14.0,70.0,,1599,2018,2019
636090916,274.0,40.0,14.0,70.0,,1504,2015,2018
636090921,294.0,32.0,13.5,71.0,,310,2015,2016
636090922,294.0,32.0,13.5,71.0,,2078,2015,2017
636090923,294.0,32.0,13.5,70.0,,110,2015,2015
636090950,228.0,32.0,13.2,80.0,,129,2018,2018
636090963,334.0,43.0,14.5,79.0,,271,2017,2017
636090965,334.0,43.0,14.5,71.0,,976,2016,2018
636090966,334.0,42.0,14.5,70.0,,812,2017,2020
636090967,222.0,30.0,12.0,70.0,,264,2022,2022
636090968,210.0,30.0,11.5,71.0,,2044,2015,2016
636090971,222.0,30.0,12.0,71.0,,291,2015,2019
636090984,199.0,30.0,11.14,79.0,,458,2015,2015
636091001,210.0,30.0,11.5,71.0,,412,2015,2018
636091004,143.0,21.0,9.3,70.0,,35,2019,2019
636091029,294.0,32.0,13.5,71.0,,520,2016,2016
636091030,178.0,27.0,10.8,70.0,,5099,2019,2024
636091058,207.0,30.0,11.4,79.0,,193,2016,2017
636091078,294.0,33.0,12.0,70.0,,213,2018,2018
636091079,294.0,33.0,12.0,70.0,,1005,2015,2016
636091083,294.0,33.0,12.0,71.0,,1006,2015,2016
636091107,210.0,30.0,11.5,70.0,,395,2015,2017
636091109,335.0,42.0,12.3,71.0,,907,2015,2015
636091116,274.0,40.0,14.5,70.0,,1642,2019,2021
636091121,241.0,42.0,14.9,80.0,,1573,2018,2021
636091125,210.0,30.0,11.5,70.0,,3063,2020,2023
636091130,210.0,30.0,11.5,70.0,,632,2018,2021
636091131,334.0,42.0,12.5,71.0,,871,2015,2015
636091136,179.0,28.0,10.86,79.0,,382,2015,2015
636091171,210.0,30.0,11.5,70.0,,582,2018,2019
636091186,228.0,32.0,14.4,80.0,,934,2021,2025
636091188,138.0,21.0,8.0,70.0,,1093,2015,2017
636091196,228.0,32.0,12.5,80.0,,912,2018,2021
636091197,228.0,32.0,14.4,80.0,,23,2020,2020
636091198,294.0,32.0,11.3,71.0,,352,2015,2015
636091202,190.0,32.0,12.8,70.0,,452,2020,2020
636091203,189.0,32.0,12.8,70.0,,526,2017,2020
636091212,276.0,40.0,9.0,79.0,,258,2015,2015
636091220,332.0,42.0,12.2,71.0,,2237,2016,2017
636091221,331.0,42.0,12.6,71.0,,468,2017,2017
636091222,176.0,27.0,10.9,70.0,,953,2017,2018
636091225,337.0,46.0,11.1,71.0,,410,2015,2015
636091231,334.0,43.0,14.5,71.0,,468,2015,2015
636091232,222.0,30.0,10.6,70.0,,185,2024,2024
636091236,304.0,40.0,10.4,70.0,,118,2015,2015
636091250,228.0,34.0,11.4,80.0,,458,2015,2015
636091265,128.0,18.0,8.6,80.0,,108,2020,2020
636091270,294.0,32.0,13.7,71.0,,2578,2015,2021
636091275,204.0,28.0,9.4,79.0,,182,2015,2015
636091276,337.0,45.0,12.2,71.0,,1231,2015,2017
636091305,334.0,42.0,12.0,71.0,,1,2015,2015
636091307,222.0,32.0,12.0,72.0,,341,2015,2016
636091308,222.0,32.0,8.4,70.0,,563,2024,2024
636091312,138.0,21.0,6.8,70.0,,469,2015,2015
636091318,208.0,29.0,11.6,70.0,,906,2018,2019
636091328,274.0,40.0,14.5,70.0,,1994,2018,2023
636091346,230.0,32.0,12.0,70.0,,2866,2015,2022
636091347,230.0,32.0,12.0,70.0,,142,2019,2019
636091349,247.0,32.0,12.3,71.0,,928,2015,2016
636091351,168.0,25.0,10.2,71.0,,129,2015,2015
636091352,208.0,29.0,11.6,70.0,,1279,2015,2019
636091380,186.0,28.0,11.3,71.0,,1424,2015,2020
636091383,264.0,32.0,12.75,70.0,,466,2015,2015
636091384,264.0,32.0,12.75,79.0,,143,2015,2015
636091385,264.0,32.0,12.8,70.0,,707,2016,2021
636091394,286.0,32.0,13.2,70.0,,862,2017,2017
636091400,177.0,27.0,10.9,70.0,,3498,2015,2025
636091434,186.0,28.0,11.3,74.0,,219,2015,2019
636091437,147.0,23.0,8.5,70.0,,1124,2016,2019
636091448,231.0,31.0,10.2,71.0,,382,2024,2024
636091449,230.0,32.0,12.5,70.0,,57,2018,2018
636091450,224.0,31.0,11.6,71.0,,278,2015,2015
636091452,294.0,32.0,13.5,70.0,,437,2016,2018
636091472,204.0,28.0,8.3,79.0,,1258,2016,2016
636091473,274.0,32.0,13.5,70.0,,462,2023,2023
636091480,220.0,32.0,12.2,70.0,,1549,2019,2023
636091487,213.0,32.0,8.0,70.0,,67,2025,2025
636091490,186.0,27.0,11.3,70.0,,1171,2018,2019
636091502,261.0,32.0,12.5,70.0,,201,2016,2016
636091521,222.0,30.0,12.0,71.0,,101,2016,2016
636091524,231.0,32.0,12.5,71.0,,852,2015,2015
636091526,230.0,32.0,12.0,70.0,,433,2021,2021
636091527,230.0,32.0,12.0,70.0,,755,2015,2023
636091531,184.0,27.0,11.3,80.0,,2218,2016,2018
636091532,186.0,27.0,11.3,70.0,,95,2018,2018
636091554,128.0,17.0,8.6,80.0,,752,2020,2023
636091558,215.0,30.0,11.55,75.0,,295,2015,2015
636091575,175.0,27.0,10.9,70.0,,3835,2015,2019
636091576,170.0,28.0,7.8,70.0,,626,2017,2017
636091585,147.0,23.0,8.5,70.0,,1045,2015,2018
636091595,294.0,32.0,13.5,70.0,,213,2020,2020
636091599,180.0,28.0,7.2,74.0,,1621,2015,2017
636091600,179.0,27.0,10.7,70.0,,2529,2019,2021
636091601,148.0,24.0,6.3,74.0,,418,2015,2015
636091604,184.0,27.0,11.3,80.0,,856,2016,2018
636091610,294.0,32.0,13.5,71.0,,1494,2016,2020
636091619,228.0,32.0,12.0,70.0,,607,2018,2019
636091621,184.0,27.0,11.3,80.0,,617,2018,2020
636091626,208.0,29.0,11.6,70.0,,533,2017,2018
636091632,184.0,27.0,11.3,80.0,,538,2016,2016
636091634,143.0,22.0,9.69,79.0,,854,2015,2017
636091635,143.0,22.0,9.69,79.0,,1458,2015,2017
636091637,220.0,32.0,12.15,73.0,,1,2015,2015
636091644,196.0,32.0,13.3,70.0,,466,2020,2020
636091654,147.0,23.0,8.5,70.0,,6666,2015,2024
636091656,224.0,32.0,14.1,70.0,,451,2022,2022
636091659,262.0,32.0,12.5,71.0,,80,2015,2015
636091667,139.0,22.0,8.8,70.0,,2107,2018,2020
636091686,244.0,42.0,15.0,80.0,,2689,2015,2024
636091688,161.0,25.0,9.5,70.0,,350,2018,2018
636091690,161.0,25.0,9.5,70.0,,1298,2016,2022
636091714,265.0,32.0,12.6,71.0,,887,2015,2016
636091717,264.0,32.0,13.5,70.0,,1378,2020,2020
636091731,147.0,23.0,8.5,70.0,,2202,2015,2021
636091742,269.0,32.0,10.7,70.0,,678,2015,2015
636091749,225.0,31.0,11.0,79.0,,488,2016,2017
636091763,261.0,32.0,12.6,70.0,,130,2018,2018
636091769,190.0,32.0,12.8,70.0,,427,2018,2018
636091770,190.0,32.0,12.8,70.0,,424,2016,2016
636091782,129.0,16.0,5.7,80.0,,1419,2018,2025
636091788,138.0,21.0,8.0,70.0,,1620,2021,2024
636091803,333.0,43.0,14.5,70.0,,947,2016,2017
636091805,333.0,43.0,11.9,71.0,,457,2017,2017
636091807,189.0,28.0,11.3,79.0,,768,2015,2016
636091835,264.0,32.0,13.5,70.0,,428,2019,2019
636091848,207.0,30.0,8.2,79.0,,681,2023,2024
636091851,258.0,32.0,12.6,70.0,,411,2018,2018
636091858,179.0,28.0,10.0,70.0,,408,2018,2018
636091872,274.0,48.0,16.82,89.0,,678,2015,2015
636091878,128.0,17.0,8.6,80.0,,1167,2018,2024
636091883,262.0,32.0,12.5,70.0,,645,2018,2022
636091888,184.0,23.0,10.4,70.0,,1030,2017,2018
636091894,260.0,32.0,12.6,71.0,,203,2015,2015
636091895,231.0,31.0,10.5,70.0,,1125,2015,2017
636091896,231.0,31.0,,71.0,,310,2015,2015
636091909,262.0,32.0,12.5,71.0,,177,2015,2015
636091910,262.0,32.0,12.5,71.0,,1149,2015,2015
636091912,262.0,32.0,12.5,70.0,,804,2015,2018
636091916,225.0,29.0,11.4,70.0,,3634,2015,2025
636091959,365.0,51.0,16.0,70.0,,3247,2021,2025
636091966,157.0,27.0,9.11,70.0,,478,2015,2015
636091971,155.0,22.0,10.6,80.0,,2223,2022,2024
636091985,187.0,32.0,12.8,70.0,,472,2022,2022
636091987,262.0,32.0,12.5,70.0,,399,2017,2017
636091990,262.0,32.0,12.5,79.0,,418,2016,2017
636091992,262.0,32.0,12.5,74.0,,39,2016,2016
636092000,184.0,27.0,11.52,89.0,,237,2015,2015
636092004,173.0,28.0,10.4,80.0,,61,2019,2019
636092007,189.0,28.0,9.0,79.0,,890,2015,2015
636092012,189.0,28.0,10.4,70.0,,1568,2015,2018
636092021,264.0,32.0,13.5,70.0,,250,2018,2018
636092028,229.0,38.0,14.9,70.0,,163,2018,2018
636092036,139.0,21.0,8.0,70.0,,1349,2015,2021
636092044,189.0,28.0,10.4,70.0,,1796,2016,2023
636092048,155.0,22.0,10.6,80.0,,460,2021,2023
636092052,229.0,32.0,14.12,82.0,,405,2015,2016
636092061,179.0,28.0,10.0,70.0,,473,2017,2017
636092074,229.0,38.0,14.9,70.0,,82,2018,2018
636092089,190.0,32.0,12.8,79.0,,520,2016,2017
636092093,180.0,30.0,10.54,70.0,,206,2015,2015
636092120,168.0,25.0,9.5,70.0,,1402,2018,2019
636092136,228.0,32.0,14.7,80.0,,315,2021,2021
636092137,228.0,32.0,14.7,80.0,,9,2018,2018
636092140,207.0,29.0,11.4,70.0,,1029,2017,2018
636092141,116.0,18.0,7.4,80.0,,234,2020,2020
636092151,187.0,32.0,12.8,70.0,,546,2018,2018
636092152,187.0,32.0,12.8,70.0,,509,2022,2022
636092155,254.0,43.0,14.5,70.0,,556,2015,2015
636092156,253.0,43.0,14.5,70.0,,465,2021,2021
636092163,228.0,32.0,14.0,83.0,,244,2015,2017
636092180,140.0,23.0,8.6,80.0,,328,2015,2015
636092181,225.0,29.0,11.4,70.0,,617,2019,2024
636092187,144.0,23.0,9.85,70.0,,131,2015,2015
636092195,184.0,23.0,10.4,70.0,,1303,2018,2021
636092212,270.0,40.0,13.5,70.0,,616,2020,2021
636092217,228.0,32.0,14.02,89.0,,730,2015,2017
636092220,180.0,30.0,10.54,70.0,,453,2015,2015
636092224,190.0,32.0,12.8,79.0,,309,2017,2017
636092243,143.0,22.0,9.7,70.0,,459,2016,2016
636092247,366.0,51.0,13.5,71.0,,930,2022,2025
636092248,225.0,32.0,14.2,70.0,,409,2018,2018
636092253,184.0,23.0,10.4,70.0,,2289,2018,2022
636092268,365.0,51.0,16.0,70.0,,542,2021,2022
636092269,270.0,40.0,13.5,70.0,,1874,2018,2023
636092270,270.0,40.0,13.5,70.0,,394,2020,2020
636092271,365.0,48.0,16.0,70.0,,1402,2019,2024
636092275,270.0,40.0,11.3,72.0,,1363,2021,2022
636092301,177.0,30.0,6.0,70.0,,478,2017,2017
636092302,190.0,32.0,12.5,77.0,,1479,2015,2016
636092308,229.0,32.0,14.4,70.0,,14,2019,2019
636092311,135.0,22.0,8.0,70.0,,493,2017,2017
636092312,134.0,21.0,8.0,70.0,,706,2018,2024
636092313,134.0,21.0,8.0,70.0,,717,2017,2020
636092314,134.0,21.0,8.0,70.0,,1885,2015,2022
636092330,138.0,21.0,8.0,70.0,,410,2018,2018
636092331,138.0,21.0,8.0,70.0,,1033,2018,2021
636092347,169.0,25.0,9.5,70.0,,649,2015,2018
636092359,138.0,21.0,8.0,70.0,,759,2018,2019
636092366,138.0,21.0,8.0,70.0,,1145,2018,2021
636092378,175.0,27.0,10.9,70.0,,313,2018,2018
636092392,276.0,40.0,14.0,71.0,,373,2015,2015
636092393,166.0,23.0,7.7,70.0,,470,2015,2015
636092406,225.0,32.0,14.2,70.0,,469,2019,2019
636092413,228.0,32.0,13.6,80.0,,936,2017,2018
636092421,134.0,21.0,7.6,70.0,,900,2017,2017
636092424,260.0,37.0,9.6,72.0,,530,2025,2025
636092426,155.0,23.0,6.4,84.0,,736,2022,2025
636092427,156.0,23.0,10.6,84.0,,666,2015,2023
636092443,228.0,32.0,13.6,80.0,,1378,2015,2018
636092472,335.0,42.0,,70.0,,584,2015,2015
636092473,335.0,42.0,11.5,71.0,,1249,2015,2016
636092474,334.0,42.0,11.9,71.0,,397,2015,2015
636092500,259.0,37.0,10.5,71.0,,193,2024,2024
636092502,148.0,24.0,8.51,74.0,,171,2015,2015
636092515,224.0,32.0,14.0,70.0,,413,2019,2019
636092528,139.0,21.0,7.5,70.0,,144,2017,2017
636092552,228.0,32.0,14.5,80.0,,500,2015,2018
636092553,177.0,28.0,10.2,70.0,,611,2015,2017
636092556,177.0,28.0,10.2,70.0,,833,2015,2018
636092562,222.0,30.0,11.43,79.0,,55,2015,2015
636092597,185.0,,,70.0,,237,2020,2020
636092601,334.0,43.0,14.5,79.0,,429,2015,2015
636092602,186.0,27.0,9.8,70.0,,526,2019,2024
636092603,334.0,43.0,14.5,79.0,,246,2017,2017
636092604,349.0,45.0,15.0,70.0,,2267,2017,2020
636092629,294.0,32.0,13.27,79.0,,284,2015,2015
636092630,199.0,32.0,13.0,70.0,,306,2019,2020
636092637,194.0,28.0,11.5,70.0,,647,2018,2019
636092648,183.0,27.0,11.22,89.0,,315,2015,2015
636092654,285.0,40.0,14.0,70.0,,1115,2016,2017
636092656,278.0,40.0,14.0,70.0,,1175,2018,2020
636092658,168.0,25.0,9.5,70.0,,942,2018,2019
636092666,199.0,,,70.0,,577,2018,2023
636092675,180.0,30.0,10.8,70.0,,744,2021,2022
636092677,224.0,32.0,14.4,70.0,,189,2022,2022
636092678,300.0,46.0,10.8,70.0,,1547,2021,2025
636092679,275.0,40.0,14.0,70.0,,1011,2018,2024
636092680,300.0,46.0,10.4,79.0,,2776,2021,2024
636092681,304.0,40.0,14.0,70.0,,3465,2018,2025
636092682,305.0,40.0,14.5,70.0,,1009,2020,2021
636092683,161.0,25.0,9.5,70.0,,1161,2016,2016
636092684,182.0,32.0,12.2,80.0,,288,2019,2019
636092697,260.0,38.0,9.6,70.0,,732,2022,2024
636092705,180.0,30.0,10.7,70.0,,262,2023,2023
636092706,180.0,30.0,10.7,70.0,,39,2018,2021
636092708,185.0,,,70.0,,1047,2018,2020
636092711,185.0,30.0,8.7,70.0,,1050,2018,2024
636092712,185.0,30.0,10.1,79.0,,1060,2021,2024
636092713,,,,70.0,,1400,2019,2023
636092728,181.0,30.0,10.5,70.0,,285,2024,2024
636092729,,,,70.0,,1205,2023,2023
636092730,179.0,,,70.0,,728,2019,2022
636092733,181.0,30.0,6.4,70.0,,140,2023,2024
636092738,180.0,30.0,6.8,70.0,,1009,2019,2024
636092742,229.0,38.0,8.0,70.0,,449,2023,2023
636092743,229.0,38.0,14.9,70.0,,464,2021,2021
636092744,229.0,38.0,10.5,79.0,,455,2022,2022
636092749,260.0,43.0,7.9,79.0,,455,2022,2022
636092759,180.0,30.0,10.7,70.0,,466,2017,2017
636092764,366.0,48.0,14.5,74.0,,1240,2025,2025
636092767,175.0,27.0,9.2,70.0,,564,2019,2021
636092769,,,,70.0,,457,2023,2023
636092780,300.0,45.0,12.4,70.0,,1343,2021,2025
636092781,300.0,46.0,12.2,70.0,,845,2024,2025
636092782,300.0,46.0,12.5,79.0,,1784,2021,2025
636092783,300.0,46.0,10.5,79.0,,2038,2022,2025
636092784,300.0,46.0,11.6,74.0,,1382,2022,2024
636092786,299.0,48.0,10.5,70.0,,289,2025,2025
636092789,332.0,44.0,11.7,71.0,,1280,2017,2017
636092791,225.0,32.0,14.4,70.0,,328,2019,2019
636092793,300.0,48.0,11.4,70.0,,692,2024,2025
636092801,318.0,42.0,12.0,71.0,,588,2018,2018
636092804,366.0,48.0,12.0,72.0,,9,2022,2022
636092807,182.0,32.0,12.1,80.0,,452,2022,2022
636092810,175.0,27.0,10.9,70.0,,330,2018,2018
636092811,138.0,21.0,6.6,70.0,,755,2022,2023
636092815,212.0,30.0,9.1,71.0,,2226,2018,2022
636092817,260.0,43.0,7.7,70.0,,568,2023,2024
636092819,260.0,43.0,8.0,70.0,,360,2021,2021
636092824,175.0,28.0,7.4,71.0,,2355,2018,2024
636092825,175.0,28.0,7.6,71.0,,5395,2018,2025
636092826,175.0,28.0,7.4,79.0,,5173,2020,2024
636092827,175.0,28.0,7.7,70.0,,1531,2018,2020
636092828,180.0,32.0,7.0,70.0,,437,2021,2023
636092835,300.0,42.0,11.2,79.0,,338,2019,2019
636092837,154.0,24.0,7.3,78.0,,826,2025,2025
636092846,132.0,16.0,7.1,79.0,,1461,2018,2020
636092847,190.0,33.0,6.5,70.0,,473,2023,2023
636092848,306.0,40.0,11.1,72.0,,2147,2021,2022
636092849,255.0,43.0,9.2,79.0,,453,2025,2025
636092850,255.0,43.0,7.9,70.0,,735,2022,2024
636092851,255.0,43.0,7.8,70.0,,598,2022,2024
636092864,210.0,30.0,9.7,70.0,,2369,2019,2023
636092870,160.0,25.0,6.8,70.0,,948,2019,2019
636092873,190.0,32.0,10.3,70.0,,668,2022,2023
636092874,180.0,32.0,6.9,70.0,,131,2024,2024
636092878,256.0,37.0,11.3,70.0,,2819,2021,2025
636092879,256.0,37.0,9.5,74.0,,187,2023,2023
636092880,139.0,22.0,5.5,79.0,,2378,2023,2025
636092881,183.0,31.0,6.3,70.0,,57,2024,2024
636092882,180.0,30.0,9.1,70.0,,435,2023,2023
636092887,300.0,40.0,13.7,79.0,,466,2024,2024
636092889,139.0,21.0,6.8,70.0,,455,2021,2021
636092890,137.0,21.0,6.5,70.0,,2206,2021,2025
636092892,138.0,21.0,6.7,79.0,,2692,2021,2025
636092896,300.0,49.0,10.5,79.0,,550,2023,2025
636092898,300.0,49.0,12.0,79.0,,1468,2022,2024
636092899,137.0,21.0,6.3,70.0,,926,2019,2019
636092901,224.0,32.0,7.9,70.0,,716,2022,2022
636092905,224.0,32.0,11.0,70.0,,481,2020,2021
636092910,299.0,40.0,9.2,71.0,,451,2021,2023
636092911,285.0,40.0,10.8,71.0,,583,2024,2025
636092919,304.0,40.0,11.7,72.0,,903,2022,2024
636092926,188.0,29.0,7.3,80.0,,1642,2022,2025
636092927,333.0,42.0,11.9,79.0,,964,2022,2025
636092929,334.0,43.0,10.5,79.0,,537,2021,2021
636092930,304.0,40.0,12.9,70.0,,1298,2024,2025
636092932,300.0,40.0,11.2,79.0,,2426,2020,2024
636092935,160.0,25.0,7.2,80.0,,1309,2021,2023
636092940,180.0,30.0,9.2,70.0,,1290,2021,2022
636092941,333.0,42.0,11.1,71.0,,867,2020,2020
636092947,334.0,43.0,11.9,71.0,,651,2020,2020
636092948,334.0,43.0,10.1,71.0,,239,2020,2020
636092952,190.0,32.0,6.7,70.0,,621,2022,2025
636092953,278.0,40.0,11.8,79.0,,325,2022,2023
636092955,228.0,32.0,12.8,80.0,,279,2024,2024
636092960,199.0,33.0,10.6,70.0,,560,2021,2022
636092962,178.0,32.0,10.8,70.0,,849,2021,2024
636092963,180.0,30.0,8.4,70.0,,944,2022,2024
636092969,229.0,32.0,11.7,89.0,,446,2022,2023
636092972,225.0,32.0,9.7,70.0,,834,2022,2025
636092976,300.0,40.0,13.7,79.0,,392,2022,2022
636092977,235.0,38.0,7.6,70.0,,198,2025,2025
636092979,260.0,43.0,13.7,70.0,,430,2023,2023
636092984,221.0,30.0,7.4,79.0,,458,2025,2025
636092985,180.0,32.0,6.7,70.0,,143,2022,2022
636092986,332.0,44.0,11.7,70.0,,261,2021,2021
636092991,138.0,21.0,7.4,70.0,,424,2021,2021
636092993,199.0,32.0,7.2,79.0,,837,2021,2023
636092995,209.0,30.0,11.0,79.0,,268,2025,2025
636093002,187.0,29.0,10.5,70.0,,1690,2021,2022
636093013,225.0,32.0,7.3,79.0,,675,2025,2025
636093018,368.0,51.0,13.0,70.0,,955,2024,2024
636093019,190.0,28.0,7.4,79.0,,676,2021,2023
636093022,180.0,28.0,9.1,70.0,,945,2023,2024
636093024,228.0,32.0,10.9,89.0,,1649,2022,2023
636093027,222.0,32.0,10.2,70.0,,648,2024,2024
636093031,263.0,32.0,9.9,70.0,,2741,2024,2025
636093037,186.0,28.0,10.6,70.0,,466,2023,2023
636093041,334.0,42.0,12.5,71.0,,383,2024,2025
636093042,335.0,42.0,12.2,79.0,,897,2023,2024
636093045,184.0,32.0,12.0,80.0,,189,2024,2024
636093054,221.0,30.0,8.5,79.0,,374,2024,2024
636093060,147.0,23.0,7.9,70.0,,898,2024,2025
636093065,186.0,28.0,10.9,70.0,,242,2022,2022
636093069,262.0,32.0,11.1,70.0,,701,2022,2022
636093082,293.0,40.0,12.8,70.0,,444,2025,2025
636093085,186.0,28.0,8.9,70.0,,291,2023,2023
636093086,186.0,28.0,9.4,70.0,,714,2022,2023
636093089,179.0,30.0,8.9,70.0,,1814,2023,2025
636093091,179.0,30.0,8.3,70.0,,479,2024,2024
636093092,179.0,30.0,7.2,70.0,,146,2022,2022
636093094,334.0,42.0,12.2,71.0,,1247,2022,2024
636093096,190.0,33.0,11.2,70.0,,472,2024,2024
636093097,199.0,32.0,14.1,79.0,,449,2023,2023
636093100,293.0,40.0,11.9,73.0,,2478,2023,2025
636093110,178.0,28.0,7.2,70.0,,486,2023,2023
636093111,183.0,32.0,8.1,89.0,,321,2022,2023
636093122,139.0,21.0,5.7,70.0,,533,2023,2024
636093127,139.0,21.0,6.6,70.0,,467,2025,2025
636093131,294.0,33.0,10.7,71.0,,659,2022,2024
636093133,180.0,30.0,9.0,70.0,,556,2024,2024
636093139,306.0,40.0,11.9,71.0,,1272,2024,2025
636093143,262.0,32.0,10.4,71.0,,2379,2022,2024
636093145,294.0,32.0,10.7,79.0,,514,2024,2024
636093146,336.0,43.0,12.5,70.0,,579,2024,2025
636093148,366.0,48.0,11.4,74.0,,527,2024,2025
636093149,366.0,48.0,11.5,71.0,,1021,2023,2024
636093154,320.0,42.0,10.6,79.0,,1402,2025,2025
636093155,320.0,42.0,11.6,79.0,,489,2025,2025
636093156,335.0,44.0,11.6,72.0,,2155,2023,2025
636093160,306.0,40.0,14.0,79.0,,914,2024,2025
636093161,320.0,42.0,10.4,71.0,,252,2025,2025
636093164,366.0,48.0,12.3,71.0,,714,2023,2024
636093167,335.0,43.0,10.3,71.0,,404,2025,2025
636093172,368.0,48.0,12.1,71.0,,363,2024,2024
636093175,366.0,48.0,11.3,71.0,,284,2024,2024
636093176,366.0,48.0,11.4,71.0,,990,2023,2024
636093177,336.0,43.0,11.7,71.0,,1000,2024,2025
636093182,366.0,48.0,11.9,71.0,,1067,2023,2025
636093194,335.0,42.0,10.8,74.0,,136,2023,2023
636093207,180.0,32.0,8.2,70.0,,911,2024,2025
636093210,171.0,28.0,8.7,79.0,,397,2023,2023
636093213,171.0,28.0,9.3,71.0,,263,2025,2025
636093219,335.0,42.0,13.2,70.0,,1380,2024,2025
636093220,293.0,40.0,10.9,71.0,,397,2024,2024
636093230,179.0,30.0,8.7,70.0,,115,2024,2024
636093231,179.0,30.0,10.8,70.0,,479,2024,2024
636093236,199.0,32.0,12.6,70.0,,207,2025,2025
636093244,188.0,29.0,7.3,85.0,,352,2024,2024
636093258,183.0,31.0,7.8,70.0,,474,2024,2024
636093270,226.0,31.0,9.8,70.0,,113,2024,2024
636093280,294.0,32.0,11.9,79.0,,1001,2025,2025
636093283,198.0,32.0,6.5,79.0,,183,2024,2024
636093284,198.0,32.0,6.9,70.0,,467,2024,2024
636093292,349.0,45.0,13.1,71.0,,1154,2024,2025
636093294,350.0,46.0,10.0,71.0,,229,2025,2025
636093302,180.0,28.0,7.4,70.0,,98,2025,2025
636093313,180.0,32.0,6.9,70.0,,402,2025,2025
636093350,366.0,48.0,13.5,71.0,,871,2025,2025
636093366,366.0,48.0,13.8,71.0,,478,2025,2025
636093367,366.0,48.0,13.1,71.0,,640,2025,2025
636093376,179.0,30.0,8.6,70.0,,474,2025,2025
642122009,249.0,44.0,14.9,80.0,,944,2017,2017
642122013,183.0,32.0,12.2,80.0,,454,2016,2016
642122014,183.0,32.0,12.2,80.0,,1394,2015,2025
642122021,248.0,43.0,14.9,80.0,,1696,2019,2020
645337000,228.0,32.0,14.4,80.0,,470,2019,2019
664444000,190.0,32.0,11.81,89.0,,1468,2015,2025
671082100,37.0,35.0,2.0,70.0,,14550,2021,2025
671091100,55.0,10.0,2.8,76.0,,19093,2019,2023
671217100,82.0,14.0,3.4,70.0,,6239,2020,2021
671226100,52.0,12.0,2.5,79.0,,11354,2022,2025
671297100,48.0,10.0,2.0,70.0,,10826,2021,2024
671342100,71.0,14.0,3.6,79.0,,3524,2022,2022
671827000,90.0,14.0,4.4,70.0,,2274,2017,2017
671830000,63.0,9.0,4.5,70.0,,9173,2016,2025
677019100,83.0,15.0,5.3,70.0,,4244,2015,2018
677023900,76.0,11.0,4.42,70.0,,5527,2015,2016
677027900,90.0,13.0,4.3,70.0,,3237,2016,2019
677031100,34.0,8.0,2.7,70.0,,4550,2018,2022
677037400,,,2.5,70.0,,2196,2015,2015
677040000,34.0,8.0,,70.0,,2211,2025,2025
677058200,49.0,8.0,2.64,79.0,,2200,2015,2015
677062300,90.0,13.0,4.3,70.0,,12077,2017,2025
677073800,55.0,8.0,3.1,70.0,,128,2019,2019
677082600,55.0,10.0,3.4,76.0,,432,2023,2023
677091100,70.0,10.0,3.7,70.0,,4468,2018,2019
677091700,84.0,15.0,5.3,70.0,,4632,2016,2019
677093000,79.0,12.0,4.8,70.0,,3598,2017,2019
677099500,60.0,10.0,3.5,70.0,,8433,2018,2020
710025780,274.0,48.0,16.5,80.0,,469,2022,2022
710033180,249.0,44.0,8.1,80.0,,301,2024,2024
710033290,249.0,44.0,11.7,80.0,,133,2023,2023
720066000,62.0,14.0,3.0,70.0,,2347,2024,2024
720181000,33.0,10.0,3.5,70.0,,5316,2021,2023
720202000,33.0,12.0,3.0,70.0,,1693,2023,2024
720233000,86.0,12.0,2.1,71.0,,1183,2025,2025
720783000,54.0,9.0,3.7,70.0,,442,2018,2018
720839000,65.0,11.0,3.96,79.0,,353,2015,2015
720849000,70.0,10.0,3.55,70.0,,2275,2015,2015
720874000,90.0,14.0,4.5,70.0,,3265,2015,2015
720892000,55.0,9.0,3.2,70.0,,2935,2016,2018
720899000,95.0,14.0,4.1,70.0,,11487,2015,2021
720938000,86.0,10.0,2.5,70.0,,1146,2016,2016
725005570,174.0,26.0,9.8,70.0,,390,2018,2018
735057548,228.0,32.0,13.0,80.0,,213,2017,2017
