lon,lat,pm25
-118.67520655050244,33.846791787202314,0.00433391266525252
-118.65806195271537,34.017096185762064,0.006102561629824388
-118.6786064290278,34.087126946535186,0.00487162682857158
-118.68889301153602,34.12214360274846,0.004090146632722742
-118.69918917440718,34.157161091326685,0.0032914668230273492
-118.69577388842609,34.25986092419361,0.0030408970460073723
-118.6943441712014,34.274060333731356,0.0030408970460073723
-118.6969231554491,34.2828164192114,0.0030408970460073723
-118.63632102037823,34.09563409621354,0.005077343614724178
-118.64658908093051,34.130655150615965,0.004234509708576655
-118.65686670676065,34.16567703840354,0.0033984847594012335
-118.66715391097749,34.20069974592427,0.0030408970460073723
-118.67745070671334,34.235723259516895,0.0030408970460073723
-118.6837478448142,34.276190730225565,0.0030408970460073723
-118.68632566653945,34.28494709064011,0.0030408970460073723
-118.67458472238964,34.26412089241345,0.0030408970460073723
-118.67315091732668,34.27832011214087,0.0030408970460073723
-118.67572757632333,34.287076747362406,0.0030408970460073723
-118.62255174437534,34.16329699030142,0.0028455844962604307
-118.62768599233543,34.180809787415704,0.0028455844962604307
-118.63282263287584,34.19832278880071,0.0025907645368391406
-118.63796166763655,34.21583599274867,0.0022118474551316865
-118.47177193284665,33.68388976230609,0.01369103963469192
-118.48190786905066,33.718904132372685,0.010442248572632325
-118.49205320012807,33.75391949994987,0.008508395264911206
-118.53272872981054,33.893990674409096,0.004698117053062687
-118.5429212279345,33.92901082624043,0.004840766720854784
-118.55312319816424,33.964031894197184,0.005473490669917939
-118.56333465345237,33.99905386468233,0.004756716984171899
-118.57355560677459,34.03407672408964,0.004724440262244665
-118.58378607112978,34.069100458803455,0.004693095027170512
-118.59402605954013,34.10412505519887,0.003828858203195711
-118.60427558505106,34.139150499641694,0.0032901192663963704
-118.63508151499207,34.24423178477336,0.002029105203475906
-118.64536931982725,34.279260484878364,0.0018661561542119203
-118.60539507898481,34.162102949016834,0.0028455844962604307
-118.60795986513315,34.170859707564105,0.0028455844962604307
-118.61052524876459,34.17961651752303,0.0028455844962604307
-118.61309123008385,34.18837337868019,0.0028455844962604307
-118.61565780929578,34.197130290822145,0.0028477753724249224
-118.61822498660521,34.20588725373542,0.0028477753724249224
-118.62079276221718,34.214644267206545,0.0023650760818613357
-118.62336113633677,34.22340133102195,0.0023650760818613357
-118.59481201430471,34.164224433134805,0.0028455844962604307
-118.59737564021836,34.17298146575696,0.0028455844962604307
-118.59993986337858,34.181738549806646,0.0028455844962604307
-118.60250468398996,34.190495685070445,0.0028455844962604307
-118.6050701022573,34.19925287133494,0.0028477753724249224
-118.6076361183854,34.20801010838667,0.0028477753724249224
-118.61020273257918,34.21676739601206,0.0023650760818613357
-118.6127699450437,34.22552473399764,0.0023650760818613357
-118.58935388054137,34.183859568547284,0.0032801764352892826
-118.59191754024013,34.192616977790294,0.0032801764352892826
-118.59448179735804,34.20137443804988,0.0031302673560889786
-118.59704665209989,34.21013194911252,0.0031302673560889786
-118.59961210467047,34.21888951076476,0.0025529311383568763
-118.60217815527477,34.227647122793016,0.0025529311383568763
-118.60474480411784,34.236404784983755,0.0022114140337214216
-118.60731205140479,34.24516249712328,0.0022114140337214216
-118.52909854834995,33.99664520044007,0.005124056051538515
-118.53419971436642,34.01415805122894,0.005124056051538515
-118.58021716589518,34.17178347466889,0.0032801764352892826
-118.60586589116934,34.259360452038365,0.0022114140337214216
-118.57876730048972,34.185979573646534,0.0032801764352892826
-118.5813297990712,34.194737256741256,0.0032801764352892826
-118.58389289483493,34.203494990868435,0.0031302673560889786
-118.58645658798562,34.21225277581454,0.0031302673560889786
-118.58902087872805,34.221010611366104,0.0025529311383568763
-118.59158576726712,34.22976849730958,0.0025529311383568763
-118.59415125380781,34.23852643343132,0.0022114140337214216
-118.59671733855518,34.24728441951776,0.0022114140337214216
-118.40948178999287,33.622277591620104,0.028575813842595086
-118.42968883800827,33.69231202126768,0.019337034333208863
-118.43980640638726,33.72733076095617,0.01578376724476941
-118.44993335470691,33.76235049918151,0.012275053317019185
-118.47021544238434,33.832392917067324,0.009555114022904803
-118.49053520370126,33.90243916648049,0.005481950769364287
-118.50070924415621,33.937463694079824,0.005427757582176611
-118.51089274168501,33.97248913882632,0.005977750815784845
-118.53128815973123,34.04254272536043,0.005018024119463995
-118.54150010618996,34.07757083992465,0.0049758904211034335
-118.55172156160536,34.11259981718921,0.004144510908206087
-118.56195253900614,34.14762964351921,0.0036567556435544747
-118.60297192985554,34.287757166469866,0.0019221765979730572
-118.51707842244494,34.01295047721318,0.005124056051538515
-118.51962786363212,34.02170736829055,0.005124056051538515
-118.56818012346044,34.18809856500602,0.0032801764352892826
-118.57074146072001,34.19685652182495,0.0032801764352892826
-118.57330339492488,34.20561452969219,0.0033273298949950225
-118.57586592627962,34.21437258839426,0.0033273298949950225
-118.57842905498902,34.223130697717636,0.002708981842498912
-118.58099278125788,34.23188885744876,0.002708981842498912
-118.58355710529112,34.24064706737407,0.0022114140337214216
-118.58612202729373,34.24940532727989,0.0022114140337214216
-118.58868754747078,34.25816363695261,0.0022114140337214216
-118.59125366602754,34.266921996178475,0.0022114140337214216
-118.50797401680178,34.00087142067976,0.005124056051538515
-118.55904629497319,34.176020636250094,0.0032801764352892826
-118.50651382952012,34.015062986135725,0.005124056051538515
-118.5090621139085,34.02382015049195,0.005124056051538515
-118.55759234969047,34.19021654252731,0.0032801764352892826
-118.56015252542358,34.198974772942954,0.0032801764352892826
-118.56271329786492,34.207733054422754,0.0033273298949950225
-118.56527466721901,34.21649138675326,0.0033273298949950225
-118.56783663369056,34.225249769720925,0.002708981842498912
-118.57039919748428,34.23400820311218,0.002708981842498912
-118.57296235880506,34.242766686713466,0.0022114140337214216
-118.57552611785779,34.25152522031112,0.0022114140337214216
-118.57809047484756,34.26028380369152,0.0022114140337214216
-118.58065542997944,34.26904243664091,0.0022114140337214216
-118.48576605456459,33.982145291316094,0.006653992883428016
-118.4883108143762,33.99090250532819,0.006653992883428016
-118.4908561657781,33.99965977553317,0.005530679326059597
-118.49340210897257,34.00841710171836,0.005530679326059597
-118.49594864416203,34.01717448367117,0.005530679326059597
-118.49849577154896,34.02593192117885,0.005530679326059597
-118.50104349133599,34.03468941402872,0.005346952143065245
-118.50359180372577,34.04344696200798,0.005346952143065245
-118.5367738840315,34.157300005641616,0.004006610129044222
-118.53933051419277,34.166058303072155,0.004006610129044222
-118.54188774000794,34.17481665243636,0.0037011812328938782
-118.5444455616812,34.18357505352082,0.0037011812328938782
-118.54700397941676,34.19233350611215,0.0037011812328938782
-118.54956299341896,34.20109200999697,0.0037011812328938782
-118.5521226038922,34.209850564961805,0.0036280731163364083
-118.55468281104098,34.218609170793194,0.0036280731163364083
-118.55724361506988,34.22736782727757,0.0029561816344218428
-118.55980501618365,34.23612653420142,0.0029561816344218428
-118.41580813861039,33.759907323358775,0.020068509839992258
-118.42086705941439,33.77741907629251,0.020068509839992258
-118.46650311707731,33.93503570104325,0.0060902587589241955
-118.47158557187886,33.95254983362237,0.006061465685796279
-118.47667038893341,33.970064194830066,0.0062798734026278825
-118.50212996459206,34.05763937078435,0.005346952143065245
-118.5276488395057,34.145220007237945,0.004006610129044222
-118.55835005083976,34.25032367883501,0.0025297295199179577
-118.5634752745394,34.26784166618697,0.0025297295199179577
-118.47520490346707,33.98425468542956,0.006653992883428016
-118.47774850701778,33.99301217240202,0.006653992883428016
-118.48029270192306,34.00176971558327,0.005530679326059597
-118.48283748838517,34.01052731476069,0.005530679326059597
-118.48538286660647,34.019284969721596,0.005530679326059597
-118.48792883678934,34.02804268025331,0.005530679326059597
-118.49047539913639,34.03680044614311,0.005346952143065245
-118.49302255385017,34.04555826717821,0.005346952143065245
-118.52618956286136,34.159414861983734,0.004006610129044222
-118.52874503203562,34.16817343269249,0.004006610129044222
-118.53130109662683,34.176932055350754,0.0037011812328938782
-118.53385775683905,34.18569072974511,0.0037011812328938782
-118.53641501287646,34.19444945566224,0.0037011812328938782
-118.5389728649433,34.203208232888684,0.0037011812328938782
-118.54153131324392,34.21196706121102,0.0036280731163364083
-118.5440903579828,34.2207259404157,0.0036280731163364083
-118.54664999936442,34.229484870289255,0.0029561816344218428
-118.54921023759343,34.23824385061813,0.0029561816344218428
-118.38759637600856,33.70071817471808,0.028507516049767603
-118.39769556378697,33.73574127588891,0.026066373727850922
-118.44833223343485,33.91087150418055,0.006912086362125161
-118.49920463229734,34.08602502591602,0.005266376157051021
-118.50940754168904,34.121058375893575,0.004447839438225944
-118.56056495240783,34.296237603972024,0.002106702175441764
-118.39874635939158,33.75868174408294,0.020068509839992258
-118.40127350806534,33.767437967535194,0.020068509839992258
-118.40380124263247,33.776194252727514,0.020068509839992258
-118.40632956329277,33.784950599448244,0.020068509839992258
-118.45447928001393,33.95133259574629,0.006859386567163749
-118.4570193646465,33.96009012852741,0.006859386567163749
-118.45956003958999,33.96884771838341,0.006750571897227204
-118.46210130504623,33.97760536510172,0.006750571897227204
-118.46464316121717,33.98636306846983,0.00703179776197899
-118.46718560830479,33.995120828275255,0.00703179776197899
-118.4697286465112,34.00387864430538,0.005530679326059597
-118.47227227603862,34.01263651634754,0.005530679326059597
-118.4748164970893,34.02139444418913,0.005530679326059597
-118.4773613098656,34.030152427617445,0.005530679326059597
-118.47990671457002,34.0389104664197,0.005346952143065245
-118.4824527114051,34.04766856038319,0.005346952143065245
-118.48499930057349,34.0564267092951,0.005346952143065245
-118.4875464822779,34.065184912942556,0.005346952143065245
-118.51560464647828,34.16152870470308,0.004006610129044222
-118.51815895446155,34.170287548562506,0.004006610129044222
-118.52071385762471,34.17904644438728,0.0037011812328938782
-118.52326935617172,34.18780539196401,0.0037011812328938782
-118.52582545030671,34.196564391079335,0.0037011812328938782
-118.52838214023386,34.20532344151983,0.0037011812328938782
-118.53093942615746,34.214082543072095,0.003908819307641285
-118.53349730828187,34.222841695522526,0.003908819307641285
-118.53605578681157,34.23160089865766,0.003192079650567278
-118.53861486195113,34.240360152263946,0.003192079650567278
-118.54117453390515,34.24911945612776,0.0025297295199179577
-118.54373480287842,34.257878810035436,0.0025297295199179577
-118.44539234530734,33.93924946650621,0.006958636787301762
-118.5064824894829,34.14944687325964,0.004006610129044222
-118.5422763779448,34.27207618264531,0.0025297295199179577
-118.38821401694551,33.76078203120223,0.020068509839992258
-118.39074001506368,33.76953852694536,0.020068509839992258
-118.39326659884102,33.77829508444458,0.020068509839992258
-118.39579376847732,33.78705170348814,0.020068509839992258
-118.4439215711508,33.953438876952774,0.006859386567163749
-118.446460500061,33.962196682375776,0.006859386567163749
-118.44900001904648,33.9709545448895,0.006750571897227204
-118.45154012830906,33.9797124642815,0.006750571897227204
-118.4540808280506,33.98847044033923,0.00703179776197899
-118.45662211847302,33.99722847285014,0.00703179776197899
-118.4591639997784,34.00598656160166,0.005530679326059597
-118.4617064721688,34.014744706381144,0.005530679326059597
-118.46424953584649,34.02350290697593,0.005530679326059597
-118.46679319101378,34.03226116317335,0.005530679326059597
-118.46933743787302,34.04101947476064,0.005346952143065245
-118.47188227662676,34.04977784152503,0.005346952143065245
-118.47442770747753,34.05853626325373,0.005346952143065245
-118.47697373062802,34.067294739733875,0.005346952143065245
-118.50501913511926,34.16364153370156,0.004006610129044222
-118.50757228170765,34.17240065058407,0.004006610129044222
-118.51012602323873,34.181159819447814,0.0037011812328938782
-118.51268035991644,34.18991904007931,0.0037011812328938782
-118.51523529194483,34.19867831226528,0.0037011812328938782
-118.517790819528,34.207437635792246,0.0037011812328938782
-118.52034694287019,34.216197010446805,0.003908819307641285
-118.5229036621757,34.22495643601541,0.003908819307641285
-118.52546097764892,34.23371591228452,0.003192079650567278
-118.52801888949433,34.24247543904064,0.003192079650567278
-118.53057739791657,34.251235016070076,0.0025297295199179577
-118.53313650312026,34.25999464315923,0.0025297295199179577
-118.37768108904001,33.76288131036474,0.01833157645616835
-118.38020593640286,33.771638078271465,0.01833157645616835
-118.38273136919062,33.78039490795021,0.01833157645616835
-118.38525738760302,33.78915179918936,0.01833157645616835
-118.39283895858665,33.815422840151534,0.02225422464430655
-118.39536732149666,33.82417997551459,0.02225422464430655
-118.39789627103131,33.832937171379015,0.017382673419809987
-118.40042580739087,33.841694427533,0.017382673419809987
-118.40295593077566,33.85045174376458,0.017382673419809987
-118.40548664138613,33.85920911986175,0.017382673419809987
-118.40801793942283,33.8679665556125,0.012001842834064072
-118.41054982508642,33.87672405080483,0.012001842834064072
-118.41308229857754,33.88548160522663,0.010646350798562333
-118.41561536009704,33.8942392186658,0.010646350798562333
-118.41814900984578,33.902996890910174,0.008635227870423647
-118.42068324802479,33.91175462174757,0.008635227870423647
-118.43336327241406,33.9555441474004,0.007849142021675441
-118.43590104540017,33.96430222533781,0.007849142021675441
-118.43843940822589,33.97306036038187,0.006973825115445226
-118.44097836109296,33.98181855232007,0.006973825115445226
-118.44351790420315,33.99057680093996,0.006770371709824868
-118.44605803775835,33.999335106028916,0.006770371709824868
-118.44859876196054,34.00809346737436,0.006557405400719987
-118.45114007701173,34.01685188476369,0.006557405400719987
-118.45368198311415,34.02561035798422,0.006557405400719987
-118.45622448046997,34.03436888682329,0.006557405400719987
-118.45876756928158,34.04312747106808,0.00640761460314758
-118.46131124975138,34.051886110505876,0.00640761460314758
-118.46385552208186,34.06064480492386,0.00640761460314758
-118.46640038647566,34.06940355410916,0.00640761460314758
-118.46894584313547,34.07816235784894,0.006210939170729399
-118.47149189226405,34.086921215930225,0.006210939170729399
-118.49953759370614,34.18327218043419,0.004690568700387519
-118.50209076831051,34.192031673992894,0.004690568700387519
-118.51486557211406,34.235829911071676,0.003815685446881624
-118.51742232046077,34.244589710849965,0.003815685446881624
-118.51997966514652,34.2533495609174,0.003259809810360181
-118.52253760637583,34.26210946106038,0.003259809810360181
-118.38377823981882,33.80333712479374,0.02225422464430655
-118.41920836074641,33.925943106889754,0.008635227870423647
-118.42427921478136,33.94345918989355,0.007849142021675441
-118.47002315406719,34.10111410910691,0.006210939170729399
-118.48531376125324,34.15366968496702,0.004846439469350846
-118.49041538076588,34.17118863283311,0.004846439469350846
-118.50062575524058,34.206227152197556,0.004690568700387519
-118.50573451346565,34.22374672028168,0.004648049465924051
-118.52107509170024,34.27630663764386,0.003259809810360181
-118.36714757590927,33.76497958147321,0.01833157645616835
-118.36967127231718,33.77373662141621,0.01833157645616835
-118.37219555391563,33.78249372314719,0.01833157645616835
-118.37472042090431,33.79125088645455,0.01833157645616835
-118.38229853620963,33.81752274371712,0.02225422464430655
-118.38482574675761,33.8262801512122,0.02225422464430655
-118.3873535436955,33.835037619224686,0.017382673419809987
-118.38988192722347,33.8437951475426,0.017382673419809987
-118.3924108975418,33.85255273595406,0.017382673419809987
-118.3949404548509,33.861310384247055,0.017382673419809987
-118.39747059935124,33.87006809220962,0.012001842834064072
-118.40000133124335,33.87882585962967,0.012001842834064072
-118.4025326507279,33.887583686295166,0.010646350798562333
-118.4050645580056,33.89634157199392,0.010646350798562333
-118.40759705327734,33.9050995165138,0.008635227870423647
-118.41013013674397,33.91385751964265,0.008635227870423647
-118.42280438403931,33.95764840699155,0.007849142021675441
-118.42534100089972,33.96640675731591,0.007849142021675441
-118.42787820736399,33.97516516476282,0.006973825115445226
-118.43041600363375,33.983923629119815,0.006973825115445226
-118.43295438991072,33.99268215017433,0.006770371709824868
-118.43549336639673,34.001440727713856,0.006770371709824868
-118.43803293329364,34.010199361525785,0.006557405400719987
-118.4405730908035,34.018958051397455,0.006557405400719987
-118.44311383912837,34.027716797116234,0.006557405400719987
-118.44565517847045,34.0364755984694,0.006557405400719987
-118.44819710903197,34.04523445524422,0.00640761460314758
-118.45073963101531,34.053993367227896,0.00640761460314758
-118.45328274462292,34.06275233420766,0.00640761460314758
-118.45582645005733,34.07151135597062,0.00640761460314758
-118.45837074752119,34.08027043230391,0.006210939170729399
-118.4609156372172,34.08902956299458,0.006210939170729399
-118.48894856926425,34.18538352724838,0.004690568700387519
-118.49150058159132,34.1941432936067,0.004690568700387519
-118.50426957044472,34.23794289492088,0.003815685446881624
-118.50682515508825,34.246702967593706,0.003815685446881624
-118.50938133583286,34.25546309057152,0.003259809810360181
-118.51193811288316,34.264223263640694,0.003259809810360181
-118.34549456178645,33.70910821643049,0.034049360011065115
-118.35557535620528,33.74413567093969,0.02496397478324263
-118.46708401492974,34.12950072503194,0.005238435442569992
-118.37175752764284,33.81962163836739,0.02225422464430655
-118.37428358562869,33.82837931786714,0.02225422464430655
-118.3768102297696,33.8371370579002,0.017382673419809987
-118.37933746026569,33.845894858254695,0.017382673419809987
-118.3818652773172,33.854652718718675,0.017382673419809987
-118.38439368112446,33.86341063908013,0.017382673419809987
-118.38692267188786,33.87216861912706,0.014588983764348237
-118.38945224980787,33.88092665864743,0.014588983764348237
-118.3919824150851,33.88968475742915,0.012498476737525289
-118.39451316792024,33.89844291526008,0.012498476737525289
-118.41731641669662,33.97726895793479,0.007429761747618592
-118.41985305616734,33.98602769458303,0.007429761747618592
-118.42239028540926,33.99478648794474,0.0070187291672408995
-118.42492810462414,34.00354533780732,0.0070187291672408995
-118.42746651401383,34.01230424395821,0.006557405400719987
-118.43000551378024,34.02106320618475,0.006557405400719987
-118.43254510412541,34.02982222427425,0.006557405400719987
-118.43508528525145,34.03858129801404,0.006557405400719987
-118.43762605736053,34.04734042719133,0.00640761460314758
-118.44016742065499,34.056099611593375,0.00640761460314758
-118.44270937533717,34.06485885100737,0.00640761460314758
-118.44525192160957,34.073618145220436,0.00640761460314758
-118.44779505967476,34.08237749401968,0.006210939170729399
-118.45033878973537,34.091136897192214,0.006210939170729399
-118.46816149307372,34.15245422395786,0.004846439469350846
-118.47070996640423,34.16121405444682,0.004846439469350846
-118.47325903355814,34.1699739373911,0.004846439469350846
-118.47580869473902,34.17873387257738,0.004846439469350846
-118.47835895015051,34.18749385979237,0.004690568700387519
-118.48090979999638,34.19625389882265,0.004690568700387519
-118.48346124448047,34.2050139894549,0.004690568700387519
-118.48601328380667,34.21377413147565,0.004690568700387519
-118.48856591817902,34.22253432467143,0.005137399214189584
-118.49111914780165,34.23129456882873,0.005137399214189584
-118.4987824102136,34.25757560493428,0.003259809810360181
-118.5013380228802,34.266336050801954,0.003259809810360181
-118.35260712113659,33.77250381396166,0.01833157645616835
-118.35765223006676,33.79001883304989,0.01833157645616835
-118.36269967955002,33.80753409811574,0.02225422464430655
-118.39303361765066,33.91263075913145,0.008635227870423647
-118.39809749582872,33.93014769857369,0.008635227870423647
-118.40316372738367,33.94766487042454,0.007849142021675441
-118.40823231392491,33.96518227298526,0.007849142021675441
-118.44886597936853,34.10532959498269,0.006210939170729399
-118.48965129560628,34.24549070205466,0.004236029698950732
-118.49987141770985,34.28053303039661,0.003259809810360181
-118.36121593312107,33.82171952400505,0.02225422464430655
-118.36374083834473,33.8304774753821,0.02225422464430655
-118.3662663294885,33.83923548730839,0.017382673419809987
-118.3687924067525,33.84799355957202,0.017382673419809987
-118.37131907033688,33.8567516919611,0.017382673419809987
-118.37384632044191,33.865509884263574,0.017382673419809987
-118.37637415726785,33.87426813626747,0.014588983764348237
-118.37890258101521,33.88302644776071,0.014588983764348237
-118.38143159188446,33.89178481853128,0.012498476737525289
-118.3839611900762,33.90054324836693,0.012498476737525289
-118.40675403645972,33.97937173980015,0.007429761747618592
-118.40928951892974,33.9881307486122,0.007429761747618592
-118.41182559093488,33.99688981415359,0.0070187291672408995
-118.41436225267681,34.00564893621173,0.0070187291672408995
-118.41689950435732,34.01440811457406,0.006557405400719987
-118.41943734617827,34.02316734902789,0.006557405400719987
-118.42197577834162,34.0319266393606,0.006557405400719987
-118.42451480104941,34.04068598535946,0.006557405400719987
-118.42705441450377,34.0494453868117,0.00640761460314758
-118.42959461890695,34.05820484350459,0.00640761460314758
-118.43213541446121,34.06696435522524,0.00640761460314758
-118.43467680136905,34.075723921760854,0.00640761460314758
-118.4372187798329,34.084483542898504,0.006210939170729399
-118.43976135005536,34.09324321842529,0.006210939170729399
-118.4575759278904,34.15456245211456,0.004846439469350846
-118.46012323948588,34.16332255508457,0.004846439469350846
-118.46267114466737,34.172082710525686,0.004846439469350846
-118.46521964363835,34.18084291822464,0.004846439469350846
-118.46776873660241,34.18960317796813,0.004690568700387519
-118.47031842376323,34.198363489542785,0.004690568700387519
-118.47286870532459,34.207123852735165,0.004690568700387519
-118.47541958149037,34.21588426733187,0.004690568700387519
-118.47797105246447,34.224644733119455,0.005137399214189584
-118.48052311845098,34.233405249884385,0.005137399214189584
-118.4881828885267,34.25968710390754,0.003259809810360181
-118.49073733660505,34.26844782244602,0.003259809810360181
-118.33554352750886,33.771268345502875,0.032269486029601994
-118.3380637698547,33.780026200790566,0.032269486029601994
-118.34058459668749,33.78878411791414,0.032269486029601994
-118.34310600820673,33.7975420966619,0.032269486029601994
-118.34562800461197,33.80630013682213,0.034355232388038566
-118.34815058610285,33.81505823818307,0.034355232388038566
-118.35067375287913,33.823816400532934,0.034355232388038566
-118.35319750514061,33.83257462365984,0.034355232388038566
-118.35572184308722,33.84133290735193,0.02633330621369636
-118.35824676691898,33.85009125139731,0.02633330621369636
-118.36077227683597,33.85884965558406,0.02633330621369636
-118.36329837303838,33.86760811970014,0.02633330621369636
-118.36582505572649,33.87636664353355,0.01842023629810638
-118.36835232510064,33.88512522687224,0.01842023629810638
-118.37088018136129,33.89388386950412,0.01511151474494225
-118.37340862470899,33.90264257121705,0.01511151474494225
-118.37593765534437,33.91140133179887,0.0112480143651445
-118.37846727346817,33.92016015103739,0.0112480143651445
-118.38099747928116,33.92891902872034,0.0112480143651445
-118.38352827298428,33.93767796463544,0.0112480143651445
-118.38605965477848,33.94643695857046,0.009777272632016717
-118.38859162486487,33.955196010312946,0.009777272632016717
-118.39112418344463,33.96395511965055,0.009777272632016717
-118.39365733071898,33.97271428637085,0.009777272632016717
-118.39619106688932,33.981473510261445,0.008255073419370328
-118.39872539215703,33.99023279110975,0.008255073419370328
-118.4012603067237,33.998992128703286,0.007633830721273833
-118.4037958107909,34.00775152282946,0.007633830721273833
-118.40633190456037,34.01651097327567,0.007485882453598852
-118.40886858823391,34.02527047982931,0.007485882453598852
-118.4114058620134,34.034030042277664,0.007485882453598852
-118.4139437261008,34.04278966040806,0.007485882453598852
-118.4164821806982,34.05154933400769,0.007306426604224377
-118.41902122600779,34.06030906286381,0.007306426604224377
-118.42156086223179,34.0690688467636,0.007306426604224377
-118.42410108957253,34.07782868549417,0.007306426604224377
-118.44189924924265,34.139149073982864,0.006294255836785333
-118.44444421281264,34.14790934369258,0.006294255836785333
-118.44698976932452,34.15666966631572,0.005991463477900466
-118.44953591898158,34.16543004163912,0.005991463477900466
-118.45208266198713,34.17419046944946,0.005991463477900466
-118.45462999854463,34.18295094953345,0.005991463477900466
-118.45717792885755,34.191711481677785,0.0059880462364636
-118.45972645312958,34.20047206566911,0.0059880462364636
-118.46227557156438,34.20923270129396,0.0059880462364636
-118.46482528436572,34.217993388338996,0.0059880462364636
-118.46737559173752,34.22675412659068,0.0059765284584352325
-118.46992649388378,34.23551491583551,0.0059765284584352325
-118.47247799100853,34.24427575585993,0.0049028053359058245
-118.47503008331599,34.25303664645039,0.0049028053359058245
-118.31139678265318,33.70663265015307,0.0790850325337892
-118.31642794567044,33.72414775457166,0.06734686405104301
-118.3214614409895,33.74166311186603,0.051400630400709274
-118.32649727020167,33.75917872034446,0.03990489183819067
-118.42262359170134,34.092020752054864,0.007156966541772971
-118.42770643513413,34.109541028039345,0.007156966541772971
-118.43279164620638,34.127061519545435,0.006294255836785333
-118.47355876485003,34.26723300569529,0.004141317027863343
-118.47866535787932,34.28475536011828,0.004141317027863343
-118.32500767582087,33.773362583423825,0.032269486029601994
-118.32752676641384,33.78212071023832,0.032269486029601994
-118.33004644125906,33.790878898904644,0.032269486029601994
-118.33256670055593,33.799637149211094,0.032269486029601994
-118.33508754450399,33.80839546094596,0.034355232388038566
-118.33760897330278,33.817153833897464,0.034355232388038566
-118.34013098715201,33.82591226785382,0.034355232388038566
-118.34265358625142,33.834670762603174,0.034355232388038566
-118.34517677080083,33.84342931793367,0.02633330621369636
-118.34770054100025,33.85218793363333,0.02633330621369636
-118.35022489704966,33.860946609490284,0.02633330621369636
-118.3527498391492,33.8697053452925,0.02633330621369636
-118.35527536749906,33.878464140828,0.01842023629810638
-118.35780148229956,33.887222995884656,0.01842023629810638
-118.3603281837511,33.89598191025044,0.01511151474494225
-118.3628554720541,33.90474088371314,0.01511151474494225
-118.36538334740919,33.91349991606069,0.0112480143651445
-118.36791181001698,33.92225900708081,0.0112480143651445
-118.37044086007822,33.93101815656126,0.0112480143651445
-118.37297049779379,33.939777364289775,0.0112480143651445
-118.37550072336455,33.94853663005408,0.009777272632016717
-118.37803153699156,33.957295953641754,0.009777272632016717
-118.38056293887593,33.96605533484045,0.009777272632016717
-118.3830949292188,33.97481477343775,0.009777272632016717
-118.38562750822152,33.983574269221165,0.008255073419370328
-118.38816067608543,33.992333821978185,0.008255073419370328
-118.39069443301197,34.00109343149633,0.007633830721273833
-118.39322877920274,34.00985309756301,0.007633830721273833
-118.39576371485938,34.018612819965576,0.007485882453598852
-118.39829924018362,34.027372598491425,0.007485882453598852
-118.40083535537723,34.036132432927886,0.007485882453598852
-118.4033720606422,34.04489232306222,0.007485882453598852
-118.40590935618049,34.05365226868167,0.007306426604224377
-118.40844724219423,34.06241226957345,0.007306426604224377
-118.41098571888557,34.071172325524756,0.007306426604224377
-118.4135247864568,34.079932436322714,0.007306426604224377
-118.43131482110265,34.141254729726654,0.006294255836785333
-118.43385862300586,34.15001527163046,0.006294255836785333
-118.43640301761349,34.1587758664635,0.005991463477900466
-118.43894800512878,34.16753651401261,0.005991463477900466
-118.44149358575498,34.17629721406451,0.005991463477900466
-118.44403975969544,34.18505796640587,0.005991463477900466
-118.44658652715366,34.19381877082343,0.0059880462364636
-118.44913388833317,34.20257962710371,0.0059880462364636
-118.45168184343757,34.21134053503341,0.0059880462364636
-118.45423039267064,34.22010149439903,0.0059880462364636
-118.45677953623617,34.228862504987134,0.0059765284584352325
-118.45932927433812,34.23762356658419,0.0059765284584352325
-118.46187960718042,34.24638467897663,0.0049028053359058245
-118.46443053496724,34.255145841950906,0.0049028053359058245
-118.28328658780738,33.64742159973788,0.12788447187644236
-118.29434873169086,33.70539087972543,0.13757096731991608
-118.29686200535755,33.71414877538049,0.13757096731991608
-118.29937586145017,33.72290673459555,0.1310253567683645
-118.30189030016736,33.731664757159216,0.1310253567683645
-118.30440532170782,33.7404228428601,0.09886855930541576
-118.30692092627035,33.749180991486625,0.09886855930541576
-118.30943711405388,33.75793920282739,0.06614133733802818
-118.31195388525741,33.76669747667078,0.06614133733802818
-118.31447124007997,33.775455812805234,0.032269486029601994
-118.31698917872073,33.7842142110191,0.032269486029601994
-118.31950770137895,33.792972671100756,0.032269486029601994
-118.322026808254,33.80173119283849,0.032269486029601994
-118.32454649954528,33.81048977602057,0.034355232388038566
-118.32706677545232,33.81924842043522,0.034355232388038566
-118.32958763617471,33.82800712587064,0.034355232388038566
-118.33210908191217,33.83676589211499,0.034355232388038566
-118.33967693121325,33.86304255358264,0.02633330621369636
-118.3422007190097,33.87180156094352,0.02633330621369636
-118.34472509282105,33.88056062805358,0.022100218866011184
-118.34725005284751,33.88931975470075,0.022100218866011184
-118.34977559928942,33.898078940672924,0.018009816557708946
-118.35230173234717,33.90683818575795,0.018009816557708946
-118.35482845222128,33.91559748974369,0.0112480143651445
-118.35735575911234,33.924356852417915,0.0112480143651445
-118.359883653221,33.933116273568366,0.0112480143651445
-118.36241213474808,33.94187575298277,0.0112480143651445
-118.3649412038944,33.95063529044886,0.009777272632016717
-118.36747086086093,33.95939488575419,0.009777272632016717
-118.3700011058487,33.96815453868643,0.009777272632016717
-118.37253193905882,33.97691424903314,0.009777272632016717
-118.38519493549082,34.02071365454621,0.007485882453598852
-118.3877293022639,34.02947370491671,0.007485882453598852
-118.39026425866977,34.03823381121366,0.007485882453598852
-118.39279980491028,34.04699397322435,0.007485882453598852
-118.39533594118737,34.05575419073605,0.007306426604224377
-118.39787266770308,34.0645144635359,0.007306426604224377
-118.4004099846595,34.07327479141112,0.007306426604224377
-118.40294789225885,34.08203517414885,0.007306426604224377
-118.40548639070346,34.09079561153617,0.007156966541772971
-118.40802548019569,34.09955610336013,0.007156966541772971
-118.42072980046132,34.143359371574576,0.006294255836785333
-118.42327244049463,34.1521201855448,0.006294255836785333
-118.43090391620854,34.17840294427305,0.005991463477900466
-118.43344892732856,34.18716396874412,0.005991463477900466
-118.43599453172848,34.195925045307156,0.0059880462364636
-118.43854072961183,34.204686173748755,0.0059880462364636
-118.44108752118214,34.213447353855564,0.0059880462364636
-118.4436349066431,34.2222085854141,0.0059880462364636
-118.44618288619844,34.23096986821092,0.006717836719970201
-118.44873146005204,34.23973120203246,0.006717836719970201
-118.45128062840782,34.24849258666519,0.0055372478211886105
-118.45383039146984,34.257254021895534,0.0055372478211886105
-118.45638074944213,34.26601550750986,0.004141317027863343
-118.45893170252901,34.27477704329451,0.004141317027863343
-118.46148325093472,34.28353862903575,0.004141317027863343
-118.46403539486369,34.29230026451993,0.004141317027863343
-118.3306190108644,33.850951544787975,0.02633330621369636
-118.37104670829325,33.99110348396125,0.008910737654872717
-118.37611074852067,34.00862351823986,0.008126192605968224
-118.40654452326046,34.11374840749506,0.007156966541772971
-118.41162508970218,34.13126998707695,0.006294255836785333
-118.42179332629856,34.1663137863662,0.005991463477900466
-118.28382092089532,33.70748093086856,0.13757096731991608
-118.28633304428729,33.716239097668016,0.13757096731991608
-118.28884574987082,33.72499732804341,0.1310253567683645
-118.29135903784447,33.73375562178338,0.1310253567683645
-118.29387290840694,33.7425139786765,0.09886855930541576
-118.29638736175693,33.75127239851124,0.09886855930541576
-118.29890239809329,33.76003088107614,0.06614133733802818
-118.3014180176149,33.76878942615963,0.06614133733802818
-118.30393422052086,33.777548033550104,0.032269486029601994
-118.30645100701018,33.78630670303595,0.032269486029601994
-118.30896837728208,33.795065434405515,0.032269486029601994
-118.31148633153585,33.80382422744708,0.032269486029601994
-118.31400486997083,33.812583081948915,0.034355232388038566
-118.31652399278649,33.82134199769926,0.034355232388038566
-118.31904370018238,33.8301009744863,0.034355232388038566
-118.32156399235811,33.83886001209817,0.034355232388038566
-118.32912837956208,33.865137487763924,0.02633330621369636
-118.33165101285533,33.87389676655598,0.02633330621369636
-118.33417423192792,33.882656105113135,0.022100218866011184
-118.33669803698002,33.891415503223314,0.022100218866011184
-118.33922242821191,33.900174960674384,0.018009816557708946
-118.3417474058239,33.9089344772542,0.018009816557708946
-118.34427297001648,33.91769405275061,0.0112480143651445
-118.34679912099008,33.92645368695144,0.0112480143651445
-118.34932585894542,33.93521337964437,0.0112480143651445
-118.35185318408314,33.943973130617124,0.0112480143651445
-118.35438109660407,33.95273293965744,0.009777272632016717
-118.35690959670906,33.96149280655289,0.009777272632016717
-118.35943868459911,33.97025273109113,0.009777272632016717
-118.36196836047527,33.97901271305971,0.009777272632016717
-118.37462556669124,34.022813476920156,0.007485882453598852
-118.37715877471145,34.03157379900771,0.007485882453598852
-118.37969257212768,34.04033417703758,0.007485882453598852
-118.38222695914182,34.04909461079703,0.007485882453598852
-118.38476193595565,34.05785510007331,0.007306426604224377
-118.3872975027712,34.066615644653616,0.007306426604224377
-118.38983365979048,34.07537624432515,0.007306426604224377
-118.39237040721568,34.08413689887499,0.007306426604224377
-118.394907745249,34.0928976080903,0.007156966541772971
-118.39744567409275,34.10165837175807,0.007156966541772971
-118.41014418755611,34.145462999428965,0.006294255836785333
-118.4126856655165,34.154224085337944,0.006294255836785333
-118.42031365358562,34.180507659977344,0.005991463477900466
-118.42285750168175,34.18926895645039,0.005991463477900466
-118.42540194281993,34.1980303050312,0.0059880462364636
-118.42794697720353,34.20679170550641,0.0059880462364636
-118.43049260503608,34.21555315766262,0.0059880462364636
-118.43303882652117,34.224314661286314,0.0059880462364636
-118.43558564186249,34.23307621616414,0.006717836719970201
-118.43813305126383,34.24183782208242,0.006717836719970201
-118.44068105492903,34.25059947882771,0.0055372478211886105
-118.4432296530621,34.25936118618641,0.0055372478211886105
-118.44577884586705,34.268122943944824,0.004141317027863343
-118.44832863354806,34.27688475188936,0.004141317027863343
-118.45087901630936,34.285646609806285,0.004141317027863343
-118.45342999435526,34.29440851748188,0.004141317027863343
-118.27831505590136,33.72708691352234,0.28467905349730316
-118.28082719293286,33.73584547831123,0.28467905349730316
-118.28333991231857,33.74460410626915,0.19886439471086065
-118.28585321425716,33.75336279718468,0.19886439471086065
-118.28836709894742,33.762121550846295,0.12410652357841909
-118.29088156658815,33.77088036704245,0.12410652357841909
-118.29339661737838,33.779639245561526,0.07340487911548717
-118.29591225151705,33.7883981861919,0.07340487911548717
-118.29842846920336,33.79715718872189,0.045176615608527704
-118.30094527063646,33.80591625293984,0.03531951021629441
-118.30346265601574,33.814675378633986,0.051670962572969964
-118.30598062554046,33.82343456559257,0.051670962572969964
-118.30849917941022,33.83219381360375,0.04578558617916478
-118.31101831782448,33.840953122455666,0.04578558617916478
-118.31857924233168,33.86723141193704,0.04055209779430573
-118.32110072092162,33.87599096203278,0.04055209779430573
-118.32362278505528,33.88475057190954,0.028184568387283174
-118.32614543493278,33.89351024135519,0.028184568387283174
-118.3286686707543,33.90226997015764,0.02225709668269613
-118.3311924927201,33.911029758104725,0.02225709668269613
-118.33371690103058,33.9197896049843,0.015121375105443018
-118.33624189588616,33.928549510584126,0.015121375105443018
-118.33876747748747,33.93730947469201,0.015121375105443018
-118.34129364603504,33.946069497095564,0.015121375105443018
-118.34382040172969,33.95482957758256,0.012514510313387406
-118.34634774477217,33.963589715940586,0.012514510313387406
-118.34887567536343,33.97234991195724,0.012514510313387406
-118.35140419370445,33.98111016542013,0.012514510313387406
-118.35899327723747,34.00739126836115,0.008956349586161436
-118.36152414858933,34.01615174948381,0.008956349586161436
-118.3640556086973,34.02491228698995,0.00839159417888671
-118.3665876577629,34.03367288066695,0.00839159417888671
-118.36912029598776,34.0424335303021,0.00839159417888671
-118.37165352357364,34.0511942356827,0.00839159417888671
-118.37418734072227,34.05995499659596,0.008090587462693272
-118.37672174763561,34.0687158128291,0.008090587462693272
-118.37925674451562,34.077476684169284,0.008090587462693272
-118.38179233156441,34.08623761040363,0.008090587462693272
-118.3843285089841,34.094998591319246,0.008085265595189167
-118.38686527697696,34.10375962670315,0.008085265595189167
-118.39447912641869,34.13004305753492,0.007724259780186787
-118.39701825872874,34.13880430866201,0.007724259780186787
-118.3995579826246,34.147565613192114,0.007724259780186787
-118.40209829830913,34.15632697091217,0.007724259780186787
-118.4046392059852,34.16508838160891,0.00768970521587152
-118.40718070585581,34.17384984506914,0.00768970521587152
-118.409722798124,34.18261136107957,0.00768970521587152
-118.41226548299294,34.1913729294269,0.00768970521587152
-118.41480876066595,34.20013454989781,0.008130456472673693
-118.41735263134632,34.20889622227889,0.008130456472673693
-118.4198970952375,34.217657946356724,0.008130456472673693
-118.42244215254304,34.22641972191789,0.008130456472673693
-118.42498780346655,34.23518154874892,0.008280045095166595
-118.42753404821174,34.24394342663625,0.008280045095166595
-118.43008088698242,34.25270535536632,0.006808535372114754
-118.4326283199825,34.26146733472557,0.006808535372114754
-118.43517634741595,34.270229364500366,0.005729871530912934
-118.43772496948685,34.27899144447701,0.005729871530912934
-118.44027418639938,34.287753574441815,0.005729871530912934
-118.4428239983578,34.29651575418105,0.005729871530912934
-118.2692832396245,33.71499339676441,0.288373464160144
-118.30952419968901,33.855138579258536,0.04055209779430573
-118.3499149013188,33.9952992032001,0.010070572996492467
-118.38538024564558,34.11795173256866,0.008085265595189167
-118.26778377977627,33.72917549093557,0.28467905349730316
-118.27029476566703,33.737934326645906,0.28467905349730316
-118.27280633367731,33.746693225541264,0.19886439471086065
-118.27531848400575,33.75545218741013,0.19886439471086065
-118.27783121685103,33.76421121204104,0.12410652357841909
-118.28034453241196,33.77297029922236,0.12410652357841909
-118.2828584308874,33.78172944874258,0.07340487911548717
-118.28537291247635,33.790488660390025,0.07340487911548717
-118.28788797737782,33.799247933953,0.05604655462170888
-118.29040362579101,33.80800726921987,0.04118909199836604
-118.29291985791512,33.81676666597883,0.051670962572969964
-118.29543667394948,33.825526124018126,0.051670962572969964
-118.29795407409348,33.83428564312597,0.04578558617916478
-118.30047205854666,33.84304522309045,0.04578558617916478
-118.30802951975755,33.86932432600492,0.04055209779430573
-118.31054984344419,33.878084147276844,0.04055209779430573
-118.31307075243883,33.88684402834566,0.028184568387283174
-118.31559224694155,33.89560396899923,0.028184568387283174
-118.3181143271524,33.904363969025525,0.02225709668269613
-118.32063699327165,33.91312402821235,0.02225709668269613
-118.32316024549958,33.92188414634752,0.015121375105443018
-118.3256840840366,33.93064432321886,0.015121375105443018
-118.32820850908318,33.939404558614086,0.015121375105443018
-118.33073352083991,33.948164852320886,0.015121375105443018
-118.33325911950743,33.95692520412698,0.012514510313387406
-118.33578530528652,33.96568561381999,0.012514510313387406
-118.33831207837801,33.97444608118747,0.012514510313387406
-118.34083943898281,33.98320660601704,0.012514510313387406
-118.3484250478879,34.009488523153344,0.008956349586161436
-118.35095476055716,34.01824927570612,0.008956349586161436
-118.35348506174574,34.02701008465823,0.00839159417888671
-118.35601595165512,34.03577094979707,0.00839159417888671
-118.35854743048688,34.044531870909886,0.00839159417888671
-118.36107949844268,34.053292847783986,0.00839159417888671
-118.36361215572421,34.06205388020657,0.008090587462693272
-118.36614540253336,34.07081496796488,0.008090587462693272
-118.368679239072,34.07957611084606,0.008090587462693272
-118.37121366554219,34.08833730863724,0.008090587462693272
-118.37374868214603,34.097098561125485,0.008085265595189167
-118.37628428908569,34.1058598680979,0.008085265595189167
-118.3838946539429,34.132144113789984,0.007724259780186787
-118.38643262424961,34.14090563656881,0.007724259780186787
-118.38897118590448,34.14966721276648,0.007724259780186787
-118.39151033911024,34.15842884216987,0.007724259780186787
-118.39405008406972,34.167190524565775,0.00768970521587152
-118.39659042098585,34.17595225974095,0.00768970521587152
-118.39913135006161,34.18471404748212,0.00768970521587152
-118.40167287150014,34.19347588757598,0.00768970521587152
-118.4042149855046,34.20223777980924,0.008130456472673693
-118.4067576922783,34.210999723968435,0.008130456472673693
-118.4093009920246,34.219761719840186,0.008130456472673693
-118.41184488494693,34.22852376721105,0.008130456472673693
-118.41438937124893,34.23728586586755,0.008280045095166595
-118.41693445113418,34.246048015596095,0.008280045095166595
-118.41948012480644,34.25481021618319,0.006808535372114754
-118.42202639246955,34.26357246741524,0.006808535372114754
-118.42457325432738,34.272334769078576,0.005729871530912934
-118.42712071058403,34.281097120959565,0.005729871530912934
-118.42966876144354,34.28985952284447,0.005729871530912934
-118.43221740711013,34.298621974519556,0.005729871530912934
-118.26729475203904,33.76629986456347,0.23240059189938742
-118.26980691532124,33.77505922260256,0.23240059189938742
-118.27231966128298,33.78381864299642,0.134865846826226
-118.2748329901231,33.79257812553347,0.134865846826226
-118.27734690204063,33.80133767000196,0.07824909340630551
-118.27986139723463,33.81009727619024,0.05363249939362347
-118.28237647590426,33.81885694388651,0.07535627111212488
-118.28489213824882,33.82761667287906,0.07535627111212488
-118.28740838446764,33.836376462956046,0.059824287276105996
-118.28992521476012,33.84513631390559,0.059824287276105996
-118.29747921207542,33.871416229870576,0.04055209779430573
-118.29999838065879,33.88017632219112,0.04055209779430573
-118.30251813431437,33.88893647432444,0.03480682902831518
-118.30503847324212,33.897696686058445,0.03480682902831518
-118.30755939764212,33.90645695718099,0.02753159611789631
-118.31008090771451,33.915217287479976,0.02753159611789631
-118.3126030036595,33.923977676743185,0.015121375105443018
-118.31512568567747,33.932738124758444,0.015121375105443018
-118.31764895396879,33.941498631313436,0.015121375105443018
-118.32017280873397,33.95025919619591,0.015121375105443018
-118.32269725017365,33.95901981919352,0.012514510313387406
-118.32522227848848,33.96778050009388,0.012514510313387406
-118.32774789387926,33.97654123868463,0.012514510313387406
-118.33027409654684,33.9853020347533,0.012514510313387406
-118.33280088669218,33.994062888087434,0.011070062311301887
-118.33532826451632,34.0028237984745,0.011070062311301887
-118.3378562302204,34.01158476570195,0.009646568028453756
-118.34038478400565,34.02034578955724,0.009646568028453756
-118.34291392607336,34.02910686982771,0.00839159417888671
-118.345443656625,34.03786800630069,0.00839159417888671
-118.34797397586198,34.04662919876352,0.00839159417888671
-118.35050488398593,34.05539044700346,0.00839159417888671
-118.35303638119855,34.06415175080771,0.008090587462693272
-118.35556846770159,34.072913109963515,0.008090587462693272
-118.35810114369687,34.08167452425803,0.008090587462693272
-118.36063440938638,34.090435993478344,0.008090587462693272
-118.36316826497213,34.09919751741159,0.008085265595189167
-118.3657027106563,34.10795909584478,0.008085265595189167
-118.37330959032161,34.13424415601407,0.007724259780186787
-118.37584639842234,34.143005950316926,0.007724259780186787
-118.37838379763346,34.15176779805443,0.007724259780186787
-118.38092178815762,34.16052969901342,0.007724259780186787
-118.38346037019761,34.16929165298076,0.00768970521587152
-118.38599954395625,34.17805365974314,0.00768970521587152
-118.3885393096365,34.18681571908735,0.00768970521587152
-118.39107966744139,34.19557783079999,0.00768970521587152
-118.39362061757403,34.204339994667784,0.008130456472673693
-118.39616216023767,34.21310221047734,0.008130456472673693
-118.39870429563561,34.221864478015256,0.008130456472673693
-118.40124702397124,34.23062679706801,0.008130456472673693
-118.40379034544804,34.239389167422196,0.010299196232037927
-118.40633426026962,34.248151588864225,0.010299196232037927
-118.40887876863961,34.25691406118056,0.008462027540897287
-118.41142387076182,34.2656765841576,0.008462027540897287
-118.4139695668401,34.2744391575817,0.005729871530912934
-118.41651585707834,34.28320178123918,0.005729871530912934
-118.41906274168063,34.29196445491635,0.005729871530912934
-118.2482229767288,33.71916772291947,0.6425639153100475
-118.25324033125531,33.736686079733005,0.6829460968576462
-118.25826001245449,33.75420468980513,0.41062480614622543
-118.28842704880938,33.859321573879306,0.04055209779430573
-118.36421360418892,34.12215100247971,0.008085265595189167
-118.25675770474636,33.76838750831688,0.23240059189938742
-118.25926871555104,33.77714713708623,0.23240059189938742
-118.26178030880014,33.78590682822629,0.134865846826226
-118.26429248469249,33.794666581525405,0.134865846826226
-118.26680524342697,33.803426396771926,0.10064268372848437
-118.26931858520263,33.81218627375408,0.07026613544147249
-118.27183251021854,33.8209462122602,0.07535627111212488
-118.27434701867394,33.82970621207846,0.07535627111212488
-118.27686211076809,33.83846627299705,0.059824287276105996
-118.27937778670035,33.84722639480412,0.059824287276105996
-118.28692831952095,33.87350712343697,0.04055209779430573
-118.2894463328012,33.882267486678614,0.04055209779430573
-118.29196493091774,33.891027909748885,0.03480682902831518
-118.29448411407051,33.899788392435696,0.03480682902831518
-118.2970038824595,33.908548934526976,0.02753159611789631
-118.29952423628475,33.91730953581054,0.02753159611789631
-118.3020451757465,33.92607019607421,0.015121375105443018
-118.30456670104498,33.93483091510577,0.015121375105443018
-118.30708881238051,33.943591692692955,0.015121375105443018
-118.30961150995361,33.952352528623464,0.015121375105443018
-118.31213479396473,33.961113422685,0.012514510313387406
-118.31465866461456,33.969874374665125,0.012514510313387406
-118.31718312210373,33.97863538435148,0.012514510313387406
-118.3197081666331,33.98739645153162,0.012514510313387406
-118.32223379840357,33.996157575993074,0.011070062311301887
-118.32476001761609,34.00491875752332,0.011070062311301887
-118.32728682447173,34.013679995909776,0.009646568028453756
-118.32981421917167,34.022441290939895,0.009646568028453756
-118.33234220191714,34.03120264240102,0.00839159417888671
-118.33487077290948,34.03996405008051,0.00839159417888671
-118.33739993235012,34.0487255137657,0.00839159417888671
-118.3399296804406,34.0574870332438,0.00839159417888671
-118.34246001738252,34.06624860830207,0.008090587462693272
-118.34499094337755,34.075010238727685,0.008090587462693272
-118.34752245862755,34.08377192430783,0.008090587462693272
-118.35005456333433,34.092533664829595,0.008090587462693272
-118.35258725769988,34.10129546008008,0.008085265595189167
-118.3551205419263,34.11005730984634,0.008085265595189167
-118.36272393579252,34.13634318410972,0.007724259780186787
-118.36525958148471,34.14510524980885,0.007724259780186787
-118.36779581804943,34.15386736895842,0.007724259780186787
-118.37033264568922,34.16262954134532,0.007724259780186787
-118.37287006460686,34.17139176675631,0.00768970521587152
-118.37540807500507,34.18015404497814,0.00768970521587152
-118.37794667708674,34.188916375797575,0.00768970521587152
-118.38048587105487,34.19767875900125,0.00768970521587152
-118.38302565711251,34.20644119437587,0.008130456472673693
-118.38556603546279,34.215203681708005,0.008130456472673693
-118.38810700630899,34.22396622078425,0.008130456472673693
-118.39064856985436,34.232728811391155,0.008130456472673693
-118.39319072630242,34.24149145331522,0.010299196232037927
-118.39573347585664,34.25025414634291,0.010299196232037927
-118.39827681872062,34.25901689026065,0.008462027540897287
-118.40082075509808,34.26777968485487,0.008462027540897287
-118.40336528519279,34.27654252991188,0.005729871530912934
-118.40591040920864,34.28530542521806,0.005729871530912934
-118.40845612734958,34.29406837055969,0.005729871530912934
-118.2512403736741,33.78799400433537,0.2801892079359144
-118.2537513964197,33.79675402826907,0.2801892079359144
-118.25626300177214,33.805514114166044,0.1734897631290143
-118.25877518993035,33.814274261814596,0.12282005419131473
-118.26128796109334,33.82303447100299,0.0938273901620582
-118.26380131546033,33.83179474151946,0.0938273901620582
-118.2713448797775,33.85807591891864,0.050806235540754245
-118.27386056895328,33.86683643262865,0.050806235540754245
-118.28644778184056,33.91063990096647,0.026866476389210577
-118.28896697921857,33.91940077310704,0.026866476389210577
-118.29148676199678,33.928161704243536,0.021451034183515107
-118.29400713037543,33.93692269416384,0.021451034183515107
-118.29652808455475,33.945683742655575,0.021451034183515107
-118.29904962473519,33.95444484950653,0.021451034183515107
-118.30157175111715,33.96320601450433,0.01703363333635378
-118.30409446390121,33.97196723743659,0.01703363333635378
-118.30661776328803,33.980728518090935,0.01703363333635378
-118.30914164947833,33.9894898562549,0.01703363333635378
-118.31166612267295,33.99825125171599,0.013234377409250321
-118.31419118307275,34.00701270426176,0.013234377409250321
-118.3167168308788,34.01577421367956,0.010822969391748977
-118.31924306629217,34.02453577975683,0.010822969391748977
-118.32176988951404,34.033297402280965,0.010136666795152963
-118.32429730074568,34.042059081039305,0.010136666795152963
-118.32682530018847,34.05082081581912,0.010136666795152963
-118.32935388804385,34.0595826064077,0.010136666795152963
-118.33188306451336,34.06834445259228,0.009558334082523427
-118.33441282979864,34.07710635416,0.009558334082523427
-118.33694318410141,34.08586831089809,0.009558334082523427
-118.33947412762349,34.09463032259359,0.009558334082523427
-118.34200566056681,34.10339238903364,0.009648961208272746
-118.34453778313332,34.11215451000523,0.009648961208272746
-118.35213769059348,34.13844119797943,0.009494958162649492
-118.35467217367459,34.14720353494711,0.009494958162649492
-118.35720724739028,34.155965925381025,0.009494958162649492
-118.35974291194303,34.16472836906804,0.009494958162649492
-118.3622791675355,34.17349086579489,0.009666911167200639
-118.36481601437043,34.18225341534842,0.009666911167200639
-118.36735345265059,34.191016017515295,0.009666911167200639
-118.3698914825789,34.19977867208222,0.009666911167200639
-118.37243010435836,34.20854137883588,0.010903748663348058
-118.37496931819203,34.21730413756276,0.010903748663348058
-118.37750912428311,34.226066948049564,0.010903748663348058
-118.38004952283488,34.23482981008279,0.010903748663348058
-118.39276040962436,34.27864488597148,0.010806602345675065
-118.39530436721381,34.28740805279849,0.010806602345675065
-118.23718821058374,33.75837714780766,1.045296162730849
-118.24220561027913,33.77589709179378,0.5116561767283317
-118.26229850465693,33.845979350818475,0.06732132845093283
-118.27235895149721,33.881021946460706,0.050806235540754245
-118.27739268041358,33.89854360488066,0.03555687614285048
-118.34304460079137,34.12634621644839,0.009648961208272746
-118.24069985614013,33.79008017122694,0.2801892079359144
-118.24320972554011,33.79884046566771,0.2801892079359144
-118.24572017731154,33.80760082208762,0.20309965667011107
-118.24823121165326,33.81636124027505,0.14963757581330733
-118.25074282876423,33.82512172001817,0.0938273901620582
-118.25325502884355,33.83388226110526,0.0938273901620582
-118.26079512888344,33.860164250311634,0.050806235540754245
-118.26330966282849,33.86892503465581,0.050806235540754245
-118.27589109602157,33.91272985640252,0.026866476389210577
-118.27840913675216,33.921490999272436,0.026866476389210577
-118.28092776264666,33.93025220115421,0.021451034183515107
-118.28344697390517,33.939013461835565,0.021451034183515107
-118.28596677072791,33.94777478110426,0.021451034183515107
-118.28848715331522,33.95653615874799,0.021451034183515107
-118.29100812186746,33.96529759455445,0.01703363333635378
-118.29352967658515,33.97405908831117,0.01703363333635378
-118.29605181766885,33.98282063980585,0.01703363333635378
-118.29857454531925,33.99158224882596,0.01703363333635378
-118.3010978597371,34.00034391515909,0.013234377409250321
-118.30362176112321,34.00910563859265,0.013234377409250321
-118.30614624967858,34.01786741891412,0.010822969391748977
-118.30867132560418,34.02662925591089,0.010822969391748977
-118.31119698910118,34.03539114937034,0.010136666795152963
-118.31372324037076,34.04415309907981,0.010136666795152963
-118.31625007961422,34.052915104826596,0.010136666795152963
-118.31877750703295,34.06167716639793,0.010136666795152963
-118.32130552282842,34.07043928358108,0.009558334082523427
-118.32383412720223,34.079201456163204,0.009558334082523427
-118.326363320356,34.08796368393147,0.009558334082523427
-118.32889310249148,34.09672596667298,0.009558334082523427
-118.33142347381053,34.10548830417483,0.009648961208272746
-118.33395443451509,34.114250696224055,0.009648961208272746
-118.34155085496232,34.140538197525835,0.009494958162649492
-118.34408417522995,34.14930080563426,0.009494958162649492
-118.34661808589406,34.158063467224714,0.009494958162649492
-118.34915258715714,34.166826182084066,0.009494958162649492
-118.35168767922175,34.17558894999906,0.009666911167200639
-118.35422336229054,34.18435177075648,0.009666911167200639
-118.3567596365663,34.193114644143044,0.009666911167200639
-118.35929650225178,34.201877569945374,0.009666911167200639
-118.36183395954998,34.210640547950206,0.010903748663348058
-118.36437200866388,34.2194035779441,0.010903748663348058
-118.3669106497966,34.228166659713615,0.010903748663348058
-118.36944988315136,34.236929793045334,0.010903748663348058
-118.38215494037377,34.28074622566275,0.010806602345675065
-118.38469773133293,34.28950966388275,0.010806602345675065
-118.21913315551598,33.73418160903638,2.1959524829839974
-118.37049905961845,34.25988780014801,0.017097722154488137
-118.22514307033518,33.774644385995806,0.6533833484453211
-118.22765062251507,33.78340482619087,0.6533833484453211
-118.23015875643353,33.792165328804366,0.36628908546280364
-118.23266747228915,33.80092589362462,0.36628908546280364
-118.23517677028066,33.809686520439925,0.24216524224372032
-118.23768665060692,33.818447209038624,0.17847631993719232
-118.2401971134668,33.82720795920894,0.12440667125050574
-118.24270815905933,33.83596877073908,0.12440667125050574
-118.25527213498243,33.87977374137169,0.050806235540754245
-118.25778668115464,33.88853491661106,0.050806235540754245
-118.26030181145494,33.89729615172663,0.04118140687345076
-118.26281752608303,33.906057446506374,0.04118140687345076
-118.26533382523871,33.914818800738175,0.03133919501213244
-118.26785070912189,33.923580214209835,0.03133919501213244
-118.27036817793253,33.93234168670921,0.021451034183515107
-118.27288623187069,33.941103218024004,0.021451034183515107
-118.27540487113654,33.94986480794203,0.021451034183515107
-118.27792409593032,33.95862645625086,0.021451034183515107
-118.28044390645238,33.967388162738295,0.01703363333635378
-118.28296430290308,33.97614992719188,0.01703363333635378
-118.285485285483,33.98491174939917,0.01703363333635378
-118.28800685439273,33.99367362914778,0.01703363333635378
-118.29052900983295,34.00243556622522,0.014854032891606698
-118.29305175200444,34.01119756041892,0.014854032891606698
-118.2955750811081,34.019959611516356,0.01194155190201279
-118.29809899734484,34.02872171930491,0.01194155190201279
-118.30062350091575,34.03748388357197,0.010136666795152963
-118.30314859202198,34.04624610410488,0.010136666795152963
-118.30567427086473,34.05500838069087,0.010136666795152963
-118.30820053764535,34.06377071311727,0.010136666795152963
-118.3107273925652,34.07253310117127,0.009558334082523427
-118.31325483582586,34.08129554464004,0.009558334082523427
-118.31578286762887,34.090058043310776,0.009558334082523427
-118.31831148817592,34.098820596970526,0.009558334082523427
-118.3208406976688,34.10758320540643,0.009648961208272746
-118.32337049630934,34.11634586840549,0.009648961208272746
-118.34109559990382,34.177686019271356,0.009666911167200639
-118.34363011900376,34.18644911110486,0.009666911167200639
-118.34616522907224,34.19521225558325,0.009666911167200639
-118.348700930312,34.20397545249322,0.009666911167200639
-118.35123722292592,34.212738701621426,0.010903748663348058
-118.35377410711693,34.221502002754455,0.010903748663348058
-118.3563115830881,34.230265355678846,0.010903748663348058
-118.35884965104255,34.2390287601812,0.010903748663348058
-118.21611408233274,33.762545570532176,1.2806670802575624
-118.24120130080286,33.850153181450644,0.08296738256808768
-118.24622573547941,33.8676754404696,0.050806235540754245
-118.32187323735535,34.13053737369566,0.009648961208272746
-118.32693520906777,34.14806329536464,0.009494958162649492
-118.33199954053268,34.1655894314827,0.009494958162649492
-118.36751607003426,34.28827824555563,0.010806602345675065
-118.21460369547114,33.77672799370619,0.6533833484453211
-118.21711009437891,33.78548870412143,0.6533833484453211
-118.21961707478977,33.79424947697096,0.36628908546280364
-118.22212463690227,33.803010312043156,0.36628908546280364
-118.2246327809151,33.81177120912629,0.2547843036400265
-118.22714150702697,33.820532168008704,0.1993670782771952
-118.22965081543676,33.829293188478616,0.12440667125050574
-118.23216070634341,33.83805427032419,0.12440667125050574
-118.24471890529792,33.88186059277227,0.050806235540754245
-118.24723229536811,33.89062203842229,0.050806235540754245
-118.24974626933015,33.8993835439644,0.04118140687345076
-118.25226082738365,33.908145109186556,0.04118140687345076
-118.2547759697284,33.916906733876615,0.03133919501213244
-118.25729169656417,33.925668417822365,0.03133919501213244
-118.2598080080909,33.93443016081168,0.021451034183515107
-118.26232490450856,33.94319196263225,0.021451034183515107
-118.26484238601726,33.95195382307189,0.021451034183515107
-118.26736045281719,33.9607157419182,0.021451034183515107
-118.2698791051086,33.969477718958935,0.01703363333635378
-118.27239834309184,33.97823975398164,0.01703363333635378
-118.2749181669674,33.98700184677393,0.01703363333635378
-118.27743857693574,33.99576399712332,0.01703363333635378
-118.27995957319757,34.004526204817346,0.014854032891606698
-118.28248115595358,34.0132884696435,0.014854032891606698
-118.28500332540452,34.02205079138919,0.01194155190201279
-118.28752608175135,34.0308131698418,0.01194155190201279
-118.29004942519506,34.03957560478875,0.010136666795152963
-118.29257335593668,34.048338096017346,0.010136666795152963
-118.29509787417739,34.05710064331482,0.010136666795152963
-118.29762298011846,34.06586324646853,0.010136666795152963
-118.30014867396123,34.07462590526561,0.009558334082523427
-118.30267495590714,34.083388619493306,0.009558334082523427
-118.3052018261577,34.09215138893873,0.009558334082523427
-118.30772928491454,34.100914213388954,0.009558334082523427
-118.31025733237938,34.109677092631145,0.009648961208272746
-118.312785968754,34.11844002645225,0.009648961208272746
-118.33050292982007,34.17978207351439,0.009666911167200639
-118.33303628474846,34.18854543629616,0.009666911167200639
-118.3355702304069,34.19730885173855,0.009666911167200639
-118.33810476699807,34.20607231962829,0.009666911167200639
-118.34063989472473,34.21483583975205,0.010903748663348058
-118.34317561378982,34.22359941189635,0.010903748663348058
-118.34571192439631,34.23236303584779,0.010903748663348058
-118.34824882674724,34.241126711392916,0.010903748663348058
-118.19905499143714,33.76128881934574,1.0445247794665626
-118.20155907493444,33.77004967431833,1.0445247794665626
-118.20406373930251,33.778810592164334,0.6410227422345095
-118.20656898473968,33.78757157267213,0.6410227422345095
-118.20907481144438,33.796332615630156,0.43333935416686636
-118.2115812196151,33.80509372082668,0.34247600240532994
-118.21408820945045,33.81385488805008,0.2365754949541163
-118.21659578114914,33.82261611708861,0.2365754949541163
-118.2191039349099,33.8313774077305,0.1546897284603555
-118.2216126709316,33.840138759763974,0.1546897284603555
-118.22914237455254,33.86642318209524,0.07045546632527805
-118.23165344160854,33.87518477757628,0.07045546632527805
-118.23416509192114,33.88394643338934,0.07045546632527805
-118.23667732568975,33.89270814932241,0.07045546632527805
-118.23919014311389,33.90146992516342,0.04970875369351972
-118.24170354439309,33.910231760700285,0.04970875369351972
-118.24421752972707,33.91899365572095,0.03717651266756893
-118.24673209931552,33.92775561001314,0.03717651266756893
-118.2492472533583,33.93651762336469,0.02880633854298901
-118.2517629920554,33.9452796955634,0.02880633854298901
-118.25427931560677,33.95404182639696,0.02880633854298901
-118.2567962242126,33.96280401565308,0.02880633854298901
-118.25931371807299,33.971566263119406,0.0222461271844998
-118.26183179738833,33.98032856858354,0.0222461271844998
-118.26435046235896,33.98909093183307,0.0222461271844998
-118.26686971318533,33.99785335265556,0.0222461271844998
-118.26938955006806,34.006615830838484,0.01728125791938601
-118.27190997320771,34.01537836616934,0.01728125791938601
-118.27443098280509,34.02414095843553,0.013581218140651998
-118.27695257906103,34.032903607424494,0.013581218140651998
-118.27947476217642,34.041666312923596,0.012447124193891088
-118.28199753235229,34.05042907472009,0.012447124193891088
-118.28452088978972,34.05919189260135,0.012447124193891088
-118.2870448346899,34.067954766354596,0.012447124193891088
-118.28956936725415,34.07671769576701,0.011367544886863042
-118.29209448768377,34.08548068062581,0.011367544886863042
-118.29462019618029,34.09424372071817,0.011367544886863042
-118.2971464929452,34.10300681583112,0.011367544886863042
-118.29967337818019,34.111769965751755,0.011437296933996645
-118.30220085208698,34.120533170267166,0.011437296933996645
-118.31484705876461,34.16435000430882,0.011432838083396209
-118.31737806894354,34.17311353191831,0.011432838083396209
-118.3199096692089,34.18187711263077,0.011436101574207373
-118.32244185976317,34.19064074623296,0.011436101574207373
-118.32497464080886,34.19940443251154,0.011436101574207373
-118.32750801254862,34.20816817125319,0.011436101574207373
-118.18502824504162,33.73166650350314,1.324149071150579
-118.19003177679701,33.74918810353444,1.5554384866807394
-118.22010176449878,33.85432297092912,0.10051521149805556
-118.30069951578461,34.134724473443136,0.011437296933996645
-118.3057568347682,34.15225147807847,0.011432838083396209
-118.3361503201174,34.25741795225908,0.020455306974770306
-118.34122417805135,34.27494642308608,0.015750647273285564
-118.18851676083085,33.763369868572745,1.0445247794665626
-118.1910196911302,33.772130993478584,1.0445247794665626
-118.1935232020648,33.78089218127368,0.6410227422345095
-118.19602729383294,33.789653431746494,0.6410227422345095
-118.19853196663297,33.798414744685374,0.4496832170790904
-118.2010372206633,33.80717611987868,0.33753236847222073
-118.20354305612251,33.81593755711471,0.2365754949541163
-118.2060494732092,33.824699056181764,0.2365754949541163
-118.20855647212208,33.83346061686802,0.1546897284603555
-118.21106405305996,33.84222223896173,0.1546897284603555
-118.21859029001283,33.86850747156891,0.07045546632527805
-118.22110020104041,33.8772693371736,0.07045546632527805
-118.22361069508834,33.886031263126206,0.07045546632527805
-118.22612177235591,33.89479324921465,0.07045546632527805
-118.22863343304256,33.90355529522691,0.04970875369351972
-118.2311456773478,33.912317400950855,0.04970875369351972
-118.23365850547121,33.9210795661744,0.03717651266756893
-118.23617191761252,33.929841790685344,0.03717651266756893
-118.23868591397147,33.9386040742715,0.02880633854298901
-118.24120049474794,33.94736641672062,0.02880633854298901
-118.24371566014189,33.956128817820435,0.02880633854298901
-118.24623141035336,33.96489127735862,0.02880633854298901
-118.2487477455825,33.973653795122836,0.0222461271844998
-118.25126466602953,33.98241637090067,0.0222461271844998
-118.25378217189477,33.991179004479754,0.0222461271844998
-118.2563002633786,33.99994169564756,0.0222461271844998
-118.25881894068155,34.00870444419167,0.01728125791938601
-118.26133820400416,34.0174672498995,0.01728125791938601
-118.26385805354714,34.02623011255848,0.013581218140651998
-118.26637848951125,34.03499303195599,0.013581218140651998
-118.26889951209733,34.043756007879466,0.012447124193891088
-118.27142112150634,34.05251904011617,0.012447124193891088
-118.27394331793928,34.06128212845339,0.012447124193891088
-118.27646610159732,34.070045272678385,0.012447124193891088
-118.27898947268164,34.07880847257835,0.011367544886863042
-118.28151343139356,34.0875717279405,0.011367544886863042
-118.28403797793446,34.09633503855196,0.011367544886863042
-118.28656311250583,34.10509840419982,0.011367544886863042
-118.28908883530923,34.113861824671154,0.011437296933996645
-118.29161514654636,34.12262529975299,0.011437296933996645
-118.30425553630221,34.16644348686345,0.011432838083396209
-118.30678538238158,34.17520728513399,0.011432838083396209
-118.30931581830886,34.18397113652326,0.011436101574207373
-118.31184684428642,34.192735040818,0.011436101574207373
-118.31437846051674,34.20149899780489,0.011436101574207373
-118.3169106672024,34.210263007270605,0.011436101574207373
-118.12709751878114,33.56729875345603,0.07946276549807613
-118.15700771372416,33.67242063720178,0.36570923195195987
-118.31794341727371,34.23322063457459,0.012452927462001695
-118.17297613638765,33.74792730874831,1.0786478173050884
-118.17547675308582,33.75668857701488,1.1043155430951785
-118.17797794978749,33.765449908609675,0.9090215889713132
-118.1804797266907,33.77421130332115,0.8012627680498101
-118.18298208399361,33.78297276093779,0.5478146033570748
-118.18548502189434,33.791734281248,0.5478146033570748
-118.18798854059126,33.80049586404015,0.4294801269423966
-118.1904926402827,33.80925750910261,0.33093270741126607
-118.19299732116711,33.81801921622363,0.24015375150578708
-118.19550258344309,33.82678098519157,0.24015375150578708
-118.19800842730929,33.83554281579458,0.17258328793651984
-118.2005148529644,33.844304707820896,0.17258328793651984
-118.2030218606073,33.85306666105866,0.11400496710620135
-118.20552945043683,33.86182867529601,0.11400496710620135
-118.20803762265204,33.870590750321014,0.07045546632527805
-118.21054637745199,33.87935288592174,0.07045546632527805
-118.2130557150359,33.888115081886184,0.07045546632527805
-118.21556563560301,33.89687733800235,0.07045546632527805
-118.21807613935268,33.90563965405813,0.05618535898656547
-118.22058722648433,33.91440202984147,0.05618535898656547
-118.22309889719754,33.92316446514024,0.042701431692213375
-118.2256111516919,33.93192695974223,0.042701431692213375
-118.22812399016713,33.94068951343527,0.02880633854298901
-118.23063741282304,33.94945212600711,0.02880633854298901
-118.2331514198595,33.95821479724543,0.02880633854298901
-118.23566601147652,33.96697752693797,0.02880633854298901
-118.23818118787415,33.97574031487234,0.0222461271844998
-118.24069694925255,33.98450316083616,0.0222461271844998
-118.243213295812,33.993266064617025,0.0222461271844998
-118.24573022775279,34.00202902600244,0.0222461271844998
-118.24824774527538,34.01079204477995,0.01924447709374984
-118.25076584858027,34.019555120736975,0.01924447709374984
-118.25328453786808,34.02831825366098,0.015182491415731504
-118.2558038133395,34.037081443339325,0.015182491415731504
-118.25832367519536,34.045844689559395,0.012447124193891088
-118.26084412363646,34.05460799210848,0.012447124193891088
-118.26336515886379,34.06337135077388,0.012447124193891088
-118.26588678107846,34.07213476534284,0.012447124193891088
-118.26840899048156,34.08089823560255,0.011367544886863042
-118.27093178727436,34.08966176134024,0.011367544886863042
-118.27345517165817,34.09842534234299,0.011367544886863042
-118.2759791438344,34.10718897839795,0.011367544886863042
-118.27850370400459,34.11595266929213,0.011437296933996645
-118.2810288523703,34.12471641481261,0.011437296933996645
-118.28355458913326,34.133480214746356,0.011437296933996645
-118.28608091449522,34.14224406888031,0.011437296933996645
-118.28860782865802,34.15100797700146,0.011432838083396209
-118.29113533182367,34.15977193889661,0.011432838083396209
-118.2936634241942,34.16853595435263,0.011432838083396209
-118.29619210597176,34.17730002315634,0.011432838083396209
-118.29872137735856,34.186064145094534,0.011436101574207373
-118.30125123855694,34.19482831995395,0.011436101574207373
-118.31897679868389,34.256179007842036,0.020792073272869794
-118.32151138566937,34.264943598389365,0.020792073272869794
-118.16395869307789,33.73582469516365,0.8158070138146304
-118.29974823863698,34.20902114261422,0.011436101574207373
-118.32001081201177,34.27913812363214,0.015799650394815533
-118.16243905162445,33.750005800190365,0.8300586804768215
-118.16493851519954,33.75876733810319,0.82533469594526
-118.1674385585426,33.76752893936014,0.7364219291748805
-118.16993918185159,33.77629060374966,0.6605731767742744
-118.17244038532453,33.78505233106021,0.5478146033570748
-118.1749421691596,33.79381412108018,0.5478146033570748
-118.17744453355502,33.802575973598,0.4160710851912468
-118.17994747870907,33.81133788840195,0.32340656691790615
-118.18245100482017,33.820099865280376,0.24015375150578708
-118.18495511208683,33.82886190402153,0.24015375150578708
-118.18745980070757,33.83762400441364,0.17258328793651984
-118.18996507088112,33.84638616624488,0.17258328793651984
-118.19247092280621,33.85514838930346,0.11400496710620135
-118.19497735668172,33.86391067337747,0.11400496710620135
-118.19748437270651,33.87267301825497,0.07045546632527805
-118.19999197107967,33.881435423724035,0.07045546632527805
-118.2025001520003,33.89019788957267,0.07045546632527805
-118.20500891566755,33.89896041558882,0.07045546632527805
-118.20751826228079,33.90772300156046,0.05618535898656547
-118.21002819203933,33.91648564727549,0.05618535898656547
-118.21253870514269,33.925248352521756,0.042701431692213375
-118.2150498017904,33.93401111708709,0.042701431692213375
-118.21756148218212,33.942773940759274,0.02880633854298901
-118.22007374651757,33.95153682332609,0.02880633854298901
-118.22258659499657,33.960299764575204,0.02880633854298901
-118.22510002781905,33.96906276429434,0.02880633854298901
-118.22761404518502,33.97782582227114,0.0222461271844998
-118.23012864729455,33.98658893829319,0.0222461271844998
-118.23264383434785,33.995352112148076,0.0222461271844998
-118.23515960654521,34.00411534362335,0.0222461271844998
-118.2376759640869,34.01287863250648,0.01924447709374984
-118.24019290717348,34.021641978584945,0.01924447709374984
-118.24271043600542,34.03040538164615,0.015182491415731504
-118.24522855078338,34.03916884147753,0.015182491415731504
-118.24774725170808,34.04793235786638,0.012447124193891088
-118.25026653898034,34.05669593060008,0.012447124193891088
-118.25278641280103,34.06545955946586,0.012447124193891088
-118.25530687337117,34.07422324425097,0.012447124193891088
-118.25782792089183,34.08298698474262,0.011367544886863042
-118.26034955556418,34.09175078072803,0.011367544886863042
-118.26287177758947,34.100514631994265,0.011367544886863042
-118.26539458716907,34.10927853832846,0.011367544886863042
-118.26791798450442,34.11804249951765,0.011437296933996645
-118.27044196979703,34.126806515348896,0.011437296933996645
-118.27296654324856,34.1355705856092,0.011437296933996645
-118.27549170506069,34.144334710085445,0.011437296933996645
-118.27801745543522,34.153098888564614,0.011432838083396209
-118.28054379457406,34.16186312083357,0.011432838083396209
-118.2830707226792,34.17062740667915,0.011432838083396209
-118.28559823995269,34.17939174588818,0.011432838083396209
-118.28812634659671,34.188156138247415,0.011436101574207373
-118.29065504281351,34.19692058354359,0.011436101574207373
-118.3083724413775,34.25827316492965,0.020792073272869794
-118.31090586146861,34.26703802603958,0.020792073272869794
-118.15190138729118,33.752083282504834,0.5942133123335479
-118.15439969754533,33.76084508993634,0.5942133123335479
-118.15689858733181,33.76960696072782,0.5452841790399906
-118.15939805684852,33.778368894667736,0.5452841790399906
-118.1618981062934,33.78713089154458,0.4612117407411443
-118.16439873586455,33.79589295114668,0.4612117407411443
-118.17691059255309,33.83970418262873,0.18446789175648295
-118.17941470704632,33.848466614137244,0.18446789175648295
-118.18191940305478,33.857229106888965,0.12839112981752526
-118.18442468077728,33.865991660671895,0.12839112981752526
-118.18693054041267,33.874754275274206,0.09127724269121715
-118.1894369821599,33.88351695048392,0.09127724269121715
-118.19194400621801,33.89227968608901,0.09127724269121715
-118.1944516127862,33.90104248187747,0.09127724269121715
-118.19695980206359,33.909805337637245,0.06584879207585355
-118.19946857424956,33.91856825315624,0.06584879207585355
-118.20197792954352,33.927331228222286,0.05030944036302381
-118.20448786814492,33.93609426262321,0.05030944036302381
-118.20699839025339,33.944857356146805,0.037714010608536956
-118.20950949606856,33.95362050858083,0.037714010608536956
-118.21202118579019,33.962383719712996,0.037714010608536956
-118.21453345961812,33.971146989331,0.037714010608536956
-118.21704631775235,33.97991031722244,0.028152254222053114
-118.21955976039283,33.98867370317496,0.028152254222053114
-118.22207378773973,33.99743714697612,0.028152254222053114
-118.22458839999322,34.00620064841343,0.028152254222053114
-118.22710359735363,34.01496420727442,0.022151872481597418
-118.22961938002132,34.023727823346526,0.022151872481597418
-118.23213574819675,34.03249149641716,0.017473195741163308
-118.23465270208052,34.04125522627374,0.017473195741163308
-118.2371702418733,34.050019012703615,0.015786084772799365
-118.2396883677758,34.05878285549406,0.015786084772799365
-118.24220707998883,34.06754675443239,0.015786084772799365
-118.24472637871337,34.07631070930584,0.015786084772799365
-118.2472462641504,34.08507471990161,0.013892202495770325
-118.24976673650103,34.09383878600684,0.013892202495770325
-118.25228779596648,34.102602907408716,0.013892202495770325
-118.254809442748,34.11136708389431,0.013892202495770325
-118.25733167704699,34.120131315250674,0.014157624219397133
-118.25985449906489,34.12889560126482,0.014157624219397133
-118.26237790900328,34.13765994172379,0.014157624219397133
-118.26490190706377,34.14642433641446,0.014157624219397133
-118.26742649344814,34.15518878512381,0.014502645627066064
-118.2699516683582,34.16395328763867,0.014502645627066064
-118.27247743199584,34.17271784374591,0.014502645627066064
-118.27500378456311,34.18148245323232,0.014502645627066064
-118.29270475955069,34.24283619633837,0.014073059859846635
-118.29523583083797,34.251601225178895,0.014073059859846635
-118.29776749287701,34.260366305478236,0.02128476476425959
-118.30029974587075,34.2691314370228,0.02128476476425959
-118.14288682354965,33.739978851272106,0.5530744623110192
-118.27349609559771,34.19567464260365,0.013992393942908094
-118.27855117121172,34.213204449467824,0.013992393942908094
-118.28360860570663,34.230734466040836,0.014073059859846635
-118.29879507868554,34.283325756937025,0.015620999104973651
-118.1413631436234,33.75415975559547,0.5942133123335479
-118.14386030035881,33.76292183241799,0.5942133123335479
-118.14635803639082,33.771683972616394,0.5452841790399906
-118.14885635191725,33.780446175979066,0.5452841790399906
-118.15135524713598,33.78920844229451,0.4612117407411443
-118.15385472224509,33.797970771351125,0.4612117407411443
-118.16636080308209,33.84178335034338,0.18446789175648295
-118.16886376169627,33.85054605140148,0.18446789175648295
-118.17136730158934,33.8593088137186,0.12839112981752526
-118.17387142295998,33.86807163708282,0.12839112981752526
-118.17637612600699,33.876834521282234,0.09127724269121715
-118.17888141092925,33.88559746610484,0.09127724269121715
-118.18138727792574,33.89436047133871,0.09127724269121715
-118.18389372719557,33.903123536771744,0.09127724269121715
-118.18640075893784,33.911886662191925,0.06584879207585355
-118.18890837335186,33.92064984738712,0.06584879207585355
-118.1914165706369,33.9294130921452,0.05030944036302381
-118.19392535099243,33.93817639625397,0.05030944036302381
-118.19643471461796,33.94693975950123,0.037714010608536956
-118.19894466171307,33.955703181674714,0.037714010608536956
-118.20145519247751,33.96446666256218,0.037714010608536956
-118.20396630711096,33.973230201951225,0.037714010608536956
-118.20647800581338,33.98199379962958,0.028152254222053114
-118.20899028878472,33.99075745538476,0.028152254222053114
-118.21150315622499,33.99952116900435,0.028152254222053114
-118.21401660833436,34.008284940275935,0.028152254222053114
-118.21653064531306,34.01704876898695,0.022151872481597418
-118.21904526736138,34.025812654924884,0.022151872481597418
-118.22156047467978,34.034576597877155,0.017473195741163308
-118.22407626746873,34.04334059763111,0.017473195741163308
-118.2265926459288,34.05210465397415,0.015786084772799365
-118.22910961026069,34.06086876669354,0.015786084772799365
-118.23162716066518,34.069632935576585,0.015786084772799365
-118.23414529734309,34.0783971604105,0.015786084772799365
-118.23666402049541,34.08716144098252,0.013892202495770325
-118.23918333032312,34.0959257770798,0.013892202495770325
-118.24170322702743,34.10469016848944,0.013892202495770325
-118.2442237108095,34.113454614998524,0.013892202495770325
-118.24674478187065,34.12221911639416,0.014157624219397133
-118.24926644041227,34.13098367246336,0.014157624219397133
-118.25178868663588,34.1397482829931,0.014157624219397133
-118.25431152074303,34.148512947770314,0.014157624219397133
-118.25683494293538,34.157277666581905,0.014502645627066064
-118.25935895341473,34.16604243921479,0.014502645627066064
-118.2618835523829,34.17480726545577,0.014502645627066064
-118.26440874004184,34.183572145091674,0.014502645627066064
-118.28210155397792,34.24492777968438,0.014073059859846635
-118.28463145844374,34.253693078800154,0.014073059859846635
-118.28716195342189,34.262458429390435,0.02128476476425959
-118.28969303911518,34.271223831241684,0.02128476476425959
-118.15483228020089,33.82091573520329,0.29087375343462707
-118.12583405121065,33.73871071821515,0.45257859115515425
-118.12832889670096,33.74747293688326,0.4753779784336288
-118.13082432085677,33.756235219366,0.4808990204007775
-118.13332032387571,33.764997565451914,0.4808990204007775
-118.13581690595541,33.77375997492951,0.46183655548409014
-118.13831406729365,33.782522447587304,0.46183655548409014
-118.14081180808827,33.79128498321372,0.4126669760688846
-118.1433101285372,33.80004758159716,0.4126669760688846
-118.15581043253083,33.8438615074612,0.19351645827647337
-118.15831223506738,33.85262447794119,0.19351645827647337
-118.16081461864636,33.861387509695994,0.1435669157207211
-118.16331758346631,33.87015060251376,0.1435669157207211
-118.16582112972604,33.878913756182534,0.09127724269121715
-118.16832525762436,33.88767697049033,0.09127724269121715
-118.17082996736018,33.896440245225214,0.09127724269121715
-118.1733352591325,33.9052035801751,0.09127724269121715
-118.17584113314041,33.91396697512793,0.0734350011737179
-118.1783475895831,33.922730429871564,0.0734350011737179
-118.18085462865983,33.93149394419392,0.05962452278632095
-118.18336225056997,33.94025751788277,0.05962452278632095
-118.18587045551297,33.949021150725926,0.037714010608536956
-118.18837924368836,33.95778484251112,0.037714010608536956
-118.19088861529573,33.96654859302606,0.037714010608536956
-118.19339857053487,33.97531240205838,0.037714010608536956
-118.19590910960557,33.984076269395786,0.028152254222053114
-118.19842023270766,33.99284019482585,0.028152254222053114
-118.2009319400412,34.001604178136105,0.028152254222053114
-118.20344423180622,34.01036821911414,0.028152254222053114
-118.20595710820287,34.01913231754737,0.024667197758862242
-118.20847056943146,34.02789647322333,0.024667197758862242
-118.21098461569228,34.036660685929355,0.020001573847090545
-118.21349924718578,34.045424955452866,0.020001573847090545
-118.2160144641125,34.054189281581216,0.015786084772799365
-118.21853026667304,34.06295366410169,0.015786084772799365
-118.22104665506808,34.071718102801576,0.015786084772799365
-118.22356362949843,34.080482597468155,0.015786084772799365
-118.22608119016498,34.089247147888535,0.013892202495770325
-118.22859933726869,34.09801175384992,0.013892202495770325
-118.23111807101061,34.10677641513947,0.013892202495770325
-118.23363739159193,34.1155411315442,0.013892202495770325
-118.23615729921383,34.12430590285122,0.014157624219397133
-118.2386777940777,34.13307072884756,0.014157624219397133
-118.24119887638496,34.14183560932015,0.014157624219397133
-118.24372054633706,34.15060054405598,0.014157624219397133
-118.24624280413568,34.15936553284193,0.014502645627066064
-118.24876564998246,34.16813057546491,0.014502645627066064
-118.26138870700463,34.21195658867277,0.013992393942908094
-118.26391508538109,34.22072194984005,0.013992393942908094
-118.26644205322012,34.22948736335144,0.014073059859846635
-118.26896961072414,34.2382528289935,0.014073059859846635
-118.24725327564764,34.18232212966023,0.014502645627066064
-118.25230133260199,34.199852805257905,0.013992393942908094
-118.26745964203351,34.25244609447131,0.014073059859846635
-118.2725171300971,34.26997760599141,0.021167642878184637
-118.27757697998933,34.28750932222233,0.015236894340890834
-118.11529695670183,33.74078463434553,0.41528576758242663
-118.11779064874959,33.749547122117654,0.4401484995746083
-118.1202849192271,33.75830967372025,0.4808990204007775
-118.12277976833187,33.767072288941876,0.4808990204007775
-118.1252751962615,33.77583496757107,0.46183655548409014
-118.12777120321367,33.7845977093963,0.46183655548409014
-118.13026778938621,33.793360514205986,0.4126669760688846
-118.13276495497695,33.802123381788526,0.4126669760688846
-118.1452594811358,33.84593865388584,0.19351645827647337
-118.14776012739615,33.85470189365996,0.19351645827647337
-118.15026135446233,33.86346519472477,0.1435669157207211
-118.15276316253289,33.872228556868315,0.1435669157207211
-118.15526555180652,33.8809919798787,0.09127724269121715
-118.15776852248199,33.88975546354396,0.09127724269121715
-118.16027207475811,33.898519007652084,0.09127724269121715
-118.16277620883383,33.90728261199105,0.09127724269121715
-118.16528092490819,33.916046276348744,0.0734350011737179
-118.16778622318029,33.92481000051308,0.0734350011737179
-118.17029210384935,33.93357378427194,0.05962452278632095
-118.17279856711465,33.94233762741309,0.05962452278632095
-118.17530561317558,33.95110152972433,0.037714010608536956
-118.17781324223161,33.95986549099342,0.037714010608536956
-118.18032145448228,33.96862951100804,0.037714010608536956
-118.18283025012727,33.97739358955585,0.037714010608536956
-118.1853396293663,33.98615772642451,0.028152254222053114
-118.18784959239919,33.99492192140162,0.028152254222053114
-118.1903601394259,34.0036861742747,0.028152254222053114
-118.19287127064638,34.012450484831305,0.028152254222053114
-118.19538298626078,34.021214852858954,0.024667197758862242
-118.19789528646928,34.02997927814504,0.024667197758862242
-118.2004081714721,34.038743760477,0.020001573847090545
-118.20292164146966,34.04750829964221,0.020001573847090545
-118.2054356966624,34.05627289542803,0.015786084772799365
-118.20795033725086,34.065037547621735,0.015786084772799365
-118.2104655634357,34.07380225601062,0.015786084772799365
-118.2129813754176,34.08256702038187,0.015786084772799365
-118.21549777339742,34.091331840522756,0.013892202495770325
-118.21801475757603,34.10009671622039,0.013892202495770325
-118.22053232815446,34.108861647261925,0.013892202495770325
-118.22305048533374,34.117626633434405,0.013892202495770325
-118.2255692293151,34.1263916745249,0.014157624219397133
-118.2280885602998,34.13515677032044,0.014157624219397133
-118.23060847848915,34.143921920608015,0.014157624219397133
-118.23312898408464,34.152687125174495,0.014157624219397133
-118.23565007728779,34.161452383806875,0.014502645627066064
-118.23817175830023,34.17021769629197,0.014502645627066064
-118.25078898756502,34.21404505904641,0.013992393942908094
-118.25331419967237,34.222810690170135,0.013992393942908094
-118.25584000100298,34.23157637365368,0.014073059859846635
-118.25836639175913,34.24034210928364,0.014073059859846635
-118.09977594093733,33.72533222010665,0.28653541331196114
-118.1022673235494,33.734094848528166,0.28653541331196114
-118.10475928396068,33.74285754121885,0.2734947684128344
-118.1072518223685,33.75162029796727,0.2734947684128344
-118.13970750927395,33.8655418687085,0.12979337209792555
-118.14220816039645,33.87430550005009,0.12979337209792555
-118.14470939248523,33.883069192274355,0.08435216917405156
-118.14721120573896,33.89183294516927,0.08435216917405156
-118.14971360035645,33.900596758522894,0.08435216917405156
-118.15221657653656,33.909360632123146,0.08435216917405156
-118.15472013447824,33.91812456575794,0.05914147850260959
-118.15722427438057,33.926888559215186,0.05914147850260959
-118.15972899644267,33.93565261228274,0.05914147850260959
-118.16223430086374,33.94441672474837,0.05914147850260959
-118.16474018784312,33.9531808963999,0.04549429907458721
-118.16724665758022,33.961945127025075,0.04549429907458721
-118.16975371027452,33.97070941641155,0.038284858757189594
-118.17226134612561,33.979473764347006,0.038284858757189594
-118.1747695653332,33.988238170619105,0.031141271702179896
-118.17727836809696,33.99700263501543,0.031141271702179896
-118.17978775461683,34.00576715732349,0.028116706103409328
-118.18229772509271,34.01453173733087,0.028116706103409328
-118.18480827972465,34.02329637482504,0.024798990116103953
-118.18731941871273,34.03206106959341,0.024798990116103953
-118.18983114225722,34.04082582142343,0.02155380650269701
-118.19234345055837,34.049590630102465,0.02155380650269701
-118.19485634381658,34.05835549541786,0.016095653643342193
-118.19736982223235,34.0671204171569,0.016095653643342193
-118.19988388600622,34.07588539510685,0.016095653643342193
-118.2023985353389,34.084650429054975,0.016095653643342193
-118.20491377043106,34.093415518788426,0.013375537681360112
-118.20742959148359,34.102180664094405,0.013375537681360112
-118.2099459986974,34.110945864759984,0.013375537681360112
-118.21246299227352,34.119711120572276,0.013375537681360112
-118.21498057241305,34.12847643131832,0.01483931259424935
-118.2174987393172,34.13724179678515,0.01483931259424935
-118.23514235397495,34.19860086933581,0.019390065864186307
-118.23766522224996,34.20736666489689,0.019390065864186307
-118.24018867910446,34.21613251326016,0.019390065864186307
-118.24271272474049,34.224898414212376,0.019390065864186307
-118.24523735936029,34.23366436754011,0.017626557275077517
-118.24776258316614,34.242430373029904,0.017626557275077517
-118.09077291502798,33.71322400289798,0.2892699331956811
-118.10572121856521,33.76580096378656,0.28886540674545896
-118.12069034350628,33.81838021200599,0.23430864088515233
-118.12568468617889,33.83590712847645,0.19765829275497462
-118.13068134867149,33.85343429232269,0.12979337209792555
-118.21598108628142,34.15143228189109,0.01483931259424935
-118.24624852315806,34.25662343157805,0.017626557275077517
-118.08923999716681,33.72740357997707,0.28653541331196114
-118.09173022641323,33.736166477215534,0.28653541331196114
-118.09422103322309,33.744929438739035,0.2734947684128344
-118.09671241779355,33.753692464336076,0.2734947684128344
-118.12915308331793,33.86761753155091,0.12979337209792555
-118.13165257729372,33.876381431962805,0.12979337209792555
-118.13415265199896,33.885145393273135,0.08435216917405156
-118.1366533076322,33.89390941526995,0.08435216917405156
-118.13915454439218,33.902673497741276,0.08435216917405156
-118.14165636247773,33.91143764047502,0.08435216917405156
-118.1441587620877,33.92020184325912,0.05914147850260959
-118.1466617434211,33.928966105881436,0.05914147850260959
-118.14916530667698,33.937730428129896,0.05914147850260959
-118.15166945205452,33.946494809792206,0.05914147850260959
-118.15417417975296,33.95525925065619,0.04549429907458721
-118.15667948997162,33.96402375050959,0.04549429907458721
-118.15918538291,33.9727883091401,0.038284858757189594
-118.16169185876753,33.98155292633536,0.038284858757189594
-118.16419891774385,33.990317601883056,0.031141271702179896
-118.16670656003866,33.99908233557071,0.031141271702179896
-118.16921478585175,34.00784712718591,0.028116706103409328
-118.17172359538299,34.01661197651617,0.028116706103409328
-118.17423298883233,34.025376883349,0.024798990116103953
-118.17674296639986,34.03414184747178,0.024798990116103953
-118.17925352828566,34.042906868671956,0.02155380650269701
-118.18176467469003,34.05167194673692,0.02155380650269701
-118.18427640581325,34.060437081454,0.016095653643342193
-118.18678872185573,34.069202272610475,0.016095653643342193
-118.18930162301803,34.077967519993614,0.016095653643342193
-118.19181510950068,34.08673282339067,0.016095653643342193
-118.19432918150436,34.09549818258878,0.013375537681360112
-118.19684383922987,34.104263597375166,0.013375537681360112
-118.19935908287806,34.1130290675369,0.013375537681360112
-118.2018749126499,34.12179459286105,0.013375537681360112
-118.20439132874641,34.13056017313468,0.01483931259424935
-118.20690833136872,34.13932580814484,0.01483931259424935
-118.22454378936159,34.20068676793895,0.019390065864186307
-118.22706549144195,34.209452833169074,0.019390065864186307
-118.22958778186235,34.218218951217125,0.019390065864186307
-118.23211066082486,34.22698512186977,0.019390065864186307
-118.23463412853158,34.23575134491365,0.017626557275077517
-118.23715818518473,34.24451762013527,0.017626557275077517
-118.03306086221087,33.548811251264944,0.061412499619495034
-118.0429757361928,33.58385833041596,0.07205134095637679
-118.05289979432071,33.618906497345236,0.08759322235312163
-118.0628330491244,33.653955738561926,0.1261840070795847
-118.072775513156,33.689006040565765,0.19949066407443317
-118.10265828647618,33.794163176155436,0.23986090988721293
-118.21294406135902,34.17981406868106,0.02111964388656498
-118.1086105312648,33.83463611911907,0.1651555538454607
-118.1111065479095,33.84340004269741,0.1651555538454607
-118.11859807683102,33.86969218315576,0.12979337209792555
-118.12109641346164,33.87845635251012,0.12979337209792555
-118.12359533058469,33.88722058277876,0.08435216917405156
-118.1260948283987,33.89598487374967,0.08435216917405156
-118.12859490710241,33.90474922521088,0.08435216917405156
-118.13109556689447,33.9135136369503,0.08435216917405156
-118.13359680797373,33.92227810875589,0.05914147850260959
-118.13609863053914,33.9310426404155,0.05914147850260959
-118.13860103478966,33.93980723171697,0.05914147850260959
-118.1411040209244,33.94857188244813,0.05914147850260959
-118.14360758914256,33.95733659239673,0.049099189904798626
-118.1461117396434,33.96610136135053,0.049099189904798626
-118.14861647262629,33.97486618909721,0.04192336842458194
-118.15112178829064,33.98363107542442,0.04192336842458194
-118.15362768683605,33.99239602011981,0.03432979926972899
-118.1561341684621,34.00116102297097,0.03432979926972899
-118.15864123336854,34.009926083765386,0.030841198781472533
-118.16114888175517,34.01869120229064,0.030841198781472533
-118.16365711382188,34.02745637833424,0.02661689923147823
-118.16616592976865,34.03622161168355,0.02661689923147823
-118.16867532979559,34.044986902126006,0.02386685571824005
-118.17118531410283,34.05375224944899,0.02386685571824005
-118.17369588289064,34.06251765343982,0.016095653643342193
-118.17620703635939,34.07128311388582,0.016095653643342193
-118.17871877470945,34.080048630574204,0.016095653643342193
-118.18123109814142,34.08881420329226,0.016095653643342193
-118.18374400685585,34.09757983182709,0.013375537681360112
-118.18625750105348,34.106345515965934,0.013375537681360112
-118.18877158093511,34.11511125549583,0.013375537681360112
-118.19128624670164,34.12387705020394,0.013375537681360112
-118.06970333261725,33.71736389821902,0.22829143853288064
-118.07467917629829,33.73489036957481,0.21903584839732146
-118.0796573284234,33.75241709858837,0.20314852036203782
-118.0846377905694,33.76994408356861,0.20736909347604582
-118.09959305292338,33.82252655738951,0.1796302426088287
-118.1095748069042,33.857582788740146,0.12979337209792555
-118.18976391821289,34.138066895276474,0.01483931259424935
-118.19479560264492,34.155599082487676,0.01483931259424935
-118.20990474247729,34.2081969387584,0.019390065864186307
-118.21494582330882,34.22572998337534,0.019390065864186307
-118.21998925727527,34.243263238078015,0.017626557275077517
-118.22503504599365,34.26079670115898,0.017626557275077517
-118.09805957228949,33.83670868428941,0.1651555538454607
-118.10055443233807,33.845472876619205,0.1651555538454607
-118.1080424900502,33.87176582342679,0.12979337209792555
-118.11053966913711,33.88053026159585,0.12979337209792555
-118.11303742847942,33.88929476069495,0.08435216917405156
-118.11553576827562,33.89805932051214,0.08435216917405156
-118.11803468872425,33.906823940835416,0.08435216917405156
-118.120534190024,33.915588621452684,0.08435216917405156
-118.12303427237366,33.92435336215191,0.05914147850260959
-118.12553493597206,33.93311816272096,0.05914147850260959
-118.12803618101815,33.94188302294764,0.05914147850260959
-118.13053800771091,33.95064794261978,0.05914147850260959
-118.13304041624951,33.95941292152515,0.049099189904798626
-118.13554340683314,33.96817795945149,0.049099189904798626
-118.13804697966111,33.97694305618643,0.04192336842458194
-118.14055113493276,33.985708211517725,0.04192336842458194
-118.14305587284761,33.99447342523296,0.03432979926972899
-118.14556119360518,34.00323869711968,0.03432979926972899
-118.14806709740517,34.012004026965464,0.030841198781472533
-118.15057358444729,34.02076941455783,0.030841198781472533
-118.15308065493137,34.02953485968427,0.02661689923147823
-118.15558830905734,34.0383003621322,0.02661689923147823
-118.15809654702521,34.04706592168901,0.02386685571824005
-118.16060536903508,34.05583153814209,0.02386685571824005
-118.16311477528716,34.06459721127875,0.016095653643342193
-118.16562476598166,34.07336294088632,0.016095653643342193
-118.16813534131902,34.082128726752025,0.016095653643342193
-118.17064650149968,34.09089456866309,0.016095653643342193
-118.17315824672417,34.09966046640671,0.013375537681360112
-118.17567057719313,34.10842641977001,0.013375537681360112
-118.17818349310731,34.11719242854016,0.013375537681360112
-118.18069699466751,34.125958492504196,0.013375537681360112
-118.04768739534984,33.698557439901535,0.15909615500053878
-118.05017185786362,33.70732088338128,0.15909615500053878
-118.05265689644563,33.71608439203876,0.1670327987298744
-118.05514251129254,33.724847965662704,0.1670327987298744
-118.07255796717624,33.78619478233971,0.14091691628250202
-118.07504819923277,33.79495886808632,0.14091691628250202
-118.0775390093281,33.803723016896555,0.14091691628250202
-118.08003039765981,33.8124872285588,0.14091691628250202
-118.08252236442554,33.821251502861436,0.13319990848396882
-118.085014909823,33.83001583959274,0.13319990848396882
-118.08750803404995,33.838780238540984,0.13319990848396882
-118.09000173730436,33.84754469949444,0.13319990848396882
-118.09748632321241,33.87383845226782,0.1107040951892992
-118.09998234455723,33.882603159123754,0.1107040951892992
-118.10247894592031,33.891367926925504,0.08088852586884238
-118.10497612750005,33.90013275546114,0.08088852586884238
-118.10747388949498,33.90889764451864,0.08088852586884238
-118.10997223210367,33.917662593885936,0.08088852586884238
-118.11247115552486,33.92642760335094,0.05922670392474405
-118.11497065995732,33.93519267270153,0.05922670392474405
-118.1174707455999,33.943957801725574,0.05922670392474405
-118.11997141265162,33.952722990210816,0.05922670392474405
-118.12247266131145,33.96148823794506,0.04739005899991238
-118.12497449177856,33.97025354471605,0.04739005899991238
-118.12747690425223,33.979018910311424,0.04739005899991238
-118.1299798989317,33.98778433451887,0.04739005899991238
-118.13248347601642,33.99654981712604,0.035371443133925984
-118.1349876357059,34.00531535792044,0.035371443133925984
-118.13749237819967,34.014080956689675,0.035371443133925984
-118.13999770369743,34.022846613221226,0.035371443133925984
-118.14250361239898,34.0316123273026,0.027532482787761388
-118.14501010450414,34.04037809872117,0.027532482787761388
-118.14751718021286,34.049143927264396,0.027532482787761388
-118.15002483972516,34.05790981271963,0.027532482787761388
-118.1525330832412,34.0666757548742,0.018020632600578793
-118.15504191096113,34.07544175351537,0.018020632600578793
-118.15755132308531,34.08420780843042,0.018020632600578793
-118.16006131981413,34.092973919406575,0.018020632600578793
-118.16257190134802,34.101740086231,0.014436722559725602
-118.1650830678876,34.11050630869083,0.014436722559725602
-118.16759481963348,34.119272586573196,0.014436722559725602
-118.17010715678649,34.12803891966519,0.014436722559725602
-118.02876956223493,33.65139218849201,0.11301118656837117
-118.03373158054077,33.66891868548206,0.11301118656837117
-118.03869589911291,33.68644544701531,0.15909615500053878
-118.0536026721361,33.73902730198319,0.1670327987298744
-118.08846594562516,33.861727240396846,0.1107040951892992
-118.16858074839264,34.14222855701705,0.0159203524876958
-118.17360777232693,34.15976182092857,0.0159203524876958
-118.17863714102901,34.17729530187543,0.02207279893148535
-118.18366885610897,34.194828998152396,0.02207279893148535
-118.0371537577842,33.70062368935539,0.15909615500053878
-118.03963706708828,33.709387401077855,0.15909615500053878
-118.04212095222466,33.718151177993896,0.1670327987298744
-118.04460541338997,33.72691501989224,0.1670327987298744
-118.06201278688971,33.78826371493326,0.14091691628250202
-118.06450186337449,33.79702806908087,0.14091691628250202
-118.0669915176615,33.80579248630794,0.14091691628250202
-118.06948174994825,33.81455696640282,0.14091691628250202
-118.0719725604323,33.82332150915389,0.13319990848396882
-118.07446394931132,33.83208611434942,0.13319990848396882
-118.076955916783,33.84085078177773,0.13319990848396882
-118.07944846304524,33.84961551122703,0.13319990848396882
-118.08692957655472,33.87591006958274,0.1107040951892992
-118.08942443995913,33.88467504499769,0.1107040951892992
-118.09191988314456,33.89344008137426,0.08088852586884238
-118.09441590630932,33.90220517850048,0.08088852586884238
-118.09691250965192,33.91097033616432,0.08088852586884238
-118.09940969337089,33.91973555415377,0.08088852586884238
-118.10190745766481,33.92850083225671,0.05922670392474405
-118.10440580273246,33.937266170261,0.05922670392474405
-118.1069047287726,33.94603156795448,0.05922670392474405
-118.10940423598417,33.95479702512497,0.05922670392474405
-118.11190432456611,33.96356254156019,0.04739005899991238
-118.1144049947175,33.972328117047915,0.04739005899991238
-118.11690624663753,33.98109375137581,0.04739005899991238
-118.11940808052542,33.9898594443315,0.04739005899991238
-118.12191049658054,33.99862519570269,0.035371443133925984
-118.12441349500227,34.00739100527686,0.035371443133925984
-118.12691707599018,34.01615687284159,0.035371443133925984
-118.12942123974386,34.024922798184384,0.035371443133925984
-118.13192598646302,34.03368878109273,0.027532482787761388
-118.1344313163474,34.04245482135405,0.027532482787761388
-118.13693722959692,34.051220918755746,0.027532482787761388
-118.13944372641156,34.059987073085146,0.027532482787761388
-118.14195080699133,34.068753284129635,0.018020632600578793
-118.14445847153641,34.07751955167645,0.018020632600578793
-118.14696672024701,34.0862858755129,0.018020632600578793
-118.14947555332348,34.09505225542612,0.018020632600578793
-118.15198497096621,34.10381869120336,0.014436722559725602
-118.15449497337572,34.112585182631705,0.014436722559725602
-118.1570055607526,34.12135172949834,0.014436722559725602
-118.15951673329754,34.13011833159025,0.014436722559725602
-117.99100457893596,33.557062581438586,0.05764647850910438
-118.00090106117852,33.59211395070701,0.07263407593143795
-118.01080671253133,33.62716640877052,0.09125032291748326
-118.05052125964,33.76738685900205,0.14586276379611865
-118.18061787161994,34.22321167162619,0.01930787597374243
-118.19069072851036,34.25828141182006,0.016231257689431643
-118.01173868572387,33.65010643194127,0.11301118656837117
-118.014217392166,33.65887001608804,0.11301118656837117
-118.0166966730271,33.667633666711,0.11301118656837117
-118.0191765285032,33.67639738359901,0.11301118656837117
-118.02661954458277,33.702688929742884,0.15909615500053878
-118.02910170048062,33.71145290958032,0.15909615500053878
-118.03158443197478,33.720216954627155,0.1670327987298744
-118.03406773926183,33.728981064672155,0.1670327987298744
-118.05146702899835,33.7903316371828,0.14091691628250202
-118.05395494971395,33.79909625960364,0.14091691628250202
-118.05644344799516,33.80786094511971,0.14091691628250202
-118.05893252403939,33.816625693519434,0.14091691628250202
-118.06142217804413,33.825390504591134,0.13319990848396882
-118.06391241020695,33.83415537812309,0.13319990848396882
-118.06640322072558,33.842920313903626,0.13319990848396882
-118.06889460979771,33.85168531172095,0.13319990848396882
-118.07637225031432,33.87798067527543,0.1107040951892992
-118.07886595558004,33.88674591912156,0.1107040951892992
-118.08136024038942,33.89551122394506,0.08088852586884238
-118.08385510494081,33.90427658953399,0.08088852586884238
-118.08635054943252,33.91304201567634,0.08088852586884238
-118.08884657406313,33.92180750216004,0.08088852586884238
-118.09134317903109,33.93057304877302,0.05922670392474405
-118.0938403645351,33.9393386553031,0.05922670392474405
-118.09633813077393,33.94810432153816,0.05922670392474405
-118.09883647794636,33.95687004726596,0.05922670392474405
-118.10133540625132,33.96563583227426,0.04739005899991238
-118.10383491588784,33.97440167635083,0.04739005899991238
-118.10633500705497,33.983167579283304,0.04739005899991238
-118.10883567995194,33.99193354085931,0.04739005899991238
-118.111336934778,34.00069956086656,0.035371443133925984
-118.11383877173253,34.00946563909256,0.035371443133925984
-118.11634119101494,34.01823177532483,0.035371443133925984
-118.11884419282481,34.02699796935094,0.035371443133925984
-118.12635669541591,34.05329689606658,0.027532482787761388
-118.1288620293328,34.06206331914221,0.027532482787761388
-118.13136794677618,34.07082979894863,0.018020632600578793
-118.13387444794614,34.07959633527311,0.018020632600578793
-118.13638153304284,34.088362927902885,0.018020632600578793
-118.13888920226657,34.097129576625235,0.018020632600578793
-118.14139745581764,34.10589628122726,0.014436722559725602
-118.14390629389649,34.114663041496144,0.014436722559725602
-118.14641571670367,34.12342985721896,0.014436722559725602
-118.14892572443978,34.1321967281828,0.014436722559725602
-118.15143631730552,34.14096365417471,0.0159203524876958
-118.15394749550171,34.14973063498162,0.0159203524876958
-118.15645925922922,34.158497670390574,0.0159203524876958
-118.15897160868904,34.16726476018845,0.0159203524876958
-118.16148454408221,34.176031904162095,0.02207279893148535
-118.16399806560995,34.18479910209846,0.02207279893148535
-118.16651217347344,34.193566353784284,0.02207279893148535
-118.16902686787405,34.20233365900635,0.02207279893148535
-118.01763093210293,33.69057512348083,0.15909615500053878
-118.0325238614185,33.743160196018415,0.1670327987298744
-118.06735476673012,33.86586764652392,0.1107040951892992
-118.11731017442455,34.041184775123206,0.027532482787761388
-118.00121081378444,33.65216905557594,0.11301118656837117
-118.00368836803905,33.66093290761491,0.11301118656837117
-118.00616649647692,33.66969682614588,0.11301118656837117
-118.00864519929401,33.678460810957766,0.11301118656837117
-118.01608475598147,33.70475316096831,0.15909615500053878
-118.01856575827664,33.71351740879295,0.15909615500053878
-118.02104733593207,33.72228172184284,0.1670327987298744
-118.02352948914422,33.73104609990675,0.1670327987298744
-118.04092069373873,33.792398548992495,0.14091691628250202
-118.04340745848786,33.801163439558714,0.14091691628250202
-118.04589480056585,33.809928393236,0.14091691628250202
-118.04838272017004,33.818693409812724,0.14091691628250202
-118.05087121749787,33.82745848907718,0.13319990848396882
-118.05336029274685,33.83622363081776,0.13319990848396882
-118.05584994611459,33.844988834822665,0.13319990848396882
-118.0583401777988,33.85375410088016,0.13319990848396882
-118.06581434472848,33.88005026924986,0.1107040951892992
-118.06830689165726,33.88881578139923,0.1107040951892992
-118.07080001789234,33.897581354541806,0.08088852586884238
-118.07329372363192,33.90634698846559,0.08088852586884238
-118.07578800907432,33.91511268295854,0.08088852586884238
-118.07828287441798,33.92387843780861,0.08088852586884238
-118.08077831986132,33.93264425280371,0.05922670392474405
-118.08327434560299,33.94141012773169,0.05922670392474405
-118.08577095184165,33.95017606238041,0.05922670392474405
-118.08826813877603,33.95894205653758,0.05922670392474405
-118.090765906605,33.96770810999103,0.04739005899991238
-118.09326425552753,33.9764742225285,0.04739005899991238
-118.09576318574261,33.9852403939376,0.04739005899991238
-118.09826269744939,33.99400662400601,0.04739005899991238
-118.10076279084703,34.00277291252138,0.035371443133925984
-118.10326346613488,34.01153925927124,0.035371443133925984
-118.10576472351228,34.02030566404311,0.035371443133925984
-118.10826656317873,34.02907212662454,0.035371443133925984
-118.11577557790841,34.055371859100504,0.027532482787761388
-118.11827974872756,34.06413855079433,0.027532482787761388
-118.12078450283448,34.072905299234705,0.018020632600578793
-118.12328984042917,34.08167210420885,0.018020632600578793
-118.12579576171173,34.090438965504006,0.018020632600578793
-118.12830226688234,34.099205882907405,0.018020632600578793
-118.13080935614128,34.107972856206224,0.014436722559725602
-118.13331702968897,34.11673988518755,0.014436722559725602
-118.13582528772581,34.125506969638586,0.014436722559725602
-118.13833413045239,34.13427410934629,0.014436722559725602
-118.14084355806932,34.14304130409777,0.0159203524876958
-118.14335357077736,34.151808553679956,0.0159203524876958
-118.14586416877732,34.16057585787984,0.0159203524876958
-118.14837535227008,34.169343216484364,0.0159203524876958
-118.15088712145668,34.17811062928037,0.02207279893148535
-118.1533994765382,34.18687809605472,0.02207279893148535
-118.15591241771581,34.195645616594206,0.02207279893148535
-118.15842594519079,34.20441319068563,0.02207279893148535
-117.99068236785763,33.654230670719365,0.09972881263235914
-117.9931587697288,33.66299479052277,0.09972881263235914
-117.99563574554752,33.671758976834035,0.11300028934042505
-117.9981132955096,33.68052322944206,0.11300028934042505
-118.00059141981104,33.689287548135795,0.13883402261123143
-118.00307011864788,33.69805193270417,0.13883402261123143
-118.00554939221628,33.706816382936005,0.13883402261123143
-118.00802924071242,33.7155808986201,0.13883402261123143
-118.01050966433264,33.72434547954528,0.13714363495044432
-118.01299066327336,33.733110125500254,0.13714363495044432
-118.01547223773102,33.741874836273745,0.13714363495044432
-118.01795438790222,33.75063961165443,0.13714363495044432
-118.0204371139836,33.7594044514309,0.11382504012023181
-118.02292041617194,33.76816935539182,0.11382504012023181
-118.03534557561035,33.81199483056089,0.10913286285245873
-118.03783233857708,33.82076011518678,0.10913286285245873
-118.06023921589077,33.8996504730685,0.07484254540090875
-118.06273176262025,33.908416375199224,0.07484254540090875
-118.06522488881491,33.91718233791488,0.07484254540090875
-118.06771859467311,33.92594836100337,0.07484254540090875
-118.0752031922136,33.95224679038504,0.0581587545285302
-118.07769921871112,33.961013052843704,0.0581587545285302
-118.08019582586519,33.96977937461435,0.046708416772213913
-118.08269301387469,33.97854575548476,0.046708416772213913
-118.0851907829386,33.98731219524255,0.046708416772213913
-118.08768913325596,33.9960786936754,0.046708416772213913
-118.0901880650259,34.00484525057089,0.035464970033103685
-118.09268757844765,34.013611865716626,0.035464970033103685
-118.1001896106175,34.039912058530376,0.028017941004252145
-118.10269145264063,34.048678904552,0.028017941004252145
-118.10519387731307,34.05744580776119,0.028017941004252145
-118.10769688483457,34.06621276794526,0.028017941004252145
-118.110200475405,34.07497978489152,0.01873496942069194
-118.11270464922433,34.08374685838728,0.01873496942069194
-118.11520940649251,34.09251398821977,0.01873496942069194
-118.11771474740976,34.10128117417622,0.01873496942069194
-118.12523427405826,34.127583066660684,0.014985662854069293
-118.12774195157466,34.136350474984226,0.014985662854069293
-118.13025021374206,34.145117938367186,0.01666907911649053
-118.13275906076112,34.15388545659657,0.01666907911649053
-118.1352684928326,34.16265302945936,0.01666907911649053
-118.1377785101573,34.171420656742406,0.01666907911649053
-118.14028911293623,34.18018833823265,0.022302591397127206
-118.14280030137036,34.18895607371689,0.022302591397127206
-117.976757056184,33.62458673920242,0.09120263850857929
-117.98170526681578,33.642114844798996,0.09120263850857929
-118.02137364455136,33.782349201946126,0.11382504012023181
-118.02634255190698,33.79987966028986,0.10913286285245873
-118.03628729069622,33.83494133417073,0.11102303843699152
-118.0412631252872,33.852472546321266,0.11425469571659061
-118.0462412721163,33.87000400635314,0.10428373355488832
-118.05122173276575,33.8875357125716,0.094935900104704
-118.0661770134794,33.94013229139017,0.0581587545285302
-118.09114890582555,34.02779802147194,0.035464970033103685
-118.116179001344,34.115469524209416,0.014985662854069293
-118.14126749994648,34.2031465868814,0.022302591397127206
-117.98015334817907,33.65629127727603,0.09972881263235914
-117.98262859747106,33.66505566471614,0.09972881263235914
-117.98510442047471,33.67382011867991,0.11300028934042505
-117.98758081738585,33.682584638956314,0.11300028934042505
-117.99005778840034,33.69134922533424,0.13883402261123143
-117.99253533371414,33.70011387760265,0.13883402261123143
-117.99501345352337,33.708878595550324,0.13883402261123143
-117.99749214802418,33.71764337896607,0.13883402261123143
-117.9999714174128,33.72640822763872,0.13714363495044432
-118.00245126188554,33.735173141357016,0.13714363495044432
-118.0049316816389,33.74393811990962,0.13714363495044432
-118.0074126768693,33.75270316308522,0.13714363495044432
-118.00989424777337,33.761468270672474,0.11382504012023181
-118.01237639454783,33.770233442459904,0.11382504012023181
-118.02479577336555,33.814060256998594,0.10913286285245873
-118.02728137949745,33.822825809545776,0.10913286285245873
-118.04967783462226,33.90171857942913,0.07484254540090875
-118.05216922214336,33.91048474963886,0.07484254540090875
-118.05466118889197,33.91925098044928,0.07484254540090875
-118.0571537350663,33.92801727164832,0.07484254540090875
-118.06463485212784,33.954316505456006,0.0581587545285302
-118.06712971798967,33.96308303608815,0.0581587545285302
-118.06962516426992,33.97184962604805,0.046708416772213913
-118.07212119116747,33.98061627512342,0.046708416772213913
-118.07461779888114,33.98938298310194,0.046708416772213913
-118.07711498760993,33.99814974977122,0.046708416772213913
-118.07961275755297,34.00691657491891,0.035464970033103685
-118.08211110890933,34.01568345833253,0.035464970033103685
-118.08960965345165,34.04198445604427,0.028017941004252145
-118.09211033245491,34.05075157039667,0.028017941004252145
-118.09461159386869,34.05951874195231,0.028017941004252145
-118.09711343789267,34.06828597049856,0.028017941004252145
-118.09961586472667,34.07705325582272,0.01873496942069194
-118.10211887457056,34.08582059771208,0.01873496942069194
-118.10462246762432,34.094587995953844,0.01873496942069194
-118.10712664408796,34.10335545033527,0.01873496942069194
-118.1146426759403,34.129658148188845,0.014985662854069293
-118.11714918804594,34.138425825000105,0.014985662854069293
-118.11965628456313,34.147193556886506,0.01666907911649053
-118.12216396569247,34.15596134363501,0.01666907911649053
-118.12467223163462,34.16472918503257,0.01666907911649053
-118.12718108259035,34.173497080866085,0.01666907911649053
-118.12969051876055,34.18226503092243,0.022302591397127206
-118.13220054034619,34.19103303498849,0.022302591397127206
-117.94893913904525,33.56529779949583,0.057471138012918165
-117.95881721705774,33.60035345071194,0.07394336830929682
-118.13820016002336,34.23152841958732,0.018188037237969572
-118.14825432367881,34.2666024608938,0.01357598226172874
-117.95973309976144,33.623292924968716,0.09120263850857929
-117.96220490433139,33.63205731165012,0.09120263850857929
-117.96467728159497,33.64082176571483,0.09120263850857929
-117.96715023174755,33.649586286951894,0.09120263850857929
-117.9696237549846,33.65835087515044,0.09552831720355243
-117.9720978515017,33.66711553009947,0.09552831720355243
-117.97457252149448,33.67588025158802,0.11207891152100824
-117.97704776515876,33.684645039405,0.11207891152100824
-117.97952358269028,33.69340989333935,0.13883402261123143
-117.981999974285,33.70217481317996,0.13883402261123143
-117.98447694013889,33.710939798715685,0.13883402261123143
-117.9869544804481,33.71970484973532,0.13883402261123143
-117.98943259540877,33.72846996602765,0.13714363495044432
-117.99191128521717,33.737235147381426,0.13714363495044432
-117.99439055006967,33.74600039358529,0.13714363495044432
-117.9968703901627,33.754765704428,0.13714363495044432
-117.99935080569281,33.76353107969814,0.11382504012023181
-118.00183179685658,33.77229651918426,0.11382504012023181
-118.0092782261175,33.79859322082415,0.10913286285245873
-118.01176152178394,33.80735891505952,0.10913286285245873
-118.01424539406847,33.816124672453306,0.10913286285245873
-118.01672984316824,33.8248904927939,0.10913286285245873
-118.01921486928046,33.833656375869616,0.10114661323850621
-118.0217004726025,33.84242232146875,0.10114661323850621
-118.02418665333172,33.85118832937956,0.1017830913162675
-118.02667341166567,33.8599543993903,0.1017830913162675
-118.034137154272,33.886252979903574,0.08738665629434186
-118.03662622500147,33.895019296195414,0.08738665629434186
-118.03911587432448,33.90378567352773,0.07484254540090875
-118.04160610243905,33.91255211168853,0.07484254540090875
-118.04409690954327,33.92131861046577,0.07484254540090875
-118.04658829583538,33.930085169647384,0.07484254540090875
-118.04908026151367,33.93885178902126,0.0581587545285302
-118.05157280677649,33.947618468375275,0.0581587545285302
-118.05406593182232,33.956385207497206,0.0581587545285302
-118.05655963684978,33.9651520061749,0.0581587545285302
-118.05905392205744,33.973918864196065,0.046708416772213913
-118.06154878764411,33.98268578134842,0.046708416772213913
-118.06404423380857,33.99145275741967,0.046708416772213913
-118.06654026074975,34.00021979219739,0.046708416772213913
-118.06903686866667,34.00898688546923,0.035464970033103685
-118.07153405775841,34.01775403702275,0.035464970033103685
-118.07902911407488,34.04405583924841,0.028017941004252145
-118.08152862985865,34.05282322180355,0.028017941004252145
-118.0840287278141,34.061590661577604,0.028017941004252145
-118.08652940814079,34.070358158358,0.028017941004252145
-118.0890306710385,34.079125711931994,0.01873496942069194
-118.09153251670699,34.08789332208686,0.01873496942069194
-118.09403494534622,34.09666098860987,0.01873496942069194
-118.09653795715613,34.10542871128821,0.01873496942069194
-118.10405049361131,34.131732214126636,0.014985662854069293
-118.10655584010571,34.14050015929758,0.014985662854069293
-118.10906177077209,34.14926815955929,0.01666907911649053
-118.111568285811,34.15803621469877,0.01666907911649053
-118.00028098150824,33.78647615852627,0.11382504012023181
-118.0251254636824,33.874136319116985,0.09622690856309016
-118.06999131589463,34.031939983306906,0.035464970033103685
-118.0949981326816,34.11961685104078,0.014985662854069293
-118.11003022043066,34.17222565558492,0.01666907911649053
-118.11504559224163,34.18976236086226,0.022302591397127206
-118.12006330467679,34.207299281845884,0.022302591397127206
-117.94920754281011,33.62535044469913,0.09120263850857929
-117.95167819535298,33.634115098698345,0.09120263850857929
-117.95414942035374,33.64287982009672,0.09120263850857929
-117.95662121800763,33.65164460868329,0.09120263850857929
-117.95909358851009,33.66040946424715,0.09552831720355243
-117.96156653205662,33.66917438657732,0.09552831720355243
-117.96404004884282,33.677939375462834,0.11207891152100824
-117.96651413906439,33.68670443069261,0.11207891152100824
-117.96898880291704,33.695469552055584,0.13883402261123143
-117.97146404059666,33.70423473934061,0.13883402261123143
-117.97393985229915,33.71299999233656,0.13883402261123143
-117.97641623822058,33.72176531083225,0.13883402261123143
-117.97889319855703,33.73053069461643,0.13714363495044432
-117.98137073350475,33.73929614347785,0.13714363495044432
-117.98384884325996,33.74806165720519,0.13714363495044432
-117.98632752801906,33.75682723558713,0.13714363495044432
-117.98880678797856,33.76559287841232,0.11382504012023181
-117.99128662333496,33.77435858546927,0.11382504012023181
-117.99872958375249,33.80065608991637,0.10913286285245873
-118.00121172266383,33.80942205178575,0.10913286285245873
-118.00369443795616,33.818188076829294,0.10913286285245873
-118.00617772982655,33.8269541648354,0.10913286285245873
-118.00866159847222,33.835720315592425,0.10114661323850621
-118.01114604409034,33.84448652888862,0.10114661323850621
-118.0136310668783,33.853252804512266,0.1017830913162675
-118.01611666703356,33.862019142251604,0.1017830913162675
-118.02357693367857,33.88831852604524,0.08738665629434186
-118.026064845279,33.89708511012869,0.08738665629434186
-118.02855333523519,33.905851755268365,0.07484254540090875
-118.03104240374506,33.914618461252275,0.07484254540090875
-118.03353205100674,33.9233852278684,0.07484254540090875
-118.03602227721832,33.932152054904606,0.07484254540090875
-118.03851308257805,33.94091894214883,0.0581587545285302
-118.04100446728422,33.94968588938892,0.0581587545285302
-118.04349643153526,33.95845289641268,0.0581587545285302
-118.04598897552965,33.967219963007906,0.0581587545285302
-118.04848209946601,33.975987088962334,0.046708416772213913
-118.05097580354294,33.98475427406368,0.046708416772213913
-118.05347008795927,33.99352151809961,0.046708416772213913
-118.05596495291383,34.002288820857764,0.046708416772213913
-118.05846039860556,34.01105618212576,0.035464970033103685
-118.06095642523347,34.01982360169114,0.035464970033103685
-118.06844799272602,34.046126208046616,0.028017941004252145
-118.07094634509077,34.05489385867641,0.028017941004252145
-118.07344527938824,34.06366156654085,0.028017941004252145
-118.0759447958179,34.072429331427315,0.028017941004252145
-118.07844489457952,34.08119715312309,0.01873496942069194
-118.08094557587273,34.08996503141541,0.01873496942069194
-118.08344683989745,34.09873296609157,0.01873496942069194
-118.08594868685354,34.10750095693873,0.01873496942069194
-118.09345772731079,34.13380526437773,0.014985662854069293
-118.09596190799347,34.14257347778019,0.014985662854069293
-118.09846667260854,34.15134174628911,0.01666907911649053
-118.10097202135641,34.16011006969149,0.01666907911649053
-117.93374412884035,33.609877316777286,0.04502784853989431
-117.93621248530242,33.61864210250413,0.04502784853989431
-117.9386814135962,33.6274069560676,0.051346111443847015
-117.94115091391677,33.63617187725687,0.051346111443847015
-117.94362098645935,33.644936865861126,0.054492404569168665
-117.94609163141914,33.653701921669374,0.054492404569168665
-117.94856284899153,33.66246704447077,0.07490400556349619
-117.9510346393719,33.6712322340543,0.08078771124625182
-117.95350700275586,33.679997490209,0.0860156142779897
-117.95597993933893,33.68876281272371,0.0860156142779897
-117.95845344931686,33.69752820138747,0.10084469181155542
-117.96092753288544,33.706293655989114,0.10084469181155542
-117.96340219024052,33.71505917631745,0.10446795953805545
-117.96587742157804,33.72382476216135,0.10446795953805545
-117.96835322709408,33.73259041330952,0.10369116398049992
-117.97082960698478,33.741356129550766,0.10369116398049992
-117.97330656144635,33.7501219106737,0.09605818415720827
-117.97578409067508,33.75888775646703,0.09605818415720827
-117.97826219486741,33.76765366671939,0.0956884811230967
-117.98074087421979,33.77641964121931,0.0956884811230967
-117.98818036520349,33.802717948090006,0.09399053026320806
-117.99066134716274,33.81148417746543,0.09399053026320806
-117.99314290526578,33.82025047003082,0.0931075011019144
-117.99562503970965,33.829016825574556,0.0931075011019144
-117.99810775069145,33.83778324388498,0.08975349085334576
-118.00059103840833,33.846549724750325,0.08975349085334576
-118.00307490305765,33.85531626795886,0.08682379535840344
-118.00555934483667,33.864082873298855,0.08682379535840344
-118.00804436394293,33.87284954055845,0.0744301835274859
-118.01052996057392,33.881616269525786,0.0744301835274859
-118.0130161349273,33.89038305998899,0.06995290203432032
-118.01550288720078,33.899149911736124,0.06995290203432032
-118.01799021759216,33.907916824555194,0.06378358603864175
-118.02047812629934,33.91668379823426,0.06378358603864175
-118.02296661352031,33.92545083256125,0.060171049437247694
-118.02545567945315,33.934217927324084,0.060171049437247694
-118.027945324296,33.94298508231066,0.052889344105419483
-118.03043554824713,33.95175229730882,0.052889344105419483
-118.03292635150486,33.96051957210641,0.04902338455137546
-118.03541773426763,33.96928690649116,0.04902338455137546
-118.03790969673395,33.97805430025084,0.04153905367659138
-118.04040223910245,33.98682175317316,0.04153905367659138
-118.04289536157178,33.99558926504579,0.03759860446059514
-118.04538906434077,34.00435683565634,0.03759860446059514
-118.05786628964397,34.048195562342734,0.025342986673698515
-118.06036347839026,34.05696348091915,0.025342986673698515
-118.06286124883016,34.0657314567459,0.024179939540398408
-118.06535960116318,34.07449948961033,0.024179939540398408
-118.06785853558891,34.08326757929978,0.01862441604458792
-118.07035805230701,34.09203572560149,0.01862441604458792
-118.07786009821376,34.11834050205228,0.014432913465904926
-118.08036194609997,34.127108872675,0.014432913465904926
-117.92478140249013,33.59775767600797,0.04245286331661828
-117.97918601443662,33.790599072390506,0.09504403748467206
-118.0438416730279,34.01854212924424,0.03169363884123165
-118.04883139974956,34.03607788809415,0.029083583502768028
-118.0688135656189,34.1062232180708,0.016650080360072973
-118.0788186262981,34.141297235981284,0.013751859690385412
-117.92321973172703,33.61193228561147,0.04502784853989431
-117.92568693624332,33.620697338368934,0.04502784853989431
-117.92815471235552,33.62946245897883,0.051346111443847015
-117.93062306025863,33.63822764723039,0.051346111443847015
-117.93309198014775,33.646992902912686,0.054492404569168665
-117.9355614722181,33.655758225814864,0.054492404569168665
-117.93803153666494,33.66452361572596,0.06413495432399619
-117.94050217368367,33.67328907243504,0.07011763137384004
-117.94297338346972,33.682054595731046,0.0860156142779897
-117.94544516621866,33.69082018540293,0.0860156142779897
-117.94791752212606,33.69958584123962,0.10084469181155542
-117.95039045138773,33.70835156302999,0.10084469181155542
-117.95286395419942,33.717117350562916,0.10446795953805545
-117.955338030757,33.72588320362715,0.10446795953805545
-117.95781268125651,33.73464912201147,0.10369116398049992
-117.96028790589399,33.74341510550465,0.10369116398049992
-117.96276370486557,33.75218115389532,0.09605818415720827
-117.96524007836754,33.76094726697216,0.09605818415720827
-117.96771702659623,33.76971344452381,0.0956884811230967
-117.97019454974803,33.77847968633882,0.0956884811230967
-117.97763057070762,33.80477879524935,0.09399053026320806
-117.98011039551784,33.81354529200296,0.09399053026320806
-117.98259079623462,33.82231185196227,0.0931075011019144
-117.98507177305484,33.831078474915685,0.0931075011019144
-117.98755332617561,33.83984516065155,0.08975349085334576
-117.990035455794,33.84861190895811,0.08975349085334576
-117.99251816210722,33.85737871962362,0.08682379535840344
-117.99500144531261,33.866145592436325,0.08682379535840344
-117.99748530560753,33.87491252718436,0.0744301835274859
-117.99996974318944,33.88367952365591,0.0744301835274859
-118.00245475825594,33.89244658163906,0.06995290203432032
-118.00494035100468,33.9012137009219,0.06995290203432032
-118.00742652163335,33.90998088129241,0.06378358603864175
-118.00991327033985,33.91874812253862,0.06378358603864175
-118.01240059732203,33.92751542444851,0.060171049437247694
-118.01488850277794,33.93628278680995,0.060171049437247694
-118.01737698690567,33.94505020941087,0.052889344105419483
-118.0198660499034,33.95381769203909,0.052889344105419483
-118.0223556919694,33.96258523448247,0.04902338455137546
-118.02484591330203,33.97135283652873,0.04902338455137546
-118.02733671409975,33.98012049796562,0.04153905367659138
-118.0298280945611,33.988888218580875,0.04153905367659138
-118.03232005488466,33.997655998162166,0.03759860446059514
-118.03481259526922,34.00642383649705,0.03759860446059514
-118.04728400506772,34.05026390204069,0.025342986673698515
-118.04978002999613,34.05903208843561,0.025342986673698515
-118.05227663637898,34.067800332096596,0.024179939540398408
-118.05477382441573,34.07656863281093,0.024179939540398408
-118.05727159430593,34.085336990365946,0.01862441604458792
-118.05976994624915,34.094105404548884,0.01862441604458792
-118.0672684963945,34.1204109847375,0.014432913465904926
-118.06976917854777,34.12917962330414,0.014432913465904926
-117.9068645575799,33.573516899334614,0.03269016760022755
-118.07573023924533,34.169674778512636,0.017147124455912224
-117.90776437176223,33.59645581127632,0.03652907624833667
-117.91022928200233,33.605220994567645,0.03652907624833667
-117.91269476321278,33.61398624614883,0.038761399304581994
-117.91516081558835,33.62275156580908,0.038761399304581994
-117.91762743932391,33.63151695333761,0.042566578720218316
-117.92009463461443,33.64028240852359,0.042566578720218316
-117.92256240165494,33.649047931156176,0.04510048934467418
-117.92503074064057,33.657813521024416,0.04510048934467418
-117.93738102158107,33.70164247151664,0.07538171531679815
-117.93985279633999,33.71040846036794,0.07538171531679815
-117.9423251444124,33.71917451497753,0.07851133266544386
-117.94479806599408,33.72794063513426,0.07851133266544386
-117.94727156128097,33.736706820626836,0.07729776991134092
-117.94974563046907,33.74547307124407,0.07729776991134092
-117.95222027375445,33.754239386774564,0.07024316406143313
-117.95469549133331,33.76300576700703,0.07024316406143313
-117.95717128340192,33.77177221173005,0.07090956768514237
-117.95964765015661,33.78053872073224,0.07090956768514237
-117.96212459179384,33.789305293802094,0.07063258271180567
-117.96460210851014,33.79807193072815,0.07063258271180567
-117.96708020050211,33.80683863129888,0.0702313320907567
-117.96955886796646,33.815605395302676,0.0702313320907567
-117.97203811109996,33.82437222252801,0.06966080939306218
-117.97451793009954,33.833139112763185,0.06966080939306218
-117.97699832516213,33.84190606579653,0.06784428773896158
-117.97947929648478,33.850673081416346,0.06784428773896158
-117.98196084426468,33.85944015941086,0.06561102640563032
-117.98444296869901,33.86820729956829,0.06561102640563032
-117.98692566998511,33.87697450167683,0.05861899126851644
-117.9894089483204,33.885741765524585,0.05861899126851644
-118.03171316026283,34.03479449156925,0.027107988422730052
-118.0342068593412,34.04356283045335,0.027107988422730052
-118.03670113923636,34.05233122704438,0.024317586936122744
-118.03919600014751,34.06109968112974,0.024317586936122744
-118.04169144227387,34.06986819249679,0.02333076111829946
-118.04418746581489,34.078636760932916,0.02333076111829946
-118.04668407096993,34.0874053862254,0.01849671913169445
-118.04918125793856,34.096174068161474,0.01849671913169445
-118.05667631172291,34.122480451703495,0.014617261615874542
-118.05917582794316,34.131249358085924,0.014617261615874542
-117.92346787644216,33.67198950082377,0.05546309331875947
-117.92840683453623,33.689521348307586,0.06544931575233323
-117.98785346453653,33.8999237183751,0.05690552591645445
-117.99282232581345,33.91745888123741,0.05369738172274615
-117.99779349836854,33.934994287272765,0.05098811516914703
-118.00276698378498,33.952529934784486,0.046638492093994656
-118.00774278364754,33.97006582207538,0.04344815895226645
-118.01272089954224,33.98760194744757,0.03795625960951164
-118.01770133305662,34.00513830920269,0.03421584055848535
-118.02268408577957,34.02267490564171,0.029601426029816056
-118.04763269323571,34.11036134859008,0.016649249788263567
-118.0576284264507,34.14543750902687,0.013958607938666446
-117.89724113604635,33.59850822991912,0.03652907624833667
-117.89970489442263,33.60727367995381,0.03652907624833667
-117.90216922353342,33.61603919829416,0.038761399304581994
-117.9046341235734,33.624804784729385,0.038761399304581994
-117.90709959473739,33.63357043904872,0.042566578720218316
-117.90956563722027,33.64233616104133,0.042566578720218316
-117.91203225121701,33.65110195049632,0.04510048934467418
-117.9144994369227,33.65986780720282,0.04510048934467418
-117.92684394791837,33.70369809212322,0.07538171531679815
-117.92931456797882,33.71246434790753,0.07538171531679815
-117.9317857611161,33.72123066946594,0.07851133266544386
-117.93425752752597,33.72999705658724,0.07851133266544386
-117.93672986740424,33.73876350906023,0.07729776991134092
-117.93920278094687,33.7475300266736,0.07729776991134092
-117.94167626834987,33.75629660921601,0.07024316406143313
-117.94415032980936,33.76506325647617,0.07024316406143313
-117.94662496552155,33.77382996824266,0.07090956768514237
-117.94910017568272,33.782596744304065,0.07090956768514237
-117.95157596048924,33.79136358444894,0.07063258271180567
-117.95405232013755,33.80013048846576,0.07063258271180567
-117.95652925482422,33.808897456143015,0.0702313320907567
-117.95900676474588,33.8176644872691,0.0702313320907567
-117.9614848500993,33.82643158163248,0.06966080939306218
-117.96396351108123,33.83519873902142,0.06966080939306218
-117.96644274788859,33.843965959224285,0.06784428773896158
-117.96892256071838,33.852733242029394,0.06784428773896158
-117.97140294976768,33.8615005872249,0.06561102640563032
-117.97388391523367,33.87026799459911,0.06561102640563032
-117.97636545731355,33.87903546394014,0.05861899126851644
-117.97884757620469,33.88780299503611,0.05861899126851644
-118.02113204113081,34.036860266705126,0.027107988422730052
-118.02362457647112,34.04562887312016,0.027107988422730052
-118.02611769238905,34.05439753725782,0.024317586936122744
-118.02861138908365,34.06316625890549,0.024317586936122744
-118.03110566675421,34.071935037850544,0.02333076111829946
-118.03360052559997,34.080703873880296,0.02333076111829946
-118.03609596582032,34.08947276678208,0.01849671913169445
-118.03859198761478,34.09824171634316,0.01849671913169445
-118.04608354443864,34.124548902854094,0.014617261615874542
-118.04858189452594,34.133318076924134,0.014617261615874542
-117.88671732979061,33.6005596403304,0.03287801161664421
-117.88917993610846,33.60932535698062,0.03287801161664421
-117.90150152907019,33.65315496083796,0.03726623465285006
-117.90396756130079,33.66192108425481,0.03726623465285006
-117.90643416519912,33.67068727472803,0.04803278730038598
-117.90890134096034,33.67945353204659,0.04803278730038598
-117.91630630137455,33.70575270296405,0.056730698845118145
-117.91877576654086,33.71451922555348,0.056730698845118145
-117.92124580454727,33.7232858139328,0.056730698845118145
-117.92371641558945,33.732052467890774,0.056730698845118145
-117.92618759986316,33.740819187216196,0.053526324046725596
-117.9286593575643,33.749585971697826,0.053526324046725596
-117.93113168888881,33.75835282112424,0.053526324046725596
-117.93360459403273,33.76711973528419,0.053526324046725596
-117.93607807319222,33.77588671396621,0.05252967928856905
-117.93855212656348,33.784653756958924,0.05252967928856905
-117.94102675434279,33.79342086405085,0.05252967928856905
-117.94350195672659,33.80218803503049,0.05252967928856905
-117.94597773391135,33.810955269686296,0.05162500030863094
-117.94845408609363,33.81972256780672,0.05162500030863094
-117.9509310134701,33.82848992918011,0.05162500030863094
-117.95340851623749,33.83725735359486,0.05162500030863094
-117.95588659459264,33.846024840839306,0.049831172743549396
-117.95836524873249,33.85479239070165,0.049831172743549396
-117.96580466783072,33.88109541387867,0.044890195924651904
-117.96828562708032,33.88986321209488,0.044890195924651904
-118.00059065541274,34.00385011357308,0.03213420132883507
-118.00307970745139,34.01261875431258,0.03213420132883507
-118.00556933903306,34.02138745364036,0.026267732082726668
-118.00805955035644,34.03015621134402,0.026267732082726668
-118.01553366476502,34.05646283258504,0.022798669036903446
-118.01802619704394,34.06523182166688,0.022798669036903446
-118.02051931005933,34.07400086806175,0.022798669036903446
-118.02301300401047,34.08276997155701,0.022798669036903446
-118.02550727909669,34.09153913193999,0.01733697719301857
-118.02800213551735,34.10030834899788,0.01733697719301857
-118.03549019478153,34.12661633809321,0.014611563584224678
-118.03798737853592,34.13538577972271,0.014611563584224678
-117.88761135784753,33.62349972024634,0.03287801161664421
-117.89253884177869,33.641031828725325,0.03726623465285006
-117.90733500530264,33.69362976960924,0.04803278730038598
-117.9568045686173,33.86897322750484,0.049831172743549396
-117.9667260865298,33.90404495388829,0.044890195924651904
-117.97169030638281,33.921581185420095,0.04270039483180419
-117.97665683560751,33.93911766025065,0.04270039483180419
-117.99157029534075,33.99172852756498,0.03213420132883507
-118.00650459646293,34.044341523451834,0.026267732082726668
-118.02644949208063,34.11449541642471,0.01733697719301857
-118.03643589463208,34.149573717336935,0.014611563584224678
-117.87619295323091,33.60261004241512,0.03287801161664421
-117.8786544072958,33.61137602555303,0.03287801161664421
-117.89097023545072,33.65520696208593,0.03726623465285006
-117.89343511401114,33.66397335208529,0.03726623465285006
-117.89590056400284,33.67273980915678,0.04803278730038598
-117.898366585621,33.68150633308943,0.04803278730038598
-117.90576808218624,33.70780630394387,0.056730698845118145
-117.90823639226284,33.716573093210535,0.056730698845118145
-117.91070527494267,33.725339948282844,0.056730698845118145
-117.91317473042137,33.73410686894959,0.056730698845118145
-117.91564475889467,33.74287385499953,0.053526324046725596
-117.91811536055836,33.75164090622146,0.053526324046725596
-117.92058653560832,33.76040802240395,0.053526324046725596
-117.92305828424057,33.76917520333569,0.053526324046725596
-117.92553060665114,33.77794244880531,0.05252967928856905
-117.92800350303615,33.78670975860135,0.05252967928856905
-117.93047697359191,33.79547713251235,0.05252967928856905
-117.9329510185147,33.80424457032684,0.05252967928856905
-117.93542563800096,33.81301207183324,0.05162500030863094
-117.93790083224721,33.82177963681999,0.05162500030863094
-117.94037660145,33.83054726507545,0.05162500030863094
-117.942852945806,33.83931495638802,0.05162500030863094
-117.94532986551205,33.848082710545995,0.049831172743549396
-117.94780736076493,33.85685052733764,0.049831172743549396
-117.95524330177467,33.88315435139685,0.044890195924651904
-117.95772310118532,33.89192241660523,0.044890195924651904
-117.99001302991476,34.00591279041114,0.03213420132883507
-117.99250091877416,34.014681698362594,0.03213420132883507
-117.99498938693745,34.02345066491806,0.026267732082726668
-117.9974784346033,34.03221968986502,0.026267732082726668
-118.00494905660366,34.05852711293009,0.022798669036903446
-118.0074404242677,34.06729636931796,0.022798669036903446
-118.00993237242872,34.07606568303451,0.022798669036903446
-118.01242490128595,34.084835053867124,0.022798669036903446
-118.01491801103857,34.093604481603066,0.01733697719301857
-118.01741170188598,34.1023739660296,0.01733697719301857
-118.02489626299145,34.128682757324796,0.014611563584224678
-118.02739228021305,34.13745246638551,0.014611563584224678
-117.84512570717813,33.51159482313012,0.03833149880776686
-117.86478084960338,33.58171987486383,0.02781640634585033
-117.97353827969323,33.96748379269386,0.03860974226852104
-118.03333117001208,34.17795040631069,0.016314271442697845
-118.05333660491961,34.248113087958494,0.01579142387847761
-117.89029669732486,33.69232498164458,0.04803278730038598
-117.89276270796982,33.701091905184164,0.04803278730038598
-117.89522929059027,33.70985889496752,0.056730698845118145
-117.89769644538158,33.718625950783434,0.056730698845118145
-117.90016417253922,33.72739307242081,0.056730698845118145
-117.90263247225876,33.736160259668395,0.056730698845118145
-117.90510134473583,33.74492751231492,0.053526324046725596
-117.90757079016618,33.753694830149186,0.053526324046725596
-117.91004080874565,33.76246221295979,0.053526324046725596
-117.9125114006701,33.7712296605354,0.053526324046725596
-117.91498256613558,33.77999717266463,0.05252967928856905
-117.91745430533814,33.78876474913603,0.05252967928856905
-117.91992661847401,33.797532389738144,0.05252967928856905
-117.92239950573938,33.80630009425946,0.05252967928856905
-117.92487296733064,33.81506786248846,0.05162500030863094
-117.92734700344423,33.82383569421354,0.05162500030863094
-117.92982161427665,33.83260358922307,0.05162500030863094
-117.93229680002452,33.84137154730546,0.05162500030863094
-117.9347725608846,33.85013956824894,0.049831172743549396
-117.93724889705356,33.85890765184184,0.049831172743549396
-117.94963921442655,33.90274900213439,0.044890195924651904
-117.95211900658673,33.91151745717542,0.044890195924651904
-117.95459937543586,33.92028597338271,0.04270039483180419
-117.95708032117142,33.92905455054432,0.04270039483180419
-117.95956184399098,33.937823188448135,0.04270039483180419
-117.96204394409224,33.94659188688208,0.04270039483180419
-117.97943482531144,34.00797445294002,0.03213420132883507
-117.98192155079302,34.01674362797535,0.03213420132883507
-117.98440885533934,34.02551286163031,0.026267732082726668
-117.98689673914893,34.03428215369247,0.026267732082726668
-117.98938520242045,34.04305150394937,0.026267732082726668
-117.99187424535266,34.05182091218844,0.026267732082726668
-117.99436386814435,34.06059037819712,0.022798669036903446
-117.99685407099444,34.0693599017628,0.022798669036903446
-117.99934485410198,34.078129482672885,0.022798669036903446
-118.00183621766601,34.08689912071464,0.022798669036903446
-118.01430174930834,34.1307481604528,0.014611563584224678
-118.01679659979744,34.13951813681654,0.014611563584224678
-117.86163511102161,33.6100669374787,0.03287801161664421
-117.86655570152824,33.6275998394074,0.03287801161664421
-117.87147857283522,33.645133013515334,0.03726623465285006
-117.87640372649975,33.66266645811572,0.03726623465285006
-117.88133116408054,33.68020017152125,0.04803278730038598
-117.93568416310994,33.87308827695204,0.049831172743549396
-117.94063912976821,33.890625084192244,0.044890195924651904
-117.97041737543057,33.995851051406085,0.03213420132883507
-118.00027891792617,34.101085537378665,0.01733697719301857
-118.00526396407189,34.11862542080629,0.01733697719301857
-118.01524103276269,34.15370586014265,0.014611563584224678
-117.87975964380881,33.694376029821484,0.04803278730038598
-117.88222449944683,33.70314321975086,0.04803278730038598
-117.88468992682347,33.71191047593977,0.056730698845118145
-117.887155926134,33.720677798177064,0.056730698845118145
-117.8896224975739,33.72944518625151,0.056730698845118145
-117.89208964133861,33.73821263995197,0.056730698845118145
-117.89455735762371,33.74698015906715,0.053526324046725596
-117.8970256466249,33.75574774338577,0.053526324046725596
-117.89949450853793,33.764515392696495,0.053526324046725596
-117.90196394355861,33.77328310678801,0.053526324046725596
-117.90443395188294,33.78205088544884,0.05252967928856905
-117.90690453370689,33.79081872846761,0.05252967928856905
-117.90937568922658,33.79958663563286,0.05252967928856905
-117.91184741863816,33.808354606733005,0.05252967928856905
-117.91431972213799,33.81712264155661,0.05162500030863094
-117.91679259992242,33.82589073989197,0.05162500030863094
-117.91926605218785,33.83465890152757,0.05162500030863094
-117.9217400791309,33.84342712625168,0.05162500030863094
-117.92421468094817,33.85219541385266,0.049831172743549396
-117.9266898578364,33.86096376411877,0.049831172743549396
-117.9390743752331,33.90480644801308,0.044890195924651904
-117.94155300668311,33.913575169821584,0.044890195924651904
-117.94403221458356,33.92234395281208,0.04270039483180419
-117.94651199913193,33.93111279677253,0.04270039483180419
-117.9489923605257,33.93988170149092,0.04270039483180419
-117.95147329896248,33.94865066675513,0.04270039483180419
-117.96885604184185,34.01003510106404,0.03213420132883507
-117.97134160374716,34.01880454305503,0.03213420132883507
-117.97382774447794,34.027574043681376,0.026267732082726668
-117.97631446423266,34.03634360273057,0.026267732082726668
-117.97880176320987,34.04511321999015,0.026267732082726668
-117.9812896416083,34.05388289524757,0.026267732082726668
-117.98377809962668,34.06265262829025,0.022798669036903446
-117.98626713746384,34.071422418905605,0.022798669036903446
-117.98875675531875,34.080192266880964,0.022798669036903446
-117.9912469533904,34.0889621720037,0.022798669036903446
-118.00370665397233,34.132812547381235,0.014611563584224678
-118.00620033752914,34.14158279091976,0.014611563584224678
-117.84461640408813,33.60875519776018,0.03419383793049888
-117.84707440022729,33.61752197959399,0.03419383793049888
-117.85445180674577,33.64382273456029,0.037782728928555366
-117.85691208226716,33.652589788667974,0.037782728928555366
-117.86922201874943,33.69642606810777,0.0453279820859923
-117.87168571918527,33.70519352429901,0.0453279820859923
-117.87414999112274,33.713961046765554,0.050708185881013876
-117.87661483475712,33.72272863529622,0.050708185881013876
-117.87908025028375,33.73149628967983,0.050708185881013876
-117.88154623789806,33.74026400970516,0.050708185881013876
-117.88401279779553,33.74903179516098,0.04717275005419075
-117.8864799301718,33.757799645836016,0.04717275005419075
-117.88894763522255,33.76656756151886,0.04717275005419075
-117.89141591314355,33.77533554199826,0.04717275005419075
-117.89388476413069,33.78410358706274,0.0441458525133584
-117.89635418837989,33.79287169650085,0.0441458525133584
-117.89882418608721,33.80163987010119,0.0441458525133584
-117.90129475744877,33.81040810765218,0.0441458525133584
-117.90376590266081,33.81917640894229,0.042780340156211696
-117.90623762191959,33.827944773759945,0.042780340156211696
-117.9087099154215,33.83671320189353,0.042780340156211696
-117.91118278336307,33.84548169313139,0.042780340156211696
-117.91365622594085,33.85425024726181,0.04152647333019133
-117.91613024335147,33.86301886407308,0.04152647333019133
-117.9186048357917,33.87178754335339,0.04152647333019133
-117.92108000345837,33.880556284891,0.04152647333019133
-117.92850895978657,33.90686288092875,0.0376424817462455
-117.93098643032901,33.91563186937661,0.0376424817462455
-117.9334644770834,33.92440091902219,0.036923763925903866
-117.93594310024702,33.9331700296534,0.036923763925903866
-117.93842230001738,33.94193920105826,0.036923763925903866
-117.940902076592,33.95070843302461,0.036923763925903866
-117.9483448691181,33.97701649017119,0.03453587691108278
-117.95082695488689,33.98578596226186,0.03453587691108278
-117.95827667974524,34.01209473468745,0.02955745369783662
-117.96076107787587,34.020864443505985,0.02955745369783662
-117.96324605459262,34.02963421097553,0.02487775819050176
-117.96573161009385,34.03840403688356,0.02487775819050176
-117.96821774457811,34.04717392101763,0.02487775819050176
-117.97070445824399,34.05594386316522,0.02487775819050176
-117.97319175129019,34.06471386311372,0.022517562306585227
-117.9756796239155,34.07348392065051,0.022517562306585227
-117.97816807631872,34.082254035562976,0.022517562306585227
-117.9806571086989,34.09102420763846,0.022517562306585227
-117.98314672125508,34.0997944366642,0.018064029081058447
-117.98563691418633,34.10856472242744,0.018064029081058447
-117.84549776440886,33.63169592303374,0.03419383793049888
-117.8553365591253,33.66676467107986,0.037782728928555366
-117.8602593787392,33.68429944934364,0.0453279820859923
-117.91951178076302,33.89473715014046,0.0376424817462455
-117.93933612408658,33.96489109703567,0.03453587691108278
-117.94926214172386,33.999969518205184,0.02955745369783662
-117.98407611112921,34.122751360967285,0.018064029081058447
-117.98905881464242,34.140292537246594,0.015253612431327753
-117.99404384276434,34.15783393667584,0.015253612431327753
-117.8340897486731,33.610801565589114,0.03419383793049888
-117.83654659178164,33.61956861339907,0.03419383793049888
-117.84392053778984,33.645870166388605,0.037782728928555366
-117.84637965933474,33.65463748653559,0.037782728928555366
-117.85868382238357,33.69847509640843,0.0453279820859923
-117.86114636742202,33.707242818733576,0.0453279820859923
-117.86360948372513,33.71601060734978,0.050708185881013876
-117.866073171488,33.72477846204582,0.050708185881013876
-117.86853743090596,33.73354638261059,0.050708185881013876
-117.87100226217433,33.74231436883285,0.050708185881013876
-117.87346766548856,33.751082420501305,0.04717275005419075
-117.87593364104426,33.75985053740474,0.04717275005419075
-117.87840018903694,33.76861871933175,0.04717275005419075
-117.88086730966238,33.777386966071,0.04717275005419075
-117.88333500311639,33.78615527741108,0.0441458525133584
-117.8858032695948,33.79492365314053,0.0441458525133584
-117.88827210929364,33.80369209304789,0.0441458525133584
-117.89074152240893,33.81246059692168,0.0441458525133584
-117.89321150913683,33.8212291645503,0.042780340156211696
-117.89568206967361,33.82999779572221,0.042780340156211696
-117.89815320421552,33.83876649022572,0.042780340156211696
-117.90062491295906,33.84753524784923,0.042780340156211696
-117.90309719610069,33.85630406838101,0.04152647333019133
-117.90557005383698,33.86507295160935,0.04152647333019133
-117.90804348636463,33.873841897322464,0.04152647333019133
-117.9105174938804,33.882610905308525,0.04152647333019133
-117.91794296832539,33.90891830078592,0.0376424817462455
-117.92041927776306,33.917687555745076,0.0376424817462455
-117.92289616317397,33.92645687191757,0.036923763925903866
-117.92537362475544,33.93522624909146,0.036923763925903866
-117.92785166270484,33.94399568705462,0.036923763925903866
-117.93033027721967,33.95276518559498,0.036923763925903866
-117.9377695821326,33.979074042557606,0.03453587691108278
-117.94025050488551,33.98784378128498,0.03453587691108278
-117.94769673926089,34.014153353714654,0.02955745369783662
-117.95017997341854,34.022923329232526,0.02955745369783662
-117.95266378592281,34.03169336341705,0.02487775819050176
-117.95514817697206,34.04046345605576,0.02487775819050176
-117.95763314676476,34.04923360693613,0.02487775819050176
-117.9601186954994,34.058003815845645,0.02487775819050176
-117.96260482337465,34.06677408257174,0.022517562306585227
-117.96509153058918,34.07554440690178,0.022517562306585227
-117.96757881734185,34.08431478862309,0.022517562306585227
-117.97006668383149,34.09308522752307,0.022517562306585227
-117.97255513025712,34.101855723388965,0.018064029081058447
-117.97504415681779,34.11062627600797,0.018064029081058447
-117.82268803020119,33.589906720003235,0.029526651974270755
-117.99092277481681,34.18620976439941,0.015272583034714099
-117.8333886989332,33.647916588904096,0.037782728928555366
-117.83584666630703,33.65668417496243,0.037782728928555366
-117.83830520353946,33.665451828593675,0.037782728928555366
-117.84076431082504,33.67421954958688,0.037782728928555366
-117.8432239883585,33.682987337731085,0.0453279820859923
-117.8456842363346,33.691755192815286,0.0453279820859923
-117.85306840486773,33.7180591575974,0.050708185881013876
-117.85553093656382,33.72682727833086,0.050708185881013876
-117.85799403967775,33.7355954649488,0.050708185881013876
-117.86045771440475,33.74436371723993,0.050708185881013876
-117.86292196094021,33.75313203499305,0.04717275005419075
-117.86538677947965,33.761900417996834,0.04717275005419075
-117.86785217021858,33.770668866039955,0.04717275005419075
-117.87031813335267,33.77943737891103,0.04717275005419075
-117.87278466907765,33.788205956398656,0.0441458525133584
-117.87525177758931,33.79697459829142,0.0441458525133584
-117.8777194590836,33.805743304377806,0.0441458525133584
-117.88018771375647,33.81451207444631,0.0441458525133584
-117.88265654180404,33.823280908285376,0.042780340156211696
-117.88512594342245,33.832049805683425,0.042780340156211696
-117.88759591880797,33.840818766428804,0.042780340156211696
-117.89006646815696,33.849587790309904,0.042780340156211696
-117.89253759166584,33.858356877114964,0.04152647333019133
-117.89500928953115,33.86712602663228,0.04152647333019133
-117.89748156194945,33.87589523865008,0.04152647333019133
-117.89995440911748,33.884664512956526,0.04152647333019133
-117.902427831232,33.89343384933979,0.0376424817462455
-117.90490182848993,33.902203247588,0.0376424817462455
-117.92719371779093,33.98113058076495,0.03453587691108278
-117.92967347733006,33.98990058600085,0.03453587691108278
-117.93215381418402,33.99867065076852,0.02955745369783662
-117.93463472855072,34.007440774855716,0.02955745369783662
-117.93711622062823,34.01621095805001,0.02955745369783662
-117.93959829061458,34.024981200139024,0.02955745369783662
-117.94208093870802,34.033751500910334,0.02487775819050176
-117.94456416510684,34.04252186015146,0.02487775819050176
-117.95201731611978,34.06883328656862,0.022517562306585227
-117.95450285772479,34.07760387756364,0.022517562306585227
-117.95698897862793,34.08637452596561,0.022517562306585227
-117.9594756790281,34.095145231561816,0.022517562306585227
-117.96196295912411,34.10391599413956,0.018064029081058447
-117.96445081911504,34.11268681348609,0.018064029081058447
-117.97191788044861,34.13899961001019,0.015253612431327753
-117.97440806201097,34.14777065430346,0.015253612431327753
-117.81952618400929,33.618252940501755,0.03419383793049888
-117.82443754838049,33.63578797036609,0.03419383793049888
-117.84410579159044,33.70593079726908,0.0453279820859923
-117.90333011339393,33.91638435045339,0.0376424817462455
-117.90828039949488,33.93392378184575,0.036923763925903866
-117.91323298923973,33.95146345691346,0.036923763925903866
-117.91818788420741,33.969003373959644,0.03453587691108278
-117.94299699275096,34.0567065294379,0.02487775819050176
-117.9628859351737,34.1268732361407,0.018064029081058447
-117.97284432656039,34.161957946169004,0.015253612431327753
-117.82285629041253,33.64996200201186,0.037782728928555366
-117.82531310342077,33.65872985385357,0.037782728928555366
-117.82777048605078,33.667497773283976,0.037782728928555366
-117.8302284384971,33.67626576009209,0.037782728928555366
-117.83268696095433,33.68503381406696,0.0453279820859923
-117.83514605361717,33.693801934997616,0.0453279820859923
-117.84252675478777,33.720106697413435,0.050708185881013876
-117.84498813022188,33.72887508405633,0.050708185881013876
-117.84745007683644,33.73764353659938,0.050708185881013876
-117.8499125948267,33.74641205483141,0.050708185881013876
-117.85237568438794,33.7551806385411,0.04717275005419075
-117.85483934571558,33.763949287517235,0.04717275005419075
-117.85730357900512,33.77271800154842,0.04717275005419075
-117.85976838445211,33.78148678042327,0.04717275005419075
-117.86223376225225,33.79025562393043,0.0441458525133584
-117.86469971260124,33.7990245318584,0.0441458525133584
-117.86716623569497,33.80779350399574,0.0441458525133584
-117.86963333172936,33.81656254013088,0.0441458525133584
-117.87210100090041,33.825331640052326,0.042780340156211696
-117.87456924340421,33.83410080354845,0.042780340156211696
-117.877038059437,33.84287003040761,0.042780340156211696
-117.879507449195,33.85163932041816,0.042780340156211696
-117.88197741287462,33.860408673368426,0.04152647333019133
-117.8844479506723,33.86917808904661,0.04152647333019133
-117.88691906278456,33.877947567240966,0.04152647333019133
-117.88939074940807,33.886717107739685,0.04152647333019133
-117.89186301073954,33.8954867103309,0.0376424817462455
-117.89433584697575,33.904256374802735,0.0376424817462455
-117.91661727633232,33.98318610469768,0.03453587691108278
-117.91909587245983,33.99195637631389,0.03453587691108278
-117.9215750456628,34.00072670747756,0.02955745369783662
-117.92405479613909,34.00949709797637,0.02955745369783662
-117.92653512408667,34.018267547597944,0.02955745369783662
-117.92901602970355,34.02703805612988,0.02955745369783662
-117.93149751318788,34.03580862335975,0.02487775819050176
-117.9339795747379,34.0445792490751,0.02487775819050176
-117.94142922976556,34.07089147500867,0.022517562306585227
-117.94391360556226,34.07966233254043,0.022517562306585227
-117.9463985604171,34.08843324749476,0.022517562306585227
-117.94888409452881,34.097204219658984,0.022517562306585227
-117.95137020809625,34.10597524882034,0.018064029081058447
-117.95385690131833,34.11474633476608,0.018064029081058447
-117.96132046090325,34.1410599311815,0.015253612431327753
-117.96380947473513,34.14983124213647,0.015253612431327753
-117.81232331246451,33.652006405617094,0.04269273810618603
-117.81477897091276,33.66077452311423,0.04269273810618603
-117.81723519874582,33.6695427082158,0.04269273810618603
-117.81969199615826,33.67831096071084,0.04269273810618603
-117.82214936334451,33.68707928038838,0.038685106940526875
-117.82460730049931,33.695847667037434,0.038685106940526875
-117.8319845337225,33.72215322670294,0.04170131952319625
-117.83444475269947,33.730921879127216,0.04170131952319625
-117.8369055426195,33.73969059746739,0.04170131952319625
-117.83936690367766,33.74845938151224,0.04170131952319625
-117.84182883606925,33.7572282310505,0.041147800687301575
-117.84429133998964,33.76599714587091,0.041147800687301575
-117.84675441563418,33.774766125762085,0.041147800687301575
-117.84921806319842,33.783535170512685,0.041147800687301575
-117.85168228287796,33.792304279911264,0.03449027437176032
-117.85414707486846,33.80107345374638,0.03449027437176032
-117.861544886664,33.82738135975598,0.0338701600456067
-117.86401196985703,33.836150789222074,0.0338701600456067
-117.86647962634078,33.84492028206693,0.0338701600456067
-117.86894785631145,33.85368983807884,0.0338701600456067
-117.87141665996535,33.86245945704618,0.03360838259662149
-117.87388603749886,33.871229138757094,0.03360838259662149
-117.87635598910848,33.879998882999864,0.03360838259662149
-117.87882651499075,33.88876868956272,0.03360838259662149
-117.8812976153423,33.89753855823372,0.04408728004199787
-117.88376929035992,33.90630848880101,0.04408728004199787
-117.90108712267707,33.967699718062136,0.042776381922434895
-117.90356340211622,33.97647013616742,0.042776381922434895
-117.90604025799604,33.98524061426038,0.042776381922434895
-117.90851769051416,33.994011152128685,0.042776381922434895
-117.91099569986827,34.00278174956013,0.03136666143374693
-117.91347428625619,34.011552406342346,0.03136666143374693
-117.91595344987581,34.02032312226294,0.03136666143374693
-117.91843319092507,34.02909389710957,0.03136666143374693
-117.92091350960207,34.03786473066977,0.026610440106669152
-117.92339440610498,34.046635622731074,0.026610440106669152
-117.93580756294938,34.09049095311494,0.026158683448079464
-117.93829193057381,34.09926219171882,0.026158683448079464
-117.82302481800052,33.710023058539285,0.038685106940526875
-117.8525679336921,33.81525161576265,0.03449027437176032
-117.88219351567075,33.920489376771386,0.04408728004199787
-117.92182315950423,34.06082007582242,0.026610440106669152
-117.92678725597881,34.078362474644685,0.026158683448079464
-117.93672239370072,34.11344796121546,0.023753905249547468
-117.94169343812797,34.130991045560314,0.023753905249547468
-117.80178976532606,33.65404979962506,0.04269273810618603
-117.80424426901988,33.6628181826496,0.04269273810618603
-117.80669934186156,33.67158663329434,0.04269273810618603
-117.80915498404552,33.680355151348266,0.04269273810618603
-117.81161119576623,33.68912373660049,0.038685106940526875
-117.81406797721824,33.69789238883991,0.038685106940526875
-117.82144174190931,33.72419874537103,0.04170131952319625
-117.82390080423409,33.732967663448605,0.04170131952319625
-117.82636043726437,33.74173664745784,0.04170131952319625
-117.82882064119524,33.750505697187485,0.04170131952319625
-117.83128141622184,33.75927481242625,0.041147800687301575
-117.83374276253953,33.768043992962845,0.041147800687301575
-117.83620468034357,33.77681323858595,0.041147800687301575
-117.83866716982945,33.78558254908416,0.041147800687301575
-117.84113023119271,33.79435192424613,0.03449027437176032
-117.84359386462894,33.8031213638603,0.03449027437176032
-117.85098819933303,33.82943006730127,0.0338701600456067
-117.85345412301913,33.83819976260924,0.0338701600456067
-117.85592061975764,33.84696952131159,0.0338701600456067
-117.85838768974466,33.85573934319676,0.0338701600456067
-117.86085533317647,33.86450922805297,0.03360838259662149
-117.86332355024935,33.873279175668515,0.03360838259662149
-117.86579234115973,33.88204918583158,0.03360838259662149
-117.8682617061041,33.89081925833039,0.03360838259662149
-117.87073164527904,33.89958939295303,0.04408728004199787
-117.87320215888124,33.908359589487645,0.04408728004199787
-117.89051185459839,33.96975268095852,0.042776381922434895
-117.8929869707093,33.97852336515641,0.042776381922434895
-117.89546266302149,33.987294109357585,0.042776381922434895
-117.89793893173251,33.99606491334979,0.042776381922434895
-117.90041577703997,34.004835776920736,0.03136666143374693
-117.90289319914162,34.013606699858116,0.03136666143374693
-117.9053711982353,34.02237768194953,0.03136666143374693
-117.9078497745189,34.03114872298258,0.03136666143374693
-117.9103289281904,34.03991982274485,0.026610440106669152
-117.91280865944795,34.04869098102385,0.026610440106669152
-117.92521598646499,34.09254764273047,0.026158683448079464
-117.92769918740338,34.10131914764579,0.026158683448079464
-117.76100467262701,33.52793536973877,0.026515693998607558
-117.77079085915028,33.56300583880244,0.02739359998633202
-117.7805861144812,33.59807742868371,0.03372367094678196
-117.79039045100372,33.63315012590633,0.03906347560596658
-117.87904018767203,33.94885200299961,0.044760653599670304
-117.93855373104805,34.159364272425265,0.01985236062861728
-117.94850506905885,34.1944528466357,0.01658506056707677
-117.79616291563504,33.67362954842481,0.04269273810618603
-117.79861740239605,33.68239833190964,0.04269273810618603
-117.80107245845662,33.69116718260847,0.038685106940526875
-117.8035280840112,33.69993610031026,0.038685106940526875
-117.81089837958565,33.72624325332283,0.04170131952319625
-117.81335628506324,33.73501243692568,0.04170131952319625
-117.82565437337114,33.77885933992507,0.041147800687301575
-117.82811570458314,33.78762891604285,0.041147800687301575
-117.83057760743449,33.79639855684,0.03449027437176032
-117.83304008212073,33.80516826210512,0.03449027437176032
-117.83550312883753,33.81393803162673,0.03449027437176032
-117.83796674778061,33.82270786519321,0.03449027437176032
-117.85029343274654,33.8665579862938,0.03360838259662149
-117.85276048916236,33.87532819968576,0.03360838259662149
-117.88983527741748,34.00688878946406,0.03136666143374693
-117.89231153503505,34.01565997842832,0.03136666143374693
-117.91462383120422,34.09460331624583,0.026158683448079464
-117.91710586525787,34.10337508734427,0.026158683448079464
-117.91958847804617,34.11214691548661,0.023753905249547468
-117.92207166976786,34.1209188004602,0.023753905249547468
-117.7872146924166,33.66149737950402,0.04269273810618603
-117.80194156306344,33.71411127790235,0.038685106940526875
-117.81177087147417,33.74918854264411,0.04170131952319625
-117.81668894874906,33.76672756969001,0.041147800687301575
-117.83638411475997,33.836886269589066,0.0338701600456067
-117.84131362831471,33.85442658403299,0.0338701600456067
-117.85117953286024,33.88950796843207,0.03360838259662149
-117.85611592699193,33.907049034998636,0.04408728004199787
-117.86105461779249,33.92459034888317,0.04408728004199787
-117.87588448595436,33.97721575748422,0.042776381922434895
-117.88083237918438,33.994758043677315,0.042776381922434895
-117.89073508088418,34.02984333086489,0.03136666143374693
-117.89568989251748,34.047386328461414,0.026610440106669152
-117.90064701345106,34.06492955979355,0.026610440106669152
-117.90560644527025,34.08247302316082,0.026158683448079464
-117.92049862191593,34.135104788460616,0.023753905249547468
-117.78562592030343,33.67567145351254,0.04269273810618603
-117.78807925144709,33.684440502300205,0.04269273810618603
-117.79053315165297,33.693209618317624,0.038685106940526875
-117.79298762111554,33.701978801353704,0.038685106940526875
-117.80035444698908,33.72828675046351,0.04170131952319625
-117.8028111954245,33.737056199463524,0.04170131952319625
-117.81510349495484,33.78090442968449,0.041147800687301575
-117.81756366769748,33.78967427129368,0.041147800687301575
-117.82002441184139,33.79844417759799,0.03449027437176032
-117.82248572758202,33.80721414838592,0.03449027437176032
-117.82494761511497,33.815984183446005,0.03449027437176032
-117.82741007463588,33.824754282566715,0.03449027437176032
-117.83973095891413,33.86860573167346,0.03360838259662149
-117.84219685447658,33.87737621071372,0.03360838259662149
-117.87925420124051,34.008940787094645,0.03136666143374693
-117.88172929417624,34.01771224195755,0.03136666143374693
-117.90403109740744,34.0966579735655,0.026158683448079464
-117.90651196437769,34.105430010718656,0.026158683448079464
-117.90899340984205,34.11420210493137,0.023753905249547468
-117.91147543399923,34.122974255990904,0.023753905249547468
-117.74081751942506,33.55494913184196,0.025332760090718942
-117.74326175156949,33.56371748223205,0.025332760090718942
-117.74570654982664,33.57248590281793,0.025332760090718942
-117.74815191438972,33.581254393389116,0.025332760090718942
-117.75059784545194,33.5900229537351,0.030768307147824227
-117.75304434320667,33.598791583645294,0.030768307147824227
-117.77508835610394,33.67771234846282,0.03687334809468752
-117.77754053143587,33.686481662425265,0.03687334809468752
-117.77999327559267,33.69525104363318,0.03165634635164476
-117.78244658876869,33.70402049187551,0.03165634635164476
-117.78490047115842,33.7127900069412,0.03165634635164476
-117.78735492295638,33.72155958861917,0.03165634635164476
-117.7898099443572,33.730329236698296,0.033126781035375114
-117.79226553555559,33.73909895096741,0.033126781035375114
-117.80455204533268,33.78294850776936,0.03283479711172231
-117.80701105941058,33.79171861474184,0.03283479711172231
-117.80947064465155,33.80048878642513,0.02762213526712717
-117.81193080125101,33.80925902260774,0.02762213526712717
-117.8934377853151,34.09871161459398,0.02344698438709447
-117.89591748500335,34.1074839176735,0.02344698438709447
-117.89839776294514,34.116256277828214,0.021624284813953575
-117.90087861933904,34.1250286948453,0.021624284813953575
-117.75145048851863,33.61296373333218,0.030768307147824227
-117.76614303062212,33.665578373915565,0.03687334809468752
-117.79067607919303,33.753274841494346,0.033126781035375114
-117.79558952466562,33.770814929805034,0.03283479711172231
-117.8103435606725,33.82343675390299,0.02762213526712717
-117.81526614441475,33.84097787601863,0.02734565015378618
-117.82019101663562,33.85851925235483,0.02734565015378618
-117.88442332208962,34.0865795074732,0.02344698438709447
-117.89930148846305,34.13921446407673,0.021624284813953575
-117.73029554578181,33.55698530755825,0.025332760090718942
-117.73273862523783,33.56575392277471,0.025332760090718942
-117.73518227057005,33.57452260820268,0.025332760090718942
-117.73762648197157,33.58329136363176,0.025332760090718942
-117.74007125963558,33.59206018885136,0.030768307147824227
-117.74251660375536,33.60082908365089,0.030768307147824227
-117.76455022327384,33.67975223318102,0.03687334809468752
-117.76700124259982,33.6885218121902,0.03687334809468752
-117.76945283051313,33.69729145846051,0.03165634635164476
-117.77190498720817,33.70606117178098,0.03165634635164476
-117.77435771287928,33.714830951940556,0.03165634635164476
-117.77681100772095,33.723600798728064,0.03165634635164476
-117.77926487192774,33.732370711932454,0.033126781035375114
-117.78171930569431,33.74114069134256,0.033126781035375114
-117.79400002474283,33.784991574084856,0.03283479711172231
-117.79645787996067,33.79376194629247,0.03283479711172231
-117.79891630610327,33.802532383226584,0.02762213526712717
-117.80137530336603,33.811302884675705,0.02762213526712717
-117.88284389516777,34.10076423923581,0.02344698438709447
-117.88532242737553,34.10953680811336,0.02344698438709447
-117.88780153759613,34.11830943408167,0.021624284813953575
-117.89028122602807,34.12708211692796,0.021624284813953575
-117.709171854088,33.501007884072465,0.022210416647769578
-117.71893056314036,33.5360814568592,0.024639728426032844
-117.74826098766563,33.6413089331036,0.03482398403406001
-117.81701697089356,33.88687740062671,0.027510868350492435
-117.82687581717362,33.92196271937119,0.0367426949512455
-117.83674384179591,33.957049024746865,0.03792204363114275
-117.84662105735062,33.992136303182455,0.03690492155361812
-117.85650747645045,34.0272245410974,0.02699132055425113
-117.86640311173079,34.06231372490172,0.023112219547478816
-117.89614544134962,34.16758681561161,0.018124193621967308
-117.9060780681606,34.20267964688759,0.015192914054522413
-117.92597117365148,34.27286792919378,0.012072575039759932
-117.72465742524415,33.576558304797445,0.025332760090718942
-117.72710048329094,33.585327324956346,0.025332760090718942
-117.75891181665195,33.69933086270501,0.03165634635164476
-117.76136281667158,33.70810084097551,0.03165634635164476
-117.76381438542958,33.71687088610081,0.03165634635164476
-117.76626652312041,33.725640997869796,0.03165634635164476
-117.80311699288517,33.85720052798867,0.02734565015378618
-117.80557826001187,33.86597167731742,0.02734565015378618
-117.8772047340358,34.12036157359631,0.021624284813953575
-117.87968325430714,34.129134522143396,0.021624284813953575
-117.71573212908754,33.5644221774174,0.025332760090718942
-117.72550205475832,33.59949878679434,0.030768307147824227
-117.7303904140038,33.61703750931465,0.030768307147824227
-117.74506909594511,33.66965532797811,0.03687334809468752
-117.74996652982547,33.68719514561202,0.03687334809468752
-117.7646724728977,33.73981620912564,0.033126781035375114
-117.76957900624889,33.75735709487149,0.033126781035375114
-117.77448781835886,33.77489824342186,0.03283479711172231
-117.77939891078678,33.792439653086205,0.03283479711172231
-117.78431228509325,33.80998132217333,0.02762213526712717
-117.78922794284024,33.82752324899157,0.02762213526712717
-117.7941458855912,33.845065431848525,0.02734565015378618
-117.86323788836044,34.090681926818455,0.02344698438709447
-117.86819029473352,34.10822774677928,0.02344698438709447
-117.87810203969617,34.1433200716445,0.021624284813953575
-117.71413201408565,33.578592992507794,0.025332760090718942
-117.71657391858461,33.58736227726852,0.025332760090718942
-117.74837023424668,33.70136925627208,0.03165634635164476
-117.7508200773966,33.710139499364494,0.03165634635164476
-117.75327048904711,33.71890980932741,0.03165634635164476
-117.7557214693926,33.72768018594971,0.03165634635164476
-117.79255455038992,33.859243690750034,0.02734565015378618
-117.7950146563566,33.8680151051829,0.02734565015378618
-117.86660735250499,34.12241269627673,0.021624284813953575
-117.8690847044172,34.13118591039619,0.021624284813953575
-117.6816646985335,33.50170390555587,0.02335687243138484
-117.68410036799771,33.51047281678042,0.02335687243138484
-117.68653660128017,33.51924179973633,0.02335687243138484
-117.68897339857314,33.52801085421329,0.026247146487712623
-117.69141076006905,33.53677998000112,0.026247146487712623
-117.69872623169921,33.56308778312591,0.02696868189793002
-117.70116585193225,33.5718571920533,0.02696868189793002
-117.70848810439945,33.598165839546226,0.03132323515069421
-117.71092998645452,33.60693552824562,0.03132323515069421
-117.71337243444775,33.61570528636158,0.03132323515069421
-117.71581544857243,33.62447511368339,0.03132323515069421
-117.71825902902181,33.63324501000038,0.034247918481704706
-117.72070317598937,33.64201497510182,0.034247918481704706
-117.68980667857994,33.55094980030083,0.026247146487712623
-117.69956285317026,33.586027964176694,0.02696868189793002
-117.71910235089062,33.65618763608904,0.034247918481704706
-117.6711485311703,33.503734196811585,0.02335687243138484
-117.6735830488308,33.51250337224019,0.02335687243138484
-117.6760181300731,33.52127261941584,0.02335687243138484
-117.67845377508944,33.530041938128356,0.026247146487712623
-117.68088998407218,33.53881132816743,0.026247146487712623
-117.68820199674288,33.565119924140475,0.02696868189793002
-117.69064046351586,33.57388959738212,0.02696868189793002
-117.69795925418144,33.600199037912105,0.03132323515069421
-117.70039998182854,33.608968990988664,0.03132323515069421
-117.70284127517665,33.61773901349745,0.03132323515069421
-117.70528313441898,33.626509105227846,0.03132323515069421
-117.70772555974877,33.63527926596918,0.034247918481704706
-117.71016855135936,33.64404949551065,0.034247918481704706
-117.71589890041314,33.684533850504344,0.03470793379169538
-117.72568443055488,33.719617199839874,0.02851315927273975
-117.73547904874412,33.75470161804129,0.02910092123166356
-117.7452827674193,33.789787091593034,0.02813230855648962
-117.75509559904108,33.824873606970044,0.022712337094088507
-117.76491755609256,33.85996115063797,0.022524974027084022
-117.77474865107908,33.895049709052905,0.02284840668038015
-117.78458889652852,33.93013926866168,0.028657470969278728
-117.79443830499116,33.96522981590168,0.02953299898608324
-117.80429688903983,34.00032133720092,0.0297871900174889
-117.81416466126991,34.03541381897812,0.022790260270597176
-117.82404163429946,34.0705072476426,0.019937674461093985
-117.83392782076919,34.10560160959442,0.020820482002415496
-117.84382323334246,34.14069689122424,0.019322825728924343
-117.85372788470548,34.1757930789135,0.016416712247063276
-117.86364178756726,34.210890159034264,0.014225292090405095
-117.66063180041746,33.505763480052664,0.02335687243138484
-117.66306516608206,33.51453291955725,0.02335687243138484
-117.66549909509202,33.523302430824636,0.02335687243138484
-117.66389045196367,33.53747155740618,0.026247146487712623
-117.66876053932354,33.555011271984995,0.026247146487712623
-117.67363288305266,33.57255126986081,0.02696868189793002
-117.67850748469142,33.590091549350085,0.02696868189793002
-117.68338434578162,33.607632108768684,0.03132323515069421
-117.68826346786648,33.625172946431846,0.03132323515069421
-117.6931448524905,33.642714060654185,0.034247918481704706
-117.69802850119974,33.66025544974988,0.034247918481704706
-117.65011450651136,33.507791755185075,0.02335687243138484
-117.65254671998804,33.516561458637604,0.02335687243138484
-117.65497949657345,33.52533123386866,0.02335687243138484
-117.7938604648229,34.062458802791944,0.017442598610040747
-117.79632736531671,34.071232880995176,0.017442598610040747
-117.6720733618663,33.64677677643985,0.03202045367099686
-117.67695238587662,33.66431922182068,0.03219100324151121
-117.77993720532201,34.03277110742889,0.02041575053714017
-117.78486639104669,34.050319175040514,0.01909465325059013
-117.79473165837612,34.085416016740666,0.017109991402395414
-117.78326896823658,34.06450170461355,0.017442598610040747
-117.7857347011114,34.07327604749397,0.017442598610040747
-117.62503340528396,33.5172432043147,0.023158174861841962
-117.6347552353346,33.55232522853935,0.02668897601519686
-117.64448607641106,33.58740839007226,0.028594925139016746
-117.65422594082403,33.6224926754445,0.02857302257502732
-117.67373278901213,33.69266456378343,0.02836531844582531
-117.712855309544,33.83302123284629,0.02299537322812301
-117.72265868386565,33.868113007166784,0.02398231525487274
-117.73247118080548,33.90320579723418,0.025746147097895907
-117.74229281287398,33.938299589494584,0.027241947805667393
-117.75212359260414,33.97339437038469,0.028009429745591022
-117.76196353255139,34.00849012633179,0.030797613562797248
-117.79153843958883,34.11378310864845,0.018989849414850456
-117.6550497239218,33.645435394892104,0.02793452795323599
-117.65748693584747,33.65420694471146,0.02793452795323599
-117.76774949001422,34.04899455147481,0.01780074833566961
-117.77021290635084,34.05776904125274,0.01780074833566961
-117.77267689694975,34.06654358996253,0.016380017926384757
-117.77514146200821,34.07531819739164,0.016380017926384757
-117.65587400682341,33.66837895154763,0.02791034190264171
-117.75876123372771,34.036853026507146,0.019361185976497275
-117.77354167587676,34.08950111021665,0.01609048581164851
-117.6445128605273,33.647463589833194,0.02793452795323599
-117.64694891593645,33.656235403323585,0.02793452795323599
-117.7571591795719,34.05103489146244,0.01780074833566961
-117.759621428377,34.05980964562947,0.01780074833566961
-117.76208425120342,34.06858445874391,0.016380017926384757
-117.76454764824821,34.077359330593225,0.016380017926384757
-117.62910732853673,33.63194682714788,0.02331034006453582
-117.6315410981953,33.64071876615034,0.02331034006453582
-117.63397543227795,33.64949077427356,0.023432235439776485
-117.63641033097751,33.658262851306745,0.023432235439776485
-117.63884579448698,33.66703499703913,0.023432235439776485
-117.6412818229994,33.67580721125987,0.023432235439776485
-117.72198899915495,33.96532732045757,0.023644469327011176
-117.7244443532495,33.974101737575396,0.023644469327011176
-117.74164785370475,34.03552435592807,0.01686364715144665
-117.74410778781193,34.044299255792446,0.01686364715144665
-117.74656829530537,34.05307421504467,0.01686364715144665
-117.74902937638196,34.06184923347228,0.01686364715144665
-117.75149103123867,34.070624310862854,0.015168693749219165
-117.75395326007256,34.07939944700384,0.015168693749219165
-117.6201908296094,33.61980180098959,0.02331034006453582
-117.72283717505773,33.9882817679637,0.023644469327011176
-117.72775014916935,34.00583123144533,0.026979801184729306
-117.73266541280493,34.02338093633169,0.026979801184729306
-117.7523493940484,34.09358213594747,0.015168693749219165
-117.61857164876143,33.63397247421134,0.02331034006453582
-117.62100426199349,33.64274467659706,0.02331034006453582
-117.62343743941166,33.65151694811919,0.023432235439776485
-117.62587118120871,33.66028928856691,0.023432235439776485
-117.62830548757756,33.66906169772952,0.023432235439776485
-117.63074035871117,33.67783417539617,0.023432235439776485
-117.71140920730785,33.96736298707375,0.023644469327011176
-117.71386339588541,33.97613766816817,0.023644469327011176
-117.73105873098267,34.037562134792545,0.01686364715144665
-117.7335174976466,34.04633729875791,0.01686364715144665
-117.7359768374557,34.055112522126656,0.01686364715144665
-117.73843675060677,34.06388780468636,0.01686364715144665
-117.74089723729675,34.07266314622456,0.015168693749219165
-117.74335829772261,34.08143854652868,0.015168693749219165
-117.60236641526757,33.595510277014384,0.024537756839147398
-117.63155761721416,33.70077910002663,0.021289847915220324
-117.6510636236891,33.77096375973607,0.02010215371098276
-117.67060590992057,33.841152648847185,0.017371151964064063
-117.68039068902429,33.876248645606424,0.018725194119118202
-117.69018457540692,33.91134565911091,0.020838914921120954
-117.69998758156156,33.946443675805995,0.022545145182072797
-117.74913984774737,34.12194833207264,0.017296080041101926
-117.6080354049928,33.63599711084263,0.02331034006453582
-117.61046686160564,33.64476957648329,0.02331034006453582
-117.700828844083,33.96939763838005,0.023644469327011176
-117.70328186694758,33.97817258332258,0.023644469327011176
-117.71064436432438,34.00449778400486,0.026979801184729306
-117.71309967369814,34.013272972143184,0.026979801184729306
-117.7204690353122,34.03959889731911,0.01686364715144665
-117.72292663433613,34.04837432525696,0.01686364715144665
-117.72538480626405,34.05714981261372,0.01686364715144665
-117.7278435512927,34.06592535917695,0.01686364715144665
-117.73030286961894,34.07470096473422,0.015168693749219165
-117.73276276143969,34.083476629072926,0.015168693749219165
-117.6088453245023,33.658940672875985,0.023432235439776485
-117.61371046514266,33.67648628095816,0.023432235439776485
-117.70167061920078,33.99235238985154,0.023644469327011176
-117.71148952354008,34.02745366950203,0.026979801184729306
-117.73115481482206,34.097659093174244,0.015168693749219165
-117.69024790972102,33.97143127428196,0.023644469327011176
-117.69269976667661,33.9802064829441,0.023644469327011176
-117.7000587648819,34.00653247487849,0.026979801184729306
-117.7025129073834,34.01530792679861,0.026979801184729306
-117.70987876693441,34.041634643413154,0.01686364715144665
-117.71233519812166,34.05041033519493,0.01686364715144665
-117.71479220197166,34.059186086411145,0.01686364715144665
-117.71724977868105,34.06796189684935,0.01686364715144665
-117.71970792844662,34.076737766297114,0.015168693749219165
-117.72216665146523,34.08551369454183,0.015168693749219165
-117.68947259375882,34.00856614973917,0.022566755426664583
-117.6919255691918,34.01734186531251,0.022566755426664583
-117.70419902481987,34.06122134342424,0.01612542729731244
-117.70665543301324,34.069997417608874,0.01612542729731244
-117.70911241402128,34.07877355081854,0.015020279342607992
-117.7115699680408,34.0875497428407,0.015020279342607992
-117.69031134510755,34.03152233752424,0.022566755426664583
-117.6952195590757,34.049074392744,0.01612542729731244
-117.7099579401302,34.10173198113875,0.015020279342607992
-117.67888585119616,34.01059880849234,0.022566755426664583
-117.68133765936443,34.01937478759039,0.022566755426664583
-117.69360527505016,34.063255583558444,0.01612542729731244
-117.69606051453077,34.072031921360875,0.01612542729731244
-117.69851632658448,34.080808318203864,0.015020279342607992
-117.70097271140803,34.08958477387483,0.015020279342607992
-117.62834741549271,33.8492678489328,0.01291117738489215
-117.63811358690779,33.884368059912696,0.014298714034829248
-117.64788885024008,33.919469288634566,0.016344712996209466
-117.65767321796528,33.95457152154304,0.018023974530601297
-117.66746670258154,33.98967474507344,0.019152111387604566
-117.70673206070614,34.13009727379257,0.01586820991553714
-117.67810452796962,34.047735782153936,0.01612542729731244
-117.6805574544676,34.05651226469606,0.01612542729731244
-117.68301095290396,34.06528880671916,0.01612542729731244
-117.6854650234752,34.0740654080108,0.01612542729731244
-117.68791966637785,34.0828420683585,0.015020279342607992
-117.69037488180862,34.09161878754969,0.015020279342607992
-117.69283066996421,34.10039556537181,0.015020279342607992
-117.69528703104147,34.109172401612305,0.015020279342607992
-117.66422962351531,34.01803407073035,0.022566755426664583
-117.66913087943684,34.03558693964185,0.022566755426664583
-117.66751197117547,34.04976746157198,0.01612542729731244
-117.66996372905083,34.058544207443674,0.01612542729731244
-117.67241605862293,34.06732101281187,0.01612542729731244
-117.6748689600882,34.07609787746408,0.01612542729731244
-117.67732243364317,34.08487480118783,0.015020279342607992
-117.6797764794844,34.0936517837706,0.015020279342607992
-117.68223109780857,34.102428824999805,0.015020279342607992
-117.68468628881242,34.11120592466281,0.015020279342607992
-117.71996953879109,34.257054869449796,0.010667328360957573
-117.60315006548454,33.8587194105943,0.01074698807495453
-117.60558813202643,33.867495056722696,0.01074698807495453
-117.60802676572607,33.876270767028124,0.01242001707028564
-117.61046596677788,33.88504654129894,0.01242001707028564
-117.64712219728213,34.01669068716239,0.019292609159113367
-117.64957050247995,34.025467456063076,0.019292609159113367
-117.65201937834836,34.03424428532528,0.019292609159113367
-117.6544688250833,34.04302117473663,0.019292609159113367
-117.6569188428809,34.05179812408482,0.021500361942885928
-117.6593694319373,34.060575133157464,0.021500361942885928
-117.66182059244875,34.06935220174208,0.021500361942885928
-117.66427232461156,34.07812932962622,0.021500361942885928
-117.66672462862223,34.086906516597416,0.020553370206401043
-117.66917750467725,34.095683762443095,0.020553370206401043
-117.6716309529732,34.1044610669507,0.020553370206401043
-117.67408497370684,34.11323842990758,0.020553370206401043
-117.60883926310315,33.899222971155766,0.01242001707028564
-117.63653317137302,34.018719280541355,0.019292609159113367
-117.63898030852215,34.02749631245234,0.019292609159113367
-117.6414280161003,34.036273404740356,0.019292609159113367
-117.64387629430347,34.045050557193015,0.019292609159113367
-117.64632514332756,34.053827769598016,0.021500361942885928
-117.64877456336872,34.062605041742934,0.021500361942885928
-117.65122455462316,34.07138237341535,0.021500361942885928
-117.65367511728711,34.080159764402794,0.021500361942885928
-117.65612625155697,34.088937214492724,0.020553370206401043
-117.65857795762916,34.09771472347267,0.020553370206401043
-117.66103023570024,34.106492291129975,0.020553370206401043
-117.66348308596682,34.11526991725206,0.020553370206401043
-117.60558402068405,33.9275766797677,0.015149457358508972
-117.61534973748172,33.96268312066401,0.01499158181658649
-117.62512455575147,33.997790553175975,0.015944130153767708
-117.66431509394928,34.13822992774491,0.018189381856890077
-117.62594357523072,34.020746857340875,0.019292609159113367
-117.6283895441353,34.02952415213356,0.019292609159113367
-117.63573087275715,34.055856398017205,0.021500361942885928
-117.63817912358692,34.06463393310578,0.021500361942885928
-117.64062794538808,34.07341152773729,0.021500361942885928
-117.64307733835679,34.082189181699334,0.021500361942885928
-117.64552730268937,34.09096689477936,0.020553370206401043
-117.6479778385822,34.09974466676486,0.020553370206401043
-117.62676309410591,34.04370394314118,0.019292609159113367
-117.64635356260722,34.11392622188709,0.020553370206401043
-117.61535340909677,34.02277341746678,0.019292609159113367
-117.61779820956106,34.031550975012465,0.019292609159113367
-117.6251360314115,34.057884009248106,0.021500361942885928
-117.62758311283376,34.06666180715162,0.021500361942885928
-117.6300307649854,34.07543966461356,0.021500361942885928
-117.63247898806259,34.08421758142153,0.021500361942885928
-117.63492778226153,34.092995557362926,0.020553370206401043
-117.63737714777854,34.101773592225264,0.020553370206401043
-117.60231961089285,34.01602120129055,0.014618072321060946
-117.6145406195325,34.059910603196386,0.020261526319221037
-117.6169865313512,34.06868866378618,0.020261526319221037
-117.61943301365723,34.07746678394988,0.020261526319221037
-117.62188006664665,34.086244963475025,0.020261526319221037
-117.62432769051564,34.095023202149086,0.019203217646855942
-117.62677588546043,34.10380149975955,0.019203217646855942
-117.60068854422292,34.03020031933629,0.01789925859094445
-117.60557577831167,34.04775634301351,0.01789925859094445
-117.62514752540609,34.11798282523445,0.019203217646855942
-117.6039446373622,34.06193617976789,0.020261526319221037
-117.60638937938135,34.0707145029152,0.020261526319221037
-117.6088346916457,34.07949288565193,0.020261526319221037
-117.61128057435118,34.088271327765526,0.020261526319221037
-117.61372702769397,34.09704982904356,0.019203217646855942
-117.61617405187019,34.105828389273384,0.019203217646855942
-117.6218889629836,34.14634628787754,0.01678521155494094
-117.60312579403886,34.099075437952024,0.019203217646855942
-117.60557164725026,34.10785426067252,0.019203217646855942
-117.60393920242296,34.12203535553896,0.019203217646855942
