week_start,speed_bin,ring,mean_daily_hours,days_included
2018-12-31,10-15,0-50nm,53.833333333333336,6
2018-12-31,10-15,150-300nm,192.33333333333334,6
2018-12-31,10-15,50-150nm,87.83333333333333,6
2018-12-31,15-25,0-50nm,5.166666666666667,6
2018-12-31,15-25,150-300nm,121.33333333333333,6
2018-12-31,15-25,50-150nm,50.5,6
2018-12-31,2-4,0-50nm,6.666666666666667,6
2018-12-31,2-4,150-300nm,3.1666666666666665,6
2018-12-31,2-4,50-150nm,4.833333333333333,6
2018-12-31,4-6,0-50nm,10.666666666666666,6
2018-12-31,4-6,150-300nm,2.1666666666666665,6
2018-12-31,4-6,50-150nm,4.666666666666667,6
2018-12-31,6-10,0-50nm,26.333333333333332,6
2018-12-31,6-10,150-300nm,11.833333333333334,6
2018-12-31,6-10,50-150nm,26.166666666666668,6
2018-12-31,<2,0-50nm,805.1666666666666,6
2018-12-31,<2,150-300nm,69.33333333333333,6
2018-12-31,<2,50-150nm,143.0,6
2018-12-31,>25,0-50nm,0.0,6
2018-12-31,>25,150-300nm,0.0,6
2018-12-31,>25,50-150nm,0.0,6
2019-01-07,10-15,0-50nm,47.42857142857143,7
2019-01-07,10-15,150-300nm,133.0,7
2019-01-07,10-15,50-150nm,71.57142857142857,7
2019-01-07,15-25,0-50nm,5.285714285714286,7
2019-01-07,15-25,150-300nm,99.0,7
2019-01-07,15-25,50-150nm,42.0,7
2019-01-07,2-4,0-50nm,5.714285714285714,7
2019-01-07,2-4,150-300nm,5.285714285714286,7
2019-01-07,2-4,50-150nm,2.5714285714285716,7
2019-01-07,4-6,0-50nm,11.0,7
2019-01-07,4-6,150-300nm,5.571428571428571,7
2019-01-07,4-6,50-150nm,2.7142857142857144,7
2019-01-07,6-10,0-50nm,30.0,7
2019-01-07,6-10,150-300nm,27.571428571428573,7
2019-01-07,6-10,50-150nm,32.57142857142857,7
2019-01-07,<2,0-50nm,814.4285714285714,7
2019-01-07,<2,150-300nm,62.714285714285715,7
2019-01-07,<2,50-150nm,84.0,7
2019-01-07,>25,0-50nm,0.0,7
2019-01-07,>25,150-300nm,0.0,7
2019-01-07,>25,50-150nm,0.0,7
2019-01-14,10-15,0-50nm,54.57142857142857,7
2019-01-14,10-15,150-300nm,181.28571428571428,7
2019-01-14,10-15,50-150nm,88.14285714285714,7
2019-01-14,15-25,0-50nm,6.428571428571429,7
2019-01-14,15-25,150-300nm,112.14285714285714,7
2019-01-14,15-25,50-150nm,56.714285714285715,7
2019-01-14,2-4,0-50nm,5.714285714285714,7
2019-01-14,2-4,150-300nm,10.571428571428571,7
2019-01-14,2-4,50-150nm,3.2857142857142856,7
2019-01-14,4-6,0-50nm,8.714285714285714,7
2019-01-14,4-6,150-300nm,9.0,7
2019-01-14,4-6,50-150nm,6.428571428571429,7
2019-01-14,6-10,0-50nm,24.428571428571427,7
2019-01-14,6-10,150-300nm,27.0,7
2019-01-14,6-10,50-150nm,16.714285714285715,7
2019-01-14,<2,0-50nm,732.5714285714286,7
2019-01-14,<2,150-300nm,81.71428571428571,7
2019-01-14,<2,50-150nm,72.42857142857143,7
2019-01-14,>25,0-50nm,0.14285714285714285,7
2019-01-14,>25,150-300nm,0.0,7
2019-01-14,>25,50-150nm,0.0,7
2019-01-21,10-15,0-50nm,53.0,7
2019-01-21,10-15,150-300nm,193.0,7
2019-01-21,10-15,50-150nm,85.57142857142857,7
2019-01-21,15-25,0-50nm,3.857142857142857,7
2019-01-21,15-25,150-300nm,120.71428571428571,7
2019-01-21,15-25,50-150nm,42.285714285714285,7
2019-01-21,2-4,0-50nm,6.714285714285714,7
2019-01-21,2-4,150-300nm,3.857142857142857,7
2019-01-21,2-4,50-150nm,2.0,7
2019-01-21,4-6,0-50nm,7.714285714285714,7
2019-01-21,4-6,150-300nm,1.4285714285714286,7
2019-01-21,4-6,50-150nm,2.0,7
2019-01-21,6-10,0-50nm,25.428571428571427,7
2019-01-21,6-10,150-300nm,9.428571428571429,7
2019-01-21,6-10,50-150nm,13.714285714285714,7
2019-01-21,<2,0-50nm,683.0,7
2019-01-21,<2,150-300nm,48.42857142857143,7
2019-01-21,<2,50-150nm,83.85714285714286,7
2019-01-21,>25,0-50nm,0.0,7
2019-01-21,>25,150-300nm,0.0,7
2019-01-21,>25,50-150nm,0.0,7
2019-01-28,10-15,0-50nm,55.857142857142854,7
2019-01-28,10-15,150-300nm,133.0,7
2019-01-28,10-15,50-150nm,91.28571428571429,7
2019-01-28,15-25,0-50nm,5.142857142857143,7
2019-01-28,15-25,150-300nm,122.57142857142857,7
2019-01-28,15-25,50-150nm,50.42857142857143,7
2019-01-28,2-4,0-50nm,6.285714285714286,7
2019-01-28,2-4,150-300nm,2.4285714285714284,7
2019-01-28,2-4,50-150nm,2.142857142857143,7
2019-01-28,4-6,0-50nm,7.857142857142857,7
2019-01-28,4-6,150-300nm,0.8571428571428571,7
2019-01-28,4-6,50-150nm,2.7142857142857144,7
2019-01-28,6-10,0-50nm,25.142857142857142,7
2019-01-28,6-10,150-300nm,18.0,7
2019-01-28,6-10,50-150nm,20.142857142857142,7
2019-01-28,<2,0-50nm,697.7142857142857,7
2019-01-28,<2,150-300nm,42.42857142857143,7
2019-01-28,<2,50-150nm,56.57142857142857,7
2019-01-28,>25,0-50nm,0.0,7
2019-01-28,>25,150-300nm,0.14285714285714285,7
2019-01-28,>25,50-150nm,0.0,7
2019-02-04,10-15,0-50nm,47.57142857142857,7
2019-02-04,10-15,150-300nm,146.14285714285714,7
2019-02-04,10-15,50-150nm,75.57142857142857,7
2019-02-04,15-25,0-50nm,4.714285714285714,7
2019-02-04,15-25,150-300nm,122.28571428571429,7
2019-02-04,15-25,50-150nm,47.714285714285715,7
2019-02-04,2-4,0-50nm,5.0,7
2019-02-04,2-4,150-300nm,3.142857142857143,7
2019-02-04,2-4,50-150nm,3.7142857142857144,7
2019-02-04,4-6,0-50nm,6.428571428571429,7
2019-02-04,4-6,150-300nm,4.0,7
2019-02-04,4-6,50-150nm,2.0,7
2019-02-04,6-10,0-50nm,24.0,7
2019-02-04,6-10,150-300nm,27.428571428571427,7
2019-02-04,6-10,50-150nm,17.428571428571427,7
2019-02-04,<2,0-50nm,535.5714285714286,7
2019-02-04,<2,150-300nm,86.28571428571429,7
2019-02-04,<2,50-150nm,64.85714285714286,7
2019-02-04,>25,0-50nm,0.0,7
2019-02-04,>25,150-300nm,0.0,7
2019-02-04,>25,50-150nm,0.0,7
2019-02-11,10-15,0-50nm,49.142857142857146,7
2019-02-11,10-15,150-300nm,135.71428571428572,7
2019-02-11,10-15,50-150nm,80.0,7
2019-02-11,15-25,0-50nm,5.857142857142857,7
2019-02-11,15-25,150-300nm,98.71428571428571,7
2019-02-11,15-25,50-150nm,43.0,7
2019-02-11,2-4,0-50nm,5.857142857142857,7
2019-02-11,2-4,150-300nm,3.857142857142857,7
2019-02-11,2-4,50-150nm,3.7142857142857144,7
2019-02-11,4-6,0-50nm,8.0,7
2019-02-11,4-6,150-300nm,2.5714285714285716,7
2019-02-11,4-6,50-150nm,5.285714285714286,7
2019-02-11,6-10,0-50nm,24.428571428571427,7
2019-02-11,6-10,150-300nm,28.0,7
2019-02-11,6-10,50-150nm,16.285714285714285,7
2019-02-11,<2,0-50nm,577.8571428571429,7
2019-02-11,<2,150-300nm,62.0,7
2019-02-11,<2,50-150nm,84.85714285714286,7
2019-02-11,>25,0-50nm,0.0,7
2019-02-11,>25,150-300nm,0.0,7
2019-02-11,>25,50-150nm,0.0,7
2019-02-18,10-15,0-50nm,47.57142857142857,7
2019-02-18,10-15,150-300nm,143.57142857142858,7
2019-02-18,10-15,50-150nm,70.71428571428571,7
2019-02-18,15-25,0-50nm,4.142857142857143,7
2019-02-18,15-25,150-300nm,118.85714285714286,7
2019-02-18,15-25,50-150nm,44.57142857142857,7
2019-02-18,2-4,0-50nm,4.571428571428571,7
2019-02-18,2-4,150-300nm,2.2857142857142856,7
2019-02-18,2-4,50-150nm,4.0,7
2019-02-18,4-6,0-50nm,6.285714285714286,7
2019-02-18,4-6,150-300nm,7.285714285714286,7
2019-02-18,4-6,50-150nm,3.2857142857142856,7
2019-02-18,6-10,0-50nm,26.714285714285715,7
2019-02-18,6-10,150-300nm,34.42857142857143,7
2019-02-18,6-10,50-150nm,26.571428571428573,7
2019-02-18,<2,0-50nm,524.8571428571429,7
2019-02-18,<2,150-300nm,60.857142857142854,7
2019-02-18,<2,50-150nm,35.714285714285715,7
2019-02-18,>25,0-50nm,0.0,7
2019-02-18,>25,150-300nm,0.0,7
2019-02-18,>25,50-150nm,0.0,7
2019-02-25,10-15,0-50nm,51.714285714285715,7
2019-02-25,10-15,150-300nm,167.57142857142858,7
2019-02-25,10-15,50-150nm,87.71428571428571,7
2019-02-25,15-25,0-50nm,5.571428571428571,7
2019-02-25,15-25,150-300nm,114.71428571428571,7
2019-02-25,15-25,50-150nm,45.142857142857146,7
2019-02-25,2-4,0-50nm,4.571428571428571,7
2019-02-25,2-4,150-300nm,2.0,7
2019-02-25,2-4,50-150nm,1.7142857142857142,7
2019-02-25,4-6,0-50nm,6.285714285714286,7
2019-02-25,4-6,150-300nm,1.2857142857142858,7
2019-02-25,4-6,50-150nm,1.7142857142857142,7
2019-02-25,6-10,0-50nm,20.714285714285715,7
2019-02-25,6-10,150-300nm,13.0,7
2019-02-25,6-10,50-150nm,11.857142857142858,7
2019-02-25,<2,0-50nm,532.7142857142857,7
2019-02-25,<2,150-300nm,34.42857142857143,7
2019-02-25,<2,50-150nm,48.285714285714285,7
2019-02-25,>25,0-50nm,0.0,7
2019-02-25,>25,150-300nm,0.0,7
2019-02-25,>25,50-150nm,0.0,7
2019-03-04,10-15,0-50nm,43.0,7
2019-03-04,10-15,150-300nm,132.42857142857142,7
2019-03-04,10-15,50-150nm,63.142857142857146,7
2019-03-04,15-25,0-50nm,3.0,7
2019-03-04,15-25,150-300nm,119.28571428571429,7
2019-03-04,15-25,50-150nm,43.0,7
2019-03-04,2-4,0-50nm,4.285714285714286,7
2019-03-04,2-4,150-300nm,1.4285714285714286,7
2019-03-04,2-4,50-150nm,1.7142857142857142,7
2019-03-04,4-6,0-50nm,4.714285714285714,7
2019-03-04,4-6,150-300nm,1.0,7
2019-03-04,4-6,50-150nm,2.4285714285714284,7
2019-03-04,6-10,0-50nm,20.0,7
2019-03-04,6-10,150-300nm,10.714285714285714,7
2019-03-04,6-10,50-150nm,11.142857142857142,7
2019-03-04,<2,0-50nm,352.2857142857143,7
2019-03-04,<2,150-300nm,61.57142857142857,7
2019-03-04,<2,50-150nm,50.142857142857146,7
2019-03-04,>25,0-50nm,0.0,7
2019-03-04,>25,150-300nm,0.0,7
2019-03-04,>25,50-150nm,0.0,7
2019-03-11,10-15,0-50nm,53.42857142857143,7
2019-03-11,10-15,150-300nm,120.57142857142857,7
2019-03-11,10-15,50-150nm,66.57142857142857,7
2019-03-11,15-25,0-50nm,2.857142857142857,7
2019-03-11,15-25,150-300nm,93.28571428571429,7
2019-03-11,15-25,50-150nm,49.857142857142854,7
2019-03-11,2-4,0-50nm,3.857142857142857,7
2019-03-11,2-4,150-300nm,2.0,7
2019-03-11,2-4,50-150nm,1.2857142857142858,7
2019-03-11,4-6,0-50nm,8.0,7
2019-03-11,4-6,150-300nm,4.571428571428571,7
2019-03-11,4-6,50-150nm,2.2857142857142856,7
2019-03-11,6-10,0-50nm,23.571428571428573,7
2019-03-11,6-10,150-300nm,23.571428571428573,7
2019-03-11,6-10,50-150nm,20.571428571428573,7
2019-03-11,<2,0-50nm,422.85714285714283,7
2019-03-11,<2,150-300nm,35.714285714285715,7
2019-03-11,<2,50-150nm,67.14285714285714,7
2019-03-11,>25,0-50nm,0.0,7
2019-03-11,>25,150-300nm,0.0,7
2019-03-11,>25,50-150nm,0.0,7
2019-03-18,10-15,0-50nm,44.285714285714285,7
2019-03-18,10-15,150-300nm,132.57142857142858,7
2019-03-18,10-15,50-150nm,61.142857142857146,7
2019-03-18,15-25,0-50nm,3.2857142857142856,7
2019-03-18,15-25,150-300nm,132.0,7
2019-03-18,15-25,50-150nm,44.0,7
2019-03-18,2-4,0-50nm,3.142857142857143,7
2019-03-18,2-4,150-300nm,2.142857142857143,7
2019-03-18,2-4,50-150nm,3.857142857142857,7
2019-03-18,4-6,0-50nm,7.0,7
2019-03-18,4-6,150-300nm,1.1428571428571428,7
2019-03-18,4-6,50-150nm,2.5714285714285716,7
2019-03-18,6-10,0-50nm,21.428571428571427,7
2019-03-18,6-10,150-300nm,17.428571428571427,7
2019-03-18,6-10,50-150nm,24.142857142857142,7
2019-03-18,<2,0-50nm,450.85714285714283,7
2019-03-18,<2,150-300nm,52.285714285714285,7
2019-03-18,<2,50-150nm,90.28571428571429,7
2019-03-18,>25,0-50nm,0.0,7
2019-03-18,>25,150-300nm,0.0,7
2019-03-18,>25,50-150nm,0.0,7
2019-03-25,10-15,0-50nm,46.714285714285715,7
2019-03-25,10-15,150-300nm,157.57142857142858,7
2019-03-25,10-15,50-150nm,66.42857142857143,7
2019-03-25,15-25,0-50nm,3.857142857142857,7
2019-03-25,15-25,150-300nm,119.0,7
2019-03-25,15-25,50-150nm,49.142857142857146,7
2019-03-25,2-4,0-50nm,4.142857142857143,7
2019-03-25,2-4,150-300nm,4.0,7
2019-03-25,2-4,50-150nm,2.0,7
2019-03-25,4-6,0-50nm,7.571428571428571,7
2019-03-25,4-6,150-300nm,1.2857142857142858,7
2019-03-25,4-6,50-150nm,1.2857142857142858,7
2019-03-25,6-10,0-50nm,26.0,7
2019-03-25,6-10,150-300nm,15.857142857142858,7
2019-03-25,6-10,50-150nm,21.285714285714285,7
2019-03-25,<2,0-50nm,488.85714285714283,7
2019-03-25,<2,150-300nm,37.857142857142854,7
2019-03-25,<2,50-150nm,72.57142857142857,7
2019-03-25,>25,0-50nm,0.0,7
2019-03-25,>25,150-300nm,0.0,7
2019-03-25,>25,50-150nm,0.0,7
2019-04-01,10-15,0-50nm,46.0,7
2019-04-01,10-15,150-300nm,165.14285714285714,7
2019-04-01,10-15,50-150nm,86.42857142857143,7
2019-04-01,15-25,0-50nm,3.857142857142857,7
2019-04-01,15-25,150-300nm,114.57142857142857,7
2019-04-01,15-25,50-150nm,47.57142857142857,7
2019-04-01,2-4,0-50nm,3.857142857142857,7
2019-04-01,2-4,150-300nm,1.5714285714285714,7
2019-04-01,2-4,50-150nm,2.4285714285714284,7
2019-04-01,4-6,0-50nm,6.571428571428571,7
2019-04-01,4-6,150-300nm,0.8571428571428571,7
2019-04-01,4-6,50-150nm,2.142857142857143,7
2019-04-01,6-10,0-50nm,30.285714285714285,7
2019-04-01,6-10,150-300nm,9.0,7
2019-04-01,6-10,50-150nm,13.714285714285714,7
2019-04-01,<2,0-50nm,486.57142857142856,7
2019-04-01,<2,150-300nm,62.57142857142857,7
2019-04-01,<2,50-150nm,44.42857142857143,7
2019-04-01,>25,0-50nm,0.0,7
2019-04-01,>25,150-300nm,0.0,7
2019-04-01,>25,50-150nm,0.0,7
2019-04-08,10-15,0-50nm,53.714285714285715,7
2019-04-08,10-15,150-300nm,137.14285714285714,7
2019-04-08,10-15,50-150nm,67.42857142857143,7
2019-04-08,15-25,0-50nm,5.571428571428571,7
2019-04-08,15-25,150-300nm,130.85714285714286,7
2019-04-08,15-25,50-150nm,52.42857142857143,7
2019-04-08,2-4,0-50nm,6.0,7
2019-04-08,2-4,150-300nm,0.5714285714285714,7
2019-04-08,2-4,50-150nm,2.142857142857143,7
2019-04-08,4-6,0-50nm,7.714285714285714,7
2019-04-08,4-6,150-300nm,11.0,7
2019-04-08,4-6,50-150nm,4.142857142857143,7
2019-04-08,6-10,0-50nm,28.285714285714285,7
2019-04-08,6-10,150-300nm,45.42857142857143,7
2019-04-08,6-10,50-150nm,28.714285714285715,7
2019-04-08,<2,0-50nm,477.42857142857144,7
2019-04-08,<2,150-300nm,56.714285714285715,7
2019-04-08,<2,50-150nm,106.71428571428571,7
2019-04-08,>25,0-50nm,0.0,7
2019-04-08,>25,150-300nm,0.0,7
2019-04-08,>25,50-150nm,0.0,7
2019-04-15,10-15,0-50nm,54.142857142857146,7
2019-04-15,10-15,150-300nm,155.71428571428572,7
2019-04-15,10-15,50-150nm,82.42857142857143,7
2019-04-15,15-25,0-50nm,3.142857142857143,7
2019-04-15,15-25,150-300nm,130.71428571428572,7
2019-04-15,15-25,50-150nm,44.42857142857143,7
2019-04-15,2-4,0-50nm,5.0,7
2019-04-15,2-4,150-300nm,4.571428571428571,7
2019-04-15,2-4,50-150nm,2.2857142857142856,7
2019-04-15,4-6,0-50nm,5.428571428571429,7
2019-04-15,4-6,150-300nm,0.5714285714285714,7
2019-04-15,4-6,50-150nm,2.4285714285714284,7
2019-04-15,6-10,0-50nm,20.428571428571427,7
2019-04-15,6-10,150-300nm,21.142857142857142,7
2019-04-15,6-10,50-150nm,18.714285714285715,7
2019-04-15,<2,0-50nm,448.42857142857144,7
2019-04-15,<2,150-300nm,53.857142857142854,7
2019-04-15,<2,50-150nm,102.71428571428571,7
2019-04-15,>25,0-50nm,0.0,7
2019-04-15,>25,150-300nm,0.0,7
2019-04-15,>25,50-150nm,0.0,7
2019-04-22,10-15,0-50nm,39.142857142857146,7
2019-04-22,10-15,150-300nm,157.85714285714286,7
2019-04-22,10-15,50-150nm,64.57142857142857,7
2019-04-22,15-25,0-50nm,4.714285714285714,7
2019-04-22,15-25,150-300nm,104.28571428571429,7
2019-04-22,15-25,50-150nm,34.285714285714285,7
2019-04-22,2-4,0-50nm,4.428571428571429,7
2019-04-22,2-4,150-300nm,2.2857142857142856,7
2019-04-22,2-4,50-150nm,1.4285714285714286,7
2019-04-22,4-6,0-50nm,5.0,7
2019-04-22,4-6,150-300nm,0.7142857142857143,7
2019-04-22,4-6,50-150nm,2.0,7
2019-04-22,6-10,0-50nm,26.428571428571427,7
2019-04-22,6-10,150-300nm,17.428571428571427,7
2019-04-22,6-10,50-150nm,16.428571428571427,7
2019-04-22,<2,0-50nm,443.14285714285717,7
2019-04-22,<2,150-300nm,24.571428571428573,7
2019-04-22,<2,50-150nm,58.285714285714285,7
2019-04-22,>25,0-50nm,0.0,7
2019-04-22,>25,150-300nm,0.0,7
2019-04-22,>25,50-150nm,0.0,7
2019-04-29,10-15,0-50nm,47.42857142857143,7
2019-04-29,10-15,150-300nm,146.28571428571428,7
2019-04-29,10-15,50-150nm,77.14285714285714,7
2019-04-29,15-25,0-50nm,4.142857142857143,7
2019-04-29,15-25,150-300nm,117.85714285714286,7
2019-04-29,15-25,50-150nm,43.285714285714285,7
2019-04-29,2-4,0-50nm,4.428571428571429,7
2019-04-29,2-4,150-300nm,1.5714285714285714,7
2019-04-29,2-4,50-150nm,2.0,7
2019-04-29,4-6,0-50nm,5.857142857142857,7
2019-04-29,4-6,150-300nm,0.7142857142857143,7
2019-04-29,4-6,50-150nm,2.2857142857142856,7
2019-04-29,6-10,0-50nm,25.0,7
2019-04-29,6-10,150-300nm,6.714285714285714,7
2019-04-29,6-10,50-150nm,6.428571428571429,7
2019-04-29,<2,0-50nm,447.57142857142856,7
2019-04-29,<2,150-300nm,54.714285714285715,7
2019-04-29,<2,50-150nm,50.57142857142857,7
2019-04-29,>25,0-50nm,0.0,7
2019-04-29,>25,150-300nm,0.0,7
2019-04-29,>25,50-150nm,0.0,7
2019-05-06,10-15,0-50nm,47.42857142857143,7
2019-05-06,10-15,150-300nm,166.71428571428572,7
2019-05-06,10-15,50-150nm,67.42857142857143,7
2019-05-06,15-25,0-50nm,4.428571428571429,7
2019-05-06,15-25,150-300nm,137.14285714285714,7
2019-05-06,15-25,50-150nm,48.714285714285715,7
2019-05-06,2-4,0-50nm,5.428571428571429,7
2019-05-06,2-4,150-300nm,7.142857142857143,7
2019-05-06,2-4,50-150nm,2.0,7
2019-05-06,4-6,0-50nm,6.285714285714286,7
2019-05-06,4-6,150-300nm,1.1428571428571428,7
2019-05-06,4-6,50-150nm,2.857142857142857,7
2019-05-06,6-10,0-50nm,30.285714285714285,7
2019-05-06,6-10,150-300nm,18.142857142857142,7
2019-05-06,6-10,50-150nm,27.142857142857142,7
2019-05-06,<2,0-50nm,400.14285714285717,7
2019-05-06,<2,150-300nm,81.85714285714286,7
2019-05-06,<2,50-150nm,64.57142857142857,7
2019-05-06,>25,0-50nm,0.0,7
2019-05-06,>25,150-300nm,0.0,7
2019-05-06,>25,50-150nm,0.0,7
2019-05-13,10-15,0-50nm,39.142857142857146,7
2019-05-13,10-15,150-300nm,169.85714285714286,7
2019-05-13,10-15,50-150nm,79.57142857142857,7
2019-05-13,15-25,0-50nm,2.4285714285714284,7
2019-05-13,15-25,150-300nm,143.85714285714286,7
2019-05-13,15-25,50-150nm,35.57142857142857,7
2019-05-13,2-4,0-50nm,4.571428571428571,7
2019-05-13,2-4,150-300nm,1.4285714285714286,7
2019-05-13,2-4,50-150nm,2.5714285714285716,7
2019-05-13,4-6,0-50nm,5.714285714285714,7
2019-05-13,4-6,150-300nm,0.8571428571428571,7
2019-05-13,4-6,50-150nm,1.4285714285714286,7
2019-05-13,6-10,0-50nm,37.0,7
2019-05-13,6-10,150-300nm,13.428571428571429,7
2019-05-13,6-10,50-150nm,41.57142857142857,7
2019-05-13,<2,0-50nm,472.2857142857143,7
2019-05-13,<2,150-300nm,46.285714285714285,7
2019-05-13,<2,50-150nm,84.0,7
2019-05-13,>25,0-50nm,0.0,7
2019-05-13,>25,150-300nm,0.0,7
2019-05-13,>25,50-150nm,0.0,7
2019-05-20,10-15,0-50nm,35.57142857142857,7
2019-05-20,10-15,150-300nm,157.85714285714286,7
2019-05-20,10-15,50-150nm,68.0,7
2019-05-20,15-25,0-50nm,3.2857142857142856,7
2019-05-20,15-25,150-300nm,119.57142857142857,7
2019-05-20,15-25,50-150nm,31.0,7
2019-05-20,2-4,0-50nm,4.142857142857143,7
2019-05-20,2-4,150-300nm,3.5714285714285716,7
2019-05-20,2-4,50-150nm,4.571428571428571,7
2019-05-20,4-6,0-50nm,5.0,7
2019-05-20,4-6,150-300nm,0.7142857142857143,7
2019-05-20,4-6,50-150nm,2.857142857142857,7
2019-05-20,6-10,0-50nm,44.57142857142857,7
2019-05-20,6-10,150-300nm,42.285714285714285,7
2019-05-20,6-10,50-150nm,60.714285714285715,7
2019-05-20,<2,0-50nm,466.57142857142856,7
2019-05-20,<2,150-300nm,74.71428571428571,7
2019-05-20,<2,50-150nm,77.57142857142857,7
2019-05-20,>25,0-50nm,0.0,7
2019-05-20,>25,150-300nm,0.0,7
2019-05-20,>25,50-150nm,0.0,7
2019-05-27,10-15,0-50nm,30.142857142857142,7
2019-05-27,10-15,150-300nm,160.71428571428572,7
2019-05-27,10-15,50-150nm,56.714285714285715,7
2019-05-27,15-25,0-50nm,2.142857142857143,7
2019-05-27,15-25,150-300nm,127.0,7
2019-05-27,15-25,50-150nm,30.285714285714285,7
2019-05-27,2-4,0-50nm,4.857142857142857,7
2019-05-27,2-4,150-300nm,2.7142857142857144,7
2019-05-27,2-4,50-150nm,2.2857142857142856,7
2019-05-27,4-6,0-50nm,6.285714285714286,7
2019-05-27,4-6,150-300nm,1.0,7
2019-05-27,4-6,50-150nm,1.8571428571428572,7
2019-05-27,6-10,0-50nm,39.0,7
2019-05-27,6-10,150-300nm,22.571428571428573,7
2019-05-27,6-10,50-150nm,52.285714285714285,7
2019-05-27,<2,0-50nm,491.85714285714283,7
2019-05-27,<2,150-300nm,24.142857142857142,7
2019-05-27,<2,50-150nm,48.857142857142854,7
2019-05-27,>25,0-50nm,0.0,7
2019-05-27,>25,150-300nm,0.0,7
2019-05-27,>25,50-150nm,0.0,7
2019-06-03,10-15,0-50nm,37.857142857142854,7
2019-06-03,10-15,150-300nm,146.71428571428572,7
2019-06-03,10-15,50-150nm,67.28571428571429,7
2019-06-03,15-25,0-50nm,3.857142857142857,7
2019-06-03,15-25,150-300nm,158.0,7
2019-06-03,15-25,50-150nm,38.857142857142854,7
2019-06-03,2-4,0-50nm,4.857142857142857,7
2019-06-03,2-4,150-300nm,2.2857142857142856,7
2019-06-03,2-4,50-150nm,2.142857142857143,7
2019-06-03,4-6,0-50nm,6.285714285714286,7
2019-06-03,4-6,150-300nm,1.2857142857142858,7
2019-06-03,4-6,50-150nm,2.4285714285714284,7
2019-06-03,6-10,0-50nm,45.0,7
2019-06-03,6-10,150-300nm,21.428571428571427,7
2019-06-03,6-10,50-150nm,47.714285714285715,7
2019-06-03,<2,0-50nm,457.85714285714283,7
2019-06-03,<2,150-300nm,11.0,7
2019-06-03,<2,50-150nm,67.57142857142857,7
2019-06-03,>25,0-50nm,0.0,7
2019-06-03,>25,150-300nm,0.0,7
2019-06-03,>25,50-150nm,0.0,7
2019-06-10,10-15,0-50nm,37.285714285714285,7
2019-06-10,10-15,150-300nm,196.42857142857142,7
2019-06-10,10-15,50-150nm,70.71428571428571,7
2019-06-10,15-25,0-50nm,2.2857142857142856,7
2019-06-10,15-25,150-300nm,144.71428571428572,7
2019-06-10,15-25,50-150nm,27.571428571428573,7
2019-06-10,2-4,0-50nm,4.571428571428571,7
2019-06-10,2-4,150-300nm,1.1428571428571428,7
2019-06-10,2-4,50-150nm,2.2857142857142856,7
2019-06-10,4-6,0-50nm,6.285714285714286,7
2019-06-10,4-6,150-300nm,0.8571428571428571,7
2019-06-10,4-6,50-150nm,3.0,7
2019-06-10,6-10,0-50nm,39.57142857142857,7
2019-06-10,6-10,150-300nm,25.142857142857142,7
2019-06-10,6-10,50-150nm,52.142857142857146,7
2019-06-10,<2,0-50nm,460.14285714285717,7
2019-06-10,<2,150-300nm,33.714285714285715,7
2019-06-10,<2,50-150nm,87.28571428571429,7
2019-06-10,>25,0-50nm,0.0,7
2019-06-10,>25,150-300nm,0.0,7
2019-06-10,>25,50-150nm,0.0,7
2019-06-17,10-15,0-50nm,37.285714285714285,7
2019-06-17,10-15,150-300nm,147.28571428571428,7
2019-06-17,10-15,50-150nm,67.71428571428571,7
2019-06-17,15-25,0-50nm,2.857142857142857,7
2019-06-17,15-25,150-300nm,129.57142857142858,7
2019-06-17,15-25,50-150nm,34.714285714285715,7
2019-06-17,2-4,0-50nm,4.714285714285714,7
2019-06-17,2-4,150-300nm,1.0,7
2019-06-17,2-4,50-150nm,1.7142857142857142,7
2019-06-17,4-6,0-50nm,6.285714285714286,7
2019-06-17,4-6,150-300nm,0.8571428571428571,7
2019-06-17,4-6,50-150nm,2.0,7
2019-06-17,6-10,0-50nm,42.857142857142854,7
2019-06-17,6-10,150-300nm,23.571428571428573,7
2019-06-17,6-10,50-150nm,51.42857142857143,7
2019-06-17,<2,0-50nm,508.57142857142856,7
2019-06-17,<2,150-300nm,68.57142857142857,7
2019-06-17,<2,50-150nm,73.71428571428571,7
2019-06-17,>25,0-50nm,0.0,7
2019-06-17,>25,150-300nm,0.0,7
2019-06-17,>25,50-150nm,0.0,7
2019-06-24,10-15,0-50nm,37.57142857142857,7
2019-06-24,10-15,150-300nm,173.85714285714286,7
2019-06-24,10-15,50-150nm,60.0,7
2019-06-24,15-25,0-50nm,2.4285714285714284,7
2019-06-24,15-25,150-300nm,150.0,7
2019-06-24,15-25,50-150nm,36.57142857142857,7
2019-06-24,2-4,0-50nm,4.857142857142857,7
2019-06-24,2-4,150-300nm,3.0,7
2019-06-24,2-4,50-150nm,2.2857142857142856,7
2019-06-24,4-6,0-50nm,5.857142857142857,7
2019-06-24,4-6,150-300nm,2.7142857142857144,7
2019-06-24,4-6,50-150nm,5.285714285714286,7
2019-06-24,6-10,0-50nm,42.714285714285715,7
2019-06-24,6-10,150-300nm,19.714285714285715,7
2019-06-24,6-10,50-150nm,56.0,7
2019-06-24,<2,0-50nm,538.7142857142857,7
2019-06-24,<2,150-300nm,59.142857142857146,7
2019-06-24,<2,50-150nm,60.714285714285715,7
2019-06-24,>25,0-50nm,0.0,7
2019-06-24,>25,150-300nm,0.0,7
2019-06-24,>25,50-150nm,0.0,7
2019-07-01,10-15,0-50nm,37.714285714285715,7
2019-07-01,10-15,150-300nm,160.14285714285714,7
2019-07-01,10-15,50-150nm,67.14285714285714,7
2019-07-01,15-25,0-50nm,4.857142857142857,7
2019-07-01,15-25,150-300nm,125.57142857142857,7
2019-07-01,15-25,50-150nm,30.142857142857142,7
2019-07-01,2-4,0-50nm,5.142857142857143,7
2019-07-01,2-4,150-300nm,9.714285714285714,7
2019-07-01,2-4,50-150nm,3.0,7
2019-07-01,4-6,0-50nm,9.571428571428571,7
2019-07-01,4-6,150-300nm,1.4285714285714286,7
2019-07-01,4-6,50-150nm,3.2857142857142856,7
2019-07-01,6-10,0-50nm,40.0,7
2019-07-01,6-10,150-300nm,20.714285714285715,7
2019-07-01,6-10,50-150nm,44.285714285714285,7
2019-07-01,<2,0-50nm,488.42857142857144,7
2019-07-01,<2,150-300nm,22.714285714285715,7
2019-07-01,<2,50-150nm,76.42857142857143,7
2019-07-01,>25,0-50nm,0.0,7
2019-07-01,>25,150-300nm,0.0,7
2019-07-01,>25,50-150nm,0.0,7
2019-07-08,10-15,0-50nm,35.0,7
2019-07-08,10-15,150-300nm,195.14285714285714,7
2019-07-08,10-15,50-150nm,65.14285714285714,7
2019-07-08,15-25,0-50nm,1.8571428571428572,7
2019-07-08,15-25,150-300nm,135.57142857142858,7
2019-07-08,15-25,50-150nm,39.714285714285715,7
2019-07-08,2-4,0-50nm,5.857142857142857,7
2019-07-08,2-4,150-300nm,2.5714285714285716,7
2019-07-08,2-4,50-150nm,3.4285714285714284,7
2019-07-08,4-6,0-50nm,4.571428571428571,7
2019-07-08,4-6,150-300nm,1.2857142857142858,7
2019-07-08,4-6,50-150nm,2.7142857142857144,7
2019-07-08,6-10,0-50nm,40.42857142857143,7
2019-07-08,6-10,150-300nm,22.0,7
2019-07-08,6-10,50-150nm,47.857142857142854,7
2019-07-08,<2,0-50nm,455.42857142857144,7
2019-07-08,<2,150-300nm,45.857142857142854,7
2019-07-08,<2,50-150nm,96.42857142857143,7
2019-07-08,>25,0-50nm,0.0,7
2019-07-08,>25,150-300nm,0.0,7
2019-07-08,>25,50-150nm,0.0,7
2019-07-15,10-15,0-50nm,34.857142857142854,7
2019-07-15,10-15,150-300nm,174.28571428571428,7
2019-07-15,10-15,50-150nm,70.57142857142857,7
2019-07-15,15-25,0-50nm,3.7142857142857144,7
2019-07-15,15-25,150-300nm,142.57142857142858,7
2019-07-15,15-25,50-150nm,40.285714285714285,7
2019-07-15,2-4,0-50nm,7.142857142857143,7
2019-07-15,2-4,150-300nm,3.2857142857142856,7
2019-07-15,2-4,50-150nm,2.2857142857142856,7
2019-07-15,4-6,0-50nm,6.714285714285714,7
2019-07-15,4-6,150-300nm,1.5714285714285714,7
2019-07-15,4-6,50-150nm,1.7142857142857142,7
2019-07-15,6-10,0-50nm,45.57142857142857,7
2019-07-15,6-10,150-300nm,19.0,7
2019-07-15,6-10,50-150nm,57.57142857142857,7
2019-07-15,<2,0-50nm,534.7142857142857,7
2019-07-15,<2,150-300nm,39.42857142857143,7
2019-07-15,<2,50-150nm,93.0,7
2019-07-15,>25,0-50nm,0.0,7
2019-07-15,>25,150-300nm,0.0,7
2019-07-15,>25,50-150nm,0.0,7
2019-07-22,10-15,0-50nm,30.857142857142858,7
2019-07-22,10-15,150-300nm,198.57142857142858,7
2019-07-22,10-15,50-150nm,63.142857142857146,7
2019-07-22,15-25,0-50nm,2.142857142857143,7
2019-07-22,15-25,150-300nm,149.85714285714286,7
2019-07-22,15-25,50-150nm,33.42857142857143,7
2019-07-22,2-4,0-50nm,6.142857142857143,7
2019-07-22,2-4,150-300nm,4.714285714285714,7
2019-07-22,2-4,50-150nm,6.0,7
2019-07-22,4-6,0-50nm,7.571428571428571,7
2019-07-22,4-6,150-300nm,1.1428571428571428,7
2019-07-22,4-6,50-150nm,2.857142857142857,7
2019-07-22,6-10,0-50nm,52.142857142857146,7
2019-07-22,6-10,150-300nm,29.571428571428573,7
2019-07-22,6-10,50-150nm,66.71428571428571,7
2019-07-22,<2,0-50nm,477.0,7
2019-07-22,<2,150-300nm,53.0,7
2019-07-22,<2,50-150nm,120.42857142857143,7
2019-07-22,>25,0-50nm,0.0,7
2019-07-22,>25,150-300nm,0.0,7
2019-07-22,>25,50-150nm,0.0,7
2019-07-29,10-15,0-50nm,38.142857142857146,7
2019-07-29,10-15,150-300nm,190.71428571428572,7
2019-07-29,10-15,50-150nm,66.0,7
2019-07-29,15-25,0-50nm,5.714285714285714,7
2019-07-29,15-25,150-300nm,164.0,7
2019-07-29,15-25,50-150nm,39.0,7
2019-07-29,2-4,0-50nm,6.142857142857143,7
2019-07-29,2-4,150-300nm,9.0,7
2019-07-29,2-4,50-150nm,3.857142857142857,7
2019-07-29,4-6,0-50nm,7.285714285714286,7
2019-07-29,4-6,150-300nm,2.857142857142857,7
2019-07-29,4-6,50-150nm,4.571428571428571,7
2019-07-29,6-10,0-50nm,37.857142857142854,7
2019-07-29,6-10,150-300nm,34.42857142857143,7
2019-07-29,6-10,50-150nm,58.42857142857143,7
2019-07-29,<2,0-50nm,577.4285714285714,7
2019-07-29,<2,150-300nm,44.42857142857143,7
2019-07-29,<2,50-150nm,104.28571428571429,7
2019-07-29,>25,0-50nm,0.0,7
2019-07-29,>25,150-300nm,0.0,7
2019-07-29,>25,50-150nm,0.0,7
2019-08-05,10-15,0-50nm,36.0,7
2019-08-05,10-15,150-300nm,210.57142857142858,7
2019-08-05,10-15,50-150nm,61.142857142857146,7
2019-08-05,15-25,0-50nm,2.5714285714285716,7
2019-08-05,15-25,150-300nm,155.14285714285714,7
2019-08-05,15-25,50-150nm,32.142857142857146,7
2019-08-05,2-4,0-50nm,8.0,7
2019-08-05,2-4,150-300nm,0.7142857142857143,7
2019-08-05,2-4,50-150nm,2.0,7
2019-08-05,4-6,0-50nm,5.714285714285714,7
2019-08-05,4-6,150-300nm,1.0,7
2019-08-05,4-6,50-150nm,2.2857142857142856,7
2019-08-05,6-10,0-50nm,42.285714285714285,7
2019-08-05,6-10,150-300nm,11.0,7
2019-08-05,6-10,50-150nm,42.42857142857143,7
2019-08-05,<2,0-50nm,557.7142857142857,7
2019-08-05,<2,150-300nm,18.428571428571427,7
2019-08-05,<2,50-150nm,88.0,7
2019-08-05,>25,0-50nm,0.0,7
2019-08-05,>25,150-300nm,0.0,7
2019-08-05,>25,50-150nm,0.0,7
2019-08-12,10-15,0-50nm,40.714285714285715,7
2019-08-12,10-15,150-300nm,209.57142857142858,7
2019-08-12,10-15,50-150nm,78.71428571428571,7
2019-08-12,15-25,0-50nm,2.7142857142857144,7
2019-08-12,15-25,150-300nm,136.71428571428572,7
2019-08-12,15-25,50-150nm,39.142857142857146,7
2019-08-12,2-4,0-50nm,4.857142857142857,7
2019-08-12,2-4,150-300nm,1.2857142857142858,7
2019-08-12,2-4,50-150nm,3.142857142857143,7
2019-08-12,4-6,0-50nm,7.428571428571429,7
2019-08-12,4-6,150-300nm,1.0,7
2019-08-12,4-6,50-150nm,2.2857142857142856,7
2019-08-12,6-10,0-50nm,44.42857142857143,7
2019-08-12,6-10,150-300nm,25.857142857142858,7
2019-08-12,6-10,50-150nm,57.285714285714285,7
2019-08-12,<2,0-50nm,531.2857142857143,7
2019-08-12,<2,150-300nm,47.57142857142857,7
2019-08-12,<2,50-150nm,74.42857142857143,7
2019-08-12,>25,0-50nm,0.0,7
2019-08-12,>25,150-300nm,0.0,7
2019-08-12,>25,50-150nm,0.0,7
2019-08-19,10-15,0-50nm,38.285714285714285,7
2019-08-19,10-15,150-300nm,216.71428571428572,7
2019-08-19,10-15,50-150nm,66.85714285714286,7
2019-08-19,15-25,0-50nm,4.0,7
2019-08-19,15-25,150-300nm,127.0,7
2019-08-19,15-25,50-150nm,36.0,7
2019-08-19,2-4,0-50nm,5.0,7
2019-08-19,2-4,150-300nm,2.5714285714285716,7
2019-08-19,2-4,50-150nm,1.8571428571428572,7
2019-08-19,4-6,0-50nm,5.571428571428571,7
2019-08-19,4-6,150-300nm,0.7142857142857143,7
2019-08-19,4-6,50-150nm,3.857142857142857,7
2019-08-19,6-10,0-50nm,37.57142857142857,7
2019-08-19,6-10,150-300nm,12.0,7
2019-08-19,6-10,50-150nm,42.285714285714285,7
2019-08-19,<2,0-50nm,463.2857142857143,7
2019-08-19,<2,150-300nm,67.14285714285714,7
2019-08-19,<2,50-150nm,58.857142857142854,7
2019-08-19,>25,0-50nm,0.0,7
2019-08-19,>25,150-300nm,0.0,7
2019-08-19,>25,50-150nm,0.0,7
2019-08-26,10-15,0-50nm,35.714285714285715,7
2019-08-26,10-15,150-300nm,199.28571428571428,7
2019-08-26,10-15,50-150nm,70.85714285714286,7
2019-08-26,15-25,0-50nm,3.5714285714285716,7
2019-08-26,15-25,150-300nm,139.57142857142858,7
2019-08-26,15-25,50-150nm,30.714285714285715,7
2019-08-26,2-4,0-50nm,3.4285714285714284,7
2019-08-26,2-4,150-300nm,4.428571428571429,7
2019-08-26,2-4,50-150nm,1.8571428571428572,7
2019-08-26,4-6,0-50nm,7.857142857142857,7
2019-08-26,4-6,150-300nm,1.1428571428571428,7
2019-08-26,4-6,50-150nm,2.142857142857143,7
2019-08-26,6-10,0-50nm,39.714285714285715,7
2019-08-26,6-10,150-300nm,13.428571428571429,7
2019-08-26,6-10,50-150nm,46.285714285714285,7
2019-08-26,<2,0-50nm,427.42857142857144,7
2019-08-26,<2,150-300nm,103.42857142857143,7
2019-08-26,<2,50-150nm,90.14285714285714,7
2019-08-26,>25,0-50nm,0.0,7
2019-08-26,>25,150-300nm,0.0,7
2019-08-26,>25,50-150nm,0.0,7
2019-09-02,10-15,0-50nm,33.42857142857143,7
2019-09-02,10-15,150-300nm,154.14285714285714,7
2019-09-02,10-15,50-150nm,53.142857142857146,7
2019-09-02,15-25,0-50nm,2.5714285714285716,7
2019-09-02,15-25,150-300nm,146.71428571428572,7
2019-09-02,15-25,50-150nm,34.142857142857146,7
2019-09-02,2-4,0-50nm,7.285714285714286,7
2019-09-02,2-4,150-300nm,1.7142857142857142,7
2019-09-02,2-4,50-150nm,3.7142857142857144,7
2019-09-02,4-6,0-50nm,4.714285714285714,7
2019-09-02,4-6,150-300nm,3.7142857142857144,7
2019-09-02,4-6,50-150nm,1.8571428571428572,7
2019-09-02,6-10,0-50nm,35.142857142857146,7
2019-09-02,6-10,150-300nm,26.142857142857142,7
2019-09-02,6-10,50-150nm,55.285714285714285,7
2019-09-02,<2,0-50nm,425.2857142857143,7
2019-09-02,<2,150-300nm,121.57142857142857,7
2019-09-02,<2,50-150nm,109.28571428571429,7
2019-09-02,>25,0-50nm,0.0,7
2019-09-02,>25,150-300nm,0.0,7
2019-09-02,>25,50-150nm,0.0,7
2019-09-09,10-15,0-50nm,34.714285714285715,7
2019-09-09,10-15,150-300nm,206.42857142857142,7
2019-09-09,10-15,50-150nm,73.42857142857143,7
2019-09-09,15-25,0-50nm,4.142857142857143,7
2019-09-09,15-25,150-300nm,130.42857142857142,7
2019-09-09,15-25,50-150nm,34.714285714285715,7
2019-09-09,2-4,0-50nm,4.285714285714286,7
2019-09-09,2-4,150-300nm,7.714285714285714,7
2019-09-09,2-4,50-150nm,3.857142857142857,7
2019-09-09,4-6,0-50nm,5.857142857142857,7
2019-09-09,4-6,150-300nm,2.5714285714285716,7
2019-09-09,4-6,50-150nm,2.7142857142857144,7
2019-09-09,6-10,0-50nm,40.42857142857143,7
2019-09-09,6-10,150-300nm,24.0,7
2019-09-09,6-10,50-150nm,45.57142857142857,7
2019-09-09,<2,0-50nm,483.7142857142857,7
2019-09-09,<2,150-300nm,69.14285714285714,7
2019-09-09,<2,50-150nm,125.57142857142857,7
2019-09-09,>25,0-50nm,0.0,7
2019-09-09,>25,150-300nm,0.0,7
2019-09-09,>25,50-150nm,0.0,7
2019-09-16,10-15,0-50nm,36.142857142857146,7
2019-09-16,10-15,150-300nm,181.85714285714286,7
2019-09-16,10-15,50-150nm,75.28571428571429,7
2019-09-16,15-25,0-50nm,2.0,7
2019-09-16,15-25,150-300nm,108.28571428571429,7
2019-09-16,15-25,50-150nm,33.142857142857146,7
2019-09-16,2-4,0-50nm,4.857142857142857,7
2019-09-16,2-4,150-300nm,1.4285714285714286,7
2019-09-16,2-4,50-150nm,2.7142857142857144,7
2019-09-16,4-6,0-50nm,9.0,7
2019-09-16,4-6,150-300nm,3.857142857142857,7
2019-09-16,4-6,50-150nm,3.0,7
2019-09-16,6-10,0-50nm,43.714285714285715,7
2019-09-16,6-10,150-300nm,24.857142857142858,7
2019-09-16,6-10,50-150nm,55.42857142857143,7
2019-09-16,<2,0-50nm,478.7142857142857,7
2019-09-16,<2,150-300nm,28.142857142857142,7
2019-09-16,<2,50-150nm,68.14285714285714,7
2019-09-16,>25,0-50nm,0.0,7
2019-09-16,>25,150-300nm,0.0,7
2019-09-16,>25,50-150nm,0.0,7
2019-09-23,10-15,0-50nm,40.42857142857143,7
2019-09-23,10-15,150-300nm,179.0,7
2019-09-23,10-15,50-150nm,74.57142857142857,7
2019-09-23,15-25,0-50nm,4.0,7
2019-09-23,15-25,150-300nm,111.71428571428571,7
2019-09-23,15-25,50-150nm,32.0,7
2019-09-23,2-4,0-50nm,3.857142857142857,7
2019-09-23,2-4,150-300nm,2.857142857142857,7
2019-09-23,2-4,50-150nm,3.5714285714285716,7
2019-09-23,4-6,0-50nm,6.428571428571429,7
2019-09-23,4-6,150-300nm,1.0,7
2019-09-23,4-6,50-150nm,3.0,7
2019-09-23,6-10,0-50nm,44.142857142857146,7
2019-09-23,6-10,150-300nm,21.285714285714285,7
2019-09-23,6-10,50-150nm,57.142857142857146,7
2019-09-23,<2,0-50nm,467.85714285714283,7
2019-09-23,<2,150-300nm,62.142857142857146,7
2019-09-23,<2,50-150nm,76.85714285714286,7
2019-09-23,>25,0-50nm,0.0,7
2019-09-23,>25,150-300nm,0.0,7
2019-09-23,>25,50-150nm,0.0,7
2019-09-30,10-15,0-50nm,44.857142857142854,7
2019-09-30,10-15,150-300nm,172.71428571428572,7
2019-09-30,10-15,50-150nm,80.14285714285714,7
2019-09-30,15-25,0-50nm,1.8571428571428572,7
2019-09-30,15-25,150-300nm,122.71428571428571,7
2019-09-30,15-25,50-150nm,29.714285714285715,7
2019-09-30,2-4,0-50nm,4.571428571428571,7
2019-09-30,2-4,150-300nm,2.857142857142857,7
2019-09-30,2-4,50-150nm,1.1428571428571428,7
2019-09-30,4-6,0-50nm,7.0,7
2019-09-30,4-6,150-300nm,1.0,7
2019-09-30,4-6,50-150nm,2.7142857142857144,7
2019-09-30,6-10,0-50nm,34.857142857142854,7
2019-09-30,6-10,150-300nm,40.714285714285715,7
2019-09-30,6-10,50-150nm,45.714285714285715,7
2019-09-30,<2,0-50nm,536.4285714285714,7
2019-09-30,<2,150-300nm,10.714285714285714,7
2019-09-30,<2,50-150nm,65.85714285714286,7
2019-09-30,>25,0-50nm,0.0,7
2019-09-30,>25,150-300nm,0.0,7
2019-09-30,>25,50-150nm,0.0,7
2019-10-07,10-15,0-50nm,39.285714285714285,7
2019-10-07,10-15,150-300nm,127.0,7
2019-10-07,10-15,50-150nm,65.57142857142857,7
2019-10-07,15-25,0-50nm,4.142857142857143,7
2019-10-07,15-25,150-300nm,138.14285714285714,7
2019-10-07,15-25,50-150nm,37.0,7
2019-10-07,2-4,0-50nm,5.857142857142857,7
2019-10-07,2-4,150-300nm,1.2857142857142858,7
2019-10-07,2-4,50-150nm,1.2857142857142858,7
2019-10-07,4-6,0-50nm,4.857142857142857,7
2019-10-07,4-6,150-300nm,1.7142857142857142,7
2019-10-07,4-6,50-150nm,2.7142857142857144,7
2019-10-07,6-10,0-50nm,42.0,7
2019-10-07,6-10,150-300nm,14.714285714285714,7
2019-10-07,6-10,50-150nm,42.0,7
2019-10-07,<2,0-50nm,482.85714285714283,7
2019-10-07,<2,150-300nm,32.57142857142857,7
2019-10-07,<2,50-150nm,44.857142857142854,7
2019-10-07,>25,0-50nm,0.0,7
2019-10-07,>25,150-300nm,0.0,7
2019-10-07,>25,50-150nm,0.0,7
2019-10-14,10-15,0-50nm,40.42857142857143,7
2019-10-14,10-15,150-300nm,209.28571428571428,7
2019-10-14,10-15,50-150nm,69.28571428571429,7
2019-10-14,15-25,0-50nm,2.142857142857143,7
2019-10-14,15-25,150-300nm,109.71428571428571,7
2019-10-14,15-25,50-150nm,34.857142857142854,7
2019-10-14,2-4,0-50nm,3.7142857142857144,7
2019-10-14,2-4,150-300nm,5.428571428571429,7
2019-10-14,2-4,50-150nm,2.0,7
2019-10-14,4-6,0-50nm,7.571428571428571,7
2019-10-14,4-6,150-300nm,0.5714285714285714,7
2019-10-14,4-6,50-150nm,1.7142857142857142,7
2019-10-14,6-10,0-50nm,43.142857142857146,7
2019-10-14,6-10,150-300nm,25.142857142857142,7
2019-10-14,6-10,50-150nm,56.57142857142857,7
2019-10-14,<2,0-50nm,539.0,7
2019-10-14,<2,150-300nm,58.285714285714285,7
2019-10-14,<2,50-150nm,49.57142857142857,7
2019-10-14,>25,0-50nm,0.0,7
2019-10-14,>25,150-300nm,0.14285714285714285,7
2019-10-14,>25,50-150nm,0.0,7
2019-10-21,10-15,0-50nm,40.714285714285715,7
2019-10-21,10-15,150-300nm,155.71428571428572,7
2019-10-21,10-15,50-150nm,71.0,7
2019-10-21,15-25,0-50nm,2.7142857142857144,7
2019-10-21,15-25,150-300nm,127.57142857142857,7
2019-10-21,15-25,50-150nm,33.285714285714285,7
2019-10-21,2-4,0-50nm,5.714285714285714,7
2019-10-21,2-4,150-300nm,4.285714285714286,7
2019-10-21,2-4,50-150nm,2.7142857142857144,7
2019-10-21,4-6,0-50nm,7.714285714285714,7
2019-10-21,4-6,150-300nm,1.4285714285714286,7
2019-10-21,4-6,50-150nm,3.2857142857142856,7
2019-10-21,6-10,0-50nm,48.0,7
2019-10-21,6-10,150-300nm,28.857142857142858,7
2019-10-21,6-10,50-150nm,56.285714285714285,7
2019-10-21,<2,0-50nm,507.57142857142856,7
2019-10-21,<2,150-300nm,80.28571428571429,7
2019-10-21,<2,50-150nm,59.57142857142857,7
2019-10-21,>25,0-50nm,0.0,7
2019-10-21,>25,150-300nm,0.0,7
2019-10-21,>25,50-150nm,0.0,7
2019-10-28,10-15,0-50nm,28.428571428571427,7
2019-10-28,10-15,150-300nm,125.14285714285714,7
2019-10-28,10-15,50-150nm,49.714285714285715,7
2019-10-28,15-25,0-50nm,2.142857142857143,7
2019-10-28,15-25,150-300nm,125.14285714285714,7
2019-10-28,15-25,50-150nm,38.142857142857146,7
2019-10-28,2-4,0-50nm,4.857142857142857,7
2019-10-28,2-4,150-300nm,2.4285714285714284,7
2019-10-28,2-4,50-150nm,1.1428571428571428,7
2019-10-28,4-6,0-50nm,6.0,7
2019-10-28,4-6,150-300nm,1.7142857142857142,7
2019-10-28,4-6,50-150nm,1.8571428571428572,7
2019-10-28,6-10,0-50nm,40.0,7
2019-10-28,6-10,150-300nm,16.571428571428573,7
2019-10-28,6-10,50-150nm,46.0,7
2019-10-28,<2,0-50nm,452.7142857142857,7
2019-10-28,<2,150-300nm,54.142857142857146,7
2019-10-28,<2,50-150nm,46.57142857142857,7
2019-10-28,>25,0-50nm,0.0,7
2019-10-28,>25,150-300nm,0.0,7
2019-10-28,>25,50-150nm,0.0,7
2019-11-04,10-15,0-50nm,42.285714285714285,7
2019-11-04,10-15,150-300nm,133.57142857142858,7
2019-11-04,10-15,50-150nm,69.28571428571429,7
2019-11-04,15-25,0-50nm,3.142857142857143,7
2019-11-04,15-25,150-300nm,129.57142857142858,7
2019-11-04,15-25,50-150nm,34.714285714285715,7
2019-11-04,2-4,0-50nm,5.142857142857143,7
2019-11-04,2-4,150-300nm,0.7142857142857143,7
2019-11-04,2-4,50-150nm,1.7142857142857142,7
2019-11-04,4-6,0-50nm,6.142857142857143,7
2019-11-04,4-6,150-300nm,0.7142857142857143,7
2019-11-04,4-6,50-150nm,1.8571428571428572,7
2019-11-04,6-10,0-50nm,39.142857142857146,7
2019-11-04,6-10,150-300nm,8.285714285714286,7
2019-11-04,6-10,50-150nm,40.714285714285715,7
2019-11-04,<2,0-50nm,435.85714285714283,7
2019-11-04,<2,150-300nm,38.57142857142857,7
2019-11-04,<2,50-150nm,56.285714285714285,7
2019-11-04,>25,0-50nm,0.0,7
2019-11-04,>25,150-300nm,0.0,7
2019-11-04,>25,50-150nm,0.0,7
2019-11-11,10-15,0-50nm,38.714285714285715,7
2019-11-11,10-15,150-300nm,169.57142857142858,7
2019-11-11,10-15,50-150nm,73.0,7
2019-11-11,15-25,0-50nm,3.4285714285714284,7
2019-11-11,15-25,150-300nm,111.71428571428571,7
2019-11-11,15-25,50-150nm,34.857142857142854,7
2019-11-11,2-4,0-50nm,5.285714285714286,7
2019-11-11,2-4,150-300nm,0.7142857142857143,7
2019-11-11,2-4,50-150nm,2.5714285714285716,7
2019-11-11,4-6,0-50nm,7.857142857142857,7
2019-11-11,4-6,150-300nm,2.857142857142857,7
2019-11-11,4-6,50-150nm,3.142857142857143,7
2019-11-11,6-10,0-50nm,41.857142857142854,7
2019-11-11,6-10,150-300nm,21.142857142857142,7
2019-11-11,6-10,50-150nm,40.42857142857143,7
2019-11-11,<2,0-50nm,468.2857142857143,7
2019-11-11,<2,150-300nm,15.142857142857142,7
2019-11-11,<2,50-150nm,49.0,7
2019-11-11,>25,0-50nm,0.0,7
2019-11-11,>25,150-300nm,0.0,7
2019-11-11,>25,50-150nm,0.0,7
2019-11-18,10-15,0-50nm,42.57142857142857,7
2019-11-18,10-15,150-300nm,158.42857142857142,7
2019-11-18,10-15,50-150nm,85.28571428571429,7
2019-11-18,15-25,0-50nm,4.571428571428571,7
2019-11-18,15-25,150-300nm,115.14285714285714,7
2019-11-18,15-25,50-150nm,45.285714285714285,7
2019-11-18,2-4,0-50nm,5.428571428571429,7
2019-11-18,2-4,150-300nm,2.0,7
2019-11-18,2-4,50-150nm,3.857142857142857,7
2019-11-18,4-6,0-50nm,10.714285714285714,7
2019-11-18,4-6,150-300nm,10.0,7
2019-11-18,4-6,50-150nm,3.7142857142857144,7
2019-11-18,6-10,0-50nm,33.0,7
2019-11-18,6-10,150-300nm,37.42857142857143,7
2019-11-18,6-10,50-150nm,35.285714285714285,7
2019-11-18,<2,0-50nm,457.7142857142857,7
2019-11-18,<2,150-300nm,14.857142857142858,7
2019-11-18,<2,50-150nm,65.14285714285714,7
2019-11-18,>25,0-50nm,0.0,7
2019-11-18,>25,150-300nm,0.0,7
2019-11-18,>25,50-150nm,0.0,7
2019-11-25,10-15,0-50nm,36.142857142857146,7
2019-11-25,10-15,150-300nm,131.28571428571428,7
2019-11-25,10-15,50-150nm,70.71428571428571,7
2019-11-25,15-25,0-50nm,4.142857142857143,7
2019-11-25,15-25,150-300nm,85.71428571428571,7
2019-11-25,15-25,50-150nm,31.571428571428573,7
2019-11-25,2-4,0-50nm,3.142857142857143,7
2019-11-25,2-4,150-300nm,3.7142857142857144,7
2019-11-25,2-4,50-150nm,5.428571428571429,7
2019-11-25,4-6,0-50nm,5.857142857142857,7
2019-11-25,4-6,150-300nm,8.571428571428571,7
2019-11-25,4-6,50-150nm,3.7142857142857144,7
2019-11-25,6-10,0-50nm,31.857142857142858,7
2019-11-25,6-10,150-300nm,38.857142857142854,7
2019-11-25,6-10,50-150nm,36.0,7
2019-11-25,<2,0-50nm,478.57142857142856,7
2019-11-25,<2,150-300nm,76.57142857142857,7
2019-11-25,<2,50-150nm,79.0,7
2019-11-25,>25,0-50nm,0.0,7
2019-11-25,>25,150-300nm,0.0,7
2019-11-25,>25,50-150nm,0.0,7
2019-12-02,10-15,0-50nm,46.857142857142854,7
2019-12-02,10-15,150-300nm,173.42857142857142,7
2019-12-02,10-15,50-150nm,77.0,7
2019-12-02,15-25,0-50nm,4.0,7
2019-12-02,15-25,150-300nm,88.71428571428571,7
2019-12-02,15-25,50-150nm,37.857142857142854,7
2019-12-02,2-4,0-50nm,6.428571428571429,7
2019-12-02,2-4,150-300nm,7.285714285714286,7
2019-12-02,2-4,50-150nm,1.0,7
2019-12-02,4-6,0-50nm,6.0,7
2019-12-02,4-6,150-300nm,2.142857142857143,7
2019-12-02,4-6,50-150nm,2.857142857142857,7
2019-12-02,6-10,0-50nm,30.142857142857142,7
2019-12-02,6-10,150-300nm,25.714285714285715,7
2019-12-02,6-10,50-150nm,21.285714285714285,7
2019-12-02,<2,0-50nm,511.14285714285717,7
2019-12-02,<2,150-300nm,55.57142857142857,7
2019-12-02,<2,50-150nm,55.0,7
2019-12-02,>25,0-50nm,0.0,7
2019-12-02,>25,150-300nm,0.0,7
2019-12-02,>25,50-150nm,0.0,7
2019-12-09,10-15,0-50nm,56.142857142857146,7
2019-12-09,10-15,150-300nm,157.85714285714286,7
2019-12-09,10-15,50-150nm,80.71428571428571,7
2019-12-09,15-25,0-50nm,3.4285714285714284,7
2019-12-09,15-25,150-300nm,118.85714285714286,7
2019-12-09,15-25,50-150nm,45.57142857142857,7
2019-12-09,2-4,0-50nm,6.571428571428571,7
2019-12-09,2-4,150-300nm,2.142857142857143,7
2019-12-09,2-4,50-150nm,3.4285714285714284,7
2019-12-09,4-6,0-50nm,10.428571428571429,7
2019-12-09,4-6,150-300nm,1.4285714285714286,7
2019-12-09,4-6,50-150nm,2.5714285714285716,7
2019-12-09,6-10,0-50nm,30.0,7
2019-12-09,6-10,150-300nm,17.857142857142858,7
2019-12-09,6-10,50-150nm,29.142857142857142,7
2019-12-09,<2,0-50nm,547.2857142857143,7
2019-12-09,<2,150-300nm,27.285714285714285,7
2019-12-09,<2,50-150nm,82.57142857142857,7
2019-12-09,>25,0-50nm,0.0,7
2019-12-09,>25,150-300nm,0.0,7
2019-12-09,>25,50-150nm,0.0,7
2019-12-16,10-15,0-50nm,54.142857142857146,7
2019-12-16,10-15,150-300nm,170.85714285714286,7
2019-12-16,10-15,50-150nm,93.85714285714286,7
2019-12-16,15-25,0-50nm,6.142857142857143,7
2019-12-16,15-25,150-300nm,92.85714285714286,7
2019-12-16,15-25,50-150nm,41.285714285714285,7
2019-12-16,2-4,0-50nm,5.857142857142857,7
2019-12-16,2-4,150-300nm,4.428571428571429,7
2019-12-16,2-4,50-150nm,3.7142857142857144,7
2019-12-16,4-6,0-50nm,8.142857142857142,7
2019-12-16,4-6,150-300nm,5.285714285714286,7
2019-12-16,4-6,50-150nm,2.142857142857143,7
2019-12-16,6-10,0-50nm,34.0,7
2019-12-16,6-10,150-300nm,19.285714285714285,7
2019-12-16,6-10,50-150nm,27.285714285714285,7
2019-12-16,<2,0-50nm,459.14285714285717,7
2019-12-16,<2,150-300nm,48.0,7
2019-12-16,<2,50-150nm,138.85714285714286,7
2019-12-16,>25,0-50nm,0.0,7
2019-12-16,>25,150-300nm,0.0,7
2019-12-16,>25,50-150nm,0.0,7
2019-12-23,10-15,0-50nm,52.142857142857146,7
2019-12-23,10-15,150-300nm,175.28571428571428,7
2019-12-23,10-15,50-150nm,98.42857142857143,7
2019-12-23,15-25,0-50nm,3.2857142857142856,7
2019-12-23,15-25,150-300nm,93.42857142857143,7
2019-12-23,15-25,50-150nm,43.714285714285715,7
2019-12-23,2-4,0-50nm,8.857142857142858,7
2019-12-23,2-4,150-300nm,3.142857142857143,7
2019-12-23,2-4,50-150nm,4.714285714285714,7
2019-12-23,4-6,0-50nm,8.428571428571429,7
2019-12-23,4-6,150-300nm,2.2857142857142856,7
2019-12-23,4-6,50-150nm,3.857142857142857,7
2019-12-23,6-10,0-50nm,29.857142857142858,7
2019-12-23,6-10,150-300nm,28.142857142857142,7
2019-12-23,6-10,50-150nm,19.428571428571427,7
2019-12-23,<2,0-50nm,557.0,7
2019-12-23,<2,150-300nm,76.71428571428571,7
2019-12-23,<2,50-150nm,106.14285714285714,7
2019-12-23,>25,0-50nm,0.0,7
2019-12-23,>25,150-300nm,0.0,7
2019-12-23,>25,50-150nm,0.0,7
2019-12-30,10-15,0-50nm,47.833333333333336,6
2019-12-30,10-15,150-300nm,159.0,6
2019-12-30,10-15,50-150nm,98.83333333333333,6
2019-12-30,15-25,0-50nm,5.0,6
2019-12-30,15-25,150-300nm,90.0,6
2019-12-30,15-25,50-150nm,31.5,6
2019-12-30,2-4,0-50nm,5.666666666666667,6
2019-12-30,2-4,150-300nm,3.5,6
2019-12-30,2-4,50-150nm,2.0,6
2019-12-30,4-6,0-50nm,8.0,6
2019-12-30,4-6,150-300nm,1.6666666666666667,6
2019-12-30,4-6,50-150nm,5.0,6
2019-12-30,6-10,0-50nm,37.5,6
2019-12-30,6-10,150-300nm,47.0,6
2019-12-30,6-10,50-150nm,40.333333333333336,6
2019-12-30,<2,0-50nm,543.5,6
2019-12-30,<2,150-300nm,23.0,6
2019-12-30,<2,50-150nm,94.66666666666667,6
2019-12-30,>25,0-50nm,0.0,6
2019-12-30,>25,150-300nm,0.0,6
2019-12-30,>25,50-150nm,0.0,6
2020-01-06,10-15,0-50nm,54.57142857142857,7
2020-01-06,10-15,150-300nm,169.14285714285714,7
2020-01-06,10-15,50-150nm,95.14285714285714,7
2020-01-06,15-25,0-50nm,4.428571428571429,7
2020-01-06,15-25,150-300nm,131.42857142857142,7
2020-01-06,15-25,50-150nm,43.285714285714285,7
2020-01-06,2-4,0-50nm,6.142857142857143,7
2020-01-06,2-4,150-300nm,1.8571428571428572,7
2020-01-06,2-4,50-150nm,2.4285714285714284,7
2020-01-06,4-6,0-50nm,6.142857142857143,7
2020-01-06,4-6,150-300nm,4.142857142857143,7
2020-01-06,4-6,50-150nm,7.571428571428571,7
2020-01-06,6-10,0-50nm,33.42857142857143,7
2020-01-06,6-10,150-300nm,41.142857142857146,7
2020-01-06,6-10,50-150nm,30.0,7
2020-01-06,<2,0-50nm,461.2857142857143,7
2020-01-06,<2,150-300nm,33.285714285714285,7
2020-01-06,<2,50-150nm,75.57142857142857,7
2020-01-06,>25,0-50nm,0.0,7
2020-01-06,>25,150-300nm,0.0,7
2020-01-06,>25,50-150nm,0.0,7
2020-01-13,10-15,0-50nm,47.57142857142857,7
2020-01-13,10-15,150-300nm,179.0,7
2020-01-13,10-15,50-150nm,93.71428571428571,7
2020-01-13,15-25,0-50nm,4.428571428571429,7
2020-01-13,15-25,150-300nm,96.57142857142857,7
2020-01-13,15-25,50-150nm,36.714285714285715,7
2020-01-13,2-4,0-50nm,6.428571428571429,7
2020-01-13,2-4,150-300nm,1.0,7
2020-01-13,2-4,50-150nm,2.142857142857143,7
2020-01-13,4-6,0-50nm,7.428571428571429,7
2020-01-13,4-6,150-300nm,2.142857142857143,7
2020-01-13,4-6,50-150nm,3.5714285714285716,7
2020-01-13,6-10,0-50nm,34.857142857142854,7
2020-01-13,6-10,150-300nm,32.42857142857143,7
2020-01-13,6-10,50-150nm,25.857142857142858,7
2020-01-13,<2,0-50nm,455.7142857142857,7
2020-01-13,<2,150-300nm,37.714285714285715,7
2020-01-13,<2,50-150nm,67.71428571428571,7
2020-01-13,>25,0-50nm,0.0,7
2020-01-13,>25,150-300nm,0.0,7
2020-01-13,>25,50-150nm,0.0,7
2020-01-20,10-15,0-50nm,48.42857142857143,7
2020-01-20,10-15,150-300nm,175.14285714285714,7
2020-01-20,10-15,50-150nm,89.0,7
2020-01-20,15-25,0-50nm,2.0,7
2020-01-20,15-25,150-300nm,112.42857142857143,7
2020-01-20,15-25,50-150nm,35.42857142857143,7
2020-01-20,2-4,0-50nm,4.142857142857143,7
2020-01-20,2-4,150-300nm,2.142857142857143,7
2020-01-20,2-4,50-150nm,2.7142857142857144,7
2020-01-20,4-6,0-50nm,6.285714285714286,7
2020-01-20,4-6,150-300nm,1.4285714285714286,7
2020-01-20,4-6,50-150nm,2.5714285714285716,7
2020-01-20,6-10,0-50nm,28.857142857142858,7
2020-01-20,6-10,150-300nm,23.714285714285715,7
2020-01-20,6-10,50-150nm,19.142857142857142,7
2020-01-20,<2,0-50nm,431.14285714285717,7
2020-01-20,<2,150-300nm,15.714285714285714,7
2020-01-20,<2,50-150nm,80.71428571428571,7
2020-01-20,>25,0-50nm,0.0,7
2020-01-20,>25,150-300nm,0.0,7
2020-01-20,>25,50-150nm,0.0,7
2020-01-27,10-15,0-50nm,52.57142857142857,7
2020-01-27,10-15,150-300nm,153.71428571428572,7
2020-01-27,10-15,50-150nm,87.0,7
2020-01-27,15-25,0-50nm,3.857142857142857,7
2020-01-27,15-25,150-300nm,82.28571428571429,7
2020-01-27,15-25,50-150nm,34.714285714285715,7
2020-01-27,2-4,0-50nm,4.0,7
2020-01-27,2-4,150-300nm,1.8571428571428572,7
2020-01-27,2-4,50-150nm,2.857142857142857,7
2020-01-27,4-6,0-50nm,8.285714285714286,7
2020-01-27,4-6,150-300nm,1.0,7
2020-01-27,4-6,50-150nm,3.142857142857143,7
2020-01-27,6-10,0-50nm,30.428571428571427,7
2020-01-27,6-10,150-300nm,23.285714285714285,7
2020-01-27,6-10,50-150nm,14.285714285714286,7
2020-01-27,<2,0-50nm,448.85714285714283,7
2020-01-27,<2,150-300nm,30.857142857142858,7
2020-01-27,<2,50-150nm,57.714285714285715,7
2020-01-27,>25,0-50nm,0.0,7
2020-01-27,>25,150-300nm,0.0,7
2020-01-27,>25,50-150nm,0.0,7
2020-02-03,10-15,0-50nm,40.42857142857143,7
2020-02-03,10-15,150-300nm,158.14285714285714,7
2020-02-03,10-15,50-150nm,79.0,7
2020-02-03,15-25,0-50nm,3.2857142857142856,7
2020-02-03,15-25,150-300nm,101.42857142857143,7
2020-02-03,15-25,50-150nm,39.42857142857143,7
2020-02-03,2-4,0-50nm,4.428571428571429,7
2020-02-03,2-4,150-300nm,1.5714285714285714,7
2020-02-03,2-4,50-150nm,2.142857142857143,7
2020-02-03,4-6,0-50nm,6.0,7
2020-02-03,4-6,150-300nm,4.428571428571429,7
2020-02-03,4-6,50-150nm,4.0,7
2020-02-03,6-10,0-50nm,29.714285714285715,7
2020-02-03,6-10,150-300nm,35.0,7
2020-02-03,6-10,50-150nm,27.714285714285715,7
2020-02-03,<2,0-50nm,447.2857142857143,7
2020-02-03,<2,150-300nm,29.714285714285715,7
2020-02-03,<2,50-150nm,72.28571428571429,7
2020-02-03,>25,0-50nm,0.0,7
2020-02-03,>25,150-300nm,0.0,7
2020-02-03,>25,50-150nm,0.0,7
2020-02-10,10-15,0-50nm,53.285714285714285,7
2020-02-10,10-15,150-300nm,178.57142857142858,7
2020-02-10,10-15,50-150nm,103.14285714285714,7
2020-02-10,15-25,0-50nm,5.0,7
2020-02-10,15-25,150-300nm,106.42857142857143,7
2020-02-10,15-25,50-150nm,38.0,7
2020-02-10,2-4,0-50nm,4.428571428571429,7
2020-02-10,2-4,150-300nm,1.2857142857142858,7
2020-02-10,2-4,50-150nm,2.2857142857142856,7
2020-02-10,4-6,0-50nm,7.428571428571429,7
2020-02-10,4-6,150-300nm,2.142857142857143,7
2020-02-10,4-6,50-150nm,1.8571428571428572,7
2020-02-10,6-10,0-50nm,24.571428571428573,7
2020-02-10,6-10,150-300nm,23.714285714285715,7
2020-02-10,6-10,50-150nm,12.857142857142858,7
2020-02-10,<2,0-50nm,487.7142857142857,7
2020-02-10,<2,150-300nm,32.57142857142857,7
2020-02-10,<2,50-150nm,71.57142857142857,7
2020-02-10,>25,0-50nm,0.0,7
2020-02-10,>25,150-300nm,0.0,7
2020-02-10,>25,50-150nm,0.0,7
2020-02-17,10-15,0-50nm,46.714285714285715,7
2020-02-17,10-15,150-300nm,157.85714285714286,7
2020-02-17,10-15,50-150nm,80.14285714285714,7
2020-02-17,15-25,0-50nm,3.5714285714285716,7
2020-02-17,15-25,150-300nm,105.71428571428571,7
2020-02-17,15-25,50-150nm,40.714285714285715,7
2020-02-17,2-4,0-50nm,5.714285714285714,7
2020-02-17,2-4,150-300nm,4.285714285714286,7
2020-02-17,2-4,50-150nm,1.7142857142857142,7
2020-02-17,4-6,0-50nm,5.285714285714286,7
2020-02-17,4-6,150-300nm,0.7142857142857143,7
2020-02-17,4-6,50-150nm,2.857142857142857,7
2020-02-17,6-10,0-50nm,24.571428571428573,7
2020-02-17,6-10,150-300nm,10.428571428571429,7
2020-02-17,6-10,50-150nm,16.714285714285715,7
2020-02-17,<2,0-50nm,401.14285714285717,7
2020-02-17,<2,150-300nm,68.0,7
2020-02-17,<2,50-150nm,46.42857142857143,7
2020-02-17,>25,0-50nm,0.0,7
2020-02-17,>25,150-300nm,0.0,7
2020-02-17,>25,50-150nm,0.0,7
2020-02-24,10-15,0-50nm,35.57142857142857,7
2020-02-24,10-15,150-300nm,136.57142857142858,7
2020-02-24,10-15,50-150nm,73.57142857142857,7
2020-02-24,15-25,0-50nm,3.7142857142857144,7
2020-02-24,15-25,150-300nm,63.857142857142854,7
2020-02-24,15-25,50-150nm,24.142857142857142,7
2020-02-24,2-4,0-50nm,4.142857142857143,7
2020-02-24,2-4,150-300nm,3.0,7
2020-02-24,2-4,50-150nm,1.4285714285714286,7
2020-02-24,4-6,0-50nm,4.571428571428571,7
2020-02-24,4-6,150-300nm,7.285714285714286,7
2020-02-24,4-6,50-150nm,2.857142857142857,7
2020-02-24,6-10,0-50nm,24.285714285714285,7
2020-02-24,6-10,150-300nm,27.142857142857142,7
2020-02-24,6-10,50-150nm,19.0,7
2020-02-24,<2,0-50nm,287.7142857142857,7
2020-02-24,<2,150-300nm,21.571428571428573,7
2020-02-24,<2,50-150nm,70.28571428571429,7
2020-02-24,>25,0-50nm,0.0,7
2020-02-24,>25,150-300nm,0.0,7
2020-02-24,>25,50-150nm,0.0,7
2020-03-02,10-15,0-50nm,37.285714285714285,7
2020-03-02,10-15,150-300nm,145.71428571428572,7
2020-03-02,10-15,50-150nm,78.28571428571429,7
2020-03-02,15-25,0-50nm,3.5714285714285716,7
2020-03-02,15-25,150-300nm,75.85714285714286,7
2020-03-02,15-25,50-150nm,28.0,7
2020-03-02,2-4,0-50nm,3.857142857142857,7
2020-03-02,2-4,150-300nm,5.714285714285714,7
2020-03-02,2-4,50-150nm,1.4285714285714286,7
2020-03-02,4-6,0-50nm,7.714285714285714,7
2020-03-02,4-6,150-300nm,2.5714285714285716,7
2020-03-02,4-6,50-150nm,3.4285714285714284,7
2020-03-02,6-10,0-50nm,31.428571428571427,7
2020-03-02,6-10,150-300nm,25.571428571428573,7
2020-03-02,6-10,50-150nm,28.428571428571427,7
2020-03-02,<2,0-50nm,340.14285714285717,7
2020-03-02,<2,150-300nm,35.285714285714285,7
2020-03-02,<2,50-150nm,116.0,7
2020-03-02,>25,0-50nm,0.0,7
2020-03-02,>25,150-300nm,0.0,7
2020-03-02,>25,50-150nm,0.0,7
2020-03-09,10-15,0-50nm,46.142857142857146,7
2020-03-09,10-15,150-300nm,198.85714285714286,7
2020-03-09,10-15,50-150nm,92.0,7
2020-03-09,15-25,0-50nm,5.428571428571429,7
2020-03-09,15-25,150-300nm,99.85714285714286,7
2020-03-09,15-25,50-150nm,34.0,7
2020-03-09,2-4,0-50nm,4.857142857142857,7
2020-03-09,2-4,150-300nm,2.857142857142857,7
2020-03-09,2-4,50-150nm,2.857142857142857,7
2020-03-09,4-6,0-50nm,6.142857142857143,7
2020-03-09,4-6,150-300nm,1.0,7
2020-03-09,4-6,50-150nm,2.7142857142857144,7
2020-03-09,6-10,0-50nm,25.714285714285715,7
2020-03-09,6-10,150-300nm,25.0,7
2020-03-09,6-10,50-150nm,15.0,7
2020-03-09,<2,0-50nm,456.7142857142857,7
2020-03-09,<2,150-300nm,48.57142857142857,7
2020-03-09,<2,50-150nm,135.57142857142858,7
2020-03-09,>25,0-50nm,0.0,7
2020-03-09,>25,150-300nm,0.0,7
2020-03-09,>25,50-150nm,0.0,7
2020-03-16,10-15,0-50nm,41.285714285714285,7
2020-03-16,10-15,150-300nm,155.0,7
2020-03-16,10-15,50-150nm,77.0,7
2020-03-16,15-25,0-50nm,4.142857142857143,7
2020-03-16,15-25,150-300nm,95.14285714285714,7
2020-03-16,15-25,50-150nm,36.285714285714285,7
2020-03-16,2-4,0-50nm,4.285714285714286,7
2020-03-16,2-4,150-300nm,2.5714285714285716,7
2020-03-16,2-4,50-150nm,3.7142857142857144,7
2020-03-16,4-6,0-50nm,7.571428571428571,7
2020-03-16,4-6,150-300nm,0.8571428571428571,7
2020-03-16,4-6,50-150nm,3.142857142857143,7
2020-03-16,6-10,0-50nm,34.0,7
2020-03-16,6-10,150-300nm,17.285714285714285,7
2020-03-16,6-10,50-150nm,20.142857142857142,7
2020-03-16,<2,0-50nm,473.14285714285717,7
2020-03-16,<2,150-300nm,50.714285714285715,7
2020-03-16,<2,50-150nm,127.57142857142857,7
2020-03-16,>25,0-50nm,0.0,7
2020-03-16,>25,150-300nm,0.0,7
2020-03-16,>25,50-150nm,0.0,7
2020-03-23,10-15,0-50nm,48.57142857142857,7
2020-03-23,10-15,150-300nm,187.57142857142858,7
2020-03-23,10-15,50-150nm,91.85714285714286,7
2020-03-23,15-25,0-50nm,5.142857142857143,7
2020-03-23,15-25,150-300nm,100.14285714285714,7
2020-03-23,15-25,50-150nm,37.57142857142857,7
2020-03-23,2-4,0-50nm,5.285714285714286,7
2020-03-23,2-4,150-300nm,3.7142857142857144,7
2020-03-23,2-4,50-150nm,3.7142857142857144,7
2020-03-23,4-6,0-50nm,10.0,7
2020-03-23,4-6,150-300nm,1.8571428571428572,7
2020-03-23,4-6,50-150nm,4.0,7
2020-03-23,6-10,0-50nm,35.142857142857146,7
2020-03-23,6-10,150-300nm,33.285714285714285,7
2020-03-23,6-10,50-150nm,27.285714285714285,7
2020-03-23,<2,0-50nm,468.14285714285717,7
2020-03-23,<2,150-300nm,90.42857142857143,7
2020-03-23,<2,50-150nm,132.85714285714286,7
2020-03-23,>25,0-50nm,0.0,7
2020-03-23,>25,150-300nm,0.0,7
2020-03-23,>25,50-150nm,0.0,7
2020-03-30,10-15,0-50nm,39.857142857142854,7
2020-03-30,10-15,150-300nm,197.0,7
2020-03-30,10-15,50-150nm,86.14285714285714,7
2020-03-30,15-25,0-50nm,3.142857142857143,7
2020-03-30,15-25,150-300nm,76.14285714285714,7
2020-03-30,15-25,50-150nm,23.571428571428573,7
2020-03-30,2-4,0-50nm,4.571428571428571,7
2020-03-30,2-4,150-300nm,7.714285714285714,7
2020-03-30,2-4,50-150nm,5.285714285714286,7
2020-03-30,4-6,0-50nm,6.0,7
2020-03-30,4-6,150-300nm,0.7142857142857143,7
2020-03-30,4-6,50-150nm,4.571428571428571,7
2020-03-30,6-10,0-50nm,31.714285714285715,7
2020-03-30,6-10,150-300nm,28.714285714285715,7
2020-03-30,6-10,50-150nm,34.857142857142854,7
2020-03-30,<2,0-50nm,482.42857142857144,7
2020-03-30,<2,150-300nm,74.0,7
2020-03-30,<2,50-150nm,138.85714285714286,7
2020-03-30,>25,0-50nm,0.0,7
2020-03-30,>25,150-300nm,0.0,7
2020-03-30,>25,50-150nm,0.0,7
2020-04-06,10-15,0-50nm,48.285714285714285,7
2020-04-06,10-15,150-300nm,188.42857142857142,7
2020-04-06,10-15,50-150nm,96.57142857142857,7
2020-04-06,15-25,0-50nm,3.142857142857143,7
2020-04-06,15-25,150-300nm,113.28571428571429,7
2020-04-06,15-25,50-150nm,37.0,7
2020-04-06,2-4,0-50nm,8.142857142857142,7
2020-04-06,2-4,150-300nm,3.2857142857142856,7
2020-04-06,2-4,50-150nm,5.142857142857143,7
2020-04-06,4-6,0-50nm,7.285714285714286,7
2020-04-06,4-6,150-300nm,4.571428571428571,7
2020-04-06,4-6,50-150nm,5.857142857142857,7
2020-04-06,6-10,0-50nm,38.42857142857143,7
2020-04-06,6-10,150-300nm,14.285714285714286,7
2020-04-06,6-10,50-150nm,32.42857142857143,7
2020-04-06,<2,0-50nm,516.0,7
2020-04-06,<2,150-300nm,59.714285714285715,7
2020-04-06,<2,50-150nm,174.85714285714286,7
2020-04-06,>25,0-50nm,0.0,7
2020-04-06,>25,150-300nm,0.0,7
2020-04-06,>25,50-150nm,0.0,7
2020-04-13,10-15,0-50nm,46.142857142857146,7
2020-04-13,10-15,150-300nm,176.42857142857142,7
2020-04-13,10-15,50-150nm,99.28571428571429,7
2020-04-13,15-25,0-50nm,2.142857142857143,7
2020-04-13,15-25,150-300nm,97.14285714285714,7
2020-04-13,15-25,50-150nm,28.428571428571427,7
2020-04-13,2-4,0-50nm,5.714285714285714,7
2020-04-13,2-4,150-300nm,2.4285714285714284,7
2020-04-13,2-4,50-150nm,2.5714285714285716,7
2020-04-13,4-6,0-50nm,6.142857142857143,7
2020-04-13,4-6,150-300nm,2.857142857142857,7
2020-04-13,4-6,50-150nm,3.7142857142857144,7
2020-04-13,6-10,0-50nm,31.285714285714285,7
2020-04-13,6-10,150-300nm,25.142857142857142,7
2020-04-13,6-10,50-150nm,29.428571428571427,7
2020-04-13,<2,0-50nm,457.57142857142856,7
2020-04-13,<2,150-300nm,47.0,7
2020-04-13,<2,50-150nm,160.42857142857142,7
2020-04-13,>25,0-50nm,0.0,7
2020-04-13,>25,150-300nm,0.0,7
2020-04-13,>25,50-150nm,0.0,7
2020-04-20,10-15,0-50nm,49.285714285714285,7
2020-04-20,10-15,150-300nm,213.42857142857142,7
2020-04-20,10-15,50-150nm,100.14285714285714,7
2020-04-20,15-25,0-50nm,3.7142857142857144,7
2020-04-20,15-25,150-300nm,88.0,7
2020-04-20,15-25,50-150nm,27.0,7
2020-04-20,2-4,0-50nm,6.714285714285714,7
2020-04-20,2-4,150-300nm,8.0,7
2020-04-20,2-4,50-150nm,2.4285714285714284,7
2020-04-20,4-6,0-50nm,8.714285714285714,7
2020-04-20,4-6,150-300nm,0.5714285714285714,7
2020-04-20,4-6,50-150nm,2.7142857142857144,7
2020-04-20,6-10,0-50nm,32.285714285714285,7
2020-04-20,6-10,150-300nm,34.42857142857143,7
2020-04-20,6-10,50-150nm,33.142857142857146,7
2020-04-20,<2,0-50nm,557.2857142857143,7
2020-04-20,<2,150-300nm,55.57142857142857,7
2020-04-20,<2,50-150nm,149.14285714285714,7
2020-04-20,>25,0-50nm,0.0,7
2020-04-20,>25,150-300nm,0.0,7
2020-04-20,>25,50-150nm,0.0,7
2020-04-27,10-15,0-50nm,35.285714285714285,7
2020-04-27,10-15,150-300nm,170.42857142857142,7
2020-04-27,10-15,50-150nm,75.14285714285714,7
2020-04-27,15-25,0-50nm,2.857142857142857,7
2020-04-27,15-25,150-300nm,82.28571428571429,7
2020-04-27,15-25,50-150nm,26.714285714285715,7
2020-04-27,2-4,0-50nm,3.2857142857142856,7
2020-04-27,2-4,150-300nm,3.0,7
2020-04-27,2-4,50-150nm,1.8571428571428572,7
2020-04-27,4-6,0-50nm,5.142857142857143,7
2020-04-27,4-6,150-300nm,0.8571428571428571,7
2020-04-27,4-6,50-150nm,3.142857142857143,7
2020-04-27,6-10,0-50nm,30.142857142857142,7
2020-04-27,6-10,150-300nm,16.571428571428573,7
2020-04-27,6-10,50-150nm,17.428571428571427,7
2020-04-27,<2,0-50nm,384.7142857142857,7
2020-04-27,<2,150-300nm,38.285714285714285,7
2020-04-27,<2,50-150nm,145.71428571428572,7
2020-04-27,>25,0-50nm,0.0,7
2020-04-27,>25,150-300nm,0.0,7
2020-04-27,>25,50-150nm,0.0,7
2020-05-04,10-15,0-50nm,39.57142857142857,7
2020-05-04,10-15,150-300nm,189.57142857142858,7
2020-05-04,10-15,50-150nm,70.42857142857143,7
2020-05-04,15-25,0-50nm,3.2857142857142856,7
2020-05-04,15-25,150-300nm,104.57142857142857,7
2020-05-04,15-25,50-150nm,36.42857142857143,7
2020-05-04,2-4,0-50nm,5.428571428571429,7
2020-05-04,2-4,150-300nm,4.142857142857143,7
2020-05-04,2-4,50-150nm,3.142857142857143,7
2020-05-04,4-6,0-50nm,7.285714285714286,7
2020-05-04,4-6,150-300nm,1.2857142857142858,7
2020-05-04,4-6,50-150nm,4.285714285714286,7
2020-05-04,6-10,0-50nm,35.42857142857143,7
2020-05-04,6-10,150-300nm,25.0,7
2020-05-04,6-10,50-150nm,29.857142857142858,7
2020-05-04,<2,0-50nm,429.2857142857143,7
2020-05-04,<2,150-300nm,33.142857142857146,7
2020-05-04,<2,50-150nm,139.0,7
2020-05-04,>25,0-50nm,0.0,7
2020-05-04,>25,150-300nm,0.0,7
2020-05-04,>25,50-150nm,0.0,7
2020-05-11,10-15,0-50nm,32.42857142857143,7
2020-05-11,10-15,150-300nm,194.42857142857142,7
2020-05-11,10-15,50-150nm,86.0,7
2020-05-11,15-25,0-50nm,3.2857142857142856,7
2020-05-11,15-25,150-300nm,112.0,7
2020-05-11,15-25,50-150nm,24.285714285714285,7
2020-05-11,2-4,0-50nm,4.428571428571429,7
2020-05-11,2-4,150-300nm,7.0,7
2020-05-11,2-4,50-150nm,5.0,7
2020-05-11,4-6,0-50nm,4.857142857142857,7
2020-05-11,4-6,150-300nm,1.4285714285714286,7
2020-05-11,4-6,50-150nm,3.0,7
2020-05-11,6-10,0-50nm,33.0,7
2020-05-11,6-10,150-300nm,27.285714285714285,7
2020-05-11,6-10,50-150nm,36.142857142857146,7
2020-05-11,<2,0-50nm,394.2857142857143,7
2020-05-11,<2,150-300nm,41.857142857142854,7
2020-05-11,<2,50-150nm,123.28571428571429,7
2020-05-11,>25,0-50nm,0.0,7
2020-05-11,>25,150-300nm,0.0,7
2020-05-11,>25,50-150nm,0.0,7
2020-05-18,10-15,0-50nm,23.857142857142858,7
2020-05-18,10-15,150-300nm,170.85714285714286,7
2020-05-18,10-15,50-150nm,50.142857142857146,7
2020-05-18,15-25,0-50nm,3.5714285714285716,7
2020-05-18,15-25,150-300nm,91.57142857142857,7
2020-05-18,15-25,50-150nm,19.714285714285715,7
2020-05-18,2-4,0-50nm,3.7142857142857144,7
2020-05-18,2-4,150-300nm,3.7142857142857144,7
2020-05-18,2-4,50-150nm,1.7142857142857142,7
2020-05-18,4-6,0-50nm,6.714285714285714,7
2020-05-18,4-6,150-300nm,0.8571428571428571,7
2020-05-18,4-6,50-150nm,1.7142857142857142,7
2020-05-18,6-10,0-50nm,45.714285714285715,7
2020-05-18,6-10,150-300nm,33.714285714285715,7
2020-05-18,6-10,50-150nm,59.142857142857146,7
2020-05-18,<2,0-50nm,403.2857142857143,7
2020-05-18,<2,150-300nm,37.142857142857146,7
2020-05-18,<2,50-150nm,97.85714285714286,7
2020-05-18,>25,0-50nm,0.0,7
2020-05-18,>25,150-300nm,0.0,7
2020-05-18,>25,50-150nm,0.0,7
2020-05-25,10-15,0-50nm,28.571428571428573,7
2020-05-25,10-15,150-300nm,170.71428571428572,7
2020-05-25,10-15,50-150nm,75.14285714285714,7
2020-05-25,15-25,0-50nm,2.142857142857143,7
2020-05-25,15-25,150-300nm,78.85714285714286,7
2020-05-25,15-25,50-150nm,18.0,7
2020-05-25,2-4,0-50nm,3.2857142857142856,7
2020-05-25,2-4,150-300nm,0.8571428571428571,7
2020-05-25,2-4,50-150nm,1.8571428571428572,7
2020-05-25,4-6,0-50nm,5.142857142857143,7
2020-05-25,4-6,150-300nm,2.0,7
2020-05-25,4-6,50-150nm,2.0,7
2020-05-25,6-10,0-50nm,29.714285714285715,7
2020-05-25,6-10,150-300nm,24.142857142857142,7
2020-05-25,6-10,50-150nm,32.142857142857146,7
2020-05-25,<2,0-50nm,405.14285714285717,7
2020-05-25,<2,150-300nm,27.428571428571427,7
2020-05-25,<2,50-150nm,85.42857142857143,7
2020-05-25,>25,0-50nm,0.0,7
2020-05-25,>25,150-300nm,0.0,7
2020-05-25,>25,50-150nm,0.0,7
2020-06-01,10-15,0-50nm,31.857142857142858,7
2020-06-01,10-15,150-300nm,216.42857142857142,7
2020-06-01,10-15,50-150nm,73.0,7
2020-06-01,15-25,0-50nm,3.0,7
2020-06-01,15-25,150-300nm,92.57142857142857,7
2020-06-01,15-25,50-150nm,19.142857142857142,7
2020-06-01,2-4,0-50nm,4.142857142857143,7
2020-06-01,2-4,150-300nm,1.7142857142857142,7
2020-06-01,2-4,50-150nm,1.4285714285714286,7
2020-06-01,4-6,0-50nm,7.142857142857143,7
2020-06-01,4-6,150-300nm,0.7142857142857143,7
2020-06-01,4-6,50-150nm,1.5714285714285714,7
2020-06-01,6-10,0-50nm,37.857142857142854,7
2020-06-01,6-10,150-300nm,22.0,7
2020-06-01,6-10,50-150nm,47.857142857142854,7
2020-06-01,<2,0-50nm,351.7142857142857,7
2020-06-01,<2,150-300nm,36.0,7
2020-06-01,<2,50-150nm,88.14285714285714,7
2020-06-01,>25,0-50nm,0.0,7
2020-06-01,>25,150-300nm,0.0,7
2020-06-01,>25,50-150nm,0.0,7
2020-06-08,10-15,0-50nm,25.571428571428573,7
2020-06-08,10-15,150-300nm,165.57142857142858,7
2020-06-08,10-15,50-150nm,62.857142857142854,7
2020-06-08,15-25,0-50nm,2.0,7
2020-06-08,15-25,150-300nm,92.28571428571429,7
2020-06-08,15-25,50-150nm,22.0,7
2020-06-08,2-4,0-50nm,3.4285714285714284,7
2020-06-08,2-4,150-300nm,1.1428571428571428,7
2020-06-08,2-4,50-150nm,1.5714285714285714,7
2020-06-08,4-6,0-50nm,6.714285714285714,7
2020-06-08,4-6,150-300nm,0.8571428571428571,7
2020-06-08,4-6,50-150nm,2.5714285714285716,7
2020-06-08,6-10,0-50nm,40.857142857142854,7
2020-06-08,6-10,150-300nm,21.285714285714285,7
2020-06-08,6-10,50-150nm,44.42857142857143,7
2020-06-08,<2,0-50nm,385.85714285714283,7
2020-06-08,<2,150-300nm,38.42857142857143,7
2020-06-08,<2,50-150nm,82.14285714285714,7
2020-06-08,>25,0-50nm,0.0,7
2020-06-08,>25,150-300nm,0.0,7
2020-06-08,>25,50-150nm,0.0,7
2020-06-15,10-15,0-50nm,25.428571428571427,7
2020-06-15,10-15,150-300nm,158.42857142857142,7
2020-06-15,10-15,50-150nm,46.0,7
2020-06-15,15-25,0-50nm,3.2857142857142856,7
2020-06-15,15-25,150-300nm,86.42857142857143,7
2020-06-15,15-25,50-150nm,20.142857142857142,7
2020-06-15,2-4,0-50nm,2.857142857142857,7
2020-06-15,2-4,150-300nm,2.857142857142857,7
2020-06-15,2-4,50-150nm,1.8571428571428572,7
2020-06-15,4-6,0-50nm,6.285714285714286,7
2020-06-15,4-6,150-300nm,0.5714285714285714,7
2020-06-15,4-6,50-150nm,1.7142857142857142,7
2020-06-15,6-10,0-50nm,38.142857142857146,7
2020-06-15,6-10,150-300nm,18.0,7
2020-06-15,6-10,50-150nm,48.285714285714285,7
2020-06-15,<2,0-50nm,461.57142857142856,7
2020-06-15,<2,150-300nm,20.428571428571427,7
2020-06-15,<2,50-150nm,96.0,7
2020-06-15,>25,0-50nm,0.0,7
2020-06-15,>25,150-300nm,0.0,7
2020-06-15,>25,50-150nm,0.0,7
2020-06-22,10-15,0-50nm,30.0,7
2020-06-22,10-15,150-300nm,161.42857142857142,7
2020-06-22,10-15,50-150nm,63.142857142857146,7
2020-06-22,15-25,0-50nm,2.4285714285714284,7
2020-06-22,15-25,150-300nm,105.85714285714286,7
2020-06-22,15-25,50-150nm,26.0,7
2020-06-22,2-4,0-50nm,3.142857142857143,7
2020-06-22,2-4,150-300nm,3.0,7
2020-06-22,2-4,50-150nm,1.7142857142857142,7
2020-06-22,4-6,0-50nm,6.571428571428571,7
2020-06-22,4-6,150-300nm,0.5714285714285714,7
2020-06-22,4-6,50-150nm,1.0,7
2020-06-22,6-10,0-50nm,40.285714285714285,7
2020-06-22,6-10,150-300nm,23.0,7
2020-06-22,6-10,50-150nm,46.42857142857143,7
2020-06-22,<2,0-50nm,547.8571428571429,7
2020-06-22,<2,150-300nm,28.285714285714285,7
2020-06-22,<2,50-150nm,83.57142857142857,7
2020-06-22,>25,0-50nm,0.0,7
2020-06-22,>25,150-300nm,0.0,7
2020-06-22,>25,50-150nm,0.0,7
2020-06-29,10-15,0-50nm,26.0,7
2020-06-29,10-15,150-300nm,176.71428571428572,7
2020-06-29,10-15,50-150nm,64.57142857142857,7
2020-06-29,15-25,0-50nm,2.5714285714285716,7
2020-06-29,15-25,150-300nm,121.42857142857143,7
2020-06-29,15-25,50-150nm,28.428571428571427,7
2020-06-29,2-4,0-50nm,4.428571428571429,7
2020-06-29,2-4,150-300nm,1.2857142857142858,7
2020-06-29,2-4,50-150nm,1.7142857142857142,7
2020-06-29,4-6,0-50nm,8.571428571428571,7
2020-06-29,4-6,150-300nm,5.142857142857143,7
2020-06-29,4-6,50-150nm,2.142857142857143,7
2020-06-29,6-10,0-50nm,59.714285714285715,7
2020-06-29,6-10,150-300nm,23.571428571428573,7
2020-06-29,6-10,50-150nm,62.714285714285715,7
2020-06-29,<2,0-50nm,508.85714285714283,7
2020-06-29,<2,150-300nm,40.714285714285715,7
2020-06-29,<2,50-150nm,83.57142857142857,7
2020-06-29,>25,0-50nm,0.0,7
2020-06-29,>25,150-300nm,0.0,7
2020-06-29,>25,50-150nm,0.0,7
2020-07-06,10-15,0-50nm,29.857142857142858,7
2020-07-06,10-15,150-300nm,173.57142857142858,7
2020-07-06,10-15,50-150nm,57.0,7
2020-07-06,15-25,0-50nm,1.5714285714285714,7
2020-07-06,15-25,150-300nm,84.28571428571429,7
2020-07-06,15-25,50-150nm,23.285714285714285,7
2020-07-06,2-4,0-50nm,6.142857142857143,7
2020-07-06,2-4,150-300nm,3.7142857142857144,7
2020-07-06,2-4,50-150nm,2.2857142857142856,7
2020-07-06,4-6,0-50nm,7.857142857142857,7
2020-07-06,4-6,150-300nm,2.4285714285714284,7
2020-07-06,4-6,50-150nm,2.2857142857142856,7
2020-07-06,6-10,0-50nm,49.42857142857143,7
2020-07-06,6-10,150-300nm,31.857142857142858,7
2020-07-06,6-10,50-150nm,52.0,7
2020-07-06,<2,0-50nm,593.7142857142857,7
2020-07-06,<2,150-300nm,17.285714285714285,7
2020-07-06,<2,50-150nm,96.42857142857143,7
2020-07-06,>25,0-50nm,0.0,7
2020-07-06,>25,150-300nm,0.0,7
2020-07-06,>25,50-150nm,0.0,7
2020-07-13,10-15,0-50nm,30.714285714285715,7
2020-07-13,10-15,150-300nm,194.71428571428572,7
2020-07-13,10-15,50-150nm,74.42857142857143,7
2020-07-13,15-25,0-50nm,3.4285714285714284,7
2020-07-13,15-25,150-300nm,129.57142857142858,7
2020-07-13,15-25,50-150nm,31.142857142857142,7
2020-07-13,2-4,0-50nm,7.285714285714286,7
2020-07-13,2-4,150-300nm,1.2857142857142858,7
2020-07-13,2-4,50-150nm,2.5714285714285716,7
2020-07-13,4-6,0-50nm,8.142857142857142,7
2020-07-13,4-6,150-300nm,1.5714285714285714,7
2020-07-13,4-6,50-150nm,2.7142857142857144,7
2020-07-13,6-10,0-50nm,62.57142857142857,7
2020-07-13,6-10,150-300nm,26.571428571428573,7
2020-07-13,6-10,50-150nm,67.71428571428571,7
2020-07-13,<2,0-50nm,543.0,7
2020-07-13,<2,150-300nm,49.857142857142854,7
2020-07-13,<2,50-150nm,126.57142857142857,7
2020-07-13,>25,0-50nm,0.0,7
2020-07-13,>25,150-300nm,0.0,7
2020-07-13,>25,50-150nm,0.0,7
2020-07-20,10-15,0-50nm,29.714285714285715,7
2020-07-20,10-15,150-300nm,226.14285714285714,7
2020-07-20,10-15,50-150nm,85.28571428571429,7
2020-07-20,15-25,0-50nm,1.5714285714285714,7
2020-07-20,15-25,150-300nm,124.85714285714286,7
2020-07-20,15-25,50-150nm,25.857142857142858,7
2020-07-20,2-4,0-50nm,4.857142857142857,7
2020-07-20,2-4,150-300nm,1.5714285714285714,7
2020-07-20,2-4,50-150nm,3.0,7
2020-07-20,4-6,0-50nm,10.142857142857142,7
2020-07-20,4-6,150-300nm,0.8571428571428571,7
2020-07-20,4-6,50-150nm,3.142857142857143,7
2020-07-20,6-10,0-50nm,69.28571428571429,7
2020-07-20,6-10,150-300nm,34.0,7
2020-07-20,6-10,50-150nm,75.0,7
2020-07-20,<2,0-50nm,611.1428571428571,7
2020-07-20,<2,150-300nm,42.57142857142857,7
2020-07-20,<2,50-150nm,127.57142857142857,7
2020-07-20,>25,0-50nm,0.0,7
2020-07-20,>25,150-300nm,0.0,7
2020-07-20,>25,50-150nm,0.0,7
2020-07-27,10-15,0-50nm,25.0,7
2020-07-27,10-15,150-300nm,244.28571428571428,7
2020-07-27,10-15,50-150nm,57.142857142857146,7
2020-07-27,15-25,0-50nm,2.857142857142857,7
2020-07-27,15-25,150-300nm,115.0,7
2020-07-27,15-25,50-150nm,26.571428571428573,7
2020-07-27,2-4,0-50nm,4.857142857142857,7
2020-07-27,2-4,150-300nm,10.0,7
2020-07-27,2-4,50-150nm,1.2857142857142858,7
2020-07-27,4-6,0-50nm,5.0,7
2020-07-27,4-6,150-300nm,2.2857142857142856,7
2020-07-27,4-6,50-150nm,1.8571428571428572,7
2020-07-27,6-10,0-50nm,53.714285714285715,7
2020-07-27,6-10,150-300nm,16.0,7
2020-07-27,6-10,50-150nm,73.71428571428571,7
2020-07-27,<2,0-50nm,577.2857142857143,7
2020-07-27,<2,150-300nm,90.42857142857143,7
2020-07-27,<2,50-150nm,80.42857142857143,7
2020-07-27,>25,0-50nm,0.0,7
2020-07-27,>25,150-300nm,0.0,7
2020-07-27,>25,50-150nm,0.0,7
2020-08-03,10-15,0-50nm,31.571428571428573,7
2020-08-03,10-15,150-300nm,180.0,7
2020-08-03,10-15,50-150nm,51.57142857142857,7
2020-08-03,15-25,0-50nm,2.142857142857143,7
2020-08-03,15-25,150-300nm,120.71428571428571,7
2020-08-03,15-25,50-150nm,32.0,7
2020-08-03,2-4,0-50nm,5.142857142857143,7
2020-08-03,2-4,150-300nm,4.142857142857143,7
2020-08-03,2-4,50-150nm,1.8571428571428572,7
2020-08-03,4-6,0-50nm,7.285714285714286,7
2020-08-03,4-6,150-300nm,5.0,7
2020-08-03,4-6,50-150nm,5.0,7
2020-08-03,6-10,0-50nm,58.857142857142854,7
2020-08-03,6-10,150-300nm,43.57142857142857,7
2020-08-03,6-10,50-150nm,68.57142857142857,7
2020-08-03,<2,0-50nm,598.2857142857143,7
2020-08-03,<2,150-300nm,45.285714285714285,7
2020-08-03,<2,50-150nm,88.57142857142857,7
2020-08-03,>25,0-50nm,0.0,7
2020-08-03,>25,150-300nm,0.0,7
2020-08-03,>25,50-150nm,0.0,7
2020-08-10,10-15,0-50nm,36.42857142857143,7
2020-08-10,10-15,150-300nm,223.14285714285714,7
2020-08-10,10-15,50-150nm,70.28571428571429,7
2020-08-10,15-25,0-50nm,3.4285714285714284,7
2020-08-10,15-25,150-300nm,151.57142857142858,7
2020-08-10,15-25,50-150nm,37.42857142857143,7
2020-08-10,2-4,0-50nm,5.571428571428571,7
2020-08-10,2-4,150-300nm,1.4285714285714286,7
2020-08-10,2-4,50-150nm,3.142857142857143,7
2020-08-10,4-6,0-50nm,6.428571428571429,7
2020-08-10,4-6,150-300nm,1.4285714285714286,7
2020-08-10,4-6,50-150nm,3.4285714285714284,7
2020-08-10,6-10,0-50nm,52.42857142857143,7
2020-08-10,6-10,150-300nm,13.714285714285714,7
2020-08-10,6-10,50-150nm,63.0,7
2020-08-10,<2,0-50nm,571.1428571428571,7
2020-08-10,<2,150-300nm,38.714285714285715,7
2020-08-10,<2,50-150nm,136.28571428571428,7
2020-08-10,>25,0-50nm,0.0,7
2020-08-10,>25,150-300nm,0.0,7
2020-08-10,>25,50-150nm,0.0,7
2020-08-17,10-15,0-50nm,26.428571428571427,7
2020-08-17,10-15,150-300nm,158.0,7
2020-08-17,10-15,50-150nm,56.714285714285715,7
2020-08-17,15-25,0-50nm,3.5714285714285716,7
2020-08-17,15-25,150-300nm,109.42857142857143,7
2020-08-17,15-25,50-150nm,25.571428571428573,7
2020-08-17,2-4,0-50nm,4.285714285714286,7
2020-08-17,2-4,150-300nm,1.8571428571428572,7
2020-08-17,2-4,50-150nm,2.857142857142857,7
2020-08-17,4-6,0-50nm,6.857142857142857,7
2020-08-17,4-6,150-300nm,0.5714285714285714,7
2020-08-17,4-6,50-150nm,1.8571428571428572,7
2020-08-17,6-10,0-50nm,52.857142857142854,7
2020-08-17,6-10,150-300nm,26.857142857142858,7
2020-08-17,6-10,50-150nm,77.0,7
2020-08-17,<2,0-50nm,582.8571428571429,7
2020-08-17,<2,150-300nm,12.428571428571429,7
2020-08-17,<2,50-150nm,137.0,7
2020-08-17,>25,0-50nm,0.0,7
2020-08-17,>25,150-300nm,0.0,7
2020-08-17,>25,50-150nm,0.0,7
2020-08-24,10-15,0-50nm,27.571428571428573,7
2020-08-24,10-15,150-300nm,156.42857142857142,7
2020-08-24,10-15,50-150nm,51.142857142857146,7
2020-08-24,15-25,0-50nm,4.571428571428571,7
2020-08-24,15-25,150-300nm,138.28571428571428,7
2020-08-24,15-25,50-150nm,38.142857142857146,7
2020-08-24,2-4,0-50nm,4.571428571428571,7
2020-08-24,2-4,150-300nm,1.0,7
2020-08-24,2-4,50-150nm,4.285714285714286,7
2020-08-24,4-6,0-50nm,4.857142857142857,7
2020-08-24,4-6,150-300nm,0.8571428571428571,7
2020-08-24,4-6,50-150nm,2.4285714285714284,7
2020-08-24,6-10,0-50nm,45.714285714285715,7
2020-08-24,6-10,150-300nm,17.571428571428573,7
2020-08-24,6-10,50-150nm,55.0,7
2020-08-24,<2,0-50nm,502.42857142857144,7
2020-08-24,<2,150-300nm,44.42857142857143,7
2020-08-24,<2,50-150nm,139.42857142857142,7
2020-08-24,>25,0-50nm,0.0,7
2020-08-24,>25,150-300nm,0.0,7
2020-08-24,>25,50-150nm,0.0,7
2020-08-31,10-15,0-50nm,30.571428571428573,7
2020-08-31,10-15,150-300nm,197.0,7
2020-08-31,10-15,50-150nm,56.142857142857146,7
2020-08-31,15-25,0-50nm,2.0,7
2020-08-31,15-25,150-300nm,134.57142857142858,7
2020-08-31,15-25,50-150nm,31.285714285714285,7
2020-08-31,2-4,0-50nm,5.428571428571429,7
2020-08-31,2-4,150-300nm,1.8571428571428572,7
2020-08-31,2-4,50-150nm,2.857142857142857,7
2020-08-31,4-6,0-50nm,8.714285714285714,7
2020-08-31,4-6,150-300nm,1.1428571428571428,7
2020-08-31,4-6,50-150nm,3.0,7
2020-08-31,6-10,0-50nm,54.57142857142857,7
2020-08-31,6-10,150-300nm,14.571428571428571,7
2020-08-31,6-10,50-150nm,56.0,7
2020-08-31,<2,0-50nm,560.5714285714286,7
2020-08-31,<2,150-300nm,43.857142857142854,7
2020-08-31,<2,50-150nm,128.85714285714286,7
2020-08-31,>25,0-50nm,0.0,7
2020-08-31,>25,150-300nm,0.0,7
2020-08-31,>25,50-150nm,0.0,7
2020-09-07,10-15,0-50nm,29.285714285714285,7
2020-09-07,10-15,150-300nm,171.42857142857142,7
2020-09-07,10-15,50-150nm,54.57142857142857,7
2020-09-07,15-25,0-50nm,4.857142857142857,7
2020-09-07,15-25,150-300nm,129.71428571428572,7
2020-09-07,15-25,50-150nm,35.285714285714285,7
2020-09-07,2-4,0-50nm,10.428571428571429,7
2020-09-07,2-4,150-300nm,1.2857142857142858,7
2020-09-07,2-4,50-150nm,1.8571428571428572,7
2020-09-07,4-6,0-50nm,8.857142857142858,7
2020-09-07,4-6,150-300nm,2.142857142857143,7
2020-09-07,4-6,50-150nm,2.0,7
2020-09-07,6-10,0-50nm,53.57142857142857,7
2020-09-07,6-10,150-300nm,22.285714285714285,7
2020-09-07,6-10,50-150nm,61.0,7
2020-09-07,<2,0-50nm,609.1428571428571,7
2020-09-07,<2,150-300nm,42.57142857142857,7
2020-09-07,<2,50-150nm,122.71428571428571,7
2020-09-07,>25,0-50nm,0.0,7
2020-09-07,>25,150-300nm,0.0,7
2020-09-07,>25,50-150nm,0.0,7
2020-09-14,10-15,0-50nm,37.57142857142857,7
2020-09-14,10-15,150-300nm,206.28571428571428,7
2020-09-14,10-15,50-150nm,67.71428571428571,7
2020-09-14,15-25,0-50nm,3.142857142857143,7
2020-09-14,15-25,150-300nm,143.14285714285714,7
2020-09-14,15-25,50-150nm,33.0,7
2020-09-14,2-4,0-50nm,8.285714285714286,7
2020-09-14,2-4,150-300nm,2.7142857142857144,7
2020-09-14,2-4,50-150nm,3.0,7
2020-09-14,4-6,0-50nm,7.428571428571429,7
2020-09-14,4-6,150-300nm,3.7142857142857144,7
2020-09-14,4-6,50-150nm,2.2857142857142856,7
2020-09-14,6-10,0-50nm,53.714285714285715,7
2020-09-14,6-10,150-300nm,23.142857142857142,7
2020-09-14,6-10,50-150nm,68.0,7
2020-09-14,<2,0-50nm,647.5714285714286,7
2020-09-14,<2,150-300nm,23.0,7
2020-09-14,<2,50-150nm,108.42857142857143,7
2020-09-14,>25,0-50nm,0.0,7
2020-09-14,>25,150-300nm,0.0,7
2020-09-14,>25,50-150nm,0.0,7
2020-09-21,10-15,0-50nm,30.0,7
2020-09-21,10-15,150-300nm,162.57142857142858,7
2020-09-21,10-15,50-150nm,47.142857142857146,7
2020-09-21,15-25,0-50nm,4.857142857142857,7
2020-09-21,15-25,150-300nm,127.42857142857143,7
2020-09-21,15-25,50-150nm,31.571428571428573,7
2020-09-21,2-4,0-50nm,7.571428571428571,7
2020-09-21,2-4,150-300nm,4.857142857142857,7
2020-09-21,2-4,50-150nm,1.2857142857142858,7
2020-09-21,4-6,0-50nm,9.428571428571429,7
2020-09-21,4-6,150-300nm,5.857142857142857,7
2020-09-21,4-6,50-150nm,3.5714285714285716,7
2020-09-21,6-10,0-50nm,55.714285714285715,7
2020-09-21,6-10,150-300nm,29.285714285714285,7
2020-09-21,6-10,50-150nm,68.28571428571429,7
2020-09-21,<2,0-50nm,668.4285714285714,7
2020-09-21,<2,150-300nm,51.57142857142857,7
2020-09-21,<2,50-150nm,109.57142857142857,7
2020-09-21,>25,0-50nm,0.0,7
2020-09-21,>25,150-300nm,0.0,7
2020-09-21,>25,50-150nm,0.0,7
2020-09-28,10-15,0-50nm,30.857142857142858,7
2020-09-28,10-15,150-300nm,202.85714285714286,7
2020-09-28,10-15,50-150nm,75.0,7
2020-09-28,15-25,0-50nm,2.0,7
2020-09-28,15-25,150-300nm,109.71428571428571,7
2020-09-28,15-25,50-150nm,24.285714285714285,7
2020-09-28,2-4,0-50nm,6.428571428571429,7
2020-09-28,2-4,150-300nm,4.285714285714286,7
2020-09-28,2-4,50-150nm,0.8571428571428571,7
2020-09-28,4-6,0-50nm,7.714285714285714,7
2020-09-28,4-6,150-300nm,1.2857142857142858,7
2020-09-28,4-6,50-150nm,2.4285714285714284,7
2020-09-28,6-10,0-50nm,55.285714285714285,7
2020-09-28,6-10,150-300nm,18.285714285714285,7
2020-09-28,6-10,50-150nm,57.857142857142854,7
2020-09-28,<2,0-50nm,589.2857142857143,7
2020-09-28,<2,150-300nm,55.857142857142854,7
2020-09-28,<2,50-150nm,106.28571428571429,7
2020-09-28,>25,0-50nm,0.0,7
2020-09-28,>25,150-300nm,0.0,7
2020-09-28,>25,50-150nm,0.0,7
2020-10-05,10-15,0-50nm,35.285714285714285,7
2020-10-05,10-15,150-300nm,185.85714285714286,7
2020-10-05,10-15,50-150nm,69.42857142857143,7
2020-10-05,15-25,0-50nm,3.5714285714285716,7
2020-10-05,15-25,150-300nm,137.42857142857142,7
2020-10-05,15-25,50-150nm,32.142857142857146,7
2020-10-05,2-4,0-50nm,7.142857142857143,7
2020-10-05,2-4,150-300nm,0.8571428571428571,7
2020-10-05,2-4,50-150nm,2.857142857142857,7
2020-10-05,4-6,0-50nm,10.571428571428571,7
2020-10-05,4-6,150-300nm,1.5714285714285714,7
2020-10-05,4-6,50-150nm,2.5714285714285716,7
2020-10-05,6-10,0-50nm,54.285714285714285,7
2020-10-05,6-10,150-300nm,19.857142857142858,7
2020-10-05,6-10,50-150nm,64.28571428571429,7
2020-10-05,<2,0-50nm,663.4285714285714,7
2020-10-05,<2,150-300nm,38.57142857142857,7
2020-10-05,<2,50-150nm,132.28571428571428,7
2020-10-05,>25,0-50nm,0.0,7
2020-10-05,>25,150-300nm,0.0,7
2020-10-05,>25,50-150nm,0.0,7
2020-10-12,10-15,0-50nm,31.285714285714285,7
2020-10-12,10-15,150-300nm,151.71428571428572,7
2020-10-12,10-15,50-150nm,55.142857142857146,7
2020-10-12,15-25,0-50nm,2.4285714285714284,7
2020-10-12,15-25,150-300nm,105.14285714285714,7
2020-10-12,15-25,50-150nm,34.142857142857146,7
2020-10-12,2-4,0-50nm,8.142857142857142,7
2020-10-12,2-4,150-300nm,1.2857142857142858,7
2020-10-12,2-4,50-150nm,2.4285714285714284,7
2020-10-12,4-6,0-50nm,9.428571428571429,7
2020-10-12,4-6,150-300nm,0.2857142857142857,7
2020-10-12,4-6,50-150nm,1.8571428571428572,7
2020-10-12,6-10,0-50nm,41.285714285714285,7
2020-10-12,6-10,150-300nm,20.428571428571427,7
2020-10-12,6-10,50-150nm,50.857142857142854,7
2020-10-12,<2,0-50nm,702.1428571428571,7
2020-10-12,<2,150-300nm,59.57142857142857,7
2020-10-12,<2,50-150nm,159.28571428571428,7
2020-10-12,>25,0-50nm,0.0,7
2020-10-12,>25,150-300nm,0.0,7
2020-10-12,>25,50-150nm,0.0,7
2020-10-19,10-15,0-50nm,42.57142857142857,7
2020-10-19,10-15,150-300nm,222.71428571428572,7
2020-10-19,10-15,50-150nm,73.0,7
2020-10-19,15-25,0-50nm,4.142857142857143,7
2020-10-19,15-25,150-300nm,157.57142857142858,7
2020-10-19,15-25,50-150nm,51.42857142857143,7
2020-10-19,2-4,0-50nm,8.285714285714286,7
2020-10-19,2-4,150-300nm,1.2857142857142858,7
2020-10-19,2-4,50-150nm,4.428571428571429,7
2020-10-19,4-6,0-50nm,8.428571428571429,7
2020-10-19,4-6,150-300nm,1.0,7
2020-10-19,4-6,50-150nm,4.571428571428571,7
2020-10-19,6-10,0-50nm,55.42857142857143,7
2020-10-19,6-10,150-300nm,18.285714285714285,7
2020-10-19,6-10,50-150nm,65.0,7
2020-10-19,<2,0-50nm,829.0,7
2020-10-19,<2,150-300nm,22.714285714285715,7
2020-10-19,<2,50-150nm,138.28571428571428,7
2020-10-19,>25,0-50nm,0.0,7
2020-10-19,>25,150-300nm,0.0,7
2020-10-19,>25,50-150nm,0.0,7
2020-10-26,10-15,0-50nm,26.0,7
2020-10-26,10-15,150-300nm,167.85714285714286,7
2020-10-26,10-15,50-150nm,52.42857142857143,7
2020-10-26,15-25,0-50nm,2.5714285714285716,7
2020-10-26,15-25,150-300nm,125.85714285714286,7
2020-10-26,15-25,50-150nm,32.142857142857146,7
2020-10-26,2-4,0-50nm,8.285714285714286,7
2020-10-26,2-4,150-300nm,1.2857142857142858,7
2020-10-26,2-4,50-150nm,1.7142857142857142,7
2020-10-26,4-6,0-50nm,8.571428571428571,7
2020-10-26,4-6,150-300nm,0.42857142857142855,7
2020-10-26,4-6,50-150nm,3.0,7
2020-10-26,6-10,0-50nm,56.857142857142854,7
2020-10-26,6-10,150-300nm,12.428571428571429,7
2020-10-26,6-10,50-150nm,63.142857142857146,7
2020-10-26,<2,0-50nm,882.4285714285714,7
2020-10-26,<2,150-300nm,56.857142857142854,7
2020-10-26,<2,50-150nm,116.71428571428571,7
2020-10-26,>25,0-50nm,0.0,7
2020-10-26,>25,150-300nm,0.0,7
2020-10-26,>25,50-150nm,0.0,7
2020-11-02,10-15,0-50nm,28.428571428571427,7
2020-11-02,10-15,150-300nm,135.57142857142858,7
2020-11-02,10-15,50-150nm,48.42857142857143,7
2020-11-02,15-25,0-50nm,3.0,7
2020-11-02,15-25,150-300nm,106.28571428571429,7
2020-11-02,15-25,50-150nm,34.285714285714285,7
2020-11-02,2-4,0-50nm,8.428571428571429,7
2020-11-02,2-4,150-300nm,3.7142857142857144,7
2020-11-02,2-4,50-150nm,1.2857142857142858,7
2020-11-02,4-6,0-50nm,9.285714285714286,7
2020-11-02,4-6,150-300nm,1.8571428571428572,7
2020-11-02,4-6,50-150nm,2.7142857142857144,7
2020-11-02,6-10,0-50nm,53.714285714285715,7
2020-11-02,6-10,150-300nm,36.714285714285715,7
2020-11-02,6-10,50-150nm,70.42857142857143,7
2020-11-02,<2,0-50nm,889.7142857142857,7
2020-11-02,<2,150-300nm,49.57142857142857,7
2020-11-02,<2,50-150nm,101.85714285714286,7
2020-11-02,>25,0-50nm,0.0,7
2020-11-02,>25,150-300nm,0.0,7
2020-11-02,>25,50-150nm,0.0,7
2020-11-09,10-15,0-50nm,27.428571428571427,7
2020-11-09,10-15,150-300nm,168.85714285714286,7
2020-11-09,10-15,50-150nm,57.57142857142857,7
2020-11-09,15-25,0-50nm,3.142857142857143,7
2020-11-09,15-25,150-300nm,121.71428571428571,7
2020-11-09,15-25,50-150nm,38.57142857142857,7
2020-11-09,2-4,0-50nm,8.285714285714286,7
2020-11-09,2-4,150-300nm,3.2857142857142856,7
2020-11-09,2-4,50-150nm,1.8571428571428572,7
2020-11-09,4-6,0-50nm,7.285714285714286,7
2020-11-09,4-6,150-300nm,1.0,7
2020-11-09,4-6,50-150nm,2.0,7
2020-11-09,6-10,0-50nm,59.142857142857146,7
2020-11-09,6-10,150-300nm,22.428571428571427,7
2020-11-09,6-10,50-150nm,62.857142857142854,7
2020-11-09,<2,0-50nm,902.2857142857143,7
2020-11-09,<2,150-300nm,40.285714285714285,7
2020-11-09,<2,50-150nm,116.28571428571429,7
2020-11-09,>25,0-50nm,0.0,7
2020-11-09,>25,150-300nm,0.0,7
2020-11-09,>25,50-150nm,0.0,7
2020-11-16,10-15,0-50nm,38.714285714285715,7
2020-11-16,10-15,150-300nm,194.14285714285714,7
2020-11-16,10-15,50-150nm,75.42857142857143,7
2020-11-16,15-25,0-50nm,4.714285714285714,7
2020-11-16,15-25,150-300nm,118.28571428571429,7
2020-11-16,15-25,50-150nm,43.0,7
2020-11-16,2-4,0-50nm,9.714285714285714,7
2020-11-16,2-4,150-300nm,3.5714285714285716,7
2020-11-16,2-4,50-150nm,2.4285714285714284,7
2020-11-16,4-6,0-50nm,8.714285714285714,7
2020-11-16,4-6,150-300nm,0.2857142857142857,7
2020-11-16,4-6,50-150nm,2.5714285714285716,7
2020-11-16,6-10,0-50nm,48.0,7
2020-11-16,6-10,150-300nm,11.428571428571429,7
2020-11-16,6-10,50-150nm,50.57142857142857,7
2020-11-16,<2,0-50nm,1054.5714285714287,7
2020-11-16,<2,150-300nm,90.57142857142857,7
2020-11-16,<2,50-150nm,134.14285714285714,7
2020-11-16,>25,0-50nm,0.0,7
2020-11-16,>25,150-300nm,0.0,7
2020-11-16,>25,50-150nm,0.0,7
2020-11-23,10-15,0-50nm,45.0,7
2020-11-23,10-15,150-300nm,200.57142857142858,7
2020-11-23,10-15,50-150nm,93.71428571428571,7
2020-11-23,15-25,0-50nm,4.285714285714286,7
2020-11-23,15-25,150-300nm,97.42857142857143,7
2020-11-23,15-25,50-150nm,39.714285714285715,7
2020-11-23,2-4,0-50nm,9.285714285714286,7
2020-11-23,2-4,150-300nm,1.8571428571428572,7
2020-11-23,2-4,50-150nm,2.2857142857142856,7
2020-11-23,4-6,0-50nm,10.0,7
2020-11-23,4-6,150-300nm,0.7142857142857143,7
2020-11-23,4-6,50-150nm,3.4285714285714284,7
2020-11-23,6-10,0-50nm,48.714285714285715,7
2020-11-23,6-10,150-300nm,21.714285714285715,7
2020-11-23,6-10,50-150nm,51.42857142857143,7
2020-11-23,<2,0-50nm,1102.857142857143,7
2020-11-23,<2,150-300nm,70.85714285714286,7
2020-11-23,<2,50-150nm,156.85714285714286,7
2020-11-23,>25,0-50nm,0.0,7
2020-11-23,>25,150-300nm,0.0,7
2020-11-23,>25,50-150nm,0.0,7
2020-11-30,10-15,0-50nm,44.142857142857146,7
2020-11-30,10-15,150-300nm,209.57142857142858,7
2020-11-30,10-15,50-150nm,80.85714285714286,7
2020-11-30,15-25,0-50nm,6.142857142857143,7
2020-11-30,15-25,150-300nm,104.85714285714286,7
2020-11-30,15-25,50-150nm,44.857142857142854,7
2020-11-30,2-4,0-50nm,7.857142857142857,7
2020-11-30,2-4,150-300nm,2.2857142857142856,7
2020-11-30,2-4,50-150nm,3.5714285714285716,7
2020-11-30,4-6,0-50nm,13.428571428571429,7
2020-11-30,4-6,150-300nm,2.2857142857142856,7
2020-11-30,4-6,50-150nm,3.2857142857142856,7
2020-11-30,6-10,0-50nm,45.42857142857143,7
2020-11-30,6-10,150-300nm,10.0,7
2020-11-30,6-10,50-150nm,50.57142857142857,7
2020-11-30,<2,0-50nm,1225.142857142857,7
2020-11-30,<2,150-300nm,78.85714285714286,7
2020-11-30,<2,50-150nm,138.85714285714286,7
2020-11-30,>25,0-50nm,0.0,7
2020-11-30,>25,150-300nm,0.0,7
2020-11-30,>25,50-150nm,0.0,7
2020-12-07,10-15,0-50nm,43.857142857142854,7
2020-12-07,10-15,150-300nm,120.57142857142857,7
2020-12-07,10-15,50-150nm,63.142857142857146,7
2020-12-07,15-25,0-50nm,3.7142857142857144,7
2020-12-07,15-25,150-300nm,115.85714285714286,7
2020-12-07,15-25,50-150nm,48.57142857142857,7
2020-12-07,2-4,0-50nm,8.142857142857142,7
2020-12-07,2-4,150-300nm,3.857142857142857,7
2020-12-07,2-4,50-150nm,2.2857142857142856,7
2020-12-07,4-6,0-50nm,8.0,7
2020-12-07,4-6,150-300nm,5.0,7
2020-12-07,4-6,50-150nm,4.571428571428571,7
2020-12-07,6-10,0-50nm,43.0,7
2020-12-07,6-10,150-300nm,18.142857142857142,7
2020-12-07,6-10,50-150nm,43.0,7
2020-12-07,<2,0-50nm,1173.7142857142858,7
2020-12-07,<2,150-300nm,34.0,7
2020-12-07,<2,50-150nm,128.0,7
2020-12-07,>25,0-50nm,0.0,7
2020-12-07,>25,150-300nm,0.0,7
2020-12-07,>25,50-150nm,0.0,7
2020-12-14,10-15,0-50nm,42.0,7
2020-12-14,10-15,150-300nm,157.57142857142858,7
2020-12-14,10-15,50-150nm,71.28571428571429,7
2020-12-14,15-25,0-50nm,5.142857142857143,7
2020-12-14,15-25,150-300nm,101.14285714285714,7
2020-12-14,15-25,50-150nm,44.0,7
2020-12-14,2-4,0-50nm,10.428571428571429,7
2020-12-14,2-4,150-300nm,5.285714285714286,7
2020-12-14,2-4,50-150nm,2.5714285714285716,7
2020-12-14,4-6,0-50nm,7.285714285714286,7
2020-12-14,4-6,150-300nm,1.0,7
2020-12-14,4-6,50-150nm,5.142857142857143,7
2020-12-14,6-10,0-50nm,36.857142857142854,7
2020-12-14,6-10,150-300nm,18.0,7
2020-12-14,6-10,50-150nm,40.57142857142857,7
2020-12-14,<2,0-50nm,1238.0,7
2020-12-14,<2,150-300nm,57.42857142857143,7
2020-12-14,<2,50-150nm,171.85714285714286,7
2020-12-14,>25,0-50nm,0.0,7
2020-12-14,>25,150-300nm,0.0,7
2020-12-14,>25,50-150nm,0.0,7
2020-12-21,10-15,0-50nm,39.0,7
2020-12-21,10-15,150-300nm,133.14285714285714,7
2020-12-21,10-15,50-150nm,73.14285714285714,7
2020-12-21,15-25,0-50nm,4.285714285714286,7
2020-12-21,15-25,150-300nm,99.57142857142857,7
2020-12-21,15-25,50-150nm,44.42857142857143,7
2020-12-21,2-4,0-50nm,6.857142857142857,7
2020-12-21,2-4,150-300nm,2.142857142857143,7
2020-12-21,2-4,50-150nm,1.8571428571428572,7
2020-12-21,4-6,0-50nm,7.857142857142857,7
2020-12-21,4-6,150-300nm,1.2857142857142858,7
2020-12-21,4-6,50-150nm,2.0,7
2020-12-21,6-10,0-50nm,32.42857142857143,7
2020-12-21,6-10,150-300nm,8.428571428571429,7
2020-12-21,6-10,50-150nm,24.285714285714285,7
2020-12-21,<2,0-50nm,1234.4285714285713,7
2020-12-21,<2,150-300nm,53.57142857142857,7
2020-12-21,<2,50-150nm,142.85714285714286,7
2020-12-21,>25,0-50nm,0.0,7
2020-12-21,>25,150-300nm,0.0,7
2020-12-21,>25,50-150nm,0.0,7
2020-12-28,10-15,0-50nm,44.166666666666664,6
2020-12-28,10-15,150-300nm,147.66666666666666,6
2020-12-28,10-15,50-150nm,78.0,6
2020-12-28,15-25,0-50nm,4.833333333333333,6
2020-12-28,15-25,150-300nm,84.5,6
2020-12-28,15-25,50-150nm,37.0,6
2020-12-28,2-4,0-50nm,8.0,6
2020-12-28,2-4,150-300nm,2.0,6
2020-12-28,2-4,50-150nm,2.6666666666666665,6
2020-12-28,4-6,0-50nm,6.666666666666667,6
2020-12-28,4-6,150-300nm,2.5,6
2020-12-28,4-6,50-150nm,3.0,6
2020-12-28,6-10,0-50nm,29.5,6
2020-12-28,6-10,150-300nm,32.5,6
2020-12-28,6-10,50-150nm,26.833333333333332,6
2020-12-28,<2,0-50nm,1417.6666666666667,6
2020-12-28,<2,150-300nm,97.5,6
2020-12-28,<2,50-150nm,135.83333333333334,6
2020-12-28,>25,0-50nm,0.0,6
2020-12-28,>25,150-300nm,0.0,6
2020-12-28,>25,50-150nm,0.0,6
2021-01-04,10-15,0-50nm,42.0,7
2021-01-04,10-15,150-300nm,130.85714285714286,7
2021-01-04,10-15,50-150nm,63.42857142857143,7
2021-01-04,15-25,0-50nm,5.142857142857143,7
2021-01-04,15-25,150-300nm,89.0,7
2021-01-04,15-25,50-150nm,46.57142857142857,7
2021-01-04,2-4,0-50nm,8.142857142857142,7
2021-01-04,2-4,150-300nm,4.0,7
2021-01-04,2-4,50-150nm,2.5714285714285716,7
2021-01-04,4-6,0-50nm,7.714285714285714,7
2021-01-04,4-6,150-300nm,1.1428571428571428,7
2021-01-04,4-6,50-150nm,3.5714285714285716,7
2021-01-04,6-10,0-50nm,29.285714285714285,7
2021-01-04,6-10,150-300nm,14.857142857142858,7
2021-01-04,6-10,50-150nm,24.714285714285715,7
2021-01-04,<2,0-50nm,1468.4285714285713,7
2021-01-04,<2,150-300nm,80.42857142857143,7
2021-01-04,<2,50-150nm,116.14285714285714,7
2021-01-04,>25,0-50nm,0.0,7
2021-01-04,>25,150-300nm,0.0,7
2021-01-04,>25,50-150nm,0.0,7
2021-01-11,10-15,0-50nm,46.57142857142857,7
2021-01-11,10-15,150-300nm,136.71428571428572,7
2021-01-11,10-15,50-150nm,74.71428571428571,7
2021-01-11,15-25,0-50nm,5.428571428571429,7
2021-01-11,15-25,150-300nm,107.85714285714286,7
2021-01-11,15-25,50-150nm,50.285714285714285,7
2021-01-11,2-4,0-50nm,6.285714285714286,7
2021-01-11,2-4,150-300nm,1.7142857142857142,7
2021-01-11,2-4,50-150nm,1.8571428571428572,7
2021-01-11,4-6,0-50nm,11.714285714285714,7
2021-01-11,4-6,150-300nm,7.0,7
2021-01-11,4-6,50-150nm,4.285714285714286,7
2021-01-11,6-10,0-50nm,34.285714285714285,7
2021-01-11,6-10,150-300nm,13.0,7
2021-01-11,6-10,50-150nm,23.0,7
2021-01-11,<2,0-50nm,1445.5714285714287,7
2021-01-11,<2,150-300nm,116.14285714285714,7
2021-01-11,<2,50-150nm,114.14285714285714,7
2021-01-11,>25,0-50nm,0.0,7
2021-01-11,>25,150-300nm,0.0,7
2021-01-11,>25,50-150nm,0.0,7
2021-01-18,10-15,0-50nm,49.285714285714285,7
2021-01-18,10-15,150-300nm,153.85714285714286,7
2021-01-18,10-15,50-150nm,88.71428571428571,7
2021-01-18,15-25,0-50nm,3.4285714285714284,7
2021-01-18,15-25,150-300nm,117.0,7
2021-01-18,15-25,50-150nm,45.714285714285715,7
2021-01-18,2-4,0-50nm,12.857142857142858,7
2021-01-18,2-4,150-300nm,0.2857142857142857,7
2021-01-18,2-4,50-150nm,5.285714285714286,7
2021-01-18,4-6,0-50nm,13.142857142857142,7
2021-01-18,4-6,150-300nm,1.2857142857142858,7
2021-01-18,4-6,50-150nm,3.5714285714285716,7
2021-01-18,6-10,0-50nm,38.42857142857143,7
2021-01-18,6-10,150-300nm,25.571428571428573,7
2021-01-18,6-10,50-150nm,32.285714285714285,7
2021-01-18,<2,0-50nm,1512.7142857142858,7
2021-01-18,<2,150-300nm,38.0,7
2021-01-18,<2,50-150nm,125.42857142857143,7
2021-01-18,>25,0-50nm,0.0,7
2021-01-18,>25,150-300nm,0.0,7
2021-01-18,>25,50-150nm,0.0,7
2021-01-25,10-15,0-50nm,38.714285714285715,7
2021-01-25,10-15,150-300nm,160.85714285714286,7
2021-01-25,10-15,50-150nm,67.85714285714286,7
2021-01-25,15-25,0-50nm,5.428571428571429,7
2021-01-25,15-25,150-300nm,114.85714285714286,7
2021-01-25,15-25,50-150nm,57.857142857142854,7
2021-01-25,2-4,0-50nm,43.857142857142854,7
2021-01-25,2-4,150-300nm,6.285714285714286,7
2021-01-25,2-4,50-150nm,8.428571428571429,7
2021-01-25,4-6,0-50nm,24.0,7
2021-01-25,4-6,150-300nm,2.142857142857143,7
2021-01-25,4-6,50-150nm,8.428571428571429,7
2021-01-25,6-10,0-50nm,52.285714285714285,7
2021-01-25,6-10,150-300nm,37.0,7
2021-01-25,6-10,50-150nm,27.428571428571427,7
2021-01-25,<2,0-50nm,1453.4285714285713,7
2021-01-25,<2,150-300nm,82.14285714285714,7
2021-01-25,<2,50-150nm,124.0,7
2021-01-25,>25,0-50nm,0.0,7
2021-01-25,>25,150-300nm,0.0,7
2021-01-25,>25,50-150nm,0.0,7
2021-02-01,10-15,0-50nm,36.42857142857143,7
2021-02-01,10-15,150-300nm,113.71428571428571,7
2021-02-01,10-15,50-150nm,56.42857142857143,7
2021-02-01,15-25,0-50nm,3.2857142857142856,7
2021-02-01,15-25,150-300nm,114.28571428571429,7
2021-02-01,15-25,50-150nm,47.857142857142854,7
2021-02-01,2-4,0-50nm,7.714285714285714,7
2021-02-01,2-4,150-300nm,5.714285714285714,7
2021-02-01,2-4,50-150nm,3.2857142857142856,7
2021-02-01,4-6,0-50nm,11.857142857142858,7
2021-02-01,4-6,150-300nm,1.4285714285714286,7
2021-02-01,4-6,50-150nm,4.142857142857143,7
2021-02-01,6-10,0-50nm,33.285714285714285,7
2021-02-01,6-10,150-300nm,20.857142857142858,7
2021-02-01,6-10,50-150nm,22.714285714285715,7
2021-02-01,<2,0-50nm,1616.142857142857,7
2021-02-01,<2,150-300nm,85.28571428571429,7
2021-02-01,<2,50-150nm,122.0,7
2021-02-01,>25,0-50nm,0.0,7
2021-02-01,>25,150-300nm,0.0,7
2021-02-01,>25,50-150nm,0.0,7
2021-02-08,10-15,0-50nm,42.857142857142854,7
2021-02-08,10-15,150-300nm,151.57142857142858,7
2021-02-08,10-15,50-150nm,74.14285714285714,7
2021-02-08,15-25,0-50nm,5.142857142857143,7
2021-02-08,15-25,150-300nm,134.42857142857142,7
2021-02-08,15-25,50-150nm,50.857142857142854,7
2021-02-08,2-4,0-50nm,10.714285714285714,7
2021-02-08,2-4,150-300nm,2.5714285714285716,7
2021-02-08,2-4,50-150nm,3.142857142857143,7
2021-02-08,4-6,0-50nm,9.857142857142858,7
2021-02-08,4-6,150-300nm,3.0,7
2021-02-08,4-6,50-150nm,2.2857142857142856,7
2021-02-08,6-10,0-50nm,28.571428571428573,7
2021-02-08,6-10,150-300nm,10.142857142857142,7
2021-02-08,6-10,50-150nm,21.0,7
2021-02-08,<2,0-50nm,1443.857142857143,7
2021-02-08,<2,150-300nm,48.142857142857146,7
2021-02-08,<2,50-150nm,157.42857142857142,7
2021-02-08,>25,0-50nm,0.0,7
2021-02-08,>25,150-300nm,0.0,7
2021-02-08,>25,50-150nm,0.0,7
2021-02-15,10-15,0-50nm,46.57142857142857,7
2021-02-15,10-15,150-300nm,138.57142857142858,7
2021-02-15,10-15,50-150nm,78.28571428571429,7
2021-02-15,15-25,0-50nm,3.7142857142857144,7
2021-02-15,15-25,150-300nm,103.57142857142857,7
2021-02-15,15-25,50-150nm,48.714285714285715,7
2021-02-15,2-4,0-50nm,7.857142857142857,7
2021-02-15,2-4,150-300nm,5.428571428571429,7
2021-02-15,2-4,50-150nm,1.7142857142857142,7
2021-02-15,4-6,0-50nm,11.285714285714286,7
2021-02-15,4-6,150-300nm,1.5714285714285714,7
2021-02-15,4-6,50-150nm,1.1428571428571428,7
2021-02-15,6-10,0-50nm,36.857142857142854,7
2021-02-15,6-10,150-300nm,27.0,7
2021-02-15,6-10,50-150nm,26.285714285714285,7
2021-02-15,<2,0-50nm,1447.7142857142858,7
2021-02-15,<2,150-300nm,44.714285714285715,7
2021-02-15,<2,50-150nm,159.57142857142858,7
2021-02-15,>25,0-50nm,0.0,7
2021-02-15,>25,150-300nm,0.0,7
2021-02-15,>25,50-150nm,0.0,7
2021-02-22,10-15,0-50nm,50.857142857142854,7
2021-02-22,10-15,150-300nm,137.42857142857142,7
2021-02-22,10-15,50-150nm,63.42857142857143,7
2021-02-22,15-25,0-50nm,5.571428571428571,7
2021-02-22,15-25,150-300nm,121.42857142857143,7
2021-02-22,15-25,50-150nm,57.142857142857146,7
2021-02-22,2-4,0-50nm,6.285714285714286,7
2021-02-22,2-4,150-300nm,42.142857142857146,7
2021-02-22,2-4,50-150nm,7.571428571428571,7
2021-02-22,4-6,0-50nm,9.0,7
2021-02-22,4-6,150-300nm,10.428571428571429,7
2021-02-22,4-6,50-150nm,5.142857142857143,7
2021-02-22,6-10,0-50nm,31.142857142857142,7
2021-02-22,6-10,150-300nm,53.714285714285715,7
2021-02-22,6-10,50-150nm,27.0,7
2021-02-22,<2,0-50nm,1405.7142857142858,7
2021-02-22,<2,150-300nm,131.71428571428572,7
2021-02-22,<2,50-150nm,152.71428571428572,7
2021-02-22,>25,0-50nm,0.0,7
2021-02-22,>25,150-300nm,0.0,7
2021-02-22,>25,50-150nm,0.0,7
2021-03-01,10-15,0-50nm,45.714285714285715,7
2021-03-01,10-15,150-300nm,153.57142857142858,7
2021-03-01,10-15,50-150nm,81.71428571428571,7
2021-03-01,15-25,0-50nm,2.142857142857143,7
2021-03-01,15-25,150-300nm,101.0,7
2021-03-01,15-25,50-150nm,43.57142857142857,7
2021-03-01,2-4,0-50nm,8.0,7
2021-03-01,2-4,150-300nm,9.571428571428571,7
2021-03-01,2-4,50-150nm,2.857142857142857,7
2021-03-01,4-6,0-50nm,8.428571428571429,7
2021-03-01,4-6,150-300nm,6.714285714285714,7
2021-03-01,4-6,50-150nm,3.4285714285714284,7
2021-03-01,6-10,0-50nm,30.857142857142858,7
2021-03-01,6-10,150-300nm,18.285714285714285,7
2021-03-01,6-10,50-150nm,23.571428571428573,7
2021-03-01,<2,0-50nm,1433.857142857143,7
2021-03-01,<2,150-300nm,92.71428571428571,7
2021-03-01,<2,50-150nm,136.42857142857142,7
2021-03-01,>25,0-50nm,0.0,7
2021-03-01,>25,150-300nm,0.0,7
2021-03-01,>25,50-150nm,0.0,7
2021-03-08,10-15,0-50nm,54.57142857142857,7
2021-03-08,10-15,150-300nm,184.71428571428572,7
2021-03-08,10-15,50-150nm,84.71428571428571,7
2021-03-08,15-25,0-50nm,3.0,7
2021-03-08,15-25,150-300nm,109.0,7
2021-03-08,15-25,50-150nm,50.857142857142854,7
2021-03-08,2-4,0-50nm,9.857142857142858,7
2021-03-08,2-4,150-300nm,5.571428571428571,7
2021-03-08,2-4,50-150nm,1.5714285714285714,7
2021-03-08,4-6,0-50nm,11.571428571428571,7
2021-03-08,4-6,150-300nm,6.142857142857143,7
2021-03-08,4-6,50-150nm,2.0,7
2021-03-08,6-10,0-50nm,35.142857142857146,7
2021-03-08,6-10,150-300nm,33.0,7
2021-03-08,6-10,50-150nm,32.42857142857143,7
2021-03-08,<2,0-50nm,1411.142857142857,7
2021-03-08,<2,150-300nm,108.57142857142857,7
2021-03-08,<2,50-150nm,141.42857142857142,7
2021-03-08,>25,0-50nm,0.0,7
2021-03-08,>25,150-300nm,0.0,7
2021-03-08,>25,50-150nm,0.0,7
2021-03-15,10-15,0-50nm,43.42857142857143,7
2021-03-15,10-15,150-300nm,180.0,7
2021-03-15,10-15,50-150nm,83.42857142857143,7
2021-03-15,15-25,0-50nm,4.571428571428571,7
2021-03-15,15-25,150-300nm,121.0,7
2021-03-15,15-25,50-150nm,53.857142857142854,7
2021-03-15,2-4,0-50nm,8.714285714285714,7
2021-03-15,2-4,150-300nm,14.428571428571429,7
2021-03-15,2-4,50-150nm,2.2857142857142856,7
2021-03-15,4-6,0-50nm,8.142857142857142,7
2021-03-15,4-6,150-300nm,9.0,7
2021-03-15,4-6,50-150nm,2.4285714285714284,7
2021-03-15,6-10,0-50nm,37.285714285714285,7
2021-03-15,6-10,150-300nm,27.714285714285715,7
2021-03-15,6-10,50-150nm,16.285714285714285,7
2021-03-15,<2,0-50nm,1316.2857142857142,7
2021-03-15,<2,150-300nm,150.28571428571428,7
2021-03-15,<2,50-150nm,127.14285714285714,7
2021-03-15,>25,0-50nm,0.0,7
2021-03-15,>25,150-300nm,0.0,7
2021-03-15,>25,50-150nm,0.0,7
2021-03-22,10-15,0-50nm,56.42857142857143,7
2021-03-22,10-15,150-300nm,192.42857142857142,7
2021-03-22,10-15,50-150nm,86.85714285714286,7
2021-03-22,15-25,0-50nm,6.428571428571429,7
2021-03-22,15-25,150-300nm,135.0,7
2021-03-22,15-25,50-150nm,53.714285714285715,7
2021-03-22,2-4,0-50nm,9.571428571428571,7
2021-03-22,2-4,150-300nm,39.57142857142857,7
2021-03-22,2-4,50-150nm,2.857142857142857,7
2021-03-22,4-6,0-50nm,11.0,7
2021-03-22,4-6,150-300nm,21.428571428571427,7
2021-03-22,4-6,50-150nm,4.142857142857143,7
2021-03-22,6-10,0-50nm,34.714285714285715,7
2021-03-22,6-10,150-300nm,49.0,7
2021-03-22,6-10,50-150nm,24.142857142857142,7
2021-03-22,<2,0-50nm,1475.5714285714287,7
2021-03-22,<2,150-300nm,116.0,7
2021-03-22,<2,50-150nm,117.42857142857143,7
2021-03-22,>25,0-50nm,0.0,7
2021-03-22,>25,150-300nm,0.0,7
2021-03-22,>25,50-150nm,0.0,7
2021-03-29,10-15,0-50nm,49.285714285714285,7
2021-03-29,10-15,150-300nm,201.14285714285714,7
2021-03-29,10-15,50-150nm,82.14285714285714,7
2021-03-29,15-25,0-50nm,4.714285714285714,7
2021-03-29,15-25,150-300nm,114.42857142857143,7
2021-03-29,15-25,50-150nm,44.857142857142854,7
2021-03-29,2-4,0-50nm,8.571428571428571,7
2021-03-29,2-4,150-300nm,26.428571428571427,7
2021-03-29,2-4,50-150nm,3.2857142857142856,7
2021-03-29,4-6,0-50nm,10.428571428571429,7
2021-03-29,4-6,150-300nm,9.285714285714286,7
2021-03-29,4-6,50-150nm,2.857142857142857,7
2021-03-29,6-10,0-50nm,31.428571428571427,7
2021-03-29,6-10,150-300nm,30.428571428571427,7
2021-03-29,6-10,50-150nm,21.857142857142858,7
2021-03-29,<2,0-50nm,1485.0,7
2021-03-29,<2,150-300nm,142.14285714285714,7
2021-03-29,<2,50-150nm,129.57142857142858,7
2021-03-29,>25,0-50nm,0.0,7
2021-03-29,>25,150-300nm,0.0,7
2021-03-29,>25,50-150nm,0.0,7
2021-04-05,10-15,0-50nm,42.0,7
2021-04-05,10-15,150-300nm,172.42857142857142,7
2021-04-05,10-15,50-150nm,78.0,7
2021-04-05,15-25,0-50nm,5.142857142857143,7
2021-04-05,15-25,150-300nm,126.85714285714286,7
2021-04-05,15-25,50-150nm,52.0,7
2021-04-05,2-4,0-50nm,7.142857142857143,7
2021-04-05,2-4,150-300nm,57.142857142857146,7
2021-04-05,2-4,50-150nm,2.2857142857142856,7
2021-04-05,4-6,0-50nm,10.571428571428571,7
2021-04-05,4-6,150-300nm,14.142857142857142,7
2021-04-05,4-6,50-150nm,2.857142857142857,7
2021-04-05,6-10,0-50nm,33.0,7
2021-04-05,6-10,150-300nm,48.714285714285715,7
2021-04-05,6-10,50-150nm,32.0,7
2021-04-05,<2,0-50nm,1391.2857142857142,7
2021-04-05,<2,150-300nm,123.28571428571429,7
2021-04-05,<2,50-150nm,165.0,7
2021-04-05,>25,0-50nm,0.0,7
2021-04-05,>25,150-300nm,0.0,7
2021-04-05,>25,50-150nm,0.0,7
2021-04-12,10-15,0-50nm,45.714285714285715,7
2021-04-12,10-15,150-300nm,162.42857142857142,7
2021-04-12,10-15,50-150nm,73.0,7
2021-04-12,15-25,0-50nm,3.5714285714285716,7
2021-04-12,15-25,150-300nm,133.85714285714286,7
2021-04-12,15-25,50-150nm,48.857142857142854,7
2021-04-12,2-4,0-50nm,10.142857142857142,7
2021-04-12,2-4,150-300nm,4.857142857142857,7
2021-04-12,2-4,50-150nm,2.142857142857143,7
2021-04-12,4-6,0-50nm,11.0,7
2021-04-12,4-6,150-300nm,5.142857142857143,7
2021-04-12,4-6,50-150nm,2.0,7
2021-04-12,6-10,0-50nm,39.857142857142854,7
2021-04-12,6-10,150-300nm,45.0,7
2021-04-12,6-10,50-150nm,31.714285714285715,7
2021-04-12,<2,0-50nm,1340.2857142857142,7
2021-04-12,<2,150-300nm,95.57142857142857,7
2021-04-12,<2,50-150nm,127.28571428571429,7
2021-04-12,>25,0-50nm,0.0,7
2021-04-12,>25,150-300nm,0.0,7
2021-04-12,>25,50-150nm,0.2857142857142857,7
2021-04-19,10-15,0-50nm,55.0,7
2021-04-19,10-15,150-300nm,182.28571428571428,7
2021-04-19,10-15,50-150nm,101.28571428571429,7
2021-04-19,15-25,0-50nm,4.0,7
2021-04-19,15-25,150-300nm,169.28571428571428,7
2021-04-19,15-25,50-150nm,55.57142857142857,7
2021-04-19,2-4,0-50nm,8.285714285714286,7
2021-04-19,2-4,150-300nm,8.714285714285714,7
2021-04-19,2-4,50-150nm,0.8571428571428571,7
2021-04-19,4-6,0-50nm,10.428571428571429,7
2021-04-19,4-6,150-300nm,6.0,7
2021-04-19,4-6,50-150nm,2.7142857142857144,7
2021-04-19,6-10,0-50nm,37.714285714285715,7
2021-04-19,6-10,150-300nm,22.142857142857142,7
2021-04-19,6-10,50-150nm,26.142857142857142,7
2021-04-19,<2,0-50nm,1246.4285714285713,7
2021-04-19,<2,150-300nm,100.14285714285714,7
2021-04-19,<2,50-150nm,129.71428571428572,7
2021-04-19,>25,0-50nm,0.0,7
2021-04-19,>25,150-300nm,0.0,7
2021-04-19,>25,50-150nm,0.0,7
2021-04-26,10-15,0-50nm,45.0,7
2021-04-26,10-15,150-300nm,193.28571428571428,7
2021-04-26,10-15,50-150nm,80.28571428571429,7
2021-04-26,15-25,0-50nm,2.2857142857142856,7
2021-04-26,15-25,150-300nm,139.57142857142858,7
2021-04-26,15-25,50-150nm,39.857142857142854,7
2021-04-26,2-4,0-50nm,8.428571428571429,7
2021-04-26,2-4,150-300nm,23.571428571428573,7
2021-04-26,2-4,50-150nm,3.0,7
2021-04-26,4-6,0-50nm,9.857142857142858,7
2021-04-26,4-6,150-300nm,7.142857142857143,7
2021-04-26,4-6,50-150nm,4.285714285714286,7
2021-04-26,6-10,0-50nm,36.57142857142857,7
2021-04-26,6-10,150-300nm,28.142857142857142,7
2021-04-26,6-10,50-150nm,28.571428571428573,7
2021-04-26,<2,0-50nm,1212.142857142857,7
2021-04-26,<2,150-300nm,79.0,7
2021-04-26,<2,50-150nm,152.0,7
2021-04-26,>25,0-50nm,0.0,7
2021-04-26,>25,150-300nm,0.0,7
2021-04-26,>25,50-150nm,0.0,7
2021-05-03,10-15,0-50nm,42.714285714285715,7
2021-05-03,10-15,150-300nm,197.14285714285714,7
2021-05-03,10-15,50-150nm,86.14285714285714,7
2021-05-03,15-25,0-50nm,5.0,7
2021-05-03,15-25,150-300nm,129.14285714285714,7
2021-05-03,15-25,50-150nm,45.57142857142857,7
2021-05-03,2-4,0-50nm,8.571428571428571,7
2021-05-03,2-4,150-300nm,54.857142857142854,7
2021-05-03,2-4,50-150nm,3.2857142857142856,7
2021-05-03,4-6,0-50nm,9.428571428571429,7
2021-05-03,4-6,150-300nm,16.142857142857142,7
2021-05-03,4-6,50-150nm,2.5714285714285716,7
2021-05-03,6-10,0-50nm,33.57142857142857,7
2021-05-03,6-10,150-300nm,41.57142857142857,7
2021-05-03,6-10,50-150nm,26.428571428571427,7
2021-05-03,<2,0-50nm,1254.4285714285713,7
2021-05-03,<2,150-300nm,89.28571428571429,7
2021-05-03,<2,50-150nm,283.2857142857143,7
2021-05-03,>25,0-50nm,0.0,7
2021-05-03,>25,150-300nm,0.0,7
2021-05-03,>25,50-150nm,0.0,7
2021-05-10,10-15,0-50nm,47.0,7
2021-05-10,10-15,150-300nm,183.28571428571428,7
2021-05-10,10-15,50-150nm,85.14285714285714,7
2021-05-10,15-25,0-50nm,2.5714285714285716,7
2021-05-10,15-25,150-300nm,151.42857142857142,7
2021-05-10,15-25,50-150nm,45.0,7
2021-05-10,2-4,0-50nm,9.285714285714286,7
2021-05-10,2-4,150-300nm,21.428571428571427,7
2021-05-10,2-4,50-150nm,3.4285714285714284,7
2021-05-10,4-6,0-50nm,11.571428571428571,7
2021-05-10,4-6,150-300nm,6.714285714285714,7
2021-05-10,4-6,50-150nm,3.142857142857143,7
2021-05-10,6-10,0-50nm,45.285714285714285,7
2021-05-10,6-10,150-300nm,50.857142857142854,7
2021-05-10,6-10,50-150nm,47.42857142857143,7
2021-05-10,<2,0-50nm,1349.857142857143,7
2021-05-10,<2,150-300nm,190.85714285714286,7
2021-05-10,<2,50-150nm,232.71428571428572,7
2021-05-10,>25,0-50nm,0.0,7
2021-05-10,>25,150-300nm,0.14285714285714285,7
2021-05-10,>25,50-150nm,0.8571428571428571,7
2021-05-17,10-15,0-50nm,25.714285714285715,7
2021-05-17,10-15,150-300nm,206.42857142857142,7
2021-05-17,10-15,50-150nm,73.71428571428571,7
2021-05-17,15-25,0-50nm,3.142857142857143,7
2021-05-17,15-25,150-300nm,144.42857142857142,7
2021-05-17,15-25,50-150nm,33.285714285714285,7
2021-05-17,2-4,0-50nm,8.857142857142858,7
2021-05-17,2-4,150-300nm,55.0,7
2021-05-17,2-4,50-150nm,5.0,7
2021-05-17,4-6,0-50nm,9.428571428571429,7
2021-05-17,4-6,150-300nm,16.428571428571427,7
2021-05-17,4-6,50-150nm,2.857142857142857,7
2021-05-17,6-10,0-50nm,56.57142857142857,7
2021-05-17,6-10,150-300nm,57.285714285714285,7
2021-05-17,6-10,50-150nm,75.42857142857143,7
2021-05-17,<2,0-50nm,1254.0,7
2021-05-17,<2,150-300nm,109.85714285714286,7
2021-05-17,<2,50-150nm,139.57142857142858,7
2021-05-17,>25,0-50nm,0.0,7
2021-05-17,>25,150-300nm,0.0,7
2021-05-17,>25,50-150nm,0.42857142857142855,7
2021-05-24,10-15,0-50nm,30.142857142857142,7
2021-05-24,10-15,150-300nm,208.71428571428572,7
2021-05-24,10-15,50-150nm,60.0,7
2021-05-24,15-25,0-50nm,2.857142857142857,7
2021-05-24,15-25,150-300nm,130.42857142857142,7
2021-05-24,15-25,50-150nm,34.857142857142854,7
2021-05-24,2-4,0-50nm,9.0,7
2021-05-24,2-4,150-300nm,42.714285714285715,7
2021-05-24,2-4,50-150nm,2.0,7
2021-05-24,4-6,0-50nm,8.428571428571429,7
2021-05-24,4-6,150-300nm,16.285714285714285,7
2021-05-24,4-6,50-150nm,3.2857142857142856,7
2021-05-24,6-10,0-50nm,59.142857142857146,7
2021-05-24,6-10,150-300nm,31.285714285714285,7
2021-05-24,6-10,50-150nm,77.57142857142857,7
2021-05-24,<2,0-50nm,1264.7142857142858,7
2021-05-24,<2,150-300nm,127.42857142857143,7
2021-05-24,<2,50-150nm,158.57142857142858,7
2021-05-24,>25,0-50nm,0.0,7
2021-05-24,>25,150-300nm,0.0,7
2021-05-24,>25,50-150nm,0.2857142857142857,7
2021-05-31,10-15,0-50nm,26.571428571428573,7
2021-05-31,10-15,150-300nm,193.57142857142858,7
2021-05-31,10-15,50-150nm,63.857142857142854,7
2021-05-31,15-25,0-50nm,2.857142857142857,7
2021-05-31,15-25,150-300nm,144.0,7
2021-05-31,15-25,50-150nm,35.0,7
2021-05-31,2-4,0-50nm,6.714285714285714,7
2021-05-31,2-4,150-300nm,33.57142857142857,7
2021-05-31,2-4,50-150nm,1.4285714285714286,7
2021-05-31,4-6,0-50nm,12.571428571428571,7
2021-05-31,4-6,150-300nm,13.285714285714286,7
2021-05-31,4-6,50-150nm,2.2857142857142856,7
2021-05-31,6-10,0-50nm,63.285714285714285,7
2021-05-31,6-10,150-300nm,40.285714285714285,7
2021-05-31,6-10,50-150nm,75.28571428571429,7
2021-05-31,<2,0-50nm,1128.2857142857142,7
2021-05-31,<2,150-300nm,233.0,7
2021-05-31,<2,50-150nm,144.57142857142858,7
2021-05-31,>25,0-50nm,0.0,7
2021-05-31,>25,150-300nm,0.0,7
2021-05-31,>25,50-150nm,0.0,7
2021-06-07,10-15,0-50nm,27.428571428571427,7
2021-06-07,10-15,150-300nm,221.14285714285714,7
2021-06-07,10-15,50-150nm,78.71428571428571,7
2021-06-07,15-25,0-50nm,1.5714285714285714,7
2021-06-07,15-25,150-300nm,133.42857142857142,7
2021-06-07,15-25,50-150nm,25.142857142857142,7
2021-06-07,2-4,0-50nm,7.0,7
2021-06-07,2-4,150-300nm,19.142857142857142,7
2021-06-07,2-4,50-150nm,1.7142857142857142,7
2021-06-07,4-6,0-50nm,8.571428571428571,7
2021-06-07,4-6,150-300nm,9.0,7
2021-06-07,4-6,50-150nm,2.7142857142857144,7
2021-06-07,6-10,0-50nm,57.0,7
2021-06-07,6-10,150-300nm,35.142857142857146,7
2021-06-07,6-10,50-150nm,75.57142857142857,7
2021-06-07,<2,0-50nm,1056.2857142857142,7
2021-06-07,<2,150-300nm,240.42857142857142,7
2021-06-07,<2,50-150nm,141.14285714285714,7
2021-06-07,>25,0-50nm,0.0,7
2021-06-07,>25,150-300nm,0.14285714285714285,7
2021-06-07,>25,50-150nm,0.14285714285714285,7
2021-06-14,10-15,0-50nm,26.714285714285715,7
2021-06-14,10-15,150-300nm,233.28571428571428,7
2021-06-14,10-15,50-150nm,77.14285714285714,7
2021-06-14,15-25,0-50nm,1.8571428571428572,7
2021-06-14,15-25,150-300nm,142.71428571428572,7
2021-06-14,15-25,50-150nm,30.714285714285715,7
2021-06-14,2-4,0-50nm,7.285714285714286,7
2021-06-14,2-4,150-300nm,52.714285714285715,7
2021-06-14,2-4,50-150nm,3.4285714285714284,7
2021-06-14,4-6,0-50nm,9.714285714285714,7
2021-06-14,4-6,150-300nm,7.142857142857143,7
2021-06-14,4-6,50-150nm,4.285714285714286,7
2021-06-14,6-10,0-50nm,65.85714285714286,7
2021-06-14,6-10,150-300nm,64.42857142857143,7
2021-06-14,6-10,50-150nm,82.42857142857143,7
2021-06-14,<2,0-50nm,939.8571428571429,7
2021-06-14,<2,150-300nm,142.42857142857142,7
2021-06-14,<2,50-150nm,144.42857142857142,7
2021-06-14,>25,0-50nm,0.0,7
2021-06-14,>25,150-300nm,0.14285714285714285,7
2021-06-14,>25,50-150nm,0.14285714285714285,7
2021-06-21,10-15,0-50nm,36.857142857142854,7
2021-06-21,10-15,150-300nm,249.14285714285714,7
2021-06-21,10-15,50-150nm,88.85714285714286,7
2021-06-21,15-25,0-50nm,2.857142857142857,7
2021-06-21,15-25,150-300nm,137.14285714285714,7
2021-06-21,15-25,50-150nm,33.42857142857143,7
2021-06-21,2-4,0-50nm,7.428571428571429,7
2021-06-21,2-4,150-300nm,15.571428571428571,7
2021-06-21,2-4,50-150nm,4.0,7
2021-06-21,4-6,0-50nm,12.142857142857142,7
2021-06-21,4-6,150-300nm,4.571428571428571,7
2021-06-21,4-6,50-150nm,5.857142857142857,7
2021-06-21,6-10,0-50nm,54.42857142857143,7
2021-06-21,6-10,150-300nm,22.571428571428573,7
2021-06-21,6-10,50-150nm,66.0,7
2021-06-21,<2,0-50nm,1047.857142857143,7
2021-06-21,<2,150-300nm,226.85714285714286,7
2021-06-21,<2,50-150nm,124.85714285714286,7
2021-06-21,>25,0-50nm,0.0,7
2021-06-21,>25,150-300nm,0.2857142857142857,7
2021-06-21,>25,50-150nm,1.0,7
2021-06-28,10-15,0-50nm,32.714285714285715,7
2021-06-28,10-15,150-300nm,225.0,7
2021-06-28,10-15,50-150nm,93.71428571428571,7
2021-06-28,15-25,0-50nm,3.5714285714285716,7
2021-06-28,15-25,150-300nm,151.42857142857142,7
2021-06-28,15-25,50-150nm,35.42857142857143,7
2021-06-28,2-4,0-50nm,7.714285714285714,7
2021-06-28,2-4,150-300nm,14.571428571428571,7
2021-06-28,2-4,50-150nm,2.142857142857143,7
2021-06-28,4-6,0-50nm,11.714285714285714,7
2021-06-28,4-6,150-300nm,4.428571428571429,7
2021-06-28,4-6,50-150nm,2.7142857142857144,7
2021-06-28,6-10,0-50nm,56.42857142857143,7
2021-06-28,6-10,150-300nm,44.0,7
2021-06-28,6-10,50-150nm,55.714285714285715,7
2021-06-28,<2,0-50nm,1139.4285714285713,7
2021-06-28,<2,150-300nm,197.71428571428572,7
2021-06-28,<2,50-150nm,91.42857142857143,7
2021-06-28,>25,0-50nm,0.0,7
2021-06-28,>25,150-300nm,1.0,7
2021-06-28,>25,50-150nm,0.8571428571428571,7
2021-07-05,10-15,0-50nm,29.142857142857142,7
2021-07-05,10-15,150-300nm,251.0,7
2021-07-05,10-15,50-150nm,81.85714285714286,7
2021-07-05,15-25,0-50nm,2.0,7
2021-07-05,15-25,150-300nm,129.42857142857142,7
2021-07-05,15-25,50-150nm,26.571428571428573,7
2021-07-05,2-4,0-50nm,8.285714285714286,7
2021-07-05,2-4,150-300nm,14.857142857142858,7
2021-07-05,2-4,50-150nm,3.7142857142857144,7
2021-07-05,4-6,0-50nm,12.0,7
2021-07-05,4-6,150-300nm,6.428571428571429,7
2021-07-05,4-6,50-150nm,7.714285714285714,7
2021-07-05,6-10,0-50nm,68.71428571428571,7
2021-07-05,6-10,150-300nm,30.428571428571427,7
2021-07-05,6-10,50-150nm,81.14285714285714,7
2021-07-05,<2,0-50nm,1309.857142857143,7
2021-07-05,<2,150-300nm,191.42857142857142,7
2021-07-05,<2,50-150nm,92.85714285714286,7
2021-07-05,>25,0-50nm,0.0,7
2021-07-05,>25,150-300nm,0.14285714285714285,7
2021-07-05,>25,50-150nm,0.14285714285714285,7
2021-07-12,10-15,0-50nm,26.857142857142858,7
2021-07-12,10-15,150-300nm,224.28571428571428,7
2021-07-12,10-15,50-150nm,81.85714285714286,7
2021-07-12,15-25,0-50nm,3.2857142857142856,7
2021-07-12,15-25,150-300nm,154.0,7
2021-07-12,15-25,50-150nm,35.142857142857146,7
2021-07-12,2-4,0-50nm,6.142857142857143,7
2021-07-12,2-4,150-300nm,7.285714285714286,7
2021-07-12,2-4,50-150nm,2.5714285714285716,7
2021-07-12,4-6,0-50nm,8.285714285714286,7
2021-07-12,4-6,150-300nm,10.428571428571429,7
2021-07-12,4-6,50-150nm,4.571428571428571,7
2021-07-12,6-10,0-50nm,53.142857142857146,7
2021-07-12,6-10,150-300nm,30.142857142857142,7
2021-07-12,6-10,50-150nm,67.0,7
2021-07-12,<2,0-50nm,1160.142857142857,7
2021-07-12,<2,150-300nm,157.28571428571428,7
2021-07-12,<2,50-150nm,120.28571428571429,7
2021-07-12,>25,0-50nm,0.0,7
2021-07-12,>25,150-300nm,0.0,7
2021-07-12,>25,50-150nm,0.5714285714285714,7
2021-07-19,10-15,0-50nm,28.142857142857142,7
2021-07-19,10-15,150-300nm,206.42857142857142,7
2021-07-19,10-15,50-150nm,82.14285714285714,7
2021-07-19,15-25,0-50nm,1.8571428571428572,7
2021-07-19,15-25,150-300nm,152.57142857142858,7
2021-07-19,15-25,50-150nm,31.0,7
2021-07-19,2-4,0-50nm,7.571428571428571,7
2021-07-19,2-4,150-300nm,1.8571428571428572,7
2021-07-19,2-4,50-150nm,4.428571428571429,7
2021-07-19,4-6,0-50nm,10.0,7
2021-07-19,4-6,150-300nm,2.7142857142857144,7
2021-07-19,4-6,50-150nm,7.142857142857143,7
2021-07-19,6-10,0-50nm,61.42857142857143,7
2021-07-19,6-10,150-300nm,24.571428571428573,7
2021-07-19,6-10,50-150nm,73.71428571428571,7
2021-07-19,<2,0-50nm,1418.142857142857,7
2021-07-19,<2,150-300nm,96.28571428571429,7
2021-07-19,<2,50-150nm,123.0,7
2021-07-19,>25,0-50nm,0.0,7
2021-07-19,>25,150-300nm,0.0,7
2021-07-19,>25,50-150nm,0.14285714285714285,7
2021-07-26,10-15,0-50nm,31.714285714285715,7
2021-07-26,10-15,150-300nm,205.28571428571428,7
2021-07-26,10-15,50-150nm,73.28571428571429,7
2021-07-26,15-25,0-50nm,1.8571428571428572,7
2021-07-26,15-25,150-300nm,179.0,7
2021-07-26,15-25,50-150nm,36.142857142857146,7
2021-07-26,2-4,0-50nm,6.714285714285714,7
2021-07-26,2-4,150-300nm,0.8571428571428571,7
2021-07-26,2-4,50-150nm,2.142857142857143,7
2021-07-26,4-6,0-50nm,10.285714285714286,7
2021-07-26,4-6,150-300nm,1.2857142857142858,7
2021-07-26,4-6,50-150nm,3.2857142857142856,7
2021-07-26,6-10,0-50nm,65.14285714285714,7
2021-07-26,6-10,150-300nm,20.571428571428573,7
2021-07-26,6-10,50-150nm,80.0,7
2021-07-26,<2,0-50nm,1394.7142857142858,7
2021-07-26,<2,150-300nm,88.71428571428571,7
2021-07-26,<2,50-150nm,203.42857142857142,7
2021-07-26,>25,0-50nm,0.0,7
2021-07-26,>25,150-300nm,0.0,7
2021-07-26,>25,50-150nm,0.0,7
2021-08-02,10-15,0-50nm,22.285714285714285,7
2021-08-02,10-15,150-300nm,233.0,7
2021-08-02,10-15,50-150nm,83.28571428571429,7
2021-08-02,15-25,0-50nm,2.5714285714285716,7
2021-08-02,15-25,150-300nm,148.14285714285714,7
2021-08-02,15-25,50-150nm,28.857142857142858,7
2021-08-02,2-4,0-50nm,9.428571428571429,7
2021-08-02,2-4,150-300nm,6.571428571428571,7
2021-08-02,2-4,50-150nm,2.7142857142857144,7
2021-08-02,4-6,0-50nm,13.571428571428571,7
2021-08-02,4-6,150-300nm,0.7142857142857143,7
2021-08-02,4-6,50-150nm,4.428571428571429,7
2021-08-02,6-10,0-50nm,71.28571428571429,7
2021-08-02,6-10,150-300nm,22.714285714285715,7
2021-08-02,6-10,50-150nm,81.14285714285714,7
2021-08-02,<2,0-50nm,1525.857142857143,7
2021-08-02,<2,150-300nm,89.57142857142857,7
2021-08-02,<2,50-150nm,151.0,7
2021-08-02,>25,0-50nm,0.0,7
2021-08-02,>25,150-300nm,0.0,7
2021-08-02,>25,50-150nm,0.42857142857142855,7
2021-08-09,10-15,0-50nm,34.57142857142857,7
2021-08-09,10-15,150-300nm,260.57142857142856,7
2021-08-09,10-15,50-150nm,89.85714285714286,7
2021-08-09,15-25,0-50nm,2.857142857142857,7
2021-08-09,15-25,150-300nm,160.71428571428572,7
2021-08-09,15-25,50-150nm,33.0,7
2021-08-09,2-4,0-50nm,13.142857142857142,7
2021-08-09,2-4,150-300nm,1.4285714285714286,7
2021-08-09,2-4,50-150nm,3.0,7
2021-08-09,4-6,0-50nm,13.285714285714286,7
2021-08-09,4-6,150-300nm,3.857142857142857,7
2021-08-09,4-6,50-150nm,3.5714285714285716,7
2021-08-09,6-10,0-50nm,57.285714285714285,7
2021-08-09,6-10,150-300nm,24.285714285714285,7
2021-08-09,6-10,50-150nm,72.71428571428571,7
2021-08-09,<2,0-50nm,1669.142857142857,7
2021-08-09,<2,150-300nm,78.85714285714286,7
2021-08-09,<2,50-150nm,146.0,7
2021-08-09,>25,0-50nm,0.0,7
2021-08-09,>25,150-300nm,0.0,7
2021-08-09,>25,50-150nm,0.0,7
2021-08-16,10-15,0-50nm,25.857142857142858,7
2021-08-16,10-15,150-300nm,161.42857142857142,7
2021-08-16,10-15,50-150nm,69.57142857142857,7
2021-08-16,15-25,0-50nm,4.714285714285714,7
2021-08-16,15-25,150-300nm,142.57142857142858,7
2021-08-16,15-25,50-150nm,31.428571428571427,7
2021-08-16,2-4,0-50nm,11.571428571428571,7
2021-08-16,2-4,150-300nm,3.0,7
2021-08-16,2-4,50-150nm,3.142857142857143,7
2021-08-16,4-6,0-50nm,10.857142857142858,7
2021-08-16,4-6,150-300nm,1.7142857142857142,7
2021-08-16,4-6,50-150nm,3.142857142857143,7
2021-08-16,6-10,0-50nm,57.0,7
2021-08-16,6-10,150-300nm,34.857142857142854,7
2021-08-16,6-10,50-150nm,61.285714285714285,7
2021-08-16,<2,0-50nm,1780.142857142857,7
2021-08-16,<2,150-300nm,94.0,7
2021-08-16,<2,50-150nm,175.57142857142858,7
2021-08-16,>25,0-50nm,0.0,7
2021-08-16,>25,150-300nm,0.0,7
2021-08-16,>25,50-150nm,0.0,7
2021-08-23,10-15,0-50nm,30.428571428571427,7
2021-08-23,10-15,150-300nm,170.57142857142858,7
2021-08-23,10-15,50-150nm,82.71428571428571,7
2021-08-23,15-25,0-50nm,3.2857142857142856,7
2021-08-23,15-25,150-300nm,152.28571428571428,7
2021-08-23,15-25,50-150nm,42.285714285714285,7
2021-08-23,2-4,0-50nm,14.857142857142858,7
2021-08-23,2-4,150-300nm,2.2857142857142856,7
2021-08-23,2-4,50-150nm,3.0,7
2021-08-23,4-6,0-50nm,16.714285714285715,7
2021-08-23,4-6,150-300nm,3.5714285714285716,7
2021-08-23,4-6,50-150nm,4.142857142857143,7
2021-08-23,6-10,0-50nm,59.42857142857143,7
2021-08-23,6-10,150-300nm,23.857142857142858,7
2021-08-23,6-10,50-150nm,68.28571428571429,7
2021-08-23,<2,0-50nm,1883.7142857142858,7
2021-08-23,<2,150-300nm,87.42857142857143,7
2021-08-23,<2,50-150nm,172.0,7
2021-08-23,>25,0-50nm,0.0,7
2021-08-23,>25,150-300nm,0.42857142857142855,7
2021-08-23,>25,50-150nm,0.5714285714285714,7
2021-08-30,10-15,0-50nm,27.142857142857142,7
2021-08-30,10-15,150-300nm,189.57142857142858,7
2021-08-30,10-15,50-150nm,69.57142857142857,7
2021-08-30,15-25,0-50nm,3.857142857142857,7
2021-08-30,15-25,150-300nm,148.71428571428572,7
2021-08-30,15-25,50-150nm,35.0,7
2021-08-30,2-4,0-50nm,13.142857142857142,7
2021-08-30,2-4,150-300nm,1.2857142857142858,7
2021-08-30,2-4,50-150nm,1.8571428571428572,7
2021-08-30,4-6,0-50nm,15.285714285714286,7
2021-08-30,4-6,150-300nm,1.8571428571428572,7
2021-08-30,4-6,50-150nm,4.0,7
2021-08-30,6-10,0-50nm,61.0,7
2021-08-30,6-10,150-300nm,20.714285714285715,7
2021-08-30,6-10,50-150nm,73.14285714285714,7
2021-08-30,<2,0-50nm,1826.5714285714287,7
2021-08-30,<2,150-300nm,95.0,7
2021-08-30,<2,50-150nm,150.85714285714286,7
2021-08-30,>25,0-50nm,0.0,7
2021-08-30,>25,150-300nm,0.7142857142857143,7
2021-08-30,>25,50-150nm,0.7142857142857143,7
2021-09-06,10-15,0-50nm,35.857142857142854,7
2021-09-06,10-15,150-300nm,211.57142857142858,7
2021-09-06,10-15,50-150nm,79.57142857142857,7
2021-09-06,15-25,0-50nm,3.7142857142857144,7
2021-09-06,15-25,150-300nm,146.85714285714286,7
2021-09-06,15-25,50-150nm,34.0,7
2021-09-06,2-4,0-50nm,22.857142857142858,7
2021-09-06,2-4,150-300nm,1.2857142857142858,7
2021-09-06,2-4,50-150nm,2.5714285714285716,7
2021-09-06,4-6,0-50nm,22.428571428571427,7
2021-09-06,4-6,150-300nm,1.1428571428571428,7
2021-09-06,4-6,50-150nm,2.0,7
2021-09-06,6-10,0-50nm,66.0,7
2021-09-06,6-10,150-300nm,15.285714285714286,7
2021-09-06,6-10,50-150nm,72.28571428571429,7
2021-09-06,<2,0-50nm,2064.285714285714,7
2021-09-06,<2,150-300nm,83.14285714285714,7
2021-09-06,<2,50-150nm,135.14285714285714,7
2021-09-06,>25,0-50nm,0.0,7
2021-09-06,>25,150-300nm,0.2857142857142857,7
2021-09-06,>25,50-150nm,0.0,7
2021-09-13,10-15,0-50nm,30.428571428571427,7
2021-09-13,10-15,150-300nm,205.14285714285714,7
2021-09-13,10-15,50-150nm,72.0,7
2021-09-13,15-25,0-50nm,1.5714285714285714,7
2021-09-13,15-25,150-300nm,158.14285714285714,7
2021-09-13,15-25,50-150nm,34.285714285714285,7
2021-09-13,2-4,0-50nm,32.714285714285715,7
2021-09-13,2-4,150-300nm,0.7142857142857143,7
2021-09-13,2-4,50-150nm,2.7142857142857144,7
2021-09-13,4-6,0-50nm,25.857142857142858,7
2021-09-13,4-6,150-300nm,1.1428571428571428,7
2021-09-13,4-6,50-150nm,5.142857142857143,7
2021-09-13,6-10,0-50nm,75.71428571428571,7
2021-09-13,6-10,150-300nm,24.857142857142858,7
2021-09-13,6-10,50-150nm,74.57142857142857,7
2021-09-13,<2,0-50nm,2361.1428571428573,7
2021-09-13,<2,150-300nm,89.14285714285714,7
2021-09-13,<2,50-150nm,122.85714285714286,7
2021-09-13,>25,0-50nm,0.0,7
2021-09-13,>25,150-300nm,0.0,7
2021-09-13,>25,50-150nm,0.0,7
2021-09-20,10-15,0-50nm,37.285714285714285,7
2021-09-20,10-15,150-300nm,210.0,7
2021-09-20,10-15,50-150nm,83.85714285714286,7
2021-09-20,15-25,0-50nm,2.142857142857143,7
2021-09-20,15-25,150-300nm,133.14285714285714,7
2021-09-20,15-25,50-150nm,37.857142857142854,7
2021-09-20,2-4,0-50nm,53.57142857142857,7
2021-09-20,2-4,150-300nm,0.2857142857142857,7
2021-09-20,2-4,50-150nm,2.857142857142857,7
2021-09-20,4-6,0-50nm,31.857142857142858,7
2021-09-20,4-6,150-300nm,1.2857142857142858,7
2021-09-20,4-6,50-150nm,2.5714285714285716,7
2021-09-20,6-10,0-50nm,79.28571428571429,7
2021-09-20,6-10,150-300nm,25.857142857142858,7
2021-09-20,6-10,50-150nm,57.142857142857146,7
2021-09-20,<2,0-50nm,2488.714285714286,7
2021-09-20,<2,150-300nm,106.28571428571429,7
2021-09-20,<2,50-150nm,96.14285714285714,7
2021-09-20,>25,0-50nm,0.0,7
2021-09-20,>25,150-300nm,0.0,7
2021-09-20,>25,50-150nm,0.0,7
2021-09-27,10-15,0-50nm,28.857142857142858,7
2021-09-27,10-15,150-300nm,146.14285714285714,7
2021-09-27,10-15,50-150nm,56.57142857142857,7
2021-09-27,15-25,0-50nm,4.428571428571429,7
2021-09-27,15-25,150-300nm,119.42857142857143,7
2021-09-27,15-25,50-150nm,33.42857142857143,7
2021-09-27,2-4,0-50nm,33.285714285714285,7
2021-09-27,2-4,150-300nm,3.142857142857143,7
2021-09-27,2-4,50-150nm,4.714285714285714,7
2021-09-27,4-6,0-50nm,26.714285714285715,7
2021-09-27,4-6,150-300nm,4.285714285714286,7
2021-09-27,4-6,50-150nm,1.2857142857142858,7
2021-09-27,6-10,0-50nm,70.71428571428571,7
2021-09-27,6-10,150-300nm,35.714285714285715,7
2021-09-27,6-10,50-150nm,67.57142857142857,7
2021-09-27,<2,0-50nm,2430.714285714286,7
2021-09-27,<2,150-300nm,81.57142857142857,7
2021-09-27,<2,50-150nm,128.57142857142858,7
2021-09-27,>25,0-50nm,0.0,7
2021-09-27,>25,150-300nm,0.0,7
2021-09-27,>25,50-150nm,0.0,7
2021-10-04,10-15,0-50nm,34.42857142857143,7
2021-10-04,10-15,150-300nm,171.71428571428572,7
2021-10-04,10-15,50-150nm,71.0,7
2021-10-04,15-25,0-50nm,3.0,7
2021-10-04,15-25,150-300nm,157.85714285714286,7
2021-10-04,15-25,50-150nm,35.42857142857143,7
2021-10-04,2-4,0-50nm,32.285714285714285,7
2021-10-04,2-4,150-300nm,1.5714285714285714,7
2021-10-04,2-4,50-150nm,2.142857142857143,7
2021-10-04,4-6,0-50nm,31.0,7
2021-10-04,4-6,150-300nm,8.142857142857142,7
2021-10-04,4-6,50-150nm,3.142857142857143,7
2021-10-04,6-10,0-50nm,68.0,7
2021-10-04,6-10,150-300nm,20.0,7
2021-10-04,6-10,50-150nm,62.857142857142854,7
2021-10-04,<2,0-50nm,2421.285714285714,7
2021-10-04,<2,150-300nm,31.857142857142858,7
2021-10-04,<2,50-150nm,112.42857142857143,7
2021-10-04,>25,0-50nm,0.0,7
2021-10-04,>25,150-300nm,0.0,7
2021-10-04,>25,50-150nm,0.0,7
2021-10-11,10-15,0-50nm,24.714285714285715,7
2021-10-11,10-15,150-300nm,161.57142857142858,7
2021-10-11,10-15,50-150nm,59.857142857142854,7
2021-10-11,15-25,0-50nm,3.142857142857143,7
2021-10-11,15-25,150-300nm,113.42857142857143,7
2021-10-11,15-25,50-150nm,28.714285714285715,7
2021-10-11,2-4,0-50nm,71.42857142857143,7
2021-10-11,2-4,150-300nm,4.571428571428571,7
2021-10-11,2-4,50-150nm,3.7142857142857144,7
2021-10-11,4-6,0-50nm,40.57142857142857,7
2021-10-11,4-6,150-300nm,9.714285714285714,7
2021-10-11,4-6,50-150nm,3.2857142857142856,7
2021-10-11,6-10,0-50nm,82.71428571428571,7
2021-10-11,6-10,150-300nm,33.57142857142857,7
2021-10-11,6-10,50-150nm,65.85714285714286,7
2021-10-11,<2,0-50nm,2323.8571428571427,7
2021-10-11,<2,150-300nm,93.71428571428571,7
2021-10-11,<2,50-150nm,134.71428571428572,7
2021-10-11,>25,0-50nm,0.0,7
2021-10-11,>25,150-300nm,0.0,7
2021-10-11,>25,50-150nm,0.0,7
2021-10-18,10-15,0-50nm,33.142857142857146,7
2021-10-18,10-15,150-300nm,153.57142857142858,7
2021-10-18,10-15,50-150nm,58.857142857142854,7
2021-10-18,15-25,0-50nm,4.571428571428571,7
2021-10-18,15-25,150-300nm,121.0,7
2021-10-18,15-25,50-150nm,49.42857142857143,7
2021-10-18,2-4,0-50nm,60.285714285714285,7
2021-10-18,2-4,150-300nm,1.4285714285714286,7
2021-10-18,2-4,50-150nm,4.142857142857143,7
2021-10-18,4-6,0-50nm,38.857142857142854,7
2021-10-18,4-6,150-300nm,1.4285714285714286,7
2021-10-18,4-6,50-150nm,4.571428571428571,7
2021-10-18,6-10,0-50nm,85.85714285714286,7
2021-10-18,6-10,150-300nm,29.428571428571427,7
2021-10-18,6-10,50-150nm,74.42857142857143,7
2021-10-18,<2,0-50nm,2733.1428571428573,7
2021-10-18,<2,150-300nm,46.857142857142854,7
2021-10-18,<2,50-150nm,131.42857142857142,7
2021-10-18,>25,0-50nm,0.0,7
2021-10-18,>25,150-300nm,0.14285714285714285,7
2021-10-18,>25,50-150nm,0.0,7
2021-10-25,10-15,0-50nm,35.285714285714285,7
2021-10-25,10-15,150-300nm,159.14285714285714,7
2021-10-25,10-15,50-150nm,79.0,7
2021-10-25,15-25,0-50nm,2.857142857142857,7
2021-10-25,15-25,150-300nm,92.57142857142857,7
2021-10-25,15-25,50-150nm,30.428571428571427,7
2021-10-25,2-4,0-50nm,64.71428571428571,7
2021-10-25,2-4,150-300nm,3.142857142857143,7
2021-10-25,2-4,50-150nm,11.571428571428571,7
2021-10-25,4-6,0-50nm,44.142857142857146,7
2021-10-25,4-6,150-300nm,0.5714285714285714,7
2021-10-25,4-6,50-150nm,5.142857142857143,7
2021-10-25,6-10,0-50nm,80.0,7
2021-10-25,6-10,150-300nm,29.714285714285715,7
2021-10-25,6-10,50-150nm,65.85714285714286,7
2021-10-25,<2,0-50nm,2628.714285714286,7
2021-10-25,<2,150-300nm,46.57142857142857,7
2021-10-25,<2,50-150nm,256.57142857142856,7
2021-10-25,>25,0-50nm,0.0,7
2021-10-25,>25,150-300nm,0.0,7
2021-10-25,>25,50-150nm,0.0,7
2021-11-01,10-15,0-50nm,29.857142857142858,7
2021-11-01,10-15,150-300nm,159.28571428571428,7
2021-11-01,10-15,50-150nm,69.14285714285714,7
2021-11-01,15-25,0-50nm,3.857142857142857,7
2021-11-01,15-25,150-300nm,110.71428571428571,7
2021-11-01,15-25,50-150nm,34.714285714285715,7
2021-11-01,2-4,0-50nm,45.285714285714285,7
2021-11-01,2-4,150-300nm,5.857142857142857,7
2021-11-01,2-4,50-150nm,7.142857142857143,7
2021-11-01,4-6,0-50nm,35.857142857142854,7
2021-11-01,4-6,150-300nm,1.7142857142857142,7
2021-11-01,4-6,50-150nm,4.428571428571429,7
2021-11-01,6-10,0-50nm,82.71428571428571,7
2021-11-01,6-10,150-300nm,24.857142857142858,7
2021-11-01,6-10,50-150nm,66.28571428571429,7
2021-11-01,<2,0-50nm,2601.0,7
2021-11-01,<2,150-300nm,45.142857142857146,7
2021-11-01,<2,50-150nm,259.42857142857144,7
2021-11-01,>25,0-50nm,0.0,7
2021-11-01,>25,150-300nm,0.0,7
2021-11-01,>25,50-150nm,0.0,7
2021-11-08,10-15,0-50nm,33.857142857142854,7
2021-11-08,10-15,150-300nm,197.0,7
2021-11-08,10-15,50-150nm,82.42857142857143,7
2021-11-08,15-25,0-50nm,3.2857142857142856,7
2021-11-08,15-25,150-300nm,101.0,7
2021-11-08,15-25,50-150nm,34.0,7
2021-11-08,2-4,0-50nm,42.57142857142857,7
2021-11-08,2-4,150-300nm,5.285714285714286,7
2021-11-08,2-4,50-150nm,7.0,7
2021-11-08,4-6,0-50nm,31.571428571428573,7
2021-11-08,4-6,150-300nm,1.2857142857142858,7
2021-11-08,4-6,50-150nm,7.857142857142857,7
2021-11-08,6-10,0-50nm,87.71428571428571,7
2021-11-08,6-10,150-300nm,20.0,7
2021-11-08,6-10,50-150nm,66.57142857142857,7
2021-11-08,<2,0-50nm,2600.714285714286,7
2021-11-08,<2,150-300nm,70.42857142857143,7
2021-11-08,<2,50-150nm,296.85714285714283,7
2021-11-08,>25,0-50nm,0.0,7
2021-11-08,>25,150-300nm,0.0,7
2021-11-08,>25,50-150nm,0.0,7
2021-11-15,10-15,0-50nm,36.42857142857143,7
2021-11-15,10-15,150-300nm,150.42857142857142,7
2021-11-15,10-15,50-150nm,71.0,7
2021-11-15,15-25,0-50nm,4.142857142857143,7
2021-11-15,15-25,150-300nm,140.0,7
2021-11-15,15-25,50-150nm,42.0,7
2021-11-15,2-4,0-50nm,34.42857142857143,7
2021-11-15,2-4,150-300nm,3.4285714285714284,7
2021-11-15,2-4,50-150nm,9.714285714285714,7
2021-11-15,4-6,0-50nm,25.0,7
2021-11-15,4-6,150-300nm,1.0,7
2021-11-15,4-6,50-150nm,7.285714285714286,7
2021-11-15,6-10,0-50nm,82.14285714285714,7
2021-11-15,6-10,150-300nm,11.857142857142858,7
2021-11-15,6-10,50-150nm,59.42857142857143,7
2021-11-15,<2,0-50nm,2543.8571428571427,7
2021-11-15,<2,150-300nm,122.28571428571429,7
2021-11-15,<2,50-150nm,414.7142857142857,7
2021-11-15,>25,0-50nm,0.0,7
2021-11-15,>25,150-300nm,0.0,7
2021-11-15,>25,50-150nm,0.0,7
2021-11-22,10-15,0-50nm,33.714285714285715,7
2021-11-22,10-15,150-300nm,175.71428571428572,7
2021-11-22,10-15,50-150nm,67.71428571428571,7
2021-11-22,15-25,0-50nm,4.285714285714286,7
2021-11-22,15-25,150-300nm,106.0,7
2021-11-22,15-25,50-150nm,33.285714285714285,7
2021-11-22,2-4,0-50nm,28.571428571428573,7
2021-11-22,2-4,150-300nm,8.0,7
2021-11-22,2-4,50-150nm,12.714285714285714,7
2021-11-22,4-6,0-50nm,21.142857142857142,7
2021-11-22,4-6,150-300nm,8.0,7
2021-11-22,4-6,50-150nm,7.857142857142857,7
2021-11-22,6-10,0-50nm,76.71428571428571,7
2021-11-22,6-10,150-300nm,22.571428571428573,7
2021-11-22,6-10,50-150nm,53.142857142857146,7
2021-11-22,<2,0-50nm,2191.285714285714,7
2021-11-22,<2,150-300nm,232.42857142857142,7
2021-11-22,<2,50-150nm,281.57142857142856,7
2021-11-22,>25,0-50nm,0.0,7
2021-11-22,>25,150-300nm,0.0,7
2021-11-22,>25,50-150nm,0.0,7
2021-11-29,10-15,0-50nm,22.833333333333332,6
2021-11-29,10-15,150-300nm,152.0,6
2021-11-29,10-15,50-150nm,67.33333333333333,6
2021-11-29,15-25,0-50nm,3.0,6
2021-11-29,15-25,150-300nm,98.83333333333333,6
2021-11-29,15-25,50-150nm,34.0,6
2021-11-29,2-4,0-50nm,17.666666666666668,6
2021-11-29,2-4,150-300nm,5.333333333333333,6
2021-11-29,2-4,50-150nm,4.166666666666667,6
2021-11-29,4-6,0-50nm,19.333333333333332,6
2021-11-29,4-6,150-300nm,4.333333333333333,6
2021-11-29,4-6,50-150nm,3.5,6
2021-11-29,6-10,0-50nm,54.0,6
2021-11-29,6-10,150-300nm,23.5,6
2021-11-29,6-10,50-150nm,49.666666666666664,6
2021-11-29,<2,0-50nm,2064.0,6
2021-11-29,<2,150-300nm,274.1666666666667,6
2021-11-29,<2,50-150nm,216.0,6
2021-11-29,>25,0-50nm,0.0,6
2021-11-29,>25,150-300nm,0.0,6
2021-11-29,>25,50-150nm,0.0,6
2021-12-06,10-15,0-50nm,38.285714285714285,7
2021-12-06,10-15,150-300nm,197.85714285714286,7
2021-12-06,10-15,50-150nm,71.28571428571429,7
2021-12-06,15-25,0-50nm,4.571428571428571,7
2021-12-06,15-25,150-300nm,110.85714285714286,7
2021-12-06,15-25,50-150nm,39.42857142857143,7
2021-12-06,2-4,0-50nm,25.428571428571427,7
2021-12-06,2-4,150-300nm,9.285714285714286,7
2021-12-06,2-4,50-150nm,4.428571428571429,7
2021-12-06,4-6,0-50nm,21.285714285714285,7
2021-12-06,4-6,150-300nm,4.857142857142857,7
2021-12-06,4-6,50-150nm,4.285714285714286,7
2021-12-06,6-10,0-50nm,69.14285714285714,7
2021-12-06,6-10,150-300nm,32.0,7
2021-12-06,6-10,50-150nm,49.142857142857146,7
2021-12-06,<2,0-50nm,1770.857142857143,7
2021-12-06,<2,150-300nm,382.42857142857144,7
2021-12-06,<2,50-150nm,191.85714285714286,7
2021-12-06,>25,0-50nm,0.0,7
2021-12-06,>25,150-300nm,0.0,7
2021-12-06,>25,50-150nm,0.0,7
2021-12-13,10-15,0-50nm,41.142857142857146,7
2021-12-13,10-15,150-300nm,242.57142857142858,7
2021-12-13,10-15,50-150nm,95.28571428571429,7
2021-12-13,15-25,0-50nm,4.142857142857143,7
2021-12-13,15-25,150-300nm,88.42857142857143,7
2021-12-13,15-25,50-150nm,30.285714285714285,7
2021-12-13,2-4,0-50nm,81.42857142857143,7
2021-12-13,2-4,150-300nm,57.142857142857146,7
2021-12-13,2-4,50-150nm,27.285714285714285,7
2021-12-13,4-6,0-50nm,39.42857142857143,7
2021-12-13,4-6,150-300nm,19.571428571428573,7
2021-12-13,4-6,50-150nm,14.285714285714286,7
2021-12-13,6-10,0-50nm,86.0,7
2021-12-13,6-10,150-300nm,95.28571428571429,7
2021-12-13,6-10,50-150nm,78.0,7
2021-12-13,<2,0-50nm,1554.4285714285713,7
2021-12-13,<2,150-300nm,491.57142857142856,7
2021-12-13,<2,50-150nm,285.14285714285717,7
2021-12-13,>25,0-50nm,0.0,7
2021-12-13,>25,150-300nm,0.0,7
2021-12-13,>25,50-150nm,0.0,7
2021-12-20,10-15,0-50nm,38.142857142857146,7
2021-12-20,10-15,150-300nm,176.42857142857142,7
2021-12-20,10-15,50-150nm,81.71428571428571,7
2021-12-20,15-25,0-50nm,3.4285714285714284,7
2021-12-20,15-25,150-300nm,78.85714285714286,7
2021-12-20,15-25,50-150nm,31.571428571428573,7
2021-12-20,2-4,0-50nm,28.857142857142858,7
2021-12-20,2-4,150-300nm,36.42857142857143,7
2021-12-20,2-4,50-150nm,7.285714285714286,7
2021-12-20,4-6,0-50nm,19.142857142857142,7
2021-12-20,4-6,150-300nm,8.714285714285714,7
2021-12-20,4-6,50-150nm,5.142857142857143,7
2021-12-20,6-10,0-50nm,56.57142857142857,7
2021-12-20,6-10,150-300nm,53.57142857142857,7
2021-12-20,6-10,50-150nm,42.857142857142854,7
2021-12-20,<2,0-50nm,1542.4285714285713,7
2021-12-20,<2,150-300nm,595.2857142857143,7
2021-12-20,<2,50-150nm,255.28571428571428,7
2021-12-20,>25,0-50nm,0.0,7
2021-12-20,>25,150-300nm,0.0,7
2021-12-20,>25,50-150nm,0.0,7
2021-12-27,10-15,0-50nm,40.5,6
2021-12-27,10-15,150-300nm,139.0,6
2021-12-27,10-15,50-150nm,74.0,6
2021-12-27,15-25,0-50nm,4.166666666666667,6
2021-12-27,15-25,150-300nm,97.5,6
2021-12-27,15-25,50-150nm,37.5,6
2021-12-27,2-4,0-50nm,44.0,6
2021-12-27,2-4,150-300nm,42.0,6
2021-12-27,2-4,50-150nm,16.333333333333332,6
2021-12-27,4-6,0-50nm,24.5,6
2021-12-27,4-6,150-300nm,11.666666666666666,6
2021-12-27,4-6,50-150nm,13.5,6
2021-12-27,6-10,0-50nm,70.16666666666667,6
2021-12-27,6-10,150-300nm,50.833333333333336,6
2021-12-27,6-10,50-150nm,44.5,6
2021-12-27,<2,0-50nm,1389.8333333333333,6
2021-12-27,<2,150-300nm,592.6666666666666,6
2021-12-27,<2,50-150nm,302.1666666666667,6
2021-12-27,>25,0-50nm,0.0,6
2021-12-27,>25,150-300nm,0.0,6
2021-12-27,>25,50-150nm,0.0,6
2022-01-03,10-15,0-50nm,43.0,7
2022-01-03,10-15,150-300nm,222.0,7
2022-01-03,10-15,50-150nm,96.42857142857143,7
2022-01-03,15-25,0-50nm,5.142857142857143,7
2022-01-03,15-25,150-300nm,76.14285714285714,7
2022-01-03,15-25,50-150nm,32.57142857142857,7
2022-01-03,2-4,0-50nm,17.428571428571427,7
2022-01-03,2-4,150-300nm,30.285714285714285,7
2022-01-03,2-4,50-150nm,7.571428571428571,7
2022-01-03,4-6,0-50nm,13.285714285714286,7
2022-01-03,4-6,150-300nm,5.428571428571429,7
2022-01-03,4-6,50-150nm,7.142857142857143,7
2022-01-03,6-10,0-50nm,37.142857142857146,7
2022-01-03,6-10,150-300nm,46.285714285714285,7
2022-01-03,6-10,50-150nm,39.42857142857143,7
2022-01-03,<2,0-50nm,1386.7142857142858,7
2022-01-03,<2,150-300nm,670.2857142857143,7
2022-01-03,<2,50-150nm,308.85714285714283,7
2022-01-03,>25,0-50nm,0.0,7
2022-01-03,>25,150-300nm,0.14285714285714285,7
2022-01-03,>25,50-150nm,0.14285714285714285,7
2022-01-10,10-15,0-50nm,38.714285714285715,7
2022-01-10,10-15,150-300nm,178.57142857142858,7
2022-01-10,10-15,50-150nm,94.42857142857143,7
2022-01-10,15-25,0-50nm,4.285714285714286,7
2022-01-10,15-25,150-300nm,110.71428571428571,7
2022-01-10,15-25,50-150nm,36.714285714285715,7
2022-01-10,2-4,0-50nm,21.142857142857142,7
2022-01-10,2-4,150-300nm,12.571428571428571,7
2022-01-10,2-4,50-150nm,4.428571428571429,7
2022-01-10,4-6,0-50nm,14.857142857142858,7
2022-01-10,4-6,150-300nm,7.857142857142857,7
2022-01-10,4-6,50-150nm,4.571428571428571,7
2022-01-10,6-10,0-50nm,45.857142857142854,7
2022-01-10,6-10,150-300nm,34.42857142857143,7
2022-01-10,6-10,50-150nm,24.285714285714285,7
2022-01-10,<2,0-50nm,1444.5714285714287,7
2022-01-10,<2,150-300nm,871.4285714285714,7
2022-01-10,<2,50-150nm,198.57142857142858,7
2022-01-10,>25,0-50nm,0.0,7
2022-01-10,>25,150-300nm,0.0,7
2022-01-10,>25,50-150nm,0.0,7
2022-01-17,10-15,0-50nm,44.285714285714285,7
2022-01-17,10-15,150-300nm,203.28571428571428,7
2022-01-17,10-15,50-150nm,79.0,7
2022-01-17,15-25,0-50nm,5.571428571428571,7
2022-01-17,15-25,150-300nm,103.85714285714286,7
2022-01-17,15-25,50-150nm,41.57142857142857,7
2022-01-17,2-4,0-50nm,13.428571428571429,7
2022-01-17,2-4,150-300nm,15.285714285714286,7
2022-01-17,2-4,50-150nm,4.142857142857143,7
2022-01-17,4-6,0-50nm,15.142857142857142,7
2022-01-17,4-6,150-300nm,7.571428571428571,7
2022-01-17,4-6,50-150nm,4.428571428571429,7
2022-01-17,6-10,0-50nm,43.714285714285715,7
2022-01-17,6-10,150-300nm,47.42857142857143,7
2022-01-17,6-10,50-150nm,33.285714285714285,7
2022-01-17,<2,0-50nm,1284.2857142857142,7
2022-01-17,<2,150-300nm,849.8571428571429,7
2022-01-17,<2,50-150nm,231.42857142857142,7
2022-01-17,>25,0-50nm,0.0,7
2022-01-17,>25,150-300nm,0.0,7
2022-01-17,>25,50-150nm,0.0,7
2022-01-24,10-15,0-50nm,42.42857142857143,7
2022-01-24,10-15,150-300nm,239.85714285714286,7
2022-01-24,10-15,50-150nm,94.57142857142857,7
2022-01-24,15-25,0-50nm,4.571428571428571,7
2022-01-24,15-25,150-300nm,96.57142857142857,7
2022-01-24,15-25,50-150nm,32.42857142857143,7
2022-01-24,2-4,0-50nm,9.714285714285714,7
2022-01-24,2-4,150-300nm,9.571428571428571,7
2022-01-24,2-4,50-150nm,3.0,7
2022-01-24,4-6,0-50nm,9.714285714285714,7
2022-01-24,4-6,150-300nm,8.714285714285714,7
2022-01-24,4-6,50-150nm,4.142857142857143,7
2022-01-24,6-10,0-50nm,41.285714285714285,7
2022-01-24,6-10,150-300nm,56.285714285714285,7
2022-01-24,6-10,50-150nm,37.42857142857143,7
2022-01-24,<2,0-50nm,1210.142857142857,7
2022-01-24,<2,150-300nm,842.2857142857143,7
2022-01-24,<2,50-150nm,206.42857142857142,7
2022-01-24,>25,0-50nm,0.0,7
2022-01-24,>25,150-300nm,0.0,7
2022-01-24,>25,50-150nm,0.0,7
2022-01-31,10-15,0-50nm,44.0,7
2022-01-31,10-15,150-300nm,204.42857142857142,7
2022-01-31,10-15,50-150nm,94.0,7
2022-01-31,15-25,0-50nm,4.142857142857143,7
2022-01-31,15-25,150-300nm,108.14285714285714,7
2022-01-31,15-25,50-150nm,45.57142857142857,7
2022-01-31,2-4,0-50nm,6.428571428571429,7
2022-01-31,2-4,150-300nm,43.285714285714285,7
2022-01-31,2-4,50-150nm,4.142857142857143,7
2022-01-31,4-6,0-50nm,11.428571428571429,7
2022-01-31,4-6,150-300nm,16.714285714285715,7
2022-01-31,4-6,50-150nm,2.4285714285714284,7
2022-01-31,6-10,0-50nm,51.0,7
2022-01-31,6-10,150-300nm,83.0,7
2022-01-31,6-10,50-150nm,39.0,7
2022-01-31,<2,0-50nm,1146.0,7
2022-01-31,<2,150-300nm,730.2857142857143,7
2022-01-31,<2,50-150nm,178.0,7
2022-01-31,>25,0-50nm,0.0,7
2022-01-31,>25,150-300nm,0.0,7
2022-01-31,>25,50-150nm,0.0,7
2022-02-07,10-15,0-50nm,41.42857142857143,7
2022-02-07,10-15,150-300nm,217.71428571428572,7
2022-02-07,10-15,50-150nm,95.85714285714286,7
2022-02-07,15-25,0-50nm,3.7142857142857144,7
2022-02-07,15-25,150-300nm,101.42857142857143,7
2022-02-07,15-25,50-150nm,37.57142857142857,7
2022-02-07,2-4,0-50nm,8.142857142857142,7
2022-02-07,2-4,150-300nm,7.285714285714286,7
2022-02-07,2-4,50-150nm,2.7142857142857144,7
2022-02-07,4-6,0-50nm,9.142857142857142,7
2022-02-07,4-6,150-300nm,4.142857142857143,7
2022-02-07,4-6,50-150nm,2.2857142857142856,7
2022-02-07,6-10,0-50nm,41.857142857142854,7
2022-02-07,6-10,150-300nm,40.142857142857146,7
2022-02-07,6-10,50-150nm,38.857142857142854,7
2022-02-07,<2,0-50nm,1020.0,7
2022-02-07,<2,150-300nm,706.8571428571429,7
2022-02-07,<2,50-150nm,174.42857142857142,7
2022-02-07,>25,0-50nm,0.0,7
2022-02-07,>25,150-300nm,0.0,7
2022-02-07,>25,50-150nm,0.0,7
2022-02-14,10-15,0-50nm,40.57142857142857,7
2022-02-14,10-15,150-300nm,217.14285714285714,7
2022-02-14,10-15,50-150nm,105.71428571428571,7
2022-02-14,15-25,0-50nm,4.285714285714286,7
2022-02-14,15-25,150-300nm,91.0,7
2022-02-14,15-25,50-150nm,33.714285714285715,7
2022-02-14,2-4,0-50nm,13.0,7
2022-02-14,2-4,150-300nm,48.42857142857143,7
2022-02-14,2-4,50-150nm,6.571428571428571,7
2022-02-14,4-6,0-50nm,15.0,7
2022-02-14,4-6,150-300nm,7.571428571428571,7
2022-02-14,4-6,50-150nm,4.857142857142857,7
2022-02-14,6-10,0-50nm,55.57142857142857,7
2022-02-14,6-10,150-300nm,67.42857142857143,7
2022-02-14,6-10,50-150nm,46.42857142857143,7
2022-02-14,<2,0-50nm,1082.142857142857,7
2022-02-14,<2,150-300nm,529.0,7
2022-02-14,<2,50-150nm,199.0,7
2022-02-14,>25,0-50nm,0.0,7
2022-02-14,>25,150-300nm,0.0,7
2022-02-14,>25,50-150nm,0.0,7
2022-02-21,10-15,0-50nm,49.714285714285715,7
2022-02-21,10-15,150-300nm,172.14285714285714,7
2022-02-21,10-15,50-150nm,103.57142857142857,7
2022-02-21,15-25,0-50nm,3.7142857142857144,7
2022-02-21,15-25,150-300nm,84.42857142857143,7
2022-02-21,15-25,50-150nm,39.142857142857146,7
2022-02-21,2-4,0-50nm,14.428571428571429,7
2022-02-21,2-4,150-300nm,39.714285714285715,7
2022-02-21,2-4,50-150nm,7.142857142857143,7
2022-02-21,4-6,0-50nm,13.428571428571429,7
2022-02-21,4-6,150-300nm,12.571428571428571,7
2022-02-21,4-6,50-150nm,3.5714285714285716,7
2022-02-21,6-10,0-50nm,49.0,7
2022-02-21,6-10,150-300nm,55.714285714285715,7
2022-02-21,6-10,50-150nm,38.142857142857146,7
2022-02-21,<2,0-50nm,1185.5714285714287,7
2022-02-21,<2,150-300nm,402.42857142857144,7
2022-02-21,<2,50-150nm,217.85714285714286,7
2022-02-21,>25,0-50nm,0.0,7
2022-02-21,>25,150-300nm,0.0,7
2022-02-21,>25,50-150nm,0.0,7
2022-02-28,10-15,0-50nm,38.857142857142854,7
2022-02-28,10-15,150-300nm,224.85714285714286,7
2022-02-28,10-15,50-150nm,98.85714285714286,7
2022-02-28,15-25,0-50nm,5.142857142857143,7
2022-02-28,15-25,150-300nm,83.71428571428571,7
2022-02-28,15-25,50-150nm,40.285714285714285,7
2022-02-28,2-4,0-50nm,15.0,7
2022-02-28,2-4,150-300nm,53.0,7
2022-02-28,2-4,50-150nm,17.142857142857142,7
2022-02-28,4-6,0-50nm,14.857142857142858,7
2022-02-28,4-6,150-300nm,21.428571428571427,7
2022-02-28,4-6,50-150nm,5.142857142857143,7
2022-02-28,6-10,0-50nm,57.285714285714285,7
2022-02-28,6-10,150-300nm,84.71428571428571,7
2022-02-28,6-10,50-150nm,55.57142857142857,7
2022-02-28,<2,0-50nm,1082.2857142857142,7
2022-02-28,<2,150-300nm,325.0,7
2022-02-28,<2,50-150nm,198.42857142857142,7
2022-02-28,>25,0-50nm,0.0,7
2022-02-28,>25,150-300nm,0.0,7
2022-02-28,>25,50-150nm,0.0,7
2022-03-07,10-15,0-50nm,40.857142857142854,7
2022-03-07,10-15,150-300nm,218.85714285714286,7
2022-03-07,10-15,50-150nm,93.57142857142857,7
2022-03-07,15-25,0-50nm,2.857142857142857,7
2022-03-07,15-25,150-300nm,104.0,7
2022-03-07,15-25,50-150nm,40.285714285714285,7
2022-03-07,2-4,0-50nm,6.428571428571429,7
2022-03-07,2-4,150-300nm,34.285714285714285,7
2022-03-07,2-4,50-150nm,5.0,7
2022-03-07,4-6,0-50nm,10.428571428571429,7
2022-03-07,4-6,150-300nm,9.571428571428571,7
2022-03-07,4-6,50-150nm,3.142857142857143,7
2022-03-07,6-10,0-50nm,48.857142857142854,7
2022-03-07,6-10,150-300nm,43.714285714285715,7
2022-03-07,6-10,50-150nm,45.142857142857146,7
2022-03-07,<2,0-50nm,1051.7142857142858,7
2022-03-07,<2,150-300nm,414.0,7
2022-03-07,<2,50-150nm,195.0,7
2022-03-07,>25,0-50nm,0.0,7
2022-03-07,>25,150-300nm,0.0,7
2022-03-07,>25,50-150nm,0.0,7
2022-03-14,10-15,0-50nm,37.857142857142854,7
2022-03-14,10-15,150-300nm,252.0,7
2022-03-14,10-15,50-150nm,101.42857142857143,7
2022-03-14,15-25,0-50nm,3.5714285714285716,7
2022-03-14,15-25,150-300nm,87.28571428571429,7
2022-03-14,15-25,50-150nm,35.0,7
2022-03-14,2-4,0-50nm,7.285714285714286,7
2022-03-14,2-4,150-300nm,47.42857142857143,7
2022-03-14,2-4,50-150nm,5.571428571428571,7
2022-03-14,4-6,0-50nm,11.285714285714286,7
2022-03-14,4-6,150-300nm,12.428571428571429,7
2022-03-14,4-6,50-150nm,6.571428571428571,7
2022-03-14,6-10,0-50nm,39.142857142857146,7
2022-03-14,6-10,150-300nm,74.28571428571429,7
2022-03-14,6-10,50-150nm,38.142857142857146,7
2022-03-14,<2,0-50nm,1002.0,7
2022-03-14,<2,150-300nm,237.28571428571428,7
2022-03-14,<2,50-150nm,206.14285714285714,7
2022-03-14,>25,0-50nm,0.0,7
2022-03-14,>25,150-300nm,0.0,7
2022-03-14,>25,50-150nm,0.0,7
2022-03-21,10-15,0-50nm,47.42857142857143,7
2022-03-21,10-15,150-300nm,224.57142857142858,7
2022-03-21,10-15,50-150nm,121.57142857142857,7
2022-03-21,15-25,0-50nm,4.428571428571429,7
2022-03-21,15-25,150-300nm,114.71428571428571,7
2022-03-21,15-25,50-150nm,33.285714285714285,7
2022-03-21,2-4,0-50nm,9.285714285714286,7
2022-03-21,2-4,150-300nm,18.142857142857142,7
2022-03-21,2-4,50-150nm,4.571428571428571,7
2022-03-21,4-6,0-50nm,13.142857142857142,7
2022-03-21,4-6,150-300nm,10.0,7
2022-03-21,4-6,50-150nm,7.571428571428571,7
2022-03-21,6-10,0-50nm,44.714285714285715,7
2022-03-21,6-10,150-300nm,64.85714285714286,7
2022-03-21,6-10,50-150nm,31.285714285714285,7
2022-03-21,<2,0-50nm,1083.5714285714287,7
2022-03-21,<2,150-300nm,289.42857142857144,7
2022-03-21,<2,50-150nm,189.28571428571428,7
2022-03-21,>25,0-50nm,0.0,7
2022-03-21,>25,150-300nm,0.0,7
2022-03-21,>25,50-150nm,0.0,7
2022-03-28,10-15,0-50nm,42.285714285714285,7
2022-03-28,10-15,150-300nm,179.14285714285714,7
2022-03-28,10-15,50-150nm,95.42857142857143,7
2022-03-28,15-25,0-50nm,3.7142857142857144,7
2022-03-28,15-25,150-300nm,93.28571428571429,7
2022-03-28,15-25,50-150nm,40.42857142857143,7
2022-03-28,2-4,0-50nm,9.428571428571429,7
2022-03-28,2-4,150-300nm,36.285714285714285,7
2022-03-28,2-4,50-150nm,5.857142857142857,7
2022-03-28,4-6,0-50nm,10.428571428571429,7
2022-03-28,4-6,150-300nm,16.142857142857142,7
2022-03-28,4-6,50-150nm,6.857142857142857,7
2022-03-28,6-10,0-50nm,45.857142857142854,7
2022-03-28,6-10,150-300nm,82.71428571428571,7
2022-03-28,6-10,50-150nm,44.42857142857143,7
2022-03-28,<2,0-50nm,1078.142857142857,7
2022-03-28,<2,150-300nm,301.14285714285717,7
2022-03-28,<2,50-150nm,178.57142857142858,7
2022-03-28,>25,0-50nm,0.0,7
2022-03-28,>25,150-300nm,0.0,7
2022-03-28,>25,50-150nm,0.0,7
2022-04-04,10-15,0-50nm,40.857142857142854,7
2022-04-04,10-15,150-300nm,200.85714285714286,7
2022-04-04,10-15,50-150nm,102.42857142857143,7
2022-04-04,15-25,0-50nm,3.142857142857143,7
2022-04-04,15-25,150-300nm,68.85714285714286,7
2022-04-04,15-25,50-150nm,30.0,7
2022-04-04,2-4,0-50nm,8.714285714285714,7
2022-04-04,2-4,150-300nm,24.571428571428573,7
2022-04-04,2-4,50-150nm,2.0,7
2022-04-04,4-6,0-50nm,12.571428571428571,7
2022-04-04,4-6,150-300nm,21.857142857142858,7
2022-04-04,4-6,50-150nm,9.142857142857142,7
2022-04-04,6-10,0-50nm,35.142857142857146,7
2022-04-04,6-10,150-300nm,78.57142857142857,7
2022-04-04,6-10,50-150nm,39.714285714285715,7
2022-04-04,<2,0-50nm,1098.0,7
2022-04-04,<2,150-300nm,217.85714285714286,7
2022-04-04,<2,50-150nm,140.0,7
2022-04-04,>25,0-50nm,0.0,7
2022-04-04,>25,150-300nm,0.0,7
2022-04-04,>25,50-150nm,0.0,7
2022-04-11,10-15,0-50nm,34.857142857142854,7
2022-04-11,10-15,150-300nm,196.0,7
2022-04-11,10-15,50-150nm,80.28571428571429,7
2022-04-11,15-25,0-50nm,5.285714285714286,7
2022-04-11,15-25,150-300nm,89.85714285714286,7
2022-04-11,15-25,50-150nm,32.0,7
2022-04-11,2-4,0-50nm,17.714285714285715,7
2022-04-11,2-4,150-300nm,51.42857142857143,7
2022-04-11,2-4,50-150nm,10.571428571428571,7
2022-04-11,4-6,0-50nm,13.428571428571429,7
2022-04-11,4-6,150-300nm,18.142857142857142,7
2022-04-11,4-6,50-150nm,7.285714285714286,7
2022-04-11,6-10,0-50nm,45.285714285714285,7
2022-04-11,6-10,150-300nm,70.28571428571429,7
2022-04-11,6-10,50-150nm,42.57142857142857,7
2022-04-11,<2,0-50nm,1044.857142857143,7
2022-04-11,<2,150-300nm,239.85714285714286,7
2022-04-11,<2,50-150nm,172.0,7
2022-04-11,>25,0-50nm,0.14285714285714285,7
2022-04-11,>25,150-300nm,0.0,7
2022-04-11,>25,50-150nm,0.0,7
2022-04-18,10-15,0-50nm,39.0,7
2022-04-18,10-15,150-300nm,210.85714285714286,7
2022-04-18,10-15,50-150nm,90.42857142857143,7
2022-04-18,15-25,0-50nm,2.857142857142857,7
2022-04-18,15-25,150-300nm,80.14285714285714,7
2022-04-18,15-25,50-150nm,28.285714285714285,7
2022-04-18,2-4,0-50nm,16.0,7
2022-04-18,2-4,150-300nm,59.42857142857143,7
2022-04-18,2-4,50-150nm,4.714285714285714,7
2022-04-18,4-6,0-50nm,15.142857142857142,7
2022-04-18,4-6,150-300nm,16.571428571428573,7
2022-04-18,4-6,50-150nm,3.4285714285714284,7
2022-04-18,6-10,0-50nm,42.714285714285715,7
2022-04-18,6-10,150-300nm,49.285714285714285,7
2022-04-18,6-10,50-150nm,34.714285714285715,7
2022-04-18,<2,0-50nm,1047.7142857142858,7
2022-04-18,<2,150-300nm,267.14285714285717,7
2022-04-18,<2,50-150nm,142.28571428571428,7
2022-04-18,>25,0-50nm,0.0,7
2022-04-18,>25,150-300nm,0.0,7
2022-04-18,>25,50-150nm,0.0,7
2022-04-25,10-15,0-50nm,42.142857142857146,7
2022-04-25,10-15,150-300nm,246.14285714285714,7
2022-04-25,10-15,50-150nm,109.42857142857143,7
2022-04-25,15-25,0-50nm,4.142857142857143,7
2022-04-25,15-25,150-300nm,92.28571428571429,7
2022-04-25,15-25,50-150nm,29.142857142857142,7
2022-04-25,2-4,0-50nm,8.0,7
2022-04-25,2-4,150-300nm,50.0,7
2022-04-25,2-4,50-150nm,6.714285714285714,7
2022-04-25,4-6,0-50nm,13.0,7
2022-04-25,4-6,150-300nm,20.142857142857142,7
2022-04-25,4-6,50-150nm,5.285714285714286,7
2022-04-25,6-10,0-50nm,47.42857142857143,7
2022-04-25,6-10,150-300nm,105.28571428571429,7
2022-04-25,6-10,50-150nm,49.42857142857143,7
2022-04-25,<2,0-50nm,975.2857142857143,7
2022-04-25,<2,150-300nm,264.85714285714283,7
2022-04-25,<2,50-150nm,127.71428571428571,7
2022-04-25,>25,0-50nm,0.0,7
2022-04-25,>25,150-300nm,0.0,7
2022-04-25,>25,50-150nm,0.0,7
2022-05-02,10-15,0-50nm,24.285714285714285,7
2022-05-02,10-15,150-300nm,215.14285714285714,7
2022-05-02,10-15,50-150nm,74.28571428571429,7
2022-05-02,15-25,0-50nm,2.0,7
2022-05-02,15-25,150-300nm,92.28571428571429,7
2022-05-02,15-25,50-150nm,23.142857142857142,7
2022-05-02,2-4,0-50nm,6.0,7
2022-05-02,2-4,150-300nm,27.285714285714285,7
2022-05-02,2-4,50-150nm,8.857142857142858,7
2022-05-02,4-6,0-50nm,12.0,7
2022-05-02,4-6,150-300nm,8.714285714285714,7
2022-05-02,4-6,50-150nm,7.0,7
2022-05-02,6-10,0-50nm,59.142857142857146,7
2022-05-02,6-10,150-300nm,73.28571428571429,7
2022-05-02,6-10,50-150nm,79.28571428571429,7
2022-05-02,<2,0-50nm,968.0,7
2022-05-02,<2,150-300nm,230.42857142857142,7
2022-05-02,<2,50-150nm,112.0,7
2022-05-02,>25,0-50nm,0.0,7
2022-05-02,>25,150-300nm,0.0,7
2022-05-02,>25,50-150nm,0.0,7
2022-05-09,10-15,0-50nm,22.428571428571427,7
2022-05-09,10-15,150-300nm,167.28571428571428,7
2022-05-09,10-15,50-150nm,65.42857142857143,7
2022-05-09,15-25,0-50nm,2.5714285714285716,7
2022-05-09,15-25,150-300nm,129.0,7
2022-05-09,15-25,50-150nm,22.142857142857142,7
2022-05-09,2-4,0-50nm,6.428571428571429,7
2022-05-09,2-4,150-300nm,55.142857142857146,7
2022-05-09,2-4,50-150nm,10.571428571428571,7
2022-05-09,4-6,0-50nm,11.571428571428571,7
2022-05-09,4-6,150-300nm,7.142857142857143,7
2022-05-09,4-6,50-150nm,7.714285714285714,7
2022-05-09,6-10,0-50nm,73.28571428571429,7
2022-05-09,6-10,150-300nm,95.57142857142857,7
2022-05-09,6-10,50-150nm,106.42857142857143,7
2022-05-09,<2,0-50nm,906.7142857142857,7
2022-05-09,<2,150-300nm,184.57142857142858,7
2022-05-09,<2,50-150nm,149.71428571428572,7
2022-05-09,>25,0-50nm,0.0,7
2022-05-09,>25,150-300nm,0.0,7
2022-05-09,>25,50-150nm,0.0,7
2022-05-16,10-15,0-50nm,24.857142857142858,7
2022-05-16,10-15,150-300nm,238.42857142857142,7
2022-05-16,10-15,50-150nm,62.42857142857143,7
2022-05-16,15-25,0-50nm,2.5714285714285716,7
2022-05-16,15-25,150-300nm,118.0,7
2022-05-16,15-25,50-150nm,36.285714285714285,7
2022-05-16,2-4,0-50nm,8.714285714285714,7
2022-05-16,2-4,150-300nm,32.714285714285715,7
2022-05-16,2-4,50-150nm,3.4285714285714284,7
2022-05-16,4-6,0-50nm,11.714285714285714,7
2022-05-16,4-6,150-300nm,9.0,7
2022-05-16,4-6,50-150nm,4.285714285714286,7
2022-05-16,6-10,0-50nm,63.0,7
2022-05-16,6-10,150-300nm,73.14285714285714,7
2022-05-16,6-10,50-150nm,91.42857142857143,7
2022-05-16,<2,0-50nm,1012.4285714285714,7
2022-05-16,<2,150-300nm,232.42857142857142,7
2022-05-16,<2,50-150nm,142.85714285714286,7
2022-05-16,>25,0-50nm,0.0,7
2022-05-16,>25,150-300nm,0.0,7
2022-05-16,>25,50-150nm,0.0,7
2022-05-23,10-15,0-50nm,26.571428571428573,7
2022-05-23,10-15,150-300nm,213.71428571428572,7
2022-05-23,10-15,50-150nm,75.71428571428571,7
2022-05-23,15-25,0-50nm,3.0,7
2022-05-23,15-25,150-300nm,128.42857142857142,7
2022-05-23,15-25,50-150nm,23.714285714285715,7
2022-05-23,2-4,0-50nm,5.714285714285714,7
2022-05-23,2-4,150-300nm,16.571428571428573,7
2022-05-23,2-4,50-150nm,4.571428571428571,7
2022-05-23,4-6,0-50nm,12.0,7
2022-05-23,4-6,150-300nm,5.0,7
2022-05-23,4-6,50-150nm,3.142857142857143,7
2022-05-23,6-10,0-50nm,64.42857142857143,7
2022-05-23,6-10,150-300nm,37.285714285714285,7
2022-05-23,6-10,50-150nm,81.0,7
2022-05-23,<2,0-50nm,874.5714285714286,7
2022-05-23,<2,150-300nm,287.7142857142857,7
2022-05-23,<2,50-150nm,112.42857142857143,7
2022-05-23,>25,0-50nm,0.0,7
2022-05-23,>25,150-300nm,0.0,7
2022-05-23,>25,50-150nm,0.0,7
2022-05-30,10-15,0-50nm,24.428571428571427,7
2022-05-30,10-15,150-300nm,212.71428571428572,7
2022-05-30,10-15,50-150nm,70.28571428571429,7
2022-05-30,15-25,0-50nm,3.0,7
2022-05-30,15-25,150-300nm,120.0,7
2022-05-30,15-25,50-150nm,22.714285714285715,7
2022-05-30,2-4,0-50nm,5.428571428571429,7
2022-05-30,2-4,150-300nm,31.428571428571427,7
2022-05-30,2-4,50-150nm,3.142857142857143,7
2022-05-30,4-6,0-50nm,7.428571428571429,7
2022-05-30,4-6,150-300nm,6.857142857142857,7
2022-05-30,4-6,50-150nm,1.4285714285714286,7
2022-05-30,6-10,0-50nm,62.57142857142857,7
2022-05-30,6-10,150-300nm,60.42857142857143,7
2022-05-30,6-10,50-150nm,91.0,7
2022-05-30,<2,0-50nm,908.1428571428571,7
2022-05-30,<2,150-300nm,214.14285714285714,7
2022-05-30,<2,50-150nm,95.0,7
2022-05-30,>25,0-50nm,0.0,7
2022-05-30,>25,150-300nm,0.14285714285714285,7
2022-05-30,>25,50-150nm,0.0,7
2022-06-06,10-15,0-50nm,27.571428571428573,7
2022-06-06,10-15,150-300nm,236.14285714285714,7
2022-06-06,10-15,50-150nm,76.71428571428571,7
2022-06-06,15-25,0-50nm,3.5714285714285716,7
2022-06-06,15-25,150-300nm,130.28571428571428,7
2022-06-06,15-25,50-150nm,28.142857142857142,7
2022-06-06,2-4,0-50nm,5.428571428571429,7
2022-06-06,2-4,150-300nm,14.0,7
2022-06-06,2-4,50-150nm,2.0,7
2022-06-06,4-6,0-50nm,10.285714285714286,7
2022-06-06,4-6,150-300nm,3.857142857142857,7
2022-06-06,4-6,50-150nm,2.7142857142857144,7
2022-06-06,6-10,0-50nm,65.71428571428571,7
2022-06-06,6-10,150-300nm,40.714285714285715,7
2022-06-06,6-10,50-150nm,89.71428571428571,7
2022-06-06,<2,0-50nm,876.2857142857143,7
2022-06-06,<2,150-300nm,188.71428571428572,7
2022-06-06,<2,50-150nm,146.85714285714286,7
2022-06-06,>25,0-50nm,0.0,7
2022-06-06,>25,150-300nm,0.0,7
2022-06-06,>25,50-150nm,0.0,7
2022-06-13,10-15,0-50nm,25.285714285714285,7
2022-06-13,10-15,150-300nm,208.71428571428572,7
2022-06-13,10-15,50-150nm,78.0,7
2022-06-13,15-25,0-50nm,2.7142857142857144,7
2022-06-13,15-25,150-300nm,127.71428571428571,7
2022-06-13,15-25,50-150nm,25.285714285714285,7
2022-06-13,2-4,0-50nm,7.0,7
2022-06-13,2-4,150-300nm,20.714285714285715,7
2022-06-13,2-4,50-150nm,2.857142857142857,7
2022-06-13,4-6,0-50nm,9.571428571428571,7
2022-06-13,4-6,150-300nm,5.428571428571429,7
2022-06-13,4-6,50-150nm,2.4285714285714284,7
2022-06-13,6-10,0-50nm,60.857142857142854,7
2022-06-13,6-10,150-300nm,73.28571428571429,7
2022-06-13,6-10,50-150nm,75.85714285714286,7
2022-06-13,<2,0-50nm,880.1428571428571,7
2022-06-13,<2,150-300nm,177.0,7
2022-06-13,<2,50-150nm,115.85714285714286,7
2022-06-13,>25,0-50nm,0.0,7
2022-06-13,>25,150-300nm,0.0,7
2022-06-13,>25,50-150nm,0.0,7
2022-06-20,10-15,0-50nm,21.285714285714285,7
2022-06-20,10-15,150-300nm,217.42857142857142,7
2022-06-20,10-15,50-150nm,63.57142857142857,7
2022-06-20,15-25,0-50nm,2.857142857142857,7
2022-06-20,15-25,150-300nm,147.14285714285714,7
2022-06-20,15-25,50-150nm,26.428571428571427,7
2022-06-20,2-4,0-50nm,7.714285714285714,7
2022-06-20,2-4,150-300nm,12.571428571428571,7
2022-06-20,2-4,50-150nm,3.857142857142857,7
2022-06-20,4-6,0-50nm,10.428571428571429,7
2022-06-20,4-6,150-300nm,4.428571428571429,7
2022-06-20,4-6,50-150nm,3.4285714285714284,7
2022-06-20,6-10,0-50nm,69.28571428571429,7
2022-06-20,6-10,150-300nm,28.857142857142858,7
2022-06-20,6-10,50-150nm,86.71428571428571,7
2022-06-20,<2,0-50nm,910.2857142857143,7
2022-06-20,<2,150-300nm,161.28571428571428,7
2022-06-20,<2,50-150nm,152.28571428571428,7
2022-06-20,>25,0-50nm,0.0,7
2022-06-20,>25,150-300nm,0.0,7
2022-06-20,>25,50-150nm,0.0,7
2022-06-27,10-15,0-50nm,24.428571428571427,7
2022-06-27,10-15,150-300nm,291.2857142857143,7
2022-06-27,10-15,50-150nm,80.0,7
2022-06-27,15-25,0-50nm,2.142857142857143,7
2022-06-27,15-25,150-300nm,123.0,7
2022-06-27,15-25,50-150nm,23.0,7
2022-06-27,2-4,0-50nm,8.428571428571429,7
2022-06-27,2-4,150-300nm,7.857142857142857,7
2022-06-27,2-4,50-150nm,2.857142857142857,7
2022-06-27,4-6,0-50nm,12.285714285714286,7
2022-06-27,4-6,150-300nm,2.4285714285714284,7
2022-06-27,4-6,50-150nm,3.7142857142857144,7
2022-06-27,6-10,0-50nm,68.85714285714286,7
2022-06-27,6-10,150-300nm,28.571428571428573,7
2022-06-27,6-10,50-150nm,88.85714285714286,7
2022-06-27,<2,0-50nm,988.0,7
2022-06-27,<2,150-300nm,185.42857142857142,7
2022-06-27,<2,50-150nm,110.42857142857143,7
2022-06-27,>25,0-50nm,0.0,7
2022-06-27,>25,150-300nm,0.0,7
2022-06-27,>25,50-150nm,0.0,7
2022-07-04,10-15,0-50nm,20.428571428571427,7
2022-07-04,10-15,150-300nm,259.0,7
2022-07-04,10-15,50-150nm,62.142857142857146,7
2022-07-04,15-25,0-50nm,3.7142857142857144,7
2022-07-04,15-25,150-300nm,120.71428571428571,7
2022-07-04,15-25,50-150nm,27.0,7
2022-07-04,2-4,0-50nm,7.857142857142857,7
2022-07-04,2-4,150-300nm,16.0,7
2022-07-04,2-4,50-150nm,5.142857142857143,7
2022-07-04,4-6,0-50nm,10.857142857142858,7
2022-07-04,4-6,150-300nm,2.5714285714285716,7
2022-07-04,4-6,50-150nm,5.0,7
2022-07-04,6-10,0-50nm,57.142857142857146,7
2022-07-04,6-10,150-300nm,35.285714285714285,7
2022-07-04,6-10,50-150nm,93.85714285714286,7
2022-07-04,<2,0-50nm,892.2857142857143,7
2022-07-04,<2,150-300nm,237.71428571428572,7
2022-07-04,<2,50-150nm,243.85714285714286,7
2022-07-04,>25,0-50nm,0.0,7
2022-07-04,>25,150-300nm,0.0,7
2022-07-04,>25,50-150nm,0.0,7
2022-07-11,10-15,0-50nm,22.285714285714285,7
2022-07-11,10-15,150-300nm,255.0,7
2022-07-11,10-15,50-150nm,79.14285714285714,7
2022-07-11,15-25,0-50nm,2.0,7
2022-07-11,15-25,150-300nm,139.57142857142858,7
2022-07-11,15-25,50-150nm,21.714285714285715,7
2022-07-11,2-4,0-50nm,7.0,7
2022-07-11,2-4,150-300nm,18.285714285714285,7
2022-07-11,2-4,50-150nm,3.0,7
2022-07-11,4-6,0-50nm,9.285714285714286,7
2022-07-11,4-6,150-300nm,5.142857142857143,7
2022-07-11,4-6,50-150nm,4.142857142857143,7
2022-07-11,6-10,0-50nm,69.85714285714286,7
2022-07-11,6-10,150-300nm,55.714285714285715,7
2022-07-11,6-10,50-150nm,87.85714285714286,7
2022-07-11,<2,0-50nm,942.8571428571429,7
2022-07-11,<2,150-300nm,206.28571428571428,7
2022-07-11,<2,50-150nm,233.28571428571428,7
2022-07-11,>25,0-50nm,0.0,7
2022-07-11,>25,150-300nm,0.0,7
2022-07-11,>25,50-150nm,0.0,7
2022-07-18,10-15,0-50nm,29.428571428571427,7
2022-07-18,10-15,150-300nm,255.28571428571428,7
2022-07-18,10-15,50-150nm,77.14285714285714,7
2022-07-18,15-25,0-50nm,4.0,7
2022-07-18,15-25,150-300nm,154.14285714285714,7
2022-07-18,15-25,50-150nm,32.0,7
2022-07-18,2-4,0-50nm,8.285714285714286,7
2022-07-18,2-4,150-300nm,7.714285714285714,7
2022-07-18,2-4,50-150nm,6.714285714285714,7
2022-07-18,4-6,0-50nm,9.142857142857142,7
2022-07-18,4-6,150-300nm,3.2857142857142856,7
2022-07-18,4-6,50-150nm,4.0,7
2022-07-18,6-10,0-50nm,81.28571428571429,7
2022-07-18,6-10,150-300nm,42.285714285714285,7
2022-07-18,6-10,50-150nm,101.28571428571429,7
2022-07-18,<2,0-50nm,917.1428571428571,7
2022-07-18,<2,150-300nm,162.42857142857142,7
2022-07-18,<2,50-150nm,246.42857142857142,7
2022-07-18,>25,0-50nm,0.0,7
2022-07-18,>25,150-300nm,0.0,7
2022-07-18,>25,50-150nm,0.0,7
2022-07-25,10-15,0-50nm,22.285714285714285,7
2022-07-25,10-15,150-300nm,234.0,7
2022-07-25,10-15,50-150nm,66.57142857142857,7
2022-07-25,15-25,0-50nm,2.2857142857142856,7
2022-07-25,15-25,150-300nm,150.14285714285714,7
2022-07-25,15-25,50-150nm,22.571428571428573,7
2022-07-25,2-4,0-50nm,7.571428571428571,7
2022-07-25,2-4,150-300nm,2.142857142857143,7
2022-07-25,2-4,50-150nm,2.4285714285714284,7
2022-07-25,4-6,0-50nm,8.0,7
2022-07-25,4-6,150-300nm,1.7142857142857142,7
2022-07-25,4-6,50-150nm,2.142857142857143,7
2022-07-25,6-10,0-50nm,63.57142857142857,7
2022-07-25,6-10,150-300nm,30.857142857142858,7
2022-07-25,6-10,50-150nm,88.71428571428571,7
2022-07-25,<2,0-50nm,781.7142857142857,7
2022-07-25,<2,150-300nm,107.0,7
2022-07-25,<2,50-150nm,204.42857142857142,7
2022-07-25,>25,0-50nm,0.0,7
2022-07-25,>25,150-300nm,0.0,7
2022-07-25,>25,50-150nm,0.0,7
2022-08-01,10-15,0-50nm,21.714285714285715,7
2022-08-01,10-15,150-300nm,266.42857142857144,7
2022-08-01,10-15,50-150nm,85.0,7
2022-08-01,15-25,0-50nm,1.8571428571428572,7
2022-08-01,15-25,150-300nm,164.0,7
2022-08-01,15-25,50-150nm,22.857142857142858,7
2022-08-01,2-4,0-50nm,5.285714285714286,7
2022-08-01,2-4,150-300nm,10.857142857142858,7
2022-08-01,2-4,50-150nm,4.0,7
2022-08-01,4-6,0-50nm,9.857142857142858,7
2022-08-01,4-6,150-300nm,1.2857142857142858,7
2022-08-01,4-6,50-150nm,4.285714285714286,7
2022-08-01,6-10,0-50nm,62.0,7
2022-08-01,6-10,150-300nm,34.57142857142857,7
2022-08-01,6-10,50-150nm,75.42857142857143,7
2022-08-01,<2,0-50nm,929.5714285714286,7
2022-08-01,<2,150-300nm,151.57142857142858,7
2022-08-01,<2,50-150nm,193.28571428571428,7
2022-08-01,>25,0-50nm,0.0,7
2022-08-01,>25,150-300nm,0.0,7
2022-08-01,>25,50-150nm,0.0,7
2022-08-08,10-15,0-50nm,24.571428571428573,7
2022-08-08,10-15,150-300nm,248.0,7
2022-08-08,10-15,50-150nm,79.71428571428571,7
2022-08-08,15-25,0-50nm,2.857142857142857,7
2022-08-08,15-25,150-300nm,162.42857142857142,7
2022-08-08,15-25,50-150nm,28.428571428571427,7
2022-08-08,2-4,0-50nm,7.142857142857143,7
2022-08-08,2-4,150-300nm,20.857142857142858,7
2022-08-08,2-4,50-150nm,2.4285714285714284,7
2022-08-08,4-6,0-50nm,9.571428571428571,7
2022-08-08,4-6,150-300nm,3.142857142857143,7
2022-08-08,4-6,50-150nm,2.7142857142857144,7
2022-08-08,6-10,0-50nm,61.857142857142854,7
2022-08-08,6-10,150-300nm,42.285714285714285,7
2022-08-08,6-10,50-150nm,81.0,7
2022-08-08,<2,0-50nm,912.1428571428571,7
2022-08-08,<2,150-300nm,108.71428571428571,7
2022-08-08,<2,50-150nm,178.42857142857142,7
2022-08-08,>25,0-50nm,0.0,7
2022-08-08,>25,150-300nm,0.0,7
2022-08-08,>25,50-150nm,0.0,7
2022-08-15,10-15,0-50nm,26.285714285714285,7
2022-08-15,10-15,150-300nm,239.28571428571428,7
2022-08-15,10-15,50-150nm,80.85714285714286,7
2022-08-15,15-25,0-50nm,2.142857142857143,7
2022-08-15,15-25,150-300nm,150.85714285714286,7
2022-08-15,15-25,50-150nm,21.714285714285715,7
2022-08-15,2-4,0-50nm,7.857142857142857,7
2022-08-15,2-4,150-300nm,14.142857142857142,7
2022-08-15,2-4,50-150nm,3.7142857142857144,7
2022-08-15,4-6,0-50nm,10.142857142857142,7
2022-08-15,4-6,150-300nm,2.857142857142857,7
2022-08-15,4-6,50-150nm,3.5714285714285716,7
2022-08-15,6-10,0-50nm,62.714285714285715,7
2022-08-15,6-10,150-300nm,37.285714285714285,7
2022-08-15,6-10,50-150nm,78.57142857142857,7
2022-08-15,<2,0-50nm,831.5714285714286,7
2022-08-15,<2,150-300nm,174.14285714285714,7
2022-08-15,<2,50-150nm,140.85714285714286,7
2022-08-15,>25,0-50nm,0.0,7
2022-08-15,>25,150-300nm,0.0,7
2022-08-15,>25,50-150nm,0.0,7
2022-08-22,10-15,0-50nm,26.142857142857142,7
2022-08-22,10-15,150-300nm,230.57142857142858,7
2022-08-22,10-15,50-150nm,65.0,7
2022-08-22,15-25,0-50nm,3.4285714285714284,7
2022-08-22,15-25,150-300nm,119.85714285714286,7
2022-08-22,15-25,50-150nm,33.142857142857146,7
2022-08-22,2-4,0-50nm,6.714285714285714,7
2022-08-22,2-4,150-300nm,12.571428571428571,7
2022-08-22,2-4,50-150nm,4.142857142857143,7
2022-08-22,4-6,0-50nm,7.142857142857143,7
2022-08-22,4-6,150-300nm,3.857142857142857,7
2022-08-22,4-6,50-150nm,5.0,7
2022-08-22,6-10,0-50nm,53.142857142857146,7
2022-08-22,6-10,150-300nm,33.142857142857146,7
2022-08-22,6-10,50-150nm,86.28571428571429,7
2022-08-22,<2,0-50nm,800.2857142857143,7
2022-08-22,<2,150-300nm,124.0,7
2022-08-22,<2,50-150nm,198.42857142857142,7
2022-08-22,>25,0-50nm,0.0,7
2022-08-22,>25,150-300nm,0.0,7
2022-08-22,>25,50-150nm,0.0,7
2022-08-29,10-15,0-50nm,21.428571428571427,7
2022-08-29,10-15,150-300nm,190.28571428571428,7
2022-08-29,10-15,50-150nm,55.285714285714285,7
2022-08-29,15-25,0-50nm,3.0,7
2022-08-29,15-25,150-300nm,118.14285714285714,7
2022-08-29,15-25,50-150nm,20.142857142857142,7
2022-08-29,2-4,0-50nm,5.142857142857143,7
2022-08-29,2-4,150-300nm,14.0,7
2022-08-29,2-4,50-150nm,3.2857142857142856,7
2022-08-29,4-6,0-50nm,9.142857142857142,7
2022-08-29,4-6,150-300nm,3.857142857142857,7
2022-08-29,4-6,50-150nm,3.857142857142857,7
2022-08-29,6-10,0-50nm,59.714285714285715,7
2022-08-29,6-10,150-300nm,37.57142857142857,7
2022-08-29,6-10,50-150nm,85.57142857142857,7
2022-08-29,<2,0-50nm,773.1428571428571,7
2022-08-29,<2,150-300nm,81.57142857142857,7
2022-08-29,<2,50-150nm,190.28571428571428,7
2022-08-29,>25,0-50nm,0.0,7
2022-08-29,>25,150-300nm,0.0,7
2022-08-29,>25,50-150nm,0.0,7
2022-09-05,10-15,0-50nm,20.857142857142858,7
2022-09-05,10-15,150-300nm,143.85714285714286,7
2022-09-05,10-15,50-150nm,58.857142857142854,7
2022-09-05,15-25,0-50nm,1.0,7
2022-09-05,15-25,150-300nm,77.28571428571429,7
2022-09-05,15-25,50-150nm,14.428571428571429,7
2022-09-05,2-4,0-50nm,14.571428571428571,7
2022-09-05,2-4,150-300nm,1.7142857142857142,7
2022-09-05,2-4,50-150nm,1.7142857142857142,7
2022-09-05,4-6,0-50nm,13.714285714285714,7
2022-09-05,4-6,150-300nm,1.4285714285714286,7
2022-09-05,4-6,50-150nm,2.857142857142857,7
2022-09-05,6-10,0-50nm,57.714285714285715,7
2022-09-05,6-10,150-300nm,35.57142857142857,7
2022-09-05,6-10,50-150nm,72.28571428571429,7
2022-09-05,<2,0-50nm,868.7142857142857,7
2022-09-05,<2,150-300nm,94.71428571428571,7
2022-09-05,<2,50-150nm,160.14285714285714,7
2022-09-05,>25,0-50nm,0.0,7
2022-09-05,>25,150-300nm,0.0,7
2022-09-05,>25,50-150nm,0.0,7
2022-09-12,10-15,0-50nm,31.428571428571427,7
2022-09-12,10-15,150-300nm,247.71428571428572,7
2022-09-12,10-15,50-150nm,84.85714285714286,7
2022-09-12,15-25,0-50nm,3.142857142857143,7
2022-09-12,15-25,150-300nm,131.14285714285714,7
2022-09-12,15-25,50-150nm,24.142857142857142,7
2022-09-12,2-4,0-50nm,5.428571428571429,7
2022-09-12,2-4,150-300nm,9.571428571428571,7
2022-09-12,2-4,50-150nm,2.2857142857142856,7
2022-09-12,4-6,0-50nm,9.714285714285714,7
2022-09-12,4-6,150-300nm,2.2857142857142856,7
2022-09-12,4-6,50-150nm,2.2857142857142856,7
2022-09-12,6-10,0-50nm,67.42857142857143,7
2022-09-12,6-10,150-300nm,28.571428571428573,7
2022-09-12,6-10,50-150nm,86.85714285714286,7
2022-09-12,<2,0-50nm,823.7142857142857,7
2022-09-12,<2,150-300nm,153.57142857142858,7
2022-09-12,<2,50-150nm,170.85714285714286,7
2022-09-12,>25,0-50nm,0.0,7
2022-09-12,>25,150-300nm,0.0,7
2022-09-12,>25,50-150nm,0.0,7
2022-09-19,10-15,0-50nm,21.714285714285715,7
2022-09-19,10-15,150-300nm,197.57142857142858,7
2022-09-19,10-15,50-150nm,63.285714285714285,7
2022-09-19,15-25,0-50nm,2.0,7
2022-09-19,15-25,150-300nm,108.85714285714286,7
2022-09-19,15-25,50-150nm,22.428571428571427,7
2022-09-19,2-4,0-50nm,5.857142857142857,7
2022-09-19,2-4,150-300nm,1.8571428571428572,7
2022-09-19,2-4,50-150nm,1.2857142857142858,7
2022-09-19,4-6,0-50nm,8.285714285714286,7
2022-09-19,4-6,150-300nm,0.7142857142857143,7
2022-09-19,4-6,50-150nm,2.4285714285714284,7
2022-09-19,6-10,0-50nm,54.285714285714285,7
2022-09-19,6-10,150-300nm,22.0,7
2022-09-19,6-10,50-150nm,70.42857142857143,7
2022-09-19,<2,0-50nm,721.5714285714286,7
2022-09-19,<2,150-300nm,109.85714285714286,7
2022-09-19,<2,50-150nm,226.71428571428572,7
2022-09-19,>25,0-50nm,0.0,7
2022-09-19,>25,150-300nm,0.0,7
2022-09-19,>25,50-150nm,0.0,7
2022-09-26,10-15,0-50nm,21.571428571428573,7
2022-09-26,10-15,150-300nm,223.28571428571428,7
2022-09-26,10-15,50-150nm,75.14285714285714,7
2022-09-26,15-25,0-50nm,3.2857142857142856,7
2022-09-26,15-25,150-300nm,111.0,7
2022-09-26,15-25,50-150nm,29.0,7
2022-09-26,2-4,0-50nm,5.714285714285714,7
2022-09-26,2-4,150-300nm,4.428571428571429,7
2022-09-26,2-4,50-150nm,2.142857142857143,7
2022-09-26,4-6,0-50nm,8.571428571428571,7
2022-09-26,4-6,150-300nm,3.4285714285714284,7
2022-09-26,4-6,50-150nm,3.7142857142857144,7
2022-09-26,6-10,0-50nm,63.714285714285715,7
2022-09-26,6-10,150-300nm,32.857142857142854,7
2022-09-26,6-10,50-150nm,85.0,7
2022-09-26,<2,0-50nm,683.4285714285714,7
2022-09-26,<2,150-300nm,117.28571428571429,7
2022-09-26,<2,50-150nm,158.71428571428572,7
2022-09-26,>25,0-50nm,0.0,7
2022-09-26,>25,150-300nm,0.0,7
2022-09-26,>25,50-150nm,0.0,7
2022-10-03,10-15,0-50nm,18.857142857142858,7
2022-10-03,10-15,150-300nm,207.0,7
2022-10-03,10-15,50-150nm,60.42857142857143,7
2022-10-03,15-25,0-50nm,2.0,7
2022-10-03,15-25,150-300nm,112.71428571428571,7
2022-10-03,15-25,50-150nm,18.0,7
2022-10-03,2-4,0-50nm,5.714285714285714,7
2022-10-03,2-4,150-300nm,5.428571428571429,7
2022-10-03,2-4,50-150nm,2.4285714285714284,7
2022-10-03,4-6,0-50nm,9.142857142857142,7
2022-10-03,4-6,150-300nm,2.2857142857142856,7
2022-10-03,4-6,50-150nm,4.285714285714286,7
2022-10-03,6-10,0-50nm,53.714285714285715,7
2022-10-03,6-10,150-300nm,15.857142857142858,7
2022-10-03,6-10,50-150nm,78.71428571428571,7
2022-10-03,<2,0-50nm,594.7142857142857,7
2022-10-03,<2,150-300nm,98.0,7
2022-10-03,<2,50-150nm,94.71428571428571,7
2022-10-03,>25,0-50nm,0.0,7
2022-10-03,>25,150-300nm,0.0,7
2022-10-03,>25,50-150nm,0.0,7
2022-10-10,10-15,0-50nm,27.142857142857142,7
2022-10-10,10-15,150-300nm,195.71428571428572,7
2022-10-10,10-15,50-150nm,80.28571428571429,7
2022-10-10,15-25,0-50nm,2.0,7
2022-10-10,15-25,150-300nm,119.57142857142857,7
2022-10-10,15-25,50-150nm,23.285714285714285,7
2022-10-10,2-4,0-50nm,5.428571428571429,7
2022-10-10,2-4,150-300nm,2.4285714285714284,7
2022-10-10,2-4,50-150nm,2.7142857142857144,7
2022-10-10,4-6,0-50nm,13.714285714285714,7
2022-10-10,4-6,150-300nm,1.1428571428571428,7
2022-10-10,4-6,50-150nm,4.857142857142857,7
2022-10-10,6-10,0-50nm,75.28571428571429,7
2022-10-10,6-10,150-300nm,24.428571428571427,7
2022-10-10,6-10,50-150nm,88.42857142857143,7
2022-10-10,<2,0-50nm,687.2857142857143,7
2022-10-10,<2,150-300nm,76.28571428571429,7
2022-10-10,<2,50-150nm,95.85714285714286,7
2022-10-10,>25,0-50nm,0.0,7
2022-10-10,>25,150-300nm,0.0,7
2022-10-10,>25,50-150nm,0.0,7
2022-10-17,10-15,0-50nm,23.714285714285715,7
2022-10-17,10-15,150-300nm,224.85714285714286,7
2022-10-17,10-15,50-150nm,67.57142857142857,7
2022-10-17,15-25,0-50nm,4.142857142857143,7
2022-10-17,15-25,150-300nm,105.0,7
2022-10-17,15-25,50-150nm,23.0,7
2022-10-17,2-4,0-50nm,7.714285714285714,7
2022-10-17,2-4,150-300nm,7.0,7
2022-10-17,2-4,50-150nm,5.714285714285714,7
2022-10-17,4-6,0-50nm,8.714285714285714,7
2022-10-17,4-6,150-300nm,4.0,7
2022-10-17,4-6,50-150nm,3.142857142857143,7
2022-10-17,6-10,0-50nm,64.28571428571429,7
2022-10-17,6-10,150-300nm,26.0,7
2022-10-17,6-10,50-150nm,81.71428571428571,7
2022-10-17,<2,0-50nm,726.2857142857143,7
2022-10-17,<2,150-300nm,92.85714285714286,7
2022-10-17,<2,50-150nm,137.0,7
2022-10-17,>25,0-50nm,0.0,7
2022-10-17,>25,150-300nm,0.0,7
2022-10-17,>25,50-150nm,0.0,7
2022-10-24,10-15,0-50nm,19.428571428571427,7
2022-10-24,10-15,150-300nm,178.28571428571428,7
2022-10-24,10-15,50-150nm,70.85714285714286,7
2022-10-24,15-25,0-50nm,2.2857142857142856,7
2022-10-24,15-25,150-300nm,97.57142857142857,7
2022-10-24,15-25,50-150nm,15.142857142857142,7
2022-10-24,2-4,0-50nm,3.2857142857142856,7
2022-10-24,2-4,150-300nm,6.285714285714286,7
2022-10-24,2-4,50-150nm,9.714285714285714,7
2022-10-24,4-6,0-50nm,8.0,7
2022-10-24,4-6,150-300nm,3.0,7
2022-10-24,4-6,50-150nm,3.857142857142857,7
2022-10-24,6-10,0-50nm,58.0,7
2022-10-24,6-10,150-300nm,47.42857142857143,7
2022-10-24,6-10,50-150nm,84.57142857142857,7
2022-10-24,<2,0-50nm,624.8571428571429,7
2022-10-24,<2,150-300nm,41.285714285714285,7
2022-10-24,<2,50-150nm,222.14285714285714,7
2022-10-24,>25,0-50nm,0.0,7
2022-10-24,>25,150-300nm,0.0,7
2022-10-24,>25,50-150nm,0.0,7
2022-10-31,10-15,0-50nm,23.428571428571427,7
2022-10-31,10-15,150-300nm,170.71428571428572,7
2022-10-31,10-15,50-150nm,79.14285714285714,7
2022-10-31,15-25,0-50nm,3.857142857142857,7
2022-10-31,15-25,150-300nm,90.71428571428571,7
2022-10-31,15-25,50-150nm,18.857142857142858,7
2022-10-31,2-4,0-50nm,9.714285714285714,7
2022-10-31,2-4,150-300nm,8.714285714285714,7
2022-10-31,2-4,50-150nm,5.285714285714286,7
2022-10-31,4-6,0-50nm,10.142857142857142,7
2022-10-31,4-6,150-300nm,4.428571428571429,7
2022-10-31,4-6,50-150nm,4.571428571428571,7
2022-10-31,6-10,0-50nm,60.42857142857143,7
2022-10-31,6-10,150-300nm,31.428571428571427,7
2022-10-31,6-10,50-150nm,81.42857142857143,7
2022-10-31,<2,0-50nm,567.8571428571429,7
2022-10-31,<2,150-300nm,96.42857142857143,7
2022-10-31,<2,50-150nm,166.42857142857142,7
2022-10-31,>25,0-50nm,0.0,7
2022-10-31,>25,150-300nm,0.0,7
2022-10-31,>25,50-150nm,0.0,7
2022-11-07,10-15,0-50nm,18.142857142857142,7
2022-11-07,10-15,150-300nm,157.42857142857142,7
2022-11-07,10-15,50-150nm,48.714285714285715,7
2022-11-07,15-25,0-50nm,2.5714285714285716,7
2022-11-07,15-25,150-300nm,99.85714285714286,7
2022-11-07,15-25,50-150nm,21.0,7
2022-11-07,2-4,0-50nm,7.142857142857143,7
2022-11-07,2-4,150-300nm,5.285714285714286,7
2022-11-07,2-4,50-150nm,2.2857142857142856,7
2022-11-07,4-6,0-50nm,10.285714285714286,7
2022-11-07,4-6,150-300nm,1.8571428571428572,7
2022-11-07,4-6,50-150nm,4.142857142857143,7
2022-11-07,6-10,0-50nm,60.285714285714285,7
2022-11-07,6-10,150-300nm,37.42857142857143,7
2022-11-07,6-10,50-150nm,85.0,7
2022-11-07,<2,0-50nm,577.7142857142857,7
2022-11-07,<2,150-300nm,138.0,7
2022-11-07,<2,50-150nm,147.71428571428572,7
2022-11-07,>25,0-50nm,0.0,7
2022-11-07,>25,150-300nm,0.0,7
2022-11-07,>25,50-150nm,0.0,7
2022-11-14,10-15,0-50nm,19.285714285714285,7
2022-11-14,10-15,150-300nm,182.42857142857142,7
2022-11-14,10-15,50-150nm,60.857142857142854,7
2022-11-14,15-25,0-50nm,4.571428571428571,7
2022-11-14,15-25,150-300nm,81.57142857142857,7
2022-11-14,15-25,50-150nm,20.428571428571427,7
2022-11-14,2-4,0-50nm,5.428571428571429,7
2022-11-14,2-4,150-300nm,6.571428571428571,7
2022-11-14,2-4,50-150nm,5.142857142857143,7
2022-11-14,4-6,0-50nm,12.142857142857142,7
2022-11-14,4-6,150-300nm,2.142857142857143,7
2022-11-14,4-6,50-150nm,5.857142857142857,7
2022-11-14,6-10,0-50nm,63.714285714285715,7
2022-11-14,6-10,150-300nm,24.142857142857142,7
2022-11-14,6-10,50-150nm,92.85714285714286,7
2022-11-14,<2,0-50nm,606.1428571428571,7
2022-11-14,<2,150-300nm,135.28571428571428,7
2022-11-14,<2,50-150nm,148.42857142857142,7
2022-11-14,>25,0-50nm,0.0,7
2022-11-14,>25,150-300nm,0.0,7
2022-11-14,>25,50-150nm,0.0,7
2022-11-21,10-15,0-50nm,25.428571428571427,7
2022-11-21,10-15,150-300nm,178.57142857142858,7
2022-11-21,10-15,50-150nm,63.857142857142854,7
2022-11-21,15-25,0-50nm,2.857142857142857,7
2022-11-21,15-25,150-300nm,91.85714285714286,7
2022-11-21,15-25,50-150nm,26.714285714285715,7
2022-11-21,2-4,0-50nm,6.142857142857143,7
2022-11-21,2-4,150-300nm,2.2857142857142856,7
2022-11-21,2-4,50-150nm,3.142857142857143,7
2022-11-21,4-6,0-50nm,9.571428571428571,7
2022-11-21,4-6,150-300nm,1.5714285714285714,7
2022-11-21,4-6,50-150nm,5.428571428571429,7
2022-11-21,6-10,0-50nm,56.857142857142854,7
2022-11-21,6-10,150-300nm,26.0,7
2022-11-21,6-10,50-150nm,77.42857142857143,7
2022-11-21,<2,0-50nm,556.7142857142857,7
2022-11-21,<2,150-300nm,165.57142857142858,7
2022-11-21,<2,50-150nm,105.0,7
2022-11-21,>25,0-50nm,0.0,7
2022-11-21,>25,150-300nm,0.0,7
2022-11-21,>25,50-150nm,0.0,7
2022-11-28,10-15,0-50nm,19.0,7
2022-11-28,10-15,150-300nm,169.85714285714286,7
2022-11-28,10-15,50-150nm,63.0,7
2022-11-28,15-25,0-50nm,2.5714285714285716,7
2022-11-28,15-25,150-300nm,93.0,7
2022-11-28,15-25,50-150nm,22.285714285714285,7
2022-11-28,2-4,0-50nm,5.142857142857143,7
2022-11-28,2-4,150-300nm,9.428571428571429,7
2022-11-28,2-4,50-150nm,1.8571428571428572,7
2022-11-28,4-6,0-50nm,8.428571428571429,7
2022-11-28,4-6,150-300nm,9.142857142857142,7
2022-11-28,4-6,50-150nm,2.7142857142857144,7
2022-11-28,6-10,0-50nm,57.714285714285715,7
2022-11-28,6-10,150-300nm,40.42857142857143,7
2022-11-28,6-10,50-150nm,92.42857142857143,7
2022-11-28,<2,0-50nm,591.8571428571429,7
2022-11-28,<2,150-300nm,91.57142857142857,7
2022-11-28,<2,50-150nm,57.42857142857143,7
2022-11-28,>25,0-50nm,0.0,7
2022-11-28,>25,150-300nm,0.2857142857142857,7
2022-11-28,>25,50-150nm,0.2857142857142857,7
2022-12-05,10-15,0-50nm,23.142857142857142,7
2022-12-05,10-15,150-300nm,156.85714285714286,7
2022-12-05,10-15,50-150nm,70.0,7
2022-12-05,15-25,0-50nm,2.7142857142857144,7
2022-12-05,15-25,150-300nm,121.0,7
2022-12-05,15-25,50-150nm,26.428571428571427,7
2022-12-05,2-4,0-50nm,5.428571428571429,7
2022-12-05,2-4,150-300nm,2.4285714285714284,7
2022-12-05,2-4,50-150nm,2.857142857142857,7
2022-12-05,4-6,0-50nm,10.571428571428571,7
2022-12-05,4-6,150-300nm,2.2857142857142856,7
2022-12-05,4-6,50-150nm,3.5714285714285716,7
2022-12-05,6-10,0-50nm,63.142857142857146,7
2022-12-05,6-10,150-300nm,19.571428571428573,7
2022-12-05,6-10,50-150nm,81.0,7
2022-12-05,<2,0-50nm,645.4285714285714,7
2022-12-05,<2,150-300nm,108.85714285714286,7
2022-12-05,<2,50-150nm,139.57142857142858,7
2022-12-05,>25,0-50nm,0.0,7
2022-12-05,>25,150-300nm,0.0,7
2022-12-05,>25,50-150nm,0.0,7
2022-12-12,10-15,0-50nm,27.285714285714285,7
2022-12-12,10-15,150-300nm,177.28571428571428,7
2022-12-12,10-15,50-150nm,78.28571428571429,7
2022-12-12,15-25,0-50nm,4.0,7
2022-12-12,15-25,150-300nm,95.71428571428571,7
2022-12-12,15-25,50-150nm,24.428571428571427,7
2022-12-12,2-4,0-50nm,5.285714285714286,7
2022-12-12,2-4,150-300nm,3.2857142857142856,7
2022-12-12,2-4,50-150nm,5.428571428571429,7
2022-12-12,4-6,0-50nm,13.428571428571429,7
2022-12-12,4-6,150-300nm,1.8571428571428572,7
2022-12-12,4-6,50-150nm,4.428571428571429,7
2022-12-12,6-10,0-50nm,56.857142857142854,7
2022-12-12,6-10,150-300nm,33.285714285714285,7
2022-12-12,6-10,50-150nm,65.14285714285714,7
2022-12-12,<2,0-50nm,655.1428571428571,7
2022-12-12,<2,150-300nm,124.0,7
2022-12-12,<2,50-150nm,88.57142857142857,7
2022-12-12,>25,0-50nm,0.0,7
2022-12-12,>25,150-300nm,0.0,7
2022-12-12,>25,50-150nm,0.0,7
2022-12-19,10-15,0-50nm,33.0,7
2022-12-19,10-15,150-300nm,140.28571428571428,7
2022-12-19,10-15,50-150nm,83.71428571428571,7
2022-12-19,15-25,0-50nm,3.4285714285714284,7
2022-12-19,15-25,150-300nm,89.71428571428571,7
2022-12-19,15-25,50-150nm,30.857142857142858,7
2022-12-19,2-4,0-50nm,5.0,7
2022-12-19,2-4,150-300nm,2.0,7
2022-12-19,2-4,50-150nm,3.2857142857142856,7
2022-12-19,4-6,0-50nm,6.0,7
2022-12-19,4-6,150-300nm,1.1428571428571428,7
2022-12-19,4-6,50-150nm,3.4285714285714284,7
2022-12-19,6-10,0-50nm,26.857142857142858,7
2022-12-19,6-10,150-300nm,10.428571428571429,7
2022-12-19,6-10,50-150nm,22.285714285714285,7
2022-12-19,<2,0-50nm,599.4285714285714,7
2022-12-19,<2,150-300nm,88.14285714285714,7
2022-12-19,<2,50-150nm,116.85714285714286,7
2022-12-19,>25,0-50nm,0.0,7
2022-12-19,>25,150-300nm,0.0,7
2022-12-19,>25,50-150nm,0.0,7
2022-12-26,10-15,0-50nm,34.333333333333336,6
2022-12-26,10-15,150-300nm,149.0,6
2022-12-26,10-15,50-150nm,68.16666666666667,6
2022-12-26,15-25,0-50nm,4.0,6
2022-12-26,15-25,150-300nm,84.33333333333333,6
2022-12-26,15-25,50-150nm,29.333333333333332,6
2022-12-26,2-4,0-50nm,9.333333333333334,6
2022-12-26,2-4,150-300nm,9.166666666666666,6
2022-12-26,2-4,50-150nm,1.6666666666666667,6
2022-12-26,4-6,0-50nm,8.5,6
2022-12-26,4-6,150-300nm,1.8333333333333333,6
2022-12-26,4-6,50-150nm,3.0,6
2022-12-26,6-10,0-50nm,38.333333333333336,6
2022-12-26,6-10,150-300nm,22.333333333333332,6
2022-12-26,6-10,50-150nm,31.666666666666668,6
2022-12-26,<2,0-50nm,757.5,6
2022-12-26,<2,150-300nm,92.5,6
2022-12-26,<2,50-150nm,68.83333333333333,6
2022-12-26,>25,0-50nm,0.0,6
2022-12-26,>25,150-300nm,0.0,6
2022-12-26,>25,50-150nm,0.0,6
2023-01-02,10-15,0-50nm,34.0,7
2023-01-02,10-15,150-300nm,128.42857142857142,7
2023-01-02,10-15,50-150nm,82.0,7
2023-01-02,15-25,0-50nm,4.142857142857143,7
2023-01-02,15-25,150-300nm,55.857142857142854,7
2023-01-02,15-25,50-150nm,23.714285714285715,7
2023-01-02,2-4,0-50nm,14.571428571428571,7
2023-01-02,2-4,150-300nm,12.571428571428571,7
2023-01-02,2-4,50-150nm,8.714285714285714,7
2023-01-02,4-6,0-50nm,12.428571428571429,7
2023-01-02,4-6,150-300nm,8.571428571428571,7
2023-01-02,4-6,50-150nm,5.285714285714286,7
2023-01-02,6-10,0-50nm,40.142857142857146,7
2023-01-02,6-10,150-300nm,36.714285714285715,7
2023-01-02,6-10,50-150nm,39.857142857142854,7
2023-01-02,<2,0-50nm,749.5714285714286,7
2023-01-02,<2,150-300nm,154.57142857142858,7
2023-01-02,<2,50-150nm,101.14285714285714,7
2023-01-02,>25,0-50nm,0.0,7
2023-01-02,>25,150-300nm,0.0,7
2023-01-02,>25,50-150nm,0.0,7
2023-01-09,10-15,0-50nm,34.142857142857146,7
2023-01-09,10-15,150-300nm,167.14285714285714,7
2023-01-09,10-15,50-150nm,79.57142857142857,7
2023-01-09,15-25,0-50nm,3.0,7
2023-01-09,15-25,150-300nm,66.28571428571429,7
2023-01-09,15-25,50-150nm,22.714285714285715,7
2023-01-09,2-4,0-50nm,24.285714285714285,7
2023-01-09,2-4,150-300nm,3.4285714285714284,7
2023-01-09,2-4,50-150nm,6.857142857142857,7
2023-01-09,4-6,0-50nm,13.0,7
2023-01-09,4-6,150-300nm,5.285714285714286,7
2023-01-09,4-6,50-150nm,4.714285714285714,7
2023-01-09,6-10,0-50nm,36.285714285714285,7
2023-01-09,6-10,150-300nm,58.142857142857146,7
2023-01-09,6-10,50-150nm,38.285714285714285,7
2023-01-09,<2,0-50nm,658.0,7
2023-01-09,<2,150-300nm,104.14285714285714,7
2023-01-09,<2,50-150nm,122.57142857142857,7
2023-01-09,>25,0-50nm,0.0,7
2023-01-09,>25,150-300nm,0.0,7
2023-01-09,>25,50-150nm,0.0,7
2023-01-16,10-15,0-50nm,34.142857142857146,7
2023-01-16,10-15,150-300nm,195.57142857142858,7
2023-01-16,10-15,50-150nm,85.0,7
2023-01-16,15-25,0-50nm,3.5714285714285716,7
2023-01-16,15-25,150-300nm,58.0,7
2023-01-16,15-25,50-150nm,20.428571428571427,7
2023-01-16,2-4,0-50nm,9.285714285714286,7
2023-01-16,2-4,150-300nm,3.142857142857143,7
2023-01-16,2-4,50-150nm,7.142857142857143,7
2023-01-16,4-6,0-50nm,8.857142857142858,7
2023-01-16,4-6,150-300nm,2.2857142857142856,7
2023-01-16,4-6,50-150nm,4.571428571428571,7
2023-01-16,6-10,0-50nm,34.714285714285715,7
2023-01-16,6-10,150-300nm,49.42857142857143,7
2023-01-16,6-10,50-150nm,42.0,7
2023-01-16,<2,0-50nm,714.1428571428571,7
2023-01-16,<2,150-300nm,115.85714285714286,7
2023-01-16,<2,50-150nm,128.57142857142858,7
2023-01-16,>25,0-50nm,0.0,7
2023-01-16,>25,150-300nm,0.0,7
2023-01-16,>25,50-150nm,0.0,7
2023-01-23,10-15,0-50nm,49.57142857142857,7
2023-01-23,10-15,150-300nm,242.42857142857142,7
2023-01-23,10-15,50-150nm,110.71428571428571,7
2023-01-23,15-25,0-50nm,3.7142857142857144,7
2023-01-23,15-25,150-300nm,74.85714285714286,7
2023-01-23,15-25,50-150nm,32.714285714285715,7
2023-01-23,2-4,0-50nm,6.857142857142857,7
2023-01-23,2-4,150-300nm,15.285714285714286,7
2023-01-23,2-4,50-150nm,3.2857142857142856,7
2023-01-23,4-6,0-50nm,9.571428571428571,7
2023-01-23,4-6,150-300nm,4.0,7
2023-01-23,4-6,50-150nm,3.7142857142857144,7
2023-01-23,6-10,0-50nm,40.714285714285715,7
2023-01-23,6-10,150-300nm,36.857142857142854,7
2023-01-23,6-10,50-150nm,40.285714285714285,7
2023-01-23,<2,0-50nm,728.1428571428571,7
2023-01-23,<2,150-300nm,132.42857142857142,7
2023-01-23,<2,50-150nm,80.71428571428571,7
2023-01-23,>25,0-50nm,0.0,7
2023-01-23,>25,150-300nm,0.0,7
2023-01-23,>25,50-150nm,0.0,7
2023-01-30,10-15,0-50nm,27.428571428571427,7
2023-01-30,10-15,150-300nm,184.57142857142858,7
2023-01-30,10-15,50-150nm,75.85714285714286,7
2023-01-30,15-25,0-50nm,2.5714285714285716,7
2023-01-30,15-25,150-300nm,61.142857142857146,7
2023-01-30,15-25,50-150nm,21.857142857142858,7
2023-01-30,2-4,0-50nm,3.142857142857143,7
2023-01-30,2-4,150-300nm,5.142857142857143,7
2023-01-30,2-4,50-150nm,1.2857142857142858,7
2023-01-30,4-6,0-50nm,5.285714285714286,7
2023-01-30,4-6,150-300nm,3.7142857142857144,7
2023-01-30,4-6,50-150nm,0.42857142857142855,7
2023-01-30,6-10,0-50nm,28.0,7
2023-01-30,6-10,150-300nm,28.857142857142858,7
2023-01-30,6-10,50-150nm,26.142857142857142,7
2023-01-30,<2,0-50nm,633.4285714285714,7
2023-01-30,<2,150-300nm,172.71428571428572,7
2023-01-30,<2,50-150nm,48.42857142857143,7
2023-01-30,>25,0-50nm,0.0,7
2023-01-30,>25,150-300nm,0.0,7
2023-01-30,>25,50-150nm,0.0,7
2023-02-06,10-15,0-50nm,44.857142857142854,7
2023-02-06,10-15,150-300nm,189.14285714285714,7
2023-02-06,10-15,50-150nm,102.85714285714286,7
2023-02-06,15-25,0-50nm,3.2857142857142856,7
2023-02-06,15-25,150-300nm,68.57142857142857,7
2023-02-06,15-25,50-150nm,25.142857142857142,7
2023-02-06,2-4,0-50nm,6.571428571428571,7
2023-02-06,2-4,150-300nm,12.428571428571429,7
2023-02-06,2-4,50-150nm,2.0,7
2023-02-06,4-6,0-50nm,8.285714285714286,7
2023-02-06,4-6,150-300nm,4.0,7
2023-02-06,4-6,50-150nm,3.0,7
2023-02-06,6-10,0-50nm,35.714285714285715,7
2023-02-06,6-10,150-300nm,45.42857142857143,7
2023-02-06,6-10,50-150nm,33.285714285714285,7
2023-02-06,<2,0-50nm,585.1428571428571,7
2023-02-06,<2,150-300nm,91.14285714285714,7
2023-02-06,<2,50-150nm,81.42857142857143,7
2023-02-06,>25,0-50nm,0.0,7
2023-02-06,>25,150-300nm,0.0,7
2023-02-06,>25,50-150nm,0.0,7
2023-02-13,10-15,0-50nm,39.42857142857143,7
2023-02-13,10-15,150-300nm,143.85714285714286,7
2023-02-13,10-15,50-150nm,85.14285714285714,7
2023-02-13,15-25,0-50nm,3.0,7
2023-02-13,15-25,150-300nm,57.142857142857146,7
2023-02-13,15-25,50-150nm,25.142857142857142,7
2023-02-13,2-4,0-50nm,6.857142857142857,7
2023-02-13,2-4,150-300nm,4.714285714285714,7
2023-02-13,2-4,50-150nm,2.857142857142857,7
2023-02-13,4-6,0-50nm,9.285714285714286,7
2023-02-13,4-6,150-300nm,12.142857142857142,7
2023-02-13,4-6,50-150nm,8.285714285714286,7
2023-02-13,6-10,0-50nm,28.142857142857142,7
2023-02-13,6-10,150-300nm,41.857142857142854,7
2023-02-13,6-10,50-150nm,25.714285714285715,7
2023-02-13,<2,0-50nm,578.4285714285714,7
2023-02-13,<2,150-300nm,65.71428571428571,7
2023-02-13,<2,50-150nm,67.71428571428571,7
2023-02-13,>25,0-50nm,0.0,7
2023-02-13,>25,150-300nm,0.0,7
2023-02-13,>25,50-150nm,0.0,7
2023-02-20,10-15,0-50nm,27.571428571428573,7
2023-02-20,10-15,150-300nm,146.14285714285714,7
2023-02-20,10-15,50-150nm,72.28571428571429,7
2023-02-20,15-25,0-50nm,3.857142857142857,7
2023-02-20,15-25,150-300nm,56.285714285714285,7
2023-02-20,15-25,50-150nm,21.285714285714285,7
2023-02-20,2-4,0-50nm,19.0,7
2023-02-20,2-4,150-300nm,10.714285714285714,7
2023-02-20,2-4,50-150nm,10.857142857142858,7
2023-02-20,4-6,0-50nm,13.142857142857142,7
2023-02-20,4-6,150-300nm,7.142857142857143,7
2023-02-20,4-6,50-150nm,7.0,7
2023-02-20,6-10,0-50nm,30.0,7
2023-02-20,6-10,150-300nm,58.42857142857143,7
2023-02-20,6-10,50-150nm,38.285714285714285,7
2023-02-20,<2,0-50nm,396.7142857142857,7
2023-02-20,<2,150-300nm,70.28571428571429,7
2023-02-20,<2,50-150nm,108.85714285714286,7
2023-02-20,>25,0-50nm,0.0,7
2023-02-20,>25,150-300nm,0.0,7
2023-02-20,>25,50-150nm,0.0,7
2023-02-27,10-15,0-50nm,32.142857142857146,7
2023-02-27,10-15,150-300nm,176.85714285714286,7
2023-02-27,10-15,50-150nm,87.28571428571429,7
2023-02-27,15-25,0-50nm,3.0,7
2023-02-27,15-25,150-300nm,61.714285714285715,7
2023-02-27,15-25,50-150nm,23.0,7
2023-02-27,2-4,0-50nm,2.857142857142857,7
2023-02-27,2-4,150-300nm,16.714285714285715,7
2023-02-27,2-4,50-150nm,14.714285714285714,7
2023-02-27,4-6,0-50nm,6.0,7
2023-02-27,4-6,150-300nm,13.428571428571429,7
2023-02-27,4-6,50-150nm,10.857142857142858,7
2023-02-27,6-10,0-50nm,30.571428571428573,7
2023-02-27,6-10,150-300nm,62.857142857142854,7
2023-02-27,6-10,50-150nm,36.142857142857146,7
2023-02-27,<2,0-50nm,401.42857142857144,7
2023-02-27,<2,150-300nm,78.28571428571429,7
2023-02-27,<2,50-150nm,140.0,7
2023-02-27,>25,0-50nm,0.0,7
2023-02-27,>25,150-300nm,0.0,7
2023-02-27,>25,50-150nm,0.0,7
2023-03-06,10-15,0-50nm,38.857142857142854,7
2023-03-06,10-15,150-300nm,174.0,7
2023-03-06,10-15,50-150nm,87.85714285714286,7
2023-03-06,15-25,0-50nm,2.5714285714285716,7
2023-03-06,15-25,150-300nm,79.0,7
2023-03-06,15-25,50-150nm,24.571428571428573,7
2023-03-06,2-4,0-50nm,4.0,7
2023-03-06,2-4,150-300nm,5.714285714285714,7
2023-03-06,2-4,50-150nm,1.4285714285714286,7
2023-03-06,4-6,0-50nm,9.428571428571429,7
2023-03-06,4-6,150-300nm,6.285714285714286,7
2023-03-06,4-6,50-150nm,3.5714285714285716,7
2023-03-06,6-10,0-50nm,27.0,7
2023-03-06,6-10,150-300nm,33.714285714285715,7
2023-03-06,6-10,50-150nm,25.428571428571427,7
2023-03-06,<2,0-50nm,505.57142857142856,7
2023-03-06,<2,150-300nm,119.14285714285714,7
2023-03-06,<2,50-150nm,107.0,7
2023-03-06,>25,0-50nm,0.0,7
2023-03-06,>25,150-300nm,0.0,7
2023-03-06,>25,50-150nm,0.0,7
2023-03-13,10-15,0-50nm,37.42857142857143,7
2023-03-13,10-15,150-300nm,191.42857142857142,7
2023-03-13,10-15,50-150nm,86.42857142857143,7
2023-03-13,15-25,0-50nm,2.142857142857143,7
2023-03-13,15-25,150-300nm,76.14285714285714,7
2023-03-13,15-25,50-150nm,21.285714285714285,7
2023-03-13,2-4,0-50nm,4.714285714285714,7
2023-03-13,2-4,150-300nm,2.0,7
2023-03-13,2-4,50-150nm,2.857142857142857,7
2023-03-13,4-6,0-50nm,8.857142857142858,7
2023-03-13,4-6,150-300nm,2.142857142857143,7
2023-03-13,4-6,50-150nm,5.714285714285714,7
2023-03-13,6-10,0-50nm,36.714285714285715,7
2023-03-13,6-10,150-300nm,30.142857142857142,7
2023-03-13,6-10,50-150nm,30.428571428571427,7
2023-03-13,<2,0-50nm,524.8571428571429,7
2023-03-13,<2,150-300nm,65.85714285714286,7
2023-03-13,<2,50-150nm,105.0,7
2023-03-13,>25,0-50nm,0.0,7
2023-03-13,>25,150-300nm,0.0,7
2023-03-13,>25,50-150nm,0.0,7
2023-03-20,10-15,0-50nm,30.857142857142858,7
2023-03-20,10-15,150-300nm,172.14285714285714,7
2023-03-20,10-15,50-150nm,69.57142857142857,7
2023-03-20,15-25,0-50nm,3.142857142857143,7
2023-03-20,15-25,150-300nm,93.28571428571429,7
2023-03-20,15-25,50-150nm,25.857142857142858,7
2023-03-20,2-4,0-50nm,6.857142857142857,7
2023-03-20,2-4,150-300nm,6.857142857142857,7
2023-03-20,2-4,50-150nm,8.428571428571429,7
2023-03-20,4-6,0-50nm,15.0,7
2023-03-20,4-6,150-300nm,7.571428571428571,7
2023-03-20,4-6,50-150nm,9.571428571428571,7
2023-03-20,6-10,0-50nm,43.0,7
2023-03-20,6-10,150-300nm,61.857142857142854,7
2023-03-20,6-10,50-150nm,67.57142857142857,7
2023-03-20,<2,0-50nm,590.7142857142857,7
2023-03-20,<2,150-300nm,104.57142857142857,7
2023-03-20,<2,50-150nm,123.42857142857143,7
2023-03-20,>25,0-50nm,0.0,7
2023-03-20,>25,150-300nm,0.0,7
2023-03-20,>25,50-150nm,0.0,7
2023-03-27,10-15,0-50nm,37.42857142857143,7
2023-03-27,10-15,150-300nm,171.42857142857142,7
2023-03-27,10-15,50-150nm,83.57142857142857,7
2023-03-27,15-25,0-50nm,1.2857142857142858,7
2023-03-27,15-25,150-300nm,68.85714285714286,7
2023-03-27,15-25,50-150nm,22.714285714285715,7
2023-03-27,2-4,0-50nm,6.142857142857143,7
2023-03-27,2-4,150-300nm,7.285714285714286,7
2023-03-27,2-4,50-150nm,4.142857142857143,7
2023-03-27,4-6,0-50nm,8.857142857142858,7
2023-03-27,4-6,150-300nm,4.571428571428571,7
2023-03-27,4-6,50-150nm,5.714285714285714,7
2023-03-27,6-10,0-50nm,33.714285714285715,7
2023-03-27,6-10,150-300nm,44.285714285714285,7
2023-03-27,6-10,50-150nm,32.142857142857146,7
2023-03-27,<2,0-50nm,461.57142857142856,7
2023-03-27,<2,150-300nm,85.0,7
2023-03-27,<2,50-150nm,101.57142857142857,7
2023-03-27,>25,0-50nm,0.0,7
2023-03-27,>25,150-300nm,0.0,7
2023-03-27,>25,50-150nm,0.0,7
2023-04-03,10-15,0-50nm,39.42857142857143,7
2023-04-03,10-15,150-300nm,212.42857142857142,7
2023-04-03,10-15,50-150nm,99.85714285714286,7
2023-04-03,15-25,0-50nm,3.0,7
2023-04-03,15-25,150-300nm,81.14285714285714,7
2023-04-03,15-25,50-150nm,20.714285714285715,7
2023-04-03,2-4,0-50nm,6.714285714285714,7
2023-04-03,2-4,150-300nm,20.571428571428573,7
2023-04-03,2-4,50-150nm,7.571428571428571,7
2023-04-03,4-6,0-50nm,11.142857142857142,7
2023-04-03,4-6,150-300nm,6.428571428571429,7
2023-04-03,4-6,50-150nm,3.4285714285714284,7
2023-04-03,6-10,0-50nm,36.142857142857146,7
2023-04-03,6-10,150-300nm,60.42857142857143,7
2023-04-03,6-10,50-150nm,30.142857142857142,7
2023-04-03,<2,0-50nm,549.8571428571429,7
2023-04-03,<2,150-300nm,76.42857142857143,7
2023-04-03,<2,50-150nm,93.57142857142857,7
2023-04-03,>25,0-50nm,0.0,7
2023-04-03,>25,150-300nm,0.0,7
2023-04-03,>25,50-150nm,0.0,7
2023-04-10,10-15,0-50nm,35.42857142857143,7
2023-04-10,10-15,150-300nm,148.28571428571428,7
2023-04-10,10-15,50-150nm,70.85714285714286,7
2023-04-10,15-25,0-50nm,1.8571428571428572,7
2023-04-10,15-25,150-300nm,82.42857142857143,7
2023-04-10,15-25,50-150nm,24.857142857142858,7
2023-04-10,2-4,0-50nm,3.857142857142857,7
2023-04-10,2-4,150-300nm,6.714285714285714,7
2023-04-10,2-4,50-150nm,4.428571428571429,7
2023-04-10,4-6,0-50nm,8.142857142857142,7
2023-04-10,4-6,150-300nm,6.0,7
2023-04-10,4-6,50-150nm,3.142857142857143,7
2023-04-10,6-10,0-50nm,40.0,7
2023-04-10,6-10,150-300nm,47.42857142857143,7
2023-04-10,6-10,50-150nm,40.857142857142854,7
2023-04-10,<2,0-50nm,582.8571428571429,7
2023-04-10,<2,150-300nm,69.14285714285714,7
2023-04-10,<2,50-150nm,62.714285714285715,7
2023-04-10,>25,0-50nm,0.0,7
2023-04-10,>25,150-300nm,0.0,7
2023-04-10,>25,50-150nm,0.0,7
2023-04-17,10-15,0-50nm,36.42857142857143,7
2023-04-17,10-15,150-300nm,182.0,7
2023-04-17,10-15,50-150nm,84.57142857142857,7
2023-04-17,15-25,0-50nm,2.0,7
2023-04-17,15-25,150-300nm,92.57142857142857,7
2023-04-17,15-25,50-150nm,25.428571428571427,7
2023-04-17,2-4,0-50nm,6.142857142857143,7
2023-04-17,2-4,150-300nm,7.428571428571429,7
2023-04-17,2-4,50-150nm,2.2857142857142856,7
2023-04-17,4-6,0-50nm,8.714285714285714,7
2023-04-17,4-6,150-300nm,9.857142857142858,7
2023-04-17,4-6,50-150nm,7.714285714285714,7
2023-04-17,6-10,0-50nm,37.142857142857146,7
2023-04-17,6-10,150-300nm,63.0,7
2023-04-17,6-10,50-150nm,41.142857142857146,7
2023-04-17,<2,0-50nm,539.1428571428571,7
2023-04-17,<2,150-300nm,47.0,7
2023-04-17,<2,50-150nm,97.57142857142857,7
2023-04-17,>25,0-50nm,0.0,7
2023-04-17,>25,150-300nm,0.0,7
2023-04-17,>25,50-150nm,0.0,7
2023-04-24,10-15,0-50nm,40.285714285714285,7
2023-04-24,10-15,150-300nm,206.28571428571428,7
2023-04-24,10-15,50-150nm,93.0,7
2023-04-24,15-25,0-50nm,2.142857142857143,7
2023-04-24,15-25,150-300nm,91.42857142857143,7
2023-04-24,15-25,50-150nm,21.0,7
2023-04-24,2-4,0-50nm,5.428571428571429,7
2023-04-24,2-4,150-300nm,4.142857142857143,7
2023-04-24,2-4,50-150nm,2.2857142857142856,7
2023-04-24,4-6,0-50nm,8.428571428571429,7
2023-04-24,4-6,150-300nm,1.7142857142857142,7
2023-04-24,4-6,50-150nm,3.5714285714285716,7
2023-04-24,6-10,0-50nm,33.142857142857146,7
2023-04-24,6-10,150-300nm,25.857142857142858,7
2023-04-24,6-10,50-150nm,31.714285714285715,7
2023-04-24,<2,0-50nm,534.1428571428571,7
2023-04-24,<2,150-300nm,83.71428571428571,7
2023-04-24,<2,50-150nm,138.71428571428572,7
2023-04-24,>25,0-50nm,0.0,7
2023-04-24,>25,150-300nm,0.0,7
2023-04-24,>25,50-150nm,0.0,7
2023-05-01,10-15,0-50nm,21.714285714285715,7
2023-05-01,10-15,150-300nm,204.71428571428572,7
2023-05-01,10-15,50-150nm,70.57142857142857,7
2023-05-01,15-25,0-50nm,3.0,7
2023-05-01,15-25,150-300nm,89.0,7
2023-05-01,15-25,50-150nm,23.428571428571427,7
2023-05-01,2-4,0-50nm,6.571428571428571,7
2023-05-01,2-4,150-300nm,3.142857142857143,7
2023-05-01,2-4,50-150nm,3.4285714285714284,7
2023-05-01,4-6,0-50nm,9.428571428571429,7
2023-05-01,4-6,150-300nm,1.4285714285714286,7
2023-05-01,4-6,50-150nm,4.142857142857143,7
2023-05-01,6-10,0-50nm,60.142857142857146,7
2023-05-01,6-10,150-300nm,42.285714285714285,7
2023-05-01,6-10,50-150nm,77.42857142857143,7
2023-05-01,<2,0-50nm,467.14285714285717,7
2023-05-01,<2,150-300nm,75.85714285714286,7
2023-05-01,<2,50-150nm,129.42857142857142,7
2023-05-01,>25,0-50nm,0.0,7
2023-05-01,>25,150-300nm,0.0,7
2023-05-01,>25,50-150nm,0.0,7
2023-05-08,10-15,0-50nm,18.857142857142858,7
2023-05-08,10-15,150-300nm,222.14285714285714,7
2023-05-08,10-15,50-150nm,51.57142857142857,7
2023-05-08,15-25,0-50nm,2.2857142857142856,7
2023-05-08,15-25,150-300nm,84.28571428571429,7
2023-05-08,15-25,50-150nm,17.857142857142858,7
2023-05-08,2-4,0-50nm,6.285714285714286,7
2023-05-08,2-4,150-300nm,3.4285714285714284,7
2023-05-08,2-4,50-150nm,2.0,7
2023-05-08,4-6,0-50nm,6.428571428571429,7
2023-05-08,4-6,150-300nm,1.5714285714285714,7
2023-05-08,4-6,50-150nm,1.0,7
2023-05-08,6-10,0-50nm,56.714285714285715,7
2023-05-08,6-10,150-300nm,28.857142857142858,7
2023-05-08,6-10,50-150nm,76.57142857142857,7
2023-05-08,<2,0-50nm,509.14285714285717,7
2023-05-08,<2,150-300nm,140.71428571428572,7
2023-05-08,<2,50-150nm,101.57142857142857,7
2023-05-08,>25,0-50nm,0.0,7
2023-05-08,>25,150-300nm,0.0,7
2023-05-08,>25,50-150nm,0.0,7
2023-05-15,10-15,0-50nm,23.428571428571427,7
2023-05-15,10-15,150-300nm,224.28571428571428,7
2023-05-15,10-15,50-150nm,69.14285714285714,7
2023-05-15,15-25,0-50nm,2.4285714285714284,7
2023-05-15,15-25,150-300nm,91.57142857142857,7
2023-05-15,15-25,50-150nm,15.428571428571429,7
2023-05-15,2-4,0-50nm,5.428571428571429,7
2023-05-15,2-4,150-300nm,6.571428571428571,7
2023-05-15,2-4,50-150nm,3.2857142857142856,7
2023-05-15,4-6,0-50nm,7.428571428571429,7
2023-05-15,4-6,150-300nm,3.142857142857143,7
2023-05-15,4-6,50-150nm,4.285714285714286,7
2023-05-15,6-10,0-50nm,55.42857142857143,7
2023-05-15,6-10,150-300nm,36.0,7
2023-05-15,6-10,50-150nm,72.14285714285714,7
2023-05-15,<2,0-50nm,517.4285714285714,7
2023-05-15,<2,150-300nm,77.0,7
2023-05-15,<2,50-150nm,94.85714285714286,7
2023-05-15,>25,0-50nm,0.0,7
2023-05-15,>25,150-300nm,0.0,7
2023-05-15,>25,50-150nm,0.0,7
2023-05-22,10-15,0-50nm,17.285714285714285,7
2023-05-22,10-15,150-300nm,229.0,7
2023-05-22,10-15,50-150nm,56.57142857142857,7
2023-05-22,15-25,0-50nm,2.2857142857142856,7
2023-05-22,15-25,150-300nm,109.71428571428571,7
2023-05-22,15-25,50-150nm,17.571428571428573,7
2023-05-22,2-4,0-50nm,4.285714285714286,7
2023-05-22,2-4,150-300nm,0.7142857142857143,7
2023-05-22,2-4,50-150nm,3.4285714285714284,7
2023-05-22,4-6,0-50nm,7.714285714285714,7
2023-05-22,4-6,150-300nm,3.857142857142857,7
2023-05-22,4-6,50-150nm,2.2857142857142856,7
2023-05-22,6-10,0-50nm,59.857142857142854,7
2023-05-22,6-10,150-300nm,51.714285714285715,7
2023-05-22,6-10,50-150nm,82.85714285714286,7
2023-05-22,<2,0-50nm,444.57142857142856,7
2023-05-22,<2,150-300nm,53.857142857142854,7
2023-05-22,<2,50-150nm,74.85714285714286,7
2023-05-22,>25,0-50nm,0.0,7
2023-05-22,>25,150-300nm,0.0,7
2023-05-22,>25,50-150nm,0.0,7
2023-05-29,10-15,0-50nm,13.0,7
2023-05-29,10-15,150-300nm,213.0,7
2023-05-29,10-15,50-150nm,70.57142857142857,7
2023-05-29,15-25,0-50nm,2.2857142857142856,7
2023-05-29,15-25,150-300nm,92.71428571428571,7
2023-05-29,15-25,50-150nm,14.142857142857142,7
2023-05-29,2-4,0-50nm,4.571428571428571,7
2023-05-29,2-4,150-300nm,10.0,7
2023-05-29,2-4,50-150nm,3.142857142857143,7
2023-05-29,4-6,0-50nm,6.714285714285714,7
2023-05-29,4-6,150-300nm,6.571428571428571,7
2023-05-29,4-6,50-150nm,2.4285714285714284,7
2023-05-29,6-10,0-50nm,53.57142857142857,7
2023-05-29,6-10,150-300nm,49.714285714285715,7
2023-05-29,6-10,50-150nm,83.28571428571429,7
2023-05-29,<2,0-50nm,488.85714285714283,7
2023-05-29,<2,150-300nm,95.85714285714286,7
2023-05-29,<2,50-150nm,112.57142857142857,7
2023-05-29,>25,0-50nm,0.0,7
2023-05-29,>25,150-300nm,0.0,7
2023-05-29,>25,50-150nm,0.0,7
2023-06-05,10-15,0-50nm,14.714285714285714,7
2023-06-05,10-15,150-300nm,159.28571428571428,7
2023-06-05,10-15,50-150nm,49.0,7
2023-06-05,15-25,0-50nm,3.7142857142857144,7
2023-06-05,15-25,150-300nm,124.85714285714286,7
2023-06-05,15-25,50-150nm,16.571428571428573,7
2023-06-05,2-4,0-50nm,5.142857142857143,7
2023-06-05,2-4,150-300nm,2.142857142857143,7
2023-06-05,2-4,50-150nm,3.142857142857143,7
2023-06-05,4-6,0-50nm,7.142857142857143,7
2023-06-05,4-6,150-300nm,3.4285714285714284,7
2023-06-05,4-6,50-150nm,2.5714285714285716,7
2023-06-05,6-10,0-50nm,65.14285714285714,7
2023-06-05,6-10,150-300nm,57.285714285714285,7
2023-06-05,6-10,50-150nm,86.0,7
2023-06-05,<2,0-50nm,659.0,7
2023-06-05,<2,150-300nm,47.714285714285715,7
2023-06-05,<2,50-150nm,108.14285714285714,7
2023-06-05,>25,0-50nm,0.0,7
2023-06-05,>25,150-300nm,0.0,7
2023-06-05,>25,50-150nm,0.0,7
2023-06-12,10-15,0-50nm,14.714285714285714,7
2023-06-12,10-15,150-300nm,173.42857142857142,7
2023-06-12,10-15,50-150nm,48.42857142857143,7
2023-06-12,15-25,0-50nm,2.5714285714285716,7
2023-06-12,15-25,150-300nm,137.14285714285714,7
2023-06-12,15-25,50-150nm,17.571428571428573,7
2023-06-12,2-4,0-50nm,6.571428571428571,7
2023-06-12,2-4,150-300nm,9.0,7
2023-06-12,2-4,50-150nm,3.142857142857143,7
2023-06-12,4-6,0-50nm,12.285714285714286,7
2023-06-12,4-6,150-300nm,4.714285714285714,7
2023-06-12,4-6,50-150nm,2.4285714285714284,7
2023-06-12,6-10,0-50nm,74.71428571428571,7
2023-06-12,6-10,150-300nm,48.42857142857143,7
2023-06-12,6-10,50-150nm,104.42857142857143,7
2023-06-12,<2,0-50nm,672.1428571428571,7
2023-06-12,<2,150-300nm,65.42857142857143,7
2023-06-12,<2,50-150nm,93.57142857142857,7
2023-06-12,>25,0-50nm,0.0,7
2023-06-12,>25,150-300nm,0.0,7
2023-06-12,>25,50-150nm,0.0,7
2023-06-19,10-15,0-50nm,15.428571428571429,7
2023-06-19,10-15,150-300nm,172.85714285714286,7
2023-06-19,10-15,50-150nm,44.57142857142857,7
2023-06-19,15-25,0-50nm,2.142857142857143,7
2023-06-19,15-25,150-300nm,129.28571428571428,7
2023-06-19,15-25,50-150nm,13.714285714285714,7
2023-06-19,2-4,0-50nm,7.285714285714286,7
2023-06-19,2-4,150-300nm,20.285714285714285,7
2023-06-19,2-4,50-150nm,2.0,7
2023-06-19,4-6,0-50nm,11.428571428571429,7
2023-06-19,4-6,150-300nm,8.857142857142858,7
2023-06-19,4-6,50-150nm,3.4285714285714284,7
2023-06-19,6-10,0-50nm,66.42857142857143,7
2023-06-19,6-10,150-300nm,65.28571428571429,7
2023-06-19,6-10,50-150nm,96.0,7
2023-06-19,<2,0-50nm,583.0,7
2023-06-19,<2,150-300nm,54.42857142857143,7
2023-06-19,<2,50-150nm,76.14285714285714,7
2023-06-19,>25,0-50nm,0.0,7
2023-06-19,>25,150-300nm,0.0,7
2023-06-19,>25,50-150nm,0.0,7
2023-06-26,10-15,0-50nm,19.285714285714285,7
2023-06-26,10-15,150-300nm,241.57142857142858,7
2023-06-26,10-15,50-150nm,67.85714285714286,7
2023-06-26,15-25,0-50nm,2.857142857142857,7
2023-06-26,15-25,150-300nm,117.57142857142857,7
2023-06-26,15-25,50-150nm,19.428571428571427,7
2023-06-26,2-4,0-50nm,5.142857142857143,7
2023-06-26,2-4,150-300nm,39.57142857142857,7
2023-06-26,2-4,50-150nm,4.571428571428571,7
2023-06-26,4-6,0-50nm,11.428571428571429,7
2023-06-26,4-6,150-300nm,6.285714285714286,7
2023-06-26,4-6,50-150nm,2.7142857142857144,7
2023-06-26,6-10,0-50nm,75.57142857142857,7
2023-06-26,6-10,150-300nm,78.0,7
2023-06-26,6-10,50-150nm,111.0,7
2023-06-26,<2,0-50nm,605.1428571428571,7
2023-06-26,<2,150-300nm,97.57142857142857,7
2023-06-26,<2,50-150nm,125.0,7
2023-06-26,>25,0-50nm,0.0,7
2023-06-26,>25,150-300nm,0.0,7
2023-06-26,>25,50-150nm,0.0,7
2023-07-03,10-15,0-50nm,18.857142857142858,7
2023-07-03,10-15,150-300nm,222.28571428571428,7
2023-07-03,10-15,50-150nm,56.57142857142857,7
2023-07-03,15-25,0-50nm,2.0,7
2023-07-03,15-25,150-300nm,104.57142857142857,7
2023-07-03,15-25,50-150nm,13.142857142857142,7
2023-07-03,2-4,0-50nm,6.285714285714286,7
2023-07-03,2-4,150-300nm,14.714285714285714,7
2023-07-03,2-4,50-150nm,4.142857142857143,7
2023-07-03,4-6,0-50nm,6.0,7
2023-07-03,4-6,150-300nm,11.571428571428571,7
2023-07-03,4-6,50-150nm,3.5714285714285716,7
2023-07-03,6-10,0-50nm,58.42857142857143,7
2023-07-03,6-10,150-300nm,53.285714285714285,7
2023-07-03,6-10,50-150nm,90.28571428571429,7
2023-07-03,<2,0-50nm,482.57142857142856,7
2023-07-03,<2,150-300nm,128.57142857142858,7
2023-07-03,<2,50-150nm,97.71428571428571,7
2023-07-03,>25,0-50nm,0.0,7
2023-07-03,>25,150-300nm,0.0,7
2023-07-03,>25,50-150nm,0.0,7
2023-07-10,10-15,0-50nm,26.571428571428573,7
2023-07-10,10-15,150-300nm,261.42857142857144,7
2023-07-10,10-15,50-150nm,73.57142857142857,7
2023-07-10,15-25,0-50nm,3.857142857142857,7
2023-07-10,15-25,150-300nm,113.71428571428571,7
2023-07-10,15-25,50-150nm,14.571428571428571,7
2023-07-10,2-4,0-50nm,5.714285714285714,7
2023-07-10,2-4,150-300nm,12.857142857142858,7
2023-07-10,2-4,50-150nm,2.5714285714285716,7
2023-07-10,4-6,0-50nm,8.714285714285714,7
2023-07-10,4-6,150-300nm,6.0,7
2023-07-10,4-6,50-150nm,3.142857142857143,7
2023-07-10,6-10,0-50nm,60.42857142857143,7
2023-07-10,6-10,150-300nm,68.0,7
2023-07-10,6-10,50-150nm,90.42857142857143,7
2023-07-10,<2,0-50nm,618.1428571428571,7
2023-07-10,<2,150-300nm,88.14285714285714,7
2023-07-10,<2,50-150nm,75.14285714285714,7
2023-07-10,>25,0-50nm,0.0,7
2023-07-10,>25,150-300nm,0.0,7
2023-07-10,>25,50-150nm,0.0,7
2023-07-17,10-15,0-50nm,14.0,7
2023-07-17,10-15,150-300nm,227.57142857142858,7
2023-07-17,10-15,50-150nm,69.57142857142857,7
2023-07-17,15-25,0-50nm,1.4285714285714286,7
2023-07-17,15-25,150-300nm,104.57142857142857,7
2023-07-17,15-25,50-150nm,16.285714285714285,7
2023-07-17,2-4,0-50nm,4.428571428571429,7
2023-07-17,2-4,150-300nm,3.142857142857143,7
2023-07-17,2-4,50-150nm,2.4285714285714284,7
2023-07-17,4-6,0-50nm,9.428571428571429,7
2023-07-17,4-6,150-300nm,2.5714285714285716,7
2023-07-17,4-6,50-150nm,3.142857142857143,7
2023-07-17,6-10,0-50nm,60.42857142857143,7
2023-07-17,6-10,150-300nm,46.142857142857146,7
2023-07-17,6-10,50-150nm,88.28571428571429,7
2023-07-17,<2,0-50nm,568.1428571428571,7
2023-07-17,<2,150-300nm,80.28571428571429,7
2023-07-17,<2,50-150nm,78.85714285714286,7
2023-07-17,>25,0-50nm,0.0,7
2023-07-17,>25,150-300nm,0.0,7
2023-07-17,>25,50-150nm,0.0,7
2023-07-24,10-15,0-50nm,15.285714285714286,7
2023-07-24,10-15,150-300nm,209.14285714285714,7
2023-07-24,10-15,50-150nm,52.42857142857143,7
2023-07-24,15-25,0-50nm,1.5714285714285714,7
2023-07-24,15-25,150-300nm,106.14285714285714,7
2023-07-24,15-25,50-150nm,11.142857142857142,7
2023-07-24,2-4,0-50nm,4.714285714285714,7
2023-07-24,2-4,150-300nm,12.571428571428571,7
2023-07-24,2-4,50-150nm,2.142857142857143,7
2023-07-24,4-6,0-50nm,5.714285714285714,7
2023-07-24,4-6,150-300nm,6.571428571428571,7
2023-07-24,4-6,50-150nm,6.571428571428571,7
2023-07-24,6-10,0-50nm,53.42857142857143,7
2023-07-24,6-10,150-300nm,49.857142857142854,7
2023-07-24,6-10,50-150nm,73.57142857142857,7
2023-07-24,<2,0-50nm,471.2857142857143,7
2023-07-24,<2,150-300nm,57.714285714285715,7
2023-07-24,<2,50-150nm,89.14285714285714,7
2023-07-24,>25,0-50nm,0.0,7
2023-07-24,>25,150-300nm,0.0,7
2023-07-24,>25,50-150nm,0.0,7
2023-07-31,10-15,0-50nm,12.285714285714286,7
2023-07-31,10-15,150-300nm,183.14285714285714,7
2023-07-31,10-15,50-150nm,40.57142857142857,7
2023-07-31,15-25,0-50nm,2.4285714285714284,7
2023-07-31,15-25,150-300nm,109.0,7
2023-07-31,15-25,50-150nm,19.285714285714285,7
2023-07-31,2-4,0-50nm,5.714285714285714,7
2023-07-31,2-4,150-300nm,12.571428571428571,7
2023-07-31,2-4,50-150nm,2.4285714285714284,7
2023-07-31,4-6,0-50nm,8.714285714285714,7
2023-07-31,4-6,150-300nm,6.285714285714286,7
2023-07-31,4-6,50-150nm,7.0,7
2023-07-31,6-10,0-50nm,71.85714285714286,7
2023-07-31,6-10,150-300nm,56.57142857142857,7
2023-07-31,6-10,50-150nm,95.57142857142857,7
2023-07-31,<2,0-50nm,545.7142857142857,7
2023-07-31,<2,150-300nm,43.57142857142857,7
2023-07-31,<2,50-150nm,90.57142857142857,7
2023-07-31,>25,0-50nm,0.0,7
2023-07-31,>25,150-300nm,0.0,7
2023-07-31,>25,50-150nm,0.0,7
2023-08-07,10-15,0-50nm,15.428571428571429,7
2023-08-07,10-15,150-300nm,214.71428571428572,7
2023-08-07,10-15,50-150nm,58.42857142857143,7
2023-08-07,15-25,0-50nm,1.5714285714285714,7
2023-08-07,15-25,150-300nm,99.85714285714286,7
2023-08-07,15-25,50-150nm,11.857142857142858,7
2023-08-07,2-4,0-50nm,4.714285714285714,7
2023-08-07,2-4,150-300nm,5.571428571428571,7
2023-08-07,2-4,50-150nm,6.571428571428571,7
2023-08-07,4-6,0-50nm,9.571428571428571,7
2023-08-07,4-6,150-300nm,1.2857142857142858,7
2023-08-07,4-6,50-150nm,4.571428571428571,7
2023-08-07,6-10,0-50nm,57.42857142857143,7
2023-08-07,6-10,150-300nm,40.42857142857143,7
2023-08-07,6-10,50-150nm,87.71428571428571,7
2023-08-07,<2,0-50nm,515.7142857142857,7
2023-08-07,<2,150-300nm,23.714285714285715,7
2023-08-07,<2,50-150nm,131.57142857142858,7
2023-08-07,>25,0-50nm,0.0,7
2023-08-07,>25,150-300nm,0.0,7
2023-08-07,>25,50-150nm,0.0,7
2023-08-14,10-15,0-50nm,17.857142857142858,7
2023-08-14,10-15,150-300nm,214.42857142857142,7
2023-08-14,10-15,50-150nm,61.57142857142857,7
2023-08-14,15-25,0-50nm,2.2857142857142856,7
2023-08-14,15-25,150-300nm,86.14285714285714,7
2023-08-14,15-25,50-150nm,15.0,7
2023-08-14,2-4,0-50nm,3.5714285714285716,7
2023-08-14,2-4,150-300nm,5.714285714285714,7
2023-08-14,2-4,50-150nm,2.857142857142857,7
2023-08-14,4-6,0-50nm,10.571428571428571,7
2023-08-14,4-6,150-300nm,4.142857142857143,7
2023-08-14,4-6,50-150nm,4.428571428571429,7
2023-08-14,6-10,0-50nm,71.85714285714286,7
2023-08-14,6-10,150-300nm,57.857142857142854,7
2023-08-14,6-10,50-150nm,106.42857142857143,7
2023-08-14,<2,0-50nm,469.85714285714283,7
2023-08-14,<2,150-300nm,110.57142857142857,7
2023-08-14,<2,50-150nm,114.57142857142857,7
2023-08-14,>25,0-50nm,0.0,7
2023-08-14,>25,150-300nm,0.0,7
2023-08-14,>25,50-150nm,0.0,7
2023-08-21,10-15,0-50nm,17.714285714285715,7
2023-08-21,10-15,150-300nm,215.14285714285714,7
2023-08-21,10-15,50-150nm,57.142857142857146,7
2023-08-21,15-25,0-50nm,2.0,7
2023-08-21,15-25,150-300nm,87.85714285714286,7
2023-08-21,15-25,50-150nm,14.857142857142858,7
2023-08-21,2-4,0-50nm,6.714285714285714,7
2023-08-21,2-4,150-300nm,10.0,7
2023-08-21,2-4,50-150nm,4.0,7
2023-08-21,4-6,0-50nm,10.0,7
2023-08-21,4-6,150-300nm,4.285714285714286,7
2023-08-21,4-6,50-150nm,3.5714285714285716,7
2023-08-21,6-10,0-50nm,58.857142857142854,7
2023-08-21,6-10,150-300nm,42.714285714285715,7
2023-08-21,6-10,50-150nm,82.28571428571429,7
2023-08-21,<2,0-50nm,584.2857142857143,7
2023-08-21,<2,150-300nm,129.42857142857142,7
2023-08-21,<2,50-150nm,109.0,7
2023-08-21,>25,0-50nm,0.0,7
2023-08-21,>25,150-300nm,0.0,7
2023-08-21,>25,50-150nm,0.0,7
2023-08-28,10-15,0-50nm,15.142857142857142,7
2023-08-28,10-15,150-300nm,194.0,7
2023-08-28,10-15,50-150nm,44.857142857142854,7
2023-08-28,15-25,0-50nm,2.2857142857142856,7
2023-08-28,15-25,150-300nm,124.14285714285714,7
2023-08-28,15-25,50-150nm,15.142857142857142,7
2023-08-28,2-4,0-50nm,4.285714285714286,7
2023-08-28,2-4,150-300nm,11.428571428571429,7
2023-08-28,2-4,50-150nm,2.857142857142857,7
2023-08-28,4-6,0-50nm,6.0,7
2023-08-28,4-6,150-300nm,2.7142857142857144,7
2023-08-28,4-6,50-150nm,3.0,7
2023-08-28,6-10,0-50nm,61.857142857142854,7
2023-08-28,6-10,150-300nm,81.85714285714286,7
2023-08-28,6-10,50-150nm,84.57142857142857,7
2023-08-28,<2,0-50nm,532.1428571428571,7
2023-08-28,<2,150-300nm,75.28571428571429,7
2023-08-28,<2,50-150nm,81.85714285714286,7
2023-08-28,>25,0-50nm,0.0,7
2023-08-28,>25,150-300nm,0.0,7
2023-08-28,>25,50-150nm,0.14285714285714285,7
2023-09-04,10-15,0-50nm,24.142857142857142,7
2023-09-04,10-15,150-300nm,197.71428571428572,7
2023-09-04,10-15,50-150nm,69.28571428571429,7
2023-09-04,15-25,0-50nm,2.2857142857142856,7
2023-09-04,15-25,150-300nm,115.85714285714286,7
2023-09-04,15-25,50-150nm,19.142857142857142,7
2023-09-04,2-4,0-50nm,5.857142857142857,7
2023-09-04,2-4,150-300nm,4.714285714285714,7
2023-09-04,2-4,50-150nm,2.5714285714285716,7
2023-09-04,4-6,0-50nm,10.142857142857142,7
2023-09-04,4-6,150-300nm,2.0,7
2023-09-04,4-6,50-150nm,1.7142857142857142,7
2023-09-04,6-10,0-50nm,60.57142857142857,7
2023-09-04,6-10,150-300nm,60.42857142857143,7
2023-09-04,6-10,50-150nm,90.14285714285714,7
2023-09-04,<2,0-50nm,615.1428571428571,7
2023-09-04,<2,150-300nm,83.71428571428571,7
2023-09-04,<2,50-150nm,90.71428571428571,7
2023-09-04,>25,0-50nm,0.0,7
2023-09-04,>25,150-300nm,0.0,7
2023-09-04,>25,50-150nm,0.0,7
2023-09-11,10-15,0-50nm,13.0,7
2023-09-11,10-15,150-300nm,236.14285714285714,7
2023-09-11,10-15,50-150nm,60.42857142857143,7
2023-09-11,15-25,0-50nm,2.5714285714285716,7
2023-09-11,15-25,150-300nm,110.42857142857143,7
2023-09-11,15-25,50-150nm,13.285714285714286,7
2023-09-11,2-4,0-50nm,4.714285714285714,7
2023-09-11,2-4,150-300nm,4.571428571428571,7
2023-09-11,2-4,50-150nm,3.0,7
2023-09-11,4-6,0-50nm,6.714285714285714,7
2023-09-11,4-6,150-300nm,3.2857142857142856,7
2023-09-11,4-6,50-150nm,3.857142857142857,7
2023-09-11,6-10,0-50nm,58.42857142857143,7
2023-09-11,6-10,150-300nm,61.0,7
2023-09-11,6-10,50-150nm,87.0,7
2023-09-11,<2,0-50nm,529.1428571428571,7
2023-09-11,<2,150-300nm,59.42857142857143,7
2023-09-11,<2,50-150nm,128.71428571428572,7
2023-09-11,>25,0-50nm,0.0,7
2023-09-11,>25,150-300nm,0.0,7
2023-09-11,>25,50-150nm,0.0,7
2023-09-18,10-15,0-50nm,18.285714285714285,7
2023-09-18,10-15,150-300nm,208.57142857142858,7
2023-09-18,10-15,50-150nm,69.14285714285714,7
2023-09-18,15-25,0-50nm,2.142857142857143,7
2023-09-18,15-25,150-300nm,116.85714285714286,7
2023-09-18,15-25,50-150nm,15.142857142857142,7
2023-09-18,2-4,0-50nm,5.0,7
2023-09-18,2-4,150-300nm,4.571428571428571,7
2023-09-18,2-4,50-150nm,4.714285714285714,7
2023-09-18,4-6,0-50nm,13.285714285714286,7
2023-09-18,4-6,150-300nm,7.0,7
2023-09-18,4-6,50-150nm,8.428571428571429,7
2023-09-18,6-10,0-50nm,72.28571428571429,7
2023-09-18,6-10,150-300nm,71.14285714285714,7
2023-09-18,6-10,50-150nm,100.28571428571429,7
2023-09-18,<2,0-50nm,477.14285714285717,7
2023-09-18,<2,150-300nm,74.85714285714286,7
2023-09-18,<2,50-150nm,86.28571428571429,7
2023-09-18,>25,0-50nm,0.0,7
2023-09-18,>25,150-300nm,0.0,7
2023-09-18,>25,50-150nm,0.0,7
2023-09-25,10-15,0-50nm,13.428571428571429,7
2023-09-25,10-15,150-300nm,150.71428571428572,7
2023-09-25,10-15,50-150nm,54.0,7
2023-09-25,15-25,0-50nm,2.2857142857142856,7
2023-09-25,15-25,150-300nm,107.71428571428571,7
2023-09-25,15-25,50-150nm,18.428571428571427,7
2023-09-25,2-4,0-50nm,6.571428571428571,7
2023-09-25,2-4,150-300nm,3.4285714285714284,7
2023-09-25,2-4,50-150nm,2.857142857142857,7
2023-09-25,4-6,0-50nm,7.428571428571429,7
2023-09-25,4-6,150-300nm,3.2857142857142856,7
2023-09-25,4-6,50-150nm,2.7142857142857144,7
2023-09-25,6-10,0-50nm,66.14285714285714,7
2023-09-25,6-10,150-300nm,60.714285714285715,7
2023-09-25,6-10,50-150nm,95.28571428571429,7
2023-09-25,<2,0-50nm,519.1428571428571,7
2023-09-25,<2,150-300nm,66.0,7
2023-09-25,<2,50-150nm,131.57142857142858,7
2023-09-25,>25,0-50nm,0.0,7
2023-09-25,>25,150-300nm,0.0,7
2023-09-25,>25,50-150nm,0.0,7
2023-10-02,10-15,0-50nm,17.857142857142858,7
2023-10-02,10-15,150-300nm,186.28571428571428,7
2023-10-02,10-15,50-150nm,59.857142857142854,7
2023-10-02,15-25,0-50nm,1.5714285714285714,7
2023-10-02,15-25,150-300nm,79.71428571428571,7
2023-10-02,15-25,50-150nm,11.142857142857142,7
2023-10-02,2-4,0-50nm,5.714285714285714,7
2023-10-02,2-4,150-300nm,2.142857142857143,7
2023-10-02,2-4,50-150nm,2.7142857142857144,7
2023-10-02,4-6,0-50nm,10.571428571428571,7
2023-10-02,4-6,150-300nm,6.142857142857143,7
2023-10-02,4-6,50-150nm,2.2857142857142856,7
2023-10-02,6-10,0-50nm,71.28571428571429,7
2023-10-02,6-10,150-300nm,57.285714285714285,7
2023-10-02,6-10,50-150nm,99.0,7
2023-10-02,<2,0-50nm,527.4285714285714,7
2023-10-02,<2,150-300nm,33.857142857142854,7
2023-10-02,<2,50-150nm,154.71428571428572,7
2023-10-02,>25,0-50nm,0.0,7
2023-10-02,>25,150-300nm,0.0,7
2023-10-02,>25,50-150nm,0.0,7
2023-10-09,10-15,0-50nm,15.142857142857142,7
2023-10-09,10-15,150-300nm,204.14285714285714,7
2023-10-09,10-15,50-150nm,47.857142857142854,7
2023-10-09,15-25,0-50nm,2.2857142857142856,7
2023-10-09,15-25,150-300nm,76.28571428571429,7
2023-10-09,15-25,50-150nm,12.571428571428571,7
2023-10-09,2-4,0-50nm,4.714285714285714,7
2023-10-09,2-4,150-300nm,2.4285714285714284,7
2023-10-09,2-4,50-150nm,2.142857142857143,7
2023-10-09,4-6,0-50nm,8.0,7
2023-10-09,4-6,150-300nm,2.4285714285714284,7
2023-10-09,4-6,50-150nm,4.0,7
2023-10-09,6-10,0-50nm,45.857142857142854,7
2023-10-09,6-10,150-300nm,59.42857142857143,7
2023-10-09,6-10,50-150nm,78.57142857142857,7
2023-10-09,<2,0-50nm,483.57142857142856,7
2023-10-09,<2,150-300nm,45.857142857142854,7
2023-10-09,<2,50-150nm,91.14285714285714,7
2023-10-09,>25,0-50nm,0.0,7
2023-10-09,>25,150-300nm,0.0,7
2023-10-09,>25,50-150nm,0.0,7
2023-10-16,10-15,0-50nm,13.142857142857142,7
2023-10-16,10-15,150-300nm,189.85714285714286,7
2023-10-16,10-15,50-150nm,55.285714285714285,7
2023-10-16,15-25,0-50nm,1.0,7
2023-10-16,15-25,150-300nm,50.142857142857146,7
2023-10-16,15-25,50-150nm,11.714285714285714,7
2023-10-16,2-4,0-50nm,4.428571428571429,7
2023-10-16,2-4,150-300nm,1.0,7
2023-10-16,2-4,50-150nm,2.2857142857142856,7
2023-10-16,4-6,0-50nm,6.428571428571429,7
2023-10-16,4-6,150-300nm,2.7142857142857144,7
2023-10-16,4-6,50-150nm,2.142857142857143,7
2023-10-16,6-10,0-50nm,58.857142857142854,7
2023-10-16,6-10,150-300nm,45.142857142857146,7
2023-10-16,6-10,50-150nm,88.0,7
2023-10-16,<2,0-50nm,547.7142857142857,7
2023-10-16,<2,150-300nm,67.28571428571429,7
2023-10-16,<2,50-150nm,135.57142857142858,7
2023-10-16,>25,0-50nm,0.0,7
2023-10-16,>25,150-300nm,0.0,7
2023-10-16,>25,50-150nm,0.0,7
2023-10-23,10-15,0-50nm,11.857142857142858,7
2023-10-23,10-15,150-300nm,144.85714285714286,7
2023-10-23,10-15,50-150nm,52.285714285714285,7
2023-10-23,15-25,0-50nm,4.142857142857143,7
2023-10-23,15-25,150-300nm,107.57142857142857,7
2023-10-23,15-25,50-150nm,21.428571428571427,7
2023-10-23,2-4,0-50nm,4.0,7
2023-10-23,2-4,150-300nm,10.857142857142858,7
2023-10-23,2-4,50-150nm,4.142857142857143,7
2023-10-23,4-6,0-50nm,8.285714285714286,7
2023-10-23,4-6,150-300nm,2.2857142857142856,7
2023-10-23,4-6,50-150nm,5.571428571428571,7
2023-10-23,6-10,0-50nm,61.857142857142854,7
2023-10-23,6-10,150-300nm,42.57142857142857,7
2023-10-23,6-10,50-150nm,90.14285714285714,7
2023-10-23,<2,0-50nm,428.57142857142856,7
2023-10-23,<2,150-300nm,83.85714285714286,7
2023-10-23,<2,50-150nm,103.42857142857143,7
2023-10-23,>25,0-50nm,0.0,7
2023-10-23,>25,150-300nm,0.0,7
2023-10-23,>25,50-150nm,0.0,7
2023-10-30,10-15,0-50nm,14.285714285714286,7
2023-10-30,10-15,150-300nm,171.0,7
2023-10-30,10-15,50-150nm,51.714285714285715,7
2023-10-30,15-25,0-50nm,1.8571428571428572,7
2023-10-30,15-25,150-300nm,74.71428571428571,7
2023-10-30,15-25,50-150nm,15.571428571428571,7
2023-10-30,2-4,0-50nm,4.857142857142857,7
2023-10-30,2-4,150-300nm,3.5714285714285716,7
2023-10-30,2-4,50-150nm,2.857142857142857,7
2023-10-30,4-6,0-50nm,6.571428571428571,7
2023-10-30,4-6,150-300nm,5.857142857142857,7
2023-10-30,4-6,50-150nm,2.4285714285714284,7
2023-10-30,6-10,0-50nm,52.714285714285715,7
2023-10-30,6-10,150-300nm,32.857142857142854,7
2023-10-30,6-10,50-150nm,67.42857142857143,7
2023-10-30,<2,0-50nm,454.42857142857144,7
2023-10-30,<2,150-300nm,108.42857142857143,7
2023-10-30,<2,50-150nm,70.42857142857143,7
2023-10-30,>25,0-50nm,0.0,7
2023-10-30,>25,150-300nm,0.0,7
2023-10-30,>25,50-150nm,0.0,7
2023-11-06,10-15,0-50nm,13.142857142857142,7
2023-11-06,10-15,150-300nm,141.85714285714286,7
2023-11-06,10-15,50-150nm,42.42857142857143,7
2023-11-06,15-25,0-50nm,1.5714285714285714,7
2023-11-06,15-25,150-300nm,64.71428571428571,7
2023-11-06,15-25,50-150nm,15.285714285714286,7
2023-11-06,2-4,0-50nm,4.571428571428571,7
2023-11-06,2-4,150-300nm,4.714285714285714,7
2023-11-06,2-4,50-150nm,2.0,7
2023-11-06,4-6,0-50nm,4.714285714285714,7
2023-11-06,4-6,150-300nm,2.2857142857142856,7
2023-11-06,4-6,50-150nm,2.5714285714285716,7
2023-11-06,6-10,0-50nm,51.42857142857143,7
2023-11-06,6-10,150-300nm,47.57142857142857,7
2023-11-06,6-10,50-150nm,77.85714285714286,7
2023-11-06,<2,0-50nm,472.57142857142856,7
2023-11-06,<2,150-300nm,47.42857142857143,7
2023-11-06,<2,50-150nm,90.42857142857143,7
2023-11-06,>25,0-50nm,0.0,7
2023-11-06,>25,150-300nm,0.0,7
2023-11-06,>25,50-150nm,0.0,7
2023-11-13,10-15,0-50nm,15.714285714285714,7
2023-11-13,10-15,150-300nm,172.28571428571428,7
2023-11-13,10-15,50-150nm,59.0,7
2023-11-13,15-25,0-50nm,1.5714285714285714,7
2023-11-13,15-25,150-300nm,83.0,7
2023-11-13,15-25,50-150nm,16.142857142857142,7
2023-11-13,2-4,0-50nm,4.714285714285714,7
2023-11-13,2-4,150-300nm,4.285714285714286,7
2023-11-13,2-4,50-150nm,6.142857142857143,7
2023-11-13,4-6,0-50nm,9.0,7
2023-11-13,4-6,150-300nm,2.7142857142857144,7
2023-11-13,4-6,50-150nm,4.571428571428571,7
2023-11-13,6-10,0-50nm,63.285714285714285,7
2023-11-13,6-10,150-300nm,59.142857142857146,7
2023-11-13,6-10,50-150nm,98.57142857142857,7
2023-11-13,<2,0-50nm,580.5714285714286,7
2023-11-13,<2,150-300nm,47.0,7
2023-11-13,<2,50-150nm,103.57142857142857,7
2023-11-13,>25,0-50nm,0.0,7
2023-11-13,>25,150-300nm,0.0,7
2023-11-13,>25,50-150nm,0.0,7
2023-11-20,10-15,0-50nm,15.428571428571429,7
2023-11-20,10-15,150-300nm,124.28571428571429,7
2023-11-20,10-15,50-150nm,58.857142857142854,7
2023-11-20,15-25,0-50nm,2.5714285714285716,7
2023-11-20,15-25,150-300nm,68.0,7
2023-11-20,15-25,50-150nm,16.428571428571427,7
2023-11-20,2-4,0-50nm,5.571428571428571,7
2023-11-20,2-4,150-300nm,8.142857142857142,7
2023-11-20,2-4,50-150nm,4.571428571428571,7
2023-11-20,4-6,0-50nm,10.285714285714286,7
2023-11-20,4-6,150-300nm,8.571428571428571,7
2023-11-20,4-6,50-150nm,5.285714285714286,7
2023-11-20,6-10,0-50nm,58.57142857142857,7
2023-11-20,6-10,150-300nm,60.0,7
2023-11-20,6-10,50-150nm,76.71428571428571,7
2023-11-20,<2,0-50nm,513.1428571428571,7
2023-11-20,<2,150-300nm,56.857142857142854,7
2023-11-20,<2,50-150nm,104.0,7
2023-11-20,>25,0-50nm,0.0,7
2023-11-20,>25,150-300nm,0.0,7
2023-11-20,>25,50-150nm,0.0,7
2023-11-27,10-15,0-50nm,14.714285714285714,7
2023-11-27,10-15,150-300nm,153.0,7
2023-11-27,10-15,50-150nm,46.0,7
2023-11-27,15-25,0-50nm,2.4285714285714284,7
2023-11-27,15-25,150-300nm,52.857142857142854,7
2023-11-27,15-25,50-150nm,17.428571428571427,7
2023-11-27,2-4,0-50nm,8.0,7
2023-11-27,2-4,150-300nm,1.0,7
2023-11-27,2-4,50-150nm,2.142857142857143,7
2023-11-27,4-6,0-50nm,7.142857142857143,7
2023-11-27,4-6,150-300nm,3.2857142857142856,7
2023-11-27,4-6,50-150nm,3.0,7
2023-11-27,6-10,0-50nm,63.857142857142854,7
2023-11-27,6-10,150-300nm,54.42857142857143,7
2023-11-27,6-10,50-150nm,82.85714285714286,7
2023-11-27,<2,0-50nm,647.4285714285714,7
2023-11-27,<2,150-300nm,43.0,7
2023-11-27,<2,50-150nm,98.57142857142857,7
2023-11-27,>25,0-50nm,0.0,7
2023-11-27,>25,150-300nm,0.0,7
2023-11-27,>25,50-150nm,0.0,7
2023-12-04,10-15,0-50nm,11.0,7
2023-12-04,10-15,150-300nm,182.14285714285714,7
2023-12-04,10-15,50-150nm,50.42857142857143,7
2023-12-04,15-25,0-50nm,2.142857142857143,7
2023-12-04,15-25,150-300nm,64.42857142857143,7
2023-12-04,15-25,50-150nm,17.285714285714285,7
2023-12-04,2-4,0-50nm,6.428571428571429,7
2023-12-04,2-4,150-300nm,2.4285714285714284,7
2023-12-04,2-4,50-150nm,4.0,7
2023-12-04,4-6,0-50nm,9.857142857142858,7
2023-12-04,4-6,150-300nm,5.285714285714286,7
2023-12-04,4-6,50-150nm,6.285714285714286,7
2023-12-04,6-10,0-50nm,72.71428571428571,7
2023-12-04,6-10,150-300nm,53.0,7
2023-12-04,6-10,50-150nm,100.28571428571429,7
2023-12-04,<2,0-50nm,531.0,7
2023-12-04,<2,150-300nm,35.285714285714285,7
2023-12-04,<2,50-150nm,103.14285714285714,7
2023-12-04,>25,0-50nm,0.0,7
2023-12-04,>25,150-300nm,0.0,7
2023-12-04,>25,50-150nm,0.14285714285714285,7
2023-12-11,10-15,0-50nm,15.142857142857142,7
2023-12-11,10-15,150-300nm,146.71428571428572,7
2023-12-11,10-15,50-150nm,54.285714285714285,7
2023-12-11,15-25,0-50nm,2.142857142857143,7
2023-12-11,15-25,150-300nm,70.28571428571429,7
2023-12-11,15-25,50-150nm,14.285714285714286,7
2023-12-11,2-4,0-50nm,5.285714285714286,7
2023-12-11,2-4,150-300nm,7.0,7
2023-12-11,2-4,50-150nm,4.285714285714286,7
2023-12-11,4-6,0-50nm,8.714285714285714,7
2023-12-11,4-6,150-300nm,2.4285714285714284,7
2023-12-11,4-6,50-150nm,2.5714285714285716,7
2023-12-11,6-10,0-50nm,52.857142857142854,7
2023-12-11,6-10,150-300nm,35.42857142857143,7
2023-12-11,6-10,50-150nm,67.42857142857143,7
2023-12-11,<2,0-50nm,466.57142857142856,7
2023-12-11,<2,150-300nm,71.0,7
2023-12-11,<2,50-150nm,127.0,7
2023-12-11,>25,0-50nm,0.0,7
2023-12-11,>25,150-300nm,0.0,7
2023-12-11,>25,50-150nm,0.0,7
2023-12-18,10-15,0-50nm,33.714285714285715,7
2023-12-18,10-15,150-300nm,103.71428571428571,7
2023-12-18,10-15,50-150nm,73.71428571428571,7
2023-12-18,15-25,0-50nm,1.1428571428571428,7
2023-12-18,15-25,150-300nm,69.71428571428571,7
2023-12-18,15-25,50-150nm,19.857142857142858,7
2023-12-18,2-4,0-50nm,4.142857142857143,7
2023-12-18,2-4,150-300nm,10.428571428571429,7
2023-12-18,2-4,50-150nm,1.5714285714285714,7
2023-12-18,4-6,0-50nm,6.285714285714286,7
2023-12-18,4-6,150-300nm,5.285714285714286,7
2023-12-18,4-6,50-150nm,2.142857142857143,7
2023-12-18,6-10,0-50nm,29.714285714285715,7
2023-12-18,6-10,150-300nm,44.285714285714285,7
2023-12-18,6-10,50-150nm,24.142857142857142,7
2023-12-18,<2,0-50nm,463.14285714285717,7
2023-12-18,<2,150-300nm,15.428571428571429,7
2023-12-18,<2,50-150nm,84.28571428571429,7
2023-12-18,>25,0-50nm,0.0,7
2023-12-18,>25,150-300nm,0.0,7
2023-12-18,>25,50-150nm,0.0,7
2023-12-25,10-15,0-50nm,29.333333333333332,6
2023-12-25,10-15,150-300nm,149.0,6
2023-12-25,10-15,50-150nm,87.83333333333333,6
2023-12-25,15-25,0-50nm,1.3333333333333333,6
2023-12-25,15-25,150-300nm,47.5,6
2023-12-25,15-25,50-150nm,20.0,6
2023-12-25,2-4,0-50nm,5.5,6
2023-12-25,2-4,150-300nm,4.333333333333333,6
2023-12-25,2-4,50-150nm,4.666666666666667,6
2023-12-25,4-6,0-50nm,8.333333333333334,6
2023-12-25,4-6,150-300nm,4.0,6
2023-12-25,4-6,50-150nm,4.833333333333333,6
2023-12-25,6-10,0-50nm,34.333333333333336,6
2023-12-25,6-10,150-300nm,62.833333333333336,6
2023-12-25,6-10,50-150nm,33.0,6
2023-12-25,<2,0-50nm,569.5,6
2023-12-25,<2,150-300nm,14.666666666666666,6
2023-12-25,<2,50-150nm,127.5,6
2023-12-25,>25,0-50nm,0.0,6
2023-12-25,>25,150-300nm,0.0,6
2023-12-25,>25,50-150nm,0.0,6
