week_start,low_inner_west_hours,low_inner_west_density,low_outer_west_hours,low_outer_west_density,low4_inner_west_hours,low4_inner_west_density,low4_outer_west_hours,low4_outer_west_density,movement_inner_west_hours,movement_inner_west_density,movement_outer_west_hours,movement_outer_west_density,low_inner_north_hours,low_inner_north_density,low_outer_north_hours,low_outer_north_density,low4_inner_north_hours,low4_inner_north_density,low4_outer_north_hours,low4_outer_north_density,movement_inner_north_hours,movement_inner_north_density,movement_outer_north_hours,movement_outer_north_density,low_inner_south_hours,low_inner_south_density,low_outer_south_hours,low_outer_south_density,low4_inner_south_hours,low4_inner_south_density,low4_outer_south_hours,low4_outer_south_density,movement_inner_south_hours,movement_inner_south_density,movement_outer_south_hours,movement_outer_south_density,low_0-50nm,low_50-150nm,low_150-300nm,low_total_0_300,low4_0-50nm,low4_50-150nm,low4_150-300nm,low4_total_0_300,movement_0-50nm,movement_50-150nm,movement_150-300nm,movement_total_0_300,days_included,low_outer_share_west,ddd_west,ddd4_west,low_outer_share_north,ddd_north,ddd4_north,low_outer_share_south,ddd_south,ddd4_south,low_offshore_share
2018-12-31,8.833333333333334,4.769579264906972,15.333333333333334,7.005535872403272,9.166666666666666,4.9495633881110095,16.0,7.310124388594719,28.166666666666668,15.2086584107411,30.333333333333332,13.858777486710823,0.0,0.0,0.0,0.0,0.0,0.0,0.0,0.0,0.0,0.0,0.0,0.0,11.833333333333334,6.389436373743304,2.1666666666666665,0.9899126776222015,12.5,6.749404620151377,2.1666666666666665,0.9899126776222015,17.5,9.449166468211926,18.333333333333332,8.376184195264782,805.1666666666666,143.0,69.33333333333333,1017.5,811.8333333333334,147.83333333333334,72.5,1032.1666666666667,59.0,138.33333333333334,313.6666666666667,511.0,6,0.6344827586206897,0.4144889283331623,0.4211115426640495,,0.0,0.0,0.15476190476190474,-1.2036113727125022,-1.251175926645209,0.20868140868140866
2019-01-07,0.5714285714285714,0.30854421120692005,2.4285714285714284,1.1095724518402699,1.4285714285714286,0.7713605280173003,3.5714285714285716,1.6317241938827498,20.428571428571427,11.030455550647392,20.0,9.1376554857434,0.0,0.0,0.0,0.0,0.0,0.0,0.0,0.0,0.0,0.0,0.0,0.0,15.0,8.099285544181653,2.7142857142857144,1.24011038735089,15.571428571428571,8.407829755388573,3.0,1.3706483228615098,11.714285714285714,6.325156329741861,13.428571428571429,6.13528296899914,814.4285714285714,84.0,62.714285714285715,961.1428571428571,820.1428571428571,86.57142857142857,68.0,974.7142857142857,52.714285714285715,113.57142857142857,232.0,398.2857142857143,7,0.8095238095238094,0.648754707526592,0.5670759473479619,,0.0,0.0,0.1532258064516129,-1.3754081668999356,-1.3521162363841095,0.15264565992865636
2019-01-14,0.0,0.0,2.142857142857143,0.9790345163296499,0.0,0.0,2.5714285714285716,1.1748414195955799,30.428571428571427,16.429979246768493,27.142857142857142,12.4011038735089,0.0,0.0,0.0,0.0,0.0,0.0,0.0,0.0,0.0,0.0,0.0,0.0,14.571428571428571,7.8678773857764615,20.0,9.1376554857434,15.857142857142858,8.562101860992032,26.0,11.87895213146642,17.142857142857142,9.256326336207602,17.285714285714285,7.897545098392508,732.5714285714286,72.42857142857143,81.71428571428571,886.7142857142857,738.2857142857143,75.71428571428571,92.28571428571429,906.2857142857143,61.142857142857146,144.85714285714286,293.42857142857144,499.42857142857144,7,1.0,0.94546369445242,1.039810338037408,,0.0,0.0,0.578512396694215,0.2759406036161405,0.4399061099567829,0.17383599162236185
2019-01-21,1.0,0.5399523696121101,6.142857142857143,2.80656561347833,1.5714285714285714,0.8484965808190302,7.571428571428571,3.45925529103143,26.857142857142858,14.501577926725243,26.285714285714285,12.009490066977039,0.0,0.0,0.0,0.0,0.0,0.0,0.0,0.0,0.0,0.0,0.0,0.0,38.857142857142854,20.981006362070563,0.7142857142857143,0.32634483877655,39.857142857142854,21.520958731682672,0.7142857142857143,0.32634483877655,14.428571428571429,7.790741332974731,16.142857142857142,7.375393356350029,683.0,83.85714285714286,48.42857142857143,815.2857142857143,689.7142857142857,85.85714285714286,52.285714285714285,827.8571428571429,56.857142857142854,127.85714285714286,313.7142857142857,498.42857142857144,7,0.86,1.080238605890256,1.0558718514763759,,0.0,0.0,0.018050541516245487,-2.759350814085004,-2.7836184556242514,0.1622568775188365
2019-01-28,0.2857142857142857,0.15427210560346002,5.285714285714286,2.41495180694647,0.2857142857142857,0.15427210560346002,5.857142857142857,2.67602767796771,26.714285714285715,14.424441873923513,25.571428571428573,11.68314522820049,0.0,0.0,0.0,0.0,0.0,0.0,0.0,0.0,0.0,0.0,0.0,0.0,19.0,10.259095022630092,0.0,0.0,19.714285714285715,10.644775286638742,0.0,0.0,14.0,7.5593331745695425,11.571428571428571,5.28678638818011,697.7142857142857,56.57142857142857,42.42857142857143,796.7142857142857,704.0,58.714285714285715,44.857142857142854,807.5714285714286,61.0,141.71428571428572,255.71428571428572,458.42857142857144,7,0.9487179487179488,1.2803728683310889,1.354042221411929,,0.0,0.0,0.0,-2.1126039936123306,-2.146285351290318,0.12426035502958581
2019-02-04,2.0,1.0799047392242203,0.14285714285714285,0.06526896775530999,2.7142857142857144,1.4655850032328703,0.7142857142857143,0.32634483877655,25.142857142857142,13.575945293104482,24.142857142857142,11.030455550647389,0.0,0.0,0.0,0.0,0.0,0.0,0.0,0.0,0.0,0.0,0.0,0.0,18.857142857142858,10.181958969828361,0.0,0.0,19.714285714285715,10.644775286638742,0.0,0.0,13.285714285714286,7.173652910560891,12.857142857142858,5.8742070979779,535.5714285714286,64.85714285714286,86.28571428571429,686.7142857142857,540.5714285714286,68.57142857142857,89.42857142857143,698.5714285714286,52.285714285714285,123.28571428571429,268.42857142857144,444.0,7,0.06666666666666667,-0.47716358491670796,-0.4280709956618911,,0.0,0.0,0.0,-2.241162057368133,-2.2817179902433025,0.22009569377990434
2019-02-11,0.0,0.0,1.0,0.45688277428717,0.14285714285714285,0.07713605280173001,1.0,0.45688277428717,24.714285714285715,13.344537134699292,22.142857142857142,10.116690002073048,0.0,0.0,0.0,0.0,0.0,0.0,0.0,0.0,0.0,0.0,0.0,0.0,21.0,11.338999761854312,0.0,0.0,21.714285714285715,11.724680025862963,0.0,0.0,11.857142857142858,6.402292382543592,10.857142857142858,4.96044154940356,577.8571428571429,84.85714285714286,62.0,724.7142857142857,583.7142857142857,88.57142857142857,65.85714285714286,738.1428571428571,55.0,123.0,234.42857142857142,412.42857142857144,7,1.0,0.6312206664897264,0.5569149505726991,,0.0,0.0,0.0,-2.2961197887570406,-2.3268982469460364,0.2026414350482949
2019-02-18,0.14285714285714285,0.07713605280173001,0.7142857142857143,0.32634483877655,1.1428571428571428,0.6170884224138401,0.8571428571428571,0.39161380653186,23.857142857142858,12.881720817888914,24.428571428571427,11.160993486158008,0.0,0.0,0.0,0.0,0.0,0.0,0.0,0.0,0.0,0.0,0.0,0.0,21.714285714285715,11.724680025862963,0.14285714285714285,0.06526896775530999,22.285714285714285,12.033224237069883,0.14285714285714285,0.06526896775530999,11.428571428571429,6.1708842241384,11.142857142857142,5.09097948491418,524.8571428571429,35.714285714285715,60.857142857142854,621.4285714285714,529.4285714285714,39.714285714285715,63.142857142857146,632.2857142857143,51.714285714285715,115.28571428571429,262.42857142857144,429.42857142857144,7,0.8333333333333333,0.3404605527093114,-0.017823825255649517,,0.0,0.0,0.0065359477124183,-2.3170960316364084,-2.341054422562138,0.15540229885057472
2019-02-25,0.5714285714285714,0.30854421120692005,5.714285714285714,2.6107587102123992,0.7142857142857143,0.38568026400865013,6.285714285714286,2.8718345812336397,27.285714285714285,14.732986085130433,30.285714285714285,13.83702116412572,0.0,0.0,0.0,0.0,0.0,0.0,0.0,0.0,0.0,0.0,0.0,0.0,19.0,10.259095022630092,0.0,0.0,19.428571428571427,10.490503181035281,0.0,0.0,13.428571428571429,7.250788963362622,14.714285714285714,6.72270367879693,532.7142857142857,48.285714285714285,34.42857142857143,615.4285714285714,537.2857142857143,50.0,36.42857142857143,623.7142857142857,57.285714285714285,132.85714285714286,282.2857142857143,472.42857142857144,7,0.9090909090909092,1.0736367345873359,1.08617130771606,,0.0,0.0,0.0,-2.3550319409783396,-2.375376576343959,0.13440111420612813
2019-03-04,0.42857142857142855,0.23140815840519005,1.5714285714285714,0.7179586453084099,0.8571428571428571,0.46281631681038016,1.5714285714285714,0.7179586453084099,18.857142857142858,10.181958969828361,17.571428571428573,8.02808303390313,0.0,0.0,0.0,0.0,0.0,0.0,0.0,0.0,0.0,0.0,0.0,0.0,23.571428571428573,12.727448712285453,0.0,0.0,23.857142857142858,12.881720817888914,0.14285714285714285,0.06526896775530999,13.142857142857142,7.096516857759162,12.571428571428571,5.743669162467279,352.2857142857143,50.142857142857146,61.57142857142857,464.0,356.57142857142856,51.857142857142854,63.0,471.42857142857144,46.0,106.14285714285714,251.71428571428572,403.85714285714283,7,0.7857142857142857,0.5469400100794775,0.37473480712505225,,0.0,0.0,0.0,-2.436567595323499,-2.384515817758471,0.24076354679802958
2019-03-11,0.0,0.0,1.4285714285714286,0.6526896775530998,0.0,0.0,2.2857142857142856,1.0443034840849599,19.285714285714285,10.413367128233551,21.428571428571427,9.790345163296498,0.0,0.0,0.0,0.0,0.0,0.0,0.0,0.0,0.0,0.0,0.0,0.0,22.857142857142858,12.3417684482768,0.0,0.0,23.285714285714285,12.573176606681992,0.0,0.0,12.714285714285714,6.865108699353972,12.571428571428571,5.743669162467279,422.85714285714283,67.14285714285714,35.714285714285715,525.7142857142857,426.7142857142857,68.42857142857143,37.714285714285715,532.8571428571429,56.285714285714285,116.42857142857143,213.85714285714286,386.57142857142856,7,1.0,0.5585375239974404,0.7711905925600895,,0.0,0.0,0.0,-2.4370674049035563,-2.4542633427137663,0.19565217391304351
2019-03-18,0.14285714285714285,0.07713605280173001,2.4285714285714284,1.1095724518402699,0.14285714285714285,0.07713605280173001,2.7142857142857144,1.24011038735089,18.428571428571427,9.950550811423172,21.0,9.59453826003057,0.0,0.0,0.0,0.0,0.0,0.0,0.0,0.0,0.0,0.0,0.0,0.0,27.285714285714285,14.732986085130433,3.142857142857143,1.4359172906168198,28.285714285714285,15.272938454742542,3.2857142857142856,1.5011862583721298,13.0,7.019380804957431,12.714285714285714,5.80893813022259,450.85714285714283,90.28571428571429,52.285714285714285,593.4285714285714,454.0,94.14285714285714,54.42857142857143,602.5714285714286,47.57142857142857,105.14285714285714,264.57142857142856,417.2857142857143,7,0.9444444444444444,0.7052307291506303,0.7652705763744532,,0.0,0.0,0.10328638497652583,-1.7018111039526373,-1.7091133553976574,0.24025036109773715
2019-03-25,0.14285714285714285,0.07713605280173001,0.0,0.0,0.14285714285714285,0.07713605280173001,0.0,0.0,23.285714285714285,12.573176606681994,23.0,10.508303808604909,0.0,0.0,0.0,0.0,0.0,0.0,0.0,0.0,0.0,0.0,0.0,0.0,25.285714285714285,13.653081345906212,0.7142857142857143,0.32634483877655,26.142857142857142,14.115897662716591,0.8571428571428571,0.39161380653186,13.857142857142858,7.482197121767811,12.142857142857142,5.5478622592013505,488.85714285714283,72.57142857142857,37.857142857142854,599.2857142857143,493.0,74.57142857142857,41.857142857142854,609.4285714285714,50.57142857142857,115.57142857142857,276.57142857142856,442.7142857142857,7,0.0,0.09072097581614802,0.09072097581614802,,0.0,0.0,0.027472527472527472,-2.1433928397042896,-2.126452042693809,0.1842669845053635
2019-04-01,0.0,0.0,1.1428571428571428,0.52215174204248,0.0,0.0,1.8571428571428572,0.84849658081903,25.428571428571427,13.730217398707941,24.571428571428573,11.22626245391332,0.0,0.0,0.0,0.0,0.0,0.0,0.0,0.0,0.0,0.0,0.0,0.0,19.142857142857142,10.336231075431822,0.0,0.0,20.142857142857142,10.876183445043932,0.0,0.0,15.571428571428571,8.40782975538857,15.285714285714286,6.983779549818169,486.57142857142856,44.42857142857143,62.57142857142857,593.5714285714286,490.42857142857144,46.857142857142854,64.14285714285714,601.4285714285714,49.857142857142854,134.0,279.7142857142857,463.57142857142856,7,1.0,0.6064396446081863,0.8006873407173973,,0.0,0.0,0.0,-2.263873518260982,-2.310404635353091,0.1802647412755716
2019-04-08,0.0,0.0,0.2857142857142857,0.13053793551061998,0.0,0.0,0.7142857142857143,0.32634483877655,22.0,11.878952131466422,23.285714285714285,10.63884174411553,0.0,0.0,0.0,0.0,0.0,0.0,0.0,0.0,0.0,0.0,0.0,0.0,39.0,21.058142414872293,0.0,0.0,40.0,21.598094784484402,0.0,0.0,14.142857142857142,7.636469227371271,13.428571428571429,6.13528296899914,477.42857142857144,106.71428571428571,56.714285714285715,640.8571428571429,483.42857142857144,108.85714285714286,57.285714285714285,649.5714285714286,59.285714285714285,119.85714285714286,268.0,447.14285714285717,7,1.0,0.22393999885435134,0.383673347644343,,0.0,0.0,0.0,-2.902739868617884,-2.926923665526031,0.25501560410164953
2019-04-15,0.7142857142857143,0.38568026400865013,0.14285714285714285,0.06526896775530999,0.8571428571428571,0.4628163168103801,0.14285714285714285,0.06526896775530999,21.714285714285715,11.724680025862963,23.571428571428573,10.76937967962615,0.0,0.0,0.0,0.0,0.0,0.0,0.0,0.0,0.0,0.0,0.0,0.0,41.285714285714285,22.292319259699973,4.714285714285714,2.15387593592523,41.857142857142854,22.600863470906894,4.857142857142857,2.2191449036805397,15.571428571428571,8.407829755388573,18.142857142857142,8.289158904924369,448.42857142857144,102.71428571428571,53.857142857142854,605.0,453.42857142857144,105.0,58.42857142857143,616.8571428571429,57.285714285714285,126.85714285714286,286.42857142857144,470.57142857142856,7,0.16666666666666666,-0.1849216648108003,-0.23909404214070706,,0.0,0.0,0.10248447204968944,-1.9867972242033813,-1.9794732484657613,0.2587957497048406
2019-04-22,0.8571428571428571,0.4628163168103801,0.0,0.0,1.0,0.5399523696121101,0.0,0.0,20.571428571428573,11.107591603449121,20.285714285714285,9.26819342125402,0.0,0.0,0.0,0.0,0.0,0.0,0.0,0.0,0.0,0.0,0.0,0.0,14.857142857142858,8.022149491379922,0.0,0.0,15.285714285714286,8.253557649785112,0.0,0.0,10.428571428571429,5.630931854526291,10.0,4.5688277428717,443.14285714285717,58.285714285714285,24.571428571428573,526.0,447.57142857142856,59.714285714285715,26.857142857142858,534.1428571428571,43.857142857142854,98.85714285714286,262.14285714285717,404.85714285714283,7,0.0,-0.21558200074376588,-0.26696992613149595,,0.0,0.0,0.0,-2.025121835666798,-2.050447315536276,0.15752308527973927
2019-04-29,0.0,0.0,0.7142857142857143,0.32634483877655,0.0,0.0,0.8571428571428571,0.39161380653186,20.857142857142858,11.261863709052582,20.571428571428573,9.398731356764639,0.0,0.0,0.0,0.0,0.0,0.0,0.0,0.0,0.0,0.0,0.0,0.0,14.428571428571429,7.790741332974732,0.0,0.0,15.0,8.099285544181651,0.0,0.0,13.428571428571429,7.250788963362622,11.857142857142858,5.41732432369073,447.57142857142856,50.57142857142857,54.714285714285715,552.8571428571429,452.0,52.57142857142857,56.285714285714285,560.8571428571429,51.57142857142857,120.42857142857143,264.14285714285717,436.14285714285717,7,1.0,0.4472370379583319,0.4952742061780091,,0.0,0.0,0.0,-1.9223914774837954,-1.9568883299328115,0.1904392764857881
2019-05-06,0.0,0.0,2.5714285714285716,1.1748414195955799,0.0,0.0,4.142857142857143,1.8928000649039898,24.857142857142858,13.421673187501023,24.142857142857142,11.030455550647389,0.0,0.0,0.0,0.0,0.0,0.0,0.0,0.0,0.0,0.0,0.0,0.0,16.142857142857142,8.716373966595492,0.0,0.0,16.857142857142858,9.102054230604141,0.0,0.0,12.0,6.479428435345321,10.857142857142858,4.960441549403559,400.14285714285717,64.57142857142857,81.85714285714286,546.5714285714286,405.57142857142856,66.57142857142857,89.0,561.1428571428571,51.857142857142854,116.14285714285714,303.85714285714283,471.85714285714283,7,1.0,0.958246511743805,1.2435156740441378,,0.0,0.0,0.0,-2.0468006872918423,-2.0857269794588076,0.26790381599581814
2019-05-13,3.5714285714285716,1.9284013200432504,1.0,0.45688277428717,3.857142857142857,2.0826734256467105,1.2857142857142858,0.5874207097977899,23.857142857142858,12.881720817888914,26.857142857142858,12.27056593799828,0.0,0.0,0.0,0.0,0.0,0.0,0.0,0.0,0.0,0.0,0.0,0.0,19.571428571428573,10.567639233837012,0.14285714285714285,0.06526896775530999,21.428571428571427,11.570407920259502,0.14285714285714285,0.06526896775530999,13.285714285714286,7.173652910560891,12.571428571428571,5.743669162467279,472.2857142857143,84.0,46.285714285714285,602.5714285714286,476.85714285714283,86.57142857142857,47.714285714285715,611.1428571428571,41.57142857142857,115.14285714285714,313.7142857142857,470.42857142857144,7,0.21875,-0.6531331522275967,-0.6186622816161282,,0.0,0.0,0.007246376811594202,-2.1926724005084703,-2.2758063961073423,0.2162162162162162
2019-05-20,1.2857142857142858,0.6942244752155701,0.2857142857142857,0.13053793551061998,1.4285714285714286,0.7713605280173003,0.8571428571428571,0.39161380653185995,17.857142857142858,9.642006600216252,20.285714285714285,9.26819342125402,0.0,0.0,0.0,0.0,0.0,0.0,0.0,0.0,0.0,0.0,0.0,0.0,23.285714285714285,12.573176606681992,0.0,0.0,24.428571428571427,13.190265029095832,0.0,0.0,17.571428571428573,9.487734494612793,15.714285714285714,7.1795864530841,466.57142857142856,77.57142857142857,74.71428571428571,618.8571428571429,470.7142857142857,82.14285714285714,78.28571428571429,631.1428571428571,38.857142857142854,99.0,277.42857142857144,415.2857142857143,7,0.1818181818181818,-0.36877357455043347,-0.20552586937099893,,0.0,0.0,0.0,-2.3595306993454797,-2.4039913306682825,0.24607571560480146
2019-05-27,0.14285714285714285,0.07713605280173001,3.7142857142857144,1.69699316163806,0.2857142857142857,0.15427210560346002,3.857142857142857,1.76226212939337,17.285714285714285,9.33346238900933,20.571428571428573,9.39873135676464,0.0,0.0,0.0,0.0,0.0,0.0,0.0,0.0,0.0,0.0,0.0,0.0,21.0,11.338999761854312,0.0,0.0,22.428571428571427,12.110360289871611,0.0,0.0,13.142857142857142,7.096516857759162,12.714285714285714,5.80893813022259,491.85714285714283,48.857142857142854,24.142857142857142,564.8571428571429,496.7142857142857,51.142857142857146,26.857142857142858,574.7142857142857,32.285714285714285,87.0,287.7142857142857,407.0,7,0.962962962962963,0.9115353839113653,0.866283613639236,,0.0,0.0,0.0,-2.339567186971504,-2.4002050078182924,0.12923621648963074
2019-06-03,0.14285714285714285,0.07713605280173001,3.4285714285714284,1.5664552261274398,0.5714285714285714,0.30854421120692005,4.857142857142857,2.2191449036805397,18.285714285714285,9.873414758621442,21.428571428571427,9.790345163296498,0.0,0.0,0.0,0.0,0.0,0.0,0.0,0.0,0.0,0.0,0.0,0.0,36.285714285714285,19.592557411639422,0.0,0.0,36.857142857142854,19.90110162284634,0.0,0.0,15.571428571428571,8.407829755388573,14.571428571428571,6.65743471104162,457.85714285714283,67.57142857142857,11.0,536.4285714285714,462.7142857142857,69.71428571428571,13.285714285714286,545.7142857142857,41.714285714285715,106.14285714285714,304.7142857142857,452.57142857142856,7,0.96,0.8758889705349575,0.9078695653926974,,0.0,0.0,0.0,-2.8190644580959736,-2.833936605087543,0.14647137150466044
2019-06-10,1.4285714285714286,0.7713605280173003,6.857142857142857,3.1329104522548796,1.7142857142857142,0.9256326336207603,7.428571428571429,3.3939863232761196,19.142857142857142,10.336231075431822,24.0,10.965186582892079,0.0,0.0,0.0,0.0,0.0,0.0,0.0,0.0,0.0,0.0,0.0,0.0,46.57142857142857,25.146353213363984,0.2857142857142857,0.13053793551061998,47.57142857142857,25.686305582976093,0.2857142857142857,0.13053793551061998,15.0,8.099285544181651,14.857142857142858,6.78797264655224,460.14285714285717,87.28571428571429,33.714285714285715,581.1428571428571,464.7142857142857,89.57142857142857,34.857142857142854,589.1428571428571,39.57142857142857,98.28571428571429,341.14285714285717,479.0,7,0.8275862068965518,0.793236528653003,0.77098487787294,,0.0,0.0,0.006097560975609756,-2.9854008321806256,-3.005841642176819,0.20821042281219274
2019-06-17,0.0,0.0,3.0,1.3706483228615103,0.0,0.0,3.142857142857143,1.43591729061682,22.428571428571427,12.110360289871613,21.142857142857142,9.65980722778588,0.0,0.0,0.0,0.0,0.0,0.0,0.0,0.0,0.0,0.0,0.0,0.0,23.857142857142858,12.881720817888914,0.0,0.0,24.857142857142858,13.421673187501023,0.0,0.0,10.857142857142858,5.862340012931481,10.0,4.5688277428717,508.57142857142856,73.71428571428571,68.57142857142857,650.8571428571429,513.2857142857143,75.42857142857143,69.57142857142857,658.2857142857143,40.142857142857146,102.42857142857143,276.85714285714283,419.42857142857144,7,1.0,1.0700859162741247,1.0972458409086163,,0.0,0.0,0.0,-2.42170900499831,-2.4598682369161295,0.21861281826163298
2019-06-24,0.42857142857142855,0.23140815840519008,3.2857142857142856,1.5011862583721298,0.42857142857142855,0.23140815840519008,4.857142857142857,2.2191449036805397,18.857142857142858,10.181958969828361,22.714285714285715,10.37776587309429,0.0,0.0,0.0,0.0,0.0,0.0,0.0,0.0,0.0,0.0,0.0,0.0,15.428571428571429,8.330693702586842,0.0,0.0,16.142857142857142,8.716373966595492,0.14285714285714285,0.06526896775530999,14.0,7.5593331745695425,14.142857142857142,6.46162780777569,538.7142857142857,60.714285714285715,59.142857142857146,658.5714285714286,543.5714285714286,63.0,62.142857142857146,668.7142857142857,40.0,96.57142857142857,323.85714285714283,460.42857142857144,7,0.8846153846153847,0.691247348233994,0.9435979919784989,,0.0,0.0,0.0,-2.0960606721826482,-2.073336489265721,0.18199566160520608
2019-07-01,0.0,0.0,0.14285714285714285,0.06526896775530999,0.0,0.0,1.1428571428571428,0.5221517420424799,17.0,9.179190283405873,18.714285714285715,8.55023477594561,0.0,0.0,0.0,0.0,0.0,0.0,0.0,0.0,0.0,0.0,0.0,0.0,30.428571428571427,16.429979246768493,0.14285714285714285,0.06526896775530999,30.428571428571427,16.429979246768493,0.2857142857142857,0.13053793551061998,12.857142857142858,6.942244752155702,11.714285714285714,5.35205535593542,488.42857142857144,76.42857142857143,22.714285714285715,587.5714285714286,493.57142857142856,79.42857142857143,32.42857142857143,605.4285714285714,42.57142857142857,97.28571428571429,285.7142857142857,425.57142857142856,7,1.0,0.1270070491177635,0.4839046835372498,,0.0,0.0,0.004672897196261682,-2.571546838663234,-2.5120805892484284,0.1687332847070265
2019-07-08,0.2857142857142857,0.15427210560346002,2.4285714285714284,1.1095724518402699,0.2857142857142857,0.15427210560346002,2.5714285714285716,1.17484141959558,22.142857142857142,11.956088184268152,25.571428571428573,11.68314522820049,0.0,0.0,0.0,0.0,0.0,0.0,0.0,0.0,0.0,0.0,0.0,0.0,48.57142857142857,26.226257952588206,0.0,0.0,50.0,26.997618480605503,0.0,0.0,15.285714285714286,8.253557649785112,14.428571428571429,6.592165743286309,455.42857142857144,96.42857142857143,45.857142857142854,597.7142857142857,461.2857142857143,99.85714285714286,48.42857142857143,609.5714285714286,36.857142857142854,104.85714285714286,330.7142857142857,472.42857142857144,7,0.8947368421052632,0.6243072068776852,0.6547776607331979,,0.0,0.0,0.0,-3.1062906775485866,-3.134228256302449,0.23804971319311663
2019-07-15,1.5714285714285714,0.8484965808190302,3.2857142857142856,1.5011862583721298,1.5714285714285714,0.8484965808190302,5.285714285714286,2.41495180694647,21.571428571428573,11.647543973061232,24.142857142857142,11.030455550647389,0.0,0.0,0.0,0.0,0.0,0.0,0.0,0.0,0.0,0.0,0.0,0.0,44.42857142857143,23.989312421338035,0.0,0.0,45.285714285714285,24.452128738148414,0.0,0.0,15.0,8.099285544181651,12.857142857142858,5.8742070979779,534.7142857142857,93.0,39.42857142857143,667.1428571428571,541.8571428571429,95.28571428571429,42.714285714285715,679.8571428571429,38.57142857142857,110.85714285714286,316.85714285714283,466.2857142857143,7,0.6764705882352942,0.3524141198372397,0.6638123779105789,,0.0,0.0,0.0,-2.9380286372022506,-2.9563797903197284,0.1985010706638116
2019-07-22,0.7142857142857143,0.38568026400865013,0.0,0.0,3.857142857142857,2.0826734256467105,0.42857142857142855,0.19580690326592998,18.142857142857142,9.796278705819713,22.0,10.05142103431774,0.0,0.0,0.0,0.0,0.0,0.0,0.0,0.0,0.0,0.0,0.0,0.0,79.85714285714286,43.11905351616708,2.5714285714285716,1.1748414195955799,81.57142857142857,44.044686149787836,2.5714285714285716,1.1748414195955799,14.714285714285714,7.945013438578192,14.571428571428571,6.65743471104162,477.0,120.42857142857143,53.0,650.4285714285714,483.14285714285717,126.42857142857143,57.714285714285715,667.2857142857143,33.0,96.57142857142857,348.42857142857144,478.0,7,0.0,-0.34954869401416433,-0.9703335350682329,,0.0,0.0,0.03119584055459272,-2.8545168045410754,-2.8752800854727476,0.2666373819459697
2019-07-29,0.8571428571428571,0.4628163168103801,0.5714285714285714,0.26107587102123997,1.4285714285714286,0.7713605280173003,3.857142857142857,1.76226212939337,20.142857142857142,10.876183445043932,25.0,11.42206935717925,0.0,0.0,0.0,0.0,0.0,0.0,0.0,0.0,0.0,0.0,0.0,0.0,52.714285714285715,28.463203483838377,2.7142857142857144,1.24011038735089,54.0,29.157427959053944,2.857142857142857,1.3053793551062,15.285714285714286,8.253557649785112,13.285714285714286,6.0700140012438295,577.4285714285714,104.28571428571429,44.42857142857143,726.1428571428571,583.5714285714286,108.14285714285714,53.42857142857143,745.1428571428571,43.857142857142854,105.0,354.7142857142857,503.57142857142856,7,0.4,-0.19333801327026867,0.399362370863495,,0.0,0.0,0.04896907216494845,-2.3074713724316593,-2.302040389414614,0.20480031477473934
2019-08-05,0.0,0.0,3.0,1.3706483228615098,0.14285714285714285,0.07713605280173001,3.0,1.3706483228615098,20.285714285714285,10.95331949784566,26.714285714285715,12.205296970242971,0.0,0.0,0.0,0.0,0.0,0.0,0.0,0.0,0.0,0.0,0.0,0.0,43.57142857142857,23.526496104527656,0.0,0.0,44.857142857142854,24.220720579743222,0.0,0.0,13.142857142857142,7.096516857759162,11.714285714285714,5.35205535593542,557.7142857142857,88.0,18.428571428571427,664.1428571428571,565.7142857142857,90.0,19.142857142857142,674.8571428571429,38.57142857142857,93.28571428571429,365.7142857142857,497.57142857142856,7,1.0,0.7635544590144083,0.689248743097381,,0.0,0.0,0.0,-2.957098493832003,-2.985010388885345,0.1602495160249516
2019-08-12,0.8571428571428571,0.46281631681038016,1.0,0.45688277428717,1.2857142857142858,0.6942244752155702,1.4285714285714286,0.6526896775531,23.857142857142858,12.881720817888914,28.428571428571427,12.988524583306688,0.0,0.0,0.0,0.0,0.0,0.0,0.0,0.0,0.0,0.0,0.0,0.0,29.0,15.658618718751194,1.7142857142857142,0.7832276130637199,30.0,16.198571088363302,1.8571428571428572,0.8484965808190299,16.285714285714285,8.793510019397221,15.285714285714286,6.983779549818169,531.2857142857143,74.42857142857143,47.57142857142857,653.2857142857143,536.1428571428571,77.57142857142857,48.857142857142854,662.5714285714286,43.42857142857143,117.85714285714286,346.2857142857143,507.57142857142856,7,0.5384615384615384,-0.011728889917459018,-0.03248542629839424,,0.0,0.0,0.055813953488372085,-2.030194738928231,-2.0261456581773536,0.1867483052700634
2019-08-19,0.0,0.0,1.2857142857142858,0.5874207097977899,0.0,0.0,1.5714285714285714,0.7179586453084098,21.428571428571427,11.570407920259502,23.571428571428573,10.76937967962615,0.0,0.0,0.0,0.0,0.0,0.0,0.0,0.0,0.0,0.0,0.0,0.0,25.142857142857142,13.575945293104482,1.4285714285714286,0.6526896775531,26.0,14.03876160991486,1.5714285714285714,0.7179586453084099,15.0,8.099285544181651,15.285714285714286,6.983779549818169,463.2857142857143,58.857142857142854,67.14285714285714,589.2857142857143,468.2857142857143,60.714285714285715,69.71428571428571,598.7142857142857,42.285714285714285,102.85714285714286,343.7142857142857,488.85714285714283,7,1.0,0.5279547615509372,0.6069810094546506,,0.0,0.0,0.05376344086021506,-2.046184547276144,-2.038710251828331,0.2138181818181818
2019-08-26,0.42857142857142855,0.23140815840519005,1.7142857142857142,0.78322761306372,0.5714285714285714,0.30854421120692005,2.142857142857143,0.9790345163296499,21.0,11.338999761854312,25.571428571428573,11.68314522820049,0.0,0.0,0.0,0.0,0.0,0.0,0.0,0.0,0.0,0.0,0.0,0.0,41.57142857142857,22.446591365303437,7.285714285714286,3.3287173555208094,42.0,22.677999523708625,7.428571428571429,3.39398632327612,13.142857142857142,7.096516857759162,13.142857142857142,6.004745033488519,427.42857142857144,90.14285714285714,103.42857142857143,621.0,430.85714285714283,92.0,107.85714285714286,630.7142857142857,39.285714285714285,101.57142857142857,338.85714285714283,479.7142857142857,7,0.7999999999999999,0.3427576232840299,0.3861848716258365,,0.0,0.0,0.14912280701754388,-1.5446076810860756,-1.539463295211184,0.31170922475270296
2019-09-02,0.0,0.0,1.4285714285714286,0.6526896775531,0.0,0.0,1.7142857142857142,0.78322761306372,19.142857142857142,10.336231075431822,22.142857142857142,10.116690002073051,0.0,0.0,0.0,0.0,0.0,0.0,0.0,0.0,0.0,0.0,0.0,0.0,40.285714285714285,21.752366890087863,3.142857142857143,1.4359172906168198,42.42857142857143,22.909407682113812,3.142857142857143,1.4359172906168198,11.857142857142858,6.402292382543592,12.142857142857142,5.5478622592013505,425.2857142857143,109.28571428571429,121.57142857142857,656.1428571428571,432.57142857142856,113.0,123.28571428571429,668.8571428571429,36.0,87.28571428571429,300.85714285714283,424.14285714285717,7,1.0,0.5219603719018306,0.5979812916530625,,0.0,0.0,0.07236842105263157,-2.1116946728599593,-2.161297502103373,0.3518397561506641
2019-09-09,1.2857142857142858,0.6942244752155702,0.8571428571428571,0.39161380653185995,2.7142857142857144,1.4655850032328703,1.4285714285714286,0.6526896775531,19.285714285714285,10.413367128233551,22.428571428571427,10.24722793758367,0.0,0.0,0.0,0.0,0.0,0.0,0.0,0.0,0.0,0.0,0.0,0.0,24.285714285714285,13.113128976294103,0.0,0.0,25.285714285714285,13.653081345906212,0.14285714285714285,0.06526896775530999,18.714285714285715,10.104822917026633,18.0,8.223889937169059,483.7142857142857,125.57142857142857,69.14285714285714,678.4285714285714,488.0,129.42857142857142,76.85714285714286,694.2857142857143,38.857142857142854,108.14285714285714,336.85714285714283,483.85714285714283,7,0.39999999999999997,-0.1820974829382953,-0.38536150396406077,,0.0,0.0,0.0,-2.461522836909846,-2.435840664657495,0.2870077911139187
2019-09-16,0.0,0.0,0.0,0.0,0.0,0.0,0.14285714285714285,0.06526896775530999,23.857142857142858,12.881720817888914,26.142857142857142,11.94422109922173,0.0,0.0,0.0,0.0,0.0,0.0,0.0,0.0,0.0,0.0,0.0,0.0,23.285714285714285,12.573176606681992,0.0,0.0,24.285714285714285,13.113128976294103,0.0,0.0,10.571428571428571,5.708067907328021,12.428571428571429,5.678400194711969,478.7142857142857,68.14285714285714,28.142857142857142,575.0,483.57142857142856,70.85714285714286,29.571428571428573,584.0,38.142857142857146,108.42857142857143,290.14285714285717,436.7142857142857,7,,0.06992348424475958,0.13315080340320984,,0.0,0.0,0.0,-2.60366303666048,-2.6426729970311156,0.1674534161490683
2019-09-23,3.0,1.6198571088363303,4.142857142857143,1.8928000649039898,3.2857142857142856,1.7741292144397904,4.714285714285714,2.1538759359252295,19.857142857142858,10.72191133944047,24.0,10.965186582892079,0.0,0.0,0.0,0.0,0.0,0.0,0.0,0.0,0.0,0.0,0.0,0.0,21.857142857142858,11.801816078664691,0.0,0.0,23.285714285714285,12.573176606681994,0.0,0.0,12.857142857142858,6.942244752155701,11.857142857142858,5.417324323690729,467.85714285714283,76.85714285714286,62.142857142857146,606.8571428571429,471.7142857142857,80.42857142857143,65.0,617.1428571428571,44.42857142857143,106.57142857142857,290.7142857142857,441.7142857142857,7,0.5800000000000001,0.07856367510491236,0.10775379006719499,,0.0,0.0,0.0,-2.336392351144402,-2.3949008459858345,0.22904896421845572
2019-09-30,0.0,0.0,0.0,0.0,0.2857142857142857,0.15427210560346002,0.5714285714285714,0.26107587102123997,23.571428571428573,12.727448712285451,27.285714285714285,12.466372841264208,0.0,0.0,0.0,0.0,0.0,0.0,0.0,0.0,0.0,0.0,0.0,0.0,31.857142857142858,17.20133977478579,0.0,0.0,32.42857142857143,17.509883985992712,0.0,0.0,13.428571428571429,7.250788963362622,12.285714285714286,5.61313122695666,536.4285714285714,65.85714285714286,10.714285714285714,613.0,541.0,67.0,13.571428571428571,621.5714285714286,46.714285714285715,109.85714285714286,295.42857142857144,452.0,7,,0.01920170669168275,0.10769699550062573,,0.0,0.0,0.0,-2.680243629957317,-2.6970532835109817,0.12491260778373339
2019-10-07,0.2857142857142857,0.15427210560346002,0.2857142857142857,0.13053793551061998,0.42857142857142855,0.23140815840519005,0.42857142857142855,0.19580690326592998,18.571428571428573,10.027686864224902,21.428571428571427,9.790345163296498,0.0,0.0,0.0,0.0,0.0,0.0,0.0,0.0,0.0,0.0,0.0,0.0,23.142857142857142,12.496040553880263,0.8571428571428571,0.39161380653186,23.571428571428573,12.727448712285453,1.1428571428571428,0.5221517420424799,15.0,8.099285544181651,12.0,5.482593291446039,482.85714285714283,44.857142857142854,32.57142857142857,560.2857142857143,488.7142857142857,46.142857142857146,33.857142857142854,568.7142857142857,43.42857142857143,102.57142857142857,265.14285714285717,411.14285714285717,7,0.5,0.0009809650694942995,-0.007579838202457889,,0.0,0.0,0.03571428571428571,-1.9328569953285109,-1.8601971612475219,0.13819479857215702
2019-10-14,0.0,0.0,0.0,0.0,0.5714285714285714,0.30854421120692005,2.4285714285714284,1.1095724518402699,23.428571428571427,12.650312659483722,27.428571428571427,12.53164180901952,0.0,0.0,0.0,0.0,0.0,0.0,0.0,0.0,0.0,0.0,0.0,0.0,34.0,18.358380566811743,0.8571428571428571,0.39161380653186,35.285714285714285,19.052605042027313,1.0,0.45688277428717,17.142857142857142,9.256326336207602,16.571428571428573,7.571200259615959,539.0,49.57142857142857,58.285714285714285,646.8571428571429,542.7142857142857,51.57142857142857,63.714285714285715,658.0,42.57142857142857,104.14285714285714,319.14285714285717,465.85714285714283,7,,0.008731646178900654,0.4863017135567702,,0.0,0.0,0.02459016393442623,-2.4531744020670914,-2.442573063235014,0.16674028268551236
2019-10-21,2.4285714285714284,1.3113128976294102,2.2857142857142856,1.04430348408496,2.4285714285714284,1.3113128976294102,2.857142857142857,1.3053793551061996,20.0,10.799047392242201,22.0,10.05142103431774,0.0,0.0,0.0,0.0,0.0,0.0,0.0,0.0,0.0,0.0,0.0,0.0,31.428571428571427,16.969931616380602,0.42857142857142855,0.19580690326593,33.0,17.818428197199633,0.42857142857142855,0.19580690326593,14.142857142857142,7.636469227371271,14.142857142857142,6.46162780777569,507.57142857142856,59.57142857142857,80.28571428571429,647.4285714285714,513.2857142857143,62.285714285714285,84.57142857142857,660.1428571428571,43.42857142857143,104.28571428571429,283.2857142857143,431.0,7,0.4848484848484849,-0.0572988014784821,0.06288930375045787,,0.0,0.0,0.013452914798206279,-2.5636584551345223,-2.609795172764752,0.21601941747572814
2019-10-28,0.8571428571428571,0.4628163168103801,15.857142857142858,7.24485542083941,0.8571428571428571,0.4628163168103801,16.571428571428573,7.571200259615959,18.857142857142858,10.181958969828361,22.0,10.05142103431774,0.0,0.0,0.0,0.0,0.0,0.0,0.0,0.0,0.0,0.0,0.0,0.0,29.714285714285715,16.044298982759845,6.0,2.7412966457230197,30.571428571428573,16.507115299570223,6.0,2.7412966457230197,12.142857142857142,6.5565644881470515,11.571428571428571,5.28678638818011,452.7142857142857,46.57142857142857,54.142857142857146,553.4285714285714,457.57142857142856,47.714285714285715,56.57142857142857,561.8571428571429,30.571428571428573,87.85714285714286,250.28571428571428,368.7142857142857,7,0.9487179487179487,1.7409685119536373,1.7797868679039537,,0.0,0.0,0.16799999999999998,-1.3324169071982985,-1.3592085167372896,0.18198244708311823
2019-11-04,0.14285714285714285,0.07713605280173001,1.7142857142857142,0.7832276130637199,0.14285714285714285,0.07713605280173001,1.7142857142857142,0.7832276130637199,19.714285714285715,10.644775286638744,19.0,8.68077271145623,0.0,0.0,0.0,0.0,0.0,0.0,0.0,0.0,0.0,0.0,0.0,0.0,20.0,10.799047392242201,0.2857142857142857,0.13053793551061998,20.428571428571427,11.030455550647392,0.2857142857142857,0.13053793551061998,16.142857142857142,8.716373966595492,14.285714285714286,6.526896775531,435.85714285714283,56.285714285714285,38.57142857142857,530.7142857142857,441.0,58.0,39.285714285714285,538.2857142857143,45.42857142857143,104.0,263.14285714285717,412.57142857142856,7,0.9230769230769231,0.6888351546726881,0.6888351546726881,,0.0,0.0,0.014084507042253521,-2.0899955720662007,-2.1094181704782367,0.1787348586810229
2019-11-11,0.0,0.0,2.7142857142857144,1.24011038735089,0.0,0.0,2.7142857142857144,1.24011038735089,21.0,11.338999761854312,24.142857142857142,11.030455550647389,0.0,0.0,0.0,0.0,0.0,0.0,0.0,0.0,0.0,0.0,0.0,0.0,17.428571428571427,9.41059844181106,0.0,0.0,18.0,9.719142653017983,0.0,0.0,14.714285714285714,7.945013438578192,14.0,6.396358840020379,468.2857142857143,49.0,15.142857142857142,532.4285714285714,473.57142857142856,51.57142857142857,15.857142857142858,541.0,42.142857142857146,107.85714285714286,281.2857142857143,431.2857142857143,7,1.0,0.8318487061823863,0.8318487061823863,,0.0,0.0,0.0,-2.1527159793328186,-2.1819227871993907,0.12047222967534209
2019-11-18,0.5714285714285714,0.30854421120692005,0.7142857142857143,0.3263448387765499,0.5714285714285714,0.30854421120692005,1.0,0.45688277428717,21.428571428571427,11.570407920259502,24.714285714285715,11.291531421668628,0.0,0.0,0.0,0.0,0.0,0.0,0.0,0.0,0.0,0.0,0.0,0.0,14.142857142857142,7.636469227371271,0.14285714285714285,0.06526896775530999,15.142857142857142,8.176421596983381,0.14285714285714285,0.06526896775530999,17.0,9.179190283405871,16.0,7.31012438859472,457.7142857142857,65.14285714285714,14.857142857142858,537.7142857142857,463.14285714285717,69.0,16.857142857142858,549.0,47.142857142857146,130.57142857142858,273.57142857142856,451.2857142857143,7,0.5555555555555556,0.03594663826218181,0.12981878796863144,,0.0,0.0,0.01,-1.889895635176373,-1.9505391145105406,0.1487778958554729
2019-11-25,1.5714285714285714,0.8484965808190302,5.857142857142857,2.67602767796771,1.7142857142857142,0.9256326336207602,6.142857142857143,2.80656561347833,18.285714285714285,9.87341475862144,18.714285714285715,8.55023477594561,0.0,0.0,0.0,0.0,0.0,0.0,0.0,0.0,0.0,0.0,0.0,0.0,38.57142857142857,20.826734256467102,0.0,0.0,40.42857142857143,21.829502942889594,0.0,0.0,13.428571428571429,7.250788963362622,14.285714285714286,6.526896775531,478.57142857142856,79.0,76.57142857142857,634.1428571428571,481.7142857142857,84.42857142857143,80.28571428571429,646.4285714285714,40.285714285714285,102.28571428571429,217.0,359.57142857142856,7,0.7884615384615384,0.8172151431170138,0.8112278732126383,,0.0,0.0,0.0,-2.991309574860574,-3.036227702570684,0.2453255237666141
2019-12-02,0.0,0.0,0.0,0.0,0.0,0.0,0.0,0.0,18.571428571428573,10.027686864224902,21.428571428571427,9.790345163296498,0.0,0.0,0.0,0.0,0.0,0.0,0.0,0.0,0.0,0.0,0.0,0.0,10.285714285714286,5.553795801724561,0.0,0.0,10.428571428571429,5.630931854526291,0.0,0.0,13.285714285714286,7.173652910560891,12.142857142857142,5.5478622592013505,511.14285714285717,55.0,55.57142857142857,621.7142857142857,517.5714285714286,56.0,62.857142857142854,636.4285714285714,50.857142857142854,114.85714285714286,262.14285714285717,427.85714285714283,7,,0.02175733020445758,0.02175733020445758,,0.0,0.0,0.0,-1.658267095621195,-1.669968047644406,0.17784926470588236
2019-12-09,0.42857142857142855,0.23140815840519005,2.4285714285714284,1.1095724518402699,2.4285714285714284,1.3113128976294102,3.2857142857142856,1.5011862583721298,26.0,14.038761609914863,25.142857142857142,11.487338324934559,0.0,0.0,0.0,0.0,0.0,0.0,0.0,0.0,0.0,0.0,0.0,0.0,28.428571428571427,15.350074507544273,0.0,0.0,29.285714285714285,15.812890824354653,0.0,0.0,14.428571428571429,7.790741332974731,14.571428571428571,6.65743471104162,547.2857142857143,82.57142857142857,27.285714285714285,657.1428571428571,553.8571428571429,86.0,29.428571428571427,669.2857142857143,59.57142857142857,126.28571428571429,276.7142857142857,462.57142857142856,7,0.8500000000000001,0.724242717141111,0.2648651840746181,,0.0,0.0,0.0,-2.656210441549075,-2.68412389032999,0.16717391304347828
2019-12-16,1.5714285714285714,0.8484965808190302,1.2857142857142858,0.58742070979779,2.142857142857143,1.1570407920259502,4.0,1.82753109714868,23.285714285714285,12.573176606681992,23.285714285714285,10.63884174411553,0.0,0.0,0.0,0.0,0.0,0.0,0.0,0.0,0.0,0.0,0.0,0.0,32.857142857142854,17.741292144397903,0.0,0.0,34.142857142857146,18.435516619613473,0.0,0.0,15.714285714285714,8.484965808190301,17.428571428571427,7.96281406614782,459.14285714285717,138.85714285714286,48.0,646.0,465.0,142.57142857142858,52.42857142857143,660.0,60.285714285714285,135.14285714285714,263.7142857142857,459.14285714285717,7,0.45,0.0014854602817209184,0.4244142543793421,,0.0,0.0,0.0,-2.874105474584093,-2.910478394879811,0.2892525431225122
2019-12-23,0.0,0.0,0.14285714285714285,0.06526896775530999,0.0,0.0,0.2857142857142857,0.13053793551061998,25.714285714285715,13.884489504311404,22.428571428571427,10.24722793758367,0.0,0.0,0.0,0.0,0.0,0.0,0.0,0.0,0.0,0.0,0.0,0.0,27.142857142857142,14.655850032328702,3.857142857142857,1.76226212939337,28.857142857142858,15.581482665949462,4.0,1.8275310971486796,19.571428571428573,10.567639233837012,17.571428571428573,8.02808303390313,557.0,106.14285714285714,76.71428571428571,739.8571428571429,565.8571428571429,110.85714285714286,79.85714285714286,756.5714285714286,55.42857142857143,142.14285714285714,268.7142857142857,466.2857142857143,7,1.0,0.3434253243168266,0.40289157373163187,,0.0,0.0,0.12442396313364056,-1.4869232729132653,-1.5210112215419747,0.2471519598378065
2019-12-30,1.3333333333333333,0.7199364928161468,0.3333333333333333,0.1522942580957233,1.3333333333333333,0.7199364928161468,1.8333333333333333,0.8376184195264783,20.666666666666668,11.159015638650274,21.333333333333332,9.746832518126292,0.0,0.0,0.0,0.0,0.0,0.0,0.0,0.0,0.0,0.0,0.0,0.0,17.166666666666668,9.26918234500789,0.0,0.0,17.833333333333332,9.629150591415964,0.0,0.0,16.0,8.639237913793762,15.833333333333334,7.233977259546858,543.5,94.66666666666667,23.0,661.1666666666666,549.1666666666666,96.66666666666667,26.5,672.3333333333334,52.833333333333336,130.33333333333334,249.0,432.1666666666667,6,0.2,-0.2770725445181479,0.18964288947979258,,0.0,0.0,0.0,-2.171574515557654,-2.2060273930843923,0.17796823796319639
2020-01-06,0.0,0.0,0.0,0.0,0.0,0.0,0.14285714285714285,0.06526896775530999,25.714285714285715,13.884489504311402,28.571428571428573,13.053793551062,0.0,0.0,0.0,0.0,0.0,0.0,0.0,0.0,0.0,0.0,0.0,0.0,18.857142857142858,10.181958969828361,0.0,0.0,19.857142857142858,10.72191133944047,0.42857142857142855,0.19580690326593,14.285714285714286,7.713605280173001,15.428571428571429,7.04904851757348,461.2857142857143,75.57142857142857,33.285714285714285,570.1428571428571,467.42857142857144,78.0,35.142857142857146,580.5714285714286,59.0,138.42857142857142,300.57142857142856,498.0,7,,0.057427334928212836,0.1206546540866631,,0.0,0.0,0.0,-2.3349699316961305,-2.203306922451025,0.1909295915810574
2020-01-13,0.7142857142857143,0.38568026400865013,0.0,0.0,1.2857142857142858,0.6942244752155702,0.14285714285714285,0.06526896775530999,22.857142857142858,12.3417684482768,24.571428571428573,11.22626245391332,0.0,0.0,0.0,0.0,0.0,0.0,0.0,0.0,0.0,0.0,0.0,0.0,19.714285714285715,10.644775286638742,0.0,0.0,20.428571428571427,11.03045555064739,0.0,0.0,17.142857142857142,9.256326336207602,17.142857142857142,7.832276130637199,455.7142857142857,67.71428571428571,37.714285714285715,561.1428571428571,462.14285714285717,69.85714285714286,38.714285714285715,570.7142857142857,52.0,130.42857142857142,275.57142857142856,458.0,7,0.0,-0.23887788361090312,-0.37668447943072536,,0.0,0.0,0.0,-2.3053756412798645,-2.3379594322661097,0.18788187372708756
2020-01-20,1.0,0.5399523696121101,7.0,3.1981794200101894,1.4285714285714286,0.7713605280173003,8.142857142857142,3.72033116205267,24.714285714285715,13.344537134699292,22.857142857142858,10.4430348408496,0.0,0.0,0.0,0.0,0.0,0.0,0.0,0.0,0.0,0.0,0.0,0.0,29.428571428571427,15.890026877156382,0.0,0.0,30.428571428571427,16.429979246768493,0.0,0.0,15.285714285714286,8.253557649785112,16.0,7.31012438859472,431.14285714285717,80.71428571428571,15.714285714285714,527.5714285714286,435.2857142857143,83.42857142857143,17.857142857142858,536.5714285714286,50.42857142857143,124.42857142857143,287.57142857142856,462.42857142857144,7,0.875,1.228887420950399,1.2061189955603502,,0.0,0.0,0.0,-2.7191898110548003,-2.750658157800104,0.1827782290820471
2020-01-27,0.14285714285714285,0.07713605280173001,2.7142857142857144,1.24011038735089,0.42857142857142855,0.23140815840519005,3.7142857142857144,1.69699316163806,23.428571428571427,12.650312659483722,25.714285714285715,11.7484141959558,0.0,0.0,0.0,0.0,0.0,0.0,0.0,0.0,0.0,0.0,0.0,0.0,13.571428571428571,7.327925016164351,0.0,0.0,14.857142857142858,8.022149491379922,0.0,0.0,10.714285714285714,5.785203960129751,11.428571428571429,5.2215174204248,448.85714285714283,57.714285714285715,30.857142857142858,537.4285714285714,452.85714285714283,60.57142857142857,32.714285714285715,546.1428571428571,56.42857142857143,121.71428571428571,236.0,414.14285714285717,7,0.9500000000000001,0.8005749685471653,0.8523346895727961,,0.0,0.0,0.0,-2.0328838094336072,-2.112952090482864,0.16480595427963848
2020-02-03,0.2857142857142857,0.15427210560346002,0.0,0.0,0.2857142857142857,0.15427210560346002,0.42857142857142855,0.19580690326593,23.714285714285715,12.804584765087183,25.714285714285715,11.7484141959558,0.0,0.0,0.0,0.0,0.0,0.0,0.0,0.0,0.0,0.0,0.0,0.0,31.285714285714285,16.892795563578876,0.2857142857142857,0.13053793551061998,32.42857142857143,17.509883985992712,0.2857142857142857,0.13053793551061998,14.714285714285714,7.945013438578192,13.428571428571429,6.13528296899914,447.2857142857143,72.28571428571429,29.714285714285715,549.2857142857143,451.7142857142857,74.42857142857143,31.285714285714285,557.4285714285714,43.714285714285715,118.42857142857143,259.57142857142856,421.7142857142857,7,0.0,-0.0638760544480883,0.1149451359267677,,0.0,0.0,0.00904977375565611,-2.5356602708855216,-2.56956698046451,0.18569570871261376
2020-02-10,0.14285714285714285,0.07713605280173001,2.142857142857143,0.9790345163296499,0.14285714285714285,0.07713605280173001,2.142857142857143,0.9790345163296499,28.428571428571427,15.350074507544274,25.285714285714285,11.552607292689869,0.0,0.0,0.0,0.0,0.0,0.0,0.0,0.0,0.0,0.0,0.0,0.0,17.142857142857142,9.256326336207602,0.0,0.0,18.0,9.71914265301798,0.0,0.0,16.285714285714285,8.793510019397221,15.714285714285714,7.1795864530841,487.7142857142857,71.57142857142857,32.57142857142857,591.8571428571429,492.14285714285717,73.85714285714286,33.857142857142854,599.8571428571429,58.285714285714285,141.14285714285714,285.0,484.42857142857144,7,0.9375,0.8726074498131713,0.8726074498131713,,0.0,0.0,0.0,-2.147816388825905,-2.191952846147599,0.17595944967414914
2020-02-17,0.0,0.0,2.142857142857143,0.97903451632965,0.0,0.0,2.2857142857142856,1.04430348408496,23.285714285714285,12.573176606681992,23.857142857142858,10.89991761513677,0.0,0.0,0.0,0.0,0.0,0.0,0.0,0.0,0.0,0.0,0.0,0.0,19.142857142857142,10.336231075431822,0.0,0.0,20.142857142857142,10.876183445043932,0.0,0.0,15.428571428571429,8.330693702586842,16.285714285714285,7.44066232410534,401.14285714285717,46.42857142857143,68.0,515.5714285714286,406.85714285714283,48.142857142857146,72.28571428571429,527.2857142857143,50.285714285714285,120.85714285714286,263.57142857142856,434.7142857142857,7,1.0,0.8141731676195267,0.8466211967525132,,0.0,0.0,0.0,-2.327755302415323,-2.374286419507433,0.22194513715710723
2020-02-24,0.14285714285714285,0.07713605280173001,0.0,0.0,0.42857142857142855,0.23140815840519008,0.14285714285714285,0.06526896775530999,20.285714285714285,10.953319497845664,16.285714285714285,7.44066232410534,0.0,0.0,0.0,0.0,0.0,0.0,0.0,0.0,0.0,0.0,0.0,0.0,26.857142857142858,14.501577926725243,0.0,0.0,27.571428571428573,14.887258190733892,0.0,0.0,12.285714285714286,6.633700540948781,12.285714285714286,5.61313122695666,287.7142857142857,70.28571428571429,21.571428571428573,379.57142857142856,291.85714285714283,71.71428571428571,24.571428571428573,388.14285714285717,39.285714285714285,97.71428571428571,200.42857142857142,337.42857142857144,7,0.0,0.27364252618367324,0.2030172024773793,,0.0,0.0,0.0,-2.5974263462133944,-2.622001942049746,0.242002258185924
2020-03-02,0.2857142857142857,0.15427210560346002,0.8571428571428571,0.39161380653186,0.5714285714285714,0.30854421120692005,1.0,0.45688277428717,19.285714285714285,10.413367128233551,21.428571428571427,9.790345163296498,0.0,0.0,0.0,0.0,0.0,0.0,0.0,0.0,0.0,0.0,0.0,0.0,35.57142857142857,19.20687714763077,0.0,0.0,35.714285714285715,19.2840132004325,0.0,0.0,12.857142857142858,6.942244752155701,13.428571428571429,6.13528296899914,340.14285714285717,116.0,35.285714285714285,491.42857142857144,344.0,117.42857142857143,41.0,502.42857142857144,40.857142857142854,106.28571428571429,221.57142857142858,368.7142857142857,7,0.75,0.2431276075350186,0.16351729261161463,,0.0,0.0,0.0,-2.8988789590665713,-2.902689008460429,0.3078488372093023
2020-03-09,0.0,0.0,5.0,2.28441387143585,0.0,0.0,5.857142857142857,2.67602767796771,18.142857142857142,9.796278705819713,22.285714285714285,10.18195896982836,0.0,0.0,0.0,0.0,0.0,0.0,0.0,0.0,0.0,0.0,0.0,0.0,78.0,42.116284829744586,0.2857142857142857,0.13053793551061998,79.85714285714286,43.11905351616708,0.2857142857142857,0.13053793551061998,16.714285714285715,9.02491817780241,17.714285714285715,8.09335200165844,456.7142857142857,135.57142857142858,48.57142857142857,640.8571428571429,461.57142857142856,138.42857142857142,51.42857142857143,651.4285714285714,51.57142857142857,126.0,298.7142857142857,476.2857142857143,7,1.0,1.1540880474601658,1.2667325710219415,,0.0,0.0,0.00364963503649635,-3.54367698137992,-3.5666679590217685,0.28733838609005796
2020-03-16,0.0,0.0,10.428571428571429,4.76463464613763,0.0,0.0,10.714285714285714,4.895172581648249,24.0,12.958856870690642,22.714285714285715,10.377765873094289,0.0,0.0,0.0,0.0,0.0,0.0,0.0,0.0,0.0,0.0,0.0,0.0,60.142857142857146,32.47427822952834,0.0,0.0,60.57142857142857,32.705686387933525,0.0,0.0,13.428571428571429,7.250788963362622,13.142857142857142,6.004745033488519,473.14285714285717,127.57142857142857,50.714285714285715,651.4285714285714,477.42857142857144,131.28571428571428,53.285714285714285,662.0,45.42857142857143,113.28571428571429,250.14285714285714,408.85714285714283,7,1.0,1.9561948962044808,1.9785869284668736,,0.0,0.0,0.0,-3.3470562835076456,-3.353945512311794,0.27368421052631575
2020-03-23,2.4285714285714284,1.3113128976294102,4.0,1.82753109714868,2.5714285714285716,1.3884489504311404,5.0,2.28441387143585,25.571428571428573,13.807353451509671,23.714285714285715,10.834648647381458,0.0,0.0,0.0,0.0,0.0,0.0,0.0,0.0,0.0,0.0,0.0,0.0,77.0,41.576332460132484,0.2857142857142857,0.13053793551061998,78.57142857142857,42.42482904095151,1.4285714285714286,0.6526896775531,15.428571428571429,8.330693702586842,14.285714285714286,6.526896775530999,468.14285714285717,132.85714285714286,90.42857142857143,691.4285714285714,473.42857142857144,136.57142857142858,94.14285714285714,704.1428571428571,53.714285714285715,129.42857142857142,287.7142857142857,470.85714285714283,7,0.6222222222222222,0.42568056729545,0.5426363869954045,,0.0,0.0,0.003696857670979667,-3.4137784323984395,-3.053800785040657,0.3229338842975206
2020-03-30,0.42857142857142855,0.23140815840519005,6.142857142857143,2.80656561347833,1.7142857142857142,0.9256326336207602,8.285714285714286,3.7856001298079796,18.857142857142858,10.181958969828361,21.714285714285715,9.92088309880712,0.0,0.0,0.0,0.0,0.0,0.0,0.0,0.0,0.0,0.0,0.0,0.0,89.42857142857143,48.287169053882984,0.0,0.0,91.42857142857143,49.3670737931072,0.0,0.0,15.142857142857142,8.176421596983383,13.714285714285714,6.265820904509759,482.42857142857144,138.85714285714286,74.0,695.2857142857143,487.0,144.14285714285714,81.71428571428571,712.8571428571429,43.0,109.71428571428571,273.14285714285717,425.85714285714283,7,0.9347826086956521,1.152193846445246,0.9339817178184626,,0.0,0.0,0.0,-3.6642077452524644,-3.685881624506277,0.30614341483460034
2020-04-06,3.142857142857143,1.6969931616380602,8.0,3.65506219429736,5.142857142857143,2.7768979008622807,9.857142857142858,4.50355877511639,25.857142857142858,13.961625557113134,24.142857142857142,11.030455550647389,0.0,0.0,0.0,0.0,0.0,0.0,0.0,0.0,0.0,0.0,0.0,0.0,86.42857142857143,46.667311945046656,2.5714285714285716,1.1748414195955799,87.14285714285714,47.05299220905531,2.5714285714285716,1.1748414195955799,13.142857142857142,7.096516857759162,12.857142857142858,5.8742070979779,516.0,174.85714285714286,59.714285714285715,750.5714285714286,524.1428571428571,180.0,63.0,767.1428571428571,51.42857142857143,133.57142857142858,301.7142857142857,486.7142857142857,7,0.717948717948718,0.7638649925048409,0.59453915117995,,0.0,0.0,0.028892455858747997,-2.923632481521598,-2.9316910090113177,0.31252379139703085
2020-04-13,0.5714285714285714,0.30854421120692005,3.4285714285714284,1.5664552261274398,1.1428571428571428,0.6170884224138401,3.5714285714285716,1.6317241938827498,28.428571428571427,15.350074507544273,23.285714285714285,10.63884174411553,0.0,0.0,0.0,0.0,0.0,0.0,0.0,0.0,0.0,0.0,0.0,0.0,85.71428571428571,46.28163168103801,0.0,0.0,87.14285714285714,47.05299220905531,0.0,0.0,15.571428571428571,8.407829755388573,13.857142857142858,6.3310898722650695,457.57142857142856,160.42857142857142,47.0,665.0,463.2857142857143,163.0,49.42857142857143,675.7142857142857,48.285714285714285,127.71428571428571,273.57142857142856,449.57142857142856,7,0.8571428571428571,1.0134949507852145,0.8268964798486909,,0.0,0.0,0.0,-3.6067037796341648,-3.6228863024101114,0.31192266380236305
2020-04-20,0.0,0.0,1.1428571428571428,0.5221517420424799,0.14285714285714285,0.07713605280173001,2.7142857142857144,1.2401103873508899,24.142857142857142,13.035992923492373,26.285714285714285,12.009490066977039,0.0,0.0,0.0,0.0,0.0,0.0,0.0,0.0,0.0,0.0,0.0,0.0,86.14285714285714,46.513039839443195,0.0,0.0,87.14285714285714,47.05299220905531,0.14285714285714285,0.06526896775530999,13.857142857142858,7.482197121767811,13.714285714285714,6.265820904509759,557.2857142857143,149.14285714285714,55.57142857142857,762.0,564.0,151.57142857142858,63.57142857142857,779.1428571428571,53.0,127.14285714285714,301.42857142857144,481.57142857142856,7,1.0,0.49607081084092064,0.8081652860660442,,0.0,0.0,0.0,-3.7062159705745357,-3.6542888614129305,0.2686539182602175
2020-04-27,0.0,0.0,1.8571428571428572,0.8484965808190299,0.0,0.0,2.4285714285714284,1.1095724518402699,19.0,10.259095022630092,19.142857142857142,8.74604167921154,0.0,0.0,0.0,0.0,0.0,0.0,0.0,0.0,0.0,0.0,0.0,0.0,84.57142857142857,45.66454325862417,0.0,0.0,85.71428571428571,46.28163168103801,0.0,0.0,12.714285714285714,6.8651086993539705,13.0,5.93947606573321,384.7142857142857,145.71428571428572,38.285714285714285,568.7142857142857,388.0,147.57142857142858,41.285714285714285,576.8571428571429,38.142857142857146,101.85714285714286,252.71428571428572,392.7142857142857,7,1.0,0.7586876772191942,0.8908003250283114,,0.0,0.0,0.0,-3.717774551065439,-3.7309118032829973,0.3235367997990455
2020-05-04,3.0,1.6198571088363303,1.8571428571428572,0.84849658081903,3.142857142857143,1.6969931616380605,2.5714285714285716,1.1748414195955799,19.142857142857142,10.336231075431822,18.285714285714285,8.35442787267968,0.0,0.0,0.0,0.0,0.0,0.0,0.0,0.0,0.0,0.0,0.0,0.0,71.42857142857143,38.568026400865,0.8571428571428571,0.39161380653185995,72.71428571428571,39.26225087608058,1.7142857142857142,0.78322761306372,14.428571428571429,7.790741332974732,13.571428571428571,6.20055193675445,429.2857142857143,139.0,33.142857142857146,601.4285714285714,434.7142857142857,142.14285714285714,37.285714285714285,614.1428571428571,42.857142857142854,106.85714285714286,294.14285714285717,443.85714285714283,7,0.38235294117647056,-0.15659304206606928,-0.02302767133826844,,0.0,0.0,0.011857707509881422,-3.1480159270269055,-2.917447973660557,0.2862232779097387
2020-05-11,0.42857142857142855,0.23140815840519005,0.0,0.0,0.5714285714285714,0.30854421120692005,0.0,0.0,18.0,9.719142653017983,23.428571428571427,10.70411071187084,0.0,0.0,0.0,0.0,0.0,0.0,0.0,0.0,0.0,0.0,0.0,0.0,70.0,37.796665872847704,0.0,0.0,72.14285714285714,38.95370666487366,0.0,0.0,17.571428571428573,9.487734494612791,15.285714285714286,6.983779549818171,394.2857142857143,123.28571428571429,41.857142857142854,559.4285714285714,398.7142857142857,128.28571428571428,48.857142857142854,575.8571428571429,35.714285714285715,110.28571428571429,306.42857142857144,452.42857142857144,7,0.0,-0.29606730572716655,-0.3568241770637903,,0.0,0.0,0.0,-3.385539807975003,-3.414926946658573,0.29519918283963226
2020-05-18,0.0,0.0,1.7142857142857142,0.7832276130637199,0.14285714285714285,0.07713605280173001,2.4285714285714284,1.10957245184027,13.142857142857142,7.096516857759162,17.857142857142858,8.15862096941375,0.0,0.0,0.0,0.0,0.0,0.0,0.0,0.0,0.0,0.0,0.0,0.0,65.57142857142857,35.40544823599408,0.0,0.0,66.28571428571429,35.79112850000273,0.0,0.0,12.142857142857142,6.5565644881470515,12.857142857142858,5.8742070979779,403.2857142857143,97.85714285714286,37.142857142857146,538.2857142857143,407.0,99.57142857142857,40.857142857142854,547.4285714285714,27.428571428571427,69.85714285714286,262.42857142857144,359.7142857142857,7,1.0,0.4551633215603563,0.5489179150512347,,0.0,0.0,0.0,-3.5000780918327385,-3.510616394320014,0.250796178343949
2020-05-25,1.1428571428571428,0.6170884224138401,2.7142857142857144,1.2401103873508899,1.2857142857142858,0.6942244752155702,3.0,1.3706483228615098,17.428571428571427,9.41059844181106,21.285714285714285,9.725076195541188,0.0,0.0,0.0,0.0,0.0,0.0,0.0,0.0,0.0,0.0,0.0,0.0,58.142857142857146,31.394373490304115,0.0,0.0,58.857142857142854,31.780053754312767,0.0,0.0,11.571428571428571,6.248020276940132,11.285714285714286,5.156248452669489,405.14285714285717,85.42857142857143,27.428571428571427,518.0,408.42857142857144,87.28571428571429,28.285714285714285,524.0,30.714285714285715,93.14285714285714,249.57142857142858,373.42857142857144,7,0.7037037037037037,0.2961376815304382,0.3061781712154379,,0.0,0.0,0.0,-3.3147239582787362,-3.3265594214326075,0.21787093215664646
2020-06-01,0.42857142857142855,0.23140815840519008,0.7142857142857143,0.3263448387765499,0.42857142857142855,0.23140815840519008,0.8571428571428571,0.39161380653185995,18.857142857142858,10.181958969828361,26.142857142857142,11.94422109922173,0.0,0.0,0.0,0.0,0.0,0.0,0.0,0.0,0.0,0.0,0.0,0.0,63.857142857142854,34.479815602373314,0.0,0.0,64.71428571428571,34.9426319191837,0.0,0.0,13.428571428571429,7.250788963362622,15.285714285714286,6.983779549818171,351.7142857142857,88.14285714285714,36.0,475.85714285714283,355.85714285714283,89.57142857142857,37.714285714285715,483.14285714285717,34.857142857142854,92.14285714285714,309.0,436.0,7,0.625,-0.07207920950938718,-0.024042041289709992,,0.0,0.0,0.0,-3.536067059635861,-3.5490272090272508,0.26088261783248273
2020-06-08,0.0,0.0,0.0,0.0,0.0,0.0,0.0,0.0,14.714285714285714,7.945013438578192,20.428571428571427,9.333462389009329,0.0,0.0,0.0,0.0,0.0,0.0,0.0,0.0,0.0,0.0,0.0,0.0,64.0,34.55695165517505,0.0,0.0,64.85714285714286,35.019767971985424,0.0,0.0,14.571428571428571,7.867877385776461,13.714285714285714,6.265820904509759,385.85714285714283,82.14285714285714,38.42857142857143,506.42857142857144,389.2857142857143,83.71428571428571,39.57142857142857,512.5714285714286,27.571428571428573,84.85714285714286,257.85714285714283,370.2857142857143,7,,-0.14429118568203814,-0.14429118568203814,,0.0,0.0,0.0,-3.3718815029881806,-3.384813718082818,0.23808180535966147
2020-06-15,0.42857142857142855,0.23140815840519005,0.14285714285714285,0.06526896775530999,0.42857142857142855,0.23140815840519005,0.14285714285714285,0.06526896775530999,11.857142857142858,6.402292382543592,15.714285714285714,7.179586453084099,0.0,0.0,0.0,0.0,0.0,0.0,0.0,0.0,0.0,0.0,0.0,0.0,70.14285714285714,37.87380192564944,0.14285714285714285,0.06526896775530999,70.71428571428571,38.18234613685636,0.2857142857142857,0.13053793551061998,8.714285714285714,4.70529922090553,9.0,4.111944968584529,461.57142857142856,96.0,20.428571428571427,578.0,464.42857142857144,97.85714285714286,23.285714285714285,585.5714285714286,28.714285714285715,66.14285714285714,244.85714285714286,339.7142857142857,7,0.25,-0.24478289943972165,-0.24478289943972165,,0.0,0.0,0.0020325203252032522,-3.487277753280096,-3.435717244178738,0.20143351458230352
2020-06-22,0.0,0.0,0.5714285714285714,0.26107587102124,0.14285714285714285,0.07713605280173001,0.7142857142857143,0.3263448387765499,16.0,8.639237913793762,18.857142857142858,8.61550374370092,0.0,0.0,0.0,0.0,0.0,0.0,0.0,0.0,0.0,0.0,0.0,0.0,61.857142857142854,33.399910863149096,0.5714285714285714,0.26107587102123997,62.57142857142857,33.785591127157744,0.7142857142857143,0.32634483877655,13.714285714285714,7.405061068966082,13.857142857142858,6.3310898722650695,547.8571428571429,83.57142857142857,28.285714285714285,659.7142857142857,551.0,85.28571428571429,31.285714285714285,667.5714285714286,32.42857142857143,89.14285714285714,267.2857142857143,388.85714285714283,7,1.0,0.2344305043200161,0.2105864832490738,,0.0,0.0,0.009153318077803204,-3.169378909422826,-3.1300664943569503,0.1695539194456475
2020-06-29,0.0,0.0,7.142857142857143,3.2634483877655,0.0,0.0,7.285714285714286,3.3287173555208094,19.714285714285715,10.644775286638742,27.285714285714285,12.466372841264208,0.0,0.0,0.0,0.0,0.0,0.0,0.0,0.0,0.0,0.0,0.0,0.0,59.285714285714285,32.011461912717955,0.0,0.0,60.142857142857146,32.47427822952834,0.14285714285714285,0.06526896775530999,14.0,7.5593331745695425,11.714285714285714,5.35205535593542,508.85714285714283,83.57142857142857,40.714285714285715,633.1428571428571,513.2857142857143,85.28571428571429,42.0,640.5714285714286,28.571428571428573,93.0,298.14285714285717,419.7142857142857,7,1.0,1.3047402423492587,1.3199332042129657,,0.0,0.0,0.0,-3.198610983529609,-3.1493061623885104,0.19629963898916966
2020-07-06,0.42857142857142855,0.23140815840519005,1.7142857142857142,0.7832276130637199,0.7142857142857143,0.38568026400865013,2.0,0.91376554857434,16.714285714285715,9.02491817780241,19.285714285714285,8.811310646966849,0.0,0.0,0.0,0.0,0.0,0.0,0.0,0.0,0.0,0.0,0.0,0.0,62.42857142857143,33.70845507435602,0.0,0.0,63.57142857142857,34.32554349676986,0.0,0.0,8.571428571428571,4.628163168103801,9.857142857142858,4.50355877511639,593.7142857142857,96.42857142857143,17.285714285714285,707.4285714285714,599.8571428571429,98.71428571428571,21.0,719.5714285714286,31.428571428571427,80.28571428571429,257.85714285714283,369.57142857142856,7,0.7999999999999999,0.39180457284086523,0.3444195517480131,,0.0,0.0,0.0,-3.524595121337928,-3.54221811604568,0.16074313408723748
2020-07-13,3.2857142857142856,1.7741292144397904,1.5714285714285714,0.7179586453084099,3.2857142857142856,1.7741292144397904,2.142857142857143,0.9790345163296499,22.285714285714285,12.033224237069883,25.142857142857142,11.487338324934559,0.0,0.0,0.0,0.0,0.0,0.0,0.0,0.0,0.0,0.0,0.0,0.0,73.85714285714286,39.879339298494415,0.2857142857142857,0.13053793551061998,75.0,40.49642772090825,0.2857142857142857,0.13053793551061998,15.714285714285714,8.484965808190301,15.428571428571429,7.04904851757348,543.0,126.57142857142857,49.857142857142854,719.4285714285714,550.2857142857143,129.14285714285714,51.142857142857146,730.5714285714286,34.142857142857146,105.57142857142857,324.2857142857143,464.0,7,0.3235294117647059,-0.43641353870648114,-0.29494118279667303,,0.0,0.0,0.003853564547206165,-3.4237771045365832,-3.43875966526333,0.24523431294678313
2020-07-20,0.2857142857142857,0.15427210560346002,1.2857142857142858,0.58742070979779,0.42857142857142855,0.23140815840519008,1.5714285714285714,0.7179586453084099,21.285714285714285,11.493271867457773,25.857142857142858,11.81368316371111,0.0,0.0,0.0,0.0,0.0,0.0,0.0,0.0,0.0,0.0,0.0,0.0,89.71428571428571,48.441441159486445,0.0,0.0,91.42857142857143,49.3670737931072,0.0,0.0,18.0,9.71914265301798,17.142857142857142,7.832276130637199,611.1428571428571,127.57142857142857,42.57142857142857,781.2857142857143,616.0,130.57142857142858,44.142857142857146,790.7142857142857,31.285714285714285,111.14285714285714,351.0,493.42857142857144,7,0.8181818181818181,0.2933172219211633,0.307655044751324,,0.0,0.0,0.0,-3.707170540181138,-3.7257192416201055,0.21777290181020295
2020-07-27,0.0,0.0,5.714285714285714,2.6107587102124,0.0,0.0,6.142857142857143,2.80656561347833,19.428571428571427,10.490503181035281,28.0,12.792717680040758,0.0,0.0,0.0,0.0,0.0,0.0,0.0,0.0,0.0,0.0,0.0,0.0,56.714285714285715,30.62301296228682,3.0,1.3706483228615098,57.0,30.77728506789028,3.0,1.3706483228615098,11.428571428571429,6.1708842241384,12.571428571428571,5.743669162467279,577.2857142857143,80.42857142857143,90.42857142857143,748.1428571428571,582.1428571428571,81.71428571428571,100.42857142857143,764.2857142857143,27.857142857142858,83.71428571428571,359.2857142857143,470.85714285714283,7,1.0,1.1012980546181756,1.154107504157574,,0.0,0.0,0.050239234449760764,-2.529296835315467,-2.5341634499806167,0.2283750238686271
2020-08-03,0.2857142857142857,0.15427210560346002,1.7142857142857142,0.7832276130637199,0.2857142857142857,0.15427210560346002,3.2857142857142856,1.5011862583721298,16.142857142857142,8.716373966595492,28.285714285714285,12.92325561555138,0.0,0.0,0.0,0.0,0.0,0.0,0.0,0.0,0.0,0.0,0.0,0.0,67.71428571428571,36.562489028020025,0.0,0.0,68.42857142857143,36.94816929202868,0.0,0.0,11.0,5.939476065733211,11.142857142857142,5.09097948491418,598.2857142857143,88.57142857142857,45.285714285714285,732.1428571428571,603.4285714285714,90.42857142857143,49.42857142857143,743.2857142857143,33.714285714285715,83.57142857142857,300.7142857142857,418.0,7,0.8571428571428571,0.07520704656029098,0.41354718115382405,,0.0,0.0,0.0,-3.4955885471289,-3.5058038896116255,0.18282926829268295
2020-08-10,0.0,0.0,0.2857142857142857,0.13053793551061998,0.0,0.0,0.42857142857142855,0.19580690326593,21.285714285714285,11.493271867457773,25.857142857142858,11.81368316371111,0.0,0.0,0.0,0.0,0.0,0.0,0.0,0.0,0.0,0.0,0.0,0.0,103.14285714285714,55.69223012284907,3.2857142857142856,1.50118625837213,104.85714285714286,56.617862756469826,3.2857142857142856,1.50118625837213,16.142857142857142,8.716373966595492,16.142857142857142,7.375393356350029,571.1428571428571,136.28571428571428,38.714285714285715,746.1428571428571,576.7142857142857,139.42857142857142,40.142857142857146,756.2857142857143,39.857142857142854,107.71428571428571,374.7142857142857,522.2857142857143,7,1.0,0.09737022024936959,0.15349784205097006,,0.0,0.0,0.03087248322147651,-2.9723575881536517,-2.9885530586057074,0.23453953666475208
2020-08-17,0.14285714285714285,0.07713605280173001,0.14285714285714285,0.06526896775530999,0.2857142857142857,0.15427210560346002,0.14285714285714285,0.06526896775530999,15.428571428571429,8.33069370258684,26.285714285714285,12.009490066977039,0.0,0.0,0.0,0.0,0.0,0.0,0.0,0.0,0.0,0.0,0.0,0.0,97.14285714285714,52.45251590517641,0.5714285714285714,0.26107587102123997,98.57142857142857,53.22387643319371,0.5714285714285714,0.26107587102123997,12.428571428571429,6.7108365937505114,13.428571428571429,6.13528296899914,582.8571428571429,137.0,12.428571428571429,732.2857142857143,587.1428571428571,139.85714285714286,14.285714285714286,741.2857142857143,30.0,82.28571428571429,267.42857142857144,379.7142857142857,7,0.5,-0.3434481291213576,-0.4126123469125491,,0.0,0.0,0.005847953216374269,-3.6692537042207274,-3.6835813336423664,0.204057744830277
2020-08-24,4.714285714285714,2.5454897424570904,4.142857142857143,1.8928000649039898,4.714285714285714,2.5454897424570904,4.428571428571429,2.02333800041461,17.0,9.179190283405871,25.0,11.42206935717925,0.0,0.0,0.0,0.0,0.0,0.0,0.0,0.0,0.0,0.0,0.0,0.0,81.71428571428571,44.12182220258956,0.0,0.0,84.14285714285714,45.433135100218976,0.0,0.0,12.428571428571429,6.7108365937505114,11.857142857142858,5.417324323690729,502.42857142857144,139.42857142857142,44.42857142857143,686.2857142857143,507.0,143.71428571428572,45.42857142857143,696.1428571428571,32.142857142857146,89.28571428571429,294.7142857142857,416.14285714285717,7,0.467741935483871,-0.40258059650753086,-0.3584439910145951,,0.0,0.0,0.0,-3.6257405615787484,-3.6543878924188284,0.2679017485428809
2020-08-31,0.2857142857142857,0.15427210560346002,2.5714285714285716,1.17484141959558,0.42857142857142855,0.23140815840519005,3.142857142857143,1.4359172906168198,16.285714285714285,8.793510019397221,18.571428571428573,8.4849658081903,0.0,0.0,0.0,0.0,0.0,0.0,0.0,0.0,0.0,0.0,0.0,0.0,89.14285714285714,48.13289694827953,0.0,0.0,90.28571428571429,48.749985370693366,0.0,0.0,14.428571428571429,7.790741332974731,15.857142857142858,7.24485542083941,560.5714285714286,128.85714285714286,43.857142857142854,733.2857142857143,566.0,131.71428571428572,45.714285714285715,743.4285714285714,32.57142857142857,87.42857142857143,331.57142857142856,451.57142857142856,7,0.9,0.6654977424709514,0.7141769623680969,,0.0,0.0,0.0,-3.830419183518394,-3.8429005436685233,0.23553477498538866
2020-09-07,0.14285714285714285,0.07713605280173001,1.0,0.45688277428717,0.42857142857142855,0.23140815840519005,1.2857142857142858,0.5874207097977899,16.0,8.639237913793762,21.571428571428573,9.855614131051809,0.0,0.0,0.0,0.0,0.0,0.0,0.0,0.0,0.0,0.0,0.0,0.0,75.85714285714286,40.95924403771863,0.0,0.0,76.85714285714286,41.49919640733075,0.0,0.0,12.714285714285714,6.865108699353972,12.285714285714286,5.61313122695666,609.1428571428571,122.71428571428571,42.57142857142857,774.4285714285714,619.5714285714286,124.57142857142857,43.857142857142854,788.0,34.142857142857146,89.85714285714286,301.14285714285717,425.14285714285717,7,0.875,0.1831530244661046,0.13511181848493203,,0.0,0.0,0.0,-3.56331966232981,-3.576106062913094,0.2134292565947242
2020-09-14,0.0,0.0,2.7142857142857144,1.24011038735089,0.0,0.0,4.0,1.82753109714868,23.571428571428573,12.727448712285451,27.428571428571427,12.531641809019519,0.0,0.0,0.0,0.0,0.0,0.0,0.0,0.0,0.0,0.0,0.0,0.0,73.28571428571429,39.57079508728749,1.1428571428571428,0.5221517420424799,74.57142857142857,40.26501956250307,1.2857142857142858,0.5874207097977899,13.285714285714286,7.173652910560891,14.428571428571429,6.592165743286309,647.5714285714286,108.42857142857143,23.0,779.0,655.8571428571429,111.42857142857143,25.714285714285715,793.0,40.714285714285715,100.71428571428571,349.42857142857144,490.85714285714283,7,1.0,0.8208917481083047,1.053770530443279,,0.0,0.0,0.015355086372360844,-3.209124492114547,-3.1841056239155985,0.16871446909957824
2020-09-21,1.7142857142857142,0.9256326336207602,2.4285714285714284,1.1095724518402699,2.142857142857143,1.1570407920259502,3.857142857142857,1.76226212939337,17.571428571428573,9.487734494612791,23.571428571428573,10.76937967962615,0.0,0.0,0.0,0.0,0.0,0.0,0.0,0.0,0.0,0.0,0.0,0.0,66.14285714285714,35.713992447200994,0.0,0.0,66.71428571428571,36.022536658407915,0.0,0.0,9.571428571428571,5.168115537715911,7.714285714285714,3.52452425878674,668.4285714285714,109.57142857142857,51.57142857142857,829.5714285714286,676.0,110.85714285714286,56.42857142857143,843.2857142857143,34.857142857142854,78.71428571428571,290.0,403.57142857142856,7,0.5862068965517242,-0.024064042480972603,0.13201789205209558,,0.0,0.0,0.0,-3.2932770155522473,-3.301645893658357,0.1942483209919063
2020-09-28,1.2857142857142858,0.6942244752155701,3.2857142857142856,1.50118625837213,1.2857142857142858,0.6942244752155701,3.7142857142857144,1.69699316163806,16.285714285714285,8.793510019397221,27.857142857142858,12.72744871228545,0.0,0.0,0.0,0.0,0.0,0.0,0.0,0.0,0.0,0.0,0.0,0.0,64.14285714285714,34.634087707976775,1.2857142857142858,0.5874207097977899,64.57142857142857,34.86549586638197,1.7142857142857142,0.78322761306372,12.285714285714286,6.633700540948781,15.142857142857142,6.91851058206286,589.2857142857143,106.28571428571429,55.857142857142854,751.4285714285714,595.7142857142857,107.14285714285714,60.142857142857146,763.0,32.857142857142854,99.28571428571429,312.57142857142856,444.7142857142857,7,0.71875,0.051862562640861753,0.12723494856943196,,0.0,0.0,0.019650655021834062,-3.1478225994466715,-3.037981131092514,0.21577946768060835
2020-10-05,2.142857142857143,1.1570407920259502,1.4285714285714286,0.6526896775531,2.2857142857142856,1.2341768448276802,1.4285714285714286,0.6526896775531,22.142857142857142,11.956088184268152,33.285714285714285,15.20766948698723,0.0,0.0,0.0,0.0,0.0,0.0,0.0,0.0,0.0,0.0,0.0,0.0,70.28571428571429,37.950937978451165,0.0,0.0,71.85714285714286,38.799434559270196,0.14285714285714285,0.06526896775530999,13.142857142857142,7.096516857759162,15.428571428571429,7.04904851757348,663.4285714285714,132.28571428571428,38.57142857142857,834.2857142857143,670.5714285714286,135.14285714285714,39.42857142857143,845.1428571428571,38.857142857142854,101.57142857142857,323.2857142857143,463.7142857142857,7,0.4,-0.4902519579565321,-0.5253875374003485,,0.0,0.0,0.0,-3.6564227898664203,-3.6147453222137607,0.20479452054794517
2020-10-12,0.0,0.0,0.8571428571428571,0.39161380653186,0.0,0.0,1.2857142857142858,0.5874207097977899,17.0,9.179190283405871,20.714285714285715,9.464000324519949,0.0,0.0,0.0,0.0,0.0,0.0,0.0,0.0,0.0,0.0,0.0,0.0,80.14285714285714,43.27332562177053,0.0,0.0,81.57142857142857,44.044686149787836,0.14285714285714285,0.06526896775530999,11.285714285714286,6.093748171336671,12.142857142857142,5.5478622592013505,702.1428571428571,159.28571428571428,59.57142857142857,921.0,710.2857142857143,161.71428571428572,60.857142857142854,932.8571428571429,33.714285714285715,89.28571428571429,256.85714285714283,379.85714285714283,7,1.0,0.3028687278735136,0.43451514624385723,,0.0,0.0,0.0,-3.7103071321021837,-3.6643524702775023,0.23762990538234835
2020-10-19,3.4285714285714284,1.8512652672415204,0.5714285714285714,0.26107587102124,3.857142857142857,2.0826734256467105,0.8571428571428571,0.39161380653185995,21.571428571428573,11.647543973061232,32.57142857142857,14.88132464821068,0.0,0.0,0.0,0.0,0.0,0.0,0.0,0.0,0.0,0.0,0.0,0.0,100.42857142857143,54.2266451196162,0.5714285714285714,0.26107587102124,101.85714285714286,54.9980056476335,0.8571428571428571,0.39161380653185995,20.714285714285715,11.184727656250853,19.428571428571427,8.876579614722159,829.0,138.28571428571428,22.714285714285715,990.0,837.2857142857143,142.71428571428572,24.0,1004.0,46.714285714285715,124.42857142857143,380.2857142857143,551.4285714285714,7,0.14285714285714285,-1.0434784511411932,-1.0230139547301706,,0.0,0.0,0.005657708628005657,-3.5694632386358145,-3.4848349139734043,0.16262626262626262
2020-10-26,0.14285714285714285,0.07713605280173001,0.42857142857142855,0.19580690326592998,0.14285714285714285,0.07713605280173001,0.7142857142857143,0.3263448387765499,19.142857142857142,10.336231075431822,29.714285714285715,13.57594529310448,0.0,0.0,0.0,0.0,0.0,0.0,0.0,0.0,0.0,0.0,0.0,0.0,87.14285714285714,47.05299220905531,0.0,0.0,87.71428571428571,47.361536420262226,0.2857142857142857,0.13053793551061998,11.428571428571429,6.1708842241384,13.285714285714286,6.0700140012438295,882.4285714285714,116.71428571428571,56.857142857142854,1056.0,890.7142857142857,118.42857142857143,58.142857142857146,1067.2857142857142,28.571428571428573,84.57142857142857,293.7142857142857,406.85714285714283,7,0.75,-0.14685322644239074,-0.04324749945399953,,0.0,0.0,0.0,-3.8581378968182127,-3.741844717665204,0.1643668831168831
2020-11-02,1.4285714285714286,0.7713605280173003,0.8571428571428571,0.39161380653186,1.5714285714285714,0.8484965808190302,0.8571428571428571,0.39161380653186,14.714285714285714,7.945013438578193,19.857142857142858,9.07238651798809,0.0,0.0,0.0,0.0,0.0,0.0,0.0,0.0,0.0,0.0,0.0,0.0,80.28571428571429,43.350461674572266,0.0,0.0,80.42857142857143,43.427597727374,0.0,0.0,15.142857142857142,8.176421596983381,12.428571428571429,5.67840019471197,889.7142857142857,101.85714285714286,49.57142857142857,1041.142857142857,898.1428571428571,103.14285714285714,53.285714285714285,1054.5714285714287,31.428571428571427,82.71428571428571,241.85714285714286,356.0,7,0.375,-0.35998527781686507,-0.40261001628921633,,0.0,0.0,0.0,-3.4743642611675334,-3.4761019894470664,0.14544456641053788
2020-11-09,0.0,0.0,2.5714285714285716,1.1748414195955799,0.0,0.0,2.857142857142857,1.3053793551061996,20.714285714285715,11.184727656250853,28.857142857142858,13.184331486572619,0.0,0.0,0.0,0.0,0.0,0.0,0.0,0.0,0.0,0.0,0.0,0.0,90.0,48.595713265089906,0.0,0.0,90.71428571428571,48.98139352909856,0.0,0.0,11.714285714285714,6.325156329741861,11.285714285714286,5.156248452669489,902.2857142857143,116.28571428571429,40.285714285714285,1058.857142857143,910.5714285714286,118.14285714285714,43.57142857142857,1072.2857142857142,30.571428571428573,96.14285714285714,290.57142857142856,417.2857142857143,7,1.0,0.6250011484840585,0.683290639260997,,0.0,0.0,0.0,-3.7300574818643994,-3.7378038847283097,0.14786832164058283
2020-11-16,1.4285714285714286,0.7713605280173,3.142857142857143,1.4359172906168198,2.5714285714285716,1.3884489504311404,3.142857142857143,1.4359172906168198,24.714285714285715,13.344537134699292,30.142857142857142,13.771752196370409,0.0,0.0,0.0,0.0,0.0,0.0,0.0,0.0,0.0,0.0,0.0,0.0,89.14285714285714,48.13289694827953,0.0,0.0,89.42857142857143,48.287169053882984,0.0,0.0,16.142857142857142,8.716373966595492,16.285714285714285,7.44066232410534,1054.5714285714287,134.14285714285714,90.57142857142857,1279.2857142857142,1064.2857142857142,136.57142857142858,94.14285714285714,1295.0,43.42857142857143,118.42857142857143,312.42857142857144,474.2857142857143,7,0.6875,0.2892279457318234,-0.009668323606552232,,0.0,0.0,0.0,-3.7537770891787856,-3.756912064356505,0.17565605806811838
2020-11-23,0.0,0.0,0.0,0.0,0.0,0.0,0.42857142857142855,0.19580690326593,27.285714285714285,14.732986085130433,31.142857142857142,14.228634970657579,0.0,0.0,0.0,0.0,0.0,0.0,0.0,0.0,0.0,0.0,0.0,0.0,89.57142857142857,48.36430510668471,0.0,0.0,90.42857142857143,48.8271214234951,0.0,0.0,16.428571428571427,8.870646072198952,13.428571428571429,6.13528296899914,1102.857142857143,156.85714285714286,70.85714285714286,1330.5714285714287,1112.142857142857,159.14285714285714,72.71428571428571,1344.0,49.285714285714285,133.42857142857142,298.0,480.7142857142857,7,,0.03258199759450342,0.21140318796935942,,0.0,0.0,0.0,-3.574714194272909,-3.584046042631785,0.17114021902512347
2020-11-30,0.14285714285714285,0.07713605280173001,5.142857142857143,2.3496828391911597,0.14285714285714285,0.07713605280173001,5.428571428571429,2.48022077470178,25.285714285714285,13.653081345906214,27.0,12.33583490575359,0.0,0.0,0.0,0.0,0.0,0.0,0.0,0.0,0.0,0.0,0.0,0.0,89.0,48.0557608954778,0.0,0.0,89.71428571428571,48.441441159486445,0.0,0.0,17.857142857142858,9.642006600216252,17.0,7.76700716288189,1225.142857142857,138.85714285714286,78.85714285714286,1442.857142857143,1233.0,142.42857142857142,81.14285714285714,1456.5714285714287,50.285714285714285,125.71428571428571,314.42857142857144,490.42857142857144,7,0.9729729729729729,1.2287558289156264,1.266985895209256,,0.0,0.0,0.0,-3.699144061819153,-3.7069753956459177,0.1508910891089109
2020-12-07,0.2857142857142857,0.15427210560346002,0.8571428571428571,0.39161380653186,0.8571428571428571,0.4628163168103801,1.7142857142857142,0.78322761306372,20.571428571428573,11.107591603449123,24.142857142857142,11.030455550647389,0.0,0.0,0.0,0.0,0.0,0.0,0.0,0.0,0.0,0.0,0.0,0.0,98.71428571428571,53.301012485995436,0.0,0.0,99.28571428571429,53.609556697202365,0.0,0.0,10.857142857142858,5.862340012931481,10.428571428571429,4.76463464613763,1173.7142857142858,128.0,34.0,1335.7142857142858,1181.857142857143,130.28571428571428,37.857142857142854,1350.0,47.57142857142857,111.71428571428571,236.42857142857142,395.7142857142857,7,0.75,0.19338541583088897,0.20445269030834634,,0.0,0.0,0.0,-3.8202361568224665,-3.8259021824244828,0.12128342245989304
2020-12-14,0.14285714285714285,0.07713605280173001,6.571428571428571,3.0023725167442596,0.14285714285714285,0.07713605280173001,10.428571428571429,4.76463464613763,24.285714285714285,13.113128976294103,26.285714285714285,12.009490066977039,0.0,0.0,0.0,0.0,0.0,0.0,0.0,0.0,0.0,0.0,0.0,0.0,95.0,51.29547511315046,0.0,0.0,95.71428571428571,51.68115537715911,0.0,0.0,18.285714285714285,9.873414758621442,17.571428571428573,8.028083033903128,1238.0,171.85714285714286,57.42857142857143,1467.2857142857142,1248.4285714285713,174.42857142857142,62.714285714285715,1485.5714285714287,47.142857142857146,115.28571428571429,258.7142857142857,421.14285714285717,7,0.9787234042553191,1.3940079994870178,1.7588624622480018,,0.0,0.0,0.0,-3.7709291086759666,-3.7782770678841437,0.15626521273488464
2020-12-21,0.0,0.0,5.428571428571429,2.4802207747017797,0.0,0.0,5.857142857142857,2.67602767796771,22.428571428571427,12.110360289871611,23.571428571428573,10.76937967962615,0.0,0.0,0.0,0.0,0.0,0.0,0.0,0.0,0.0,0.0,0.0,0.0,87.57142857142857,47.28440036746049,0.42857142857142855,0.19580690326593,88.28571428571429,47.67008063146915,0.42857142857142855,0.19580690326593,11.571428571428571,6.248020276940131,10.857142857142858,4.960441549403559,1234.4285714285713,142.85714285714286,53.57142857142857,1430.857142857143,1241.2857142857142,144.71428571428572,55.714285714285715,1441.7142857142858,43.285714285714285,117.57142857142857,232.71428571428572,393.57142857142856,7,1.0,1.3549972958751777,1.4097342969309032,,0.0,0.0,0.00487012987012987,-3.5027035418334505,-3.5106594876422905,0.13728035143769968
2020-12-28,0.0,0.0,1.0,0.45688277428717,0.0,0.0,1.1666666666666667,0.5330299033350316,20.5,11.069023577048256,20.666666666666668,9.442244001934846,0.0,0.0,0.0,0.0,0.0,0.0,0.0,0.0,0.0,0.0,0.0,0.0,96.0,51.83542748276256,0.0,0.0,97.16666666666667,52.465371913976696,0.0,0.0,14.166666666666666,7.64932523617156,14.166666666666666,6.472505969068242,1417.6666666666667,135.83333333333334,97.5,1651.0,1425.6666666666667,138.5,99.5,1663.6666666666667,49.0,115.0,232.16666666666666,396.1666666666667,6,1.0,0.5210817001531405,0.5720287391984193,,0.0,0.0,0.0,-3.8209310442197277,-3.8327832938566453,0.1413284877851807
2021-01-04,0.14285714285714285,0.07713605280173001,1.5714285714285714,0.7179586453084099,0.7142857142857143,0.38568026400865013,2.7142857142857144,1.24011038735089,20.571428571428573,11.107591603449123,24.285714285714285,11.095724518402701,0.0,0.0,0.0,0.0,0.0,0.0,0.0,0.0,0.0,0.0,0.0,0.0,89.85714285714286,48.51857721228818,0.42857142857142855,0.19580690326593,90.42857142857143,48.8271214234951,0.8571428571428571,0.39161380653186,15.0,8.099285544181651,13.428571428571429,6.13528296899914,1468.4285714285713,116.14285714285714,80.42857142857143,1665.0,1476.5714285714287,118.71428571428571,84.42857142857143,1679.7142857142858,47.142857142857146,110.0,219.85714285714286,377.0,7,0.9166666666666667,0.4678116524751128,0.4813145768489564,,0.0,0.0,0.004746835443037974,-3.480382716626615,-3.3349513677159286,0.11806091806091805
2021-01-11,0.7142857142857143,0.38568026400865013,0.0,0.0,1.0,0.5399523696121101,0.0,0.0,22.571428571428573,12.187496342673342,20.714285714285715,9.464000324519949,0.0,0.0,0.0,0.0,0.0,0.0,0.0,0.0,0.0,0.0,0.0,0.0,90.0,48.595713265089906,0.0,0.0,90.71428571428571,48.981393529098554,0.0,0.0,15.571428571428571,8.407829755388573,16.857142857142858,7.70173819512658,1445.5714285714287,114.14285714285714,116.14285714285714,1675.857142857143,1451.857142857143,116.0,117.85714285714286,1685.7142857142858,52.0,125.0,244.57142857142858,421.57142857142856,7,0.0,-0.09486287623070488,-0.20042317894834172,,0.0,0.0,0.0,-3.8258849068725373,-3.8336313097364476,0.13741369022248742
2021-01-18,0.42857142857142855,0.23140815840519005,0.0,0.0,0.5714285714285714,0.30854421120692005,0.0,0.0,26.571428571428573,14.347305821121783,26.714285714285715,12.20529697024297,0.0,0.0,0.0,0.0,0.0,0.0,0.0,0.0,0.0,0.0,0.0,0.0,77.57142857142857,41.88487667133939,0.0,0.0,78.57142857142857,42.42482904095151,0.0,0.0,17.571428571428573,9.487734494612791,15.285714285714286,6.983779549818171,1512.7142857142858,125.42857142857143,38.0,1676.142857142857,1525.5714285714287,130.71428571428572,38.285714285714285,1694.5714285714287,52.714285714285715,134.42857142857142,270.85714285714283,458.0,7,0.0,-0.05783645141594285,-0.11859332275256662,,0.0,0.0,0.0,-3.4857247347890086,-3.498236871388862,0.09750276996505584
2021-01-25,0.0,0.0,0.2857142857142857,0.13053793551061998,0.2857142857142857,0.15427210560346002,0.42857142857142855,0.19580690326593,24.857142857142858,13.421673187501023,28.142857142857142,12.85798664779607,0.0,0.0,0.0,0.0,0.0,0.0,0.0,0.0,0.0,0.0,0.0,0.0,93.28571428571429,50.3698424795297,0.0,0.0,94.28571428571429,50.909794849141804,0.0,0.0,16.0,8.63923791379376,17.571428571428573,8.02808303390313,1453.4285714285713,124.0,82.14285714285714,1659.5714285714287,1497.2857142857142,132.42857142857142,88.42857142857143,1718.142857142857,44.142857142857146,125.71428571428571,275.7142857142857,445.57142857142856,7,1.0,0.1625640064159235,0.07522169450930516,,0.0,0.0,0.0,-3.873549283460571,-3.88400550315884,0.12421451321339415
2021-02-01,0.0,0.0,0.8571428571428571,0.39161380653186,0.8571428571428571,0.4628163168103801,2.7142857142857144,1.24011038735089,20.571428571428573,11.107591603449123,20.428571428571427,9.333462389009329,0.0,0.0,0.0,0.0,0.0,0.0,0.0,0.0,0.0,0.0,0.0,0.0,92.57142857142857,49.984162215521046,0.0,0.0,94.0,50.75552274353835,0.0,0.0,14.714285714285714,7.945013438578192,13.142857142857142,6.00474503348852,1616.142857142857,122.0,85.28571428571429,1823.4285714285713,1623.857142857143,125.28571428571429,91.0,1840.142857142857,39.714285714285715,104.28571428571429,228.0,372.0,7,1.0,0.4889093416949497,0.5846068390959165,,0.0,0.0,0.0,-3.687006601723247,-3.702022708154884,0.11367909746161078
2021-02-08,0.7142857142857143,0.38568026400865013,1.7142857142857142,0.7832276130637199,0.8571428571428571,0.4628163168103801,2.5714285714285716,1.1748414195955799,24.142857142857142,13.035992923492373,24.857142857142858,11.35680038942394,0.0,0.0,0.0,0.0,0.0,0.0,0.0,0.0,0.0,0.0,0.0,0.0,92.85714285714286,50.138434321124514,0.0,0.0,94.14285714285714,50.83265879634008,0.0,0.0,17.571428571428573,9.487734494612791,16.571428571428573,7.571200259615959,1443.857142857143,157.42857142857142,48.142857142857146,1649.4285714285713,1454.5714285714287,160.57142857142858,50.714285714285715,1665.857142857143,48.0,125.0,286.0,459.0,7,0.7058823529411765,0.37965220688670076,0.5240105928202126,,0.0,0.0,0.0,-3.7327376993031427,-3.7462217747429625,0.12463190715399272
2021-02-15,0.0,0.0,0.0,0.0,0.0,0.0,0.0,0.0,24.0,12.958856870690642,22.0,10.05142103431774,0.0,0.0,0.0,0.0,0.0,0.0,0.0,0.0,0.0,0.0,0.0,0.0,108.85714285714286,58.77767223491827,0.0,0.0,109.71428571428571,59.24048855172865,0.0,0.0,13.285714285714286,7.17365291056089,11.285714285714286,5.15624845266949,1447.7142857142858,159.57142857142858,44.714285714285715,1652.0,1455.5714285714287,161.28571428571428,50.142857142857146,1667.0,50.285714285714285,127.0,242.14285714285714,419.42857142857144,7,,0.2335551878415152,0.2335551878415152,,0.0,0.0,0.0,-3.8071838702097653,-3.8148963465198373,0.12365963334486338
2021-02-22,0.2857142857142857,0.15427210560346002,0.0,0.0,0.7142857142857143,0.38568026400865,0.14285714285714285,0.06526896775530999,23.857142857142858,12.881720817888914,24.857142857142858,11.35680038942394,0.0,0.0,0.0,0.0,0.0,0.0,0.0,0.0,0.0,0.0,0.0,0.0,93.71428571428571,50.60125063793488,0.0,0.0,94.42857142857143,50.98693090194354,0.0,0.0,13.857142857142858,7.482197121767811,13.142857142857142,6.00474503348852,1405.7142857142858,152.71428571428572,131.71428571428572,1690.142857142857,1412.0,160.28571428571428,173.85714285714286,1746.142857142857,56.42857142857143,120.57142857142857,258.85714285714283,435.85714285714283,7,0.0,-0.0271035584279673,-0.14659748996758815,,0.0,0.0,0.0,-3.7521641799079966,-3.7596106287291855,0.16828670442059
2021-03-01,0.0,0.0,0.8571428571428571,0.39161380653185995,0.0,0.0,0.8571428571428571,0.39161380653185995,24.714285714285715,13.344537134699292,22.142857142857142,10.116690002073048,0.0,0.0,0.0,0.0,0.0,0.0,0.0,0.0,0.0,0.0,0.0,0.0,90.28571428571429,48.749985370693366,0.0,0.0,91.85714285714286,49.5984819515124,0.0,0.0,16.571428571428573,8.947782125000682,13.142857142857142,6.004745033488519,1433.857142857143,136.42857142857142,92.71428571428571,1663.0,1441.857142857143,139.28571428571428,102.28571428571429,1683.4285714285713,47.857142857142854,125.28571428571429,254.57142857142858,427.7142857142857,7,1.0,0.585385685002954,0.585385685002954,,0.0,0.0,0.0,-3.5562483265715903,-3.573159731908576,0.13778884975517566
2021-03-08,0.0,0.0,2.857142857142857,1.3053793551062,0.14285714285714285,0.07713605280173001,3.4285714285714284,1.5664552261274398,28.0,15.118666349139081,28.857142857142858,13.184331486572619,0.0,0.0,0.0,0.0,0.0,0.0,0.0,0.0,0.0,0.0,0.0,0.0,91.28571428571429,49.28993774030548,0.0,0.0,91.85714285714286,49.5984819515124,0.0,0.0,18.571428571428573,10.027686864224902,16.571428571428573,7.571200259615959,1411.142857142857,141.42857142857142,108.57142857142857,1661.142857142857,1421.0,143.0,114.14285714285714,1678.142857142857,57.57142857142857,135.57142857142858,293.7142857142857,486.85714285714283,7,1.0,0.9630853041444172,0.996060003465963,,0.0,0.0,0.0,-3.6658036904566265,-3.6719202531720603,0.15049879600963192
2021-03-15,0.0,0.0,0.0,0.0,0.0,0.0,0.0,0.0,27.285714285714285,14.732986085130433,26.714285714285715,12.20529697024297,0.0,0.0,0.0,0.0,0.0,0.0,0.0,0.0,0.0,0.0,0.0,0.0,92.0,49.675618004314124,0.8571428571428571,0.39161380653186,93.42857142857143,50.446978532331435,1.0,0.45688277428717,18.571428571428573,10.027686864224902,18.0,8.22388993716906,1316.2857142857142,127.14285714285714,150.28571428571428,1593.7142857142858,1325.0,129.42857142857142,164.71428571428572,1619.142857142857,48.0,137.28571428571428,301.0,486.2857142857143,7,,0.1751414980962318,0.1751414980962318,,0.0,0.0,0.00923076923076923,-3.4163685546534692,-3.3856404197199277,0.17407673001075655
2021-03-22,0.14285714285714285,0.07713605280173001,0.0,0.0,0.5714285714285714,0.30854421120692005,0.0,0.0,25.714285714285715,13.884489504311402,28.142857142857142,12.85798664779607,0.0,0.0,0.0,0.0,0.0,0.0,0.0,0.0,0.0,0.0,0.0,0.0,81.85714285714286,44.1989582553913,0.0,0.0,82.85714285714286,44.738910625003406,0.0,0.0,16.285714285714285,8.793510019397221,15.857142857142858,7.24485542083941,1475.5714285714287,117.42857142857143,116.0,1709.0,1485.142857142857,120.28571428571429,155.57142857142858,1761.0,62.857142857142854,140.57142857142858,327.42857142857144,530.8571428571429,7,0.0,-0.002847737722389887,-0.19745725192375785,,0.0,0.0,0.0,-3.6389435362308986,-3.6508188687352514,0.13658781242163337
2021-03-29,0.14285714285714285,0.07713605280173001,0.0,0.0,0.5714285714285714,0.30854421120692005,0.14285714285714285,0.06526896775530999,24.142857142857142,13.035992923492373,25.142857142857142,11.487338324934559,0.0,0.0,0.0,0.0,0.0,0.0,0.0,0.0,0.0,0.0,0.0,0.0,93.42857142857143,50.446978532331435,0.0,0.0,94.85714285714286,51.218339060348725,0.0,0.0,16.571428571428573,8.947782125000682,17.428571428571427,7.9628140661478195,1485.0,129.57142857142858,142.14285714285714,1756.7142857142858,1493.5714285714287,132.85714285714286,168.57142857142858,1795.0,54.0,127.0,315.57142857142856,496.57142857142856,7,0.0,0.042604040696744505,-0.0887781543461732,,0.0,0.0,0.0,-3.8362863575102804,-3.851168379429919,0.15467187118809467
2021-04-05,0.0,0.0,0.0,0.0,0.14285714285714285,0.07713605280173001,0.5714285714285714,0.26107587102123997,24.428571428571427,13.190265029095832,25.857142857142858,11.81368316371111,0.0,0.0,0.0,0.0,0.0,0.0,0.0,0.0,0.0,0.0,0.0,0.0,136.71428571428572,73.81920253125563,0.0,0.0,137.57142857142858,74.28201884806602,0.0,0.0,16.428571428571427,8.870646072198952,16.0,7.31012438859472,1391.2857142857142,165.0,123.28571428571429,1679.5714285714287,1398.4285714285713,167.28571428571428,180.42857142857142,1746.142857142857,47.142857142857146,130.0,299.2857142857143,476.42857142857144,7,,0.1020425710514008,0.25970207765153575,,0.0,0.0,0.0,-4.142983838185549,-4.14915058059109,0.17164242578889172
2021-04-12,0.0,0.0,0.0,0.0,0.0,0.0,0.14285714285714285,0.06526896775530999,24.714285714285715,13.344537134699292,26.714285714285715,12.20529697024297,0.0,0.0,0.0,0.0,0.0,0.0,0.0,0.0,0.0,0.0,0.0,0.0,86.57142857142857,46.74444799784839,1.0,0.45688277428717,87.71428571428571,47.361536420262226,1.1428571428571428,0.5221517420424799,13.571428571428571,7.327925016164351,13.428571428571429,6.13528296899914,1340.2857142857142,127.28571428571429,95.57142857142857,1563.142857142857,1350.4285714285713,129.42857142857142,100.42857142857143,1580.2857142857142,49.285714285714285,122.14285714285714,296.2857142857143,467.7142857142857,7,,0.08275114752510637,0.14597846668355663,,0.0,0.0,0.011419249592169658,-3.335001302778602,-3.3040174241189457,0.14256991409248768
2021-04-19,1.2857142857142858,0.6942244752155702,1.0,0.45688277428717,1.2857142857142858,0.6942244752155702,1.0,0.45688277428717,31.857142857142858,17.201339774785794,31.428571428571427,14.3591729061682,0.0,0.0,0.0,0.0,0.0,0.0,0.0,0.0,0.0,0.0,0.0,0.0,92.71428571428571,50.06129826832278,0.0,0.0,93.28571428571429,50.3698424795297,0.0,0.0,19.0,10.259095022630092,16.285714285714285,7.44066232410534,1246.4285714285713,129.71428571428572,100.14285714285714,1476.2857142857142,1254.7142857142858,130.57142857142858,108.85714285714286,1494.142857142857,59.0,156.85714285714286,351.57142857142856,567.4285714285714,7,0.4375,0.018856294042689292,0.018856294042689292,,0.0,0.0,0.0,-3.644911369277739,-3.650935809543513,0.1556996322817883
2021-04-26,0.0,0.0,0.0,0.0,0.2857142857142857,0.15427210560346002,0.7142857142857143,0.32634483877655,23.714285714285715,12.804584765087183,22.285714285714285,10.18195896982836,0.0,0.0,0.0,0.0,0.0,0.0,0.0,0.0,0.0,0.0,0.0,0.0,113.0,61.014617766168435,0.0,0.0,113.85714285714286,61.477434082978824,0.0,0.0,14.285714285714286,7.713605280173001,14.0,6.396358840020381,1212.142857142857,152.0,79.0,1443.142857142857,1220.5714285714287,155.0,102.57142857142857,1478.142857142857,47.285714285714285,120.14285714285714,332.85714285714283,500.2857142857143,7,,0.21069909304890944,0.34965607670393783,,0.0,0.0,0.0,-3.9634723286799605,-3.9709076378763606,0.16006731340328648
2021-05-03,0.2857142857142857,0.15427210560346002,0.14285714285714285,0.06526896775530999,0.2857142857142857,0.15427210560346002,0.2857142857142857,0.13053793551061998,25.0,13.498809240302752,23.571428571428573,10.76937967962615,0.0,0.0,0.0,0.0,0.0,0.0,0.0,0.0,0.0,0.0,0.0,0.0,189.42857142857142,102.282406015094,0.0,0.0,191.0,103.13090259591301,0.0,0.0,19.714285714285715,10.644775286638742,19.0,8.68077271145623,1254.4285714285713,283.2857142857143,89.28571428571429,1627.0,1263.0,286.57142857142856,144.14285714285714,1693.7142857142858,47.714285714285715,131.71428571428572,326.2857142857143,505.7142857142857,7,0.3333333333333333,0.12832269377807526,0.18778894319288053,,0.0,0.0,0.0,-4.452751159806484,-4.460932903974774,0.22899288787426464
2021-05-10,0.0,0.0,3.142857142857143,1.4359172906168198,0.0,0.0,3.4285714285714284,1.56645522612744,23.142857142857142,12.496040553880263,26.142857142857142,11.94422109922173,0.0,0.0,0.0,0.0,0.0,0.0,0.0,0.0,0.0,0.0,0.0,0.0,194.28571428571428,104.90503181035282,0.0,0.0,196.0,105.83066444397357,0.0,0.0,16.0,8.639237913793762,14.571428571428571,6.65743471104162,1349.857142857143,232.71428571428572,190.85714285714286,1773.4285714285713,1359.142857142857,236.14285714285714,212.28571428571428,1807.5714285714287,49.57142857142857,131.0,334.85714285714283,515.4285714285714,7,1.0,0.9320703050597898,0.9842725661046035,,0.0,0.0,0.0,-4.432377748844063,-4.441079988208167,0.23884324150153052
2021-05-17,0.0,0.0,0.14285714285714285,0.06526896775530999,0.0,0.0,0.14285714285714285,0.06526896775530999,24.0,12.958856870690642,32.714285714285715,14.946593615965991,0.0,0.0,0.0,0.0,0.0,0.0,0.0,0.0,0.0,0.0,0.0,0.0,112.85714285714286,60.93748171336671,0.0,0.0,115.71428571428571,62.48020276940131,0.14285714285714285,0.06526896775530999,19.0,10.259095022630092,17.142857142857142,7.832276130637199,1254.0,139.57142857142858,109.85714285714286,1503.4285714285713,1262.857142857143,144.57142857142858,164.85714285714286,1572.2857142857142,28.857142857142858,107.42857142857143,350.85714285714283,487.14285714285717,7,1.0,-0.06990371293903497,-0.06990371293903497,,0.0,0.0,0.0,-3.883362022194572,-3.8447372760673617,0.1659064994298746
2021-05-24,0.0,0.0,0.0,0.0,0.0,0.0,0.14285714285714285,0.06526896775530999,22.142857142857142,11.956088184268152,26.857142857142858,12.27056593799828,0.0,0.0,0.0,0.0,0.0,0.0,0.0,0.0,0.0,0.0,0.0,0.0,109.57142857142857,59.16335249892692,0.0,0.0,110.14285714285714,59.471896710133834,0.0,0.0,15.428571428571429,8.330693702586842,15.142857142857142,6.91851058206286,1264.7142857142858,158.57142857142858,127.42857142857143,1550.7142857142858,1273.7142857142858,160.57142857142858,170.14285714285714,1604.4285714285713,33.0,95.14285714285714,339.14285714285717,467.2857142857143,7,,-0.02398268763389444,0.03924463152455582,,0.0,0.0,0.0,-3.9329571708615862,-3.938072506321614,0.1844311377245509
2021-05-31,0.0,0.0,0.0,0.0,0.0,0.0,0.14285714285714285,0.06526896775530999,20.857142857142858,11.261863709052582,30.0,13.706483228615099,0.0,0.0,0.0,0.0,0.0,0.0,0.0,0.0,0.0,0.0,0.0,0.0,114.85714285714286,62.01738645259093,1.8571428571428572,0.84849658081903,115.42857142857143,62.32593066379785,1.8571428571428572,0.84849658081903,15.0,8.099285544181651,14.571428571428571,6.65743471104162,1128.2857142857142,144.57142857142858,233.0,1505.857142857143,1135.0,146.0,266.57142857142856,1547.5714285714287,29.428571428571427,98.85714285714286,337.57142857142856,465.85714285714283,7,,-0.18179449814196058,-0.11856717898351032,,0.0,0.0,0.01591187270501836,-3.3565191487989527,-3.361403377448742,0.25073522436201495
2021-06-07,0.42857142857142855,0.23140815840519005,0.0,0.0,0.42857142857142855,0.23140815840519005,0.0,0.0,21.0,11.338999761854312,29.0,13.24960045432793,0.0,0.0,0.0,0.0,0.0,0.0,0.0,0.0,0.0,0.0,0.0,0.0,91.14285714285714,49.21280168750375,2.7142857142857144,1.24011038735089,91.85714285714286,49.5984819515124,2.7142857142857144,1.24011038735089,15.857142857142858,8.562101860992032,16.0,7.31012438859472,1056.2857142857142,141.14285714285714,240.42857142857142,1437.857142857143,1063.2857142857142,142.85714285714286,259.57142857142856,1465.7142857142858,29.0,104.0,354.7142857142857,487.7142857142857,7,0.0,-0.3521222681944196,-0.3521222681944196,,0.0,0.0,0.028919330289193308,-2.9694118776269804,-2.977063444629597,0.26537506209637357
2021-06-14,0.14285714285714285,0.07713605280173001,0.14285714285714285,0.06526896775530999,0.14285714285714285,0.07713605280173001,0.2857142857142857,0.13053793551061998,19.0,10.259095022630092,28.857142857142858,13.184331486572619,0.0,0.0,0.0,0.0,0.0,0.0,0.0,0.0,0.0,0.0,0.0,0.0,90.42857142857143,48.8271214234951,0.7142857142857143,0.3263448387765499,91.42857142857143,49.3670737931072,0.7142857142857143,0.3263448387765499,18.285714285714285,9.873414758621442,16.0,7.31012438859472,939.8571428571429,144.42857142857142,142.42857142857142,1226.7142857142858,947.1428571428571,147.85714285714286,195.14285714285714,1290.142857142857,28.571428571428573,108.0,376.14285714285717,512.7142857142857,7,0.5,-0.2420400872255173,-0.18257383781071201,,0.0,0.0,0.007836990595611286,-3.357286305591753,-3.368064526737715,0.23384185396529636
2021-06-21,0.2857142857142857,0.15427210560346002,0.2857142857142857,0.13053793551061998,0.2857142857142857,0.15427210560346002,0.2857142857142857,0.13053793551061998,22.857142857142858,12.3417684482768,32.142857142857146,14.685517744944748,0.0,0.0,0.0,0.0,0.0,0.0,0.0,0.0,0.0,0.0,0.0,0.0,68.0,36.716761133623486,0.2857142857142857,0.13053793551061998,70.0,37.796665872847704,0.2857142857142857,0.13053793551061998,17.285714285714285,9.33346238900933,19.857142857142858,9.07238651798809,1047.857142857143,124.85714285714286,226.85714285714286,1399.5714285714287,1055.2857142857142,128.85714285714286,242.42857142857142,1426.5714285714287,39.714285714285715,123.28571428571429,386.57142857142856,549.5714285714286,7,0.5,-0.1826146161167288,-0.1826146161167288,,0.0,0.0,0.0041841004184100415,-3.481821285985551,-3.5100510097544655,0.25130141880167395
2021-06-28,0.0,0.0,1.5714285714285714,0.7179586453084099,0.2857142857142857,0.15427210560346002,2.2857142857142856,1.0443034840849599,30.142857142857142,16.275707141165032,28.857142857142858,13.184331486572619,0.0,0.0,0.0,0.0,0.0,0.0,0.0,0.0,0.0,0.0,0.0,0.0,57.714285714285715,31.162965331898924,0.0,0.0,58.42857142857143,31.548645595907573,0.0,0.0,18.571428571428573,10.027686864224902,17.428571428571427,7.9628140661478195,1139.4285714285713,91.42857142857143,197.71428571428572,1428.5714285714287,1147.142857142857,93.57142857142857,212.28571428571428,1453.0,36.285714285714285,130.0,377.42857142857144,543.7142857142857,7,1.0,0.7383001160819216,0.7687505674164972,,0.0,0.0,0.0,-3.2634907950667866,-3.2754109072449262,0.2024
2021-07-05,0.2857142857142857,0.15427210560346002,4.571428571428571,2.08860696816992,0.2857142857142857,0.15427210560346002,6.285714285714286,2.8718345812336397,21.142857142857142,11.416135814656043,29.857142857142858,13.641214260859789,0.0,0.0,0.0,0.0,0.0,0.0,0.0,0.0,0.0,0.0,0.0,0.0,52.714285714285715,28.463203483838374,0.0,0.0,54.42857142857143,29.388836117459135,0.0,0.0,19.142857142857142,10.336231075431822,16.571428571428573,7.571200259615959,1309.857142857143,92.85714285714286,191.42857142857142,1594.142857142857,1318.142857142857,96.57142857142857,206.28571428571428,1621.0,31.142857142857142,108.57142857142857,380.57142857142856,520.2857142857143,7,0.9411764705882353,0.8194066918415168,1.045414968656845,,0.0,0.0,0.0,-3.1035460352802846,-3.1344791980281808,0.1783313917017654
2021-07-12,0.14285714285714285,0.07713605280173001,0.0,0.0,0.14285714285714285,0.07713605280173001,0.0,0.0,24.857142857142858,13.421673187501023,29.571428571428573,13.510676325349168,0.0,0.0,0.0,0.0,0.0,0.0,0.0,0.0,0.0,0.0,0.0,0.0,66.28571428571429,35.79112850000273,0.0,0.0,67.42857142857143,36.408216922416564,0.0,0.0,21.571428571428573,11.647543973061232,19.0,8.68077271145623,1160.142857142857,120.28571428571429,157.28571428571428,1437.7142857142858,1166.2857142857142,122.85714285714286,164.57142857142858,1453.7142857142858,30.142857142857142,117.57142857142857,378.2857142857143,526.0,7,0.0,-0.08045823516300699,-0.08045823516300699,,0.0,0.0,0.0,-3.3379354224124422,-3.354569063766973,0.19306438791732908
2021-07-19,0.42857142857142855,0.23140815840519005,1.2857142857142858,0.5874207097977899,0.5714285714285714,0.30854421120692005,1.4285714285714286,0.6526896775530998,25.714285714285715,13.884489504311402,30.428571428571427,13.90229013188103,0.0,0.0,0.0,0.0,0.0,0.0,0.0,0.0,0.0,0.0,0.0,0.0,81.57142857142857,44.044686149787836,0.0,0.0,82.85714285714286,44.73891062500341,0.0,0.0,19.0,10.259095022630092,18.857142857142858,8.61550374370092,1418.142857142857,123.0,96.28571428571429,1637.4285714285713,1425.7142857142858,127.42857142857143,98.14285714285714,1651.2857142857142,30.0,113.28571428571429,359.0,502.2857142857143,7,0.75,0.2527569418023461,0.2322936348495812,,0.0,0.0,0.0,-3.649855543216742,-3.665149892249135,0.13392078171348806
2021-07-26,0.0,0.0,1.5714285714285714,0.71795864530841,0.0,0.0,1.5714285714285714,0.71795864530841,22.0,11.878952131466422,25.0,11.42206935717925,0.0,0.0,0.0,0.0,0.0,0.0,0.0,0.0,0.0,0.0,0.0,0.0,148.42857142857142,80.14435886099749,0.0,0.0,149.28571428571428,80.60717517780787,0.0,0.0,16.142857142857142,8.716373966595492,16.571428571428573,7.571200259615959,1394.7142857142858,203.42857142857142,88.71428571428571,1686.857142857143,1401.4285714285713,205.57142857142858,89.57142857142857,1696.5714285714287,33.57142857142857,109.42857142857143,384.2857142857143,527.2857142857143,7,1.0,0.5772564354346099,0.5772564354346099,,0.0,0.0,0.0,-4.270825052850034,-4.276512465470628,0.17318766937669375
2021-08-02,0.14285714285714285,0.07713605280173001,0.0,0.0,0.2857142857142857,0.15427210560346002,0.0,0.0,28.142857142857142,15.195802401940812,33.42857142857143,15.27293845474254,0.0,0.0,0.0,0.0,0.0,0.0,0.0,0.0,0.0,0.0,0.0,0.0,121.28571428571429,65.48850882866877,0.0,0.0,122.71428571428571,66.25986935668608,0.0,0.0,16.285714285714285,8.793510019397221,16.0,7.31012438859472,1525.857142857143,151.0,89.57142857142857,1766.4285714285713,1535.2857142857142,153.71428571428572,96.14285714285714,1785.142857142857,24.857142857142858,112.57142857142857,381.14285714285717,518.5714285714286,7,0.0,-0.07905712886896765,-0.14822134666015918,,0.0,0.0,0.0,-4.0327837870817955,-4.044318417868,0.13619086130206226
2021-08-09,3.857142857142857,2.08267342564671,4.571428571428571,2.0886069681699198,3.857142857142857,2.08267342564671,4.571428571428571,2.0886069681699198,22.857142857142858,12.3417684482768,29.428571428571427,13.44540735759386,0.0,0.0,0.0,0.0,0.0,0.0,0.0,0.0,0.0,0.0,0.0,0.0,106.14285714285714,57.312087231685396,0.0,0.0,107.71428571428571,58.160583812504434,0.0,0.0,17.142857142857142,9.256326336207602,15.0,6.853241614307549,1669.142857142857,146.0,78.85714285714286,1894.0,1682.2857142857142,149.0,80.28571428571429,1911.5714285714287,37.42857142857143,122.85714285714286,421.2857142857143,581.5714285714286,7,0.5423728813559322,-0.077553981014856,-0.077553981014856,,0.0,0.0,0.0,-3.7988410723550805,-3.8132871784883093,0.11872077236385578
2021-08-16,0.5714285714285714,0.30854421120692005,0.14285714285714285,0.06526896775530999,1.0,0.5399523696121101,0.5714285714285714,0.26107587102123997,20.714285714285715,11.184727656250853,25.571428571428573,11.68314522820049,0.0,0.0,0.0,0.0,0.0,0.0,0.0,0.0,0.0,0.0,0.0,0.0,76.0,41.03638009052037,0.0,0.0,77.71428571428571,41.962012724141125,0.14285714285714285,0.06526896775530999,18.571428571428573,10.027686864224902,13.857142857142858,6.3310898722650695,1780.142857142857,175.57142857142858,94.0,2049.714285714286,1791.7142857142858,178.71428571428572,97.0,2067.4285714285716,30.571428571428573,101.0,304.0,435.57142857142856,7,0.2,-0.245778539509812,-0.23987689315663197,,0.0,0.0,0.0,-3.3302505292153333,-3.2888040742941564,0.13151658767772512
2021-08-23,1.2857142857142858,0.6942244752155702,1.1428571428571428,0.5221517420424799,1.5714285714285714,0.8484965808190302,1.8571428571428572,0.84849658081903,22.714285714285715,12.264632395475072,29.714285714285715,13.57594529310448,0.0,0.0,0.0,0.0,0.0,0.0,0.0,0.0,0.0,0.0,0.0,0.0,89.57142857142857,48.36430510668471,0.0,0.0,91.0,49.13566563470202,0.14285714285714285,0.06526896775530999,17.571428571428573,9.487734494612791,15.857142857142858,7.24485542083941,1883.7142857142858,172.0,87.42857142857143,2143.1428571428573,1898.5714285714287,175.0,89.71428571428571,2163.285714285714,33.714285714285715,125.57142857142857,323.2857142857143,482.57142857142856,7,0.4705882352941176,-0.20137145825940772,-0.09427131245278186,,0.0,0.0,0.0,-3.6586105838262837,-3.6108883140774344,0.12105052659645381
2021-08-30,0.0,0.0,0.14285714285714285,0.06526896775530999,0.0,0.0,0.2857142857142857,0.13053793551061998,21.285714285714285,11.493271867457773,24.0,10.965186582892079,0.0,0.0,0.0,0.0,0.0,0.0,0.0,0.0,0.0,0.0,0.0,0.0,91.14285714285714,49.21280168750375,0.14285714285714285,0.06526896775530999,92.14285714285714,49.75275405711586,0.14285714285714285,0.06526896775530999,18.428571428571427,9.950550811423172,15.142857142857142,6.918510582062859,1826.5714285714287,150.85714285714286,95.0,2072.4285714285716,1839.7142857142858,152.71428571428572,96.28571428571429,2088.714285714286,31.0,105.28571428571429,339.0,475.2857142857143,7,1.0,0.10641625265871424,0.1658825020735195,,0.0,0.0,0.001564945226917058,-3.5288560616345,-3.5395519373367654,0.11863238436616805
2021-09-06,0.0,0.0,0.0,0.0,0.14285714285714285,0.07713605280173001,0.2857142857142857,0.13053793551061998,21.571428571428573,11.647543973061232,32.42857142857143,14.816055680455369,0.0,0.0,0.0,0.0,0.0,0.0,0.0,0.0,0.0,0.0,0.0,0.0,96.85714285714286,52.29824379957295,0.0,0.0,97.85714285714286,52.83819616918505,0.0,0.0,14.571428571428571,7.8678773857764615,15.142857142857142,6.91851058206286,2064.285714285714,135.14285714285714,83.14285714285714,2282.5714285714284,2087.1428571428573,137.71428571428572,84.42857142857143,2309.285714285714,39.57142857142857,113.57142857142857,358.7142857142857,511.85714285714283,7,,-0.22356256238014405,-0.1751747097239158,,0.0,0.0,0.0,-3.8626710465326686,-3.8727508464861686,0.09563149330329203
2021-09-13,0.0,0.0,0.0,0.0,0.14285714285714285,0.07713605280173001,0.0,0.0,26.142857142857142,14.115897662716593,28.857142857142858,13.184331486572619,0.0,0.0,0.0,0.0,0.0,0.0,0.0,0.0,0.0,0.0,0.0,0.0,92.85714285714286,50.138434321124514,0.0,0.0,94.85714285714286,51.21833906034873,0.0,0.0,14.714285714285714,7.945013438578192,13.142857142857142,6.00474503348852,2361.1428571428573,122.85714285714286,89.14285714285714,2573.1428571428573,2393.8571428571427,125.57142857142857,89.85714285714286,2609.285714285714,32.0,106.28571428571429,363.2857142857143,501.57142857142856,7,,0.06360907637787161,-0.010696639539155672,,0.0,0.0,0.0,-3.690027915872894,-3.7109253182059523,0.08238951809904507
2021-09-20,0.2857142857142857,0.15427210560346002,4.285714285714286,1.9580690326592998,0.42857142857142855,0.23140815840519005,4.285714285714286,1.9580690326592998,22.857142857142858,12.3417684482768,26.0,11.87895213146642,0.0,0.0,0.0,0.0,0.0,0.0,0.0,0.0,0.0,0.0,0.0,0.0,58.857142857142854,31.780053754312764,0.0,0.0,60.42857142857143,32.6285503351318,0.0,0.0,15.0,8.099285544181651,15.714285714285714,7.1795864530841,2488.714285714286,96.14285714285714,106.28571428571429,2691.1428571428573,2542.285714285714,99.0,106.57142857142857,2747.8571428571427,39.42857142857143,121.71428571428571,343.14285714285717,504.2857142857143,7,0.9375,0.976372005845382,0.9116835807718291,,0.0,0.0,0.0,-3.383265907832007,-3.4088211131898594,0.07522029939484022
2021-09-27,7.714285714285714,4.16534685129342,4.714285714285714,2.1538759359252295,9.0,4.85957132650899,5.0,2.28441387143585,19.571428571428573,10.567639233837012,23.285714285714285,10.63884174411553,0.0,0.0,0.0,0.0,0.0,0.0,0.0,0.0,0.0,0.0,0.0,0.0,56.0,30.237332698278163,0.0,0.0,57.857142857142854,31.240101384700658,0.0,0.0,14.857142857142858,8.022149491379922,13.142857142857142,6.004745033488519,2430.714285714286,128.57142857142858,81.57142857142857,2640.8571428571427,2464.0,133.28571428571428,84.71428571428571,2682.0,33.285714285714285,90.0,265.57142857142856,388.85714285714283,7,0.3793103448275862,-0.49947655465746976,-0.5850246906319816,,0.0,0.0,0.0,-3.1885191131882666,-3.220116235159184,0.07957373147246566
2021-10-04,0.5714285714285714,0.30854421120692005,1.1428571428571428,0.5221517420424799,0.8571428571428571,0.46281631681038016,1.4285714285714286,0.6526896775531,21.571428571428573,11.647543973061232,25.714285714285715,11.7484141959558,0.0,0.0,0.0,0.0,0.0,0.0,0.0,0.0,0.0,0.0,0.0,0.0,58.714285714285715,31.702917701511037,0.0,0.0,59.714285714285715,32.24287007112314,0.0,0.0,15.571428571428571,8.407829755388573,15.428571428571429,7.04904851757348,2421.285714285714,112.42857142857143,31.857142857142858,2565.5714285714284,2453.5714285714284,114.57142857142857,33.42857142857143,2601.5714285714284,37.42857142857143,106.42857142857143,329.57142857142856,473.42857142857144,7,0.6666666666666666,0.14326588037467136,0.11409666351606029,,0.0,0.0,0.0,-3.3314758928743755,-3.3478519027621294,0.056239211537390726
2021-10-11,0.7142857142857143,0.38568026400865013,0.5714285714285714,0.26107587102123997,1.2857142857142858,0.6942244752155701,1.2857142857142858,0.5874207097977899,17.285714285714285,9.33346238900933,23.0,10.508303808604909,0.0,0.0,0.0,0.0,0.0,0.0,0.0,0.0,0.0,0.0,0.0,0.0,72.42857142857143,39.10797877047712,0.5714285714285714,0.26107587102123997,74.14285714285714,40.033611404097876,0.7142857142857143,0.32634483877655,13.142857142857142,7.096516857759161,12.142857142857142,5.54786225920135,2323.8571428571427,134.71428571428572,93.71428571428571,2552.285714285714,2395.285714285714,138.42857142857142,98.28571428571429,2632.0,27.857142857142858,88.57142857142857,275.0,391.42857142857144,7,0.4444444444444445,-0.20190740200644441,-0.17279603554861112,,0.0,0.0,0.007827788649706457,-3.247314735936712,-3.219669275941616,0.08949960819433561
2021-10-18,0.14285714285714285,0.07713605280173001,2.7142857142857144,1.2401103873508899,0.14285714285714285,0.07713605280173001,3.142857142857143,1.4359172906168198,22.0,11.878952131466422,27.428571428571427,12.53164180901952,0.0,0.0,0.0,0.0,0.0,0.0,0.0,0.0,0.0,0.0,0.0,0.0,73.57142857142857,39.725067192890954,1.4285714285714286,0.6526896775531,74.85714285714286,40.41929166810653,1.4285714285714286,0.6526896775531,16.571428571428573,8.947782125000682,17.285714285714285,7.89754509839251,2733.1428571428573,131.42857142857142,46.857142857142854,2911.4285714285716,2793.4285714285716,135.57142857142858,48.285714285714285,2977.285714285714,37.714285714285715,108.28571428571429,274.7142857142857,420.7142857142857,7,0.9500000000000001,0.6827830092706362,0.7665812608730245,,0.0,0.0,0.01904761904761905,-3.092865518801224,-3.109768469013594,0.06123650637880274
2021-10-25,0.0,0.0,0.0,0.0,0.0,0.0,0.7142857142857143,0.3263448387765499,22.857142857142858,12.3417684482768,21.857142857142858,9.986152066562429,0.0,0.0,0.0,0.0,0.0,0.0,0.0,0.0,0.0,0.0,0.0,0.0,108.85714285714286,58.77767223491827,3.2857142857142856,1.5011862583721298,111.0,59.934713026944216,3.2857142857142856,1.5011862583721298,19.857142857142858,10.721911339440473,17.714285714285715,8.09335200165844,2628.714285714286,256.57142857142856,46.57142857142857,2931.8571428571427,2693.4285714285716,268.14285714285717,49.714285714285715,3011.285714285714,38.142857142857146,109.42857142857143,251.71428571428572,399.2857142857143,7,,0.194264022363817,0.4766909397270642,,0.0,0.0,0.029299363057324838,-2.9199508374063994,-2.939121632939,0.1033961896408907
2021-11-01,2.2857142857142856,1.2341768448276802,1.7142857142857142,0.7832276130637199,3.7142857142857144,2.0055373728449806,3.2857142857142856,1.5011862583721298,17.285714285714285,9.33346238900933,23.857142857142858,10.89991761513677,0.0,0.0,0.0,0.0,0.0,0.0,0.0,0.0,0.0,0.0,0.0,0.0,90.28571428571429,48.749985370693366,1.8571428571428572,0.84849658081903,92.42857142857143,49.90702616271932,2.2857142857142856,1.04430348408496,14.571428571428571,7.867877385776461,16.285714285714285,7.4406623241053405,2601.0,259.42857142857144,45.142857142857146,2905.5714285714284,2646.285714285714,266.57142857142856,51.0,2963.8571428571427,33.714285714285715,103.85714285714286,270.0,407.57142857142856,7,0.42857142857142855,-0.3665919420445318,-0.32483532755345834,,0.0,0.0,0.020155038759689922,-3.2432628347441335,-3.165569130573694,0.10482324598062837
2021-11-08,1.4285714285714286,0.7713605280173003,2.142857142857143,0.9790345163296498,1.5714285714285714,0.8484965808190302,3.0,1.3706483228615096,27.285714285714285,14.732986085130433,28.857142857142858,13.184331486572619,0.0,0.0,0.0,0.0,0.0,0.0,0.0,0.0,0.0,0.0,0.0,0.0,49.142857142857146,26.534802163795124,3.0,1.3706483228615098,49.714285714285715,26.843346375002046,3.0,1.3706483228615098,15.0,8.099285544181653,14.0,6.396358840020379,2600.714285714286,296.85714285714283,70.42857142857143,2968.0,2643.285714285714,303.85714285714283,75.71428571428571,3022.8571428571427,37.142857142857146,116.42857142857143,298.0,451.57142857142856,7,0.6,0.21448279041491025,0.3524124158637534,,0.0,0.0,0.057534246575342465,-2.245079197757607,-2.2562224884626274,0.12374855602618405
2021-11-15,0.0,0.0,2.0,0.91376554857434,0.0,0.0,3.5714285714285716,1.63172419388275,24.0,12.958856870690642,25.428571428571427,11.61787626044518,0.0,0.0,0.0,0.0,0.0,0.0,0.0,0.0,0.0,0.0,0.0,0.0,88.28571428571429,47.67008063146915,1.0,0.45688277428717,91.0,49.13566563470202,1.1428571428571428,0.5221517420424799,19.0,10.259095022630092,17.857142857142858,8.15862096941375,2543.8571428571427,414.7142857142857,122.28571428571429,3080.8571428571427,2578.285714285714,424.42857142857144,125.71428571428571,3128.4285714285716,40.57142857142857,113.0,290.42857142857144,444.0,7,1.0,0.750072441237368,1.0686388670313787,,0.0,0.0,0.0112,-3.3022847831439415,-3.2881270598284797,0.17430214226096635
2021-11-22,7.142857142857143,3.8568026400865008,30.0,13.706483228615099,7.142857142857143,3.8568026400865008,31.714285714285715,14.48971084167882,17.571428571428573,9.487734494612791,24.714285714285715,11.291531421668628,0.0,0.0,0.0,0.0,0.0,0.0,0.0,0.0,0.0,0.0,0.0,0.0,69.85714285714286,37.71952982004598,25.857142857142858,11.81368316371111,70.85714285714286,38.25948218965808,25.857142857142858,11.81368316371111,13.714285714285714,7.405061068966082,15.0,6.853241614307549,2191.285714285714,281.57142857142856,232.42857142857142,2705.285714285714,2219.8571428571427,294.2857142857143,240.42857142857142,2754.5714285714284,38.0,101.0,281.7142857142857,420.7142857142857,7,0.8076923076923076,0.9492040121311494,1.001091566449503,,0.0,0.0,0.27014925373134324,-1.0379228805670784,-1.0517717608112358,0.1899984157997571
2021-11-29,8.166666666666666,4.409611018498899,3.1666666666666665,1.4467954519093718,8.5,4.589595141702937,3.3333333333333335,1.522942580957233,19.166666666666668,10.34908708423211,23.333333333333332,10.660598066700633,0.0,0.0,0.0,0.0,0.0,0.0,0.0,0.0,0.0,0.0,0.0,0.0,101.5,54.80516551562917,48.166666666666664,22.00652029483202,103.66666666666667,55.975062316455414,48.666666666666664,22.234961681975605,16.833333333333332,9.089198221803853,17.833333333333332,8.1477428081212,2064.0,216.0,274.1666666666667,2554.1666666666665,2081.6666666666665,220.16666666666666,279.5,2581.3333333333335,25.833333333333332,101.33333333333333,250.83333333333334,378.0,6,0.27941176470588236,-0.8204761644095235,-0.8225591121214713,,0.0,0.0,0.321826280623608,-0.7881305629001489,-0.7989973481629926,0.19190864600326266
2021-12-06,0.14285714285714285,0.07713605280173001,0.2857142857142857,0.13053793551061998,0.14285714285714285,0.07713605280173001,0.5714285714285714,0.26107587102123997,18.428571428571427,9.950550811423172,20.571428571428573,9.398731356764639,0.0,0.0,0.0,0.0,0.0,0.0,0.0,0.0,0.0,0.0,0.0,0.0,67.57142857142857,36.4853529752183,60.142857142857146,27.47823542498551,68.28571428571429,36.871033239226946,61.0,27.86984923151737,18.0,9.71914265301798,20.285714285714285,9.26819342125402,1770.857142857143,191.85714285714286,382.42857142857144,2345.1428571428573,1796.2857142857142,196.28571428571428,391.7142857142857,2384.285714285714,42.857142857142854,110.71428571428571,308.7142857142857,462.2857142857143,7,0.6666666666666666,0.10009379628660575,0.209365450230512,,0.0,0.0,0.470917225950783,-0.23183006718865418,-0.22840867812016397,0.2448830409356725
2021-12-13,2.142857142857143,1.1570407920259502,0.0,0.0,2.4285714285714284,1.3113128976294104,1.5714285714285714,0.7179586453084099,20.428571428571427,11.030455550647392,21.857142857142858,9.986152066562429,0.0,0.0,0.0,0.0,0.0,0.0,0.0,0.0,0.0,0.0,0.0,0.0,126.42857142857143,68.26540672953107,78.0,35.63685639439926,135.0,72.89356989763486,89.28571428571429,40.793104847068754,21.142857142857142,11.416135814656043,27.142857142857142,12.4011038735089,1554.4285714285713,285.14285714285717,491.57142857142856,2331.1428571428573,1635.857142857143,312.42857142857144,548.7142857142857,2497.0,45.285714285714285,125.57142857142857,331.0,501.85714285714283,7,0.0,-0.6779314582119431,-0.20587314469753348,,0.0,0.0,0.38155136268343814,-0.7132310412647911,-0.6462346233213445,0.3331903419536708
2021-12-20,0.2857142857142857,0.15427210560346002,10.142857142857142,4.63409671062701,0.5714285714285714,0.30854421120692005,14.285714285714286,6.526896775531,15.571428571428571,8.40782975538857,18.571428571428573,8.4849658081903,0.0,0.0,0.0,0.0,0.0,0.0,0.0,0.0,0.0,0.0,0.0,0.0,120.0,64.79428435345321,49.0,22.387255940071327,123.14285714285714,66.49127751509127,52.285714285714285,23.88844219844346,18.0,9.71914265301798,20.142857142857142,9.20292445349871,1542.4285714285713,255.28571428571428,595.2857142857143,2393.0,1571.2857142857142,262.57142857142856,631.7142857142857,2465.5714285714284,41.57142857142857,113.28571428571429,255.28571428571428,410.14285714285717,7,0.9726027397260273,1.5772011978476417,1.7414019086609482,,0.0,0.0,0.28994082840236685,-0.9849849288463073,-0.9482380548331304,0.35544146618112354
2021-12-27,2.0,1.0799047392242203,13.833333333333334,6.320211710972518,2.0,1.0799047392242203,18.0,8.22388993716906,18.5,9.989118837824037,16.666666666666668,7.614712904786166,0.0,0.0,0.0,0.0,0.0,0.0,0.0,0.0,0.0,0.0,0.0,0.0,145.5,78.56306977856202,57.833333333333336,26.423053779607997,153.5,82.8826887354589,65.33333333333333,29.84967458676177,20.166666666666668,10.88903945384422,20.5,9.366096872886985,1389.8333333333333,302.1666666666667,592.6666666666666,2284.6666666666665,1433.8333333333333,318.5,634.6666666666666,2387.0,44.666666666666664,111.5,236.5,392.6666666666667,6,0.8736842105263158,1.5017511978782774,1.7329087987312117,,0.0,0.0,0.28442622950819674,-0.9280896428255723,-0.8632167016017784,0.3916690983367377
2022-01-03,0.7142857142857143,0.38568026400865013,3.142857142857143,1.4359172906168198,0.7142857142857143,0.38568026400865013,3.2857142857142856,1.5011862583721298,22.142857142857142,11.956088184268152,19.857142857142858,9.07238651798809,0.0,0.0,0.0,0.0,0.0,0.0,0.0,0.0,0.0,0.0,0.0,0.0,164.85714285714286,89.01500493319644,88.42857142857143,40.40149104053689,168.14285714285714,90.78913414763623,93.28571428571429,42.62063594421743,20.0,10.799047392242201,22.857142857142858,10.4430348408496,1386.7142857142858,308.85714285714283,670.2857142857143,2365.8571428571427,1404.142857142857,316.42857142857144,700.5714285714286,2421.1428571428573,48.142857142857146,129.14285714285714,298.2857142857143,475.57142857142856,7,0.8148148148148148,0.8159003481435685,0.842342074502985,,0.0,0.0,0.34912577552171464,-0.7460219175786018,-0.7133260216794293,0.4138638971076626
2022-01-10,0.42857142857142855,0.23140815840519008,3.142857142857143,1.4359172906168198,0.42857142857142855,0.23140815840519008,3.2857142857142856,1.5011862583721298,20.857142857142858,11.261863709052582,24.428571428571427,11.16099348615801,0.0,0.0,0.0,0.0,0.0,0.0,0.0,0.0,0.0,0.0,0.0,0.0,145.28571428571428,78.44736569935942,99.71428571428571,45.55773949320638,147.71428571428572,79.75867859698883,101.14285714285714,46.210429170759475,20.714285714285715,11.184727656250853,19.714285714285715,9.00711755023278,1444.5714285714287,198.57142857142858,871.4285714285714,2514.5714285714284,1465.7142857142858,203.0,884.0,2552.714285714286,43.0,131.14285714285714,289.2857142857143,463.42857142857144,7,0.88,0.6904253975509,0.7168671239103166,,0.0,0.0,0.4069970845481049,-0.33751474263270653,-0.33996386477234175,0.42551982729235316
2022-01-17,1.0,0.5399523696121101,0.0,0.0,1.1428571428571428,0.6170884224138401,0.0,0.0,18.0,9.71914265301798,17.714285714285715,8.09335200165844,0.0,0.0,0.0,0.0,0.0,0.0,0.0,0.0,0.0,0.0,0.0,0.0,169.28571428571428,91.40622257005006,83.57142857142857,38.182346136856346,170.85714285714286,92.2547191508691,84.42857142857143,38.57395994338821,20.0,10.799047392242201,23.857142857142858,10.89991761513677,1284.2857142857142,231.42857142857142,849.8571428571429,2365.5714285714284,1297.7142857142858,235.57142857142858,865.1428571428571,2398.4285714285716,49.857142857142854,120.57142857142857,307.14285714285717,477.57142857142856,7,0.0,-0.26726390835047775,-0.3161396833282164,,0.0,0.0,0.3305084745762712,-0.8664807067606728,-0.8656760182388163,0.45709281961471104
2022-01-24,0.0,0.0,0.0,0.0,0.0,0.0,0.0,0.0,22.285714285714285,12.033224237069883,26.0,11.87895213146642,0.0,0.0,0.0,0.0,0.0,0.0,0.0,0.0,0.0,0.0,0.0,0.0,139.0,75.0533793760833,92.85714285714286,42.4248290409515,140.71428571428572,75.97901200970406,93.85714285714286,42.88171181523867,20.0,10.799047392242201,25.285714285714285,11.552607292689869,1210.142857142857,206.42857142857142,842.2857142857143,2258.8571428571427,1219.857142857143,209.42857142857142,851.8571428571429,2281.1428571428573,47.0,127.0,336.42857142857144,510.42857142857144,7,,0.011907446616878037,0.011907446616878037,,0.0,0.0,0.40049291435613066,-0.6223136763838255,-0.6239447651285142,0.46426764482671395
2022-01-31,0.5714285714285714,0.30854421120692005,0.42857142857142855,0.19580690326593,0.8571428571428571,0.4628163168103801,0.42857142857142855,0.19580690326593,21.142857142857142,11.416135814656043,21.428571428571427,9.790345163296498,0.0,0.0,0.0,0.0,0.0,0.0,0.0,0.0,0.0,0.0,0.0,0.0,83.85714285714286,45.278862994615515,63.42857142857143,28.979421683357636,85.42857142857143,46.12735957543455,65.71428571428571,30.023725167442596,24.285714285714285,13.113128976294103,25.857142857142858,11.813683163711108,1146.0,178.0,730.2857142857143,2054.285714285714,1152.4285714285713,182.14285714285714,773.5714285714286,2108.1428571428573,48.142857142857146,139.57142857142858,312.57142857142856,500.2857142857143,7,0.42857142857142855,0.05025109437540687,-0.061197237242394564,,0.0,0.0,0.43064985451018434,-0.3375822315532866,-0.32150957522865786,0.4421418636995828
2022-02-07,0.0,0.0,0.8571428571428571,0.39161380653186,0.0,0.0,1.2857142857142858,0.5874207097977899,24.571428571428573,13.267401081897562,22.571428571428573,10.312496905338978,0.0,0.0,0.0,0.0,0.0,0.0,0.0,0.0,0.0,0.0,0.0,0.0,88.57142857142857,47.82435273707261,50.285714285714285,22.97467664986912,90.14285714285714,48.67284931789163,50.57142857142857,23.10521458537974,22.285714285714285,12.033224237069883,22.428571428571427,10.24722793758367,1020.0,174.42857142857142,706.8571428571429,1901.2857142857142,1028.142857142857,177.14285714285714,714.1428571428571,1919.4285714285713,45.142857142857146,133.42857142857142,319.14285714285717,497.7142857142857,7,1.0,0.5625333404159227,0.6941797587862664,,0.0,0.0,0.3621399176954732,-0.5638509711827759,-0.575650187520445,0.4635209256893832
2022-02-14,0.0,0.0,2.5714285714285716,1.17484141959558,0.0,0.0,2.857142857142857,1.3053793551062,21.428571428571427,11.570407920259502,22.0,10.05142103431774,0.0,0.0,0.0,0.0,0.0,0.0,0.0,0.0,0.0,0.0,0.0,0.0,91.71428571428571,49.52134589871066,34.857142857142854,15.92562813229564,94.14285714285714,50.83265879634008,38.0,17.36154542291246,19.857142857142858,10.72191133944047,22.0,10.05142103431774,1082.142857142857,199.0,529.0,1810.142857142857,1095.142857142857,205.57142857142858,577.4285714285714,1878.142857142857,44.857142857142854,139.42857142857142,308.14285714285717,492.42857142857144,7,1.0,0.9057422052313715,0.96403169600831,,0.0,0.0,0.27539503386004516,-1.0346661728994762,-0.978861039943852,0.40217820219398626
2022-02-21,0.0,0.0,0.0,0.0,0.0,0.0,0.0,0.0,20.285714285714285,10.953319497845664,21.285714285714285,9.72507619554119,0.0,0.0,0.0,0.0,0.0,0.0,0.0,0.0,0.0,0.0,0.0,0.0,138.14285714285714,74.59056305927291,40.142857142857146,18.340579939242108,141.0,76.13328411530753,44.857142857142854,20.49445587516734,20.285714285714285,10.953319497845664,21.285714285714285,9.72507619554119,1185.5714285714287,217.85714285714286,402.42857142857144,1805.857142857143,1200.0,225.0,442.14285714285717,1867.142857142857,53.42857142857143,142.71428571428572,256.57142857142856,452.7142857142857,7,,0.10842445278146506,0.10842445278146506,,0.0,0.0,0.22516025641025644,-1.2547015192614235,-1.1693153996104684,0.34348548374337473
2022-02-28,2.142857142857143,1.1570407920259502,1.5714285714285714,0.7179586453084099,2.142857142857143,1.1570407920259502,1.8571428571428572,0.84849658081903,25.714285714285715,13.884489504311402,27.857142857142858,12.72744871228545,0.0,0.0,0.0,0.0,0.0,0.0,0.0,0.0,0.0,0.0,0.0,0.0,124.28571428571429,67.10836593750511,29.0,13.24960045432793,131.57142857142858,71.04230463039335,34.142857142857146,15.59928329351909,23.428571428571427,12.65031265948372,22.428571428571427,10.24722793758367,1082.2857142857142,198.42857142857142,325.0,1605.7142857142858,1097.2857142857142,215.57142857142858,378.0,1690.857142857143,44.0,139.14285714285714,308.57142857142856,491.7142857142857,7,0.4230769230769231,-0.14667821297112793,-0.07344231514096178,,0.0,0.0,0.1891891891891892,-1.3707304513297798,-1.2742532573516852,0.3259786476868327
2022-03-07,0.8571428571428571,0.46281631681038016,0.7142857142857143,0.32634483877655,1.4285714285714286,0.7713605280173003,2.5714285714285716,1.17484141959558,24.428571428571427,13.190265029095832,22.571428571428573,10.312496905338978,0.0,0.0,0.0,0.0,0.0,0.0,0.0,0.0,0.0,0.0,0.0,0.0,153.14285714285714,82.68984860345458,61.857142857142854,28.261463038049225,155.57142857142858,84.00116150108398,62.57142857142857,28.58780787682578,20.571428571428573,11.107591603449121,21.142857142857142,9.65980722778588,1051.7142857142858,195.0,414.0,1660.7142857142858,1058.142857142857,200.0,448.2857142857143,1706.4285714285713,43.714285714285715,133.85714285714286,322.85714285714283,500.42857142857144,7,0.4545454545454546,0.12871148833354606,0.43185597284347743,,0.0,0.0,0.2877076411960133,-0.9234939651516143,-0.9279502144580016,0.36670967741935484
2022-03-14,0.0,0.0,0.14285714285714285,0.06526896775530999,0.0,0.0,0.14285714285714285,0.06526896775530999,27.428571428571427,14.810122137932163,22.571428571428573,10.312496905338978,0.0,0.0,0.0,0.0,0.0,0.0,0.0,0.0,0.0,0.0,0.0,0.0,160.14285714285714,86.46951519073934,16.857142857142858,7.7017381951265795,163.71428571428572,88.3979165107826,18.428571428571427,8.41969684043499,21.571428571428573,11.647543973061232,24.0,10.965186582892079,1002.0,206.14285714285714,237.28571428571428,1445.4285714285713,1009.2857142857143,211.71428571428572,284.7142857142857,1505.7142857142858,41.42857142857143,136.42857142857142,339.2857142857143,517.1428571428571,7,1.0,0.3979696602445819,0.3979696602445819,,0.0,0.0,0.09523809523809525,-2.252305807890282,-2.1948327424324403,0.3067799960466496
2022-03-21,0.7142857142857143,0.38568026400865,3.2857142857142856,1.50118625837213,0.7142857142857143,0.38568026400865,4.285714285714286,1.9580690326592998,24.714285714285715,13.344537134699292,26.142857142857142,11.94422109922173,0.0,0.0,0.0,0.0,0.0,0.0,0.0,0.0,0.0,0.0,0.0,0.0,132.71428571428572,71.65939305280719,14.142857142857142,6.461627807775689,134.57142857142858,72.66216173922967,14.714285714285714,6.72270367879693,23.142857142857142,12.496040553880261,23.285714285714285,10.63884174411553,1083.5714285714287,189.28571428571428,289.42857142857144,1562.2857142857142,1092.857142857143,193.85714285714286,307.57142857142856,1594.2857142857142,51.857142857142854,154.85714285714286,339.2857142857143,546.0,7,0.8214285714285714,0.6932936791406541,0.8610652580880676,,0.0,0.0,0.09630350194552528,-2.127960659011662,-2.107276318645275,0.30641916605705927
2022-03-28,0.7142857142857143,0.38568026400865013,3.5714285714285716,1.63172419388275,1.5714285714285714,0.8484965808190302,4.285714285714286,1.9580690326592998,25.571428571428573,13.807353451509671,25.0,11.42206935717925,0.0,0.0,0.0,0.0,0.0,0.0,0.0,0.0,0.0,0.0,0.0,0.0,93.85714285714286,50.678386690736616,44.57142857142857,20.36391793965672,96.57142857142857,52.14397169396949,48.42857142857143,22.12618006905009,18.285714285714285,9.87341475862144,22.428571428571427,10.24722793758367,1078.142857142857,178.57142857142858,301.14285714285717,1557.857142857143,1087.5714285714287,184.42857142857142,337.42857142857144,1609.4285714285713,46.0,135.85714285714286,272.42857142857144,454.2857142857143,7,0.8333333333333334,0.8170972686816853,0.645813286616097,,0.0,0.0,0.32198142414860675,-0.9171371160017685,-0.8658402613366896,0.30793214121962403
2022-04-04,0.0,0.0,1.2857142857142858,0.5874207097977899,0.0,0.0,1.4285714285714286,0.6526896775531,21.0,11.338999761854312,20.714285714285715,9.464000324519949,0.0,0.0,0.0,0.0,0.0,0.0,0.0,0.0,0.0,0.0,0.0,0.0,87.71428571428571,47.361536420262226,20.285714285714285,9.26819342125402,88.42857142857143,47.74721668427088,21.428571428571427,9.790345163296498,18.571428571428573,10.027686864224902,17.428571428571427,7.9628140661478195,1098.0,140.0,217.85714285714286,1455.857142857143,1106.7142857142858,142.0,242.42857142857142,1491.142857142857,44.0,132.42857142857142,269.7142857142857,446.14285714285717,7,1.0,0.6269346368415878,0.6672282012254471,,0.0,0.0,0.18783068783068782,-1.3423288450140225,-1.300671483628287,0.24580512216661762
2022-04-11,0.0,0.0,1.2857142857142858,0.58742070979779,0.2857142857142857,0.15427210560346002,1.7142857142857142,0.78322761306372,20.571428571428573,11.107591603449123,22.142857142857142,10.116690002073048,0.0,0.0,0.0,0.0,0.0,0.0,0.0,0.0,0.0,0.0,0.0,0.0,98.57142857142857,53.22387643319371,10.142857142857142,4.63409671062701,102.14285714285714,55.15227775323695,12.857142857142858,5.8742070979779,15.571428571428571,8.407829755388573,17.714285714285715,8.09335200165844,1044.857142857143,172.0,239.85714285714286,1456.7142857142858,1062.5714285714287,182.57142857142858,291.2857142857143,1536.4285714285713,40.285714285714285,112.28571428571429,285.85714285714283,438.42857142857144,7,1.0,0.5474955822349818,0.520340132661854,,0.0,0.0,0.09329829172141918,-2.2302858032075035,-2.066292242179828,0.28273021476904975
2022-04-18,0.0,0.0,1.2857142857142858,0.5874207097977899,0.14285714285714285,0.07713605280173001,3.5714285714285716,1.63172419388275,19.285714285714285,10.413367128233551,22.571428571428573,10.312496905338978,0.0,0.0,0.0,0.0,0.0,0.0,0.0,0.0,0.0,0.0,0.0,0.0,103.42857142857143,55.846502228452536,21.714285714285715,9.92088309880712,106.85714285714286,57.69776749569405,27.0,12.33583490575359,17.142857142857142,9.256326336207602,16.428571428571427,7.50593129186065,1047.7142857142858,142.28571428571428,267.14285714285717,1457.142857142857,1063.7142857142858,147.0,326.57142857142856,1537.2857142857142,41.857142857142854,118.71428571428571,291.0,451.57142857142856,7,1.0,0.47098769209127544,0.902210690635016,,0.0,0.0,0.17351598173515984,-1.4625468555431738,-1.2948159283552134,0.28098039215686277
2022-04-25,0.7142857142857143,0.38568026400865013,1.7142857142857142,0.7832276130637199,3.142857142857143,1.6969931616380602,3.7142857142857144,1.69699316163806,23.0,12.418904501078531,24.857142857142858,11.35680038942394,0.0,0.0,0.0,0.0,0.0,0.0,0.0,0.0,0.0,0.0,0.0,0.0,85.71428571428571,46.28163168103801,24.285714285714285,11.095724518402701,87.0,46.97585615625358,33.714285714285715,15.403476390253159,22.571428571428573,12.187496342673342,23.285714285714285,10.63884174411553,975.2857142857143,127.71428571428571,264.85714285714283,1367.857142857143,983.2857142857143,134.42857142857142,314.85714285714283,1432.5714285714287,46.285714285714285,138.57142857142858,338.42857142857144,523.2857142857143,7,0.7058823529411765,0.334691749733405,0.08245794605133572,,0.0,0.0,0.22077922077922077,-1.2383486358772187,-0.9482833971653006,0.28699738903394256
2022-05-02,5.428571428571429,2.9311700064657407,1.8571428571428572,0.84849658081903,9.571428571428571,5.168115537715911,2.857142857142857,1.3053793551062,14.714285714285714,7.945013438578192,24.428571428571427,11.16099348615801,0.0,0.0,0.0,0.0,0.0,0.0,0.0,0.0,0.0,0.0,0.0,0.0,80.42857142857143,43.427597727374,6.714285714285714,3.06764148449957,82.85714285714286,44.73891062500341,8.428571428571429,3.8508690975632898,21.714285714285715,11.724680025862963,18.714285714285715,8.55023477594561,968.0,112.0,230.42857142857142,1310.4285714285713,974.0,120.85714285714286,257.7142857142857,1352.5714285714287,26.285714285714285,97.42857142857143,307.42857142857144,431.14285714285717,7,0.2549019607843137,-1.0617017985046142,-1.2912854808015766,,0.0,0.0,0.07704918032786885,-2.103819824385009,-1.9568138086141147,0.2613103673825357
2022-05-09,0.2857142857142857,0.15427210560346002,0.8571428571428571,0.39161380653186,2.4285714285714284,1.3113128976294102,3.4285714285714284,1.5664552261274398,14.428571428571429,7.790741332974732,21.142857142857142,9.65980722778588,0.0,0.0,0.0,0.0,0.0,0.0,0.0,0.0,0.0,0.0,0.0,0.0,109.71428571428571,59.24048855172865,20.571428571428573,9.398731356764639,115.71428571428571,62.480202769401316,28.857142857142858,13.184331486572619,15.857142857142858,8.562101860992032,16.142857142857142,7.375393356350029,906.7142857142857,149.71428571428572,184.57142857142858,1241.0,913.1428571428571,160.28571428571428,239.71428571428572,1313.142857142857,25.0,87.57142857142857,296.2857142857143,408.85714285714283,7,0.75,-0.0057871366388977385,-0.08807134818020579,,0.0,0.0,0.15789473684210528,-1.6241513614636274,-1.3660806326180177,0.2693680211810752
2022-05-16,0.0,0.0,0.0,0.0,0.0,0.0,0.0,0.0,19.714285714285715,10.644775286638742,24.571428571428573,11.22626245391332,0.0,0.0,0.0,0.0,0.0,0.0,0.0,0.0,0.0,0.0,0.0,0.0,94.14285714285714,50.83265879634008,3.5714285714285716,1.63172419388275,96.57142857142857,52.14397169396949,4.857142857142857,2.2191449036805397,22.857142857142858,12.341768448276804,21.142857142857142,9.65980722778588,1012.4285714285714,142.85714285714286,232.42857142857142,1387.7142857142858,1021.1428571428571,146.28571428571428,265.14285714285717,1432.5714285714287,27.428571428571427,98.71428571428571,356.42857142857144,482.57142857142856,7,,-0.04872869207529806,-0.04872869207529806,,0.0,0.0,0.036549707602339186,-2.755961946715539,-2.5794696471460012,0.27043442454189826
2022-05-23,1.2857142857142858,0.6942244752155702,0.14285714285714285,0.06526896775530999,1.2857142857142858,0.6942244752155702,0.2857142857142857,0.13053793551061998,18.285714285714285,9.873414758621442,23.428571428571427,10.70411071187084,0.0,0.0,0.0,0.0,0.0,0.0,0.0,0.0,0.0,0.0,0.0,0.0,80.28571428571429,43.350461674572266,17.428571428571427,7.9628140661478195,83.14285714285714,44.89318273060686,18.857142857142858,8.615503743700918,19.285714285714285,10.413367128233551,21.285714285714285,9.72507619554119,874.5714285714286,112.42857142857143,287.7142857142857,1274.7142857142858,880.2857142857143,117.0,304.2857142857143,1301.5714285714287,29.571428571428573,99.42857142857143,342.14285714285717,471.14285714285717,7,0.09999999999999999,-0.537617106191103,-0.47815085677629776,,0.0,0.0,0.17836257309941517,-1.536838216605708,-1.5007391582044871,0.3139078785161941
2022-05-30,1.4285714285714286,0.7713605280173003,0.14285714285714285,0.06526896775530999,1.4285714285714286,0.7713605280173003,0.2857142857142857,0.13053793551061998,15.285714285714286,8.253557649785112,23.571428571428573,10.76937967962615,0.0,0.0,0.0,0.0,0.0,0.0,0.0,0.0,0.0,0.0,0.0,0.0,44.42857142857143,23.989312421338035,7.142857142857143,3.2634483877655,45.285714285714285,24.452128738148414,7.714285714285714,3.52452425878674,15.714285714285714,8.484965808190301,15.857142857142858,7.24485542083941,908.1428571428571,95.0,214.14285714285714,1217.2857142857142,913.5714285714286,98.14285714285714,245.57142857142858,1257.2857142857142,27.428571428571427,93.0,332.85714285714283,453.2857142857143,7,0.09090909090909091,-0.749013720056313,-0.6895474706415077,,0.0,0.0,0.13850415512465372,-1.6282513387243918,-1.5871683699215078,0.2539608027226851
2022-06-06,0.0,0.0,0.0,0.0,0.0,0.0,0.2857142857142857,0.13053793551061998,16.714285714285715,9.02491817780241,26.571428571428573,12.140028002487659,0.0,0.0,0.0,0.0,0.0,0.0,0.0,0.0,0.0,0.0,0.0,0.0,106.71428571428571,57.62063144289232,8.714285714285714,3.9814070330739098,108.0,58.31485591810789,8.857142857142858,4.04667600082922,19.0,10.259095022630092,18.714285714285715,8.55023477594561,876.2857142857143,146.85714285714286,188.71428571428572,1211.857142857143,881.7142857142857,148.85714285714286,202.71428571428572,1233.2857142857142,31.142857142857142,104.85714285714286,366.42857142857144,502.42857142857144,7,,-0.2705893327974307,-0.14789576422417516,,0.0,0.0,0.07549504950495049,-2.3007638087014173,-2.299519476673202,0.27690675468584225
2022-06-13,0.0,0.0,1.2857142857142858,0.5874207097977899,0.14285714285714285,0.07713605280173001,1.7142857142857142,0.7832276130637199,20.714285714285715,11.184727656250853,26.714285714285715,12.20529697024297,0.0,0.0,0.0,0.0,0.0,0.0,0.0,0.0,0.0,0.0,0.0,0.0,78.85714285714286,42.57910114655497,12.0,5.482593291446039,80.14285714285714,43.27332562177054,12.714285714285714,5.808938130222589,22.714285714285715,12.264632395475072,20.142857142857142,9.20292445349871,880.1428571428571,115.85714285714286,177.0,1173.0,887.1428571428571,118.71428571428571,197.71428571428572,1203.5714285714287,28.0,103.28571428571429,336.42857142857144,467.7142857142857,7,1.0,0.3816758053188636,0.42368457353692746,,0.0,0.0,0.1320754716981132,-1.643030189818159,-1.6097193007579058,0.24966508342467425
2022-06-20,0.8571428571428571,0.4628163168103801,0.42857142857142855,0.19580690326592998,1.0,0.5399523696121101,2.2857142857142856,1.0443034840849599,18.571428571428573,10.0276868642249,26.857142857142858,12.27056593799828,0.0,0.0,0.0,0.0,0.0,0.0,0.0,0.0,0.0,0.0,0.0,0.0,100.85714285714286,54.45805327802139,8.142857142857142,3.72033116205267,103.0,55.61509407004734,8.285714285714286,3.7856001298079796,18.0,9.71914265301798,15.857142857142858,7.24485542083941,910.2857142857143,152.28571428571428,161.28571428571428,1223.857142857143,918.0,156.14285714285714,173.85714285714286,1248.0,24.142857142857142,90.0,364.57142857142856,478.7142857142857,7,0.33333333333333337,-0.38668176857662306,0.09816625256056666,,0.0,0.0,0.07470511140235911,-2.2013062240502737,-2.208222437757778,0.25621571145091626
2022-06-27,0.14285714285714285,0.07713605280173001,1.4285714285714286,0.6526896775530998,0.2857142857142857,0.15427210560346002,1.5714285714285714,0.7179586453084099,23.142857142857142,12.496040553880263,33.142857142857146,15.142400519231918,0.0,0.0,0.0,0.0,0.0,0.0,0.0,0.0,0.0,0.0,0.0,0.0,60.57142857142857,32.70568638793352,5.285714285714286,2.4149518069464695,62.285714285714285,33.63131902155428,5.428571428571429,2.48022077470178,18.571428571428573,10.027686864224902,19.857142857142858,9.07238651798809,988.0,110.42857142857143,185.42857142857142,1283.857142857143,996.4285714285714,113.28571428571429,193.28571428571428,1303.0,26.571428571428573,103.0,414.2857142857143,543.8571428571429,7,0.9090909090909092,0.24904531970302068,0.21861378543168364,,0.0,0.0,0.08026030368763556,-2.198891751269838,-2.2070512872477304,0.23044397463002111
2022-07-04,1.2857142857142858,0.6942244752155702,13.0,5.93947606573321,1.5714285714285714,0.8484965808190301,14.571428571428571,6.657434711041619,18.142857142857142,9.796278705819713,27.857142857142858,12.72744871228545,0.0,0.0,0.0,0.0,0.0,0.0,0.0,0.0,0.0,0.0,0.0,0.0,100.28571428571429,54.14950906681447,3.4285714285714284,1.5664552261274398,102.71428571428571,55.46082196444388,3.7142857142857144,1.6969931616380598,16.428571428571427,8.870646072198952,14.714285714285714,6.72270367879693,892.2857142857143,243.85714285714286,237.71428571428572,1373.857142857143,900.1428571428571,249.0,253.71428571428572,1402.857142857143,24.142857142857142,89.14285714285714,379.7142857142857,493.0,7,0.9099999999999999,1.1698053038768186,1.1811085102995704,,0.0,0.0,0.033057851239669415,-2.822121397218588,-2.796008683165283,0.35052511178122076
2022-07-11,2.0,1.0799047392242203,6.142857142857143,2.80656561347833,2.142857142857143,1.1570407920259504,6.714285714285714,3.0676414844995703,16.857142857142858,9.102054230604143,21.714285714285715,9.92088309880712,0.0,0.0,0.0,0.0,0.0,0.0,0.0,0.0,0.0,0.0,0.0,0.0,149.57142857142858,80.76144728341133,8.857142857142858,4.04667600082922,150.71428571428572,81.37853570582516,9.142857142857142,4.1772139363398395,25.571428571428573,13.807353451509673,21.571428571428573,9.855614131051809,942.8571428571429,233.28571428571428,206.28571428571428,1382.4285714285713,949.8571428571429,236.28571428571428,224.57142857142858,1410.7142857142858,24.285714285714285,100.85714285714286,394.57142857142856,519.7142857142857,7,0.7543859649122808,0.5264672300551925,0.5563880203913372,,0.0,0.0,0.05590622182146077,-2.4746344843846817,-2.456616317912631,0.31797044538596675
2022-07-18,2.142857142857143,1.1570407920259502,9.857142857142858,4.50355877511639,2.2857142857142856,1.2341768448276802,10.428571428571429,4.76463464613763,19.714285714285715,10.644775286638742,29.0,13.249600454327929,0.0,0.0,0.0,0.0,0.0,0.0,0.0,0.0,0.0,0.0,0.0,0.0,156.57142857142858,84.5411138706961,22.285714285714285,10.18195896982836,157.85714285714286,85.23533834591167,22.571428571428573,10.312496905338978,17.285714285714285,9.33346238900933,15.285714285714286,6.983779549818169,917.1428571428571,246.42857142857142,162.42857142857142,1326.0,925.4285714285714,253.14285714285714,170.14285714285714,1348.7142857142858,33.42857142857143,109.14285714285714,409.42857142857144,552.0,7,0.8214285714285715,0.7347863924604681,0.7459976572390203,,0.0,0.0,0.12460063897763578,-1.7767199731912102,-1.773196537938584,0.30833872010342595
2022-07-25,0.0,0.0,7.285714285714286,3.3287173555208094,0.0,0.0,8.0,3.65506219429736,17.714285714285715,9.56487054741452,28.285714285714285,12.92325561555138,0.0,0.0,0.0,0.0,0.0,0.0,0.0,0.0,0.0,0.0,0.0,0.0,146.42857142857142,79.06445412177325,1.8571428571428572,0.84849658081903,147.28571428571428,79.52727043858364,1.8571428571428572,0.84849658081903,15.0,8.099285544181651,16.571428571428573,7.571200259615959,781.7142857142857,204.42857142857142,107.0,1093.142857142857,789.2857142857143,206.85714285714286,109.14285714285714,1105.2857142857142,24.571428571428573,89.14285714285714,384.14285714285717,497.85714285714283,7,1.0,1.1892451654272425,1.261929161430018,,0.0,0.0,0.01252408477842004,-3.7086712147474707,-3.714435118203968,0.2848928384736017
2022-08-01,0.0,0.0,0.5714285714285714,0.26107587102124,0.0,0.0,1.2857142857142858,0.5874207097977899,20.714285714285715,11.184727656250853,23.428571428571427,10.70411071187084,0.0,0.0,0.0,0.0,0.0,0.0,0.0,0.0,0.0,0.0,0.0,0.0,145.71428571428572,78.67877385776463,6.285714285714286,2.8718345812336397,147.71428571428572,79.75867859698883,6.571428571428571,3.0023725167442596,22.714285714285715,12.264632395475072,23.428571428571427,10.70411071187084,929.5714285714286,193.28571428571428,151.57142857142858,1274.4285714285713,934.8571428571429,197.28571428571428,162.42857142857142,1294.5714285714287,23.571428571428573,107.85714285714286,430.42857142857144,561.8571428571429,7,1.0,0.27220843561381525,0.502353717049921,,0.0,0.0,0.041353383458646614,-2.8991136262655033,-2.879416964890426,0.2705974666517207
2022-08-08,0.0,0.0,1.4285714285714286,0.6526896775530998,0.42857142857142855,0.23140815840519005,5.857142857142857,2.6760276779677095,25.0,13.498809240302752,29.571428571428573,13.510676325349168,0.0,0.0,0.0,0.0,0.0,0.0,0.0,0.0,0.0,0.0,0.0,0.0,156.14285714285714,84.3097057122909,0.0,0.0,157.57142857142858,85.08106624030822,0.0,0.0,17.285714285714285,9.33346238900933,17.428571428571427,7.96281406614782,912.1428571428571,178.42857142857142,108.71428571428571,1199.2857142857142,919.2857142857143,180.85714285714286,129.57142857142858,1229.7142857142858,27.428571428571427,108.14285714285714,410.42857142857144,546.0,7,1.0,0.5015859162412188,1.0928562229583918,,0.0,0.0,0.0,-4.303985073849078,-4.312986325519215,0.23942823108993447
2022-08-15,0.8571428571428571,0.4628163168103801,2.7142857142857144,1.2401103873508899,1.0,0.5399523696121101,2.857142857142857,1.3053793551062,20.285714285714285,10.95331949784566,29.857142857142858,13.641214260859789,0.0,0.0,0.0,0.0,0.0,0.0,0.0,0.0,0.0,0.0,0.0,0.0,81.71428571428571,44.12182220258957,11.142857142857142,5.090979484914179,83.28571428571429,44.970318783408594,11.428571428571429,5.2215174204248,18.285714285714285,9.873414758621442,18.428571428571427,8.41969684043499,831.5714285714286,140.85714285714286,174.14285714285714,1146.5714285714287,839.4285714285714,144.57142857142858,188.28571428571428,1172.2857142857142,28.428571428571427,102.57142857142857,390.14285714285717,521.1428571428571,7,0.76,0.22333015862427974,0.2006623306451787,,0.0,0.0,0.12000000000000001,-1.8590391968186317,-1.856464217624139,0.2747321206080239
2022-08-22,0.0,0.0,1.1428571428571428,0.5221517420424799,0.14285714285714285,0.07713605280173001,1.4285714285714286,0.6526896775530998,18.714285714285715,10.104822917026633,25.857142857142858,11.81368316371111,0.0,0.0,0.0,0.0,0.0,0.0,0.0,0.0,0.0,0.0,0.0,0.0,112.42857142857143,60.70607355496152,3.4285714285714284,1.56645522612744,114.0,61.554570135780544,3.5714285714285716,1.63172419388275,20.285714285714285,10.953319497845664,17.857142857142858,8.15862096941375,800.2857142857143,198.42857142857142,124.0,1122.7142857142858,807.0,202.57142857142858,136.57142857142858,1146.142857142857,29.571428571428573,98.14285714285714,350.42857142857144,478.14285714285717,7,1.0,0.27699086743924406,0.28496426628140714,,0.0,0.0,0.029593094944512944,-2.9135433016828585,-2.902086675663432,0.287186664970098
2022-08-29,0.42857142857142855,0.23140815840519008,3.0,1.3706483228615098,0.7142857142857143,0.38568026400865013,7.142857142857143,3.2634483877655,14.142857142857142,7.636469227371271,22.571428571428573,10.312496905338978,0.0,0.0,0.0,0.0,0.0,0.0,0.0,0.0,0.0,0.0,0.0,0.0,129.0,69.6538556799622,3.0,1.3706483228615098,130.71428571428572,70.57948831358296,3.142857142857143,1.4359172906168196,13.0,7.019380804957431,13.428571428571429,6.13528296899914,773.1428571428571,190.28571428571428,81.57142857142857,1045.0,778.2857142857143,193.57142857142858,95.57142857142857,1067.4285714285713,24.428571428571427,75.42857142857143,308.42857142857144,408.2857142857143,7,0.875,0.3850909224960304,0.8539729387081341,,0.0,0.0,0.022727272727272728,-3.2778199072276752,-3.263675857428776,0.2601503759398496
2022-09-05,0.0,0.0,1.2857142857142858,0.5874207097977899,0.0,0.0,1.4285714285714286,0.6526896775530998,12.714285714285714,6.865108699353972,20.857142857142858,9.52926929227526,0.0,0.0,0.0,0.0,0.0,0.0,0.0,0.0,0.0,0.0,0.0,0.0,116.14285714285714,62.7116109278065,0.0,0.0,117.28571428571429,63.32869935022034,0.0,0.0,11.0,5.939476065733211,11.857142857142858,5.417324323690729,868.7142857142857,160.14285714285714,94.71428571428571,1123.5714285714287,883.2857142857143,161.85714285714286,96.42857142857143,1141.5714285714287,21.857142857142858,73.28571428571429,221.14285714285714,316.2857142857143,7,1.0,0.17038793021883203,0.21068149460269092,,0.0,0.0,0.0,-4.076141803129592,-4.085780848816617,0.2268277177368086
2022-09-12,0.0,0.0,4.0,1.8275310971486802,0.0,0.0,6.285714285714286,2.8718345812336397,22.285714285714285,12.033224237069883,27.428571428571427,12.531641809019519,0.0,0.0,0.0,0.0,0.0,0.0,0.0,0.0,0.0,0.0,0.0,0.0,126.0,68.03399857112588,1.1428571428571428,0.5221517420424799,127.14285714285714,68.65108699353972,1.2857142857142858,0.58742070979779,18.142857142857142,9.796278705819711,16.0,7.31012438859472,823.7142857142857,170.85714285714286,153.57142857142858,1148.142857142857,829.1428571428571,173.14285714285714,163.14285714285714,1165.4285714285713,34.57142857142857,109.0,378.85714285714283,522.4285714285714,7,1.0,1.0018749541395167,1.3161994737973508,,0.0,0.0,0.00898876404494382,-3.552747229401495,-3.519660869482769,0.28256812243374396
2022-09-19,0.0,0.0,1.5714285714285714,0.7179586453084099,0.0,0.0,1.7142857142857142,0.78322761306372,16.714285714285715,9.02491817780241,24.285714285714285,11.095724518402701,0.0,0.0,0.0,0.0,0.0,0.0,0.0,0.0,0.0,0.0,0.0,0.0,168.42857142857142,90.94340625323969,3.7142857142857144,1.69699316163806,169.0,91.25195046444661,3.7142857142857144,1.69699316163806,16.0,8.639237913793762,15.857142857142858,7.24485542083941,721.5714285714286,226.71428571428572,109.85714285714286,1058.142857142857,727.4285714285714,228.0,111.71428571428571,1067.142857142857,23.714285714285715,85.71428571428571,306.42857142857144,415.85714285714283,7,1.0,0.3533585186262047,0.3906467548575825,,0.0,0.0,0.021576763485477178,-3.372783099307048,-3.376133286904504,0.3180774942621844
2022-09-26,0.42857142857142855,0.23140815840519005,0.42857142857142855,0.19580690326592998,0.7142857142857143,0.38568026400865,0.5714285714285714,0.26107587102123997,20.857142857142858,11.261863709052582,26.714285714285715,12.20529697024297,0.0,0.0,0.0,0.0,0.0,0.0,0.0,0.0,0.0,0.0,0.0,0.0,127.57142857142857,68.8824951519449,0.0,0.0,128.85714285714286,69.57671962716047,0.0,0.0,19.285714285714285,10.413367128233551,15.428571428571429,7.04904851757348,683.4285714285714,158.71428571428572,117.28571428571429,959.4285714285714,689.1428571428571,160.85714285714286,121.71428571428571,971.7142857142857,24.857142857142858,104.14285714285714,334.2857142857143,463.2857142857143,7,0.5,-0.10346126875499673,-0.16835006223720894,,0.0,0.0,0.0,-3.8975838551340467,-3.907469004063261,0.2876712328767123
2022-10-03,0.5714285714285714,0.30854421120692005,2.7142857142857144,1.24011038735089,1.4285714285714286,0.7713605280173,3.857142857142857,1.76226212939337,19.142857142857142,10.336231075431822,24.0,10.965186582892079,0.0,0.0,0.0,0.0,0.0,0.0,0.0,0.0,0.0,0.0,0.0,0.0,50.857142857142854,27.460434797415882,0.7142857142857143,0.32634483877655,52.0,28.077523219829725,1.1428571428571428,0.52215174204248,14.571428571428571,7.8678773857764615,15.0,6.853241614307549,594.7142857142857,94.71428571428571,98.0,787.4285714285714,600.4285714285714,97.14285714285714,103.42857142857143,801.0,20.857142857142858,78.42857142857143,319.7142857142857,419.0,7,0.8260869565217392,0.4836124856989643,0.39030461601200095,,0.0,0.0,0.013850415512465375,-2.944578878661677,-2.828331450190673,0.24473875181422353
2022-10-10,0.0,0.0,2.2857142857142856,1.0443034840849599,0.14285714285714285,0.07713605280173001,2.4285714285714284,1.1095724518402699,18.857142857142858,10.181958969828361,23.571428571428573,10.76937967962615,0.0,0.0,0.0,0.0,0.0,0.0,0.0,0.0,0.0,0.0,0.0,0.0,42.57142857142857,22.986543734915546,1.8571428571428572,0.84849658081903,43.857142857142854,23.680768210131113,2.5714285714285716,1.17484141959558,19.0,10.259095022630092,17.857142857142858,8.15862096941375,687.2857142857143,95.85714285714286,76.28571428571429,859.4285714285714,692.7142857142857,98.57142857142857,78.71428571428571,870.0,29.142857142857142,103.57142857142857,315.2857142857143,448.0,7,1.0,0.6638575938241071,0.6209800385035686,,0.0,0.0,0.041800643086816726,-2.35663971538253,-2.22258794370174,0.2002992021276596
2022-10-17,2.4285714285714284,1.3113128976294102,4.857142857142857,2.2191449036805397,4.857142857142857,2.622625795258821,5.0,2.28441387143585,20.0,10.799047392242201,25.0,11.42206935717925,0.0,0.0,0.0,0.0,0.0,0.0,0.0,0.0,0.0,0.0,0.0,0.0,78.14285714285714,42.19342088254632,1.0,0.45688277428717,79.28571428571429,42.810509304960156,1.0,0.45688277428717,17.571428571428573,9.487734494612793,16.142857142857142,7.375393356350029,726.2857142857143,137.0,92.85714285714286,956.1428571428571,734.0,142.71428571428572,99.85714285714286,976.5714285714286,27.857142857142858,90.57142857142857,329.85714285714283,448.2857142857143,7,0.6666666666666667,0.27984417059795286,-0.14946678921941192,,0.0,0.0,0.012635379061371842,-3.164480735745461,-3.1786662735500455,0.2404004183475273
2022-10-24,2.857142857142857,1.5427210560346,2.5714285714285716,1.1748414195955799,5.142857142857143,2.7768979008622803,3.5714285714285716,1.63172419388275,14.428571428571429,7.790741332974732,22.857142857142858,10.4430348408496,0.0,0.0,0.0,0.0,0.0,0.0,0.0,0.0,0.0,0.0,0.0,0.0,141.0,76.13328411530753,3.142857142857143,1.4359172906168198,146.14285714285714,78.91018201616978,3.5714285714285716,1.63172419388275,17.285714285714285,9.33346238900933,16.857142857142858,7.7017381951265795,624.8571428571429,222.14285714285714,41.285714285714285,888.2857142857143,628.1428571428571,231.85714285714286,47.57142857142857,907.5714285714286,21.714285714285715,86.0,275.85714285714283,383.57142857142856,7,0.4736842105263158,-0.41996122586719453,-0.62494598084132,,0.0,0.0,0.02180376610505451,-3.283346884928502,-3.241399453984285,0.29655837889996783
2022-10-31,0.0,0.0,0.5714285714285714,0.26107587102123997,0.2857142857142857,0.15427210560346002,0.5714285714285714,0.26107587102123997,17.285714285714285,9.33346238900933,24.0,10.965186582892079,0.0,0.0,0.0,0.0,0.0,0.0,0.0,0.0,0.0,0.0,0.0,0.0,108.85714285714286,58.77767223491826,2.2857142857142856,1.0443034840849599,113.0,61.014617766168435,2.2857142857142856,1.0443034840849599,16.571428571428573,8.947782125000682,16.428571428571427,7.50593129186065,567.8571428571429,166.42857142857142,96.42857142857143,830.7142857142857,577.5714285714286,171.71428571428572,105.14285714285714,854.4285714285714,27.285714285714285,98.0,261.42857142857144,386.7142857142857,7,1.0,0.08535131221941894,-0.058118621488800315,,0.0,0.0,0.02056555269922879,-3.218989175213334,-3.2557270856538825,0.3164230438521066
2022-11-07,0.14285714285714285,0.07713605280173001,0.0,0.0,0.2857142857142857,0.15427210560346002,0.42857142857142855,0.19580690326592998,13.428571428571429,7.250788963362622,19.428571428571427,8.87657961472216,0.0,0.0,0.0,0.0,0.0,0.0,0.0,0.0,0.0,0.0,0.0,0.0,118.57142857142857,64.02292382543591,5.428571428571429,2.4802207747017797,119.28571428571429,64.40860408944457,5.428571428571429,2.4802207747017797,14.285714285714286,7.7136052801730015,14.571428571428571,6.65743471104162,577.7142857142857,147.71428571428572,138.0,863.4285714285714,584.8571428571429,150.0,143.28571428571428,878.1428571428571,20.714285714285715,69.71428571428571,257.2857142857143,347.7142857142857,7,0.0,-0.25416314719945055,-0.14450617461578608,,0.0,0.0,0.04377880184331798,-2.798435553254579,-2.804349482106852,0.3309066843150232
2022-11-14,0.7142857142857143,0.38568026400865013,11.142857142857142,5.09097948491418,1.1428571428571428,0.6170884224138401,13.428571428571429,6.13528296899914,17.571428571428573,9.487734494612791,24.142857142857142,11.030455550647389,0.0,0.0,0.0,0.0,0.0,0.0,0.0,0.0,0.0,0.0,0.0,0.0,101.57142857142857,54.843733542030044,16.571428571428573,7.571200259615959,103.71428571428571,56.00077433405598,16.714285714285715,7.63646922737127,15.714285714285714,8.484965808190301,15.714285714285714,7.1795864530841,606.1428571428571,148.42857142857142,135.28571428571428,889.8571428571429,611.5714285714286,153.57142857142858,141.85714285714286,907.0,23.857142857142858,81.28571428571429,264.0,369.14285714285717,7,0.9397590361445783,1.3433827531723832,1.3471896811539645,,0.0,0.0,0.1402660217654172,-1.7260831361393314,-1.7390046024238428,0.31883127307754044
2022-11-21,1.8571428571428572,1.0027686864224903,18.571428571428573,8.4849658081903,2.2857142857142856,1.2341768448276802,19.714285714285715,9.00711755023278,19.714285714285715,10.644775286638742,24.0,10.965186582892079,0.0,0.0,0.0,0.0,0.0,0.0,0.0,0.0,0.0,0.0,0.0,0.0,52.0,28.07752321982972,35.285714285714285,16.121435035561568,52.857142857142854,28.540339536640108,35.57142857142857,16.25197297107219,16.428571428571427,8.870646072198952,17.0,7.76700716288189,556.7142857142857,105.0,165.57142857142858,827.2857142857143,562.8571428571429,108.14285714285714,167.85714285714286,838.8571428571429,28.285714285714285,90.57142857142857,270.42857142857144,389.2857142857143,7,0.9090909090909091,1.5280337229711036,1.4722800275765617,,0.0,0.0,0.4042553191489362,-0.4110644685636369,-0.41926043925141343,0.32705922983940594
2022-11-28,3.7142857142857144,2.0055373728449806,2.142857142857143,0.9790345163296499,3.857142857142857,2.0826734256467105,3.7142857142857144,1.6969931616380598,16.285714285714285,8.793510019397221,21.142857142857142,9.65980722778588,0.0,0.0,0.0,0.0,0.0,0.0,0.0,0.0,0.0,0.0,0.0,0.0,31.571428571428573,17.047067669182333,2.4285714285714284,1.10957245184027,32.142857142857146,17.35561188038925,2.4285714285714284,1.10957245184027,19.0,10.259095022630092,18.0,8.22388993716906,591.8571428571429,57.42857142857143,91.57142857142857,740.8571428571429,597.0,59.285714285714285,101.0,757.2857142857143,21.571428571428573,85.57142857142857,263.14285714285717,370.2857142857143,7,0.3658536585365853,-0.5026076819694345,-0.21842011872338007,,0.0,0.0,0.07142857142857142,-1.9471185202665358,-1.964070656976189,0.20111839568067874
2022-12-05,0.14285714285714285,0.07713605280173001,0.14285714285714285,0.06526896775530999,0.14285714285714285,0.07713605280173001,0.5714285714285714,0.26107587102123997,17.428571428571427,9.41059844181106,23.571428571428573,10.76937967962615,0.0,0.0,0.0,0.0,0.0,0.0,0.0,0.0,0.0,0.0,0.0,0.0,66.71428571428571,36.022536658407915,10.571428571428571,4.82990361389294,68.71428571428571,37.10244139763214,10.857142857142858,4.96044154940356,18.285714285714285,9.873414758621442,16.285714285714285,7.44066232410534,645.4285714285714,139.57142857142858,108.85714285714286,893.8571428571429,650.8571428571429,142.42857142857142,111.28571428571429,904.5714285714286,25.857142857142858,96.42857142857143,277.85714285714283,400.14285714285717,7,0.5,-0.13375524494646296,0.03498265841224901,,0.0,0.0,0.1367837338262477,-1.5952663415706656,-1.6018737778760244,0.27792871983378614
2022-12-12,0.0,0.0,1.1428571428571428,0.5221517420424799,0.0,0.0,2.7142857142857144,1.2401103873508899,20.142857142857142,10.876183445043932,24.285714285714285,11.095724518402701,0.0,0.0,0.0,0.0,0.0,0.0,0.0,0.0,0.0,0.0,0.0,0.0,45.714285714285715,24.6835368965536,17.571428571428573,8.02808303390313,48.0,25.917713741381284,18.428571428571427,8.419696840434991,15.428571428571429,8.33069370258684,13.285714285714286,6.0700140012438295,655.1428571428571,88.57142857142857,124.0,867.7142857142857,660.4285714285714,94.0,127.28571428571429,881.7142857142857,31.285714285714285,102.71428571428571,273.0,407.0,7,1.0,0.4018079124881946,0.7882081036303454,,0.0,0.0,0.27765237020316025,-0.7680632390200981,-0.7725347641140847,0.24497859729996707
2022-12-19,0.42857142857142855,0.23140815840519005,0.5714285714285714,0.26107587102123997,0.42857142857142855,0.23140815840519005,1.1428571428571428,0.5221517420424799,24.285714285714285,13.113128976294103,22.285714285714285,10.18195896982836,0.0,0.0,0.0,0.0,0.0,0.0,0.0,0.0,0.0,0.0,0.0,0.0,57.42857142857143,31.008693226295463,3.5714285714285716,1.63172419388275,59.0,31.857189807114498,3.7142857142857144,1.69699316163806,14.714285714285714,7.945013438578192,13.857142857142858,6.3310898722650695,599.4285714285714,116.85714285714286,88.14285714285714,804.4285714285714,604.4285714285714,120.14285714285714,90.14285714285714,814.7142857142857,36.42857142857143,114.57142857142857,230.0,381.0,7,0.5714285714285714,0.2566106876620897,0.4447704187228645,,0.0,0.0,0.0585480093676815,-2.2993962828734866,-2.3010610522284396,0.25483928254306515
2022-12-26,0.0,0.0,0.0,0.0,0.0,0.0,0.0,0.0,17.166666666666668,9.26918234500789,22.833333333333332,10.432156679557048,0.0,0.0,0.0,0.0,0.0,0.0,0.0,0.0,0.0,0.0,0.0,0.0,20.333333333333332,10.979031515446238,14.833333333333334,6.777094485259688,20.833333333333332,11.249007700252294,14.833333333333334,6.777094485259688,11.666666666666666,6.299444312141284,13.833333333333334,6.320211710972518,757.5,68.83333333333333,92.5,918.8333333333334,766.8333333333334,70.5,101.66666666666667,939.0,38.333333333333336,97.5,233.33333333333334,369.1666666666667,6,,-0.10728274098303237,-0.10728274098303237,,0.0,0.0,0.4218009478672986,-0.43481596486474516,-0.4571031468764588,0.17558498095410843
2023-01-02,0.0,0.0,0.2857142857142857,0.13053793551061998,0.14285714285714285,0.07713605280173001,0.5714285714285714,0.26107587102124,17.571428571428573,9.487734494612791,15.714285714285714,7.179586453084099,0.0,0.0,0.0,0.0,0.0,0.0,0.0,0.0,0.0,0.0,0.0,0.0,30.428571428571427,16.429979246768493,0.8571428571428571,0.39161380653186,32.57142857142857,17.587020038794442,1.0,0.45688277428717,15.857142857142858,8.562101860992032,13.857142857142858,6.3310898722650695,749.5714285714286,101.14285714285714,154.57142857142858,1005.2857142857143,764.1428571428571,109.85714285714286,167.14285714285714,1041.142857142857,38.142857142857146,105.71428571428571,184.28571428571428,328.14285714285717,7,1.0,0.37125840607628113,0.40622434410316033,,0.0,0.0,0.0273972602739726,-2.262044211828482,-2.28048105120577,0.25436975984084126
2023-01-09,0.0,0.0,0.7142857142857143,0.3263448387765499,0.14285714285714285,0.07713605280173001,0.7142857142857143,0.3263448387765499,16.285714285714285,8.793510019397221,17.0,7.76700716288189,0.0,0.0,0.0,0.0,0.0,0.0,0.0,0.0,0.0,0.0,0.0,0.0,25.142857142857142,13.575945293104482,1.4285714285714286,0.6526896775531,26.0,14.038761609914863,2.142857142857143,0.9790345163296499,14.0,7.559333174569541,13.571428571428571,6.20055193675445,658.0,122.57142857142857,104.14285714285714,884.7142857142857,682.2857142857143,129.42857142857142,107.57142857142857,919.2857142857143,37.142857142857146,102.28571428571429,233.42857142857142,372.85714285714283,7,1.0,0.3931513511076006,0.3188456351905733,,0.0,0.0,0.05376344086021506,-2.004103912970462,-1.8551572616128413,0.25625706442757956
2023-01-16,0.0,0.0,0.0,0.0,0.0,0.0,0.0,0.0,18.0,9.719142653017983,20.857142857142858,9.52926929227526,0.0,0.0,0.0,0.0,0.0,0.0,0.0,0.0,0.0,0.0,0.0,0.0,57.857142857142854,31.240101384700658,20.857142857142858,9.52926929227526,61.857142857142854,33.399910863149096,23.0,10.508303808604909,16.714285714285715,9.02491817780241,19.0,8.68077271145623,714.1428571428571,128.57142857142858,115.85714285714286,958.5714285714286,723.4285714285714,135.71428571428572,119.0,978.1428571428571,37.714285714285715,105.42857142857143,253.57142857142858,396.7142857142857,7,,0.017872245255033725,0.017872245255033725,,0.0,0.0,0.26497277676951003,-1.084120043850616,-1.0600530403952897,0.2549925484351714
2023-01-23,0.2857142857142857,0.15427210560346002,1.0,0.45688277428717,0.42857142857142855,0.23140815840519008,3.2857142857142856,1.50118625837213,31.0,16.73852345797541,28.714285714285715,13.11906251881731,0.0,0.0,0.0,0.0,0.0,0.0,0.0,0.0,0.0,0.0,0.0,0.0,30.571428571428573,16.507115299570223,19.428571428571427,8.876579614722159,32.857142857142854,17.741292144397903,23.142857142857142,10.573572776360221,21.428571428571427,11.570407920259502,19.857142857142858,9.07238651798809,728.1428571428571,80.71428571428571,132.42857142857142,941.2857142857143,735.0,84.0,147.71428571428572,966.7142857142857,53.285714285714285,143.42857142857142,317.2857142857143,514.0,7,0.7777777777777779,0.46104203841180125,0.9368196689504444,,0.0,0.0,0.38857142857142857,-0.3508933253974882,-0.2604571329986216,0.2264380027318257
2023-01-30,0.42857142857142855,0.23140815840519005,8.857142857142858,4.04667600082922,0.42857142857142855,0.23140815840519005,9.428571428571429,4.307751871850459,22.428571428571427,12.110360289871611,21.428571428571427,9.790345163296498,0.0,0.0,0.0,0.0,0.0,0.0,0.0,0.0,0.0,0.0,0.0,0.0,25.571428571428573,13.807353451509673,25.571428571428573,11.68314522820049,26.571428571428573,14.347305821121783,25.714285714285715,11.7484141959558,14.428571428571429,7.790741332974732,13.571428571428571,6.20055193675445,633.4285714285714,48.42857142857143,172.71428571428572,854.5714285714286,636.5714285714286,49.714285714285715,177.85714285714286,864.1428571428571,30.0,97.71428571428571,245.71428571428572,373.42857142857144,7,0.9538461538461538,1.6053224616480062,1.6557610220441141,,0.0,0.0,0.5,0.04469141782509212,0.014008310388835099,0.2587763289869609
2023-02-06,0.2857142857142857,0.15427210560346002,2.5714285714285716,1.1748414195955799,0.2857142857142857,0.15427210560346002,4.714285714285714,2.1538759359252295,25.285714285714285,13.653081345906212,25.0,11.42206935717925,0.0,0.0,0.0,0.0,0.0,0.0,0.0,0.0,0.0,0.0,0.0,0.0,34.0,18.358380566811743,12.142857142857142,5.54786225920135,35.142857142857146,18.975468989225586,13.0,5.93947606573321,16.857142857142858,9.102054230604141,16.857142857142858,7.7017381951265795,585.1428571428571,81.42857142857143,91.14285714285714,757.7142857142857,591.7142857142857,83.42857142857143,103.57142857142857,778.7142857142857,48.142857142857146,128.0,257.7142857142857,433.85714285714283,7,0.9,0.7986617842324264,1.1703381851770778,,0.0,0.0,0.2631578947368421,-0.9347708121190026,-0.9080626992815795,0.2277526395173454
2023-02-13,0.8571428571428571,0.4628163168103801,2.5714285714285716,1.1748414195955799,1.0,0.5399523696121101,2.7142857142857144,1.2401103873508899,20.285714285714285,10.953319497845664,17.714285714285715,8.09335200165844,0.0,0.0,0.0,0.0,0.0,0.0,0.0,0.0,0.0,0.0,0.0,0.0,26.0,14.038761609914863,4.857142857142857,2.21914490368054,26.714285714285715,14.424441873923511,4.857142857142857,2.21914490368054,15.428571428571429,8.33069370258684,16.714285714285715,7.63646922737127,578.4285714285714,67.71428571428571,65.71428571428571,711.8571428571429,585.2857142857143,70.57142857142857,70.42857142857143,726.2857142857143,42.42857142857143,110.28571428571429,201.0,353.7142857142857,7,0.75,0.6700576143919068,0.6482390823724866,,0.0,0.0,0.15740740740740738,-1.4641996900668421,-1.4895221006243404,0.1874372867750351
2023-02-20,0.42857142857142855,0.23140815840519008,1.0,0.45688277428717,3.2857142857142856,1.7741292144397904,1.0,0.45688277428717,16.571428571428573,8.947782125000682,16.571428571428573,7.571200259615959,0.0,0.0,0.0,0.0,0.0,0.0,0.0,0.0,0.0,0.0,0.0,0.0,48.714285714285715,26.303394005389936,9.714285714285714,4.4382898073610795,51.714285714285715,27.923251114226264,11.0,5.0257105171588705,16.142857142857142,8.71637396659549,14.714285714285714,6.72270367879693,396.7142857142857,108.85714285714286,70.28571428571429,575.8571428571429,415.7142857142857,119.71428571428571,81.0,616.4285714285714,31.428571428571427,93.57142857142857,202.42857142857142,327.42857142857144,7,0.7,0.31708255616820447,-0.49509598640569363,,0.0,0.0,0.16625916870415647,-1.38389839922743,-1.3389624279110715,0.31108905978665347
2023-02-27,6.428571428571429,3.471122376077851,11.571428571428571,5.28678638818011,13.0,7.019380804957431,19.285714285714285,8.811310646966849,22.571428571428573,12.187496342673342,21.857142857142858,9.986152066562429,0.0,0.0,0.0,0.0,0.0,0.0,0.0,0.0,0.0,0.0,0.0,0.0,55.42857142857143,29.928788487071245,0.0,0.0,56.714285714285715,30.62301296228682,0.0,0.0,17.285714285714285,9.33346238900933,15.285714285714286,6.983779549818169,401.42857142857144,140.0,78.28571428571429,619.7142857142857,404.2857142857143,154.71428571428572,95.0,654.0,35.142857142857146,110.28571428571429,238.57142857142858,384.0,7,0.6428571428571428,0.5234441213512082,0.3843082125053181,,0.0,0.0,0.0,-3.1737119385545602,-3.195909635975907,0.3522360534808668
2023-03-06,5.428571428571429,2.9311700064657407,14.857142857142858,6.78797264655224,5.428571428571429,2.9311700064657407,17.142857142857142,7.832276130637199,24.142857142857142,13.035992923492373,23.142857142857142,10.573572776360221,0.0,0.0,0.0,0.0,0.0,0.0,0.0,0.0,0.0,0.0,0.0,0.0,31.571428571428573,17.047067669182333,9.857142857142858,4.50355877511639,31.857142857142858,17.20133977478579,10.285714285714286,4.6993656783823194,13.428571428571429,7.250788963362622,14.285714285714286,6.526896775531,505.57142857142856,107.0,119.14285714285714,731.7142857142857,509.57142857142856,108.42857142857143,124.85714285714286,742.8571428571429,41.42857142857143,112.42857142857143,253.0,406.85714285714283,7,0.7323943661971831,0.8765441455460634,1.002376324135381,,0.0,0.0,0.23793103448275862,-1.0957622969364738,-1.069314335587943,0.3090589613432253
2023-03-13,0.0,0.0,0.0,0.0,0.14285714285714285,0.07713605280173001,0.0,0.0,21.571428571428573,11.647543973061232,21.142857142857142,9.65980722778588,0.0,0.0,0.0,0.0,0.0,0.0,0.0,0.0,0.0,0.0,0.0,0.0,21.142857142857142,11.416135814656043,1.1428571428571428,0.5221517420424799,21.714285714285715,11.724680025862963,1.1428571428571428,0.5221517420424799,13.857142857142858,7.482197121767811,12.142857142857142,5.54786225920135,524.8571428571429,105.0,65.85714285714286,695.7142857142857,529.5714285714286,107.85714285714286,67.85714285714286,705.2857142857143,39.57142857142857,107.71428571428571,267.57142857142856,414.85714285714283,7,,0.17098270911954883,0.09667699320252154,,0.0,0.0,0.05128205128205128,-1.8400410614258123,-1.8645875761695105,0.2455852156057495
2023-03-20,0.0,0.0,0.14285714285714285,0.06526896775530999,0.0,0.0,0.14285714285714285,0.06526896775530999,18.428571428571427,9.950550811423172,21.285714285714285,9.72507619554119,0.0,0.0,0.0,0.0,0.0,0.0,0.0,0.0,0.0,0.0,0.0,0.0,71.42857142857143,38.56802640086501,0.0,0.0,75.14285714285714,40.573563773709985,0.0,0.0,15.857142857142858,8.562101860992032,14.142857142857142,6.46162780777569,590.7142857142857,123.42857142857143,104.57142857142857,818.7142857142857,597.5714285714286,131.85714285714286,111.42857142857143,840.8571428571429,34.0,95.42857142857143,265.42857142857144,394.85714285714283,7,1.0,0.08403250730070244,0.08403250730070244,,0.0,0.0,0.0,-3.4299874103805945,-3.479430511425449,0.2784854301169081
2023-03-27,0.5714285714285714,0.30854421120692005,2.7142857142857144,1.24011038735089,0.7142857142857143,0.38568026400865013,4.0,1.82753109714868,21.142857142857142,11.416135814656043,23.285714285714285,10.63884174411553,0.0,0.0,0.0,0.0,0.0,0.0,0.0,0.0,0.0,0.0,0.0,0.0,61.285714285714285,33.091366651942174,0.42857142857142855,0.19580690326593,63.57142857142857,34.32554349676985,1.4285714285714286,0.6526896775531,11.857142857142858,6.402292382543591,12.142857142857142,5.54786225920135,461.57142857142856,101.57142857142857,85.0,648.1428571428571,467.7142857142857,105.71428571428571,92.28571428571429,665.7142857142857,38.714285714285715,106.28571428571429,240.28571428571428,385.2857142857143,7,0.8260869565217392,0.6022588858302387,0.7778617138773185,,0.0,0.0,0.006944444444444444,-3.2275718745698447,-2.93955113580027,0.2878554110645801
2023-04-03,5.714285714285714,3.085442112069201,13.0,5.939476065733209,10.0,5.399523696121101,20.714285714285715,9.464000324519949,23.571428571428573,12.727448712285451,29.571428571428573,13.510676325349168,0.0,0.0,0.0,0.0,0.0,0.0,0.0,0.0,0.0,0.0,0.0,0.0,49.0,26.457666110993394,1.8571428571428572,0.84849658081903,50.142857142857146,27.074754533407233,5.857142857142857,2.67602767796771,16.571428571428573,8.947782125000682,13.0,5.939476065733209,549.8571428571429,93.57142857142857,76.42857142857143,719.8571428571429,556.5714285714286,101.14285714285714,97.0,754.7142857142857,42.42857142857143,120.57142857142857,293.57142857142856,456.57142857142856,7,0.6946564885496183,0.4743090334360547,0.4362299678555557,,0.0,0.0,0.036516853932584276,-2.338149407227826,-1.6729146760091274,0.23615796785076404
2023-04-10,4.571428571428571,2.4683536896553604,3.4285714285714284,1.5664552261274398,5.857142857142857,3.1625781648709306,7.428571428571429,3.39398632327612,19.571428571428573,10.567639233837012,19.0,8.68077271145623,0.0,0.0,0.0,0.0,0.0,0.0,0.0,0.0,0.0,0.0,0.0,0.0,23.142857142857142,12.496040553880261,2.5714285714285716,1.1748414195955799,24.714285714285715,13.344537134699292,2.5714285714285716,1.1748414195955799,9.714285714285714,5.245251590517641,10.428571428571429,4.76463464613763,582.8571428571429,62.714285714285715,69.14285714285714,714.7142857142857,586.7142857142857,67.14285714285714,75.85714285714286,729.7142857142857,37.285714285714285,95.71428571428571,230.71428571428572,363.7142857142857,7,0.42857142857142855,-0.12308462828656408,0.23217198258982652,,0.0,0.0,0.1,-1.7453609465259428,-1.8063337786536802,0.18448930641615033
2023-04-17,0.0,0.0,0.0,0.0,0.0,0.0,0.14285714285714285,0.06526896775530999,21.857142857142858,11.801816078664691,22.0,10.05142103431774,0.0,0.0,0.0,0.0,0.0,0.0,0.0,0.0,0.0,0.0,0.0,0.0,66.14285714285714,35.713992447200994,0.14285714285714285,0.06526896775530999,67.28571428571429,36.33108086961484,0.14285714285714285,0.06526896775530999,14.142857142857142,7.636469227371272,11.714285714285714,5.35205535593542,539.1428571428571,97.57142857142857,47.0,683.7142857142857,545.2857142857143,99.85714285714286,54.42857142857143,699.5714285714286,38.42857142857143,110.0,274.57142857142856,423.0,7,,0.1470280219208866,0.21025534107933685,,0.0,0.0,0.0021551724137931034,-3.232715222407707,-3.2493835213763536,0.2114500626828249
2023-04-24,0.0,0.0,2.7142857142857144,1.2401103873508899,0.0,0.0,3.2857142857142856,1.5011862583721298,25.428571428571427,13.730217398707941,25.285714285714285,11.55260729268987,0.0,0.0,0.0,0.0,0.0,0.0,0.0,0.0,0.0,0.0,0.0,0.0,32.285714285714285,17.432747933190985,0.0,0.0,33.142857142857146,17.895564250001364,0.0,0.0,16.285714285714285,8.793510019397221,14.0,6.396358840020379,534.1428571428571,138.71428571428572,83.71428571428571,756.5714285714286,539.5714285714286,141.0,87.85714285714286,768.4285714285714,42.42857142857143,114.0,297.7142857142857,454.14285714285717,7,1.0,0.9664977375874286,1.0767377155492337,,0.0,0.0,0.0,-2.6333967687532147,-2.658195105843508,0.29399546827794565
2023-05-01,0.0,0.0,3.2857142857142856,1.50118625837213,0.14285714285714285,0.07713605280173001,3.4285714285714284,1.5664552261274398,11.714285714285714,6.325156329741861,26.142857142857142,11.94422109922173,0.0,0.0,0.0,0.0,0.0,0.0,0.0,0.0,0.0,0.0,0.0,0.0,44.42857142857143,23.989312421338035,0.0,0.0,45.857142857142854,24.76067294935533,0.0,0.0,15.428571428571429,8.33069370258684,13.857142857142858,6.3310898722650695,467.14285714285717,129.42857142857142,75.85714285714286,672.4285714285714,473.7142857142857,132.85714285714286,79.0,685.5714285714286,24.714285714285715,94.0,293.7142857142857,412.42857142857144,7,1.0,0.34743017791826447,0.29888499668663404,,0.0,0.0,0.0,-2.9772630577653576,-3.007663852154467,0.30528999362651366
2023-05-08,0.0,0.0,0.42857142857142855,0.19580690326592998,0.0,0.0,0.5714285714285714,0.26107587102123997,14.0,7.559333174569541,23.571428571428573,10.76937967962615,0.0,0.0,0.0,0.0,0.0,0.0,0.0,0.0,0.0,0.0,0.0,0.0,59.285714285714285,32.011461912717955,0.0,0.0,60.0,32.397142176726604,0.0,0.0,11.571428571428571,6.248020276940132,13.0,5.939476065733209,509.14285714285717,101.57142857142857,140.71428571428572,751.4285714285714,515.4285714285714,103.57142857142857,144.14285714285714,763.1428571428571,21.142857142857142,69.42857142857143,306.42857142857144,397.0,7,1.0,-0.13965773904108936,-0.08651370689878313,,0.0,0.0,0.0,-3.4533527423394306,-3.4649682432406914,0.3224334600760456
2023-05-15,0.0,0.0,1.1428571428571428,0.52215174204248,0.0,0.0,1.7142857142857142,0.78322761306372,18.857142857142858,10.181958969828363,29.428571428571427,13.44540735759386,0.0,0.0,0.0,0.0,0.0,0.0,0.0,0.0,0.0,0.0,0.0,0.0,72.85714285714286,39.33938692888231,0.0,0.0,74.71428571428571,40.3421556153048,0.0,0.0,17.0,9.179190283405871,18.142857142857142,8.289158904924369,517.4285714285714,94.85714285714286,77.0,689.2857142857143,522.8571428571429,98.14285714285714,83.57142857142857,704.5714285714286,25.857142857142858,84.57142857142857,315.85714285714283,426.2857142857143,7,1.0,0.16405009275487226,0.3223501272652949,,0.0,0.0,0.0,-3.605830877837704,-3.6303852394926004,0.2493264248704663
2023-05-22,2.0,1.0799047392242203,8.285714285714286,3.7856001298079796,2.142857142857143,1.1570407920259502,8.857142857142858,4.04667600082922,11.857142857142858,6.402292382543592,29.571428571428573,13.510676325349168,0.0,0.0,0.0,0.0,0.0,0.0,0.0,0.0,0.0,0.0,0.0,0.0,50.142857142857146,27.074754533407233,0.0,0.0,51.57142857142857,27.846115061424534,0.0,0.0,15.285714285714286,8.253557649785112,18.0,8.22388993716906,444.57142857142856,74.85714285714286,53.857142857142854,573.2857142857143,448.85714285714283,78.28571428571429,54.57142857142857,581.7142857142857,19.571428571428573,74.14285714285714,338.7142857142857,432.42857142857144,7,0.8055555555555556,0.16019439867441054,0.1768975870887337,,0.0,0.0,0.0,-3.331659519645438,-3.358764086274462,0.22452030899576375
2023-05-29,0.0,0.0,2.7142857142857144,1.2401103873508899,0.0,0.0,3.4285714285714284,1.5664552261274398,18.714285714285715,10.104822917026633,23.0,10.508303808604909,0.0,0.0,0.0,0.0,0.0,0.0,0.0,0.0,0.0,0.0,0.0,0.0,75.28571428571429,40.65069982651171,0.0,0.0,77.71428571428571,41.962012724141125,0.0,0.0,18.571428571428573,10.027686864224902,18.571428571428573,8.4849658081903,488.85714285714283,112.57142857142857,95.85714285714286,697.2857142857143,493.42857142857144,115.71428571428571,105.85714285714286,715.0,15.285714285714286,84.71428571428571,305.7142857142857,405.7142857142857,7,1.0,0.7708358105859714,0.9068363232331733,,0.0,0.0,0.0,-3.578617071432812,-3.609615200627551,0.2989141569350543
2023-06-05,0.0,0.0,0.0,0.0,0.0,0.0,0.0,0.0,9.428571428571429,5.090979484914181,20.0,9.1376554857434,0.0,0.0,0.0,0.0,0.0,0.0,0.0,0.0,0.0,0.0,0.0,0.0,61.714285714285715,33.32277481034737,2.7142857142857144,1.2401103873508899,63.142857142857146,34.094135338364666,2.7142857142857144,1.2401103873508899,14.142857142857142,7.636469227371271,14.142857142857142,6.46162780777569,659.0,108.14285714285714,47.714285714285715,814.8571428571429,664.1428571428571,111.28571428571429,49.857142857142854,825.2857142857143,18.428571428571427,65.57142857142857,284.14285714285717,368.14285714285717,7,,-0.5094478532546058,-0.5094478532546058,,0.0,0.0,0.04212860310421286,-2.5830637279022515,-2.6052886375680133,0.19126928471248247
2023-06-12,3.5714285714285716,1.9284013200432504,9.142857142857142,4.1772139363398395,3.5714285714285716,1.9284013200432504,10.142857142857142,4.63409671062701,9.571428571428571,5.168115537715911,19.857142857142858,9.07238651798809,0.0,0.0,0.0,0.0,0.0,0.0,0.0,0.0,0.0,0.0,0.0,0.0,43.0,23.217951893320734,0.0,0.0,44.57142857142857,24.066448474139765,0.0,0.0,14.571428571428571,7.867877385776461,12.428571428571429,5.67840019471197,672.1428571428571,93.57142857142857,65.42857142857143,831.1428571428571,678.7142857142857,96.71428571428571,74.42857142857143,849.8571428571429,17.285714285714285,66.0,310.57142857142856,393.85714285714283,7,0.7191011235955056,0.07940610826789918,0.1639758816595711,,0.0,0.0,0.0,-2.9035371739187723,-2.9379732397510847,0.19130285321416296
2023-06-19,0.0,0.0,3.7142857142857144,1.69699316163806,0.0,0.0,4.142857142857143,1.8928000649039898,8.142857142857142,4.3967550096986106,18.428571428571427,8.41969684043499,0.0,0.0,0.0,0.0,0.0,0.0,0.0,0.0,0.0,0.0,0.0,0.0,53.57142857142857,28.926019800648756,0.0,0.0,55.0,29.697380328666053,0.14285714285714285,0.06526896775530999,11.285714285714286,6.093748171336671,13.0,5.93947606573321,583.0,76.14285714285714,54.42857142857143,713.5714285714286,590.2857142857143,78.14285714285714,74.71428571428571,743.1428571428571,17.571428571428573,58.285714285714285,302.14285714285717,378.0,7,1.0,0.43513245189718774,0.5052198569388353,,0.0,0.0,0.0,-3.3767407493359194,-3.3389624204011756,0.18298298298298296
2023-06-26,0.0,0.0,8.428571428571429,3.8508690975632898,0.0,0.0,14.0,6.396358840020379,15.285714285714286,8.253557649785112,29.142857142857142,13.31486942208324,0.0,0.0,0.0,0.0,0.0,0.0,0.0,0.0,0.0,0.0,0.0,0.0,69.14285714285714,37.33384955603732,3.142857142857143,1.4359172906168198,72.14285714285714,38.95370666487366,5.0,2.28441387143585,19.0,10.259095022630092,19.714285714285715,9.00711755023278,605.1428571428571,125.0,97.57142857142857,827.7142857142857,610.2857142857143,129.57142857142858,137.14285714285714,877.0,22.142857142857142,87.28571428571429,359.14285714285717,468.57142857142856,7,1.0,1.142867155883938,1.5646971020828144,,0.0,0.0,0.04347826086956522,-2.638130256311444,-2.3806535865842595,0.26889886089057646
2023-07-03,0.0,0.0,1.8571428571428572,0.8484965808190299,0.0,0.0,2.5714285714285716,1.1748414195955799,10.857142857142858,5.862340012931481,21.142857142857142,9.65980722778588,0.0,0.0,0.0,0.0,0.0,0.0,0.0,0.0,0.0,0.0,0.0,0.0,61.285714285714285,33.091366651942174,4.428571428571429,2.02333800041461,64.0,34.55695165517504,4.857142857142857,2.2191449036805397,11.857142857142858,6.402292382543591,12.857142857142858,5.8742070979779,482.57142857142856,97.71428571428571,128.57142857142858,708.8571428571429,488.85714285714283,101.85714285714286,143.28571428571428,734.0,20.857142857142858,69.71428571428571,326.85714285714283,417.42857142857144,7,1.0,0.17394080814020874,0.3365239098048389,,0.0,0.0,0.0673913043478261,-2.3486692277629166,-2.3280064885977825,0.31922611850060456
2023-07-10,0.14285714285714285,0.07713605280173001,2.857142857142857,1.3053793551062,0.14285714285714285,0.07713605280173001,2.857142857142857,1.3053793551062,13.714285714285714,7.405061068966082,25.714285714285715,11.7484141959558,0.0,0.0,0.0,0.0,0.0,0.0,0.0,0.0,0.0,0.0,0.0,0.0,24.857142857142858,13.421673187501025,0.0,0.0,25.714285714285715,13.884489504311404,0.0,0.0,15.0,8.099285544181651,17.285714285714285,7.89754509839251,618.1428571428571,75.14285714285714,88.14285714285714,781.4285714285714,623.8571428571429,77.71428571428571,101.0,802.5714285714286,30.428571428571427,88.14285714285714,375.14285714285717,493.7142857142857,7,0.9523809523809524,0.34436667175478597,0.34436667175478597,,0.0,0.0,0.0,-2.646311665781927,-2.677899206133896,0.2089579524680073
2023-07-17,0.2857142857142857,0.15427210560346002,0.0,0.0,0.2857142857142857,0.15427210560346002,0.2857142857142857,0.13053793551061998,16.142857142857142,8.716373966595492,25.285714285714285,11.552607292689869,0.0,0.0,0.0,0.0,0.0,0.0,0.0,0.0,0.0,0.0,0.0,0.0,41.142857142857146,22.215183206898242,0.0,0.0,42.285714285714285,22.832271629312086,0.0,0.0,18.714285714285715,10.104822917026633,18.142857142857142,8.289158904924369,568.1428571428571,78.85714285714286,80.28571428571429,727.2857142857143,572.5714285714286,81.28571428571429,83.42857142857143,737.2857142857143,15.428571428571429,85.85714285714286,332.14285714285717,433.42857142857144,7,0.0,-0.3995858299458339,-0.2768922613725784,,0.0,0.0,0.0,-2.9662750132500735,-2.9925091130804224,0.21881752111569439
2023-07-24,0.0,0.0,0.14285714285714285,0.06526896775530999,0.0,0.0,2.5714285714285716,1.17484141959558,9.0,4.859571326508991,24.0,10.965186582892079,0.0,0.0,0.0,0.0,0.0,0.0,0.0,0.0,0.0,0.0,0.0,0.0,54.857142857142854,29.620244275864327,0.0,0.0,56.0,30.237332698278163,0.0,0.0,14.142857142857142,7.636469227371271,13.285714285714286,6.0700140012438295,471.2857142857143,89.14285714285714,57.714285714285715,618.1428571428571,476.0,91.28571428571429,70.28571428571429,637.5714285714286,16.857142857142858,63.57142857142857,315.2857142857143,395.7142857142857,7,1.0,-0.6506975476970265,0.06303088449630101,,0.0,0.0,0.0,-3.221529983080786,-3.2414825555751516,0.23757799861335802
2023-07-31,0.0,0.0,2.142857142857143,0.9790345163296499,0.0,0.0,6.142857142857143,2.80656561347833,9.285714285714286,5.013843432112451,19.0,8.68077271145623,0.0,0.0,0.0,0.0,0.0,0.0,0.0,0.0,0.0,0.0,0.0,0.0,53.857142857142854,29.080291906252217,4.857142857142857,2.2191449036805397,54.57142857142857,29.465972170260866,5.0,2.28441387143585,10.0,5.399523696121101,11.571428571428571,5.28678638818011,545.7142857142857,90.57142857142857,43.57142857142857,679.8571428571429,551.4285714285714,93.0,56.142857142857146,700.5714285714286,14.714285714285714,59.857142857142854,292.14285714285717,366.7142857142857,7,1.0,0.20653143442583088,0.8606496954947174,,0.0,0.0,0.0827250608272506,-2.216980903898162,-2.2096486509308537,0.1973103593191847
2023-08-07,3.0,1.61985710883633,4.0,1.82753109714868,3.2857142857142856,1.7741292144397904,4.285714285714286,1.9580690326592998,10.857142857142858,5.862340012931481,19.571428571428573,8.94184858247747,0.0,0.0,0.0,0.0,0.0,0.0,0.0,0.0,0.0,0.0,0.0,0.0,82.14285714285714,44.35323036099476,2.4285714285714284,1.1095724518402699,83.71428571428571,45.20172694181379,2.4285714285714284,1.1095724518402699,15.285714285714286,8.253557649785112,15.0,6.853241614307549,515.7142857142857,131.57142857142858,23.714285714285715,671.0,520.4285714285714,138.14285714285714,29.285714285714285,687.8571428571429,17.0,70.28571428571429,314.57142857142856,401.85714285714283,7,0.5714285714285714,-0.2944203347584542,-0.3065046838662464,,0.0,0.0,0.028716216216216214,-2.903914410988822,-2.9224501822716,0.23142431339152653
2023-08-14,1.8571428571428572,1.0027686864224903,34.857142857142854,15.92562813229564,2.0,1.0799047392242203,38.714285714285715,17.68789026168901,15.571428571428571,8.407829755388573,30.857142857142858,14.09809703514696,0.0,0.0,0.0,0.0,0.0,0.0,0.0,0.0,0.0,0.0,0.0,0.0,76.28571428571429,41.19065219612383,0.42857142857142855,0.19580690326593,77.14285714285714,41.653468512934204,0.42857142857142855,0.19580690326593,12.142857142857142,6.5565644881470515,13.428571428571429,6.13528296899914,469.85714285714283,114.57142857142857,110.57142857142857,695.0,473.42857142857144,117.42857142857143,116.28571428571429,707.1428571428571,20.142857142857142,76.57142857142857,300.57142857142856,397.2857142857143,7,0.9494163424124514,1.661271947896748,1.7225272238345095,,0.0,0.0,0.005586592178770949,-3.5060127494962177,-3.516922660602314,0.32394655704008224
2023-08-21,0.14285714285714285,0.07713605280173001,28.857142857142858,13.184331486572619,0.14285714285714285,0.07713605280173001,33.0,15.07713155147661,8.142857142857142,4.3967550096986106,20.571428571428573,9.398731356764639,0.0,0.0,0.0,0.0,0.0,0.0,0.0,0.0,0.0,0.0,0.0,0.0,66.14285714285714,35.713992447200994,0.0,0.0,67.57142857142857,36.4853529752183,0.0,0.0,17.0,9.179190283405871,16.571428571428573,7.571200259615959,584.2857142857143,109.0,129.42857142857142,822.7142857142857,591.0,113.0,139.42857142857142,843.4285714285714,19.714285714285715,72.0,303.0,394.7142857142857,7,0.9950738916256158,1.9219462580725244,2.0472061808518864,,0.0,0.0,0.0,-3.431220256404046,-3.4520125777652257,0.2898072582045494
2023-08-28,0.0,0.0,0.0,0.0,0.7142857142857143,0.38568026400865013,2.857142857142857,1.3053793551062,11.285714285714286,6.093748171336671,25.142857142857142,11.487338324934559,0.0,0.0,0.0,0.0,0.0,0.0,0.0,0.0,0.0,0.0,0.0,0.0,44.42857142857143,23.989312421338035,0.0,0.0,45.857142857142854,24.76067294935533,0.0,0.0,12.0,6.479428435345321,15.857142857142858,7.244855420839409,532.1428571428571,81.85714285714286,75.28571428571429,689.2857142857143,536.4285714285714,84.71428571428571,86.71428571428571,707.8571428571429,17.428571428571427,60.142857142857146,318.14285714285717,395.7142857142857,7,,-0.565501340042168,-0.056447282319741277,,0.0,0.0,0.0,-3.315881274119957,-3.3462820685090664,0.227979274611399
2023-09-04,0.0,0.0,1.5714285714285714,0.7179586453084099,0.0,0.0,2.7142857142857144,1.24011038735089,16.0,8.639237913793762,22.714285714285715,10.37776587309429,0.0,0.0,0.0,0.0,0.0,0.0,0.0,0.0,0.0,0.0,0.0,0.0,33.714285714285715,18.204108461208282,0.0,0.0,34.714285714285715,18.74406083082039,0.0,0.0,18.571428571428573,10.0276868642249,17.0,7.767007162881889,615.1428571428571,90.71428571428571,83.71428571428571,789.5714285714286,621.0,93.28571428571429,88.42857142857143,802.7142857142857,26.428571428571427,88.42857142857143,313.57142857142856,428.42857142857144,7,1.0,0.3753177138101793,0.6407061066732855,,0.0,0.0,0.0,-2.725710629984232,-2.7534391201826196,0.22091550569929436
2023-09-11,0.0,0.0,2.857142857142857,1.3053793551062,0.14285714285714285,0.07713605280173001,3.4285714285714284,1.56645522612744,10.428571428571429,5.630931854526291,21.428571428571427,9.790345163296498,0.0,0.0,0.0,0.0,0.0,0.0,0.0,0.0,0.0,0.0,0.0,0.0,36.857142857142854,19.901101622846344,3.7142857142857144,1.69699316163806,38.0,20.518190045260184,3.7142857142857144,1.69699316163806,16.142857142857142,8.716373966595492,17.714285714285715,8.09335200165844,529.1428571428571,128.71428571428572,59.42857142857143,717.2857142857143,533.8571428571429,131.71428571428572,64.0,729.5714285714286,15.571428571428571,73.71428571428571,346.57142857142856,435.85714285714283,7,1.0,0.3483388197181876,0.38131351903973343,,0.0,0.0,0.09154929577464789,-1.9813954553034625,-2.01049221454766,0.2622983469428401
2023-09-18,0.14285714285714285,0.07713605280173001,2.5714285714285716,1.17484141959558,0.2857142857142857,0.15427210560346002,3.857142857142857,1.76226212939337,12.428571428571429,6.7108365937505114,26.142857142857142,11.94422109922173,0.0,0.0,0.0,0.0,0.0,0.0,0.0,0.0,0.0,0.0,0.0,0.0,44.0,23.757904262932843,0.7142857142857143,0.32634483877655,46.0,24.837809002157062,0.7142857142857143,0.32634483877655,16.142857142857142,8.716373966595492,16.857142857142858,7.7017381951265795,477.14285714285717,86.28571428571429,74.85714285714286,638.2857142857143,482.14285714285717,91.0,79.42857142857143,652.5714285714286,20.428571428571427,84.28571428571429,325.42857142857144,430.14285714285717,7,0.9473684210526316,0.18462728336019874,0.35455727034675455,,0.0,0.0,0.01597444089456869,-2.8164281829042253,-2.8591222650977537,0.25246195165622204
2023-09-25,0.0,0.0,1.0,0.45688277428717,0.0,0.0,1.1428571428571428,0.5221517420424799,11.142857142857142,6.016612118534941,19.714285714285715,9.00711755023278,0.0,0.0,0.0,0.0,0.0,0.0,0.0,0.0,0.0,0.0,0.0,0.0,58.714285714285715,31.702917701511037,0.14285714285714285,0.06526896775530999,59.714285714285715,32.24287007112314,0.14285714285714285,0.06526896775530999,14.714285714285714,7.945013438578192,14.714285714285714,6.72270367879693,519.1428571428571,131.57142857142858,66.0,716.7142857142857,525.7142857142857,134.42857142857142,69.42857142857143,729.5714285714286,15.714285714285714,72.42857142857143,258.42857142857144,346.57142857142856,7,1.0,0.02128296957938436,0.06510885608762451,,0.0,0.0,0.0024271844660194173,-3.277305281979858,-3.2936812918676135,0.27566274666135143
2023-10-02,0.0,0.0,1.1428571428571428,0.5221517420424799,0.0,0.0,1.5714285714285714,0.7179586453084098,9.714285714285714,5.245251590517641,21.285714285714285,9.72507619554119,0.0,0.0,0.0,0.0,0.0,0.0,0.0,0.0,0.0,0.0,0.0,0.0,96.57142857142857,52.14397169396948,0.0,0.0,97.85714285714286,52.83819616918505,0.0,0.0,14.428571428571429,7.790741332974732,15.285714285714286,6.983779549818169,527.4285714285714,154.71428571428572,33.857142857142854,716.0,533.1428571428571,157.42857142857142,36.0,726.5714285714286,19.428571428571427,71.0,266.0,356.42857142857144,7,1.0,-0.12063818621202671,0.00037361206701813643,,0.0,0.0,0.0,-3.8767175585029325,-3.889696062000144,0.2633679169992019
2023-10-09,0.0,0.0,0.0,0.0,0.0,0.0,0.14285714285714285,0.06526896775530999,11.142857142857142,6.016612118534941,22.428571428571427,10.24722793758367,0.0,0.0,0.0,0.0,0.0,0.0,0.0,0.0,0.0,0.0,0.0,0.0,66.42857142857143,35.868264552804455,1.5714285714285714,0.71795864530841,67.85714285714286,36.63962508082176,1.7142857142857142,0.78322761306372,14.285714285714286,7.7136052801730015,12.857142857142858,5.8742070979779,483.57142857142856,91.14285714285714,45.857142857142854,620.5714285714286,488.2857142857143,93.28571428571429,48.285714285714285,629.8571428571429,17.428571428571427,60.42857142857143,280.42857142857144,358.2857142857143,7,,-0.4718411953899444,-0.40861387623149414,,0.0,0.0,0.023109243697478993,-2.8291050661561656,-2.8125230421528875,0.22076427255985268
2023-10-16,0.0,0.0,4.285714285714286,1.9580690326592998,0.0,0.0,4.285714285714286,1.9580690326592998,12.428571428571429,6.7108365937505114,20.142857142857142,9.20292445349871,0.0,0.0,0.0,0.0,0.0,0.0,0.0,0.0,0.0,0.0,0.0,0.0,93.42857142857143,50.44697853233142,1.0,0.45688277428717,94.0,50.75552274353834,1.2857142857142858,0.58742070979779,15.285714285714286,8.253557649785112,15.571428571428571,7.114317485328789,547.7142857142857,135.57142857142858,67.28571428571429,750.5714285714286,552.1428571428571,137.85714285714286,68.28571428571429,758.2857142857143,14.142857142857142,67.0,240.0,321.14285714285717,7,1.0,0.8044890006142893,0.8044890006142893,,0.0,0.0,0.01059001512859304,-3.432874670936404,-3.3530426459214038,0.27027027027027034
2023-10-23,0.0,0.0,1.7142857142857142,0.7832276130637199,0.0,0.0,2.0,0.91376554857434,14.0,7.559333174569541,23.571428571428573,10.76937967962615,0.0,0.0,0.0,0.0,0.0,0.0,0.0,0.0,0.0,0.0,0.0,0.0,62.285714285714285,33.63131902155429,0.0,0.0,63.57142857142857,34.32554349676985,0.0,0.0,17.0,9.179190283405871,17.0,7.76700716288189,428.57142857142856,103.42857142857143,83.85714285714286,615.8571428571429,432.57142857142856,107.57142857142857,94.71428571428571,634.8571428571429,16.0,73.71428571428571,252.42857142857142,342.14285714285717,7,1.0,0.2599460586724138,0.3305938632040799,,0.0,0.0,0.0,-3.3954084682894674,-3.4152563356803647,0.30410577592205984
2023-10-30,0.0,0.0,0.14285714285714285,0.06526896775530999,0.0,0.0,0.5714285714285714,0.26107587102123997,9.714285714285714,5.245251590517641,19.142857142857142,8.74604167921154,0.0,0.0,0.0,0.0,0.0,0.0,0.0,0.0,0.0,0.0,0.0,0.0,25.428571428571427,13.730217398707941,0.42857142857142855,0.19580690326593,26.714285714285715,14.424441873923513,0.5714285714285714,0.26107587102123997,13.0,7.019380804957431,13.0,5.939476065733209,454.42857142857144,70.42857142857143,108.42857142857143,633.2857142857143,459.2857142857143,73.28571428571429,112.0,644.5714285714286,16.142857142857142,67.28571428571429,245.71428571428572,329.14285714285717,7,1.0,-0.38181247232088156,-0.21307456896216959,,0.0,0.0,0.016574585635359115,-2.366444863182565,-2.3593532276898888,0.28242725016918563
2023-11-06,0.0,0.0,0.42857142857142855,0.19580690326593,0.0,0.0,1.5714285714285714,0.71795864530841,7.714285714285714,4.16534685129342,15.285714285714286,6.983779549818169,0.0,0.0,0.0,0.0,0.0,0.0,0.0,0.0,0.0,0.0,0.0,0.0,37.0,19.978237675648074,0.0,0.0,37.42857142857143,20.209645834053266,0.0,0.0,13.714285714285714,7.405061068966082,10.571428571428571,4.82990361389294,472.57142857142856,90.42857142857143,47.42857142857143,610.4285714285714,477.14285714285717,92.42857142857143,52.142857142857146,621.7142857142857,14.714285714285714,57.714285714285715,206.57142857142858,279.0,7,1.0,-0.25661848226948103,0.10569707921264437,,0.0,0.0,0.0,-2.6776520340539776,-2.6886225051942123,0.2258366487245495
2023-11-13,1.8571428571428572,1.0027686864224903,2.4285714285714284,1.1095724518402699,4.714285714285714,2.5454897424570904,3.142857142857143,1.4359172906168198,12.0,6.479428435345321,23.714285714285715,10.834648647381458,0.0,0.0,0.0,0.0,0.0,0.0,0.0,0.0,0.0,0.0,0.0,0.0,46.714285714285715,25.22348926616571,3.2857142857142856,1.50118625837213,47.857142857142854,25.840577688579554,4.0,1.82753109714868,14.857142857142858,8.022149491379922,14.285714285714286,6.526896775531,580.5714285714286,103.57142857142857,47.0,731.1428571428571,585.2857142857143,109.71428571428571,51.285714285714285,746.2857142857143,17.285714285714285,75.14285714285714,255.28571428571428,347.7142857142857,7,0.5666666666666667,-0.4069204472114767,-0.8342280825754265,,0.0,0.0,0.06571428571428571,-2.1686906568797446,-2.0693111418034733,0.20593982024228213
2023-11-20,0.0,0.0,1.8571428571428572,0.84849658081903,0.0,0.0,4.428571428571429,2.02333800041461,10.142857142857142,5.47665974892283,17.0,7.76700716288189,0.0,0.0,0.0,0.0,0.0,0.0,0.0,0.0,0.0,0.0,0.0,0.0,45.285714285714285,24.452128738148414,2.5714285714285716,1.17484141959558,46.142857142857146,24.914945054958793,2.5714285714285716,1.17484141959558,13.285714285714286,7.17365291056089,11.714285714285714,5.35205535593542,513.1428571428571,104.0,56.857142857142854,674.0,518.7142857142857,108.57142857142857,65.0,692.2857142857143,18.0,75.28571428571429,192.28571428571428,285.57142857142856,7,1.0,0.3115820666714999,0.8035709361293986,,0.0,0.0,0.053731343283582096,-2.207706149091536,-2.225726597095035,0.23866044934294192
2023-11-27,0.0,0.0,4.428571428571429,2.02333800041461,0.0,0.0,4.714285714285714,2.15387593592523,7.428571428571429,4.011074745689961,17.714285714285715,8.09335200165844,0.0,0.0,0.0,0.0,0.0,0.0,0.0,0.0,0.0,0.0,0.0,0.0,38.714285714285715,20.903870309268832,0.14285714285714285,0.06526896775530999,39.142857142857146,21.135278467674024,0.14285714285714285,0.06526896775530999,12.857142857142858,6.942244752155702,12.285714285714286,5.61313122695666,647.4285714285714,98.57142857142857,43.0,789.0,655.4285714285714,100.71428571428571,44.0,800.1428571428571,17.142857142857142,63.42857142857143,205.85714285714286,286.42857142857144,7,1.0,0.5104683340601224,0.5527389672115051,,0.0,0.0,0.0036764705882352936,-2.8402973311018154,-2.8508066299714723,0.1794314684048524
2023-12-04,0.0,0.0,2.2857142857142856,1.0443034840849599,0.14285714285714285,0.07713605280173001,3.2857142857142856,1.5011862583721298,9.857142857142858,5.322387643319371,23.0,10.508303808604909,0.0,0.0,0.0,0.0,0.0,0.0,0.0,0.0,0.0,0.0,0.0,0.0,48.42857142857143,26.149121899786476,0.0,0.0,48.714285714285715,26.303394005389936,0.0,0.0,16.571428571428573,8.947782125000682,15.571428571428571,7.114317485328789,531.0,103.14285714285714,35.285714285714285,669.4285714285714,537.4285714285714,107.14285714285714,37.714285714285715,682.2857142857143,13.142857142857142,67.85714285714286,246.57142857142858,327.57142857142856,7,1.0,0.11608522026236678,0.24348749012745596,,0.0,0.0,0.0,-3.0976251711030143,-3.103291484800666,0.20678617157490395
2023-12-11,0.0,0.0,3.4285714285714284,1.5664552261274398,0.0,0.0,5.0,2.28441387143585,10.714285714285714,5.785203960129751,20.714285714285715,9.464000324519949,0.0,0.0,0.0,0.0,0.0,0.0,0.0,0.0,0.0,0.0,0.0,0.0,44.0,23.757904262932843,0.0,0.0,45.57142857142857,24.606400843751874,0.0,0.0,13.571428571428571,7.327925016164351,15.714285714285714,7.1795864530841,466.57142857142856,127.0,71.0,664.5714285714286,471.85714285714283,131.28571428571428,78.0,681.1428571428571,17.285714285714285,68.57142857142857,217.0,302.85714285714283,7,1.0,0.5093291849210178,0.7559917378280243,,0.0,0.0,0.0,-3.191172068217291,-3.2248696192211104,0.29793637145313845
2023-12-18,0.0,0.0,2.142857142857143,0.9790345163296499,0.0,0.0,3.7142857142857144,1.69699316163806,16.857142857142858,9.102054230604141,19.0,8.68077271145623,0.0,0.0,0.0,0.0,0.0,0.0,0.0,0.0,0.0,0.0,0.0,0.0,21.857142857142858,11.801816078664691,0.0,0.0,22.714285714285715,12.264632395475072,0.0,0.0,10.285714285714286,5.553795801724561,11.142857142857142,5.09097948491418,463.14285714285717,84.28571428571429,15.428571428571429,562.8571428571429,467.2857142857143,85.85714285714286,25.857142857142858,579.0,34.857142857142854,93.57142857142857,173.42857142857142,301.85714285714283,7,1.0,0.7252061764357023,1.0347345772793755,,0.0,0.0,0.0,-2.4763515522488344,-2.511865785082228,0.17715736040609137
2023-12-25,0.0,0.0,2.1666666666666665,0.9899126776222017,0.16666666666666666,0.08999206160201835,4.333333333333333,1.9798253552444034,21.666666666666668,11.698968008262385,20.666666666666668,9.442244001934846,0.0,0.0,0.0,0.0,0.0,0.0,0.0,0.0,0.0,0.0,0.0,0.0,28.166666666666668,15.208658410741101,0.0,0.0,29.666666666666668,16.018586965159265,0.0,0.0,15.333333333333334,8.27926966738569,15.833333333333334,7.233977259546858,569.5,127.5,14.666666666666666,711.6666666666666,575.0,132.16666666666666,19.0,726.1666666666666,30.666666666666668,107.83333333333333,196.5,335.0,6,1.0,0.8837519860809788,1.2013555087958672,,0.0,0.0,0.0,-2.6660318867622594,-2.714792415178364,0.19976580796252927
