date,low_0-50nm,movement_0-50nm,low_50-150nm,movement_50-150nm,low_150-300nm,movement_150-300nm,low_total_0_300,movement_total_0_300,low_west_0_300,low_north_0_300,low_south_0_300,low_east_0_300,low_north_south_mean_0_300
2012-01-01,188.0,38.0,1.0,131.0,5.0,227.0,194.0,396.0,84.0,5.0,104.0,1.0,54.5
2012-01-02,159.0,28.0,11.0,51.0,1.0,66.0,171.0,145.0,70.0,19.0,77.0,5.0,48.0
2012-01-03,365.0,69.0,28.0,143.0,1.0,208.0,394.0,420.0,158.0,77.0,135.0,24.0,106.0
2012-01-04,356.0,54.0,5.0,155.0,1.0,255.0,362.0,464.0,166.0,106.0,87.0,3.0,96.5
2012-01-05,320.0,63.0,16.0,112.0,1.0,141.0,337.0,316.0,122.0,77.0,118.0,20.0,97.5
2012-01-06,264.0,69.0,15.0,141.0,1.0,145.0,280.0,355.0,83.0,74.0,123.0,0.0,98.5
2012-01-07,245.0,62.0,8.0,99.0,1.0,114.0,254.0,275.0,58.0,56.0,140.0,0.0,98.0
2012-01-08,177.0,35.0,4.0,91.0,3.0,172.0,184.0,298.0,72.0,26.0,86.0,0.0,56.0
2012-01-09,145.0,71.0,3.0,179.0,1.0,223.0,149.0,473.0,50.0,35.0,54.0,10.0,44.5
2012-01-10,174.0,28.0,6.0,97.0,3.0,190.0,183.0,315.0,67.0,56.0,49.0,11.0,52.5
2012-01-11,285.0,43.0,10.0,124.0,4.0,118.0,299.0,285.0,99.0,80.0,120.0,0.0,100.0
2012-01-12,250.0,68.0,33.0,176.0,0.0,255.0,283.0,499.0,122.0,66.0,95.0,0.0,80.5
2012-01-13,211.0,62.0,32.0,158.0,0.0,243.0,243.0,463.0,84.0,46.0,113.0,0.0,79.5
2012-01-14,278.0,44.0,28.0,69.0,1.0,160.0,307.0,273.0,91.0,30.0,186.0,0.0,108.0
2012-01-15,313.0,61.0,31.0,111.0,0.0,146.0,344.0,318.0,134.0,35.0,175.0,0.0,105.0
2012-01-16,167.0,57.0,11.0,128.0,1.0,138.0,179.0,323.0,39.0,45.0,90.0,5.0,67.5
2012-01-17,220.0,46.0,2.0,96.0,0.0,141.0,222.0,283.0,107.0,37.0,74.0,4.0,55.5
2012-01-18,270.0,56.0,17.0,119.0,5.0,154.0,292.0,329.0,124.0,37.0,129.0,2.0,83.0
2012-01-19,360.0,67.0,32.0,133.0,7.0,150.0,399.0,350.0,213.0,38.0,148.0,0.0,93.0
2012-01-20,266.0,61.0,20.0,135.0,14.0,113.0,300.0,309.0,98.0,71.0,131.0,0.0,101.0
2012-01-21,129.0,39.0,9.0,72.0,8.0,86.0,146.0,197.0,43.0,41.0,62.0,0.0,51.5
2012-01-22,88.0,48.0,20.0,80.0,11.0,121.0,119.0,249.0,42.0,23.0,54.0,0.0,38.5
2012-01-23,113.0,51.0,29.0,102.0,11.0,119.0,153.0,272.0,46.0,21.0,86.0,0.0,53.5
2012-01-24,140.0,46.0,29.0,83.0,9.0,90.0,178.0,219.0,82.0,56.0,40.0,0.0,48.0
2012-01-25,326.0,26.0,43.0,72.0,5.0,100.0,374.0,198.0,185.0,81.0,108.0,0.0,94.5
2012-01-26,268.0,69.0,33.0,112.0,3.0,115.0,304.0,296.0,127.0,46.0,130.0,1.0,88.0
2012-01-27,284.0,46.0,19.0,93.0,8.0,112.0,311.0,251.0,87.0,70.0,154.0,0.0,112.0
2012-01-28,88.0,46.0,28.0,113.0,2.0,116.0,118.0,275.0,35.0,15.0,68.0,0.0,41.5
2012-01-29,125.0,28.0,34.0,88.0,11.0,216.0,170.0,332.0,61.0,35.0,74.0,0.0,54.5
2012-01-30,186.0,89.0,42.0,190.0,14.0,335.0,242.0,614.0,74.0,80.0,83.0,5.0,81.5
2012-01-31,288.0,53.0,57.0,175.0,5.0,157.0,350.0,385.0,132.0,125.0,93.0,0.0,109.0
2012-02-01,326.0,58.0,81.0,121.0,7.0,151.0,414.0,330.0,192.0,92.0,127.0,3.0,109.5
2012-02-02,192.0,52.0,60.0,123.0,3.0,128.0,255.0,303.0,124.0,35.0,96.0,0.0,65.5
2012-02-03,295.0,48.0,70.0,95.0,13.0,185.0,378.0,328.0,144.0,39.0,195.0,0.0,117.0
2012-02-04,246.0,41.0,65.0,81.0,15.0,103.0,326.0,225.0,123.0,56.0,130.0,17.0,93.0
2012-02-05,191.0,51.0,56.0,131.0,13.0,220.0,260.0,402.0,95.0,45.0,118.0,2.0,81.5
2012-02-06,285.0,55.0,48.0,156.0,1.0,135.0,334.0,346.0,86.0,62.0,186.0,0.0,124.0
2012-02-07,239.0,64.0,35.0,131.0,2.0,152.0,276.0,347.0,103.0,90.0,81.0,2.0,85.5
2012-02-08,195.0,47.0,34.0,84.0,0.0,98.0,229.0,229.0,78.0,65.0,86.0,0.0,75.5
2012-02-09,205.0,43.0,22.0,106.0,2.0,205.0,229.0,354.0,105.0,64.0,45.0,15.0,54.5
2012-02-10,281.0,69.0,20.0,142.0,5.0,191.0,306.0,402.0,114.0,57.0,115.0,20.0,86.0
2012-02-11,174.0,59.0,24.0,130.0,3.0,150.0,201.0,339.0,66.0,67.0,68.0,0.0,67.5
2012-02-12,111.0,48.0,19.0,119.0,1.0,140.0,131.0,307.0,45.0,25.0,61.0,0.0,43.0
2012-02-13,97.0,40.0,34.0,130.0,5.0,199.0,136.0,369.0,81.0,19.0,31.0,5.0,25.0
2012-02-14,149.0,37.0,50.0,65.0,4.0,76.0,203.0,178.0,115.0,12.0,51.0,25.0,31.5
2012-02-15,126.0,48.0,52.0,85.0,4.0,97.0,182.0,230.0,79.0,45.0,48.0,10.0,46.5
2012-02-16,137.0,65.0,18.0,144.0,5.0,114.0,160.0,323.0,54.0,24.0,82.0,0.0,53.0
2012-02-17,160.0,47.0,21.0,135.0,4.0,191.0,185.0,373.0,48.0,37.0,100.0,0.0,68.5
2012-02-18,161.0,36.0,8.0,128.0,6.0,164.0,175.0,328.0,34.0,49.0,87.0,5.0,68.0
2012-02-19,95.0,42.0,4.0,106.0,0.0,151.0,99.0,299.0,16.0,26.0,53.0,4.0,39.5
2012-02-20,114.0,34.0,6.0,77.0,0.0,142.0,120.0,253.0,27.0,24.0,69.0,0.0,46.5
2012-02-21,144.0,30.0,14.0,56.0,0.0,83.0,158.0,169.0,74.0,16.0,68.0,0.0,42.0
2012-02-22,253.0,69.0,24.0,129.0,7.0,167.0,284.0,365.0,135.0,36.0,113.0,0.0,74.5
2012-02-23,344.0,80.0,41.0,189.0,21.0,152.0,406.0,421.0,165.0,83.0,158.0,0.0,120.5
2012-02-24,305.0,45.0,42.0,98.0,19.0,185.0,366.0,328.0,122.0,97.0,147.0,0.0,122.0
2012-02-25,213.0,40.0,27.0,69.0,6.0,94.0,246.0,203.0,58.0,53.0,135.0,0.0,94.0
2012-02-26,85.0,35.0,12.0,90.0,6.0,90.0,103.0,215.0,37.0,20.0,46.0,0.0,33.0
2012-02-27,31.0,34.0,16.0,99.0,4.0,101.0,51.0,234.0,21.0,11.0,12.0,7.0,11.5
2012-02-28,76.0,29.0,28.0,76.0,1.0,44.0,105.0,149.0,44.0,16.0,24.0,21.0,20.0
2012-02-29,67.0,65.0,11.0,105.0,6.0,87.0,84.0,257.0,43.0,22.0,17.0,2.0,19.5
2012-03-01,91.0,38.0,14.0,65.0,2.0,56.0,107.0,159.0,61.0,9.0,37.0,0.0,23.0
2012-03-02,147.0,33.0,25.0,60.0,1.0,100.0,173.0,193.0,48.0,31.0,94.0,0.0,62.5
2012-03-03,186.0,42.0,16.0,146.0,2.0,123.0,204.0,311.0,60.0,46.0,97.0,1.0,71.5
2012-03-04,118.0,49.0,14.0,111.0,5.0,201.0,137.0,361.0,76.0,16.0,45.0,0.0,30.5
2012-03-05,153.0,56.0,5.0,150.0,2.0,326.0,160.0,532.0,73.0,2.0,85.0,0.0,43.5
2012-03-06,204.0,52.0,15.0,102.0,2.0,177.0,221.0,331.0,101.0,38.0,82.0,0.0,60.0
2012-03-07,111.0,40.0,21.0,76.0,0.0,69.0,132.0,185.0,34.0,43.0,55.0,0.0,49.0
2012-03-08,176.0,60.0,24.0,151.0,2.0,172.0,202.0,383.0,82.0,49.0,71.0,0.0,60.0
2012-03-09,186.0,54.0,14.0,106.0,0.0,159.0,200.0,319.0,49.0,70.0,81.0,0.0,75.5
2012-03-10,262.0,44.0,27.0,133.0,0.0,221.0,289.0,398.0,70.0,41.0,178.0,0.0,109.5
2012-03-11,225.0,56.0,37.0,120.0,0.0,108.0,262.0,284.0,68.0,14.0,169.0,11.0,91.5
2012-03-12,178.0,71.0,29.0,111.0,5.0,136.0,212.0,318.0,60.0,48.0,104.0,0.0,76.0
2012-03-13,126.0,36.0,8.0,102.0,3.0,118.0,137.0,256.0,28.0,51.0,58.0,0.0,54.5
2012-03-14,100.0,45.0,3.0,86.0,2.0,108.0,105.0,239.0,20.0,52.0,33.0,0.0,42.5
2012-03-15,128.0,33.0,21.0,82.0,0.0,42.0,149.0,157.0,50.0,71.0,28.0,0.0,49.5
2012-03-16,136.0,54.0,23.0,98.0,3.0,87.0,162.0,239.0,65.0,41.0,56.0,0.0,48.5
2012-03-17,120.0,56.0,18.0,118.0,1.0,74.0,139.0,248.0,59.0,49.0,31.0,0.0,40.0
2012-03-18,135.0,33.0,3.0,74.0,0.0,84.0,138.0,191.0,55.0,39.0,40.0,4.0,39.5
2012-03-19,100.0,40.0,7.0,107.0,0.0,102.0,107.0,249.0,29.0,42.0,34.0,2.0,38.0
2012-03-20,207.0,62.0,13.0,124.0,3.0,79.0,223.0,265.0,100.0,75.0,45.0,3.0,60.0
2012-03-21,304.0,71.0,14.0,137.0,6.0,167.0,324.0,375.0,149.0,86.0,68.0,21.0,77.0
2012-03-22,273.0,48.0,14.0,119.0,9.0,113.0,296.0,280.0,159.0,62.0,54.0,21.0,58.0
2012-03-23,122.0,39.0,12.0,108.0,5.0,89.0,139.0,236.0,63.0,50.0,26.0,0.0,38.0
2012-03-24,82.0,17.0,0.0,60.0,14.0,93.0,96.0,170.0,24.0,29.0,43.0,0.0,36.0
2012-03-25,95.0,23.0,33.0,94.0,12.0,87.0,140.0,204.0,39.0,24.0,74.0,3.0,49.0
2012-03-26,92.0,56.0,10.0,157.0,15.0,109.0,117.0,322.0,10.0,33.0,56.0,18.0,44.5
2012-03-27,168.0,45.0,32.0,121.0,21.0,106.0,221.0,272.0,84.0,84.0,47.0,6.0,65.5
2012-03-28,256.0,46.0,33.0,118.0,6.0,123.0,295.0,287.0,143.0,89.0,63.0,0.0,76.0
2012-03-29,177.0,62.0,11.0,139.0,12.0,192.0,200.0,393.0,97.0,50.0,53.0,0.0,51.5
2012-03-30,226.0,51.0,21.0,154.0,14.0,193.0,261.0,398.0,100.0,85.0,76.0,0.0,80.5
2012-03-31,168.0,64.0,20.0,145.0,5.0,122.0,193.0,331.0,79.0,38.0,76.0,0.0,57.0
2012-04-01,188.0,40.0,6.0,98.0,7.0,106.0,201.0,244.0,65.0,24.0,112.0,0.0,68.0
2012-04-02,161.0,42.0,14.0,124.0,9.0,167.0,184.0,333.0,40.0,26.0,118.0,0.0,72.0
2012-04-03,291.0,38.0,16.0,114.0,2.0,157.0,309.0,309.0,117.0,72.0,120.0,0.0,96.0
2012-04-04,323.0,50.0,11.0,121.0,6.0,113.0,340.0,284.0,156.0,70.0,111.0,3.0,90.5
2012-04-05,263.0,46.0,75.0,90.0,9.0,104.0,347.0,240.0,172.0,65.0,110.0,0.0,87.5
2012-04-06,186.0,53.0,31.0,136.0,2.0,179.0,219.0,368.0,102.0,58.0,59.0,0.0,58.5
2012-04-07,301.0,56.0,17.0,146.0,3.0,280.0,321.0,482.0,121.0,53.0,147.0,0.0,100.0
2012-04-08,229.0,68.0,14.0,165.0,10.0,298.0,253.0,531.0,114.0,39.0,97.0,3.0,68.0
2012-04-09,220.0,55.0,10.0,161.0,7.0,292.0,237.0,508.0,74.0,54.0,99.0,10.0,76.5
2012-04-10,217.0,69.0,29.0,152.0,3.0,176.0,249.0,397.0,94.0,112.0,43.0,0.0,77.5
2012-04-11,170.0,32.0,64.0,82.0,2.0,88.0,236.0,202.0,92.0,52.0,92.0,0.0,72.0
2012-04-12,140.0,48.0,2.0,146.0,13.0,148.0,155.0,342.0,47.0,18.0,85.0,5.0,51.5
2012-04-13,177.0,59.0,8.0,130.0,12.0,220.0,197.0,409.0,38.0,47.0,112.0,0.0,79.5
2012-04-14,169.0,39.0,1.0,71.0,7.0,107.0,177.0,217.0,32.0,36.0,109.0,0.0,72.5
2012-04-15,216.0,20.0,20.0,44.0,0.0,209.0,236.0,273.0,53.0,40.0,131.0,12.0,85.5
2012-04-16,232.0,81.0,4.0,153.0,3.0,281.0,239.0,515.0,97.0,29.0,105.0,8.0,67.0
2012-04-17,408.0,40.0,22.0,128.0,9.0,204.0,439.0,372.0,162.0,93.0,178.0,6.0,135.5
2012-04-18,355.0,57.0,9.0,164.0,0.0,262.0,364.0,483.0,166.0,86.0,112.0,0.0,99.0
2012-04-19,327.0,63.0,23.0,181.0,2.0,206.0,352.0,450.0,155.0,77.0,120.0,0.0,98.5
2012-04-20,424.0,70.0,24.0,154.0,4.0,228.0,452.0,452.0,177.0,78.0,182.0,15.0,130.0
2012-04-21,302.0,51.0,8.0,125.0,20.0,289.0,330.0,465.0,104.0,81.0,123.0,22.0,102.0
2012-04-22,206.0,52.0,0.0,104.0,25.0,219.0,231.0,375.0,88.0,78.0,65.0,0.0,71.5
2012-04-23,142.0,67.0,10.0,107.0,10.0,219.0,162.0,393.0,50.0,51.0,61.0,0.0,56.0
2012-04-24,153.0,55.0,21.0,123.0,12.0,206.0,186.0,384.0,57.0,71.0,58.0,0.0,64.5
2012-04-25,244.0,64.0,28.0,133.0,10.0,190.0,282.0,387.0,110.0,98.0,70.0,4.0,84.0
2012-04-26,187.0,30.0,43.0,68.0,22.0,129.0,252.0,227.0,146.0,52.0,39.0,15.0,45.5
2012-04-27,171.0,38.0,36.0,96.0,7.0,178.0,214.0,312.0,115.0,50.0,48.0,1.0,49.0
2012-04-28,244.0,54.0,9.0,116.0,8.0,199.0,261.0,369.0,85.0,64.0,112.0,0.0,88.0
2012-04-29,202.0,43.0,5.0,74.0,7.0,157.0,214.0,274.0,54.0,84.0,76.0,0.0,80.0
2012-04-30,138.0,58.0,14.0,108.0,11.0,285.0,163.0,451.0,34.0,77.0,48.0,4.0,62.5
2012-05-01,174.0,50.0,6.0,128.0,10.0,256.0,190.0,434.0,66.0,65.0,51.0,8.0,58.0
2012-05-02,171.0,35.0,39.0,88.0,16.0,168.0,226.0,291.0,76.0,47.0,103.0,0.0,75.0
2012-05-03,218.0,29.0,21.0,126.0,5.0,117.0,244.0,272.0,106.0,39.0,99.0,0.0,69.0
2012-05-04,169.0,39.0,35.0,79.0,1.0,149.0,205.0,267.0,70.0,38.0,97.0,0.0,67.5
2012-05-05,240.0,55.0,31.0,124.0,0.0,198.0,271.0,377.0,97.0,25.0,149.0,0.0,87.0
2012-05-06,236.0,64.0,26.0,173.0,2.0,245.0,264.0,482.0,88.0,37.0,139.0,0.0,88.0
2012-05-07,193.0,54.0,34.0,127.0,13.0,311.0,240.0,492.0,60.0,53.0,127.0,0.0,90.0
2012-05-08,364.0,43.0,33.0,139.0,11.0,301.0,408.0,483.0,146.0,81.0,181.0,0.0,131.0
2012-05-09,417.0,65.0,25.0,155.0,2.0,341.0,444.0,561.0,158.0,127.0,157.0,2.0,142.0
2012-05-10,341.0,56.0,28.0,168.0,3.0,294.0,372.0,518.0,174.0,97.0,101.0,0.0,99.0
2012-05-11,221.0,53.0,18.0,131.0,5.0,293.0,244.0,477.0,100.0,70.0,74.0,0.0,72.0
2012-05-12,192.0,66.0,2.0,126.0,8.0,238.0,202.0,430.0,59.0,40.0,103.0,0.0,71.5
2012-05-13,178.0,55.0,0.0,151.0,30.0,258.0,208.0,464.0,69.0,50.0,89.0,0.0,69.5
2012-05-14,197.0,42.0,3.0,124.0,30.0,243.0,230.0,409.0,89.0,41.0,100.0,0.0,70.5
2012-05-15,284.0,50.0,18.0,118.0,21.0,204.0,323.0,372.0,151.0,77.0,90.0,5.0,83.5
2012-05-16,354.0,59.0,16.0,128.0,19.0,211.0,389.0,398.0,189.0,71.0,129.0,0.0,100.0
2012-05-17,383.0,28.0,21.0,112.0,15.0,260.0,419.0,400.0,215.0,78.0,126.0,0.0,102.0
2012-05-18,230.0,45.0,31.0,105.0,11.0,245.0,272.0,395.0,107.0,82.0,79.0,4.0,80.5
2012-05-19,184.0,63.0,7.0,153.0,23.0,244.0,214.0,460.0,56.0,66.0,92.0,0.0,79.0
2012-05-20,176.0,45.0,3.0,123.0,19.0,243.0,198.0,411.0,70.0,45.0,83.0,0.0,64.0
2012-05-21,211.0,63.0,24.0,132.0,51.0,286.0,286.0,481.0,120.0,56.0,99.0,11.0,77.5
2012-05-22,263.0,66.0,24.0,169.0,16.0,258.0,303.0,493.0,81.0,88.0,133.0,1.0,110.5
2012-05-23,245.0,39.0,15.0,139.0,4.0,175.0,264.0,353.0,73.0,102.0,72.0,17.0,87.0
2012-05-24,211.0,68.0,50.0,131.0,3.0,140.0,264.0,339.0,68.0,60.0,136.0,0.0,98.0
2012-05-25,219.0,42.0,29.0,124.0,4.0,173.0,252.0,339.0,93.0,50.0,109.0,0.0,79.5
2012-05-26,220.0,41.0,29.0,59.0,3.0,124.0,252.0,224.0,92.0,42.0,104.0,14.0,73.0
2012-05-27,146.0,49.0,8.0,87.0,1.0,123.0,155.0,259.0,36.0,25.0,71.0,23.0,48.0
2012-05-28,196.0,53.0,6.0,136.0,2.0,227.0,204.0,416.0,54.0,71.0,58.0,21.0,64.5
2012-05-29,301.0,43.0,4.0,98.0,1.0,231.0,306.0,372.0,109.0,84.0,101.0,12.0,92.5
2012-05-30,290.0,54.0,27.0,161.0,4.0,258.0,321.0,473.0,146.0,71.0,88.0,16.0,79.5
2012-05-31,395.0,67.0,18.0,108.0,2.0,208.0,415.0,383.0,185.0,98.0,125.0,7.0,111.5
2012-06-01,265.0,56.0,13.0,109.0,7.0,217.0,285.0,382.0,81.0,114.0,90.0,0.0,102.0
2012-06-02,167.0,46.0,29.0,110.0,8.0,207.0,204.0,363.0,45.0,48.0,111.0,0.0,79.5
2012-06-03,139.0,62.0,15.0,96.0,13.0,350.0,167.0,508.0,51.0,16.0,100.0,0.0,58.0
2012-06-04,141.0,57.0,30.0,137.0,4.0,271.0,175.0,465.0,64.0,20.0,91.0,0.0,55.5
2012-06-05,186.0,39.0,18.0,135.0,4.0,193.0,208.0,367.0,70.0,42.0,96.0,0.0,69.0
2012-06-06,336.0,64.0,13.0,146.0,0.0,243.0,349.0,453.0,123.0,99.0,120.0,7.0,109.5
2012-06-07,579.0,61.0,35.0,163.0,3.0,172.0,617.0,396.0,273.0,137.0,202.0,5.0,169.5
2012-06-08,415.0,81.0,30.0,120.0,3.0,285.0,448.0,486.0,163.0,147.0,138.0,0.0,142.5
2012-06-09,247.0,43.0,18.0,111.0,2.0,204.0,267.0,358.0,70.0,81.0,116.0,0.0,98.5
2012-06-10,210.0,35.0,21.0,83.0,6.0,223.0,237.0,341.0,34.0,75.0,128.0,0.0,101.5
2012-06-11,210.0,49.0,12.0,182.0,1.0,360.0,223.0,591.0,39.0,90.0,94.0,0.0,92.0
2012-06-12,241.0,47.0,16.0,133.0,4.0,267.0,261.0,447.0,113.0,78.0,70.0,0.0,74.0
2012-06-13,300.0,81.0,12.0,129.0,7.0,243.0,319.0,453.0,113.0,116.0,90.0,0.0,103.0
2012-06-14,263.0,43.0,17.0,93.0,9.0,157.0,289.0,293.0,121.0,74.0,94.0,0.0,84.0
2012-06-15,190.0,52.0,6.0,122.0,2.0,223.0,198.0,397.0,60.0,71.0,67.0,0.0,69.0
2012-06-16,116.0,52.0,11.0,139.0,1.0,172.0,128.0,363.0,31.0,25.0,72.0,0.0,48.5
2012-06-17,132.0,63.0,4.0,155.0,1.0,272.0,137.0,490.0,33.0,41.0,63.0,0.0,52.0
2012-06-18,204.0,83.0,16.0,161.0,7.0,306.0,227.0,550.0,51.0,95.0,72.0,9.0,83.5
2012-06-19,175.0,29.0,34.0,95.0,2.0,231.0,211.0,355.0,110.0,52.0,49.0,0.0,50.5
2012-06-20,135.0,52.0,22.0,146.0,0.0,339.0,157.0,537.0,84.0,56.0,17.0,0.0,36.5
2012-06-21,146.0,35.0,25.0,133.0,2.0,270.0,173.0,438.0,73.0,49.0,51.0,0.0,50.0
2012-06-22,176.0,57.0,37.0,143.0,20.0,337.0,233.0,537.0,117.0,71.0,45.0,0.0,58.0
2012-06-23,232.0,75.0,29.0,129.0,8.0,173.0,269.0,377.0,124.0,35.0,110.0,0.0,72.5
2012-06-24,250.0,54.0,2.0,116.0,11.0,229.0,263.0,399.0,79.0,38.0,146.0,0.0,92.0
2012-06-25,284.0,82.0,14.0,186.0,21.0,221.0,319.0,489.0,102.0,79.0,138.0,0.0,108.5
2012-06-26,290.0,42.0,8.0,100.0,10.0,204.0,308.0,346.0,99.0,68.0,134.0,7.0,101.0
2012-06-27,378.0,78.0,25.0,188.0,22.0,266.0,425.0,532.0,159.0,82.0,184.0,0.0,133.0
2012-06-28,433.0,50.0,30.0,139.0,37.0,283.0,500.0,472.0,224.0,98.0,178.0,0.0,138.0
2012-06-29,349.0,72.0,13.0,191.0,5.0,323.0,367.0,586.0,150.0,117.0,100.0,0.0,108.5
2012-06-30,243.0,98.0,20.0,191.0,1.0,253.0,264.0,542.0,93.0,52.0,112.0,7.0,82.0
2012-07-01,229.0,39.0,16.0,136.0,0.0,268.0,245.0,443.0,71.0,66.0,105.0,3.0,85.5
2012-07-02,212.0,58.0,20.0,117.0,0.0,189.0,232.0,364.0,80.0,55.0,97.0,0.0,76.0
2012-07-03,251.0,45.0,7.0,81.0,0.0,209.0,258.0,335.0,96.0,66.0,96.0,0.0,81.0
2012-07-04,201.0,53.0,22.0,110.0,3.0,206.0,226.0,369.0,51.0,84.0,91.0,0.0,87.5
2012-07-05,201.0,38.0,14.0,118.0,17.0,257.0,232.0,413.0,69.0,77.0,69.0,17.0,73.0
2012-07-06,335.0,54.0,24.0,123.0,13.0,199.0,372.0,376.0,127.0,123.0,114.0,8.0,118.5
2012-07-07,495.0,47.0,35.0,80.0,8.0,173.0,538.0,300.0,198.0,162.0,171.0,7.0,166.5
2012-07-08,451.0,60.0,55.0,149.0,1.0,410.0,507.0,619.0,199.0,109.0,199.0,0.0,154.0
2012-07-09,393.0,98.0,52.0,261.0,2.0,360.0,447.0,719.0,139.0,52.0,256.0,0.0,154.0
2012-07-10,494.0,78.0,30.0,184.0,0.0,359.0,524.0,621.0,145.0,114.0,245.0,20.0,179.5
2012-07-11,544.0,64.0,25.0,163.0,8.0,458.0,577.0,685.0,159.0,160.0,234.0,24.0,197.0
2012-07-12,587.0,55.0,14.0,148.0,23.0,357.0,624.0,560.0,203.0,169.0,229.0,23.0,199.0
2012-07-13,543.0,56.0,23.0,119.0,25.0,316.0,591.0,491.0,184.0,164.0,231.0,12.0,197.5
2012-07-14,499.0,55.0,13.0,123.0,26.0,318.0,538.0,496.0,141.0,134.0,263.0,0.0,198.5
2012-07-15,449.0,87.0,22.0,197.0,25.0,365.0,496.0,649.0,140.0,89.0,250.0,17.0,169.5
2012-07-16,309.0,58.0,28.0,201.0,18.0,365.0,355.0,624.0,53.0,100.0,202.0,0.0,151.0
2012-07-17,224.0,55.0,30.0,168.0,1.0,318.0,255.0,541.0,60.0,87.0,108.0,0.0,97.5
2012-07-18,385.0,68.0,16.0,172.0,5.0,420.0,406.0,660.0,149.0,91.0,166.0,0.0,128.5
2012-07-19,517.0,74.0,11.0,236.0,10.0,382.0,538.0,692.0,190.0,156.0,192.0,0.0,174.0
2012-07-20,470.0,87.0,3.0,152.0,17.0,312.0,490.0,551.0,107.0,173.0,210.0,0.0,191.5
2012-07-21,443.0,64.0,15.0,101.0,4.0,299.0,462.0,464.0,140.0,81.0,241.0,0.0,161.0
2012-07-22,412.0,49.0,33.0,114.0,17.0,277.0,462.0,440.0,140.0,65.0,257.0,0.0,161.0
2012-07-23,367.0,57.0,15.0,150.0,8.0,298.0,390.0,505.0,135.0,58.0,197.0,0.0,127.5
2012-07-24,428.0,59.0,12.0,110.0,13.0,212.0,453.0,381.0,167.0,107.0,179.0,0.0,143.0
2012-07-25,408.0,58.0,8.0,154.0,13.0,250.0,429.0,462.0,218.0,106.0,105.0,0.0,105.5
2012-07-26,475.0,54.0,16.0,154.0,2.0,300.0,493.0,508.0,248.0,92.0,153.0,0.0,122.5
2012-07-27,427.0,90.0,21.0,176.0,0.0,259.0,448.0,525.0,172.0,104.0,172.0,0.0,138.0
2012-07-28,359.0,73.0,23.0,144.0,0.0,303.0,382.0,520.0,187.0,53.0,142.0,0.0,97.5
2012-07-29,344.0,52.0,35.0,104.0,0.0,305.0,379.0,461.0,154.0,73.0,131.0,21.0,102.0
2012-07-30,314.0,62.0,18.0,153.0,18.0,307.0,350.0,522.0,165.0,53.0,127.0,5.0,90.0
2012-07-31,400.0,43.0,11.0,119.0,17.0,243.0,428.0,405.0,194.0,91.0,131.0,12.0,111.0
2012-08-01,434.0,57.0,8.0,144.0,5.0,286.0,447.0,487.0,169.0,107.0,171.0,0.0,139.0
2012-08-02,505.0,44.0,27.0,148.0,3.0,348.0,535.0,540.0,167.0,156.0,212.0,0.0,184.0
2012-08-03,405.0,69.0,19.0,152.0,0.0,273.0,424.0,494.0,130.0,144.0,133.0,17.0,138.5
2012-08-04,385.0,55.0,14.0,135.0,8.0,225.0,407.0,415.0,159.0,86.0,144.0,18.0,115.0
2012-08-05,432.0,46.0,6.0,97.0,15.0,241.0,453.0,384.0,160.0,58.0,225.0,10.0,141.5
2012-08-06,365.0,64.0,40.0,134.0,0.0,224.0,405.0,422.0,173.0,51.0,170.0,11.0,110.5
2012-08-07,379.0,15.0,62.0,83.0,6.0,311.0,447.0,409.0,141.0,109.0,197.0,0.0,153.0
2012-08-08,473.0,61.0,70.0,157.0,4.0,274.0,547.0,492.0,215.0,98.0,229.0,5.0,163.5
2012-08-09,542.0,72.0,106.0,164.0,5.0,336.0,653.0,572.0,257.0,162.0,234.0,0.0,198.0
2012-08-10,596.0,79.0,81.0,163.0,1.0,326.0,678.0,568.0,233.0,172.0,273.0,0.0,222.5
2012-08-11,459.0,63.0,44.0,126.0,0.0,339.0,503.0,528.0,226.0,59.0,218.0,0.0,138.5
2012-08-12,377.0,34.0,30.0,119.0,37.0,361.0,444.0,514.0,167.0,59.0,215.0,3.0,137.0
2012-08-13,357.0,52.0,86.0,137.0,47.0,337.0,490.0,526.0,180.0,79.0,231.0,0.0,155.0
2012-08-14,390.0,60.0,56.0,120.0,33.0,427.0,479.0,607.0,223.0,54.0,202.0,0.0,128.0
2012-08-15,487.0,72.0,73.0,146.0,34.0,314.0,594.0,532.0,210.0,114.0,270.0,0.0,192.0
2012-08-16,590.0,58.0,27.0,155.0,34.0,264.0,651.0,477.0,243.0,154.0,244.0,10.0,199.0
2012-08-17,494.0,54.0,26.0,122.0,18.0,332.0,538.0,508.0,225.0,139.0,174.0,0.0,156.5
2012-08-18,319.0,65.0,35.0,144.0,9.0,312.0,363.0,521.0,116.0,92.0,155.0,0.0,123.5
2012-08-19,345.0,52.0,51.0,137.0,3.0,314.0,399.0,503.0,95.0,72.0,228.0,4.0,150.0
2012-08-20,341.0,65.0,60.0,139.0,0.0,282.0,401.0,486.0,113.0,31.0,257.0,0.0,144.0
2012-08-21,379.0,45.0,32.0,100.0,7.0,307.0,418.0,452.0,126.0,70.0,222.0,0.0,146.0
2012-08-22,324.0,59.0,6.0,135.0,0.0,208.0,330.0,402.0,88.0,123.0,119.0,0.0,121.0
2012-08-23,259.0,58.0,21.0,106.0,19.0,219.0,299.0,383.0,77.0,132.0,90.0,0.0,111.0
2012-08-24,397.0,63.0,27.0,150.0,11.0,228.0,435.0,441.0,136.0,145.0,154.0,0.0,149.5
2012-08-25,534.0,76.0,30.0,156.0,1.0,251.0,565.0,483.0,259.0,100.0,206.0,0.0,153.0
2012-08-26,364.0,66.0,27.0,133.0,0.0,312.0,391.0,511.0,144.0,39.0,195.0,13.0,117.0
2012-08-27,376.0,70.0,34.0,176.0,3.0,357.0,413.0,603.0,174.0,93.0,146.0,0.0,119.5
2012-08-28,450.0,52.0,18.0,132.0,8.0,326.0,476.0,510.0,139.0,157.0,180.0,0.0,168.5
2012-08-29,420.0,70.0,7.0,128.0,6.0,226.0,433.0,424.0,172.0,106.0,155.0,0.0,130.5
2012-08-30,389.0,45.0,36.0,123.0,3.0,276.0,428.0,444.0,242.0,86.0,100.0,0.0,93.0
2012-08-31,354.0,52.0,30.0,118.0,4.0,353.0,388.0,523.0,174.0,111.0,103.0,0.0,107.0
2012-09-01,394.0,65.0,17.0,157.0,32.0,286.0,443.0,508.0,218.0,124.0,101.0,0.0,112.5
2012-09-02,309.0,68.0,22.0,124.0,44.0,263.0,375.0,455.0,152.0,108.0,115.0,0.0,111.5
2012-09-03,162.0,40.0,11.0,155.0,19.0,523.0,192.0,718.0,64.0,58.0,70.0,0.0,64.0
2012-09-04,333.0,38.0,47.0,119.0,21.0,264.0,401.0,421.0,154.0,114.0,115.0,18.0,114.5
2012-09-05,461.0,51.0,30.0,116.0,46.0,308.0,537.0,475.0,214.0,162.0,149.0,12.0,155.5
2012-09-06,458.0,56.0,35.0,143.0,39.0,272.0,532.0,471.0,219.0,148.0,165.0,0.0,156.5
2012-09-07,482.0,56.0,22.0,121.0,42.0,283.0,546.0,460.0,199.0,172.0,175.0,0.0,173.5
2012-09-08,409.0,52.0,16.0,98.0,26.0,265.0,451.0,415.0,213.0,112.0,126.0,0.0,119.0
2012-09-09,279.0,62.0,27.0,131.0,31.0,213.0,337.0,406.0,187.0,46.0,92.0,12.0,69.0
2012-09-10,223.0,69.0,13.0,142.0,30.0,305.0,266.0,516.0,144.0,75.0,44.0,3.0,59.5
2012-09-11,252.0,45.0,9.0,122.0,21.0,176.0,282.0,343.0,156.0,84.0,38.0,4.0,61.0
2012-09-12,200.0,54.0,9.0,116.0,31.0,268.0,240.0,438.0,90.0,68.0,82.0,0.0,75.0
2012-09-13,446.0,34.0,27.0,90.0,17.0,232.0,490.0,356.0,241.0,99.0,150.0,0.0,124.5
2012-09-14,497.0,63.0,18.0,132.0,15.0,331.0,530.0,526.0,205.0,163.0,162.0,0.0,162.5
2012-09-15,434.0,58.0,15.0,117.0,22.0,233.0,471.0,408.0,215.0,121.0,135.0,0.0,128.0
2012-09-16,382.0,58.0,33.0,127.0,18.0,376.0,433.0,561.0,211.0,83.0,130.0,9.0,106.5
2012-09-17,283.0,77.0,45.0,201.0,2.0,392.0,330.0,670.0,97.0,50.0,183.0,0.0,116.5
2012-09-18,347.0,62.0,36.0,201.0,9.0,454.0,392.0,717.0,128.0,63.0,201.0,0.0,132.0
2012-09-19,479.0,86.0,53.0,161.0,0.0,360.0,532.0,607.0,164.0,145.0,223.0,0.0,184.0
2012-09-20,585.0,55.0,51.0,123.0,15.0,276.0,651.0,454.0,252.0,156.0,243.0,0.0,199.5
2012-09-21,505.0,53.0,50.0,107.0,40.0,269.0,595.0,429.0,264.0,167.0,164.0,0.0,165.5
2012-09-22,403.0,69.0,14.0,184.0,22.0,301.0,439.0,554.0,217.0,64.0,155.0,3.0,109.5
2012-09-23,267.0,68.0,37.0,164.0,1.0,276.0,305.0,508.0,198.0,19.0,88.0,0.0,53.5
2012-09-24,203.0,53.0,7.0,145.0,6.0,309.0,216.0,507.0,115.0,24.0,77.0,0.0,50.5
2012-09-25,185.0,41.0,6.0,107.0,8.0,183.0,199.0,331.0,72.0,61.0,66.0,0.0,63.5
2012-09-26,200.0,41.0,11.0,103.0,4.0,144.0,215.0,288.0,65.0,75.0,75.0,0.0,75.0
2012-09-27,201.0,57.0,6.0,97.0,2.0,204.0,209.0,358.0,88.0,64.0,57.0,0.0,60.5
2012-09-28,195.0,65.0,1.0,90.0,0.0,202.0,196.0,357.0,54.0,57.0,85.0,0.0,71.0
2012-09-29,198.0,65.0,21.0,114.0,0.0,199.0,219.0,378.0,93.0,27.0,99.0,0.0,63.0
2012-09-30,166.0,49.0,33.0,145.0,0.0,323.0,199.0,517.0,75.0,56.0,68.0,0.0,62.0
2012-10-01,170.0,67.0,20.0,152.0,0.0,248.0,190.0,467.0,64.0,60.0,66.0,0.0,63.0
2012-10-02,192.0,43.0,9.0,92.0,4.0,270.0,205.0,405.0,56.0,89.0,60.0,0.0,74.5
2012-10-03,254.0,55.0,31.0,162.0,8.0,287.0,293.0,504.0,81.0,140.0,72.0,0.0,106.0
2012-10-04,308.0,56.0,31.0,139.0,11.0,291.0,350.0,486.0,116.0,140.0,94.0,0.0,117.0
2012-10-05,311.0,44.0,2.0,118.0,15.0,232.0,328.0,394.0,94.0,140.0,94.0,0.0,117.0
2012-10-06,424.0,76.0,0.0,180.0,18.0,193.0,442.0,449.0,194.0,94.0,148.0,6.0,121.0
2012-10-07,354.0,38.0,20.0,84.0,8.0,166.0,382.0,288.0,143.0,59.0,180.0,0.0,119.5
2012-10-08,243.0,60.0,12.0,118.0,3.0,203.0,258.0,381.0,106.0,35.0,117.0,0.0,76.0
2012-10-09,219.0,51.0,17.0,121.0,2.0,140.0,238.0,312.0,81.0,74.0,83.0,0.0,78.5
2012-10-10,139.0,59.0,34.0,144.0,9.0,211.0,182.0,414.0,56.0,57.0,69.0,0.0,63.0
2012-10-11,223.0,39.0,33.0,106.0,0.0,138.0,256.0,283.0,95.0,81.0,80.0,0.0,80.5
2012-10-12,230.0,64.0,8.0,119.0,0.0,142.0,238.0,325.0,86.0,71.0,81.0,0.0,76.0
2012-10-13,219.0,59.0,0.0,93.0,0.0,139.0,219.0,291.0,118.0,52.0,49.0,0.0,50.5
2012-10-14,235.0,63.0,3.0,135.0,3.0,237.0,241.0,435.0,122.0,76.0,43.0,0.0,59.5
2012-10-15,348.0,71.0,15.0,126.0,23.0,212.0,386.0,409.0,121.0,124.0,141.0,0.0,132.5
2012-10-16,480.0,56.0,39.0,113.0,7.0,170.0,526.0,339.0,222.0,114.0,181.0,9.0,147.5
2012-10-17,504.0,53.0,64.0,122.0,2.0,209.0,570.0,384.0,210.0,134.0,226.0,0.0,180.0
2012-10-18,555.0,55.0,13.0,159.0,1.0,214.0,569.0,428.0,237.0,128.0,204.0,0.0,166.0
2012-10-19,585.0,65.0,18.0,131.0,9.0,143.0,612.0,339.0,209.0,197.0,186.0,20.0,191.5
2012-10-20,460.0,55.0,12.0,152.0,8.0,229.0,480.0,436.0,180.0,117.0,157.0,26.0,137.0
2012-10-21,391.0,73.0,18.0,152.0,11.0,257.0,420.0,482.0,147.0,73.0,160.0,40.0,116.5
2012-10-22,425.0,68.0,26.0,181.0,33.0,211.0,484.0,460.0,145.0,111.0,219.0,9.0,165.0
2012-10-23,463.0,49.0,26.0,103.0,34.0,159.0,523.0,311.0,197.0,97.0,228.0,1.0,162.5
2012-10-24,450.0,51.0,38.0,116.0,29.0,183.0,517.0,350.0,191.0,90.0,236.0,0.0,163.0
2012-10-25,433.0,55.0,43.0,112.0,14.0,193.0,490.0,360.0,216.0,118.0,156.0,0.0,137.0
2012-10-26,382.0,57.0,7.0,148.0,6.0,254.0,395.0,459.0,188.0,92.0,115.0,0.0,103.5
2012-10-27,351.0,74.0,19.0,148.0,14.0,261.0,384.0,483.0,172.0,85.0,127.0,0.0,106.0
2012-10-28,262.0,51.0,19.0,155.0,16.0,327.0,297.0,533.0,108.0,79.0,110.0,0.0,94.5
2012-10-29,371.0,73.0,93.0,189.0,37.0,216.0,501.0,478.0,186.0,84.0,222.0,9.0,153.0
2012-10-30,428.0,67.0,107.0,146.0,31.0,275.0,566.0,488.0,176.0,112.0,266.0,12.0,189.0
2012-10-31,477.0,60.0,84.0,108.0,24.0,229.0,585.0,397.0,183.0,132.0,270.0,0.0,201.0
2012-11-01,431.0,60.0,89.0,154.0,10.0,180.0,530.0,394.0,180.0,115.0,225.0,10.0,170.0
2012-11-02,417.0,59.0,115.0,138.0,6.0,185.0,538.0,382.0,153.0,108.0,265.0,12.0,186.5
2012-11-03,451.0,50.0,38.0,124.0,18.0,146.0,507.0,320.0,141.0,85.0,281.0,0.0,183.0
2012-11-04,240.0,36.0,29.0,101.0,15.0,169.0,284.0,306.0,77.0,40.0,155.0,12.0,97.5
2012-11-05,435.0,55.0,28.0,120.0,33.0,201.0,496.0,376.0,156.0,119.0,211.0,10.0,165.0
2012-11-06,520.0,69.0,27.0,218.0,64.0,304.0,611.0,591.0,204.0,176.0,231.0,0.0,203.5
2012-11-07,625.0,47.0,85.0,163.0,60.0,220.0,770.0,430.0,305.0,159.0,306.0,0.0,232.5
2012-11-08,570.0,67.0,28.0,134.0,32.0,181.0,630.0,382.0,254.0,135.0,241.0,0.0,188.0
2012-11-09,503.0,55.0,6.0,87.0,22.0,137.0,531.0,279.0,149.0,110.0,261.0,11.0,185.5
2012-11-10,479.0,46.0,23.0,66.0,2.0,85.0,504.0,197.0,144.0,89.0,247.0,24.0,168.0
2012-11-11,357.0,51.0,43.0,94.0,16.0,128.0,416.0,273.0,140.0,55.0,198.0,23.0,126.5
2012-11-12,309.0,65.0,48.0,151.0,25.0,185.0,382.0,401.0,110.0,60.0,186.0,26.0,123.0
2012-11-13,395.0,44.0,88.0,113.0,3.0,189.0,486.0,346.0,233.0,85.0,145.0,23.0,115.0
2012-11-14,450.0,56.0,36.0,142.0,28.0,231.0,514.0,429.0,278.0,104.0,132.0,0.0,118.0
2012-11-15,591.0,36.0,70.0,121.0,20.0,229.0,681.0,386.0,366.0,80.0,233.0,2.0,156.5
2012-11-16,533.0,78.0,57.0,170.0,36.0,130.0,626.0,378.0,305.0,103.0,207.0,11.0,155.0
2012-11-17,430.0,46.0,3.0,73.0,19.0,126.0,452.0,245.0,163.0,88.0,177.0,24.0,132.5
2012-11-18,311.0,44.0,15.0,67.0,0.0,93.0,326.0,204.0,86.0,51.0,165.0,24.0,108.0
2012-11-19,236.0,59.0,27.0,101.0,8.0,173.0,271.0,333.0,95.0,42.0,110.0,24.0,76.0
2012-11-20,364.0,46.0,32.0,71.0,12.0,106.0,408.0,223.0,218.0,62.0,104.0,24.0,83.0
2012-11-21,394.0,31.0,32.0,76.0,3.0,100.0,429.0,207.0,251.0,75.0,79.0,24.0,77.0
2012-11-22,363.0,30.0,56.0,74.0,2.0,166.0,421.0,270.0,187.0,99.0,111.0,24.0,105.0
2012-11-23,423.0,27.0,87.0,75.0,17.0,167.0,527.0,269.0,127.0,125.0,218.0,57.0,171.5
2012-11-24,603.0,51.0,98.0,106.0,8.0,118.0,709.0,275.0,193.0,205.0,259.0,52.0,232.0
2012-11-25,500.0,87.0,43.0,130.0,7.0,156.0,550.0,373.0,152.0,158.0,194.0,46.0,176.0
2012-11-26,400.0,75.0,26.0,185.0,0.0,259.0,426.0,519.0,111.0,148.0,143.0,24.0,145.5
2012-11-27,555.0,36.0,45.0,76.0,2.0,185.0,602.0,297.0,222.0,202.0,175.0,3.0,188.5
2012-11-28,544.0,77.0,65.0,128.0,1.0,197.0,610.0,402.0,247.0,162.0,201.0,0.0,181.5
2012-11-29,579.0,54.0,104.0,77.0,5.0,122.0,688.0,253.0,252.0,102.0,272.0,62.0,187.0
2012-11-30,553.0,44.0,50.0,97.0,8.0,177.0,611.0,318.0,210.0,90.0,250.0,61.0,170.0
2012-12-01,654.0,23.0,40.0,59.0,5.0,74.0,699.0,156.0,220.0,96.0,263.0,120.0,179.5
2012-12-02,619.0,29.0,38.0,67.0,18.0,75.0,675.0,171.0,155.0,74.0,278.0,168.0,176.0
2012-12-03,593.0,24.0,48.0,63.0,20.0,125.0,661.0,212.0,148.0,83.0,287.0,143.0,185.0
2012-12-04,687.0,45.0,77.0,78.0,7.0,160.0,771.0,283.0,165.0,124.0,335.0,147.0,229.5
2012-12-05,744.0,30.0,63.0,74.0,2.0,180.0,809.0,284.0,229.0,151.0,305.0,124.0,228.0
2012-12-06,790.0,74.0,54.0,129.0,16.0,137.0,860.0,340.0,338.0,174.0,277.0,71.0,225.5
2012-12-07,790.0,57.0,29.0,107.0,10.0,228.0,829.0,392.0,306.0,183.0,288.0,52.0,235.5
2012-12-08,704.0,57.0,43.0,152.0,24.0,203.0,771.0,412.0,345.0,181.0,206.0,39.0,193.5
2012-12-09,626.0,61.0,77.0,113.0,24.0,218.0,727.0,392.0,343.0,178.0,173.0,33.0,175.5
2012-12-10,557.0,71.0,55.0,135.0,16.0,202.0,628.0,408.0,263.0,131.0,210.0,24.0,170.5
2012-12-11,521.0,43.0,59.0,158.0,8.0,303.0,588.0,504.0,287.0,96.0,205.0,0.0,150.5
2012-12-12,630.0,55.0,53.0,97.0,4.0,138.0,687.0,290.0,316.0,134.0,237.0,0.0,185.5
2012-12-13,525.0,97.0,37.0,146.0,2.0,142.0,564.0,385.0,266.0,88.0,209.0,1.0,148.5
2012-12-14,463.0,58.0,16.0,97.0,5.0,146.0,484.0,301.0,211.0,67.0,189.0,17.0,128.0
2012-12-15,489.0,42.0,25.0,56.0,1.0,106.0,515.0,204.0,199.0,84.0,206.0,26.0,145.0
2012-12-16,476.0,53.0,59.0,82.0,4.0,75.0,539.0,210.0,218.0,66.0,224.0,31.0,145.0
2012-12-17,393.0,67.0,19.0,115.0,38.0,165.0,450.0,347.0,121.0,99.0,205.0,25.0,152.0
2012-12-18,470.0,39.0,28.0,63.0,26.0,161.0,524.0,263.0,189.0,86.0,206.0,43.0,146.0
2012-12-19,559.0,53.0,39.0,95.0,27.0,121.0,625.0,269.0,258.0,112.0,225.0,30.0,168.5
2012-12-20,607.0,76.0,52.0,104.0,4.0,140.0,663.0,320.0,216.0,87.0,317.0,43.0,202.0
2012-12-21,647.0,94.0,77.0,162.0,0.0,166.0,724.0,422.0,203.0,107.0,373.0,41.0,240.0
2012-12-22,708.0,89.0,70.0,130.0,0.0,137.0,778.0,356.0,178.0,144.0,396.0,60.0,270.0
2012-12-23,552.0,35.0,51.0,64.0,8.0,184.0,611.0,283.0,178.0,93.0,267.0,73.0,180.0
2012-12-24,448.0,42.0,57.0,56.0,2.0,96.0,507.0,194.0,132.0,94.0,200.0,81.0,147.0
2012-12-25,347.0,27.0,27.0,89.0,15.0,293.0,389.0,409.0,79.0,74.0,154.0,82.0,114.0
2012-12-26,568.0,49.0,76.0,120.0,9.0,81.0,653.0,250.0,166.0,132.0,236.0,119.0,184.0
2012-12-27,783.0,37.0,41.0,91.0,11.0,87.0,835.0,215.0,262.0,180.0,276.0,117.0,228.0
2012-12-28,787.0,62.0,15.0,102.0,8.0,127.0,810.0,291.0,271.0,155.0,282.0,102.0,218.5
2012-12-29,663.0,50.0,5.0,70.0,6.0,156.0,674.0,276.0,160.0,158.0,278.0,78.0,218.0
2012-12-30,603.0,62.0,19.0,97.0,0.0,116.0,622.0,275.0,152.0,98.0,311.0,61.0,204.5
2012-12-31,0.0,0.0,0.0,0.0,0.0,0.0,0.0,0.0,0.0,0.0,0.0,0.0,0.0
2013-01-01,317.0,43.0,46.0,72.0,7.0,141.0,370.0,256.0,64.0,87.0,171.0,48.0,129.0
2013-01-02,496.0,32.0,83.0,67.0,1.0,65.0,580.0,164.0,221.0,103.0,208.0,48.0,155.5
2013-01-03,571.0,36.0,81.0,104.0,0.0,195.0,652.0,335.0,279.0,142.0,187.0,44.0,164.5
2013-01-04,487.0,43.0,56.0,155.0,1.0,219.0,544.0,417.0,239.0,86.0,196.0,23.0,141.0
2013-01-05,514.0,65.0,21.0,142.0,12.0,157.0,547.0,364.0,212.0,109.0,202.0,24.0,155.5
2013-01-06,498.0,66.0,15.0,86.0,19.0,152.0,532.0,304.0,207.0,124.0,179.0,22.0,151.5
2013-01-07,498.0,54.0,10.0,97.0,0.0,112.0,508.0,263.0,169.0,65.0,249.0,25.0,157.0
2013-01-08,516.0,66.0,10.0,130.0,5.0,195.0,531.0,391.0,238.0,75.0,186.0,32.0,130.5
2013-01-09,532.0,57.0,48.0,120.0,1.0,230.0,581.0,407.0,210.0,132.0,191.0,48.0,161.5
2013-01-10,558.0,45.0,62.0,89.0,0.0,106.0,620.0,240.0,303.0,120.0,149.0,48.0,134.5
2013-01-11,455.0,45.0,66.0,54.0,0.0,149.0,521.0,248.0,262.0,64.0,146.0,49.0,105.0
2013-01-12,444.0,56.0,32.0,95.0,0.0,107.0,476.0,258.0,208.0,49.0,171.0,48.0,110.0
2013-01-13,430.0,53.0,46.0,74.0,0.0,151.0,476.0,278.0,201.0,20.0,207.0,48.0,113.5
2013-01-14,422.0,84.0,60.0,121.0,5.0,139.0,487.0,344.0,169.0,62.0,208.0,48.0,135.0
2013-01-15,552.0,50.0,42.0,108.0,19.0,182.0,613.0,340.0,209.0,187.0,169.0,48.0,178.0
2013-01-16,616.0,63.0,68.0,126.0,0.0,150.0,684.0,339.0,277.0,159.0,211.0,37.0,185.0
2013-01-17,552.0,60.0,66.0,127.0,0.0,167.0,618.0,354.0,255.0,130.0,209.0,24.0,169.5
2013-01-18,532.0,50.0,48.0,86.0,0.0,208.0,580.0,344.0,254.0,105.0,196.0,25.0,150.5
2013-01-19,545.0,74.0,11.0,117.0,1.0,99.0,557.0,290.0,245.0,89.0,199.0,24.0,144.0
2013-01-20,438.0,49.0,20.0,73.0,31.0,170.0,489.0,292.0,190.0,83.0,192.0,24.0,137.5
2013-01-21,339.0,67.0,39.0,106.0,24.0,221.0,402.0,394.0,114.0,64.0,213.0,11.0,138.5
2013-01-22,568.0,59.0,54.0,100.0,27.0,182.0,649.0,341.0,280.0,128.0,241.0,0.0,184.5
2013-01-23,555.0,67.0,64.0,119.0,20.0,194.0,639.0,380.0,317.0,163.0,159.0,0.0,161.0
2013-01-24,443.0,58.0,44.0,115.0,4.0,173.0,491.0,346.0,258.0,132.0,101.0,0.0,116.5
2013-01-25,371.0,60.0,46.0,83.0,3.0,131.0,420.0,274.0,230.0,60.0,130.0,0.0,95.0
2013-01-26,294.0,52.0,12.0,74.0,6.0,121.0,312.0,247.0,152.0,25.0,135.0,0.0,80.0
2013-01-27,311.0,27.0,0.0,37.0,1.0,121.0,312.0,185.0,166.0,25.0,121.0,0.0,73.0
2013-01-28,296.0,49.0,4.0,80.0,3.0,193.0,303.0,322.0,147.0,19.0,137.0,0.0,78.0
2013-01-29,487.0,62.0,16.0,75.0,0.0,87.0,503.0,224.0,250.0,71.0,182.0,0.0,126.5
2013-01-30,494.0,65.0,55.0,145.0,0.0,161.0,549.0,371.0,257.0,109.0,183.0,0.0,146.0
2013-01-31,474.0,59.0,65.0,155.0,5.0,209.0,544.0,423.0,255.0,134.0,155.0,0.0,144.5
2013-02-01,471.0,80.0,49.0,153.0,4.0,192.0,524.0,425.0,190.0,118.0,216.0,0.0,167.0
2013-02-02,368.0,44.0,21.0,121.0,32.0,210.0,421.0,375.0,165.0,83.0,173.0,0.0,128.0
2013-02-03,276.0,45.0,14.0,111.0,7.0,229.0,297.0,385.0,136.0,43.0,114.0,4.0,78.5
2013-02-04,272.0,52.0,44.0,133.0,6.0,224.0,322.0,409.0,115.0,56.0,151.0,0.0,103.5
2013-02-05,430.0,51.0,57.0,98.0,21.0,148.0,508.0,297.0,202.0,131.0,175.0,0.0,153.0
2013-02-06,453.0,49.0,38.0,71.0,12.0,171.0,503.0,291.0,195.0,144.0,164.0,0.0,154.0
2013-02-07,430.0,48.0,47.0,75.0,7.0,109.0,484.0,232.0,157.0,159.0,168.0,0.0,163.5
2013-02-08,448.0,42.0,58.0,74.0,5.0,94.0,511.0,210.0,194.0,162.0,155.0,0.0,158.5
2013-02-09,407.0,52.0,74.0,65.0,3.0,115.0,484.0,232.0,235.0,101.0,148.0,0.0,124.5
2013-02-10,337.0,55.0,47.0,98.0,9.0,162.0,393.0,315.0,196.0,52.0,145.0,0.0,98.5
2013-02-11,214.0,74.0,64.0,86.0,57.0,177.0,335.0,337.0,144.0,70.0,121.0,0.0,95.5
2013-02-12,359.0,30.0,36.0,64.0,51.0,189.0,446.0,283.0,153.0,130.0,143.0,20.0,136.5
2013-02-13,429.0,49.0,6.0,115.0,24.0,205.0,459.0,369.0,184.0,120.0,131.0,24.0,125.5
2013-02-14,418.0,55.0,12.0,139.0,28.0,249.0,458.0,443.0,212.0,132.0,90.0,24.0,111.0
2013-02-15,437.0,69.0,35.0,144.0,23.0,247.0,495.0,460.0,218.0,120.0,144.0,13.0,132.0
2013-02-16,437.0,52.0,16.0,77.0,8.0,89.0,461.0,218.0,188.0,113.0,160.0,0.0,136.5
2013-02-17,350.0,43.0,12.0,86.0,1.0,226.0,363.0,355.0,143.0,55.0,165.0,0.0,110.0
2013-02-18,328.0,76.0,10.0,107.0,0.0,175.0,338.0,358.0,110.0,48.0,180.0,0.0,114.0
2013-02-19,399.0,41.0,22.0,72.0,0.0,149.0,421.0,262.0,141.0,107.0,173.0,0.0,140.0
2013-02-20,522.0,55.0,48.0,77.0,7.0,85.0,577.0,217.0,242.0,141.0,194.0,0.0,167.5
2013-02-21,519.0,58.0,80.0,81.0,23.0,121.0,622.0,260.0,321.0,157.0,144.0,0.0,150.5
2013-02-22,401.0,66.0,50.0,121.0,24.0,185.0,475.0,372.0,242.0,107.0,126.0,0.0,116.5
2013-02-23,326.0,70.0,26.0,159.0,20.0,187.0,372.0,416.0,177.0,59.0,136.0,0.0,97.5
2013-02-24,333.0,41.0,11.0,73.0,3.0,142.0,347.0,256.0,162.0,56.0,129.0,0.0,92.5
2013-02-25,337.0,54.0,44.0,130.0,8.0,217.0,389.0,401.0,149.0,68.0,172.0,0.0,120.0
2013-02-26,483.0,71.0,82.0,151.0,2.0,269.0,567.0,491.0,246.0,85.0,236.0,0.0,160.5
2013-02-27,574.0,79.0,92.0,215.0,6.0,244.0,672.0,538.0,306.0,141.0,225.0,0.0,183.0
2013-02-28,592.0,38.0,99.0,133.0,3.0,273.0,694.0,444.0,285.0,148.0,261.0,0.0,204.5
2013-03-01,567.0,57.0,66.0,118.0,7.0,140.0,640.0,315.0,261.0,116.0,263.0,0.0,189.5
2013-03-02,376.0,75.0,58.0,153.0,22.0,181.0,456.0,409.0,142.0,101.0,198.0,15.0,149.5
2013-03-03,235.0,44.0,99.0,125.0,3.0,207.0,337.0,376.0,87.0,50.0,176.0,24.0,113.0
2013-03-04,280.0,41.0,90.0,114.0,7.0,147.0,377.0,302.0,100.0,98.0,155.0,24.0,126.5
2013-03-05,232.0,44.0,103.0,101.0,3.0,210.0,338.0,355.0,111.0,65.0,149.0,13.0,107.0
2013-03-06,293.0,44.0,31.0,129.0,4.0,127.0,328.0,300.0,115.0,80.0,133.0,0.0,106.5
2013-03-07,309.0,69.0,93.0,98.0,0.0,97.0,402.0,264.0,153.0,72.0,177.0,0.0,124.5
2013-03-08,329.0,33.0,63.0,87.0,0.0,114.0,392.0,234.0,179.0,59.0,154.0,0.0,106.5
2013-03-09,344.0,53.0,42.0,85.0,2.0,92.0,388.0,230.0,115.0,71.0,202.0,0.0,136.5
2013-03-10,233.0,64.0,29.0,106.0,8.0,198.0,270.0,368.0,80.0,33.0,154.0,3.0,93.5
2013-03-11,235.0,29.0,17.0,103.0,11.0,182.0,263.0,314.0,66.0,28.0,145.0,24.0,86.5
2013-03-12,333.0,33.0,8.0,124.0,47.0,243.0,388.0,400.0,175.0,49.0,140.0,24.0,94.5
2013-03-13,486.0,58.0,25.0,175.0,14.0,193.0,525.0,426.0,242.0,64.0,195.0,24.0,129.5
2013-03-14,555.0,34.0,32.0,95.0,0.0,235.0,587.0,364.0,252.0,96.0,215.0,24.0,155.5
2013-03-15,422.0,61.0,35.0,156.0,0.0,288.0,457.0,505.0,175.0,88.0,170.0,24.0,129.0
2013-03-16,435.0,60.0,11.0,125.0,7.0,185.0,453.0,370.0,150.0,56.0,223.0,24.0,139.5
2013-03-17,369.0,54.0,27.0,107.0,5.0,190.0,401.0,351.0,89.0,41.0,240.0,31.0,140.5
2013-03-18,352.0,40.0,40.0,112.0,20.0,206.0,412.0,358.0,106.0,88.0,194.0,24.0,141.0
2013-03-19,436.0,48.0,57.0,112.0,13.0,197.0,506.0,357.0,188.0,105.0,189.0,24.0,147.0
2013-03-20,423.0,65.0,46.0,158.0,15.0,220.0,484.0,443.0,226.0,86.0,148.0,24.0,117.0
2013-03-21,439.0,60.0,55.0,112.0,14.0,188.0,508.0,360.0,234.0,90.0,160.0,24.0,125.0
2013-03-22,418.0,51.0,47.0,132.0,0.0,215.0,465.0,398.0,196.0,91.0,154.0,24.0,122.5
2013-03-23,379.0,45.0,11.0,118.0,15.0,228.0,405.0,391.0,140.0,99.0,150.0,16.0,124.5
2013-03-24,322.0,51.0,26.0,139.0,29.0,270.0,377.0,460.0,132.0,84.0,137.0,24.0,110.5
2013-03-25,360.0,57.0,50.0,164.0,39.0,318.0,449.0,539.0,82.0,176.0,172.0,19.0,174.0
2013-03-26,498.0,55.0,86.0,149.0,21.0,264.0,605.0,468.0,202.0,206.0,185.0,12.0,195.5
2013-03-27,446.0,74.0,59.0,149.0,10.0,276.0,515.0,499.0,180.0,149.0,186.0,0.0,167.5
2013-03-28,445.0,36.0,94.0,93.0,20.0,252.0,559.0,381.0,261.0,151.0,147.0,0.0,149.0
2013-03-29,434.0,54.0,105.0,104.0,6.0,203.0,545.0,361.0,200.0,154.0,191.0,0.0,172.5
2013-03-30,352.0,89.0,92.0,166.0,7.0,152.0,451.0,407.0,177.0,79.0,195.0,0.0,137.0
2013-03-31,369.0,45.0,82.0,71.0,15.0,153.0,466.0,269.0,144.0,97.0,217.0,8.0,157.0
2013-04-01,367.0,56.0,82.0,116.0,3.0,141.0,452.0,313.0,144.0,85.0,223.0,0.0,154.0
2013-04-02,510.0,41.0,60.0,102.0,1.0,129.0,571.0,272.0,251.0,121.0,199.0,0.0,160.0
2013-04-03,374.0,81.0,52.0,150.0,1.0,255.0,427.0,486.0,245.0,99.0,83.0,0.0,91.0
2013-04-04,350.0,30.0,56.0,93.0,1.0,208.0,407.0,331.0,237.0,93.0,77.0,0.0,85.0
2013-04-05,329.0,48.0,47.0,85.0,4.0,189.0,380.0,322.0,174.0,100.0,106.0,0.0,103.0
2013-04-06,348.0,70.0,10.0,128.0,7.0,107.0,365.0,305.0,145.0,69.0,151.0,0.0,110.0
2013-04-07,305.0,52.0,22.0,103.0,9.0,191.0,336.0,346.0,142.0,47.0,147.0,0.0,97.0
2013-04-08,314.0,45.0,56.0,91.0,3.0,159.0,373.0,295.0,167.0,51.0,155.0,0.0,103.0
2013-04-09,369.0,66.0,79.0,117.0,11.0,169.0,459.0,352.0,192.0,84.0,171.0,12.0,127.5
2013-04-10,425.0,91.0,55.0,166.0,21.0,214.0,501.0,471.0,230.0,99.0,172.0,0.0,135.5
2013-04-11,381.0,53.0,89.0,163.0,47.0,288.0,517.0,504.0,237.0,99.0,172.0,9.0,135.5
2013-04-12,347.0,55.0,106.0,119.0,14.0,174.0,467.0,348.0,213.0,82.0,161.0,11.0,121.5
2013-04-13,328.0,57.0,40.0,117.0,10.0,193.0,378.0,367.0,134.0,48.0,196.0,0.0,122.0
2013-04-14,270.0,43.0,40.0,120.0,7.0,272.0,317.0,435.0,97.0,20.0,194.0,6.0,107.0
2013-04-15,351.0,56.0,66.0,125.0,2.0,221.0,419.0,402.0,98.0,30.0,267.0,24.0,148.5
2013-04-16,537.0,59.0,49.0,122.0,15.0,137.0,601.0,318.0,180.0,111.0,299.0,11.0,205.0
2013-04-17,547.0,65.0,46.0,198.0,0.0,229.0,593.0,492.0,182.0,117.0,293.0,1.0,205.0
2013-04-18,506.0,53.0,45.0,177.0,2.0,334.0,553.0,564.0,178.0,98.0,277.0,0.0,187.5
2013-04-19,514.0,53.0,24.0,127.0,1.0,242.0,539.0,422.0,201.0,85.0,253.0,0.0,169.0
2013-04-20,517.0,75.0,30.0,156.0,18.0,222.0,565.0,453.0,193.0,105.0,267.0,0.0,186.0
2013-04-21,477.0,28.0,2.0,113.0,45.0,261.0,524.0,402.0,146.0,163.0,215.0,0.0,189.0
2013-04-22,469.0,68.0,20.0,147.0,30.0,207.0,519.0,422.0,117.0,128.0,274.0,0.0,201.0
2013-04-23,592.0,40.0,36.0,99.0,2.0,198.0,630.0,337.0,183.0,149.0,298.0,0.0,223.5
2013-04-24,543.0,60.0,49.0,141.0,13.0,240.0,605.0,441.0,238.0,118.0,249.0,0.0,183.5
2013-04-25,448.0,67.0,60.0,147.0,37.0,212.0,545.0,426.0,271.0,102.0,172.0,0.0,137.0
2013-04-26,477.0,44.0,106.0,113.0,14.0,195.0,597.0,352.0,271.0,68.0,258.0,0.0,163.0
2013-04-27,375.0,77.0,42.0,176.0,9.0,286.0,426.0,539.0,198.0,49.0,179.0,0.0,114.0
2013-04-28,283.0,57.0,20.0,129.0,24.0,385.0,327.0,571.0,120.0,21.0,186.0,0.0,103.5
2013-04-29,264.0,52.0,36.0,146.0,9.0,347.0,309.0,545.0,103.0,38.0,168.0,0.0,103.0
2013-04-30,425.0,44.0,42.0,105.0,4.0,195.0,471.0,344.0,181.0,127.0,163.0,0.0,145.0
2013-05-01,534.0,44.0,41.0,108.0,20.0,261.0,595.0,413.0,209.0,144.0,242.0,0.0,193.0
2013-05-02,594.0,75.0,43.0,167.0,13.0,268.0,650.0,510.0,307.0,147.0,195.0,1.0,171.0
2013-05-03,660.0,44.0,24.0,112.0,5.0,270.0,689.0,426.0,261.0,161.0,243.0,24.0,202.0
2013-05-04,523.0,88.0,54.0,167.0,0.0,281.0,577.0,536.0,164.0,124.0,289.0,0.0,206.5
2013-05-05,379.0,57.0,70.0,151.0,0.0,333.0,449.0,541.0,144.0,85.0,220.0,0.0,152.5
2013-05-06,284.0,64.0,142.0,128.0,7.0,200.0,433.0,392.0,118.0,86.0,229.0,0.0,157.5
2013-05-07,407.0,41.0,92.0,140.0,6.0,156.0,505.0,337.0,163.0,100.0,242.0,0.0,171.0
2013-05-08,573.0,53.0,44.0,142.0,12.0,240.0,629.0,435.0,228.0,162.0,232.0,7.0,197.0
2013-05-09,493.0,52.0,53.0,139.0,13.0,243.0,559.0,434.0,266.0,119.0,174.0,0.0,146.5
2013-05-10,419.0,44.0,67.0,96.0,7.0,212.0,493.0,352.0,208.0,91.0,194.0,0.0,142.5
2013-05-11,359.0,53.0,26.0,119.0,29.0,202.0,414.0,374.0,157.0,76.0,181.0,0.0,128.5
2013-05-12,269.0,29.0,26.0,100.0,34.0,334.0,329.0,463.0,134.0,40.0,155.0,0.0,97.5
2013-05-13,284.0,43.0,80.0,123.0,9.0,356.0,373.0,522.0,120.0,57.0,196.0,0.0,126.5
2013-05-14,406.0,36.0,40.0,121.0,4.0,313.0,450.0,470.0,251.0,92.0,107.0,0.0,99.5
2013-05-15,531.0,52.0,44.0,146.0,8.0,205.0,583.0,403.0,304.0,108.0,140.0,31.0,124.0
2013-05-16,455.0,67.0,62.0,125.0,25.0,225.0,542.0,417.0,279.0,132.0,125.0,6.0,128.5
2013-05-17,407.0,40.0,64.0,96.0,3.0,173.0,474.0,309.0,205.0,111.0,158.0,0.0,134.5
2013-05-18,260.0,67.0,63.0,113.0,7.0,190.0,330.0,370.0,112.0,84.0,134.0,0.0,109.0
2013-05-19,259.0,40.0,45.0,83.0,1.0,213.0,305.0,336.0,108.0,83.0,114.0,0.0,98.5
2013-05-20,271.0,38.0,35.0,128.0,15.0,266.0,321.0,432.0,103.0,84.0,134.0,0.0,109.0
2013-05-21,342.0,53.0,68.0,152.0,25.0,278.0,435.0,483.0,201.0,80.0,154.0,0.0,117.0
2013-05-22,424.0,62.0,38.0,146.0,16.0,237.0,478.0,445.0,265.0,110.0,103.0,0.0,106.5
2013-05-23,499.0,39.0,40.0,112.0,1.0,176.0,540.0,327.0,259.0,132.0,147.0,2.0,139.5
2013-05-24,405.0,73.0,41.0,146.0,0.0,239.0,446.0,458.0,196.0,102.0,136.0,12.0,119.0
2013-05-25,340.0,41.0,7.0,115.0,3.0,236.0,350.0,392.0,111.0,104.0,123.0,12.0,113.5
2013-05-26,212.0,35.0,34.0,109.0,3.0,223.0,249.0,367.0,111.0,29.0,109.0,0.0,69.0
2013-05-27,184.0,46.0,78.0,93.0,19.0,230.0,281.0,369.0,68.0,64.0,146.0,3.0,105.0
2013-05-28,265.0,50.0,51.0,108.0,7.0,162.0,323.0,320.0,136.0,52.0,114.0,21.0,83.0
2013-05-29,382.0,31.0,35.0,80.0,7.0,178.0,424.0,289.0,208.0,67.0,149.0,0.0,108.0
2013-05-30,455.0,57.0,73.0,130.0,23.0,200.0,551.0,387.0,236.0,107.0,208.0,0.0,157.5
2013-05-31,550.0,63.0,63.0,139.0,1.0,184.0,614.0,386.0,252.0,124.0,238.0,0.0,181.0
2013-06-01,473.0,54.0,80.0,178.0,0.0,300.0,553.0,532.0,185.0,107.0,261.0,0.0,184.0
2013-06-02,484.0,42.0,73.0,104.0,2.0,255.0,559.0,401.0,175.0,94.0,281.0,9.0,187.5
2013-06-03,473.0,73.0,61.0,177.0,19.0,280.0,553.0,530.0,174.0,127.0,252.0,0.0,189.5
2013-06-04,551.0,60.0,35.0,153.0,20.0,393.0,606.0,606.0,242.0,153.0,211.0,0.0,182.0
2013-06-05,552.0,73.0,42.0,181.0,18.0,323.0,612.0,577.0,286.0,136.0,190.0,0.0,163.0
2013-06-06,536.0,75.0,63.0,161.0,31.0,269.0,630.0,505.0,304.0,127.0,199.0,0.0,163.0
2013-06-07,463.0,60.0,93.0,148.0,67.0,305.0,623.0,513.0,285.0,130.0,208.0,0.0,169.0
2013-06-08,352.0,82.0,43.0,206.0,17.0,354.0,412.0,642.0,148.0,46.0,216.0,2.0,131.0
2013-06-09,361.0,70.0,34.0,135.0,56.0,259.0,451.0,464.0,145.0,91.0,204.0,11.0,147.5
2013-06-10,468.0,42.0,57.0,113.0,42.0,203.0,567.0,358.0,169.0,124.0,274.0,0.0,199.0
2013-06-11,439.0,75.0,64.0,160.0,17.0,250.0,520.0,485.0,255.0,94.0,171.0,0.0,132.5
2013-06-12,404.0,63.0,63.0,156.0,4.0,340.0,471.0,559.0,187.0,118.0,159.0,7.0,138.5
2013-06-13,426.0,52.0,75.0,147.0,2.0,257.0,503.0,456.0,213.0,142.0,148.0,0.0,145.0
2013-06-14,373.0,23.0,65.0,93.0,3.0,308.0,441.0,424.0,186.0,144.0,111.0,0.0,127.5
2013-06-15,339.0,72.0,23.0,144.0,3.0,271.0,365.0,487.0,182.0,85.0,98.0,0.0,91.5
2013-06-16,396.0,42.0,13.0,121.0,5.0,303.0,414.0,466.0,167.0,100.0,147.0,0.0,123.5
2013-06-17,439.0,41.0,62.0,100.0,22.0,237.0,523.0,378.0,137.0,189.0,197.0,0.0,193.0
2013-06-18,446.0,73.0,55.0,187.0,27.0,308.0,528.0,568.0,206.0,154.0,168.0,0.0,161.0
2013-06-19,462.0,62.0,35.0,148.0,26.0,290.0,523.0,500.0,204.0,175.0,126.0,18.0,150.5
2013-06-20,490.0,42.0,28.0,131.0,2.0,201.0,520.0,374.0,286.0,121.0,93.0,20.0,107.0
2013-06-21,402.0,58.0,6.0,132.0,6.0,297.0,414.0,487.0,201.0,111.0,102.0,0.0,106.5
2013-06-22,319.0,59.0,13.0,130.0,9.0,257.0,341.0,446.0,154.0,63.0,124.0,0.0,93.5
2013-06-23,260.0,37.0,5.0,125.0,36.0,293.0,301.0,455.0,116.0,104.0,81.0,0.0,92.5
2013-06-24,335.0,43.0,41.0,111.0,26.0,241.0,402.0,395.0,133.0,124.0,145.0,0.0,134.5
2013-06-25,551.0,37.0,39.0,98.0,36.0,176.0,626.0,311.0,232.0,163.0,187.0,44.0,175.0
2013-06-26,526.0,98.0,64.0,192.0,28.0,220.0,618.0,510.0,186.0,149.0,236.0,47.0,192.5
2013-06-27,524.0,63.0,53.0,154.0,10.0,287.0,587.0,504.0,260.0,84.0,219.0,24.0,151.5
2013-06-28,456.0,58.0,46.0,126.0,12.0,240.0,514.0,424.0,228.0,62.0,200.0,24.0,131.0
2013-06-29,401.0,70.0,13.0,151.0,17.0,203.0,431.0,424.0,191.0,62.0,154.0,24.0,108.0
2013-06-30,341.0,55.0,15.0,123.0,29.0,277.0,385.0,455.0,178.0,53.0,136.0,18.0,94.5
2013-07-01,429.0,46.0,43.0,117.0,8.0,380.0,480.0,543.0,133.0,106.0,241.0,0.0,173.5
2013-07-02,525.0,58.0,28.0,139.0,31.0,336.0,584.0,533.0,216.0,129.0,239.0,0.0,184.0
2013-07-03,484.0,87.0,37.0,275.0,14.0,407.0,535.0,769.0,226.0,123.0,186.0,0.0,154.5
2013-07-04,506.0,60.0,34.0,177.0,14.0,276.0,554.0,513.0,248.0,123.0,183.0,0.0,153.0
2013-07-05,376.0,59.0,20.0,143.0,9.0,336.0,405.0,538.0,144.0,96.0,165.0,0.0,130.5
2013-07-06,372.0,38.0,17.0,93.0,32.0,289.0,421.0,420.0,154.0,90.0,177.0,0.0,133.5
2013-07-07,410.0,67.0,35.0,133.0,35.0,302.0,480.0,502.0,161.0,103.0,216.0,0.0,159.5
2013-07-08,393.0,55.0,58.0,159.0,24.0,374.0,475.0,588.0,139.0,151.0,183.0,2.0,167.0
2013-07-09,419.0,51.0,25.0,134.0,14.0,417.0,458.0,602.0,141.0,166.0,151.0,0.0,158.5
2013-07-10,495.0,82.0,16.0,172.0,6.0,348.0,517.0,602.0,176.0,195.0,146.0,0.0,170.5
2013-07-11,603.0,54.0,54.0,120.0,11.0,216.0,668.0,390.0,321.0,141.0,206.0,0.0,173.5
2013-07-12,557.0,44.0,44.0,103.0,3.0,248.0,604.0,395.0,268.0,124.0,212.0,0.0,168.0
2013-07-13,400.0,67.0,10.0,154.0,2.0,299.0,412.0,520.0,129.0,143.0,140.0,0.0,141.5
2013-07-14,367.0,47.0,15.0,111.0,1.0,359.0,383.0,517.0,181.0,83.0,116.0,3.0,99.5
2013-07-15,372.0,45.0,21.0,113.0,6.0,396.0,399.0,554.0,136.0,116.0,136.0,11.0,126.0
2013-07-16,445.0,54.0,51.0,154.0,23.0,297.0,519.0,505.0,242.0,142.0,135.0,0.0,138.5
2013-07-17,468.0,59.0,51.0,176.0,19.0,362.0,538.0,597.0,251.0,175.0,112.0,0.0,143.5
2013-07-18,432.0,64.0,43.0,142.0,11.0,302.0,486.0,508.0,191.0,123.0,172.0,0.0,147.5
2013-07-19,438.0,78.0,79.0,114.0,10.0,296.0,527.0,488.0,193.0,81.0,246.0,7.0,163.5
2013-07-20,408.0,78.0,19.0,205.0,4.0,367.0,431.0,650.0,170.0,62.0,199.0,0.0,130.5
2013-07-21,414.0,49.0,45.0,118.0,1.0,332.0,460.0,499.0,177.0,60.0,212.0,11.0,136.0
2013-07-22,430.0,61.0,37.0,119.0,0.0,331.0,467.0,511.0,183.0,102.0,182.0,0.0,142.0
2013-07-23,471.0,58.0,63.0,121.0,6.0,341.0,540.0,520.0,220.0,110.0,210.0,0.0,160.0
2013-07-24,477.0,56.0,86.0,175.0,11.0,328.0,574.0,559.0,260.0,108.0,206.0,0.0,157.0
2013-07-25,501.0,57.0,77.0,139.0,4.0,305.0,582.0,501.0,233.0,128.0,221.0,0.0,174.5
2013-07-26,389.0,57.0,66.0,135.0,13.0,388.0,468.0,580.0,161.0,136.0,171.0,0.0,153.5
2013-07-27,270.0,66.0,52.0,140.0,6.0,234.0,328.0,440.0,115.0,47.0,166.0,0.0,106.5
2013-07-28,289.0,27.0,42.0,50.0,9.0,251.0,340.0,328.0,145.0,28.0,167.0,0.0,97.5
2013-07-29,270.0,43.0,54.0,87.0,5.0,207.0,329.0,337.0,137.0,64.0,128.0,0.0,96.0
2013-07-30,362.0,43.0,59.0,145.0,4.0,268.0,425.0,456.0,220.0,77.0,128.0,0.0,102.5
2013-07-31,398.0,86.0,47.0,164.0,8.0,302.0,453.0,552.0,185.0,115.0,153.0,0.0,134.0
2013-08-01,471.0,41.0,49.0,135.0,15.0,246.0,535.0,422.0,229.0,125.0,159.0,22.0,142.0
2013-08-02,455.0,50.0,65.0,119.0,13.0,309.0,533.0,478.0,205.0,151.0,177.0,0.0,164.0
2013-08-03,466.0,83.0,19.0,177.0,2.0,283.0,487.0,543.0,164.0,137.0,186.0,0.0,161.5
2013-08-04,377.0,57.0,44.0,129.0,6.0,367.0,427.0,553.0,172.0,99.0,156.0,0.0,127.5
2013-08-05,378.0,45.0,37.0,113.0,19.0,322.0,434.0,480.0,192.0,92.0,150.0,0.0,121.0
2013-08-06,471.0,55.0,15.0,126.0,0.0,337.0,486.0,518.0,263.0,92.0,129.0,2.0,110.5
2013-08-07,486.0,74.0,42.0,197.0,1.0,276.0,529.0,547.0,245.0,130.0,154.0,0.0,142.0
2013-08-08,445.0,59.0,62.0,131.0,10.0,306.0,517.0,496.0,201.0,159.0,157.0,0.0,158.0
2013-08-09,419.0,55.0,94.0,114.0,10.0,203.0,523.0,372.0,164.0,117.0,236.0,6.0,176.5
2013-08-10,322.0,70.0,67.0,153.0,9.0,254.0,398.0,477.0,107.0,58.0,209.0,24.0,133.5
2013-08-11,356.0,40.0,117.0,107.0,20.0,240.0,493.0,387.0,170.0,61.0,238.0,24.0,149.5
2013-08-12,356.0,47.0,65.0,149.0,10.0,257.0,431.0,453.0,168.0,39.0,212.0,12.0,125.5
2013-08-13,450.0,51.0,75.0,146.0,4.0,272.0,529.0,469.0,178.0,72.0,269.0,10.0,170.5
2013-08-14,523.0,70.0,51.0,196.0,7.0,402.0,581.0,668.0,181.0,83.0,314.0,3.0,198.5
2013-08-15,569.0,73.0,36.0,155.0,42.0,269.0,647.0,497.0,292.0,109.0,243.0,3.0,176.0
2013-08-16,515.0,58.0,75.0,135.0,30.0,290.0,620.0,483.0,253.0,101.0,266.0,0.0,183.5
2013-08-17,467.0,66.0,15.0,157.0,42.0,410.0,524.0,633.0,156.0,92.0,276.0,0.0,184.0
2013-08-18,412.0,58.0,23.0,182.0,25.0,429.0,460.0,669.0,115.0,82.0,218.0,45.0,150.0
2013-08-19,435.0,73.0,57.0,137.0,9.0,328.0,501.0,538.0,91.0,97.0,280.0,33.0,188.5
2013-08-20,505.0,44.0,39.0,102.0,14.0,383.0,558.0,529.0,169.0,139.0,226.0,24.0,182.5
2013-08-21,514.0,56.0,29.0,129.0,19.0,292.0,562.0,477.0,172.0,142.0,224.0,24.0,183.0
2013-08-22,467.0,51.0,48.0,119.0,19.0,400.0,534.0,570.0,220.0,97.0,193.0,24.0,145.0
2013-08-23,520.0,57.0,44.0,104.0,22.0,232.0,586.0,393.0,228.0,137.0,197.0,24.0,167.0
2013-08-24,415.0,60.0,15.0,146.0,24.0,272.0,454.0,478.0,139.0,107.0,184.0,24.0,145.5
2013-08-25,363.0,42.0,12.0,106.0,4.0,304.0,379.0,452.0,114.0,81.0,143.0,41.0,112.0
2013-08-26,470.0,46.0,6.0,106.0,27.0,269.0,503.0,421.0,140.0,170.0,169.0,24.0,169.5
2013-08-27,590.0,44.0,28.0,136.0,28.0,313.0,646.0,493.0,229.0,186.0,206.0,25.0,196.0
2013-08-28,602.0,58.0,48.0,143.0,31.0,329.0,681.0,530.0,238.0,170.0,253.0,20.0,211.5
2013-08-29,533.0,65.0,59.0,163.0,28.0,316.0,620.0,544.0,256.0,122.0,218.0,24.0,170.0
2013-08-30,537.0,102.0,75.0,180.0,31.0,308.0,643.0,590.0,231.0,143.0,245.0,24.0,194.0
2013-08-31,525.0,72.0,62.0,183.0,25.0,285.0,612.0,540.0,195.0,116.0,277.0,24.0,196.5
2013-09-01,461.0,45.0,46.0,126.0,47.0,189.0,554.0,360.0,156.0,133.0,241.0,24.0,187.0
2013-09-02,243.0,26.0,50.0,86.0,17.0,283.0,310.0,395.0,75.0,76.0,140.0,19.0,108.0
2013-09-03,365.0,21.0,27.0,82.0,15.0,134.0,407.0,237.0,143.0,110.0,125.0,29.0,117.5
2013-09-04,686.0,65.0,65.0,151.0,30.0,308.0,781.0,524.0,318.0,153.0,238.0,72.0,195.5
2013-09-05,691.0,75.0,62.0,190.0,28.0,310.0,781.0,575.0,323.0,177.0,209.0,72.0,193.0
2013-09-06,651.0,58.0,75.0,135.0,11.0,305.0,737.0,498.0,321.0,164.0,201.0,51.0,182.5
2013-09-07,540.0,58.0,30.0,137.0,21.0,325.0,591.0,520.0,216.0,150.0,168.0,57.0,159.0
2013-09-08,434.0,57.0,25.0,147.0,14.0,339.0,473.0,543.0,171.0,71.0,175.0,56.0,123.0
2013-09-09,487.0,58.0,24.0,124.0,6.0,317.0,517.0,499.0,206.0,79.0,184.0,48.0,131.5
2013-09-10,505.0,59.0,50.0,119.0,22.0,284.0,577.0,462.0,223.0,120.0,197.0,37.0,158.5
2013-09-11,478.0,83.0,24.0,193.0,18.0,313.0,520.0,589.0,163.0,134.0,199.0,24.0,166.5
2013-09-12,569.0,63.0,41.0,144.0,26.0,321.0,636.0,528.0,271.0,132.0,221.0,12.0,176.5
2013-09-13,599.0,72.0,62.0,150.0,2.0,330.0,663.0,552.0,278.0,132.0,253.0,0.0,192.5
2013-09-14,582.0,57.0,17.0,122.0,14.0,256.0,613.0,435.0,217.0,143.0,253.0,0.0,198.0
2013-09-15,409.0,52.0,7.0,159.0,16.0,329.0,432.0,540.0,182.0,87.0,163.0,0.0,125.0
2013-09-16,428.0,42.0,33.0,111.0,14.0,272.0,475.0,425.0,143.0,82.0,249.0,1.0,165.5
2013-09-17,530.0,45.0,20.0,100.0,23.0,185.0,573.0,330.0,229.0,99.0,245.0,0.0,172.0
2013-09-18,437.0,77.0,37.0,167.0,23.0,232.0,497.0,476.0,148.0,140.0,209.0,0.0,174.5
2013-09-19,458.0,68.0,60.0,163.0,24.0,336.0,542.0,567.0,309.0,78.0,155.0,0.0,116.5
2013-09-20,446.0,36.0,61.0,93.0,28.0,286.0,535.0,415.0,300.0,84.0,151.0,0.0,117.5
2013-09-21,454.0,66.0,38.0,126.0,26.0,249.0,518.0,441.0,263.0,91.0,164.0,0.0,127.5
2013-09-22,497.0,59.0,60.0,128.0,24.0,243.0,581.0,430.0,259.0,103.0,219.0,0.0,161.0
2013-09-23,427.0,79.0,77.0,172.0,27.0,298.0,531.0,549.0,207.0,138.0,186.0,0.0,162.0
2013-09-24,478.0,78.0,60.0,185.0,28.0,240.0,566.0,503.0,288.0,141.0,137.0,0.0,139.0
2013-09-25,387.0,61.0,32.0,213.0,11.0,354.0,430.0,628.0,202.0,143.0,85.0,0.0,114.0
2013-09-26,417.0,38.0,48.0,80.0,10.0,193.0,475.0,311.0,244.0,108.0,123.0,0.0,115.5
2013-09-27,443.0,78.0,39.0,138.0,27.0,197.0,509.0,413.0,208.0,123.0,160.0,18.0,141.5
2013-09-28,451.0,50.0,10.0,133.0,0.0,261.0,461.0,444.0,173.0,94.0,147.0,47.0,120.5
2013-09-29,392.0,63.0,19.0,146.0,12.0,283.0,423.0,492.0,160.0,43.0,196.0,24.0,119.5
2013-09-30,392.0,42.0,33.0,113.0,2.0,308.0,427.0,463.0,122.0,49.0,211.0,45.0,130.0
2013-10-01,475.0,67.0,56.0,130.0,0.0,276.0,531.0,473.0,242.0,53.0,188.0,48.0,120.5
2013-10-02,517.0,58.0,36.0,150.0,4.0,302.0,557.0,510.0,235.0,93.0,181.0,48.0,137.0
2013-10-03,487.0,48.0,26.0,123.0,5.0,230.0,518.0,401.0,251.0,72.0,147.0,48.0,109.5
2013-10-04,426.0,48.0,39.0,127.0,12.0,232.0,477.0,407.0,166.0,122.0,141.0,48.0,131.5
2013-10-05,377.0,63.0,24.0,128.0,24.0,220.0,425.0,411.0,148.0,122.0,107.0,48.0,114.5
2013-10-06,389.0,32.0,22.0,104.0,30.0,228.0,441.0,364.0,135.0,103.0,155.0,48.0,129.0
2013-10-07,379.0,67.0,42.0,156.0,31.0,256.0,452.0,479.0,128.0,151.0,136.0,37.0,143.5
2013-10-08,414.0,51.0,45.0,164.0,34.0,243.0,493.0,458.0,208.0,124.0,149.0,12.0,136.5
2013-10-09,485.0,69.0,43.0,132.0,30.0,242.0,558.0,443.0,205.0,167.0,186.0,0.0,176.5
2013-10-10,487.0,64.0,45.0,137.0,0.0,221.0,532.0,422.0,228.0,107.0,197.0,0.0,152.0
2013-10-11,434.0,73.0,58.0,150.0,8.0,234.0,500.0,457.0,255.0,85.0,160.0,0.0,122.5
2013-10-12,498.0,43.0,28.0,123.0,1.0,270.0,527.0,436.0,252.0,114.0,161.0,0.0,137.5
2013-10-13,489.0,48.0,0.0,130.0,3.0,205.0,492.0,383.0,255.0,86.0,151.0,0.0,118.5
2013-10-14,458.0,57.0,23.0,159.0,7.0,295.0,488.0,511.0,219.0,100.0,169.0,0.0,134.5
2013-10-15,446.0,77.0,32.0,195.0,5.0,337.0,483.0,609.0,255.0,77.0,151.0,0.0,114.0
2013-10-16,477.0,74.0,33.0,173.0,5.0,299.0,515.0,546.0,238.0,105.0,164.0,8.0,134.5
2013-10-17,459.0,62.0,40.0,147.0,7.0,327.0,506.0,536.0,278.0,102.0,124.0,2.0,113.0
2013-10-18,331.0,54.0,52.0,136.0,18.0,369.0,401.0,559.0,232.0,85.0,80.0,4.0,82.5
2013-10-19,333.0,46.0,26.0,128.0,11.0,409.0,370.0,583.0,152.0,64.0,115.0,39.0,89.5
2013-10-20,371.0,72.0,25.0,157.0,1.0,243.0,397.0,472.0,172.0,37.0,140.0,48.0,88.5
2013-10-21,370.0,20.0,62.0,74.0,25.0,288.0,457.0,382.0,156.0,93.0,160.0,48.0,126.5
2013-10-22,361.0,60.0,55.0,126.0,11.0,257.0,427.0,443.0,129.0,94.0,176.0,28.0,135.0
2013-10-23,388.0,69.0,57.0,137.0,41.0,254.0,486.0,460.0,157.0,135.0,194.0,0.0,164.5
2013-10-24,458.0,26.0,77.0,98.0,5.0,238.0,540.0,362.0,215.0,137.0,188.0,0.0,162.5
2013-10-25,428.0,71.0,70.0,158.0,14.0,242.0,512.0,471.0,221.0,147.0,144.0,0.0,145.5
2013-10-26,352.0,68.0,18.0,162.0,0.0,268.0,370.0,498.0,160.0,77.0,131.0,2.0,104.0
2013-10-27,386.0,40.0,18.0,69.0,0.0,217.0,404.0,326.0,137.0,83.0,183.0,1.0,133.0
2013-10-28,354.0,49.0,24.0,88.0,0.0,203.0,378.0,340.0,154.0,85.0,139.0,0.0,112.0
2013-10-29,372.0,45.0,20.0,119.0,4.0,173.0,396.0,337.0,172.0,100.0,118.0,6.0,109.0
2013-10-30,434.0,60.0,36.0,118.0,0.0,172.0,470.0,350.0,217.0,121.0,108.0,24.0,114.5
2013-10-31,410.0,60.0,103.0,114.0,6.0,223.0,519.0,397.0,279.0,84.0,132.0,24.0,108.0
2013-11-01,381.0,48.0,69.0,131.0,8.0,278.0,458.0,457.0,216.0,77.0,141.0,24.0,109.0
2013-11-02,325.0,60.0,38.0,126.0,3.0,203.0,366.0,389.0,195.0,73.0,74.0,24.0,73.5
2013-11-03,336.0,32.0,41.0,68.0,6.0,179.0,383.0,279.0,181.0,87.0,70.0,45.0,78.5
2013-11-04,293.0,43.0,51.0,99.0,23.0,152.0,367.0,294.0,152.0,81.0,120.0,14.0,100.5
2013-11-05,356.0,43.0,3.0,116.0,28.0,232.0,387.0,391.0,169.0,134.0,84.0,0.0,109.0
2013-11-06,408.0,81.0,10.0,186.0,31.0,271.0,449.0,538.0,222.0,134.0,93.0,0.0,113.5
2013-11-07,475.0,53.0,57.0,153.0,21.0,205.0,553.0,411.0,285.0,142.0,126.0,0.0,134.0
2013-11-08,529.0,29.0,69.0,109.0,13.0,242.0,611.0,380.0,243.0,157.0,211.0,0.0,184.0
2013-11-09,447.0,87.0,35.0,183.0,18.0,264.0,500.0,534.0,195.0,133.0,172.0,0.0,152.5
2013-11-10,450.0,40.0,16.0,128.0,16.0,269.0,482.0,437.0,192.0,124.0,166.0,0.0,145.0
2013-11-11,358.0,70.0,28.0,151.0,0.0,234.0,386.0,455.0,122.0,98.0,153.0,13.0,125.5
2013-11-12,403.0,42.0,39.0,112.0,10.0,247.0,452.0,401.0,158.0,73.0,197.0,24.0,135.0
2013-11-13,392.0,93.0,14.0,224.0,10.0,382.0,416.0,699.0,202.0,88.0,94.0,32.0,91.0
2013-11-14,495.0,62.0,56.0,198.0,2.0,337.0,553.0,597.0,270.0,107.0,128.0,48.0,117.5
2013-11-15,632.0,60.0,55.0,120.0,11.0,215.0,698.0,395.0,289.0,128.0,259.0,22.0,193.5
2013-11-16,544.0,81.0,28.0,146.0,16.0,189.0,588.0,416.0,191.0,143.0,254.0,0.0,198.5
2013-11-17,518.0,33.0,11.0,58.0,5.0,150.0,534.0,241.0,199.0,100.0,229.0,6.0,164.5
2013-11-18,388.0,61.0,10.0,142.0,7.0,203.0,405.0,406.0,152.0,86.0,167.0,0.0,126.5
2013-11-19,435.0,42.0,3.0,102.0,9.0,188.0,447.0,332.0,165.0,87.0,195.0,0.0,141.0
2013-11-20,464.0,73.0,16.0,122.0,11.0,203.0,491.0,398.0,199.0,115.0,166.0,11.0,140.5
2013-11-21,568.0,58.0,77.0,153.0,6.0,177.0,651.0,388.0,340.0,91.0,220.0,0.0,155.5
2013-11-22,515.0,69.0,118.0,136.0,10.0,204.0,643.0,409.0,277.0,88.0,278.0,0.0,183.0
2013-11-23,428.0,59.0,85.0,118.0,7.0,161.0,520.0,338.0,202.0,73.0,245.0,0.0,159.0
2013-11-24,332.0,42.0,28.0,131.0,18.0,286.0,378.0,459.0,171.0,61.0,146.0,0.0,103.5
2013-11-25,279.0,55.0,27.0,176.0,8.0,173.0,314.0,404.0,157.0,79.0,78.0,0.0,78.5
2013-11-26,293.0,65.0,49.0,137.0,16.0,198.0,358.0,400.0,231.0,68.0,59.0,0.0,63.5
2013-11-27,372.0,62.0,66.0,139.0,2.0,195.0,440.0,396.0,272.0,79.0,89.0,0.0,84.0
2013-11-28,300.0,55.0,41.0,194.0,5.0,346.0,346.0,595.0,225.0,32.0,68.0,21.0,50.0
2013-11-29,411.0,44.0,47.0,128.0,11.0,163.0,469.0,335.0,272.0,34.0,139.0,24.0,86.5
2013-11-30,489.0,67.0,34.0,130.0,11.0,132.0,534.0,329.0,261.0,47.0,213.0,13.0,130.0
2013-12-01,382.0,51.0,2.0,146.0,16.0,312.0,400.0,509.0,173.0,73.0,154.0,0.0,113.5
2013-12-02,423.0,57.0,3.0,130.0,23.0,238.0,449.0,425.0,222.0,130.0,97.0,0.0,113.5
2013-12-03,414.0,37.0,34.0,126.0,11.0,231.0,459.0,394.0,233.0,130.0,96.0,0.0,113.0
2013-12-04,418.0,73.0,23.0,129.0,9.0,196.0,450.0,398.0,214.0,115.0,117.0,4.0,116.0
2013-12-05,438.0,61.0,52.0,133.0,13.0,230.0,503.0,424.0,244.0,134.0,125.0,0.0,129.5
2013-12-06,485.0,58.0,70.0,106.0,4.0,131.0,559.0,295.0,248.0,121.0,190.0,0.0,155.5
2013-12-07,453.0,89.0,29.0,164.0,27.0,157.0,509.0,410.0,203.0,141.0,165.0,0.0,153.0
2013-12-08,450.0,49.0,92.0,136.0,9.0,192.0,551.0,377.0,174.0,127.0,250.0,0.0,188.5
2013-12-09,467.0,62.0,70.0,141.0,31.0,169.0,568.0,372.0,175.0,180.0,213.0,0.0,196.5
2013-12-10,416.0,42.0,77.0,95.0,30.0,213.0,523.0,350.0,163.0,143.0,217.0,0.0,180.0
2013-12-11,393.0,58.0,58.0,121.0,36.0,276.0,487.0,455.0,195.0,113.0,179.0,0.0,146.0
2013-12-12,379.0,59.0,90.0,166.0,40.0,301.0,509.0,526.0,219.0,113.0,175.0,2.0,144.0
2013-12-13,506.0,59.0,130.0,142.0,17.0,209.0,653.0,410.0,265.0,113.0,251.0,24.0,182.0
2013-12-14,438.0,74.0,102.0,196.0,4.0,310.0,544.0,580.0,147.0,79.0,294.0,24.0,186.5
2013-12-15,429.0,55.0,84.0,143.0,1.0,288.0,514.0,486.0,131.0,116.0,249.0,18.0,182.5
2013-12-16,429.0,60.0,64.0,133.0,8.0,308.0,501.0,501.0,108.0,131.0,230.0,32.0,180.5
2013-12-17,442.0,34.0,85.0,136.0,21.0,212.0,548.0,382.0,204.0,130.0,190.0,24.0,160.0
2013-12-18,447.0,62.0,86.0,161.0,6.0,246.0,539.0,469.0,215.0,115.0,185.0,24.0,150.0
2013-12-19,408.0,61.0,117.0,173.0,7.0,153.0,532.0,387.0,209.0,93.0,206.0,24.0,149.5
2013-12-20,374.0,65.0,95.0,97.0,1.0,148.0,470.0,310.0,173.0,63.0,210.0,24.0,136.5
2013-12-21,399.0,45.0,26.0,104.0,0.0,249.0,425.0,398.0,124.0,60.0,208.0,33.0,134.0
2013-12-22,393.0,68.0,10.0,213.0,0.0,258.0,403.0,539.0,133.0,46.0,200.0,24.0,123.0
2013-12-23,455.0,43.0,72.0,120.0,4.0,235.0,531.0,398.0,171.0,98.0,240.0,22.0,169.0
2013-12-24,423.0,64.0,62.0,106.0,0.0,155.0,485.0,325.0,207.0,123.0,151.0,4.0,137.0
2013-12-25,291.0,22.0,120.0,115.0,22.0,347.0,433.0,484.0,228.0,72.0,133.0,0.0,102.5
2013-12-26,439.0,71.0,98.0,175.0,11.0,150.0,548.0,396.0,221.0,112.0,215.0,0.0,163.5
2013-12-27,714.0,40.0,73.0,100.0,0.0,166.0,787.0,306.0,334.0,181.0,272.0,0.0,226.5
2013-12-28,558.0,76.0,64.0,173.0,1.0,288.0,623.0,537.0,294.0,125.0,204.0,0.0,164.5
2013-12-29,610.0,48.0,70.0,136.0,0.0,254.0,680.0,438.0,301.0,138.0,241.0,0.0,189.5
2013-12-30,558.0,63.0,107.0,96.0,0.0,178.0,665.0,337.0,239.0,163.0,263.0,0.0,213.0
2013-12-31,0.0,0.0,0.0,0.0,0.0,0.0,0.0,0.0,0.0,0.0,0.0,0.0,0.0
2014-01-01,176.0,40.0,130.0,172.0,4.0,494.0,310.0,706.0,119.0,74.0,117.0,0.0,95.5
2014-01-02,356.0,66.0,171.0,156.0,31.0,224.0,558.0,446.0,182.0,132.0,244.0,0.0,188.0
2014-01-03,565.0,43.0,124.0,130.0,11.0,293.0,700.0,466.0,278.0,180.0,232.0,10.0,206.0
2014-01-04,542.0,60.0,100.0,180.0,28.0,317.0,670.0,557.0,242.0,161.0,267.0,0.0,214.0
2014-01-05,533.0,81.0,95.0,165.0,3.0,301.0,631.0,547.0,199.0,172.0,260.0,0.0,216.0
2014-01-06,488.0,69.0,98.0,161.0,10.0,258.0,596.0,488.0,228.0,125.0,243.0,0.0,184.0
2014-01-07,399.0,52.0,83.0,117.0,0.0,272.0,482.0,441.0,181.0,93.0,208.0,0.0,150.5
2014-01-08,393.0,68.0,40.0,193.0,0.0,218.0,433.0,479.0,194.0,108.0,131.0,0.0,119.5
2014-01-09,404.0,31.0,80.0,89.0,4.0,199.0,488.0,319.0,214.0,95.0,166.0,13.0,130.5
2014-01-10,455.0,49.0,69.0,107.0,2.0,160.0,526.0,316.0,257.0,86.0,183.0,0.0,134.5
2014-01-11,457.0,80.0,7.0,101.0,0.0,172.0,464.0,353.0,187.0,96.0,181.0,0.0,138.5
2014-01-12,331.0,58.0,44.0,127.0,7.0,223.0,382.0,408.0,136.0,99.0,147.0,0.0,123.0
2014-01-13,247.0,78.0,41.0,192.0,4.0,271.0,292.0,541.0,95.0,78.0,119.0,0.0,98.5
2014-01-14,448.0,58.0,18.0,162.0,7.0,163.0,473.0,383.0,229.0,114.0,126.0,4.0,120.0
2014-01-15,551.0,63.0,42.0,139.0,4.0,214.0,597.0,416.0,271.0,131.0,171.0,24.0,151.0
2014-01-16,561.0,49.0,69.0,149.0,5.0,196.0,635.0,394.0,280.0,95.0,236.0,24.0,165.5
2014-01-17,553.0,58.0,92.0,130.0,21.0,191.0,666.0,379.0,224.0,152.0,287.0,3.0,219.5
2014-01-18,567.0,31.0,57.0,89.0,4.0,170.0,628.0,290.0,205.0,144.0,279.0,0.0,211.5
2014-01-19,382.0,88.0,43.0,168.0,3.0,216.0,428.0,472.0,125.0,86.0,217.0,0.0,151.5
2014-01-20,309.0,59.0,39.0,168.0,9.0,342.0,357.0,569.0,96.0,92.0,169.0,0.0,130.5
2014-01-21,400.0,33.0,45.0,108.0,5.0,298.0,450.0,439.0,212.0,104.0,134.0,0.0,119.0
2014-01-22,427.0,52.0,44.0,144.0,34.0,279.0,505.0,475.0,204.0,163.0,138.0,0.0,150.5
2014-01-23,388.0,65.0,34.0,124.0,30.0,271.0,452.0,460.0,194.0,145.0,111.0,2.0,128.0
2014-01-24,332.0,39.0,50.0,89.0,30.0,318.0,412.0,446.0,179.0,128.0,103.0,2.0,115.5
2014-01-25,337.0,52.0,31.0,146.0,31.0,194.0,399.0,392.0,180.0,123.0,79.0,17.0,101.0
2014-01-26,313.0,40.0,50.0,87.0,41.0,177.0,404.0,304.0,143.0,116.0,125.0,20.0,120.5
2014-01-27,344.0,40.0,60.0,123.0,52.0,246.0,456.0,409.0,148.0,128.0,153.0,27.0,140.5
2014-01-28,460.0,46.0,77.0,131.0,51.0,273.0,588.0,450.0,198.0,93.0,244.0,53.0,168.5
2014-01-29,543.0,73.0,76.0,184.0,2.0,238.0,621.0,495.0,305.0,91.0,182.0,43.0,136.5
2014-01-30,564.0,60.0,120.0,158.0,8.0,239.0,692.0,457.0,363.0,108.0,188.0,33.0,148.0
2014-01-31,598.0,60.0,34.0,102.0,1.0,180.0,633.0,342.0,273.0,124.0,189.0,47.0,156.5
2014-02-01,486.0,60.0,38.0,146.0,16.0,213.0,540.0,419.0,135.0,153.0,228.0,24.0,190.5
2014-02-02,438.0,44.0,70.0,148.0,27.0,191.0,535.0,383.0,136.0,117.0,259.0,23.0,188.0
2014-02-03,378.0,50.0,89.0,119.0,6.0,274.0,473.0,443.0,124.0,68.0,264.0,17.0,166.0
2014-02-04,452.0,35.0,51.0,100.0,4.0,148.0,507.0,283.0,240.0,99.0,151.0,17.0,125.0
2014-02-05,451.0,69.0,51.0,162.0,14.0,258.0,516.0,489.0,228.0,101.0,169.0,18.0,135.0
2014-02-06,564.0,43.0,62.0,99.0,10.0,203.0,636.0,345.0,294.0,99.0,226.0,17.0,162.5
2014-02-07,485.0,54.0,97.0,128.0,17.0,185.0,599.0,367.0,225.0,98.0,257.0,19.0,177.5
2014-02-08,454.0,39.0,30.0,119.0,15.0,181.0,499.0,339.0,191.0,74.0,210.0,24.0,142.0
2014-02-09,370.0,66.0,23.0,146.0,12.0,233.0,405.0,445.0,146.0,64.0,170.0,25.0,117.0
2014-02-10,364.0,56.0,43.0,139.0,8.0,196.0,415.0,391.0,166.0,50.0,156.0,43.0,103.0
2014-02-11,411.0,24.0,47.0,97.0,9.0,165.0,467.0,286.0,196.0,102.0,145.0,24.0,123.5
2014-02-12,426.0,60.0,20.0,127.0,6.0,213.0,452.0,400.0,221.0,89.0,118.0,24.0,103.5
2014-02-13,409.0,61.0,38.0,138.0,15.0,245.0,462.0,444.0,192.0,109.0,137.0,24.0,123.0
2014-02-14,448.0,32.0,73.0,132.0,8.0,355.0,529.0,519.0,226.0,114.0,165.0,24.0,139.5
2014-02-15,504.0,62.0,60.0,119.0,7.0,258.0,571.0,439.0,227.0,133.0,183.0,28.0,158.0
2014-02-16,470.0,70.0,46.0,160.0,26.0,289.0,542.0,519.0,169.0,136.0,214.0,23.0,175.0
2014-02-17,500.0,49.0,67.0,115.0,45.0,220.0,612.0,384.0,165.0,200.0,199.0,48.0,199.5
2014-02-18,501.0,41.0,45.0,92.0,26.0,225.0,572.0,358.0,208.0,145.0,180.0,39.0,162.5
2014-02-19,593.0,70.0,55.0,160.0,3.0,180.0,651.0,410.0,238.0,149.0,216.0,48.0,182.5
2014-02-20,596.0,81.0,76.0,171.0,8.0,217.0,680.0,469.0,285.0,163.0,177.0,55.0,170.0
2014-02-21,594.0,52.0,74.0,127.0,28.0,277.0,696.0,456.0,310.0,181.0,151.0,54.0,166.0
2014-02-22,534.0,99.0,63.0,209.0,43.0,248.0,640.0,556.0,299.0,152.0,144.0,45.0,148.0
2014-02-23,528.0,85.0,61.0,132.0,11.0,273.0,600.0,490.0,179.0,125.0,231.0,65.0,178.0
2014-02-24,382.0,53.0,81.0,147.0,19.0,323.0,482.0,523.0,128.0,130.0,187.0,37.0,158.5
2014-02-25,322.0,54.0,29.0,179.0,25.0,256.0,376.0,489.0,113.0,110.0,132.0,21.0,121.0
2014-02-26,293.0,41.0,106.0,88.0,24.0,238.0,423.0,367.0,126.0,85.0,188.0,24.0,136.5
2014-02-27,365.0,76.0,79.0,135.0,25.0,121.0,469.0,332.0,191.0,52.0,204.0,22.0,128.0
2014-02-28,485.0,35.0,26.0,96.0,25.0,138.0,536.0,269.0,212.0,76.0,215.0,33.0,145.5
2014-03-01,462.0,43.0,3.0,75.0,12.0,73.0,477.0,191.0,150.0,99.0,169.0,59.0,134.0
2014-03-02,346.0,40.0,7.0,95.0,9.0,128.0,362.0,263.0,129.0,93.0,92.0,48.0,92.5
2014-03-03,313.0,47.0,31.0,156.0,55.0,206.0,399.0,409.0,129.0,116.0,119.0,35.0,117.5
2014-03-04,385.0,40.0,17.0,137.0,32.0,273.0,434.0,450.0,149.0,127.0,158.0,0.0,142.5
2014-03-05,436.0,78.0,49.0,166.0,22.0,190.0,507.0,434.0,209.0,119.0,179.0,0.0,149.0
2014-03-06,401.0,56.0,123.0,183.0,2.0,242.0,526.0,481.0,218.0,88.0,220.0,0.0,154.0
2014-03-07,443.0,36.0,124.0,112.0,8.0,259.0,575.0,407.0,236.0,112.0,227.0,0.0,169.5
2014-03-08,490.0,71.0,38.0,144.0,5.0,228.0,533.0,443.0,198.0,87.0,248.0,0.0,167.5
2014-03-09,477.0,74.0,38.0,153.0,5.0,242.0,520.0,469.0,195.0,89.0,227.0,9.0,158.0
2014-03-10,423.0,52.0,53.0,145.0,21.0,260.0,497.0,457.0,197.0,78.0,222.0,0.0,150.0
2014-03-11,554.0,33.0,50.0,73.0,14.0,193.0,618.0,299.0,271.0,111.0,236.0,0.0,173.5
2014-03-12,479.0,77.0,59.0,160.0,0.0,180.0,538.0,417.0,267.0,83.0,188.0,0.0,135.5
2014-03-13,353.0,43.0,75.0,136.0,0.0,264.0,428.0,443.0,229.0,61.0,138.0,0.0,99.5
2014-03-14,367.0,40.0,68.0,92.0,7.0,191.0,442.0,323.0,199.0,66.0,170.0,7.0,118.0
2014-03-15,351.0,37.0,36.0,96.0,15.0,186.0,402.0,319.0,171.0,83.0,134.0,14.0,108.5
2014-03-16,294.0,51.0,10.0,114.0,1.0,323.0,305.0,488.0,138.0,30.0,122.0,15.0,76.0
2014-03-17,343.0,48.0,8.0,135.0,15.0,248.0,366.0,431.0,154.0,63.0,132.0,17.0,97.5
2014-03-18,435.0,26.0,17.0,73.0,39.0,179.0,491.0,278.0,213.0,179.0,98.0,1.0,138.5
2014-03-19,429.0,70.0,40.0,169.0,46.0,222.0,515.0,461.0,235.0,161.0,117.0,2.0,139.0
2014-03-20,445.0,55.0,88.0,128.0,39.0,339.0,572.0,522.0,299.0,122.0,151.0,0.0,136.5
2014-03-21,488.0,44.0,58.0,126.0,1.0,270.0,547.0,440.0,245.0,86.0,216.0,0.0,151.0
2014-03-22,486.0,65.0,35.0,144.0,2.0,189.0,523.0,398.0,213.0,86.0,224.0,0.0,155.0
2014-03-23,453.0,48.0,33.0,136.0,27.0,304.0,513.0,488.0,204.0,103.0,206.0,0.0,154.5
2014-03-24,435.0,64.0,48.0,164.0,13.0,271.0,496.0,499.0,194.0,98.0,204.0,0.0,151.0
2014-03-25,430.0,64.0,87.0,149.0,14.0,253.0,531.0,466.0,171.0,100.0,252.0,8.0,176.0
2014-03-26,541.0,60.0,63.0,134.0,0.0,136.0,604.0,330.0,259.0,92.0,250.0,3.0,171.0
2014-03-27,437.0,59.0,64.0,107.0,2.0,156.0,503.0,322.0,240.0,81.0,164.0,18.0,122.5
2014-03-28,386.0,62.0,52.0,117.0,5.0,222.0,443.0,401.0,157.0,127.0,148.0,11.0,137.5
2014-03-29,386.0,52.0,19.0,120.0,10.0,191.0,415.0,363.0,141.0,114.0,160.0,0.0,137.0
2014-03-30,369.0,38.0,20.0,95.0,12.0,123.0,401.0,256.0,180.0,111.0,101.0,9.0,106.0
2014-03-31,335.0,49.0,56.0,87.0,31.0,170.0,422.0,306.0,127.0,135.0,136.0,24.0,135.5
2014-04-01,395.0,34.0,48.0,135.0,27.0,131.0,470.0,300.0,217.0,98.0,123.0,32.0,110.5
2014-04-02,471.0,62.0,46.0,124.0,26.0,160.0,543.0,346.0,237.0,77.0,220.0,9.0,148.5
2014-04-03,371.0,66.0,122.0,174.0,27.0,202.0,520.0,442.0,265.0,62.0,193.0,0.0,127.5
2014-04-04,405.0,30.0,104.0,105.0,38.0,248.0,547.0,383.0,217.0,98.0,232.0,0.0,165.0
2014-04-05,403.0,70.0,59.0,121.0,26.0,150.0,488.0,341.0,174.0,119.0,195.0,0.0,157.0
2014-04-06,371.0,42.0,53.0,180.0,36.0,223.0,460.0,445.0,123.0,109.0,228.0,0.0,168.5
2014-04-07,440.0,65.0,48.0,124.0,42.0,280.0,530.0,469.0,173.0,123.0,234.0,0.0,178.5
2014-04-08,551.0,69.0,17.0,140.0,41.0,218.0,609.0,427.0,277.0,133.0,199.0,0.0,166.0
2014-04-09,589.0,52.0,18.0,135.0,37.0,245.0,644.0,432.0,277.0,145.0,222.0,0.0,183.5
2014-04-10,514.0,55.0,35.0,114.0,38.0,271.0,587.0,440.0,227.0,148.0,212.0,0.0,180.0
2014-04-11,485.0,63.0,37.0,138.0,24.0,285.0,546.0,486.0,178.0,171.0,191.0,6.0,181.0
2014-04-12,498.0,60.0,11.0,147.0,24.0,313.0,533.0,520.0,184.0,169.0,158.0,22.0,163.5
2014-04-13,503.0,68.0,23.0,151.0,12.0,219.0,538.0,438.0,186.0,101.0,219.0,32.0,160.0
2014-04-14,518.0,52.0,45.0,102.0,17.0,195.0,580.0,349.0,108.0,168.0,261.0,43.0,214.5
2014-04-15,432.0,41.0,54.0,126.0,26.0,321.0,512.0,488.0,104.0,168.0,228.0,12.0,198.0
2014-04-16,547.0,50.0,68.0,163.0,5.0,238.0,620.0,451.0,173.0,190.0,257.0,0.0,223.5
2014-04-17,497.0,73.0,55.0,182.0,10.0,227.0,562.0,482.0,240.0,138.0,183.0,1.0,160.5
2014-04-18,432.0,63.0,45.0,154.0,26.0,289.0,503.0,506.0,169.0,132.0,201.0,1.0,166.5
2014-04-19,504.0,62.0,53.0,124.0,8.0,158.0,565.0,344.0,214.0,110.0,241.0,0.0,175.5
2014-04-20,313.0,45.0,53.0,161.0,8.0,348.0,374.0,554.0,133.0,54.0,187.0,0.0,120.5
2014-04-21,362.0,56.0,110.0,193.0,6.0,315.0,478.0,564.0,134.0,67.0,267.0,10.0,167.0
2014-04-22,402.0,93.0,96.0,191.0,26.0,250.0,524.0,534.0,213.0,93.0,194.0,24.0,143.5
2014-04-23,468.0,57.0,46.0,191.0,4.0,209.0,518.0,457.0,260.0,94.0,152.0,12.0,123.0
2014-04-24,446.0,54.0,46.0,188.0,5.0,301.0,497.0,543.0,225.0,97.0,175.0,0.0,136.0
2014-04-25,516.0,59.0,41.0,161.0,3.0,214.0,560.0,434.0,289.0,99.0,172.0,0.0,135.5
2014-04-26,460.0,53.0,22.0,133.0,4.0,151.0,486.0,337.0,227.0,87.0,172.0,0.0,129.5
2014-04-27,345.0,53.0,0.0,108.0,4.0,265.0,349.0,426.0,184.0,38.0,127.0,0.0,82.5
2014-04-28,358.0,68.0,21.0,158.0,1.0,204.0,380.0,430.0,181.0,87.0,112.0,0.0,99.5
2014-04-29,446.0,39.0,20.0,102.0,0.0,285.0,466.0,426.0,187.0,151.0,128.0,0.0,139.5
2014-04-30,472.0,48.0,55.0,137.0,3.0,286.0,530.0,471.0,223.0,135.0,172.0,0.0,153.5
2014-05-01,497.0,60.0,116.0,160.0,21.0,213.0,634.0,433.0,260.0,157.0,217.0,0.0,187.0
2014-05-02,601.0,43.0,90.0,158.0,1.0,264.0,692.0,465.0,250.0,150.0,279.0,13.0,214.5
2014-05-03,507.0,82.0,57.0,193.0,22.0,289.0,586.0,564.0,198.0,124.0,255.0,9.0,189.5
2014-05-04,409.0,52.0,55.0,131.0,25.0,224.0,489.0,407.0,166.0,83.0,240.0,0.0,161.5
2014-05-05,432.0,43.0,108.0,102.0,3.0,250.0,543.0,395.0,165.0,87.0,291.0,0.0,189.0
2014-05-06,402.0,64.0,90.0,153.0,5.0,203.0,497.0,420.0,148.0,91.0,257.0,1.0,174.0
2014-05-07,484.0,68.0,41.0,155.0,1.0,209.0,526.0,432.0,222.0,96.0,167.0,41.0,131.5
2014-05-08,519.0,70.0,99.0,167.0,3.0,253.0,621.0,490.0,299.0,93.0,205.0,24.0,149.0
2014-05-09,527.0,50.0,73.0,114.0,1.0,218.0,601.0,382.0,261.0,117.0,211.0,12.0,164.0
2014-05-10,484.0,53.0,46.0,77.0,7.0,170.0,537.0,300.0,144.0,142.0,212.0,39.0,177.0
2014-05-11,470.0,61.0,8.0,125.0,16.0,176.0,494.0,362.0,125.0,131.0,192.0,46.0,161.5
2014-05-12,512.0,57.0,35.0,125.0,18.0,324.0,565.0,506.0,156.0,161.0,224.0,24.0,192.5
2014-05-13,505.0,55.0,37.0,114.0,31.0,332.0,573.0,501.0,182.0,130.0,230.0,31.0,180.0
2014-05-14,604.0,77.0,61.0,172.0,56.0,211.0,721.0,460.0,288.0,158.0,221.0,54.0,189.5
2014-05-15,560.0,68.0,84.0,232.0,30.0,300.0,674.0,600.0,307.0,140.0,202.0,25.0,171.0
2014-05-16,592.0,60.0,58.0,113.0,10.0,292.0,660.0,465.0,281.0,97.0,236.0,46.0,166.5
2014-05-17,520.0,47.0,16.0,160.0,2.0,392.0,538.0,599.0,237.0,75.0,178.0,48.0,126.5
2014-05-18,480.0,55.0,14.0,143.0,24.0,273.0,518.0,471.0,145.0,129.0,196.0,48.0,162.5
2014-05-19,474.0,66.0,36.0,156.0,18.0,255.0,528.0,477.0,144.0,136.0,204.0,44.0,170.0
2014-05-20,585.0,49.0,101.0,115.0,10.0,152.0,696.0,316.0,313.0,143.0,216.0,24.0,179.5
2014-05-21,609.0,95.0,121.0,203.0,27.0,227.0,757.0,525.0,294.0,183.0,261.0,19.0,222.0
2014-05-22,520.0,79.0,126.0,205.0,3.0,286.0,649.0,570.0,273.0,149.0,227.0,0.0,188.0
2014-05-23,549.0,56.0,117.0,129.0,0.0,332.0,666.0,517.0,264.0,132.0,253.0,17.0,192.5
2014-05-24,410.0,80.0,91.0,180.0,2.0,303.0,503.0,563.0,187.0,119.0,175.0,22.0,147.0
2014-05-25,379.0,63.0,69.0,155.0,16.0,264.0,464.0,482.0,139.0,113.0,210.0,2.0,161.5
2014-05-26,336.0,44.0,85.0,106.0,22.0,225.0,443.0,375.0,131.0,76.0,219.0,17.0,147.5
2014-05-27,397.0,42.0,102.0,94.0,28.0,158.0,527.0,294.0,166.0,100.0,241.0,20.0,170.5
2014-05-28,462.0,59.0,94.0,138.0,56.0,245.0,612.0,442.0,168.0,140.0,272.0,32.0,206.0
2014-05-29,503.0,68.0,118.0,159.0,52.0,208.0,673.0,435.0,296.0,118.0,235.0,24.0,176.5
2014-05-30,518.0,46.0,114.0,90.0,45.0,230.0,677.0,366.0,268.0,112.0,273.0,24.0,192.5
2014-05-31,386.0,51.0,77.0,125.0,49.0,332.0,512.0,508.0,177.0,97.0,218.0,20.0,157.5
2014-06-01,300.0,42.0,89.0,99.0,11.0,273.0,400.0,414.0,135.0,54.0,211.0,0.0,132.5
2014-06-02,272.0,65.0,54.0,155.0,38.0,329.0,364.0,549.0,111.0,48.0,205.0,0.0,126.5
2014-06-03,400.0,43.0,54.0,103.0,11.0,304.0,465.0,450.0,181.0,117.0,167.0,0.0,142.0
2014-06-04,427.0,51.0,114.0,179.0,42.0,298.0,583.0,528.0,182.0,158.0,243.0,0.0,200.5
2014-06-05,527.0,33.0,125.0,118.0,46.0,314.0,698.0,465.0,249.0,202.0,247.0,0.0,224.5
2014-06-06,591.0,97.0,83.0,165.0,49.0,326.0,723.0,588.0,254.0,187.0,282.0,0.0,234.5
2014-06-07,497.0,85.0,74.0,185.0,23.0,303.0,594.0,573.0,220.0,106.0,268.0,0.0,187.0
2014-06-08,394.0,68.0,38.0,156.0,3.0,324.0,435.0,548.0,197.0,38.0,200.0,0.0,119.0
2014-06-09,378.0,64.0,68.0,173.0,4.0,320.0,450.0,557.0,173.0,84.0,193.0,0.0,138.5
2014-06-10,450.0,47.0,24.0,149.0,16.0,315.0,490.0,511.0,215.0,123.0,152.0,0.0,137.5
2014-06-11,471.0,64.0,62.0,141.0,16.0,344.0,549.0,549.0,238.0,139.0,153.0,19.0,146.0
2014-06-12,554.0,67.0,39.0,161.0,29.0,314.0,622.0,542.0,287.0,108.0,203.0,24.0,155.5
2014-06-13,669.0,66.0,49.0,118.0,21.0,173.0,739.0,357.0,378.0,118.0,211.0,32.0,164.5
2014-06-14,687.0,35.0,4.0,77.0,43.0,169.0,734.0,281.0,321.0,158.0,231.0,24.0,194.5
2014-06-15,539.0,58.0,11.0,131.0,6.0,332.0,556.0,521.0,163.0,134.0,226.0,33.0,180.0
2014-06-16,480.0,73.0,46.0,158.0,0.0,361.0,526.0,592.0,140.0,121.0,217.0,48.0,169.0
2014-06-17,494.0,46.0,85.0,143.0,10.0,354.0,589.0,543.0,189.0,83.0,270.0,47.0,176.5
2014-06-18,547.0,70.0,133.0,169.0,10.0,341.0,690.0,580.0,295.0,137.0,234.0,24.0,185.5
2014-06-19,654.0,74.0,115.0,150.0,10.0,257.0,779.0,481.0,356.0,159.0,240.0,24.0,199.5
2014-06-20,652.0,51.0,137.0,145.0,19.0,337.0,808.0,533.0,297.0,204.0,283.0,24.0,243.5
2014-06-21,583.0,52.0,105.0,178.0,10.0,382.0,698.0,612.0,236.0,178.0,260.0,24.0,219.0
2014-06-22,514.0,60.0,113.0,176.0,31.0,444.0,658.0,680.0,193.0,147.0,294.0,24.0,220.5
2014-06-23,410.0,73.0,103.0,191.0,33.0,476.0,546.0,740.0,129.0,129.0,285.0,3.0,207.0
2014-06-24,411.0,53.0,135.0,125.0,28.0,315.0,574.0,493.0,189.0,139.0,246.0,0.0,192.5
2014-06-25,461.0,71.0,142.0,189.0,25.0,281.0,628.0,541.0,219.0,153.0,252.0,4.0,202.5
2014-06-26,502.0,56.0,176.0,167.0,28.0,309.0,706.0,532.0,314.0,105.0,287.0,0.0,196.0
2014-06-27,467.0,30.0,186.0,117.0,32.0,262.0,685.0,409.0,309.0,69.0,307.0,0.0,188.0
2014-06-28,356.0,73.0,90.0,172.0,51.0,276.0,497.0,521.0,176.0,110.0,205.0,6.0,157.5
2014-06-29,331.0,42.0,78.0,145.0,0.0,349.0,409.0,536.0,128.0,69.0,193.0,19.0,131.0
2014-06-30,308.0,58.0,123.0,126.0,17.0,329.0,448.0,513.0,100.0,106.0,234.0,8.0,170.0
2014-07-01,365.0,54.0,67.0,179.0,27.0,321.0,459.0,554.0,150.0,146.0,159.0,4.0,152.5
2014-07-02,524.0,60.0,71.0,149.0,15.0,301.0,610.0,510.0,238.0,179.0,193.0,0.0,186.0
2014-07-03,563.0,60.0,60.0,150.0,1.0,278.0,624.0,488.0,253.0,159.0,188.0,24.0,173.5
2014-07-04,625.0,17.0,69.0,53.0,22.0,295.0,716.0,365.0,257.0,223.0,213.0,23.0,218.0
2014-07-05,506.0,66.0,94.0,130.0,53.0,277.0,653.0,473.0,121.0,200.0,300.0,32.0,250.0
2014-07-06,549.0,23.0,69.0,75.0,17.0,333.0,635.0,431.0,150.0,158.0,294.0,33.0,226.0
2014-07-07,556.0,73.0,78.0,222.0,52.0,316.0,686.0,611.0,175.0,195.0,306.0,10.0,250.5
2014-07-08,538.0,46.0,105.0,128.0,35.0,343.0,678.0,517.0,251.0,204.0,223.0,0.0,213.5
2014-07-09,495.0,80.0,119.0,149.0,36.0,313.0,650.0,542.0,252.0,188.0,210.0,0.0,199.0
2014-07-10,550.0,69.0,106.0,158.0,5.0,315.0,661.0,542.0,283.0,115.0,263.0,0.0,189.0
2014-07-11,554.0,64.0,66.0,143.0,14.0,299.0,634.0,506.0,198.0,123.0,313.0,0.0,218.0
2014-07-12,580.0,80.0,47.0,140.0,18.0,178.0,645.0,398.0,193.0,103.0,327.0,22.0,215.0
2014-07-13,513.0,31.0,30.0,85.0,20.0,322.0,563.0,438.0,108.0,123.0,288.0,44.0,205.5
2014-07-14,458.0,64.0,72.0,129.0,22.0,228.0,552.0,421.0,142.0,129.0,235.0,46.0,182.0
2014-07-15,557.0,47.0,42.0,173.0,15.0,335.0,614.0,555.0,204.0,185.0,170.0,55.0,177.5
2014-07-16,578.0,81.0,127.0,184.0,2.0,304.0,707.0,569.0,270.0,177.0,251.0,9.0,214.0
2014-07-17,658.0,86.0,125.0,202.0,6.0,256.0,789.0,544.0,310.0,158.0,308.0,13.0,233.0
2014-07-18,656.0,90.0,119.0,236.0,5.0,354.0,780.0,680.0,266.0,105.0,408.0,1.0,256.5
2014-07-19,687.0,54.0,75.0,122.0,30.0,257.0,792.0,433.0,221.0,156.0,414.0,1.0,285.0
2014-07-20,510.0,64.0,18.0,131.0,31.0,272.0,559.0,467.0,176.0,115.0,268.0,0.0,191.5
2014-07-21,433.0,50.0,23.0,135.0,15.0,307.0,471.0,492.0,123.0,111.0,237.0,0.0,174.0
2014-07-22,478.0,37.0,28.0,134.0,17.0,290.0,523.0,461.0,196.0,128.0,199.0,0.0,163.5
2014-07-23,547.0,52.0,36.0,151.0,15.0,315.0,598.0,518.0,273.0,153.0,172.0,0.0,162.5
2014-07-24,558.0,60.0,56.0,155.0,5.0,329.0,619.0,544.0,303.0,120.0,196.0,0.0,158.0
2014-07-25,608.0,35.0,43.0,74.0,0.0,242.0,651.0,351.0,258.0,111.0,282.0,0.0,196.5
2014-07-26,536.0,54.0,38.0,104.0,18.0,242.0,592.0,400.0,194.0,110.0,277.0,11.0,193.5
2014-07-27,417.0,44.0,43.0,143.0,47.0,297.0,507.0,484.0,122.0,77.0,284.0,24.0,180.5
2014-07-28,398.0,63.0,36.0,114.0,42.0,303.0,476.0,480.0,156.0,108.0,188.0,24.0,148.0
2014-07-29,387.0,43.0,44.0,118.0,34.0,340.0,465.0,501.0,226.0,68.0,147.0,24.0,107.5
2014-07-30,412.0,78.0,67.0,145.0,34.0,302.0,513.0,525.0,191.0,105.0,193.0,24.0,149.0
2014-07-31,573.0,42.0,57.0,127.0,50.0,352.0,680.0,521.0,310.0,142.0,204.0,24.0,173.0
2014-08-01,615.0,46.0,73.0,122.0,46.0,238.0,734.0,406.0,275.0,174.0,261.0,24.0,217.5
2014-08-02,553.0,70.0,70.0,164.0,31.0,420.0,654.0,654.0,218.0,176.0,236.0,24.0,206.0
2014-08-03,485.0,56.0,93.0,174.0,5.0,494.0,583.0,724.0,161.0,121.0,267.0,34.0,194.0
2014-08-04,513.0,57.0,155.0,150.0,7.0,270.0,675.0,477.0,207.0,118.0,315.0,35.0,216.5
2014-08-05,531.0,49.0,136.0,152.0,4.0,348.0,671.0,549.0,282.0,67.0,298.0,24.0,182.5
2014-08-06,589.0,57.0,97.0,166.0,19.0,328.0,705.0,551.0,279.0,114.0,293.0,19.0,203.5
2014-08-07,575.0,60.0,105.0,138.0,30.0,258.0,710.0,456.0,254.0,131.0,318.0,7.0,224.5
2014-08-08,587.0,28.0,97.0,84.0,46.0,326.0,730.0,438.0,287.0,147.0,296.0,0.0,221.5
2014-08-09,580.0,41.0,48.0,109.0,36.0,304.0,664.0,454.0,263.0,132.0,269.0,0.0,200.5
2014-08-10,465.0,52.0,83.0,138.0,25.0,357.0,573.0,547.0,210.0,152.0,211.0,0.0,181.5
2014-08-11,356.0,72.0,120.0,155.0,25.0,305.0,501.0,532.0,156.0,118.0,227.0,0.0,172.5
2014-08-12,404.0,48.0,96.0,100.0,42.0,389.0,542.0,537.0,218.0,110.0,214.0,0.0,162.0
2014-08-13,491.0,50.0,115.0,125.0,40.0,269.0,646.0,444.0,250.0,119.0,277.0,0.0,198.0
2014-08-14,553.0,60.0,140.0,130.0,22.0,372.0,715.0,562.0,302.0,128.0,285.0,0.0,206.5
2014-08-15,619.0,67.0,144.0,156.0,36.0,317.0,799.0,540.0,294.0,150.0,355.0,0.0,252.5
2014-08-16,661.0,45.0,84.0,115.0,76.0,325.0,821.0,485.0,301.0,173.0,347.0,0.0,260.0
2014-08-17,528.0,76.0,29.0,202.0,54.0,335.0,611.0,613.0,254.0,97.0,258.0,2.0,177.5
2014-08-18,467.0,65.0,87.0,176.0,35.0,302.0,589.0,543.0,219.0,118.0,240.0,12.0,179.0
2014-08-19,433.0,42.0,132.0,105.0,30.0,292.0,595.0,439.0,212.0,106.0,277.0,0.0,191.5
2014-08-20,446.0,60.0,95.0,152.0,31.0,288.0,572.0,500.0,227.0,105.0,240.0,0.0,172.5
2014-08-21,496.0,80.0,86.0,197.0,9.0,256.0,591.0,533.0,247.0,98.0,246.0,0.0,172.0
2014-08-22,612.0,34.0,55.0,115.0,8.0,358.0,675.0,507.0,249.0,118.0,308.0,0.0,213.0
2014-08-23,606.0,35.0,24.0,90.0,20.0,287.0,650.0,412.0,237.0,135.0,270.0,8.0,202.5
2014-08-24,569.0,77.0,32.0,170.0,5.0,250.0,606.0,497.0,192.0,121.0,293.0,0.0,207.0
2014-08-25,459.0,78.0,60.0,184.0,27.0,348.0,546.0,610.0,164.0,104.0,266.0,12.0,185.0
2014-08-26,536.0,38.0,77.0,73.0,49.0,268.0,662.0,379.0,265.0,111.0,275.0,11.0,193.0
2014-08-27,538.0,47.0,47.0,118.0,55.0,361.0,640.0,526.0,271.0,126.0,243.0,0.0,184.5
2014-08-28,535.0,56.0,116.0,161.0,56.0,416.0,707.0,633.0,300.0,140.0,259.0,8.0,199.5
2014-08-29,552.0,56.0,95.0,154.0,67.0,432.0,714.0,642.0,286.0,150.0,267.0,11.0,208.5
2014-08-30,591.0,54.0,34.0,161.0,47.0,368.0,672.0,583.0,283.0,133.0,255.0,1.0,194.0
2014-08-31,572.0,39.0,30.0,130.0,31.0,318.0,633.0,487.0,252.0,105.0,251.0,25.0,178.0
2014-09-01,393.0,63.0,36.0,159.0,30.0,412.0,459.0,634.0,95.0,108.0,232.0,24.0,170.0
2014-09-02,402.0,33.0,83.0,85.0,54.0,348.0,539.0,466.0,133.0,108.0,274.0,24.0,191.0
2014-09-03,472.0,38.0,98.0,89.0,40.0,292.0,610.0,419.0,220.0,88.0,282.0,20.0,185.0
2014-09-04,525.0,64.0,114.0,158.0,32.0,282.0,671.0,504.0,300.0,121.0,250.0,0.0,185.5
2014-09-05,622.0,61.0,101.0,136.0,9.0,225.0,732.0,422.0,272.0,127.0,324.0,9.0,225.5
2014-09-06,598.0,22.0,84.0,84.0,3.0,282.0,685.0,388.0,298.0,108.0,268.0,11.0,188.0
2014-09-07,554.0,54.0,62.0,141.0,30.0,213.0,646.0,408.0,256.0,150.0,240.0,0.0,195.0
2014-09-08,478.0,69.0,106.0,149.0,40.0,224.0,624.0,442.0,172.0,171.0,281.0,0.0,226.0
2014-09-09,371.0,47.0,96.0,176.0,15.0,335.0,482.0,558.0,179.0,83.0,220.0,0.0,151.5
2014-09-10,421.0,61.0,83.0,136.0,18.0,448.0,522.0,645.0,239.0,89.0,194.0,0.0,141.5
2014-09-11,470.0,64.0,82.0,156.0,10.0,360.0,562.0,580.0,274.0,59.0,229.0,0.0,144.0
2014-09-12,599.0,40.0,58.0,118.0,22.0,292.0,679.0,450.0,283.0,116.0,280.0,0.0,198.0
2014-09-13,625.0,41.0,26.0,84.0,23.0,224.0,674.0,349.0,228.0,125.0,321.0,0.0,223.0
2014-09-14,471.0,42.0,15.0,121.0,24.0,191.0,510.0,354.0,132.0,120.0,258.0,0.0,189.0
2014-09-15,382.0,55.0,42.0,116.0,34.0,211.0,458.0,382.0,111.0,97.0,243.0,7.0,170.0
2014-09-16,416.0,42.0,26.0,101.0,40.0,203.0,482.0,346.0,181.0,84.0,200.0,17.0,142.0
2014-09-17,430.0,33.0,13.0,124.0,33.0,246.0,476.0,403.0,230.0,92.0,131.0,23.0,111.5
2014-09-18,503.0,59.0,35.0,121.0,41.0,202.0,579.0,382.0,353.0,67.0,127.0,32.0,97.0
2014-09-19,542.0,60.0,68.0,137.0,46.0,264.0,656.0,461.0,354.0,97.0,157.0,48.0,127.0
2014-09-20,545.0,47.0,18.0,110.0,39.0,294.0,602.0,451.0,241.0,99.0,192.0,70.0,145.5
2014-09-21,580.0,33.0,6.0,98.0,14.0,233.0,600.0,364.0,236.0,110.0,200.0,54.0,155.0
2014-09-22,578.0,58.0,27.0,104.0,20.0,218.0,625.0,380.0,221.0,144.0,220.0,40.0,182.0
2014-09-23,578.0,28.0,48.0,79.0,42.0,230.0,668.0,337.0,248.0,178.0,217.0,25.0,197.5
2014-09-24,590.0,68.0,54.0,138.0,22.0,339.0,666.0,545.0,290.0,122.0,204.0,50.0,163.0
2014-09-25,710.0,35.0,65.0,106.0,29.0,219.0,804.0,360.0,340.0,108.0,286.0,70.0,197.0
2014-09-26,767.0,38.0,43.0,129.0,33.0,255.0,843.0,422.0,378.0,184.0,223.0,58.0,203.5
2014-09-27,753.0,70.0,21.0,137.0,4.0,218.0,778.0,425.0,316.0,171.0,255.0,36.0,213.0
2014-09-28,616.0,69.0,11.0,152.0,5.0,217.0,632.0,438.0,260.0,122.0,192.0,58.0,157.0
2014-09-29,547.0,57.0,14.0,141.0,38.0,255.0,599.0,453.0,188.0,182.0,177.0,52.0,179.5
2014-09-30,573.0,44.0,27.0,134.0,12.0,270.0,612.0,448.0,193.0,179.0,195.0,45.0,187.0
2014-10-01,527.0,63.0,43.0,165.0,29.0,375.0,599.0,603.0,222.0,192.0,142.0,43.0,167.0
2014-10-02,555.0,58.0,52.0,154.0,28.0,289.0,635.0,501.0,292.0,154.0,170.0,19.0,162.0
2014-10-03,580.0,46.0,50.0,157.0,27.0,299.0,657.0,502.0,285.0,94.0,242.0,36.0,168.0
2014-10-04,630.0,68.0,20.0,139.0,66.0,256.0,716.0,463.0,323.0,110.0,235.0,48.0,172.5
2014-10-05,642.0,57.0,39.0,148.0,24.0,281.0,705.0,486.0,288.0,161.0,232.0,24.0,196.5
2014-10-06,662.0,46.0,53.0,123.0,41.0,268.0,756.0,437.0,272.0,154.0,314.0,16.0,234.0
2014-10-07,612.0,51.0,29.0,129.0,60.0,404.0,701.0,584.0,251.0,147.0,303.0,0.0,225.0
2014-10-08,693.0,62.0,40.0,170.0,45.0,224.0,778.0,456.0,287.0,145.0,316.0,30.0,230.5
2014-10-09,863.0,37.0,47.0,132.0,12.0,187.0,922.0,356.0,356.0,184.0,312.0,70.0,248.0
2014-10-10,738.0,89.0,71.0,147.0,49.0,310.0,858.0,546.0,327.0,220.0,257.0,54.0,238.5
2014-10-11,727.0,57.0,64.0,154.0,32.0,217.0,823.0,428.0,280.0,168.0,344.0,31.0,256.0
2014-10-12,590.0,57.0,4.0,143.0,16.0,393.0,610.0,593.0,195.0,147.0,244.0,24.0,195.5
2014-10-13,685.0,38.0,11.0,68.0,11.0,250.0,707.0,356.0,229.0,148.0,306.0,24.0,227.0
2014-10-14,692.0,38.0,19.0,81.0,28.0,171.0,739.0,290.0,246.0,177.0,292.0,24.0,234.5
2014-10-15,630.0,63.0,19.0,133.0,15.0,217.0,664.0,413.0,228.0,154.0,249.0,33.0,201.5
2014-10-16,713.0,56.0,36.0,147.0,14.0,239.0,763.0,442.0,267.0,182.0,296.0,18.0,239.0
2014-10-17,834.0,42.0,41.0,117.0,6.0,258.0,881.0,417.0,275.0,163.0,431.0,12.0,297.0
2014-10-18,884.0,90.0,16.0,162.0,6.0,163.0,906.0,415.0,243.0,170.0,424.0,69.0,297.0
2014-10-19,856.0,23.0,61.0,113.0,4.0,229.0,921.0,365.0,267.0,189.0,359.0,106.0,274.0
2014-10-20,806.0,45.0,57.0,97.0,8.0,197.0,871.0,339.0,255.0,154.0,350.0,112.0,252.0
2014-10-21,839.0,39.0,72.0,103.0,2.0,285.0,913.0,427.0,290.0,168.0,384.0,71.0,276.0
2014-10-22,851.0,66.0,107.0,152.0,5.0,222.0,963.0,440.0,382.0,169.0,325.0,87.0,247.0
2014-10-23,880.0,56.0,97.0,106.0,18.0,363.0,995.0,525.0,381.0,191.0,324.0,99.0,257.5
2014-10-24,853.0,51.0,101.0,229.0,33.0,303.0,987.0,583.0,345.0,191.0,330.0,121.0,260.5
2014-10-25,904.0,54.0,71.0,164.0,53.0,267.0,1028.0,485.0,387.0,205.0,304.0,132.0,254.5
2014-10-26,853.0,48.0,76.0,164.0,9.0,246.0,938.0,458.0,305.0,192.0,320.0,121.0,256.0
2014-10-27,863.0,66.0,111.0,112.0,8.0,192.0,982.0,370.0,276.0,181.0,385.0,140.0,283.0
2014-10-28,843.0,48.0,103.0,133.0,33.0,196.0,979.0,377.0,272.0,218.0,372.0,117.0,295.0
2014-10-29,855.0,59.0,38.0,114.0,20.0,218.0,913.0,391.0,295.0,185.0,337.0,96.0,261.0
2014-10-30,833.0,45.0,27.0,107.0,25.0,251.0,885.0,403.0,320.0,200.0,317.0,48.0,258.5
2014-10-31,818.0,30.0,102.0,62.0,7.0,155.0,927.0,247.0,383.0,151.0,354.0,39.0,252.5
2014-11-01,676.0,51.0,41.0,145.0,0.0,226.0,717.0,422.0,220.0,136.0,317.0,44.0,226.5
2014-11-02,721.0,36.0,10.0,69.0,1.0,164.0,732.0,269.0,192.0,146.0,312.0,82.0,229.0
2014-11-03,727.0,53.0,29.0,144.0,6.0,189.0,762.0,386.0,171.0,148.0,310.0,133.0,229.0
2014-11-04,688.0,48.0,32.0,154.0,24.0,249.0,744.0,451.0,227.0,143.0,226.0,148.0,184.5
2014-11-05,762.0,72.0,38.0,181.0,38.0,259.0,838.0,512.0,292.0,185.0,224.0,137.0,204.5
2014-11-06,900.0,43.0,69.0,85.0,32.0,207.0,1001.0,335.0,353.0,162.0,315.0,171.0,238.5
2014-11-07,812.0,46.0,44.0,172.0,8.0,310.0,864.0,528.0,262.0,133.0,322.0,147.0,227.5
2014-11-08,828.0,37.0,54.0,96.0,29.0,285.0,911.0,418.0,257.0,192.0,332.0,130.0,262.0
2014-11-09,859.0,34.0,34.0,107.0,65.0,296.0,958.0,437.0,300.0,162.0,321.0,175.0,241.5
2014-11-10,895.0,50.0,52.0,138.0,33.0,232.0,980.0,420.0,315.0,139.0,351.0,175.0,245.0
2014-11-11,995.0,38.0,13.0,134.0,41.0,349.0,1049.0,521.0,346.0,152.0,361.0,190.0,256.5
2014-11-12,1014.0,55.0,25.0,145.0,35.0,276.0,1074.0,476.0,368.0,195.0,333.0,178.0,264.0
2014-11-13,1002.0,68.0,85.0,142.0,25.0,240.0,1112.0,450.0,386.0,195.0,329.0,202.0,262.0
2014-11-14,1026.0,61.0,83.0,152.0,48.0,240.0,1157.0,453.0,440.0,187.0,369.0,161.0,278.0
2014-11-15,1093.0,32.0,23.0,83.0,51.0,211.0,1167.0,326.0,426.0,211.0,386.0,144.0,298.5
2014-11-16,1017.0,44.0,12.0,124.0,50.0,253.0,1079.0,421.0,387.0,200.0,333.0,159.0,266.5
2014-11-17,948.0,67.0,41.0,146.0,36.0,203.0,1025.0,416.0,351.0,178.0,335.0,161.0,256.5
2014-11-18,846.0,67.0,31.0,138.0,48.0,341.0,925.0,546.0,274.0,195.0,324.0,132.0,259.5
2014-11-19,890.0,49.0,79.0,133.0,34.0,248.0,1003.0,430.0,320.0,156.0,393.0,134.0,274.5
2014-11-20,892.0,56.0,90.0,163.0,45.0,338.0,1027.0,557.0,353.0,155.0,389.0,130.0,272.0
2014-11-21,937.0,48.0,65.0,157.0,33.0,244.0,1035.0,449.0,363.0,137.0,352.0,183.0,244.5
2014-11-22,965.0,57.0,72.0,131.0,34.0,253.0,1071.0,441.0,320.0,152.0,430.0,169.0,291.0
2014-11-23,943.0,52.0,76.0,155.0,30.0,190.0,1049.0,397.0,256.0,169.0,487.0,137.0,328.0
2014-11-24,826.0,58.0,71.0,161.0,36.0,386.0,933.0,605.0,253.0,120.0,443.0,117.0,281.5
2014-11-25,856.0,44.0,85.0,111.0,28.0,232.0,969.0,387.0,287.0,153.0,426.0,103.0,289.5
2014-11-26,850.0,64.0,63.0,143.0,88.0,181.0,1001.0,388.0,327.0,165.0,413.0,96.0,289.0
2014-11-27,753.0,51.0,57.0,158.0,35.0,385.0,845.0,594.0,294.0,101.0,354.0,96.0,227.5
2014-11-28,896.0,40.0,74.0,135.0,36.0,364.0,1006.0,539.0,333.0,105.0,458.0,110.0,281.5
2014-11-29,995.0,44.0,81.0,124.0,26.0,170.0,1102.0,338.0,345.0,120.0,482.0,155.0,301.0
2014-11-30,957.0,31.0,45.0,113.0,26.0,212.0,1028.0,356.0,306.0,125.0,439.0,158.0,282.0
2014-12-01,919.0,33.0,93.0,82.0,51.0,113.0,1063.0,228.0,371.0,96.0,459.0,137.0,277.5
2014-12-02,805.0,65.0,60.0,139.0,43.0,229.0,908.0,433.0,289.0,138.0,407.0,74.0,272.5
2014-12-03,887.0,37.0,49.0,108.0,24.0,148.0,960.0,293.0,288.0,163.0,438.0,71.0,300.5
2014-12-04,867.0,36.0,71.0,99.0,48.0,222.0,986.0,357.0,330.0,144.0,481.0,31.0,312.5
2014-12-05,827.0,35.0,75.0,107.0,75.0,273.0,977.0,415.0,377.0,111.0,462.0,27.0,286.5
2014-12-06,940.0,38.0,38.0,134.0,18.0,191.0,996.0,363.0,304.0,176.0,465.0,51.0,320.5
2014-12-07,969.0,73.0,71.0,127.0,26.0,148.0,1066.0,348.0,323.0,148.0,474.0,121.0,311.0
2014-12-08,907.0,57.0,79.0,130.0,11.0,291.0,997.0,478.0,330.0,130.0,440.0,97.0,285.0
2014-12-09,923.0,60.0,83.0,132.0,64.0,211.0,1070.0,403.0,431.0,177.0,404.0,58.0,290.5
2014-12-10,842.0,71.0,32.0,181.0,83.0,308.0,957.0,560.0,328.0,188.0,407.0,34.0,297.5
2014-12-11,841.0,55.0,45.0,119.0,60.0,188.0,946.0,362.0,334.0,165.0,396.0,51.0,280.5
2014-12-12,791.0,43.0,22.0,91.0,40.0,138.0,853.0,272.0,303.0,112.0,345.0,93.0,228.5
2014-12-13,861.0,16.0,13.0,60.0,28.0,155.0,902.0,231.0,342.0,128.0,306.0,126.0,217.0
2014-12-14,799.0,59.0,0.0,153.0,46.0,205.0,845.0,417.0,333.0,125.0,291.0,96.0,208.0
2014-12-15,799.0,39.0,30.0,111.0,29.0,236.0,858.0,386.0,267.0,205.0,301.0,85.0,253.0
2014-12-16,676.0,71.0,32.0,115.0,35.0,214.0,743.0,400.0,293.0,179.0,235.0,36.0,207.0
2014-12-17,595.0,68.0,27.0,167.0,19.0,162.0,641.0,397.0,285.0,81.0,257.0,18.0,169.0
2014-12-18,616.0,38.0,35.0,91.0,32.0,208.0,683.0,337.0,330.0,122.0,207.0,24.0,164.5
2014-12-19,621.0,46.0,77.0,120.0,47.0,247.0,745.0,413.0,317.0,127.0,263.0,38.0,195.0
2014-12-20,744.0,44.0,31.0,86.0,33.0,184.0,808.0,314.0,305.0,176.0,268.0,59.0,222.0
2014-12-21,703.0,63.0,26.0,149.0,31.0,236.0,760.0,448.0,264.0,172.0,240.0,84.0,206.0
2014-12-22,631.0,45.0,73.0,139.0,35.0,283.0,739.0,467.0,268.0,189.0,233.0,49.0,211.0
2014-12-23,701.0,45.0,59.0,104.0,37.0,246.0,797.0,395.0,333.0,243.0,194.0,27.0,218.5
2014-12-24,632.0,54.0,69.0,95.0,45.0,154.0,746.0,303.0,306.0,192.0,213.0,35.0,202.5
2014-12-25,494.0,30.0,37.0,94.0,34.0,215.0,565.0,339.0,223.0,179.0,139.0,24.0,159.0
2014-12-26,617.0,35.0,67.0,91.0,44.0,171.0,728.0,297.0,305.0,205.0,190.0,28.0,197.5
2014-12-27,760.0,64.0,70.0,104.0,33.0,105.0,863.0,273.0,393.0,181.0,244.0,45.0,212.5
2014-12-28,754.0,24.0,48.0,73.0,42.0,210.0,844.0,307.0,385.0,162.0,226.0,71.0,194.0
2014-12-29,753.0,53.0,94.0,141.0,44.0,216.0,891.0,410.0,399.0,138.0,281.0,73.0,209.5
2014-12-30,865.0,60.0,98.0,133.0,31.0,262.0,994.0,455.0,408.0,177.0,361.0,48.0,269.0
2014-12-31,0.0,0.0,0.0,0.0,0.0,0.0,0.0,0.0,0.0,0.0,0.0,0.0,0.0
2015-01-01,808.0,21.0,39.0,67.0,55.0,252.0,902.0,340.0,340.0,128.0,281.0,153.0,204.5
2015-01-02,857.0,54.0,71.0,102.0,60.0,180.0,988.0,336.0,384.0,153.0,299.0,152.0,226.0
2015-01-03,987.0,41.0,63.0,72.0,118.0,138.0,1168.0,251.0,455.0,238.0,307.0,168.0,272.5
2015-01-04,895.0,37.0,50.0,91.0,105.0,224.0,1050.0,352.0,419.0,202.0,280.0,149.0,241.0
2015-01-05,909.0,50.0,95.0,102.0,151.0,177.0,1155.0,329.0,457.0,199.0,374.0,125.0,286.5
2015-01-06,943.0,27.0,76.0,90.0,92.0,232.0,1111.0,349.0,468.0,195.0,325.0,123.0,260.0
2015-01-07,985.0,55.0,132.0,106.0,75.0,144.0,1192.0,305.0,438.0,222.0,408.0,124.0,315.0
2015-01-08,959.0,48.0,72.0,128.0,44.0,255.0,1075.0,431.0,431.0,210.0,312.0,122.0,261.0
2015-01-09,923.0,60.0,75.0,118.0,70.0,262.0,1068.0,440.0,421.0,177.0,332.0,138.0,254.5
2015-01-10,1009.0,72.0,28.0,129.0,115.0,160.0,1152.0,361.0,475.0,174.0,324.0,179.0,249.0
2015-01-11,1013.0,39.0,33.0,96.0,152.0,201.0,1198.0,336.0,506.0,162.0,360.0,170.0,261.0
2015-01-12,972.0,50.0,50.0,131.0,89.0,193.0,1111.0,374.0,436.0,169.0,361.0,145.0,265.0
2015-01-13,1058.0,48.0,36.0,82.0,68.0,208.0,1162.0,338.0,467.0,179.0,370.0,146.0,274.5
2015-01-14,1087.0,38.0,53.0,127.0,76.0,174.0,1216.0,339.0,473.0,185.0,364.0,194.0,274.5
2015-01-15,871.0,34.0,10.0,92.0,66.0,218.0,947.0,344.0,375.0,121.0,297.0,154.0,209.0
2015-01-16,1206.0,37.0,53.0,94.0,55.0,265.0,1314.0,396.0,472.0,145.0,497.0,200.0,321.0
2015-01-17,1158.0,53.0,96.0,128.0,66.0,241.0,1320.0,422.0,485.0,143.0,488.0,204.0,315.5
2015-01-18,1112.0,31.0,92.0,60.0,48.0,228.0,1252.0,319.0,510.0,163.0,384.0,195.0,273.5
2015-01-19,975.0,50.0,130.0,97.0,42.0,188.0,1147.0,335.0,460.0,166.0,354.0,167.0,260.0
2015-01-20,992.0,31.0,132.0,96.0,59.0,320.0,1183.0,447.0,452.0,174.0,420.0,137.0,297.0
2015-01-21,1088.0,35.0,165.0,86.0,94.0,195.0,1347.0,316.0,487.0,190.0,463.0,207.0,326.5
2015-01-22,1098.0,42.0,137.0,97.0,113.0,293.0,1348.0,432.0,528.0,183.0,435.0,202.0,309.0
2015-01-23,1203.0,55.0,105.0,113.0,149.0,213.0,1457.0,381.0,518.0,217.0,474.0,248.0,345.5
2015-01-24,1255.0,32.0,70.0,89.0,144.0,192.0,1469.0,313.0,471.0,192.0,487.0,319.0,339.5
2015-01-25,1190.0,30.0,64.0,100.0,91.0,272.0,1345.0,402.0,417.0,160.0,481.0,287.0,320.5
2015-01-26,1110.0,37.0,121.0,91.0,49.0,244.0,1280.0,372.0,424.0,167.0,426.0,263.0,296.5
2015-01-27,1115.0,41.0,64.0,85.0,72.0,168.0,1251.0,294.0,406.0,179.0,461.0,205.0,320.0
2015-01-28,1146.0,33.0,90.0,88.0,111.0,176.0,1347.0,297.0,444.0,173.0,457.0,273.0,315.0
2015-01-29,1032.0,47.0,76.0,106.0,173.0,263.0,1281.0,416.0,517.0,146.0,414.0,204.0,280.0
2015-01-30,1081.0,52.0,73.0,134.0,220.0,268.0,1374.0,454.0,531.0,139.0,518.0,186.0,328.5
2015-01-31,1170.0,52.0,30.0,136.0,198.0,216.0,1398.0,404.0,521.0,106.0,508.0,263.0,307.0
2015-02-01,1200.0,42.0,35.0,94.0,163.0,282.0,1398.0,418.0,475.0,129.0,500.0,294.0,314.5
2015-02-02,1261.0,51.0,38.0,109.0,180.0,278.0,1479.0,438.0,508.0,161.0,513.0,297.0,337.0
2015-02-03,1377.0,34.0,60.0,99.0,187.0,266.0,1624.0,399.0,548.0,202.0,512.0,362.0,357.0
2015-02-04,1335.0,63.0,128.0,149.0,200.0,212.0,1663.0,424.0,613.0,176.0,553.0,321.0,364.5
2015-02-05,1327.0,40.0,134.0,81.0,97.0,289.0,1558.0,410.0,529.0,152.0,579.0,298.0,365.5
2015-02-06,1341.0,52.0,113.0,150.0,46.0,211.0,1500.0,413.0,389.0,167.0,644.0,300.0,405.5
2015-02-07,1376.0,45.0,86.0,95.0,123.0,168.0,1585.0,308.0,437.0,125.0,734.0,289.0,429.5
2015-02-08,1387.0,5.0,138.0,66.0,132.0,179.0,1657.0,250.0,460.0,113.0,744.0,340.0,428.5
2015-02-09,1424.0,2.0,225.0,42.0,157.0,119.0,1806.0,163.0,541.0,191.0,805.0,269.0,498.0
2015-02-10,1405.0,43.0,156.0,108.0,164.0,232.0,1725.0,383.0,527.0,206.0,716.0,276.0,461.0
2015-02-11,1342.0,46.0,173.0,132.0,274.0,234.0,1789.0,412.0,562.0,218.0,748.0,261.0,483.0
2015-02-12,1386.0,29.0,195.0,70.0,258.0,222.0,1839.0,321.0,552.0,219.0,785.0,283.0,502.0
2015-02-13,1511.0,38.0,125.0,103.0,356.0,184.0,1992.0,325.0,633.0,240.0,803.0,316.0,521.5
2015-02-14,1445.0,56.0,146.0,128.0,340.0,292.0,1931.0,476.0,578.0,178.0,787.0,388.0,482.5
2015-02-15,1451.0,14.0,122.0,67.0,335.0,212.0,1908.0,293.0,581.0,168.0,771.0,388.0,469.5
2015-02-16,1528.0,15.0,100.0,57.0,330.0,184.0,1958.0,256.0,536.0,179.0,842.0,401.0,510.5
2015-02-17,1550.0,4.0,140.0,13.0,261.0,140.0,1951.0,157.0,552.0,229.0,825.0,345.0,527.0
2015-02-18,1548.0,38.0,89.0,87.0,249.0,281.0,1886.0,406.0,493.0,219.0,800.0,374.0,509.5
2015-02-19,1515.0,27.0,125.0,111.0,307.0,360.0,1947.0,498.0,584.0,181.0,772.0,410.0,476.5
2015-02-20,1538.0,76.0,162.0,200.0,241.0,256.0,1941.0,532.0,581.0,199.0,790.0,371.0,494.5
2015-02-21,1498.0,66.0,98.0,166.0,263.0,288.0,1859.0,520.0,522.0,177.0,760.0,400.0,468.5
2015-02-22,1590.0,37.0,74.0,82.0,218.0,217.0,1882.0,336.0,531.0,201.0,736.0,414.0,468.5
2015-02-23,1635.0,35.0,103.0,125.0,187.0,180.0,1925.0,340.0,555.0,211.0,760.0,399.0,485.5
2015-02-24,1613.0,56.0,82.0,143.0,144.0,301.0,1839.0,500.0,498.0,189.0,776.0,376.0,482.5
2015-02-25,1533.0,80.0,131.0,263.0,215.0,380.0,1879.0,723.0,454.0,221.0,850.0,354.0,535.5
2015-02-26,1583.0,86.0,155.0,154.0,158.0,295.0,1896.0,535.0,472.0,170.0,890.0,364.0,530.0
2015-02-27,1533.0,51.0,160.0,142.0,101.0,235.0,1794.0,428.0,422.0,178.0,812.0,382.0,495.0
2015-02-28,1466.0,46.0,138.0,110.0,154.0,195.0,1758.0,351.0,463.0,197.0,689.0,409.0,443.0
2015-03-01,1481.0,28.0,138.0,55.0,145.0,170.0,1764.0,253.0,556.0,183.0,624.0,401.0,403.5
2015-03-02,1411.0,42.0,155.0,136.0,98.0,196.0,1664.0,374.0,506.0,191.0,606.0,361.0,398.5
2015-03-03,1398.0,46.0,117.0,100.0,109.0,196.0,1624.0,342.0,458.0,214.0,618.0,334.0,416.0
2015-03-04,1379.0,64.0,109.0,138.0,123.0,229.0,1611.0,431.0,469.0,229.0,630.0,283.0,429.5
2015-03-05,1361.0,68.0,159.0,188.0,106.0,325.0,1626.0,581.0,467.0,205.0,616.0,338.0,410.5
2015-03-06,1493.0,45.0,202.0,125.0,50.0,342.0,1745.0,512.0,452.0,205.0,711.0,377.0,458.0
2015-03-07,1549.0,47.0,128.0,123.0,68.0,199.0,1745.0,369.0,418.0,233.0,706.0,388.0,469.5
2015-03-08,1470.0,45.0,122.0,100.0,66.0,360.0,1658.0,505.0,430.0,181.0,722.0,325.0,451.5
2015-03-09,1470.0,29.0,114.0,83.0,96.0,311.0,1680.0,423.0,426.0,201.0,713.0,340.0,457.0
2015-03-10,1382.0,62.0,71.0,175.0,117.0,438.0,1570.0,675.0,397.0,183.0,676.0,314.0,429.5
2015-03-11,1346.0,95.0,76.0,209.0,121.0,400.0,1543.0,704.0,373.0,154.0,672.0,344.0,413.0
2015-03-12,1416.0,56.0,89.0,131.0,119.0,257.0,1624.0,444.0,425.0,206.0,596.0,397.0,401.0
2015-03-13,1473.0,49.0,44.0,134.0,143.0,213.0,1660.0,396.0,492.0,275.0,513.0,380.0,394.0
2015-03-14,1477.0,41.0,78.0,114.0,123.0,394.0,1678.0,549.0,493.0,253.0,571.0,361.0,412.0
2015-03-15,1462.0,46.0,102.0,133.0,66.0,240.0,1630.0,419.0,447.0,227.0,617.0,339.0,422.0
2015-03-16,1405.0,65.0,120.0,146.0,59.0,241.0,1584.0,452.0,409.0,213.0,635.0,327.0,424.0
2015-03-17,1379.0,44.0,103.0,111.0,73.0,233.0,1555.0,388.0,429.0,201.0,546.0,379.0,373.5
2015-03-18,1186.0,87.0,89.0,193.0,53.0,284.0,1328.0,564.0,331.0,144.0,509.0,344.0,326.5
2015-03-19,1228.0,39.0,82.0,90.0,68.0,215.0,1378.0,344.0,404.0,161.0,514.0,299.0,337.5
2015-03-20,1197.0,51.0,65.0,112.0,98.0,228.0,1360.0,391.0,414.0,203.0,465.0,278.0,334.0
2015-03-21,1214.0,43.0,27.0,109.0,91.0,369.0,1332.0,521.0,367.0,183.0,472.0,310.0,327.5
2015-03-22,1173.0,47.0,34.0,117.0,125.0,274.0,1332.0,438.0,348.0,206.0,481.0,297.0,343.5
2015-03-23,1212.0,71.0,99.0,124.0,112.0,216.0,1423.0,411.0,337.0,216.0,529.0,341.0,372.5
2015-03-24,1250.0,62.0,67.0,111.0,100.0,190.0,1417.0,363.0,391.0,217.0,463.0,346.0,340.0
2015-03-25,1196.0,78.0,59.0,136.0,79.0,181.0,1334.0,395.0,391.0,195.0,424.0,324.0,309.5
2015-03-26,1131.0,56.0,82.0,122.0,53.0,282.0,1266.0,460.0,369.0,181.0,423.0,293.0,302.0
2015-03-27,1061.0,59.0,90.0,143.0,41.0,251.0,1192.0,453.0,344.0,206.0,434.0,208.0,320.0
2015-03-28,1133.0,96.0,74.0,149.0,28.0,200.0,1235.0,445.0,332.0,224.0,436.0,243.0,330.0
2015-03-29,1137.0,48.0,47.0,109.0,24.0,287.0,1208.0,444.0,304.0,220.0,457.0,227.0,338.5
2015-03-30,1013.0,56.0,43.0,121.0,61.0,282.0,1117.0,459.0,280.0,190.0,433.0,214.0,311.5
2015-03-31,983.0,50.0,29.0,113.0,112.0,250.0,1124.0,413.0,296.0,245.0,381.0,202.0,313.0
2015-04-01,1031.0,37.0,50.0,122.0,72.0,168.0,1153.0,327.0,372.0,220.0,399.0,162.0,309.5
2015-04-02,936.0,74.0,75.0,141.0,78.0,246.0,1089.0,461.0,348.0,231.0,361.0,149.0,296.0
2015-04-03,917.0,34.0,91.0,112.0,89.0,278.0,1097.0,424.0,390.0,244.0,343.0,120.0,293.5
2015-04-04,1021.0,45.0,47.0,91.0,68.0,157.0,1136.0,293.0,332.0,255.0,361.0,188.0,308.0
2015-04-05,882.0,54.0,79.0,129.0,70.0,249.0,1031.0,432.0,309.0,244.0,335.0,143.0,289.5
2015-04-06,856.0,52.0,118.0,103.0,72.0,158.0,1046.0,313.0,272.0,196.0,429.0,149.0,312.5
2015-04-07,923.0,57.0,96.0,105.0,83.0,159.0,1102.0,321.0,301.0,184.0,417.0,200.0,300.5
2015-04-08,962.0,50.0,84.0,117.0,53.0,209.0,1099.0,376.0,373.0,143.0,378.0,205.0,260.5
2015-04-09,891.0,44.0,69.0,96.0,17.0,240.0,977.0,380.0,395.0,135.0,301.0,146.0,218.0
2015-04-10,875.0,39.0,75.0,119.0,2.0,247.0,952.0,405.0,366.0,127.0,350.0,109.0,238.5
2015-04-11,871.0,57.0,28.0,128.0,3.0,229.0,902.0,414.0,310.0,135.0,340.0,117.0,237.5
2015-04-12,829.0,31.0,82.0,112.0,26.0,174.0,937.0,317.0,302.0,153.0,338.0,144.0,245.5
2015-04-13,806.0,66.0,63.0,136.0,25.0,218.0,894.0,420.0,283.0,195.0,308.0,108.0,251.5
2015-04-14,772.0,70.0,36.0,144.0,25.0,233.0,833.0,447.0,266.0,173.0,309.0,85.0,241.0
2015-04-15,737.0,58.0,30.0,124.0,18.0,247.0,785.0,429.0,228.0,169.0,295.0,93.0,232.0
2015-04-16,758.0,52.0,46.0,128.0,24.0,174.0,828.0,354.0,321.0,155.0,250.0,102.0,202.5
2015-04-17,747.0,50.0,35.0,103.0,37.0,277.0,819.0,430.0,320.0,146.0,261.0,92.0,203.5
2015-04-18,745.0,65.0,79.0,119.0,72.0,161.0,896.0,345.0,344.0,191.0,307.0,54.0,249.0
2015-04-19,744.0,28.0,52.0,103.0,64.0,205.0,860.0,336.0,326.0,188.0,322.0,24.0,255.0
2015-04-20,690.0,55.0,26.0,118.0,36.0,226.0,752.0,399.0,278.0,112.0,337.0,25.0,224.5
2015-04-21,687.0,48.0,32.0,114.0,34.0,250.0,753.0,412.0,160.0,125.0,384.0,84.0,254.5
2015-04-22,764.0,36.0,53.0,105.0,36.0,231.0,853.0,372.0,181.0,164.0,436.0,72.0,300.0
2015-04-23,932.0,46.0,137.0,82.0,33.0,93.0,1102.0,221.0,401.0,197.0,434.0,70.0,315.5
2015-04-24,877.0,43.0,104.0,112.0,27.0,182.0,1008.0,337.0,407.0,225.0,352.0,24.0,288.5
2015-04-25,809.0,59.0,53.0,143.0,31.0,238.0,893.0,440.0,413.0,181.0,278.0,21.0,229.5
2015-04-26,746.0,63.0,87.0,128.0,38.0,240.0,871.0,431.0,382.0,173.0,282.0,34.0,227.5
2015-04-27,716.0,71.0,123.0,178.0,27.0,200.0,866.0,449.0,312.0,172.0,325.0,57.0,248.5
2015-04-28,694.0,36.0,45.0,144.0,35.0,301.0,774.0,481.0,266.0,174.0,285.0,49.0,229.5
2015-04-29,729.0,46.0,32.0,113.0,57.0,246.0,818.0,405.0,302.0,188.0,283.0,45.0,235.5
2015-04-30,735.0,65.0,34.0,166.0,29.0,290.0,798.0,521.0,356.0,161.0,242.0,39.0,201.5
2015-05-01,724.0,70.0,88.0,135.0,61.0,284.0,873.0,489.0,400.0,190.0,246.0,37.0,218.0
2015-05-02,647.0,39.0,51.0,131.0,72.0,270.0,770.0,440.0,335.0,143.0,255.0,37.0,199.0
2015-05-03,477.0,43.0,58.0,150.0,68.0,372.0,603.0,565.0,179.0,158.0,232.0,34.0,195.0
2015-05-04,494.0,54.0,93.0,109.0,76.0,261.0,663.0,424.0,199.0,175.0,276.0,13.0,225.5
2015-05-05,595.0,44.0,39.0,110.0,57.0,265.0,691.0,419.0,192.0,206.0,272.0,21.0,239.0
2015-05-06,699.0,48.0,61.0,129.0,72.0,203.0,832.0,380.0,220.0,245.0,342.0,25.0,293.5
2015-05-07,746.0,52.0,66.0,143.0,29.0,192.0,841.0,387.0,310.0,155.0,348.0,28.0,251.5
2015-05-08,738.0,41.0,67.0,109.0,22.0,194.0,827.0,344.0,299.0,149.0,331.0,48.0,240.0
2015-05-09,698.0,52.0,35.0,106.0,17.0,179.0,750.0,337.0,266.0,153.0,298.0,33.0,225.5
2015-05-10,596.0,50.0,62.0,154.0,25.0,249.0,683.0,453.0,204.0,139.0,292.0,48.0,215.5
2015-05-11,516.0,70.0,85.0,134.0,28.0,346.0,629.0,550.0,210.0,116.0,270.0,33.0,193.0
2015-05-12,568.0,45.0,60.0,95.0,27.0,207.0,655.0,347.0,221.0,112.0,286.0,36.0,199.0
2015-05-13,565.0,33.0,92.0,68.0,40.0,261.0,697.0,362.0,244.0,157.0,272.0,24.0,214.5
2015-05-14,625.0,67.0,60.0,132.0,24.0,196.0,709.0,395.0,309.0,124.0,247.0,29.0,185.5
2015-05-15,631.0,69.0,78.0,159.0,35.0,211.0,744.0,439.0,276.0,137.0,325.0,6.0,231.0
2015-05-16,645.0,54.0,109.0,97.0,42.0,205.0,796.0,356.0,276.0,159.0,322.0,39.0,240.5
2015-05-17,511.0,50.0,73.0,149.0,28.0,306.0,612.0,505.0,177.0,123.0,258.0,54.0,190.5
2015-05-18,483.0,65.0,62.0,120.0,36.0,242.0,581.0,427.0,134.0,156.0,279.0,12.0,217.5
2015-05-19,584.0,47.0,47.0,108.0,45.0,189.0,676.0,344.0,203.0,199.0,274.0,0.0,236.5
2015-05-20,636.0,26.0,82.0,78.0,30.0,247.0,748.0,351.0,203.0,166.0,379.0,0.0,272.5
2015-05-21,622.0,42.0,124.0,129.0,46.0,188.0,792.0,359.0,282.0,181.0,329.0,0.0,255.0
2015-05-22,594.0,46.0,147.0,105.0,48.0,233.0,789.0,384.0,302.0,149.0,338.0,0.0,243.5
2015-05-23,468.0,53.0,55.0,121.0,38.0,272.0,561.0,446.0,171.0,159.0,231.0,0.0,195.0
2015-05-24,380.0,56.0,25.0,120.0,45.0,269.0,450.0,445.0,115.0,130.0,205.0,0.0,167.5
2015-05-25,311.0,60.0,49.0,160.0,56.0,244.0,416.0,464.0,85.0,93.0,238.0,0.0,165.5
2015-05-26,342.0,32.0,56.0,110.0,68.0,315.0,466.0,457.0,154.0,87.0,225.0,0.0,156.0
2015-05-27,425.0,64.0,64.0,123.0,62.0,326.0,551.0,513.0,169.0,117.0,265.0,0.0,191.0
2015-05-28,584.0,48.0,53.0,118.0,59.0,257.0,696.0,423.0,249.0,149.0,284.0,14.0,216.5
2015-05-29,608.0,54.0,57.0,119.0,104.0,302.0,769.0,475.0,291.0,142.0,300.0,36.0,221.0
2015-05-30,627.0,53.0,58.0,90.0,67.0,287.0,752.0,430.0,208.0,130.0,373.0,41.0,251.5
2015-05-31,645.0,40.0,17.0,114.0,27.0,307.0,689.0,461.0,213.0,142.0,293.0,41.0,217.5
2015-06-01,499.0,88.0,41.0,153.0,24.0,288.0,564.0,529.0,191.0,125.0,224.0,24.0,174.5
2015-06-02,508.0,24.0,12.0,52.0,28.0,240.0,548.0,316.0,179.0,110.0,235.0,24.0,172.5
2015-06-03,488.0,72.0,47.0,170.0,44.0,274.0,579.0,516.0,142.0,150.0,263.0,24.0,206.5
2015-06-04,553.0,41.0,68.0,101.0,33.0,183.0,654.0,325.0,215.0,162.0,255.0,22.0,208.5
2015-06-05,616.0,50.0,81.0,128.0,52.0,200.0,749.0,378.0,241.0,192.0,292.0,24.0,242.0
2015-06-06,601.0,60.0,63.0,148.0,52.0,245.0,716.0,453.0,181.0,204.0,307.0,24.0,255.5
2015-06-07,515.0,69.0,46.0,186.0,37.0,385.0,598.0,640.0,144.0,146.0,253.0,55.0,199.5
2015-06-08,478.0,53.0,51.0,91.0,16.0,320.0,545.0,464.0,133.0,105.0,274.0,33.0,189.5
2015-06-09,496.0,39.0,44.0,102.0,39.0,209.0,579.0,350.0,181.0,123.0,253.0,22.0,188.0
2015-06-10,491.0,103.0,23.0,171.0,24.0,300.0,538.0,574.0,212.0,128.0,193.0,5.0,160.5
2015-06-11,582.0,46.0,67.0,96.0,44.0,233.0,693.0,375.0,343.0,196.0,154.0,0.0,175.0
2015-06-12,642.0,39.0,70.0,122.0,37.0,191.0,749.0,352.0,308.0,236.0,197.0,8.0,216.5
2015-06-13,610.0,58.0,48.0,110.0,13.0,186.0,671.0,354.0,245.0,216.0,195.0,15.0,205.5
2015-06-14,445.0,52.0,88.0,130.0,8.0,304.0,541.0,486.0,176.0,161.0,193.0,11.0,177.0
2015-06-15,432.0,56.0,71.0,121.0,21.0,381.0,524.0,558.0,147.0,186.0,176.0,15.0,181.0
2015-06-16,498.0,45.0,75.0,78.0,32.0,218.0,605.0,341.0,238.0,144.0,210.0,13.0,177.0
2015-06-17,511.0,43.0,53.0,120.0,75.0,338.0,639.0,501.0,283.0,151.0,202.0,3.0,176.5
2015-06-18,525.0,63.0,103.0,118.0,54.0,331.0,682.0,512.0,304.0,144.0,229.0,5.0,186.5
2015-06-19,565.0,56.0,114.0,133.0,37.0,335.0,716.0,524.0,309.0,155.0,249.0,3.0,202.0
2015-06-20,556.0,45.0,75.0,89.0,74.0,294.0,705.0,428.0,227.0,227.0,243.0,8.0,235.0
2015-06-21,486.0,56.0,103.0,157.0,36.0,365.0,625.0,578.0,142.0,190.0,288.0,5.0,239.0
2015-06-22,438.0,84.0,58.0,174.0,48.0,381.0,544.0,639.0,171.0,185.0,186.0,2.0,185.5
2015-06-23,496.0,36.0,48.0,89.0,40.0,319.0,584.0,444.0,229.0,161.0,194.0,0.0,177.5
2015-06-24,460.0,66.0,67.0,142.0,48.0,376.0,575.0,584.0,258.0,169.0,148.0,0.0,158.5
2015-06-25,528.0,45.0,88.0,134.0,52.0,391.0,668.0,570.0,302.0,184.0,171.0,11.0,177.5
2015-06-26,600.0,33.0,118.0,94.0,48.0,279.0,766.0,406.0,305.0,177.0,260.0,24.0,218.5
2015-06-27,547.0,40.0,64.0,84.0,24.0,295.0,635.0,419.0,258.0,156.0,196.0,25.0,176.0
2015-06-28,507.0,40.0,80.0,115.0,27.0,235.0,614.0,390.0,239.0,132.0,195.0,48.0,163.5
2015-06-29,456.0,80.0,72.0,130.0,34.0,398.0,562.0,608.0,181.0,132.0,215.0,34.0,173.5
2015-06-30,534.0,50.0,112.0,119.0,28.0,305.0,674.0,474.0,228.0,120.0,305.0,21.0,212.5
2015-07-01,616.0,74.0,94.0,166.0,24.0,463.0,734.0,703.0,264.0,133.0,321.0,16.0,227.0
2015-07-02,708.0,67.0,59.0,159.0,18.0,402.0,785.0,628.0,306.0,190.0,256.0,33.0,223.0
2015-07-03,700.0,50.0,46.0,132.0,22.0,268.0,768.0,450.0,331.0,173.0,237.0,27.0,205.0
2015-07-04,619.0,47.0,18.0,122.0,26.0,249.0,663.0,418.0,211.0,169.0,232.0,51.0,200.5
2015-07-05,526.0,41.0,35.0,82.0,39.0,233.0,600.0,356.0,135.0,98.0,280.0,87.0,189.0
2015-07-06,536.0,29.0,60.0,105.0,40.0,243.0,636.0,377.0,189.0,109.0,287.0,51.0,198.0
2015-07-07,581.0,51.0,50.0,93.0,66.0,222.0,697.0,366.0,249.0,130.0,291.0,27.0,210.5
2015-07-08,534.0,59.0,65.0,125.0,81.0,224.0,680.0,408.0,243.0,164.0,273.0,0.0,218.5
2015-07-09,570.0,64.0,67.0,140.0,78.0,281.0,715.0,485.0,241.0,165.0,296.0,13.0,230.5
2015-07-10,572.0,56.0,65.0,138.0,53.0,258.0,690.0,452.0,273.0,142.0,251.0,24.0,196.5
2015-07-11,579.0,49.0,111.0,112.0,48.0,224.0,738.0,385.0,276.0,151.0,287.0,24.0,219.0
2015-07-12,508.0,31.0,86.0,140.0,48.0,250.0,642.0,421.0,192.0,159.0,267.0,24.0,213.0
2015-07-13,518.0,64.0,75.0,135.0,68.0,238.0,661.0,437.0,201.0,148.0,288.0,24.0,218.0
2015-07-14,533.0,70.0,60.0,176.0,40.0,294.0,633.0,540.0,224.0,125.0,260.0,24.0,192.5
2015-07-15,574.0,63.0,88.0,123.0,50.0,316.0,712.0,502.0,236.0,170.0,282.0,24.0,226.0
2015-07-16,636.0,56.0,69.0,141.0,105.0,313.0,810.0,510.0,335.0,217.0,234.0,24.0,225.5
2015-07-17,697.0,62.0,69.0,126.0,78.0,324.0,844.0,512.0,356.0,224.0,240.0,24.0,232.0
2015-07-18,610.0,75.0,52.0,180.0,67.0,372.0,729.0,627.0,273.0,212.0,220.0,24.0,216.0
2015-07-19,510.0,80.0,80.0,160.0,27.0,360.0,617.0,600.0,166.0,89.0,320.0,42.0,204.5
2015-07-20,587.0,54.0,94.0,73.0,65.0,246.0,746.0,373.0,208.0,159.0,333.0,46.0,246.0
2015-07-21,606.0,35.0,113.0,70.0,97.0,218.0,816.0,323.0,315.0,136.0,320.0,45.0,228.0
2015-07-22,537.0,51.0,92.0,93.0,115.0,317.0,744.0,461.0,298.0,179.0,254.0,13.0,216.5
2015-07-23,564.0,42.0,95.0,110.0,115.0,296.0,774.0,448.0,320.0,176.0,278.0,0.0,227.0
2015-07-24,522.0,57.0,114.0,151.0,54.0,393.0,690.0,601.0,292.0,154.0,244.0,0.0,199.0
2015-07-25,559.0,58.0,113.0,133.0,44.0,376.0,716.0,567.0,248.0,159.0,291.0,18.0,225.0
2015-07-26,468.0,52.0,44.0,134.0,96.0,354.0,608.0,540.0,157.0,164.0,263.0,24.0,213.5
2015-07-27,446.0,61.0,68.0,104.0,33.0,315.0,547.0,480.0,188.0,173.0,185.0,1.0,179.0
2015-07-28,458.0,72.0,37.0,159.0,43.0,396.0,538.0,627.0,182.0,129.0,227.0,0.0,178.0
2015-07-29,568.0,78.0,28.0,161.0,25.0,273.0,621.0,512.0,193.0,173.0,238.0,17.0,205.5
2015-07-30,563.0,63.0,27.0,141.0,36.0,282.0,626.0,486.0,221.0,157.0,224.0,24.0,190.5
2015-07-31,558.0,40.0,56.0,113.0,30.0,290.0,644.0,443.0,272.0,117.0,236.0,19.0,176.5
2015-08-01,579.0,51.0,22.0,139.0,0.0,312.0,601.0,502.0,248.0,165.0,188.0,0.0,176.5
2015-08-02,539.0,56.0,10.0,143.0,29.0,348.0,578.0,547.0,222.0,132.0,198.0,26.0,165.0
2015-08-03,468.0,64.0,27.0,127.0,38.0,384.0,533.0,575.0,206.0,100.0,210.0,17.0,155.0
2015-08-04,465.0,67.0,46.0,155.0,30.0,377.0,541.0,599.0,244.0,90.0,207.0,0.0,148.5
2015-08-05,501.0,75.0,61.0,157.0,36.0,396.0,598.0,628.0,237.0,181.0,176.0,4.0,178.5
2015-08-06,523.0,71.0,73.0,135.0,31.0,375.0,627.0,581.0,316.0,124.0,176.0,11.0,150.0
2015-08-07,533.0,39.0,65.0,90.0,10.0,359.0,608.0,488.0,350.0,120.0,138.0,0.0,129.0
2015-08-08,511.0,62.0,43.0,130.0,45.0,318.0,599.0,510.0,263.0,187.0,149.0,0.0,168.0
2015-08-09,576.0,58.0,41.0,166.0,74.0,382.0,691.0,606.0,198.0,230.0,249.0,14.0,239.5
2015-08-10,569.0,74.0,83.0,196.0,72.0,365.0,724.0,635.0,240.0,203.0,266.0,15.0,234.5
2015-08-11,618.0,60.0,151.0,130.0,68.0,318.0,837.0,508.0,295.0,192.0,326.0,24.0,259.0
2015-08-12,689.0,96.0,91.0,183.0,82.0,347.0,862.0,626.0,288.0,183.0,383.0,8.0,283.0
2015-08-13,721.0,72.0,81.0,172.0,115.0,439.0,917.0,683.0,401.0,239.0,261.0,16.0,250.0
2015-08-14,620.0,83.0,80.0,146.0,83.0,466.0,783.0,695.0,325.0,260.0,174.0,24.0,217.0
2015-08-15,692.0,42.0,38.0,102.0,100.0,293.0,830.0,437.0,300.0,291.0,215.0,24.0,253.0
2015-08-16,532.0,56.0,42.0,123.0,95.0,352.0,669.0,531.0,202.0,219.0,224.0,24.0,221.5
2015-08-17,478.0,45.0,90.0,101.0,65.0,349.0,633.0,495.0,222.0,149.0,238.0,24.0,193.5
2015-08-18,550.0,45.0,94.0,121.0,54.0,273.0,698.0,439.0,316.0,174.0,202.0,6.0,188.0
2015-08-19,541.0,60.0,65.0,140.0,57.0,309.0,663.0,509.0,254.0,202.0,207.0,0.0,204.5
2015-08-20,529.0,47.0,78.0,143.0,38.0,325.0,645.0,515.0,265.0,198.0,172.0,10.0,185.0
2015-08-21,582.0,50.0,100.0,122.0,34.0,279.0,716.0,451.0,287.0,178.0,225.0,26.0,201.5
2015-08-22,519.0,64.0,60.0,134.0,24.0,355.0,603.0,553.0,198.0,202.0,179.0,24.0,190.5
2015-08-23,466.0,59.0,79.0,154.0,69.0,367.0,614.0,580.0,164.0,171.0,214.0,65.0,192.5
2015-08-24,532.0,43.0,88.0,127.0,81.0,311.0,701.0,481.0,212.0,169.0,258.0,62.0,213.5
2015-08-25,609.0,43.0,111.0,118.0,48.0,341.0,768.0,502.0,275.0,187.0,269.0,37.0,228.0
2015-08-26,636.0,74.0,71.0,190.0,59.0,429.0,766.0,693.0,303.0,212.0,232.0,19.0,222.0
2015-08-27,684.0,77.0,138.0,151.0,63.0,333.0,885.0,561.0,286.0,222.0,358.0,19.0,290.0
2015-08-28,582.0,42.0,122.0,76.0,28.0,370.0,732.0,488.0,210.0,187.0,327.0,8.0,257.0
2015-08-29,527.0,66.0,81.0,150.0,47.0,344.0,655.0,560.0,140.0,203.0,311.0,1.0,257.0
2015-08-30,520.0,57.0,95.0,136.0,35.0,389.0,650.0,582.0,125.0,171.0,352.0,2.0,261.5
2015-08-31,545.0,48.0,154.0,124.0,45.0,284.0,744.0,456.0,203.0,184.0,357.0,0.0,270.5
2015-09-01,499.0,47.0,130.0,108.0,76.0,340.0,705.0,495.0,231.0,201.0,273.0,0.0,237.0
2015-09-02,479.0,67.0,112.0,161.0,62.0,389.0,653.0,617.0,232.0,174.0,247.0,0.0,210.5
2015-09-03,528.0,74.0,161.0,187.0,72.0,337.0,761.0,598.0,265.0,224.0,272.0,0.0,248.0
2015-09-04,595.0,56.0,172.0,118.0,48.0,364.0,815.0,538.0,281.0,196.0,338.0,0.0,267.0
2015-09-05,595.0,27.0,116.0,88.0,34.0,217.0,745.0,332.0,222.0,186.0,337.0,0.0,261.5
2015-09-06,433.0,60.0,72.0,128.0,43.0,319.0,548.0,507.0,139.0,131.0,278.0,0.0,204.5
2015-09-07,340.0,29.0,34.0,101.0,86.0,375.0,460.0,505.0,121.0,139.0,200.0,0.0,169.5
2015-09-08,423.0,34.0,38.0,76.0,94.0,289.0,555.0,399.0,132.0,187.0,236.0,0.0,211.5
2015-09-09,499.0,72.0,27.0,159.0,66.0,292.0,592.0,523.0,173.0,199.0,220.0,0.0,209.5
2015-09-10,477.0,51.0,86.0,120.0,48.0,383.0,611.0,554.0,229.0,184.0,198.0,0.0,191.0
2015-09-11,532.0,53.0,68.0,104.0,45.0,297.0,645.0,454.0,219.0,199.0,227.0,0.0,213.0
2015-09-12,567.0,62.0,46.0,117.0,48.0,340.0,661.0,519.0,209.0,216.0,236.0,0.0,226.0
2015-09-13,436.0,66.0,39.0,151.0,36.0,379.0,511.0,596.0,171.0,132.0,188.0,20.0,160.0
2015-09-14,412.0,46.0,15.0,128.0,17.0,284.0,444.0,458.0,157.0,97.0,183.0,7.0,140.0
2015-09-15,574.0,34.0,42.0,78.0,6.0,275.0,622.0,387.0,245.0,140.0,227.0,10.0,183.5
2015-09-16,567.0,107.0,58.0,186.0,46.0,311.0,671.0,604.0,270.0,187.0,214.0,0.0,200.5
2015-09-17,613.0,64.0,105.0,156.0,64.0,330.0,782.0,550.0,363.0,191.0,228.0,0.0,209.5
2015-09-18,691.0,39.0,94.0,100.0,72.0,252.0,857.0,391.0,417.0,201.0,239.0,0.0,220.0
2015-09-19,643.0,59.0,39.0,106.0,68.0,277.0,750.0,442.0,267.0,234.0,249.0,0.0,241.5
2015-09-20,507.0,52.0,46.0,115.0,66.0,360.0,619.0,527.0,179.0,190.0,250.0,0.0,220.0
2015-09-21,540.0,53.0,76.0,134.0,60.0,369.0,676.0,556.0,208.0,190.0,278.0,0.0,234.0
2015-09-22,583.0,40.0,64.0,109.0,81.0,245.0,728.0,394.0,271.0,179.0,259.0,19.0,219.0
2015-09-23,574.0,78.0,46.0,170.0,86.0,289.0,706.0,537.0,266.0,203.0,213.0,24.0,208.0
2015-09-24,691.0,46.0,26.0,118.0,84.0,350.0,801.0,514.0,322.0,227.0,228.0,24.0,227.5
2015-09-25,687.0,36.0,76.0,91.0,92.0,351.0,855.0,478.0,356.0,223.0,252.0,24.0,237.5
2015-09-26,597.0,94.0,65.0,145.0,60.0,303.0,722.0,542.0,242.0,202.0,254.0,24.0,228.0
2015-09-27,461.0,69.0,38.0,171.0,39.0,457.0,538.0,697.0,165.0,98.0,251.0,24.0,174.5
2015-09-28,464.0,55.0,50.0,118.0,45.0,359.0,559.0,532.0,159.0,102.0,274.0,24.0,188.0
2015-09-29,494.0,54.0,56.0,104.0,35.0,364.0,585.0,522.0,206.0,146.0,209.0,24.0,177.5
2015-09-30,567.0,54.0,27.0,171.0,26.0,369.0,620.0,594.0,265.0,141.0,193.0,21.0,167.0
2015-10-01,50.0,1.0,2.0,14.0,0.0,19.0,52.0,34.0,20.0,14.0,18.0,0.0,16.0
2015-10-02,644.0,60.0,87.0,142.0,2.0,291.0,733.0,493.0,274.0,154.0,305.0,0.0,229.5
2015-10-03,682.0,30.0,105.0,70.0,20.0,199.0,807.0,299.0,256.0,212.0,339.0,0.0,275.5
2015-10-04,518.0,70.0,53.0,153.0,24.0,258.0,595.0,481.0,161.0,186.0,248.0,0.0,217.0
2015-10-05,462.0,72.0,46.0,145.0,41.0,267.0,549.0,484.0,164.0,184.0,195.0,6.0,189.5
2015-10-06,499.0,34.0,22.0,64.0,66.0,229.0,587.0,327.0,195.0,222.0,170.0,0.0,196.0
2015-10-07,382.0,81.0,8.0,183.0,30.0,339.0,420.0,603.0,202.0,138.0,80.0,0.0,109.0
2015-10-08,489.0,63.0,57.0,138.0,37.0,331.0,583.0,532.0,272.0,176.0,135.0,0.0,155.5
2015-10-09,550.0,44.0,75.0,124.0,57.0,249.0,682.0,417.0,294.0,211.0,177.0,0.0,194.0
2015-10-10,518.0,50.0,57.0,88.0,51.0,247.0,626.0,385.0,218.0,211.0,187.0,10.0,199.0
2015-10-11,316.0,62.0,30.0,145.0,43.0,305.0,389.0,512.0,115.0,151.0,99.0,24.0,125.0
2015-10-12,305.0,26.0,48.0,72.0,47.0,322.0,400.0,420.0,121.0,142.0,113.0,24.0,127.5
2015-10-13,344.0,65.0,62.0,139.0,56.0,267.0,462.0,471.0,122.0,144.0,144.0,52.0,144.0
2015-10-14,510.0,44.0,95.0,135.0,64.0,257.0,669.0,436.0,223.0,221.0,171.0,54.0,196.0
2015-10-15,615.0,38.0,90.0,99.0,48.0,207.0,753.0,344.0,275.0,222.0,196.0,60.0,209.0
2015-10-16,614.0,20.0,140.0,66.0,50.0,192.0,804.0,278.0,318.0,226.0,227.0,33.0,226.5
2015-10-17,544.0,59.0,86.0,110.0,0.0,190.0,630.0,359.0,207.0,192.0,231.0,0.0,211.5
2015-10-18,426.0,61.0,96.0,152.0,0.0,263.0,522.0,476.0,148.0,155.0,219.0,0.0,187.0
2015-10-19,440.0,57.0,74.0,132.0,18.0,230.0,532.0,419.0,197.0,128.0,207.0,0.0,167.5
2015-10-20,471.0,42.0,130.0,72.0,31.0,139.0,632.0,253.0,219.0,120.0,292.0,1.0,206.0
2015-10-21,391.0,70.0,94.0,169.0,25.0,306.0,510.0,545.0,197.0,117.0,194.0,2.0,155.5
2015-10-22,460.0,68.0,60.0,127.0,26.0,307.0,546.0,502.0,266.0,122.0,158.0,0.0,140.0
2015-10-23,555.0,36.0,116.0,83.0,24.0,261.0,695.0,380.0,302.0,125.0,248.0,20.0,186.5
2015-10-24,589.0,55.0,71.0,105.0,33.0,243.0,693.0,403.0,219.0,165.0,282.0,27.0,223.5
2015-10-25,451.0,42.0,49.0,99.0,20.0,309.0,520.0,450.0,135.0,179.0,182.0,24.0,180.5
2015-10-26,418.0,58.0,42.0,92.0,0.0,265.0,460.0,415.0,116.0,154.0,179.0,11.0,166.5
2015-10-27,391.0,41.0,57.0,105.0,12.0,250.0,460.0,396.0,181.0,126.0,153.0,0.0,139.5
2015-10-28,445.0,39.0,42.0,146.0,21.0,373.0,508.0,558.0,235.0,140.0,133.0,0.0,136.5
2015-10-29,459.0,29.0,89.0,87.0,0.0,242.0,548.0,358.0,299.0,127.0,122.0,0.0,124.5
2015-10-30,423.0,52.0,79.0,126.0,0.0,252.0,502.0,430.0,252.0,146.0,104.0,0.0,125.0
2015-10-31,416.0,58.0,54.0,114.0,14.0,253.0,484.0,425.0,166.0,174.0,143.0,1.0,158.5
2015-11-01,401.0,69.0,24.0,164.0,25.0,317.0,450.0,550.0,93.0,169.0,188.0,0.0,178.5
2015-11-02,478.0,45.0,51.0,106.0,6.0,201.0,535.0,352.0,174.0,148.0,202.0,11.0,175.0
2015-11-03,424.0,22.0,82.0,57.0,0.0,93.0,506.0,172.0,156.0,147.0,203.0,0.0,175.0
2015-11-04,370.0,59.0,37.0,119.0,4.0,169.0,411.0,347.0,162.0,117.0,132.0,0.0,124.5
2015-11-05,399.0,84.0,85.0,151.0,29.0,256.0,513.0,491.0,232.0,167.0,114.0,0.0,140.5
2015-11-06,536.0,31.0,132.0,114.0,49.0,216.0,717.0,361.0,251.0,233.0,217.0,16.0,225.0
2015-11-07,625.0,51.0,79.0,99.0,31.0,225.0,735.0,375.0,241.0,233.0,261.0,0.0,247.0
2015-11-08,485.0,81.0,90.0,153.0,24.0,297.0,599.0,531.0,188.0,199.0,212.0,0.0,205.5
2015-11-09,489.0,43.0,94.0,110.0,24.0,132.0,607.0,285.0,203.0,220.0,184.0,0.0,202.0
2015-11-10,430.0,39.0,122.0,106.0,16.0,251.0,568.0,396.0,195.0,166.0,207.0,0.0,186.5
2015-11-11,417.0,55.0,137.0,161.0,4.0,234.0,558.0,450.0,245.0,103.0,210.0,0.0,156.5
2015-11-12,565.0,50.0,145.0,123.0,23.0,246.0,733.0,419.0,316.0,178.0,239.0,0.0,208.5
2015-11-13,622.0,56.0,117.0,123.0,28.0,220.0,767.0,399.0,293.0,208.0,266.0,0.0,237.0
2015-11-14,620.0,59.0,88.0,96.0,26.0,175.0,734.0,330.0,254.0,193.0,278.0,9.0,235.5
2015-11-15,432.0,47.0,68.0,126.0,36.0,280.0,536.0,453.0,129.0,214.0,192.0,1.0,203.0
2015-11-16,343.0,51.0,56.0,153.0,39.0,222.0,438.0,426.0,177.0,141.0,120.0,0.0,130.5
2015-11-17,405.0,33.0,58.0,98.0,24.0,192.0,487.0,323.0,262.0,105.0,120.0,0.0,112.5
2015-11-18,452.0,49.0,70.0,177.0,15.0,264.0,537.0,490.0,243.0,136.0,158.0,0.0,147.0
2015-11-19,498.0,62.0,103.0,153.0,0.0,238.0,601.0,453.0,278.0,102.0,221.0,0.0,161.5
2015-11-20,580.0,44.0,121.0,128.0,1.0,239.0,702.0,411.0,315.0,107.0,280.0,0.0,193.5
2015-11-21,588.0,65.0,53.0,92.0,12.0,312.0,653.0,469.0,278.0,107.0,268.0,0.0,187.5
2015-11-22,460.0,41.0,88.0,95.0,20.0,339.0,568.0,475.0,180.0,106.0,282.0,0.0,194.0
2015-11-23,415.0,80.0,125.0,167.0,0.0,324.0,540.0,571.0,209.0,79.0,245.0,7.0,162.0
2015-11-24,545.0,69.0,171.0,156.0,2.0,228.0,718.0,453.0,304.0,132.0,272.0,10.0,202.0
2015-11-25,546.0,64.0,129.0,135.0,9.0,189.0,684.0,388.0,312.0,113.0,241.0,18.0,177.0
2015-11-26,349.0,57.0,122.0,111.0,20.0,241.0,491.0,409.0,204.0,93.0,194.0,0.0,143.5
2015-11-27,341.0,54.0,141.0,130.0,4.0,215.0,486.0,399.0,161.0,110.0,215.0,0.0,162.5
2015-11-28,501.0,32.0,105.0,85.0,12.0,101.0,618.0,218.0,233.0,172.0,213.0,0.0,192.5
2015-11-29,452.0,47.0,81.0,87.0,28.0,149.0,561.0,283.0,156.0,206.0,199.0,0.0,202.5
2015-11-30,391.0,54.0,75.0,100.0,33.0,177.0,499.0,331.0,188.0,199.0,112.0,0.0,155.5
2015-12-01,349.0,59.0,88.0,128.0,2.0,239.0,439.0,426.0,130.0,156.0,153.0,0.0,154.5
2015-12-02,377.0,70.0,100.0,191.0,5.0,280.0,482.0,541.0,200.0,120.0,162.0,0.0,141.0
2015-12-03,392.0,63.0,162.0,155.0,2.0,256.0,556.0,474.0,256.0,146.0,154.0,0.0,150.0
2015-12-04,490.0,39.0,192.0,116.0,16.0,196.0,698.0,351.0,261.0,214.0,202.0,21.0,208.0
2015-12-05,530.0,65.0,135.0,120.0,19.0,169.0,684.0,354.0,220.0,231.0,233.0,0.0,232.0
2015-12-06,437.0,60.0,113.0,151.0,21.0,276.0,571.0,487.0,124.0,192.0,255.0,0.0,223.5
2015-12-07,417.0,49.0,131.0,117.0,0.0,214.0,548.0,380.0,179.0,147.0,222.0,0.0,184.5
2015-12-08,391.0,36.0,119.0,122.0,0.0,243.0,510.0,401.0,220.0,135.0,155.0,0.0,145.0
2015-12-09,428.0,55.0,72.0,129.0,25.0,279.0,525.0,463.0,212.0,160.0,146.0,7.0,153.0
2015-12-10,467.0,74.0,108.0,159.0,34.0,263.0,609.0,496.0,225.0,177.0,201.0,6.0,189.0
2015-12-11,462.0,41.0,184.0,106.0,20.0,197.0,666.0,344.0,242.0,154.0,262.0,8.0,208.0
2015-12-12,429.0,55.0,185.0,106.0,5.0,106.0,619.0,267.0,174.0,139.0,303.0,3.0,221.0
2015-12-13,363.0,53.0,160.0,116.0,26.0,161.0,549.0,330.0,121.0,177.0,251.0,0.0,214.0
2015-12-14,325.0,21.0,151.0,91.0,24.0,167.0,500.0,279.0,97.0,108.0,295.0,0.0,201.5
2015-12-15,359.0,66.0,130.0,155.0,18.0,136.0,507.0,357.0,121.0,93.0,291.0,2.0,192.0
2015-12-16,479.0,67.0,106.0,190.0,8.0,249.0,593.0,506.0,205.0,115.0,249.0,24.0,182.0
2015-12-17,591.0,66.0,96.0,116.0,26.0,260.0,713.0,442.0,251.0,162.0,276.0,24.0,219.0
2015-12-18,695.0,42.0,101.0,154.0,24.0,278.0,820.0,474.0,273.0,166.0,357.0,24.0,261.5
2015-12-19,675.0,63.0,123.0,143.0,24.0,202.0,822.0,408.0,217.0,233.0,344.0,28.0,288.5
2015-12-20,567.0,50.0,119.0,118.0,29.0,204.0,715.0,372.0,179.0,197.0,291.0,48.0,244.0
2015-12-21,502.0,68.0,126.0,155.0,70.0,235.0,698.0,458.0,199.0,171.0,293.0,35.0,232.0
2015-12-22,541.0,64.0,107.0,178.0,51.0,203.0,699.0,445.0,278.0,150.0,247.0,24.0,198.5
2015-12-23,570.0,63.0,100.0,107.0,51.0,186.0,721.0,356.0,336.0,125.0,236.0,24.0,180.5
2015-12-24,578.0,37.0,108.0,84.0,49.0,90.0,735.0,211.0,361.0,141.0,223.0,10.0,182.0
2015-12-25,476.0,23.0,80.0,77.0,24.0,187.0,580.0,287.0,225.0,122.0,233.0,0.0,177.5
2015-12-26,593.0,18.0,135.0,46.0,40.0,65.0,768.0,129.0,281.0,178.0,309.0,0.0,243.5
2015-12-27,619.0,57.0,146.0,132.0,63.0,184.0,828.0,373.0,314.0,222.0,292.0,0.0,257.0
2015-12-28,615.0,48.0,146.0,118.0,57.0,198.0,818.0,364.0,351.0,196.0,271.0,0.0,233.5
2015-12-29,542.0,77.0,141.0,157.0,61.0,174.0,744.0,408.0,318.0,154.0,272.0,0.0,213.0
2015-12-30,474.0,56.0,180.0,145.0,95.0,223.0,749.0,424.0,277.0,226.0,246.0,0.0,236.0
2015-12-31,0.0,0.0,0.0,0.0,0.0,0.0,0.0,0.0,0.0,0.0,0.0,0.0,0.0
