{
"type": "FeatureCollection",
"name": "carb_atberth_recovery_coastal_domains",
"crs": { "type": "name", "properties": { "name": "urn:ogc:def:crs:OGC:1.3:CRS84" } },
"features": [
{ "type": "Feature", "properties": { "port_complex_id": "baltimore_md", "domain": "coastal_inner", "buffer_m": 20000.0, "partition_method": "source-core-plus-representative-point-voronoi-v1", "source_artifact": "config/port_areas_usace.geojson", "source_sha256": "651a7ca775312b7fed37808336854ced4b3b1e90ea4baf47959480cc657b13c0", "geometry_freeze": "outcome-blind-2026-07-23" }, "geometry": { "type": "Polygon", "coordinates": [ [ [ -77.108926937027192, 39.529360213278743 ], [ -77.104663545434605, 39.538209291771615 ], [ -77.094688445876244, 39.553942199238271 ], [ -77.089106137105631, 39.560907480595091 ], [ -77.087891737215173, 39.564632572276139 ], [ -77.086571404791982, 39.568680561075048 ], [ -77.086497989359813, 39.568906205490592 ], [ -77.085644687529523, 39.571522810773153 ], [ -77.085014566186445, 39.573514792013093 ], [ -77.083252519492177, 39.578736131101749 ], [ -77.082490680518092, 39.580859550682803 ], [ -77.081824085633485, 39.582717226734225 ], [ -77.080699348893219, 39.585852815407527 ], [ -77.080028657138186, 39.587722628909987 ], [ -77.075271340146799, 39.600982968393417 ], [ -77.074735241054626, 39.602452184564108 ], [ -77.073430322627644, 39.605969690475462 ], [ -77.07290025864738, 39.60739994446692 ], [ -77.071993643091929, 39.609930555321405 ], [ -77.071715615983393, 39.610708618735956 ], [ -77.071226606980971, 39.612056172019159 ], [ -77.070847575852369, 39.613084877401121 ], [ -77.070633778640072, 39.613661387675819 ], [ -77.07029538696024, 39.614568016805698 ], [ -77.069273531334275, 39.617302095998269 ], [ -77.068177888552725, 39.620299084173489 ], [ -77.067976864186278, 39.620853262423303 ], [ -77.067925315470163, 39.62099523692553 ], [ -77.067389755318757, 39.622598637078127 ], [ -77.067041763311565, 39.623627579190881 ], [ -77.066910885385738, 39.62400982414632 ], [ -77.066136456551618, 39.626213539025912 ], [ -77.065595427144885, 39.627918463764011 ], [ -77.065421947333292, 39.628478969515129 ], [ -77.061977757129128, 39.638332318460385 ], [ -77.061684892923338, 39.639082861256163 ], [ -77.061534893129831, 39.63946569566955 ], [ -77.061375046711774, 39.639871991724867 ], [ -77.060495823906038, 39.641985447176282 ], [ -77.059695544877385, 39.644365798094874 ], [ -77.059674516717934, 39.644431643634043 ], [ -77.056939140392856, 39.651776955486632 ], [ -77.05627596408489, 39.653877685240303 ], [ -77.056129225802763, 39.654306960109992 ], [ -77.056002405388767, 39.654676336321643 ], [ -77.054029605985036, 39.660396720040481 ], [ -77.051623955095224, 39.667377998108243 ], [ -77.051554989797694, 39.667578211347106 ], [ -77.051447226804953, 39.667889905358791 ], [ -77.051041652517199, 39.669058664538262 ], [ -77.049131354556337, 39.674172628201937 ], [ -77.048314610673643, 39.676647161759519 ], [ -77.048083253938515, 39.6773506360299 ], [ -77.047494108176707, 39.679104061828525 ], [ -77.047308696296383, 39.67964440925887 ], [ -77.046258033173956, 39.682601867056292 ], [ -77.04549709068894, 39.684672751553663 ], [ -77.045023840245989, 39.68596408825325 ], [ -77.043152474260879, 39.691060994056656 ], [ -77.043115250888562, 39.691162477274872 ], [ -77.042431577377172, 39.693230453173207 ], [ -77.04239485387528, 39.693343711804474 ], [ -77.039194147708812, 39.702220188352719 ], [ -77.037431034036075, 39.706656067233347 ], [ -77.037165864222928, 39.707329886543612 ], [ -77.036544000582609, 39.7089681704607 ], [ -77.036529781851087, 39.709006342508189 ], [ -77.035456692375902, 39.711832270467035 ], [ -77.03518907797212, 39.712537048255079 ], [ -77.035026724286922, 39.713027770366864 ], [ -77.033199755238044, 39.718217246888273 ], [ -77.032497883963217, 39.720096726844865 ], [ -77.032003999200725, 39.721443284775475 ], [ -77.031999506653051, 39.721442337804064 ], [ -77.031617261333409, 39.722486649306141 ], [ -77.031603368067039, 39.722523675192221 ], [ -77.031486873537062, 39.722833074304376 ], [ -77.031478934010934, 39.72285408908936 ], [ -77.029796140881572, 39.727107308762456 ], [ -77.029346276726002, 39.728194889289036 ], [ -77.029339286324358, 39.72821568967553 ], [ -77.028448012819737, 39.730575266677292 ], [ -77.026682410811517, 39.735254470402637 ], [ -77.02575559535147, 39.737708899565575 ], [ -77.02486659366032, 39.740066081160663 ], [ -77.023627244989967, 39.74296691907513 ], [ -77.023310779819525, 39.743874105058524 ], [ -77.023151590788615, 39.744350285279445 ], [ -77.02104826958734, 39.750219444196354 ], [ -77.01917829739385, 39.755105925261859 ], [ -77.018450475054919, 39.756946966330155 ], [ -77.01844218552867, 39.756971922694376 ], [ -77.018317617937271, 39.757349219905542 ], [ -77.016589937441083, 39.76228115748242 ], [ -77.016064045692872, 39.763700139255413 ], [ -77.015553189636947, 39.765076500271306 ], [ -77.012865025073864, 39.771806332474718 ], [ -77.011554097526798, 39.774868848639422 ], [ -77.011149075681885, 39.775819638088059 ], [ -77.003151450414194, 39.791896847960729 ], [ -76.993145944675845, 39.807316504089705 ], [ -76.981224316614131, 39.821935245950058 ], [ -76.967496332967045, 39.835617071529647 ], [ -76.952088778324736, 39.84823461763709 ], [ -76.935144296318711, 39.859670361802905 ], [ -76.916820072848921, 39.869817733825698 ], [ -76.897286373334495, 39.878582125819477 ], [ -76.876724947750205, 39.88588179055332 ], [ -76.855327318853512, 39.89164861894055 ], [ -76.833292970484393, 39.895828788715455 ], [ -76.810827454104825, 39.898383277619338 ], [ -76.790374055113077, 39.899199322041305 ], [ -76.790375373784215, 39.899236724102678 ], [ -76.789878143138651, 39.899246749699145 ], [ -76.788945888998938, 39.899256177617929 ], [ -76.788140432807339, 39.899288235791367 ], [ -76.785134986635398, 39.899298261491637 ], [ -76.785134965621822, 39.899294645670807 ], [ -76.7836124569247, 39.899309981788846 ], [ -76.777115770236861, 39.899309984766717 ], [ -76.775670599315831, 39.89931091846006 ], [ -76.77402141072622, 39.899307605975366 ], [ -76.773429106481132, 39.899304845930764 ], [ -76.770312875649765, 39.899342758554347 ], [ -76.769465348826444, 39.89935585428131 ], [ -76.764530368171336, 39.899392962978105 ], [ -76.762195762452535, 39.899391989658909 ], [ -76.759169144548935, 39.899391988995276 ], [ -76.756283282878584, 39.899391989114669 ], [ -76.752373480759147, 39.899391998756023 ], [ -76.747556561900296, 39.899410823210886 ], [ -76.739755116337946, 39.899464313798084 ], [ -76.73704156337034, 39.89948390712496 ], [ -76.73480248753765, 39.899491997353167 ], [ -76.730736412171339, 39.899491999956091 ], [ -76.729834175542024, 39.899492857966415 ], [ -76.72941969792177, 39.899492974715017 ], [ -76.726943004358517, 39.899491999162919 ], [ -76.721081113774886, 39.899491997975865 ], [ -76.718136770183406, 39.89949201130657 ], [ -76.716903773982565, 39.89955846523798 ], [ -76.712591262957773, 39.899621705137243 ], [ -76.712550201231124, 39.899622521499666 ], [ -76.699713891025311, 39.899612984790053 ], [ -76.699479310511052, 39.899607972010628 ], [ -76.698547514561838, 39.899586513088877 ], [ -76.696496393216023, 39.899591749545628 ], [ -76.692946250757387, 39.899587139493406 ], [ -76.68853298362373, 39.89958993513747 ], [ -76.686199449758192, 39.899591650745087 ], [ -76.68596939964543, 39.899592534727383 ], [ -76.680651139248283, 39.899601684439006 ], [ -76.678360370223331, 39.89961313452217 ], [ -76.677009250692834, 39.899616943418948 ], [ -76.672234420379539, 39.899619951275461 ], [ -76.670445735407156, 39.899620961163471 ], [ -76.665946342483394, 39.899589780364401 ], [ -76.664894233126006, 39.899592007180701 ], [ -76.652791246253841, 39.899592007637651 ], [ -76.647299422624315, 39.899590008707072 ], [ -76.646541547080702, 39.899590014421506 ], [ -76.642302699995227, 39.89964287684397 ], [ -76.639469427281966, 39.89966526622581 ], [ -76.632626606310154, 39.899688010974593 ], [ -76.632208703197733, 39.89968964338788 ], [ -76.631148302188578, 39.899691977694545 ], [ -76.629102232756495, 39.899692980330272 ], [ -76.618333921653829, 39.899692017066691 ], [ -76.617759245236726, 39.899692022911715 ], [ -76.614548265528228, 39.899744897947905 ], [ -76.609515007253577, 39.899787011884257 ], [ -76.601497141799541, 39.899789017303725 ], [ -76.594679240076374, 39.899511431389627 ], [ -76.583641737885955, 39.899791935792187 ], [ -76.57862640365903, 39.899788026074035 ], [ -76.577466622189903, 39.899788025538911 ], [ -76.569490795926598, 39.899655054520075 ], [ -76.568120862645145, 39.899665240623051 ], [ -76.567917358465905, 39.899664238072063 ], [ -76.566138992337684, 39.899583206180161 ], [ -76.562375230005912, 39.899457509856596 ], [ -76.562377903347439, 39.89941174731662 ], [ -76.542649973295539, 39.898510542119432 ], [ -76.517693176039643, 39.895311912397418 ], [ -76.49333610052723, 39.890105422856173 ], [ -76.469860781969118, 39.882951408715172 ], [ -76.448768129323753, 39.874493495884927 ], [ -76.428933725544695, 39.864471802308508 ], [ -76.410543962951863, 39.852983399680248 ], [ -76.39378714678989, 39.840146405654565 ], [ -76.378834526990346, 39.826092734142513 ], [ -76.365838549216363, 39.810966718060925 ], [ -76.354931313028501, 39.794923605898461 ], [ -76.346223252215125, 39.778127948627898 ], [ -76.339802049475892, 39.760751894525981 ], [ -76.335731794725476, 39.742973410275098 ], [ -76.335672964332574, 39.742607296315839 ], [ -76.334044408871165, 39.72618437104336 ], [ -76.333796506303571, 39.719673466451809 ], [ -76.333733703485322, 39.718036935263584 ], [ -76.333237307359354, 39.705068140346356 ], [ -76.33309393104733, 39.701349636803165 ], [ -76.333014263396151, 39.699296024700679 ], [ -76.332954515014862, 39.698040134578193 ], [ -76.33290255219589, 39.696834852541009 ], [ -76.33288318591373, 39.696333813515146 ], [ -76.332873684937894, 39.695844204069815 ], [ -76.33213733251219, 39.688379246864514 ], [ -76.331976074316543, 39.682708310670407 ], [ -76.331957984069589, 39.682192607633951 ], [ -76.331927160419255, 39.681212690682692 ], [ -76.331568140600609, 39.668311205408898 ], [ -76.331551318383973, 39.667715834854285 ], [ -76.326330145153449, 39.66594581068582 ], [ -76.306805470313066, 39.657546247164021 ], [ -76.28842970809346, 39.647770361671085 ], [ -76.27137066847709, 39.636707709229015 ], [ -76.264034358308777, 39.63094357373398 ], [ -76.260785796918015, 39.628620836207425 ], [ -76.257601227750541, 39.625887963901299 ], [ -76.255783893703168, 39.624459587433236 ], [ -76.253686898923632, 39.622645556422491 ], [ -76.253763720453975, 39.622594386518379 ], [ -76.246612517149003, 39.616455691760393 ], [ -76.233959365282018, 39.603361599008814 ], [ -76.222930721106863, 39.58944747022867 ], [ -76.222388515215641, 39.588596594920553 ], [ -76.217929965616861, 39.584703596001468 ], [ -76.211510818337317, 39.579339081021622 ], [ -76.209893225272708, 39.577799651525126 ], [ -76.209970820484187, 39.577752613137697 ], [ -76.207242739441824, 39.575369669552515 ], [ -76.203111714648628, 39.570799857653562 ], [ -76.200481727837541, 39.568424219165941 ], [ -76.188406784624519, 39.555279345623326 ], [ -76.177937172177238, 39.541363491331616 ], [ -76.177918231631935, 39.541335458925204 ], [ -76.168974573738552, 39.526453844248174 ], [ -76.164947759461455, 39.517708635628239 ], [ -76.160743565151279, 39.511060876685789 ], [ -76.160731623730342, 39.511037855308565 ], [ -76.154722689195182, 39.497807013323332 ], [ -76.146854452405449, 39.49162054572426 ], [ -76.131548343400794, 39.476697921968402 ], [ -76.11841224475738, 39.460625043440231 ], [ -76.107592978837175, 39.443583395637546 ], [ -76.104505752712242, 39.437977926914748 ], [ -76.096769640112072, 39.421771857879477 ], [ -76.091127436851025, 39.405073002574056 ], [ -76.087630448108854, 39.388037540592137 ], [ -76.086663327831658, 39.375432902090743 ], [ -76.086639459552003, 39.375366058765806 ], [ -76.084901350732395, 39.367075672852323 ], [ -76.080190195267235, 39.355720099319484 ], [ -76.075458524891033, 39.338668255064917 ], [ -76.073649860846089, 39.326258708269414 ], [ -76.073580353232572, 39.326152415841399 ], [ -76.065542418424698, 39.310188915862412 ], [ -76.059548739888882, 39.293712052609763 ], [ -76.055653045119641, 39.276873401759246 ], [ -76.053889676300841, 39.25982775855806 ], [ -76.054273327414847, 39.242731709508348 ], [ -76.056798964235085, 39.225742191626118 ], [ -76.061441925917237, 39.20901505260003 ], [ -76.068158205229693, 39.192703625015781 ], [ -76.076884902891067, 39.17695732753635 ], [ -76.087540850022563, 39.161920305538992 ], [ -76.10002739138136, 39.147730123224413 ], [ -76.100806320452861, 39.146930315557512 ], [ -76.103202384136779, 39.144472042721411 ], [ -76.104099670123105, 39.143552924880709 ], [ -76.111561797320533, 39.136307365739484 ], [ -76.117962522242422, 39.130410985212272 ], [ -76.118182568849363, 39.130169443821671 ], [ -76.118207197779753, 39.130097164945902 ], [ -76.118668094413977, 39.128781316310786 ], [ -76.118919719273435, 39.12786244324203 ], [ -76.119000120501923, 39.127535835102151 ], [ -76.119893596227939, 39.123917210314879 ], [ -76.120903976930308, 39.119782791028577 ], [ -76.120977725595239, 39.119425529670259 ], [ -76.120389468538221, 39.105467573019283 ], [ -76.119876032076718, 39.093266538890454 ], [ -76.120302440410413, 39.075317546463666 ], [ -76.123084134312052, 39.057492167985714 ], [ -76.128191268545493, 39.039970654241607 ], [ -76.135570579570242, 39.022930053123623 ], [ -76.145145987838518, 39.006542429553534 ], [ -76.156819423597184, 38.99097314045126 ], [ -76.170471865625871, 38.976379181531705 ], [ -76.185964580581967, 38.96290762183321 ], [ -76.203140549058247, 38.950694140872876 ], [ -76.221826063082133, 38.9398616822048 ], [ -76.241832478595327, 38.930519235942143 ], [ -76.262958105434933, 38.922760761497329 ], [ -76.284990216485127, 38.916664260422984 ], [ -76.307707156966046, 38.912291007798089 ], [ -76.330880534266527, 38.909684949118621 ], [ -76.354277468293247, 38.90887226812864 ], [ -76.424875429502123, 38.909118037098402 ], [ -76.449147178063498, 38.910166107688433 ], [ -76.473145652867572, 38.913143770340909 ], [ -76.496611008755409, 38.918018792371512 ], [ -76.519289048126964, 38.924738393998226 ], [ -76.539327567773782, 38.932599823237851 ], [ -76.540750662488961, 38.932830560320902 ], [ -76.568239588243387, 38.938651555759328 ], [ -76.570284089636203, 38.939189419265936 ], [ -76.578114152124016, 38.941369651124397 ], [ -76.579943613850645, 38.941907531872907 ], [ -76.581605165979198, 38.942478319458168 ], [ -76.5838144437881, 38.942517568815717 ], [ -76.602207804984801, 38.943966805007598 ], [ -76.606134090428313, 38.944397047715093 ], [ -76.617940555897533, 38.945928224991711 ], [ -76.620092081843808, 38.946250914391804 ], [ -76.645652294161309, 38.951247335938966 ], [ -76.670315680653857, 38.958420662898234 ], [ -76.693767772782053, 38.967679528828974 ], [ -76.695436770282186, 38.968432695196029 ], [ -76.701711464588655, 38.971573152036505 ], [ -76.720234063470841, 38.977122306725654 ], [ -76.74047646607373, 38.984999347270403 ], [ -76.742199204819187, 38.985752498722391 ], [ -76.765790505213587, 38.997564865082687 ], [ -76.785639210035356, 39.010361730601637 ], [ -76.791854265363298, 39.013812919621685 ], [ -76.809136967823619, 39.025572250382574 ], [ -76.824818185586807, 39.038581949223655 ], [ -76.838743525602723, 39.052714679332432 ], [ -76.850775543594096, 39.067832034117586 ], [ -76.857197093325269, 39.078057755672212 ], [ -76.860026538229761, 39.079285816172465 ], [ -76.860305162508752, 39.079413542654407 ], [ -76.877278000903431, 39.087982242016096 ], [ -76.89321485903649, 39.097646339585133 ], [ -76.893422763914117, 39.097784079726466 ], [ -76.89550393828172, 39.099211019132561 ], [ -76.91602903239307, 39.11109992499842 ], [ -76.916220938440276, 39.111225686528272 ], [ -76.922624621243969, 39.115915821733196 ], [ -76.929982160099897, 39.120228448555444 ], [ -76.931643213935317, 39.121287416598072 ], [ -76.937787184760083, 39.125344407891696 ], [ -76.937952125393025, 39.125457197866218 ], [ -76.938646966411426, 39.125984796080814 ], [ -76.950654597160892, 39.13357712625519 ], [ -76.950881522521485, 39.133733835662625 ], [ -76.9664772022835, 39.145566123715064 ], [ -76.980553154578431, 39.158464532851404 ], [ -76.980723344379044, 39.158636273853126 ], [ -76.983488547731966, 39.16148491774878 ], [ -76.98368981029391, 39.161696606948766 ], [ -76.994745841297629, 39.174436837357881 ], [ -76.995833811647586, 39.175958810540173 ], [ -77.001630060216399, 39.179255216159348 ], [ -77.003689887455536, 39.180567692610026 ], [ -77.019734469629284, 39.19207748578895 ], [ -77.02972100834134, 39.198249653499637 ], [ -77.044053283774204, 39.208762698561657 ], [ -77.044303325533903, 39.208962352929973 ], [ -77.059159539067522, 39.222036187943772 ], [ -77.072291870889686, 39.236145561702898 ], [ -77.077484546256798, 39.243054784651576 ], [ -77.081331583214151, 39.247449207349845 ], [ -77.081610286208004, 39.247820745226804 ], [ -77.091920675524051, 39.263254738658439 ], [ -77.100224755368373, 39.279378088978085 ], [ -77.10644312369584, 39.296039278921235 ], [ -77.108171498992377, 39.303272669395824 ], [ -77.111045166333383, 39.311801017586617 ], [ -77.111098749767635, 39.31199391782782 ], [ -77.112504469129078, 39.317587153865027 ], [ -77.1130987233187, 39.318843309944057 ], [ -77.114179056380777, 39.322143383910081 ], [ -77.115332736392546, 39.32506079746355 ], [ -77.115426447424994, 39.32530962565869 ], [ -77.119221269780382, 39.336813032552101 ], [ -77.119331123232428, 39.337199933120878 ], [ -77.119824978832554, 39.338582975614322 ], [ -77.123654242668408, 39.355816574172081 ], [ -77.124284085836081, 39.362684844792739 ], [ -77.12510876357409, 39.367864779479362 ], [ -77.125122196911448, 39.36799975425815 ], [ -77.125787618808744, 39.382660204509286 ], [ -77.125040426128322, 39.394587499254087 ], [ -77.12782708291212, 39.404842109250566 ], [ -77.127841328534558, 39.404920082439517 ], [ -77.129799387782882, 39.420824678806405 ], [ -77.129881542428606, 39.436798922903407 ], [ -77.129147747638683, 39.443303823251291 ], [ -77.129052724886023, 39.447127281128289 ], [ -77.128088682870981, 39.452690109406795 ], [ -77.128085893987915, 39.452714823544525 ], [ -77.128050541589886, 39.452919891439251 ], [ -77.128043236917435, 39.452952325899503 ], [ -77.127954590082382, 39.453463799687654 ], [ -77.127709352554447, 39.457339326974285 ], [ -77.127383698713828, 39.459021744251928 ], [ -77.127257830129764, 39.468234984388211 ], [ -77.12476419514114, 39.485639215294249 ], [ -77.123302435694526, 39.490940154877215 ], [ -77.119767013412172, 39.504735450243821 ], [ -77.113136801606572, 39.521565260725012 ], [ -77.108926937027192, 39.529360213278743 ] ] ] } },
{ "type": "Feature", "properties": { "port_complex_id": "baltimore_md", "domain": "coastal_outer", "buffer_m": 40000.0, "partition_method": "source-core-plus-representative-point-voronoi-v1", "source_artifact": "config/port_areas_usace.geojson", "source_sha256": "651a7ca775312b7fed37808336854ced4b3b1e90ea4baf47959480cc657b13c0", "geometry_freeze": "outcome-blind-2026-07-23" }, "geometry": { "type": "Polygon", "coordinates": [ [ [ -77.327965152059818, 39.593321228270895 ], [ -77.32116905173217, 39.607515146800509 ], [ -77.310379894352167, 39.62461525254848 ], [ -77.310101499609232, 39.625441064746852 ], [ -77.307568067644411, 39.632565281790875 ], [ -77.302188183954058, 39.647694163666202 ], [ -77.30112461213669, 39.650634317637113 ], [ -77.300170678198583, 39.653227737829802 ], [ -77.298773185776398, 39.657109450365624 ], [ -77.298729816002592, 39.657231900836429 ], [ -77.297759637040414, 39.659928817654091 ], [ -77.297383587406443, 39.660958223921682 ], [ -77.295289331761978, 39.666670423311757 ], [ -77.292810570553669, 39.674248975789851 ], [ -77.287615090988893, 39.688805623204615 ], [ -77.287324372225072, 39.689556705687558 ], [ -77.287106616800813, 39.690116953898304 ], [ -77.284514553149265, 39.697128227030902 ], [ -77.284092600288744, 39.698478297728812 ], [ -77.283947128683764, 39.698907845469023 ], [ -77.283695665766487, 39.69964706944107 ], [ -77.281747008147477, 39.705349782982353 ], [ -77.279372603823717, 39.712304266550852 ], [ -77.279307617174823, 39.712494679380036 ], [ -77.279093927065006, 39.713118468055697 ], [ -77.278691792167535, 39.714287981028235 ], [ -77.276624179346854, 39.719989340272797 ], [ -77.276431566890011, 39.720578978627962 ], [ -77.275340947803059, 39.723851100064245 ], [ -77.275157130309395, 39.724391792411829 ], [ -77.273106815926269, 39.730218082637556 ], [ -77.271839015951684, 39.733701833335964 ], [ -77.27080677834148, 39.736537681983769 ], [ -77.270653406353759, 39.737007944528379 ], [ -77.264710123521809, 39.753517231257867 ], [ -77.263442396304512, 39.756732194011853 ], [ -77.262635227710604, 39.75884459815228 ], [ -77.262033816443434, 39.760441712861599 ], [ -77.260127096157092, 39.765929201028847 ], [ -77.258644467719748, 39.769964757175181 ], [ -77.2586374612073, 39.769963279691723 ], [ -77.258220229246788, 39.771113227244797 ], [ -77.258206443176704, 39.771150278856823 ], [ -77.257975244121582, 39.771769508402549 ], [ -77.256018986837688, 39.776848225256515 ], [ -77.254907497232963, 39.779655939370471 ], [ -77.253226446901948, 39.784146843850678 ], [ -77.251419926112504, 39.788974170682465 ], [ -77.250937667803854, 39.790253640305274 ], [ -77.248375204174963, 39.797003597005251 ], [ -77.247409529746051, 39.799721902308043 ], [ -77.245553647429432, 39.804611843652793 ], [ -77.245308415172872, 39.805255662178276 ], [ -77.245191846726001, 39.805560614903598 ], [ -77.243533552601633, 39.810326226301598 ], [ -77.243011786679247, 39.811746183622162 ], [ -77.242480477187968, 39.813189991354378 ], [ -77.237194767171729, 39.826536541224996 ], [ -77.235386495488171, 39.830797236931147 ], [ -77.219490804141557, 39.86286092454575 ], [ -77.199592061493391, 39.893621875474068 ], [ -77.175869597204041, 39.922795076595314 ], [ -77.148538933727707, 39.950109874913878 ], [ -77.1178499096971, 39.975312547740494 ], [ -77.084084446565399, 39.99816872391326 ], [ -77.047553976342499, 40.018465630567462 ], [ -77.008596553025555, 40.036014141394844 ], [ -76.967573674940866, 40.050650604124371 ], [ -76.924866849572652, 40.062238427080786 ], [ -76.880873936446406, 40.070669407126154 ], [ -76.836005307156427, 40.075864784022613 ], [ -76.790679864582572, 40.077776009239955 ], [ -76.787168467276643, 40.077796112178298 ], [ -76.783701288034194, 40.077806282267247 ], [ -76.777524818389182, 40.077807091017355 ], [ -76.770019696939116, 40.077855459704004 ], [ -76.770019609757014, 40.077847723997934 ], [ -76.764583356720578, 40.077889299455968 ], [ -76.757753127608098, 40.077888305456156 ], [ -76.752574638995839, 40.077888344075014 ], [ -76.741714679372663, 40.07795464343431 ], [ -76.739297049625804, 40.077972098622482 ], [ -76.734929080821402, 40.077988306910427 ], [ -76.729644897888434, 40.077989312251027 ], [ -76.725822777524897, 40.077988956135108 ], [ -76.725475489094578, 40.07799427147831 ], [ -76.723325006128277, 40.078023475287758 ], [ -76.713714403264589, 40.07813705645205 ], [ -76.698783279824852, 40.078134319166367 ], [ -76.694871872570303, 40.078086746937267 ], [ -76.691541811320775, 40.078083635937766 ], [ -76.686345302223643, 40.07808874474518 ], [ -76.680857541423521, 40.078099488434212 ], [ -76.67721227372175, 40.078113211632932 ], [ -76.672425555689756, 40.078116227235171 ], [ -76.67062010322374, 40.078117247004805 ], [ -76.666929206149376, 40.078108390361663 ], [ -76.663209310277011, 40.078088409251514 ], [ -76.652776191876484, 40.078088339242662 ], [ -76.649938463284371, 40.078087358759682 ], [ -76.643784737163074, 40.078140347909645 ], [ -76.640517827448789, 40.078159847647306 ], [ -76.633753576963727, 40.078182335723092 ], [ -76.633430239414594, 40.078183598729474 ], [ -76.631304157383724, 40.078188279365165 ], [ -76.629252993920772, 40.078189284582905 ], [ -76.621643282330623, 40.078188767346091 ], [ -76.616047833523041, 40.078248254881586 ], [ -76.609603239225834, 40.078283348044287 ], [ -76.60156541192346, 40.078285358628115 ], [ -76.593975077273384, 40.078020230053241 ], [ -76.583404093901109, 40.078288194550474 ], [ -76.578501988066193, 40.078284375220029 ], [ -76.577465034100328, 40.078284374224097 ], [ -76.568409121803498, 40.078144233888167 ], [ -76.566579890502425, 40.078157783424757 ], [ -76.566375879697873, 40.078156778292019 ], [ -76.564902698584092, 40.078089796959894 ], [ -76.558112393780476, 40.077984100278798 ], [ -76.552029328377401, 40.077795134919789 ], [ -76.552045203845566, 40.077504466827499 ], [ -76.515716166278963, 40.075843464059574 ], [ -76.465683767525135, 40.069429988946055 ], [ -76.416862448813006, 40.058991256232773 ], [ -76.36982123373744, 40.044649135271442 ], [ -76.327586504322682, 40.027700960277194 ], [ -76.287872444413466, 40.007614804650601 ], [ -76.251070675150544, 39.984592574697693 ], [ -76.217558692585357, 39.958872374797856 ], [ -76.187678897046737, 39.930719930053812 ], [ -76.161735102279636, 39.900425753155695 ], [ -76.139989499411485, 39.868302061407007 ], [ -76.122660103546949, 39.834679480143095 ], [ -76.109918703489484, 39.799903570559685 ], [ -76.101889327845271, 39.764331221190027 ], [ -76.101831669226726, 39.763964995497268 ], [ -76.1014291888212, 39.759770021567164 ], [ -76.089580021690253, 39.751099281369179 ], [ -76.086706303945419, 39.74877421070213 ], [ -76.054581959834522, 39.719836668809201 ], [ -76.032684216932537, 39.695210411994822 ], [ -76.01454787730394, 39.677588529641909 ], [ -76.01378841245382, 39.676900757607726 ], [ -76.013366249064958, 39.676440033526525 ], [ -76.011614776858323, 39.674737584596102 ], [ -76.008110077957411, 39.670703154528461 ], [ -75.989674720158732, 39.650572907406676 ], [ -75.968788601370747, 39.622706261118381 ], [ -75.950952238653741, 39.592883737370293 ], [ -75.948979485324799, 39.588571844584372 ], [ -75.938870835279829, 39.578687889992885 ], [ -75.912653217716581, 39.546499331583085 ], [ -75.891091199780334, 39.512378711200078 ], [ -75.88801783917603, 39.506767785409423 ], [ -75.872631477385468, 39.474327833929017 ], [ -75.861445022915731, 39.440909267957373 ], [ -75.854557411015804, 39.406825209575828 ], [ -75.854137144526831, 39.401109035260511 ], [ -75.846472496931227, 39.376981933006313 ], [ -75.845178865942771, 39.369715253177262 ], [ -75.834653223674067, 39.343962558151496 ], [ -75.825302030530068, 39.309224942241151 ], [ -75.820525759513345, 39.273951596498456 ], [ -75.820364944399003, 39.238491257945306 ], [ -75.824814426306361, 39.203193991617816 ], [ -75.833823670384007, 39.168407736537389 ], [ -75.847297523806944, 39.13447489291255 ], [ -75.865097397512073, 39.101728983233528 ], [ -75.887042850673765, 39.070491418456875 ], [ -75.887356986702059, 39.070134322485792 ], [ -75.887552278612119, 39.062888607227613 ], [ -75.893227434671431, 39.027248445918865 ], [ -75.903545676273112, 38.992224433084523 ], [ -75.918396303794182, 38.958169880091162 ], [ -75.937623477538509, 38.925427828295128 ], [ -75.961028014815668, 38.894327643908511 ], [ -75.988369586669222, 38.865181766520713 ], [ -76.019369285108795, 38.838282640820758 ], [ -76.053712529820928, 38.813899858783991 ], [ -76.091052281934481, 38.79227753718623 ], [ -76.131012531433441, 38.773631952807804 ], [ -76.173192024172593, 38.75814945512829 ], [ -76.217168194086682, 38.745984673701621 ], [ -76.262501266021999, 38.737259034759845 ], [ -76.308738494595275, 38.732059598937731 ], [ -76.355418504539415, 38.730438229339811 ], [ -76.425843949067016, 38.730683393266645 ], [ -76.474269539487423, 38.732774388975258 ], [ -76.52215386999508, 38.738715258348563 ], [ -76.568982107469409, 38.74844215538252 ], [ -76.614250281259032, 38.761850512841491 ], [ -76.624115330839871, 38.765720382268981 ], [ -76.629669539648617, 38.766895747116237 ], [ -76.635112191668398, 38.767323859207181 ], [ -76.639029167685891, 38.767753051976698 ], [ -76.662586816061562, 38.770807965152045 ], [ -76.66473337629283, 38.771129873785824 ], [ -76.715740709970532, 38.781098878056518 ], [ -76.764971042972135, 38.795412495202257 ], [ -76.804554409276733, 38.81103244135641 ], [ -76.815367878985214, 38.814269199664707 ], [ -76.855787160577876, 38.829988628842266 ], [ -76.857507426826558, 38.830740164150306 ], [ -76.904634651543802, 38.854316107127858 ], [ -76.927339364108988, 38.868938771992198 ], [ -76.937665959430348, 38.874665760698207 ], [ -76.972217939608598, 38.898140949744558 ], [ -77.003589304897076, 38.924116672567195 ], [ -77.031470950370604, 38.952339959735667 ], [ -77.0340845900066, 38.955613952652584 ], [ -77.045790053959522, 38.962701290977449 ], [ -77.045997861846345, 38.962838772635912 ], [ -77.047406920936368, 38.963803542518619 ], [ -77.067695079165986, 38.975537833964715 ], [ -77.067886889583875, 38.975663358300118 ], [ -77.073308069671597, 38.979628585079752 ], [ -77.079260758960032, 38.983112831233449 ], [ -77.080920853186356, 38.984169778470232 ], [ -77.093202952775059, 38.992268503235458 ], [ -77.093367832431895, 38.992381084261844 ], [ -77.096562780213446, 38.994674379217919 ], [ -77.106946043895746, 39.001089775763106 ], [ -77.107172892348629, 39.001246196053202 ], [ -77.138363304438556, 39.02486904036963 ], [ -77.166534398973312, 39.050624764449985 ], [ -77.166704775337436, 39.050796247156924 ], [ -77.172241759216021, 39.056485078417396 ], [ -77.172443280326334, 39.056696457569693 ], [ -77.173331260332063, 39.05771695865544 ], [ -77.184078359927852, 39.064349273471692 ], [ -77.212738852578298, 39.085337593266082 ], [ -77.212988932709095, 39.085536903471329 ], [ -77.246760209472441, 39.115616140925276 ], [ -77.275986571782056, 39.148365780441488 ], [ -77.278628402182861, 39.151709150566276 ], [ -77.278171683389601, 39.15191978057392 ], [ -77.284079568955917, 39.15864557084285 ], [ -77.284358968036713, 39.159016646870761 ], [ -77.305045089320444, 39.189849572833012 ], [ -77.321734837650482, 39.222066729283 ], [ -77.334266375524379, 39.255366201431428 ], [ -77.336409689987576, 39.264220447315218 ], [ -77.339948325400997, 39.274623783707852 ], [ -77.340002490401645, 39.274816583199382 ], [ -77.340209323556621, 39.275629423748782 ], [ -77.340233238011066, 39.275624141837845 ], [ -77.340327656964675, 39.275872797187731 ], [ -77.341625164082785, 39.279531495685085 ], [ -77.342486214328972, 39.281690914689037 ], [ -77.343681757691314, 39.285201522091086 ], [ -77.343639215509327, 39.285209947329939 ], [ -77.344665768283207, 39.288103876315262 ], [ -77.345455874567122, 39.290498968416834 ], [ -77.353208527598198, 39.318785344488084 ], [ -77.357938429676821, 39.347457130276254 ], [ -77.358427594625311, 39.351852317558297 ], [ -77.358674180250276, 39.354156302354404 ], [ -77.35868804642628, 39.354291251071167 ], [ -77.359957313889709, 39.380397730960091 ], [ -77.364390819760331, 39.420652215220017 ], [ -77.363873627271701, 39.433619520977388 ], [ -77.364112891287618, 39.441532603132025 ], [ -77.363041180773706, 39.454481370875484 ], [ -77.362768603687158, 39.46130980718975 ], [ -77.362326217490761, 39.465151545846666 ], [ -77.362158697475124, 39.465140382097047 ], [ -77.361580728975923, 39.472119645668812 ], [ -77.361493667191112, 39.472742870252297 ], [ -77.361411146837455, 39.47954562598558 ], [ -77.356222917036646, 39.515268175939028 ], [ -77.352897744898513, 39.527082207268364 ], [ -77.348250998011579, 39.54583277142892 ], [ -77.335324281421862, 39.579432317302938 ], [ -77.327965152059818, 39.593321228270895 ] ] ] } },
{ "type": "Feature", "properties": { "port_complex_id": "boston_ma", "domain": "coastal_inner", "buffer_m": 20000.0, "partition_method": "source-core-plus-representative-point-voronoi-v1", "source_artifact": "config/port_areas_usace.geojson", "source_sha256": "651a7ca775312b7fed37808336854ced4b3b1e90ea4baf47959480cc657b13c0", "geometry_freeze": "outcome-blind-2026-07-23" }, "geometry": { "type": "Polygon", "coordinates": [ [ [ -71.07805713821763, 42.132025509920332 ], [ -71.09950297358165, 42.13486669596017 ], [ -71.099673888525558, 42.134895172360451 ], [ -71.123151681216839, 42.139722958746162 ], [ -71.145858450877498, 42.146245477925632 ], [ -71.167568085381944, 42.154397889671777 ], [ -71.188064184143798, 42.164099123571887 ], [ -71.207142182461396, 42.175252667395043 ], [ -71.224611369960499, 42.187747507170151 ], [ -71.240296784157763, 42.201459210604618 ], [ -71.254040960879493, 42.216251144114942 ], [ -71.256831314779419, 42.220013454520917 ], [ -71.259024110582502, 42.222448322400005 ], [ -71.259439143874246, 42.222961554551269 ], [ -71.269446543558928, 42.236657201925318 ], [ -71.277798466022958, 42.25093769274379 ], [ -71.284431027887706, 42.265695595779647 ], [ -71.289293181609438, 42.280819813119379 ], [ -71.289596883262163, 42.281989900452167 ], [ -71.292386898247017, 42.296714212565256 ], [ -71.303706301280897, 42.309598490783586 ], [ -71.314438783512969, 42.324845258777465 ], [ -71.323131796738451, 42.34077453970599 ], [ -71.329704188585154, 42.357240276590986 ], [ -71.334094115179951, 42.374091379308709 ], [ -71.33625966070926, 42.391173101008718 ], [ -71.336179279143991, 42.408328452240461 ], [ -71.333852052026842, 42.425399640136405 ], [ -71.329297757774469, 42.442229519606023 ], [ -71.322556749623729, 42.458663043219573 ], [ -71.313689641135142, 42.474548696298591 ], [ -71.302776800043318, 42.4897399036998 ], [ -71.289917653192347, 42.504096394882126 ], [ -71.275229807289961, 42.517485514088385 ], [ -71.258847992231196, 42.529783462859179 ], [ -71.240922835749075, 42.540876462626414 ], [ -71.221619480115251, 42.550661825805584 ], [ -71.201116053503853, 42.559048924619596 ], [ -71.179602010412125, 42.565960047833606 ], [ -71.179501804965184, 42.565988121607312 ], [ -71.178866477956291, 42.566165375999852 ], [ -71.175932144268785, 42.566980590824642 ], [ -71.175562301034219, 42.567083336659721 ], [ -71.17264196274418, 42.567894508152975 ], [ -71.148308493147326, 42.573609389363895 ], [ -71.123288902937588, 42.577438644808517 ], [ -71.097857257171555, 42.579340284417782 ], [ -71.072292238756475, 42.579293452733282 ], [ -71.046874025770109, 42.577298663385086 ], [ -71.035573417620313, 42.575526475962043 ], [ -71.034180804162531, 42.575661652789641 ], [ -71.011119417323457, 42.576299940349458 ], [ -70.988078360569602, 42.575348379293821 ], [ -70.965263421452306, 42.572815474854728 ], [ -70.942878321854167, 42.568723864729776 ], [ -70.921122858599588, 42.56311011169295 ], [ -70.900191083007726, 42.556024368846103 ], [ -70.898064550126549, 42.555213345660398 ], [ -70.876596725604742, 42.545979314962104 ], [ -70.856530275400857, 42.535198226274197 ], [ -70.847253423237376, 42.529059108441167 ], [ -70.839522744947701, 42.528118178353928 ], [ -70.815695318385778, 42.523373516478316 ], [ -70.792647175770441, 42.516896469467525 ], [ -70.770614042663524, 42.508753397018104 ], [ -70.749821036349729, 42.499027698890131 ], [ -70.730480330922205, 42.487818941541235 ], [ -70.712788967807782, 42.475241817220748 ], [ -70.696926835304239, 42.461424947301147 ], [ -70.683054838351183, 42.446509543285913 ], [ -70.671313277163549, 42.430647940402707 ], [ -70.661820450577054, 42.414002019959696 ], [ -70.65467149704655, 42.396741537686516 ], [ -70.649937483252444, 42.379042376110711 ], [ -70.646730827762482, 42.36271879089616 ], [ -70.645005385213935, 42.353935423032482 ], [ -70.641434272254315, 42.335756790288357 ], [ -70.639163521932588, 42.317816196861259 ], [ -70.639369306457098, 42.299799756964838 ], [ -70.642047622869299, 42.281890272567964 ], [ -70.647169425952072, 42.26426930785464 ], [ -70.654680998362537, 42.247115353915177 ], [ -70.664504565985538, 42.230602030465832 ], [ -70.676539149454086, 42.214896342299035 ], [ -70.690661640720521, 42.200157007403945 ], [ -70.70672809170857, 42.18653287279178 ], [ -70.72457520043146, 42.174161433032829 ], [ -70.744021978522753, 42.163167465374457 ], [ -70.764871582884297, 42.153661794077635 ], [ -70.7869132930999, 42.145740195297428 ], [ -70.809924615381817, 42.139482452453684 ], [ -70.833673493093528, 42.134951570600634 ], [ -70.857920603316231, 42.132193156825053 ], [ -70.882421718480984, 42.131234972184544 ], [ -70.903505827711044, 42.131187439335946 ], [ -70.911376725016368, 42.131169693742365 ], [ -70.916936771870667, 42.13115715867275 ], [ -70.937721586216625, 42.13111030153982 ], [ -70.942076372310126, 42.131100483824916 ], [ -70.968251088569261, 42.13104147621857 ], [ -70.974909907004459, 42.131026462288837 ], [ -70.982943513071262, 42.131008351135627 ], [ -70.998315804938429, 42.130973696053395 ], [ -71.000173646222464, 42.130969506491681 ], [ -71.006532754724233, 42.130955170416087 ], [ -71.020966093961107, 42.130922632001848 ], [ -71.022457952141338, 42.130919267890206 ], [ -71.029950371010898, 42.130902536685532 ], [ -71.034560989032556, 42.130599256959712 ], [ -71.056352336578357, 42.130599256266208 ], [ -71.07805713821763, 42.132025509920332 ] ] ] } },
{ "type": "Feature", "properties": { "port_complex_id": "boston_ma", "domain": "coastal_outer", "buffer_m": 40000.0, "partition_method": "source-core-plus-representative-point-voronoi-v1", "source_artifact": "config/port_areas_usace.geojson", "source_sha256": "651a7ca775312b7fed37808336854ced4b3b1e90ea4baf47959480cc657b13c0", "geometry_freeze": "outcome-blind-2026-07-23" }, "geometry": { "type": "Polygon", "coordinates": [ [ [ -71.110492406503909, 41.954821754534407 ], [ -71.153279762405532, 41.960488657579155 ], [ -71.15345027304113, 41.96051705707491 ], [ -71.19975485537384, 41.970013405348723 ], [ -71.244573331996023, 41.982813372821127 ], [ -71.28747250891621, 41.99879364994851 ], [ -71.328036926915104, 42.01780018851202 ], [ -71.365872761128358, 42.039649621252337 ], [ -71.400611554747826, 42.064130957096729 ], [ -71.431913755017817, 42.091007539062375 ], [ -71.459472019781501, 42.120019249659933 ], [ -71.464474005646366, 42.126579784993766 ], [ -71.468530275476439, 42.131067849093306 ], [ -71.468946305182229, 42.131580351083841 ], [ -71.489021029910731, 42.158935574188511 ], [ -71.505799570643831, 42.187465124522546 ], [ -71.519151939057693, 42.216955092868858 ], [ -71.524590292127385, 42.233696653278912 ], [ -71.536409805416127, 42.250408481588956 ], [ -71.553882722082733, 42.282233915525509 ], [ -71.567128690623122, 42.31513944714424 ], [ -71.576020341083279, 42.348823862794887 ], [ -71.58046976100259, 42.382978339876942 ], [ -71.580429526750322, 42.417289249104435 ], [ -71.575893377086501, 42.451441018480814 ], [ -71.566896514141632, 42.485119033551115 ], [ -71.553515520120669, 42.51801254749698 ], [ -71.535867881580856, 42.549817573860587 ], [ -71.514111117085804, 42.580239734158511 ], [ -71.488441508358662, 42.608997032404957 ], [ -71.459092439687353, 42.635822528639366 ], [ -71.426332355200572, 42.660466883960588 ], [ -71.390462348646579, 42.682700750344701 ], [ -71.351813405366713, 42.702316979654469 ], [ -71.310743321152842, 42.719132627764381 ], [ -71.267633327494281, 42.732990731600985 ], [ -71.267532915983139, 42.733018879765588 ], [ -71.266260009739923, 42.733374226719135 ], [ -71.262947379141295, 42.734295076123388 ], [ -71.260016550852541, 42.735109639262326 ], [ -71.211242433989639, 42.746570250721895 ], [ -71.161082371122959, 42.754250021332417 ], [ -71.110089781474841, 42.758064034140276 ], [ -71.058827692803689, 42.757970105033166 ], [ -71.020054662866087, 42.754928239598485 ], [ -71.008826789832568, 42.75523748515073 ], [ -70.962627168376301, 42.753328719556976 ], [ -70.916884448478768, 42.74824858094734 ], [ -70.872010111113511, 42.740042854633558 ], [ -70.828407472863915, 42.728785471886624 ], [ -70.786467910432634, 42.714577810864789 ], [ -70.784337841384911, 42.713764748880607 ], [ -70.741339998354107, 42.695251633541908 ], [ -70.736380240556358, 42.692584729548393 ], [ -70.693027535507383, 42.680393851500405 ], [ -70.64888591676818, 42.66406660691252 ], [ -70.607246761339823, 42.644568913235965 ], [ -70.56853656578086, 42.62210180289312 ], [ -70.533150559059919, 42.596896691454951 ], [ -70.501448617129057, 42.569212900040085 ], [ -70.473751601547036, 42.53933489151828 ], [ -70.450338159156601, 42.507569253956717 ], [ -70.431442012429201, 42.474241467149874 ], [ -70.41724976255756, 42.439692489885935 ], [ -70.407899219885536, 42.404275206839145 ], [ -70.404749084623759, 42.387949578603639 ], [ -70.403055354776242, 42.379171906257447 ], [ -70.399547106536744, 42.360990829537151 ], [ -70.395129859335867, 42.325100500761572 ], [ -70.395667654001542, 42.289068592513722 ], [ -70.401147375798217, 42.253260644850336 ], [ -70.411505966880327, 42.218039316687943 ], [ -70.426631366176892, 42.183760736135554 ], [ -70.446363924749932, 42.150770940155802 ], [ -70.470498271289216, 42.11940243734913 ], [ -70.498785599259492, 42.08997092561615 ], [ -70.530936344711321, 42.062772194227755 ], [ -70.566623221850193, 42.038079237464586 ], [ -70.605484582066353, 42.016139604520156 ], [ -70.647128061186692, 41.997173007816812 ], [ -70.691134479138569, 41.981369209304276 ], [ -70.737061955934465, 41.968886201697543 ], [ -70.784450207816505, 41.95984869899906 ], [ -70.832824987466395, 41.954346948034257 ], [ -70.881702632326864, 41.952435870124077 ], [ -70.902732841840802, 41.952388468867227 ], [ -70.910620668868546, 41.95237068794124 ], [ -70.916183639725375, 41.952358148869934 ], [ -70.936949027420781, 41.95231134647058 ], [ -70.941324882907168, 41.952301482335166 ], [ -70.967471649457465, 41.952242551909656 ], [ -70.974155395046893, 41.952227483409168 ], [ -70.982187239594822, 41.952209380125772 ], [ -70.997550171381334, 41.952174753928773 ], [ -70.999425161217189, 41.952170526034053 ], [ -71.005778612205589, 41.95215620584775 ], [ -71.020201654852613, 41.952123697970094 ], [ -71.021540925206168, 41.952120679018016 ], [ -71.023720957407093, 41.951977106665581 ], [ -71.067192347163143, 41.951977105282459 ], [ -71.110492406503909, 41.954821754534407 ] ] ] } },
{ "type": "Feature", "properties": { "port_complex_id": "charleston_sc", "domain": "coastal_inner", "buffer_m": 20000.0, "partition_method": "source-core-plus-representative-point-voronoi-v1", "source_artifact": "config/port_areas_usace.geojson", "source_sha256": "651a7ca775312b7fed37808336854ced4b3b1e90ea4baf47959480cc657b13c0", "geometry_freeze": "outcome-blind-2026-07-23" }, "geometry": { "type": "Polygon", "coordinates": [ [ [ -80.607873822317558, 33.053453191855802 ], [ -80.607868594550311, 33.054806353902585 ], [ -80.606905825295271, 33.071157790951482 ], [ -80.604151182737013, 33.08736749141994 ], [ -80.603497954736682, 33.090251918300488 ], [ -80.598934483522754, 33.106296778061882 ], [ -80.592613274006709, 33.121924487976131 ], [ -80.584586933699526, 33.137002488355186 ], [ -80.583722448188979, 33.138442994977488 ], [ -80.572309891427764, 33.155147209071004 ], [ -80.558804559314268, 33.170739197544229 ], [ -80.556974252532925, 33.172629094135019 ], [ -80.539888556007114, 33.188278854451546 ], [ -80.520696055931182, 33.202147727553502 ], [ -80.518372397823995, 33.203635945629244 ], [ -80.516907937034702, 33.204584651268526 ], [ -80.49625360843001, 33.216363791764685 ], [ -80.492824756182728, 33.2187935472936 ], [ -80.47917806462992, 33.227024490961469 ], [ -80.477886559531242, 33.227741035360815 ], [ -80.47429832483347, 33.229521590037905 ], [ -80.47427627256603, 33.246671687911373 ], [ -80.47415688720497, 33.248655987700481 ], [ -80.472084307116759, 33.266027221914662 ], [ -80.467980830683302, 33.283148192764614 ], [ -80.461884165491384, 33.299856142186243 ], [ -80.453851068566749, 33.315992147876315 ], [ -80.450883180534532, 33.321214409404647 ], [ -80.450667470887666, 33.323353389934461 ], [ -80.44911680148499, 33.333101646231519 ], [ -80.450011453519167, 33.335503706210623 ], [ -80.453684934122677, 33.35027875856651 ], [ -80.454211285842291, 33.352132824644009 ], [ -80.457033819309487, 33.369883464738436 ], [ -80.457702321328568, 33.387778247833921 ], [ -80.456208645843461, 33.405638409814458 ], [ -80.45256626046806, 33.423285424712986 ], [ -80.446810170085698, 33.440542791205736 ], [ -80.438996622665371, 33.457237803084332 ], [ -80.429202597999918, 33.473203285755829 ], [ -80.417525082423353, 33.488279280998022 ], [ -80.40408013496932, 33.502314662570697 ], [ -80.389001752859159, 33.515168665851022 ], [ -80.372440546614456, 33.526712315424156 ], [ -80.354562237438998, 33.536829735516882 ], [ -80.335545991765372, 33.545419329300856 ], [ -80.315582609969852, 33.552394814410682 ], [ -80.315439181040517, 33.55243147506301 ], [ -80.311759861067017, 33.557432508706562 ], [ -80.296505692116526, 33.573636517540415 ], [ -80.29422588453896, 33.575790440598013 ], [ -80.281020192830468, 33.587206497395577 ], [ -80.266643891311347, 33.597616542701367 ], [ -80.251208813712495, 33.606939320697727 ], [ -80.249585291603793, 33.6078317638896 ], [ -80.228761063513744, 33.61794174177421 ], [ -80.20669886452157, 33.626075296961879 ], [ -80.203888756696202, 33.626959609898918 ], [ -80.183828664393275, 33.632364320995158 ], [ -80.163224895122823, 33.636133384431282 ], [ -80.142273391381252, 33.638230969836663 ], [ -80.121173470280539, 33.638637134631509 ], [ -80.10012588971405, 33.637348017078764 ], [ -80.09818613065984, 33.637150454731163 ], [ -80.074659863508955, 33.633658051624145 ], [ -80.070357744258118, 33.632814854877189 ], [ -80.046948774811582, 33.627058519572046 ], [ -80.024476365063876, 33.619165058348557 ], [ -80.003226508656368, 33.609234973916124 ], [ -79.997011966642319, 33.605935382354026 ], [ -79.993988718532592, 33.604169573044445 ], [ -79.98965522936318, 33.604490400520319 ], [ -79.967110234955214, 33.604218938042003 ], [ -79.965170336948361, 33.604112033635751 ], [ -79.941491272220304, 33.601720175406001 ], [ -79.918275853383633, 33.597193587961321 ], [ -79.915589549569788, 33.596538929901399 ], [ -79.898421571355101, 33.591700746757795 ], [ -79.881805809781085, 33.585693603882874 ], [ -79.879982913774455, 33.584957929757337 ], [ -79.860452622412268, 33.576017037889798 ], [ -79.856365317457119, 33.573661420982447 ], [ -79.851338853725323, 33.573044013792831 ], [ -79.832128972976619, 33.569179855704682 ], [ -79.813427502724522, 33.56388483912756 ], [ -79.812569666431173, 33.563605180829192 ], [ -79.794757420256815, 33.557016808849248 ], [ -79.777738040117484, 33.549130473281373 ], [ -79.761649913011212, 33.54001037791614 ], [ -79.74662370979722, 33.529730749128127 ], [ -79.745770161225892, 33.529091057647967 ], [ -79.735563518933972, 33.520920630256583 ], [ -79.734925532118041, 33.520375207833801 ], [ -79.721139261742508, 33.507387084014418 ], [ -79.708936403543333, 33.49336038398085 ], [ -79.698430086451069, 33.478426094443115 ], [ -79.697063127449567, 33.476246929502629 ], [ -79.691050201053628, 33.465680981390825 ], [ -79.685000550500604, 33.457275578579896 ], [ -79.679747649903192, 33.448656381906311 ], [ -79.677692136660212, 33.445190535923508 ], [ -79.676853910691591, 33.443737679831607 ], [ -79.671519702934773, 33.433712818482398 ], [ -79.670058265693754, 33.430720732130396 ], [ -79.663762892071944, 33.416014404870367 ], [ -79.662625972927628, 33.412938014834687 ], [ -79.65952192792686, 33.403650735209482 ], [ -79.658600861345221, 33.400574542103833 ], [ -79.657321203161572, 33.394821643061022 ], [ -79.655217093137281, 33.393088309762184 ], [ -79.648611333721632, 33.387400645538399 ], [ -79.644049512064882, 33.383294832052279 ], [ -79.63001808705171, 33.369297394639844 ], [ -79.627798092289879, 33.366837980135628 ], [ -79.623740317583071, 33.362188604206018 ], [ -79.620363137547571, 33.358184972008054 ], [ -79.611397341443578, 33.346634151397843 ], [ -79.603528985727621, 33.334547813148205 ], [ -79.59981103413034, 33.328270403678367 ], [ -79.595266933869709, 33.324883766015127 ], [ -79.584014519671641, 33.315863581172898 ], [ -79.582636437286752, 33.314675633794259 ], [ -79.569435597299929, 33.302182575685784 ], [ -79.565842671575069, 33.298445043697519 ], [ -79.556577024374363, 33.288056488674457 ], [ -79.55499731169327, 33.286144370786623 ], [ -79.551285610737978, 33.281497736205068 ], [ -79.550233404731685, 33.280134768891749 ], [ -79.535850513020335, 33.258289674320096 ], [ -79.531784503599795, 33.250938611157814 ], [ -79.524180001409817, 33.235276923923678 ], [ -79.520978586533261, 33.227663999476398 ], [ -79.517734087870068, 33.219291379337591 ], [ -79.516103668132274, 33.214699229737931 ], [ -79.51334535111512, 33.206937300665473 ], [ -79.513229427693318, 33.20659148957126 ], [ -79.501689518550947, 33.19819684579609 ], [ -79.487364066169476, 33.18553451677564 ], [ -79.474587905656676, 33.171778713344246 ], [ -79.463480775054293, 33.157059195259933 ], [ -79.454146483083662, 33.141514746544637 ], [ -79.446671955751569, 33.125291854588738 ], [ -79.444536381852927, 33.118842917497616 ], [ -79.436686752976257, 33.110049211834031 ], [ -79.426865147697285, 33.09676764026166 ], [ -79.418473050539134, 33.082826047147009 ], [ -79.417643971710589, 33.081284183535161 ], [ -79.410550381946507, 33.066319644113378 ], [ -79.405101917314269, 33.050885966257631 ], [ -79.401341587936585, 33.035107712959231 ], [ -79.399298714979338, 33.01911216183472 ], [ -79.399126633022433, 33.016765534146572 ], [ -79.398833839244759, 33.000208913377719 ], [ -79.400378497473127, 32.98370005852054 ], [ -79.400621159225082, 32.982078478929822 ], [ -79.404168027933011, 32.965085468740043 ], [ -79.409658627169478, 32.9484543366179 ], [ -79.417040988361762, 32.932338877444501 ], [ -79.418922579104304, 32.928757989713205 ], [ -79.427531055522024, 32.914202575893867 ], [ -79.437680963783521, 32.900354262851756 ], [ -79.449288621328449, 32.887326203195322 ], [ -79.449716723548065, 32.886888488842175 ], [ -79.452038721626948, 32.884772644829319 ], [ -79.452561350850033, 32.884209130646525 ], [ -79.464768048101575, 32.872177141583393 ], [ -79.470194766829749, 32.867280321051432 ], [ -79.47733913278698, 32.861133401239968 ], [ -79.500632323554072, 32.842017433165516 ], [ -79.521624770143589, 32.826875083624778 ], [ -79.52694483983052, 32.823511453481345 ], [ -79.527997188663065, 32.822352642067813 ], [ -79.541789464353982, 32.808641157345249 ], [ -79.557147168871197, 32.79614345555671 ], [ -79.558579485322241, 32.795088739281248 ], [ -79.559101407629171, 32.794485041019421 ], [ -79.56874761824632, 32.784144099065969 ], [ -79.572870461294258, 32.780041845970302 ], [ -79.57661691719025, 32.77641317310151 ], [ -79.581817932250871, 32.771508943504308 ], [ -79.598558105869273, 32.757380258822792 ], [ -79.605145758666481, 32.752402934392542 ], [ -79.621767556678037, 32.741049444870043 ], [ -79.639659816339531, 32.731136694599044 ], [ -79.64027299191649, 32.730866322514693 ], [ -79.641883977963758, 32.720954084897279 ], [ -79.646725180373053, 32.703890604699694 ], [ -79.653535667311047, 32.687303128175479 ], [ -79.662249216284181, 32.671350043260539 ], [ -79.66688930816143, 32.664669261086217 ], [ -79.670865799447299, 32.6472866179327 ], [ -79.677018829422721, 32.630010730206834 ], [ -79.685211308509665, 32.613337896475997 ], [ -79.685867338538955, 32.612172733322296 ], [ -79.69567711716229, 32.596743810873825 ], [ -79.707230984751817, 32.582185847814991 ], [ -79.72041867715258, 32.568636679101324 ], [ -79.722146189370648, 32.567028229946239 ], [ -79.728505026615693, 32.561359072884805 ], [ -79.731846027305167, 32.558506515600136 ], [ -79.741147160512725, 32.551322252222008 ], [ -79.741126910891694, 32.551304303186292 ], [ -79.741885212229789, 32.550704306354596 ], [ -79.741927244882461, 32.550669545385098 ], [ -79.744555520544466, 32.548689073177833 ], [ -79.747627786627405, 32.546315301709647 ], [ -79.748685744046668, 32.545576510134552 ], [ -79.756706772761092, 32.539530640791412 ], [ -79.760467677655413, 32.536949700774471 ], [ -79.772800435463608, 32.529091469441944 ], [ -79.776679246770499, 32.526800130571402 ], [ -79.781167776027459, 32.523852188475736 ], [ -79.796861131662624, 32.514466644289847 ], [ -79.813495342852136, 32.506299850397781 ], [ -79.83311214961482, 32.497633534106157 ], [ -79.835367351991579, 32.495122845513237 ], [ -79.849678378939686, 32.482091002181896 ], [ -79.86544845373173, 32.470303557685114 ], [ -79.882523935149564, 32.459874970902547 ], [ -79.900738716739326, 32.450906469537841 ], [ -79.908772700817082, 32.447797956891819 ], [ -79.908768287272196, 32.447790439872826 ], [ -79.910052008979505, 32.447260257687915 ], [ -79.91225035226681, 32.446452125626777 ], [ -79.919915830115727, 32.44348508135409 ], [ -79.923344988061615, 32.442326168299601 ], [ -79.923363991740601, 32.44236572487528 ], [ -79.927481262016471, 32.440851445721421 ], [ -79.945518365512726, 32.435764733011496 ], [ -79.964021290596122, 32.432040178900536 ], [ -79.982844414656896, 32.429707111170785 ], [ -79.986675603789422, 32.429377167082855 ], [ -80.006702400089253, 32.428443709568157 ], [ -80.019547339986261, 32.428855195881283 ], [ -80.020799527184209, 32.42798690750498 ], [ -80.024907418261364, 32.425664280638827 ], [ -80.025463629826774, 32.425211214326879 ], [ -80.04162560699487, 32.414380722162342 ], [ -80.058955182329498, 32.404908627047512 ], [ -80.077290665412647, 32.396883162118826 ], [ -80.09646116778849, 32.390379064001493 ], [ -80.116288174846957, 32.385456887529784 ], [ -80.117991745520342, 32.385108032267212 ], [ -80.129623108569376, 32.383011542054078 ], [ -80.132390078455728, 32.382579879911241 ], [ -80.157620081815438, 32.379932244453222 ], [ -80.183045612456183, 32.379813416515162 ], [ -80.185383466622724, 32.379919140986836 ], [ -80.199379407065436, 32.380939307829742 ], [ -80.203201153583635, 32.381324189391215 ], [ -80.224264370034291, 32.384346344339129 ], [ -80.244864972174696, 32.38911550998283 ], [ -80.264798191381303, 32.395584263113804 ], [ -80.283865762945069, 32.403688268692719 ], [ -80.301877866512342, 32.413346909365359 ], [ -80.318654990417301, 32.42446407503369 ], [ -80.334029702606131, 32.436929105232181 ], [ -80.347848311411582, 32.450617875614356 ], [ -80.359972400125102, 32.465394018472296 ], [ -80.37028022013736, 32.481110265896426 ], [ -80.378667928388964, 32.497609902953251 ], [ -80.385050655995258, 32.514728317121147 ], [ -80.38936339619157, 32.532294629196464 ], [ -80.391561701187015, 32.550133389972359 ], [ -80.391603361783524, 32.562487525556328 ], [ -80.403965361024376, 32.564660649881944 ], [ -80.408218270578928, 32.565672929856518 ], [ -80.426052018686789, 32.570633210030877 ], [ -80.443300431696485, 32.576880446308373 ], [ -80.459831403877189, 32.584366807844489 ], [ -80.464187254012998, 32.586550750196807 ], [ -80.485591133671264, 32.598809199340259 ], [ -80.493554572160917, 32.603986804872605 ], [ -80.506117360583531, 32.612817647771301 ], [ -80.512805181176248, 32.617895068000507 ], [ -80.525798770004869, 32.62863591089954 ], [ -80.5376554978466, 32.640261819135155 ], [ -80.548289108961143, 32.652688675379011 ], [ -80.551045033432686, 32.656217056504062 ], [ -80.561278004199167, 32.670767332973853 ], [ -80.569832642175641, 32.686056631329038 ], [ -80.571523588129608, 32.689490449791641 ], [ -80.578366462946121, 32.705499925741087 ], [ -80.583366491075608, 32.721978377700282 ], [ -80.586477636179694, 32.738777871994159 ], [ -80.586891875921523, 32.74202734554104 ], [ -80.588019149552863, 32.765889551201873 ], [ -80.587895629450287, 32.769677365154863 ], [ -80.586009237382882, 32.788998084162365 ], [ -80.585243887812254, 32.793685869365028 ], [ -80.581089545829983, 32.81196943328333 ], [ -80.580114129672722, 32.81530461424817 ], [ -80.576790823283844, 32.825380686626573 ], [ -80.57516826107215, 32.82979222868304 ], [ -80.574274471369165, 32.832082234004147 ], [ -80.574494182837995, 32.843541926639489 ], [ -80.574356980776102, 32.850486957445796 ], [ -80.574147408140334, 32.855824610555857 ], [ -80.574574148372889, 32.858223397310518 ], [ -80.575666196292531, 32.865339683409289 ], [ -80.576493733567744, 32.87174751906921 ], [ -80.576954046039546, 32.875728041966255 ], [ -80.577673047767732, 32.882765720017979 ], [ -80.577989867070443, 32.89586685488235 ], [ -80.57866417787875, 32.902410476453007 ], [ -80.578817668080234, 32.903598096825853 ], [ -80.579196820276323, 32.906801542333227 ], [ -80.579710887029833, 32.911583689401311 ], [ -80.58009813167024, 32.919096358930091 ], [ -80.580112917073308, 32.919180271699219 ], [ -80.582818963932255, 32.923623163912332 ], [ -80.590049205909708, 32.938759472641244 ], [ -80.591213477068095, 32.941560563266847 ], [ -80.597515095903361, 32.959783958930799 ], [ -80.601471213156188, 32.978459106632613 ], [ -80.603035916120845, 32.997377131749595 ], [ -80.602813968784417, 33.002349726073327 ], [ -80.60401922461115, 33.017384942400206 ], [ -80.603941836554782, 33.019021116302255 ], [ -80.604215259610413, 33.019986042364629 ], [ -80.606989489640128, 33.036648353545587 ], [ -80.607873822317558, 33.053453191855802 ] ] ] } },
{ "type": "Feature", "properties": { "port_complex_id": "charleston_sc", "domain": "coastal_outer", "buffer_m": 40000.0, "partition_method": "source-core-plus-representative-point-voronoi-v1", "source_artifact": "config/port_areas_usace.geojson", "source_sha256": "651a7ca775312b7fed37808336854ced4b3b1e90ea4baf47959480cc657b13c0", "geometry_freeze": "outcome-blind-2026-07-23" }, "geometry": { "type": "Polygon", "coordinates": [ [ [ -80.823375043186488, 33.05517882247559 ], [ -80.821538328833128, 33.087884814422509 ], [ -80.816114892074097, 33.12031320261422 ], [ -80.815469137387751, 33.123198690777983 ], [ -80.80642274589421, 33.155303103687565 ], [ -80.793852209000349, 33.186578391699491 ], [ -80.777860291418506, 33.216758771546495 ], [ -80.776998464225287, 33.218200565157659 ], [ -80.754227381482309, 33.251641992222609 ], [ -80.727250333662937, 33.282862464354267 ], [ -80.72542146554764, 33.284754739690058 ], [ -80.691612905782648, 33.315809873309902 ], [ -80.677930421187327, 33.325746217311519 ], [ -80.677779230839661, 33.32638386353976 ], [ -80.670949970183784, 33.345237633340254 ], [ -80.673367121121942, 33.363411272258041 ], [ -80.673826947585496, 33.398842288424767 ], [ -80.670052851708448, 33.434135737991447 ], [ -80.662076142177554, 33.468945941644513 ], [ -80.649969544733054, 33.502931547748837 ], [ -80.633846700098061, 33.535758900560069 ], [ -80.613861242555203, 33.567105347950921 ], [ -80.590205460530868, 33.596662454691248 ], [ -80.563108545629646, 33.624139087696136 ], [ -80.532834441864523, 33.64926434044137 ], [ -80.499679312252709, 33.671790264949173 ], [ -80.463968645380135, 33.6914943813793 ], [ -80.456153358888486, 33.694935796452434 ], [ -80.431434045102705, 33.716338025753522 ], [ -80.402670215007802, 33.737190046353817 ], [ -80.371773750519282, 33.755866323177059 ], [ -80.370148514632959, 33.756760284928525 ], [ -80.328446563295685, 33.777015830653333 ], [ -80.2842485711775, 33.793313292977288 ], [ -80.281433331899507, 33.794199297658146 ], [ -80.241235290770192, 33.805029738435451 ], [ -80.199940299938191, 33.812582924478363 ], [ -80.157943566887852, 33.816786619103752 ], [ -80.115647289328621, 33.817600611016843 ], [ -80.073456650671076, 33.815017113129151 ], [ -80.071512551116385, 33.81481914899247 ], [ -80.024357595115859, 33.807820279344448 ], [ -80.02004643662994, 33.806975402019269 ], [ -79.973135103362338, 33.795440170722863 ], [ -79.931478422418792, 33.780806702868546 ], [ -79.903208289775876, 33.777949256416619 ], [ -79.856679990748773, 33.768878082189374 ], [ -79.853988307927537, 33.768222139758656 ], [ -79.819586766755137, 33.758527061139382 ], [ -79.786299073860775, 33.746490296844016 ], [ -79.784473331089941, 33.745753271897925 ], [ -79.776442317965262, 33.742077008073082 ], [ -79.771064452998829, 33.74099446899217 ], [ -79.733590220066773, 33.730383990148304 ], [ -79.732730844633522, 33.730103800502668 ], [ -79.69704704580036, 33.716902523332081 ], [ -79.662961920642729, 33.70110180566963 ], [ -79.630753742820332, 33.682830972043973 ], [ -79.600684880276305, 33.662239475697966 ], [ -79.599831080581382, 33.661598819024448 ], [ -79.579415865134166, 33.645234077347311 ], [ -79.578777953813628, 33.644687883281883 ], [ -79.551218040270271, 33.618676825026526 ], [ -79.526842879755392, 33.590590180651382 ], [ -79.505877566641672, 33.560691160879578 ], [ -79.504514524737559, 33.558509961282326 ], [ -79.497828058552273, 33.546711905455481 ], [ -79.491366003045897, 33.53770206310729 ], [ -79.486128992339729, 33.529075006667945 ], [ -79.48203104004115, 33.522137132208627 ], [ -79.481195615084772, 33.520683009065664 ], [ -79.47056808628119, 33.500616947405369 ], [ -79.469113063385649, 33.497622593838173 ], [ -79.462742880482025, 33.482655018103628 ], [ -79.45645918199304, 33.476371846572334 ], [ -79.454241598304222, 33.473909453905542 ], [ -79.446136023116665, 33.464599689311619 ], [ -79.442763496348363, 33.460591422150905 ], [ -79.424863408748536, 33.437464559632836 ], [ -79.424302641001887, 33.436600378520758 ], [ -79.400103707850533, 33.413656986533425 ], [ -79.396513742456875, 33.409914754477633 ], [ -79.378003393482601, 33.389112747402393 ], [ -79.376425994843416, 33.387198451338115 ], [ -79.369014603579757, 33.377894841747818 ], [ -79.367964267948821, 33.376530393927005 ], [ -79.339272468729732, 33.332798164359787 ], [ -79.335220975317171, 33.32544093910721 ], [ -79.324365039250225, 33.302970174921946 ], [ -79.322762639234995, 33.301550909759882 ], [ -79.297234674193561, 33.274005595662125 ], [ -79.275062036277177, 33.244535235854009 ], [ -79.256450751812437, 33.213418573445267 ], [ -79.250402269383073, 33.200222562925283 ], [ -79.238204630718101, 33.183675499564472 ], [ -79.22147161344121, 33.155767395137481 ], [ -79.220645619017574, 33.154224274625207 ], [ -79.206522735636966, 33.124273315496836 ], [ -79.195699704721946, 33.093388657628935 ], [ -79.188260151694621, 33.061819975572412 ], [ -79.184260097088753, 33.029822206365871 ], [ -79.184094375612858, 33.02747529892968 ], [ -79.183598866631215, 32.994361161521326 ], [ -79.186777121319906, 32.96134862498775 ], [ -79.187024091505066, 32.959727447957789 ], [ -79.19420599177937, 32.925753062636957 ], [ -79.205267591625301, 32.892508369022799 ], [ -79.220102003161784, 32.860300297313984 ], [ -79.221990779783624, 32.856722265351259 ], [ -79.239261219142833, 32.827636980733715 ], [ -79.259601058272239, 32.799968974962866 ], [ -79.282841646717856, 32.773943616766076 ], [ -79.283270054897827, 32.773506450355441 ], [ -79.286111516215598, 32.770637253582741 ], [ -79.292411242196238, 32.764341841325034 ], [ -79.307089339835514, 32.750416962206103 ], [ -79.312517455569804, 32.74552671861386 ], [ -79.326807570097088, 32.733249801180811 ], [ -79.350099463844856, 32.71416077388168 ], [ -79.37442603055851, 32.696636873112205 ], [ -79.384558091565708, 32.686579886098116 ], [ -79.398150022245659, 32.67553688833307 ], [ -79.404449941682273, 32.668795835430075 ], [ -79.408575276982333, 32.664698785097052 ], [ -79.416071966572261, 32.657450786003281 ], [ -79.421275097381411, 32.652552968546509 ], [ -79.451993876513413, 32.626664188431214 ], [ -79.454450912625973, 32.620713961322728 ], [ -79.462241017668433, 32.606517216430298 ], [ -79.462684788611739, 32.604598540444371 ], [ -79.475071960567547, 32.57006618283252 ], [ -79.491525721369314, 32.536745419289289 ], [ -79.492183954116413, 32.535581231896536 ], [ -79.511855863211835, 32.50475181173001 ], [ -79.534999845376689, 32.475667436786615 ], [ -79.561394027566735, 32.448602582395765 ], [ -79.563122145297541, 32.446996238243948 ], [ -79.575842370994394, 32.435673108867256 ], [ -79.57918356325311, 32.432824458771272 ], [ -79.591610238773782, 32.423239320077272 ], [ -79.591459154447747, 32.423107183676535 ], [ -79.595659830280496, 32.419726125425981 ], [ -79.609183888117542, 32.409677611564 ], [ -79.610739162757028, 32.40847702683498 ], [ -79.611720402074411, 32.407792474920385 ], [ -79.621252496353691, 32.400706866445802 ], [ -79.625011234980889, 32.398129826538394 ], [ -79.64188112305564, 32.387390461756901 ], [ -79.641832392376884, 32.38733648566626 ], [ -79.654384316570457, 32.379350202300628 ], [ -79.683370400926648, 32.362432360258133 ], [ -79.699992222940168, 32.35434616869297 ], [ -79.725705860650152, 32.334501737768413 ], [ -79.75896453580701, 32.313440843112346 ], [ -79.794490141279113, 32.295190438689907 ], [ -79.83194724474312, 32.279922376897815 ], [ -79.836652148785504, 32.278236307395694 ], [ -79.876982348626456, 32.265750437169366 ], [ -79.918591351929862, 32.256722935373922 ], [ -79.945232661712438, 32.253288255940248 ], [ -79.951286283399511, 32.249979772773273 ], [ -79.987904101535307, 32.233956448567582 ], [ -80.02617839024218, 32.220971633102145 ], [ -80.065754600706228, 32.211145573746329 ], [ -80.067454677920182, 32.210797375895602 ], [ -80.090668734034381, 32.206612343805809 ], [ -80.093429810248821, 32.206181504743448 ], [ -80.143779424720009, 32.200896405204233 ], [ -80.19451660987815, 32.200659209326339 ], [ -80.196849241878056, 32.200764729094054 ], [ -80.224494785598665, 32.202780431832331 ], [ -80.801328235606491, 32.743626224790752 ], [ -80.802673911097173, 32.770566045850728 ], [ -80.802560632539482, 32.774354055050971 ], [ -80.798891324208341, 32.813001605451689 ], [ -80.798138330972293, 32.81769063266821 ], [ -80.790262272553306, 32.852763169352592 ], [ -80.79115627807785, 32.86031777774334 ], [ -80.791894165130316, 32.867354255793565 ], [ -80.792385701513041, 32.87814917193743 ], [ -80.793249462493321, 32.879947389927381 ], [ -80.794420052629505, 32.882746655478542 ], [ -80.807110348015371, 32.919173361992847 ], [ -80.815119302121474, 32.956510691536721 ], [ -80.818350789578957, 32.994341490328523 ], [ -80.818134198711647, 32.999509970039313 ], [ -80.818251190581989, 33.000921557975282 ], [ -80.821516668826362, 33.020218983114475 ], [ -80.823376580619779, 33.053825654812343 ], [ -80.823375043186488, 33.05517882247559 ] ] ] } },
{ "type": "Feature", "properties": { "port_complex_id": "houston_tx", "domain": "coastal_inner", "buffer_m": 20000.0, "partition_method": "source-core-plus-representative-point-voronoi-v1", "source_artifact": "config/port_areas_usace.geojson", "source_sha256": "651a7ca775312b7fed37808336854ced4b3b1e90ea4baf47959480cc657b13c0", "geometry_freeze": "outcome-blind-2026-07-23" }, "geometry": { "type": "Polygon", "coordinates": [ [ [ -96.168584312894922, 30.168415054405855 ], [ -96.166894306393473, 30.187030055019846 ], [ -96.162987777466427, 30.205392678294896 ], [ -96.156905277512564, 30.223305471606668 ], [ -96.148710873916045, 30.240575715066527 ], [ -96.14869392883142, 30.240606738893991 ], [ -96.148280593145699, 30.241358977645579 ], [ -96.148179912598806, 30.241541118902461 ], [ -96.138010653178597, 30.257746611265041 ], [ -96.12597578163782, 30.272965612695316 ], [ -96.112200907282869, 30.287038125693485 ], [ -96.096830165441403, 30.299816140694492 ], [ -96.080024717269623, 30.311165208900057 ], [ -96.061961058513845, 30.320965873324106 ], [ -96.061846908101344, 30.321020959694408 ], [ -96.044068388831789, 30.328661468555321 ], [ -96.025526353559698, 30.334801026882083 ], [ -96.0063900938584, 30.339383589957404 ], [ -95.986834432866132, 30.342367319251359 ], [ -95.967038100446516, 30.343724970373678 ], [ -95.947182069278725, 30.343444145816544 ], [ -95.927447868482631, 30.341527409995333 ], [ -95.908015891666153, 30.337992265450875 ], [ -95.889063716353107, 30.332870990448725 ], [ -95.887670234657165, 30.332430247318552 ], [ -95.880921191723843, 30.330179677797823 ], [ -95.880749901411619, 30.33011957781606 ], [ -95.86463339646042, 30.323760400111549 ], [ -95.849202891954803, 30.316238197670323 ], [ -95.842616489410247, 30.312353871863873 ], [ -95.842580490949402, 30.312401042291491 ], [ -95.841313180408335, 30.311677958751805 ], [ -95.839504467221914, 30.31051828272566 ], [ -95.834570405637805, 30.307607621695482 ], [ -95.832714958575878, 30.306409898458654 ], [ -95.832851299149922, 30.306251969113902 ], [ -95.823006125286739, 30.299937171884995 ], [ -95.821942807858349, 30.29908440902312 ], [ -95.819836929459527, 30.298151311029653 ], [ -95.812784325655457, 30.294151311563621 ], [ -95.800967971256085, 30.290888350294352 ], [ -95.800847759744244, 30.290849284740705 ], [ -95.781152808700753, 30.283422345890596 ], [ -95.780962528675232, 30.28334021415165 ], [ -95.767271463469029, 30.27634350172481 ], [ -95.754278003808835, 30.279289364583814 ], [ -95.754182807203208, 30.279305392770361 ], [ -95.74721500147939, 30.280180882845212 ], [ -95.73999903458197, 30.284892964898432 ], [ -95.722354031384313, 30.294192070859307 ], [ -95.703726772301778, 30.301929687077148 ], [ -95.703682699082037, 30.301945713577027 ], [ -95.687887021245245, 30.306899077463097 ], [ -95.675003291882078, 30.315983051348642 ], [ -95.656115016079411, 30.326583092170054 ], [ -95.655816636182763, 30.326731323005585 ], [ -95.629260049135908, 30.337836742427321 ], [ -95.629114800702766, 30.337886825980519 ], [ -95.610058579523511, 30.343548804242854 ], [ -95.590456571404218, 30.347589863455436 ], [ -95.590222084818379, 30.347627930658195 ], [ -95.561917681863491, 30.350505460220798 ], [ -95.561511796797447, 30.350522490786748 ], [ -95.548946371285155, 30.350488389601615 ], [ -95.542039137397012, 30.350655939561822 ], [ -95.541982012391173, 30.3506559395639 ], [ -95.519453324430359, 30.34959814508484 ], [ -95.497190438172382, 30.346437237801744 ], [ -95.490324757926047, 30.344786701447113 ], [ -95.489727170880229, 30.344692530611471 ], [ -95.489593902563541, 30.344665483327152 ], [ -95.483691096276999, 30.343191467447493 ], [ -95.475455957881323, 30.341210466619103 ], [ -95.473646145147981, 30.34068223733626 ], [ -95.469348697576962, 30.33960840309177 ], [ -95.449801101376465, 30.332806182560422 ], [ -95.449730991839218, 30.332778136852379 ], [ -95.439971795889178, 30.328281471234131 ], [ -95.43687596699705, 30.327115699786336 ], [ -95.436710723199809, 30.327044585475445 ], [ -95.423166142916486, 30.320400212967435 ], [ -95.422133685637661, 30.319951737415298 ], [ -95.421206099529869, 30.319438467117354 ], [ -95.417098997218218, 30.317423018539227 ], [ -95.415371119732924, 30.316464570035802 ], [ -95.409934971025081, 30.313200519697379 ], [ -95.403943810334027, 30.30988385252866 ], [ -95.387062141068753, 30.298238619695251 ], [ -95.378746097593023, 30.291163268158741 ], [ -95.375722355729991, 30.290677283590409 ], [ -95.375202315422086, 30.290568093435986 ], [ -95.354583887469772, 30.285247202692002 ], [ -95.334713589763169, 30.278110640325171 ], [ -95.315804638469743, 30.269234981818542 ], [ -95.298059743111978, 30.258715440219145 ], [ -95.292917431883282, 30.254935469483119 ], [ -95.277160748618016, 30.26760505435568 ], [ -95.273528078904278, 30.270456832931799 ], [ -95.272203594267936, 30.271472164416529 ], [ -95.272047800417411, 30.271601864318363 ], [ -95.271868625046466, 30.271761703663696 ], [ -95.270147555394516, 30.273233582000099 ], [ -95.268829115656956, 30.274351116688887 ], [ -95.26842507756372, 30.274690553663742 ], [ -95.267796095407192, 30.275216742591571 ], [ -95.266360923925077, 30.276412288012487 ], [ -95.263266825652792, 30.278989384973961 ], [ -95.260840879526697, 30.280977586388182 ], [ -95.26010392490133, 30.28157189695116 ], [ -95.259401060715689, 30.282155410591407 ], [ -95.257388260020917, 30.283804227284932 ], [ -95.24804492138027, 30.291355153083686 ], [ -95.238673578826877, 30.298929109124952 ], [ -95.222865843303779, 30.310482782612546 ], [ -95.205805778205018, 30.320619845778285 ], [ -95.187662343166394, 30.329239743456121 ], [ -95.168615435352422, 30.336256945878954 ], [ -95.148854084539195, 30.341601809358188 ], [ -95.128574549613177, 30.345221277768434 ], [ -95.107978336742377, 30.347079417356166 ], [ -95.087270160531986, 30.347157779151644 ], [ -95.066655870251253, 30.345455585098719 ], [ -95.04634036369562, 30.341989735905855 ], [ -95.026525511417717, 30.336794640532744 ], [ -95.007408113918657, 30.329921869143991 ], [ -94.989177913940509, 30.321439633249621 ], [ -94.972015685251492, 30.31143209859507 ], [ -94.956091418283947, 30.299998538130531 ], [ -94.941562621692142, 30.287252334064007 ], [ -94.928572757371242, 30.273319839559367 ], [ -94.917249824748851, 30.258339112066391 ], [ -94.907705108263499, 30.242458531544031 ], [ -94.900032099913162, 30.225835317953496 ], [ -94.896608301799148, 30.217191275835095 ], [ -94.896631239990711, 30.217184465527467 ], [ -94.895177488198513, 30.213514070118666 ], [ -94.895101925284393, 30.213310958131451 ], [ -94.894068269054131, 30.210527465919235 ], [ -94.890393048616943, 30.200627234776366 ], [ -94.889267637189405, 30.197594813644034 ], [ -94.888875563414686, 30.196549610779559 ], [ -94.888615861487509, 30.195852451986237 ], [ -94.888428950228104, 30.195347174946942 ], [ -94.887845799337256, 30.193768312864108 ], [ -94.887405569694067, 30.192623792053482 ], [ -94.885861449374104, 30.18843960545372 ], [ -94.88577796521318, 30.188203481206624 ], [ -94.885086127356942, 30.186242197656231 ], [ -94.883973292964058, 30.183091763968168 ], [ -94.881504900397914, 30.176107944414085 ], [ -94.880674721459542, 30.17375696282615 ], [ -94.87994654623472, 30.171696467938141 ], [ -94.87812622620477, 30.166543965512055 ], [ -94.877090911819408, 30.163614513961679 ], [ -94.875079740270095, 30.159091550984709 ], [ -94.867399204165082, 30.13867386862427 ], [ -94.867394621529144, 30.138662253107508 ], [ -94.866367478292489, 30.136058098417969 ], [ -94.86590237429975, 30.134865239277936 ], [ -94.865883478284601, 30.134816211430145 ], [ -94.865222504186463, 30.133071668331905 ], [ -94.86489240649064, 30.132185180164374 ], [ -94.864349806947573, 30.130706204308172 ], [ -94.863188766502063, 30.127493482460402 ], [ -94.862914288492092, 30.126733746137369 ], [ -94.85798859539517, 30.123083484902562 ], [ -94.844771580889955, 30.111318151598333 ], [ -94.832848798847436, 30.09855641502196 ], [ -94.832825823697547, 30.098529386406842 ], [ -94.823071137371244, 30.085980171365311 ], [ -94.820171972844264, 30.081474799686546 ], [ -94.807562880709654, 30.065264387853983 ], [ -94.807425157982749, 30.06506420487985 ], [ -94.804709730566969, 30.060997434285767 ], [ -94.804543115121461, 30.060740209521782 ], [ -94.795961445838458, 30.045933010839683 ], [ -94.788986420722409, 30.030503127105984 ], [ -94.788587721708296, 30.029307922420479 ], [ -94.786388936583222, 30.024695345750676 ], [ -94.779983929006562, 30.00542796403316 ], [ -94.779927425341782, 30.005213878544183 ], [ -94.776769638270892, 29.990445211489121 ], [ -94.776352025251242, 29.987906205126727 ], [ -94.776017604958, 29.985928127371317 ], [ -94.776050957864896, 29.985923872138752 ], [ -94.774625066302519, 29.978069474377158 ], [ -94.77460052679217, 29.977882436336216 ], [ -94.773616841987803, 29.967949055095037 ], [ -94.773604309180868, 29.967762035377774 ], [ -94.773555659747103, 29.963140062614389 ], [ -94.771973374314001, 29.962001399788058 ], [ -94.769707791730056, 29.960194039686495 ], [ -94.769766367533265, 29.960138588594823 ], [ -94.767082912076063, 29.958154649876942 ], [ -94.752401423056767, 29.944818694506385 ], [ -94.752218511178484, 29.94463448114557 ], [ -94.738384708117067, 29.929053837770009 ], [ -94.726592383771745, 29.912252892603259 ], [ -94.716981330484757, 29.894432512464729 ], [ -94.716674611452092, 29.89377207353127 ], [ -94.708686158725953, 29.873019087833399 ], [ -94.70365018427438, 29.851575529374568 ], [ -94.703608800928038, 29.85132146578076 ], [ -94.703372687103865, 29.849826897920984 ], [ -94.703365796741011, 29.849781887314705 ], [ -94.701569780171496, 29.828353146986718 ], [ -94.701565488164519, 29.828070139778422 ], [ -94.701764498719101, 29.825083766493407 ], [ -94.701764036253209, 29.825079931097534 ], [ -94.701672622245781, 29.807021801763117 ], [ -94.701678921510762, 29.806901811190414 ], [ -94.704111068013916, 29.786386180413054 ], [ -94.706653135989427, 29.776355778836262 ], [ -94.706488778215061, 29.760533420293275 ], [ -94.708232878189875, 29.743198770697884 ], [ -94.711697858128389, 29.726964744852264 ], [ -94.709824289344226, 29.715989825171963 ], [ -94.708836963312592, 29.697991025505676 ], [ -94.708837886074917, 29.697621026137149 ], [ -94.71041657356794, 29.675761671479204 ], [ -94.715018733482836, 29.654229255204374 ], [ -94.7152656886486, 29.653367621047281 ], [ -94.721971986096605, 29.634444378648638 ], [ -94.723103014570768, 29.632171496189741 ], [ -94.723836021017789, 29.629807289084962 ], [ -94.732825896399603, 29.61022765716719 ], [ -94.733392747077488, 29.60917544203663 ], [ -94.74310411648851, 29.593261493233371 ], [ -94.754581900845551, 29.578272413510707 ], [ -94.755711835279698, 29.577075107884539 ], [ -94.764213095154844, 29.566087543811935 ], [ -94.776714055484774, 29.552839352903959 ], [ -94.786912743078787, 29.543912322811796 ], [ -94.787114733241324, 29.543287608971362 ], [ -94.79493896660162, 29.526068712867545 ], [ -94.804737932096643, 29.509640804356458 ], [ -94.80763182588008, 29.505806614631027 ], [ -94.807701302572511, 29.505685007075723 ], [ -94.818641435817909, 29.490515305920454 ], [ -94.825173531583673, 29.48318439760925 ], [ -94.825289874241392, 29.482922043512545 ], [ -94.825361188220171, 29.482762144775602 ], [ -94.833333408636619, 29.467119077533692 ], [ -94.842961243757642, 29.452206659870267 ], [ -94.854157355444386, 29.43815891335802 ], [ -94.866820470083582, 29.425102036087317 ], [ -94.880836304936309, 29.413153279103764 ], [ -94.896078604216783, 29.402419904110538 ], [ -94.912410275358212, 29.392998231321457 ], [ -94.929684615290824, 29.384972785537428 ], [ -94.947746616016644, 29.378415547647919 ], [ -94.966434338305689, 29.373385317840075 ], [ -94.966647918604025, 29.373337398792774 ], [ -94.972706667817747, 29.372187247284547 ], [ -94.981232967175671, 29.366002917708951 ], [ -94.999023438568315, 29.355615573170407 ], [ -95.017942478753966, 29.346897465275777 ], [ -95.018814127720191, 29.346545022596999 ], [ -95.033232967095785, 29.341285371007789 ], [ -95.048063457787862, 29.336997107064509 ], [ -95.050519762928332, 29.336376146016864 ], [ -95.051333030377421, 29.336172121213661 ], [ -95.051774183857134, 29.336062305162919 ], [ -95.056377315569463, 29.335151457146761 ], [ -95.071798100456775, 29.331255648127385 ], [ -95.07327853889916, 29.331021277263911 ], [ -95.08281949946489, 29.32776814572911 ], [ -95.082991187055995, 29.327717229680054 ], [ -95.083470601934437, 29.327575627049804 ], [ -95.084208087131984, 29.327359225569886 ], [ -95.101888254387148, 29.322931108875395 ], [ -95.119947024185265, 29.319901438692202 ], [ -95.13026602596112, 29.318995286518618 ], [ -95.145150929182634, 29.31743744274841 ], [ -95.161462984561553, 29.316870784584488 ], [ -95.161512876294267, 29.316870784582829 ], [ -95.162965578698021, 29.316875271508444 ], [ -95.163450526418686, 29.316878266279922 ], [ -95.181848188191239, 29.317713481539354 ], [ -95.200087829566172, 29.319985253246998 ], [ -95.218024219556924, 29.323675471711478 ], [ -95.218617080466032, 29.323822225861129 ], [ -95.2458921205763, 29.332429406622403 ], [ -95.246838609350704, 29.332795823135843 ], [ -95.264283248869546, 29.34043206841114 ], [ -95.264393106285766, 29.340485986513812 ], [ -95.265352164052032, 29.340959641746345 ], [ -95.265522945621726, 29.341044513219881 ], [ -95.265974829486311, 29.341269740213786 ], [ -95.266086687425883, 29.341325655658171 ], [ -95.281379125005671, 29.349768578979738 ], [ -95.295771407314774, 29.3593525914015 ], [ -95.309152877274016, 29.370004148303803 ], [ -95.321420511634742, 29.381641489474795 ], [ -95.321710675255176, 29.38194215156879 ], [ -95.323601270265115, 29.384132503735291 ], [ -95.334978605826834, 29.387853265764413 ], [ -95.352499893528972, 29.395299886266738 ], [ -95.36659392922985, 29.402803051512045 ], [ -95.370088525542428, 29.402317073325669 ], [ -95.370201285121624, 29.402306092380062 ], [ -95.395297018310231, 29.40120986959997 ], [ -95.398149254349846, 29.401390272461672 ], [ -95.402581348074719, 29.400787608699119 ], [ -95.422925415312022, 29.399803249045675 ], [ -95.443281140840455, 29.40058043311117 ], [ -95.463450691711458, 29.403111597957871 ], [ -95.483238009304216, 29.407372111140024 ], [ -95.502450679191369, 29.413320506762282 ], [ -95.520901768998755, 29.420898883008963 ], [ -95.523696921986541, 29.422197879194108 ], [ -95.523695844979784, 29.422199656754749 ], [ -95.526531476779624, 29.423537155005434 ], [ -95.528751360346291, 29.424605884015783 ], [ -95.532207108033091, 29.426207647951482 ], [ -95.538538475569453, 29.429291344924181 ], [ -95.538855879997769, 29.429432424894614 ], [ -95.539747886407866, 29.429828504487329 ], [ -95.540728965585657, 29.430264258193365 ], [ -95.548912261753614, 29.434177580740403 ], [ -95.550670559358281, 29.434952954948869 ], [ -95.555111456423248, 29.437019766093318 ], [ -95.555110549713064, 29.437021259826142 ], [ -95.556876093836479, 29.437839940096374 ], [ -95.558398037051703, 29.438559833330174 ], [ -95.560825268555462, 29.439726372002948 ], [ -95.562059453072948, 29.440328972481357 ], [ -95.569040641566545, 29.443483333258456 ], [ -95.571065266685522, 29.444463257886074 ], [ -95.572451152670624, 29.445122713240824 ], [ -95.57244524781666, 29.44513222505039 ], [ -95.573319634585346, 29.445567728812321 ], [ -95.574229150217008, 29.445940066225411 ], [ -95.58167496691182, 29.44942169784105 ], [ -95.581661704765395, 29.449443437044902 ], [ -95.583880727362697, 29.450555200409518 ], [ -95.58429353119007, 29.450712016556757 ], [ -95.584794787851479, 29.450926679401533 ], [ -95.585762158291004, 29.451341367965245 ], [ -95.594432579337749, 29.455283402890956 ], [ -95.595316407057737, 29.455708751159239 ], [ -95.597749024548705, 29.456879685660986 ], [ -95.598264068006017, 29.457120766564717 ], [ -95.598352268823177, 29.457161446746277 ], [ -95.598589716736186, 29.457271135421877 ], [ -95.604641350582554, 29.460070806648126 ], [ -95.60575415343348, 29.460589380212571 ], [ -95.606600479017402, 29.460986672905619 ], [ -95.608930771603937, 29.462051671734063 ], [ -95.609795259320563, 29.462446921665183 ], [ -95.610062364497537, 29.462569260608639 ], [ -95.611629180682968, 29.463288146908603 ], [ -95.615182786201913, 29.464957458869456 ], [ -95.617043246380007, 29.46585196038826 ], [ -95.617199827103803, 29.465926941748275 ], [ -95.620443525384829, 29.467482090240342 ], [ -95.622781061120634, 29.468533454455915 ], [ -95.62668594732547, 29.470289864321451 ], [ -95.628903042136187, 29.471288607068988 ], [ -95.629760161948255, 29.471674026747984 ], [ -95.630829136444532, 29.472154845418316 ], [ -95.631512982290758, 29.472462741135214 ], [ -95.63244366052129, 29.472884408045513 ], [ -95.632636390227191, 29.472972271689979 ], [ -95.632890493529885, 29.473088310712281 ], [ -95.633289935155332, 29.473271027357775 ], [ -95.634333377918125, 29.473751647781324 ], [ -95.634596015761815, 29.4738734594428 ], [ -95.636014922200999, 29.474537750879737 ], [ -95.637302390596062, 29.475146147179693 ], [ -95.638321213794228, 29.475605026009145 ], [ -95.638315160070547, 29.475615319245538 ], [ -95.639741336548951, 29.476245862930831 ], [ -95.641998588069015, 29.477279862787601 ], [ -95.642119820786689, 29.477335380660847 ], [ -95.643772412908149, 29.478100526207108 ], [ -95.646718388214495, 29.479479398213169 ], [ -95.646697973743542, 29.479512797454802 ], [ -95.650321649445743, 29.481149283234696 ], [ -95.652567635704514, 29.482190052298623 ], [ -95.654295309306548, 29.482989233683067 ], [ -95.657436540887062, 29.48454271380454 ], [ -95.66363445032728, 29.487348517938184 ], [ -95.66365366645357, 29.487316579827418 ], [ -95.664720185672991, 29.487807818772225 ], [ -95.665031683475291, 29.487951501526133 ], [ -95.665242426951011, 29.488048887568993 ], [ -95.666525613125287, 29.4886426726511 ], [ -95.667209219357886, 29.488956508521614 ], [ -95.667274129402486, 29.488986462132427 ], [ -95.670724181077631, 29.490615301000098 ], [ -95.67325802123446, 29.491838809689085 ], [ -95.674707915493826, 29.492530532930328 ], [ -95.675676062718807, 29.492991118922994 ], [ -95.678827488825092, 29.494374911943279 ], [ -95.681041539976732, 29.495436281923283 ], [ -95.680909990129791, 29.495646320390026 ], [ -95.683914150880057, 29.497006258308058 ], [ -95.683942913616889, 29.496956222409285 ], [ -95.683992841262153, 29.496978188036888 ], [ -95.685244632535998, 29.497533577494224 ], [ -95.685757899901503, 29.497763219377678 ], [ -95.687151715425401, 29.498397680655412 ], [ -95.687168860453212, 29.498371152011387 ], [ -95.688039825831893, 29.498801931378221 ], [ -95.688334627441662, 29.498936116824179 ], [ -95.68887587988462, 29.499186728849374 ], [ -95.690281082461922, 29.49983805164895 ], [ -95.691754383496885, 29.500502983193236 ], [ -95.691701182768313, 29.500593192695693 ], [ -95.69691023084269, 29.502765930222299 ], [ -95.69712694207692, 29.502869770686051 ], [ -95.698179425066698, 29.503377566525536 ], [ -95.701247215877913, 29.50486781274213 ], [ -95.701497664492067, 29.504989215930348 ], [ -95.703450916044289, 29.505948169465135 ], [ -95.704942831979437, 29.506689935034007 ], [ -95.705771130994577, 29.507083011810966 ], [ -95.708430650358238, 29.508378029367041 ], [ -95.710507891366561, 29.509390204821717 ], [ -95.719922615761945, 29.514267461912535 ], [ -95.721920396888919, 29.515365832556594 ], [ -95.72516100120373, 29.517184474065409 ], [ -95.726559086888727, 29.517985235286499 ], [ -95.726888795060205, 29.518161863128753 ], [ -95.730365416908938, 29.520066037523161 ], [ -95.730880861255272, 29.520354611599288 ], [ -95.731823806301975, 29.520885677644142 ], [ -95.732064763478164, 29.521022193819533 ], [ -95.732285010380139, 29.521142341247057 ], [ -95.732674564543132, 29.521355079376285 ], [ -95.732998716129572, 29.521532284008011 ], [ -95.736554268503525, 29.523520646446922 ], [ -95.740427245218882, 29.525735397573278 ], [ -95.740413616601117, 29.525753623644022 ], [ -95.740647024844577, 29.525866506641766 ], [ -95.743515763250301, 29.527420191119329 ], [ -95.749463743264826, 29.530958308780455 ], [ -95.749489845055464, 29.530923300944803 ], [ -95.753483673067024, 29.533199957231567 ], [ -95.753480105495015, 29.533204742359903 ], [ -95.757042237184436, 29.535148051220428 ], [ -95.757947335429179, 29.535677279868334 ], [ -95.759233104870802, 29.536435197348464 ], [ -95.760503578837799, 29.537190155113308 ], [ -95.767234402155552, 29.540643856826563 ], [ -95.769164524223498, 29.541744775159255 ], [ -95.769449352672055, 29.541907085117284 ], [ -95.769803251260001, 29.542109204625763 ], [ -95.769919216685977, 29.542175582877192 ], [ -95.772392362980739, 29.543529015114427 ], [ -95.773963705307565, 29.544419704215954 ], [ -95.777153008117679, 29.546230689442794 ], [ -95.777776891291282, 29.54656622234306 ], [ -95.778268376089599, 29.546845811250481 ], [ -95.778591661809656, 29.547030091499515 ], [ -95.778731516269062, 29.547109974186057 ], [ -95.779280127816008, 29.547423839713655 ], [ -95.779421211002372, 29.547505426912981 ], [ -95.78006358751766, 29.54784755082947 ], [ -95.788828411795564, 29.552784522743554 ], [ -95.788848473973033, 29.552796459110638 ], [ -95.793612721277839, 29.555456195778365 ], [ -95.794510500149642, 29.555960215005349 ], [ -95.795882863796265, 29.556735029071042 ], [ -95.797800399887606, 29.557799737036557 ], [ -95.797793420288002, 29.557809341014199 ], [ -95.799096039117529, 29.558516835911337 ], [ -95.800960644427633, 29.55956675108947 ], [ -95.806779084212891, 29.56280390393707 ], [ -95.808735161324805, 29.563892650625348 ], [ -95.812730744947245, 29.566115185055708 ], [ -95.816807428534261, 29.568382102837905 ], [ -95.819199650612148, 29.569711698352446 ], [ -95.819198624031301, 29.569713109060604 ], [ -95.821414906815193, 29.570956091240006 ], [ -95.823552622008705, 29.572174439530247 ], [ -95.825431285338269, 29.573232551554248 ], [ -95.827459472202577, 29.574374237790238 ], [ -95.830007925969085, 29.575808654963886 ], [ -95.832573857655348, 29.577253345674439 ], [ -95.83621427461604, 29.579302046185692 ], [ -95.83809357899311, 29.580359969346237 ], [ -95.838779487518678, 29.5807286635027 ], [ -95.847663512320693, 29.585782521894902 ], [ -95.848042156207839, 29.586010192422332 ], [ -95.848500477305237, 29.58628656407722 ], [ -95.851920300292178, 29.588354576742592 ], [ -95.852272354700332, 29.588567928564338 ], [ -95.853015013703171, 29.589018984501177 ], [ -95.859566884749341, 29.592520202694811 ], [ -95.860183520807666, 29.592889775582236 ], [ -95.860993737246929, 29.593351219213407 ], [ -95.862281627799447, 29.594079383764278 ], [ -95.86688628754176, 29.596811225585906 ], [ -95.870746529662028, 29.598946242313087 ], [ -95.872062149855026, 29.59969414042461 ], [ -95.873745339769314, 29.600651618599944 ], [ -95.87405971735727, 29.600828817511527 ], [ -95.874211556660654, 29.600914690791818 ], [ -95.874451794923175, 29.601050764154479 ], [ -95.874704909577275, 29.601194347551491 ], [ -95.874963499895912, 29.601334406648938 ], [ -95.875278637674299, 29.601503201232855 ], [ -95.876257386880781, 29.602030711058458 ], [ -95.877702748158143, 29.602814540239997 ], [ -95.882003787359196, 29.605291386637713 ], [ -95.884262675162375, 29.606505247993518 ], [ -95.88524758581471, 29.607037815222924 ], [ -95.88603669575582, 29.607467174370608 ], [ -95.886368388704653, 29.607648028113868 ], [ -95.887494127232898, 29.608263111112301 ], [ -95.888969402128623, 29.609076734361548 ], [ -95.889136220760662, 29.609169596650034 ], [ -95.890781159570096, 29.610094851065618 ], [ -95.893570238436226, 29.611679932814006 ], [ -95.894292847701323, 29.612088186420792 ], [ -95.894746525935886, 29.612345261497733 ], [ -95.895380860329254, 29.612705730113667 ], [ -95.898792028279814, 29.614646553276806 ], [ -95.902804079603825, 29.616896563543495 ], [ -95.905062311875724, 29.618160889466381 ], [ -95.906520762821444, 29.618975886029848 ], [ -95.906833761404215, 29.619151134781891 ], [ -95.910899369857475, 29.62143183578041 ], [ -95.912717503496665, 29.622451074385616 ], [ -95.91553568722513, 29.624010931245564 ], [ -95.915930286713902, 29.624229876989965 ], [ -95.91911500221687, 29.62600125622907 ], [ -95.919139697202297, 29.626014907116019 ], [ -95.921938630806665, 29.62756560291859 ], [ -95.92211722532565, 29.627664657252652 ], [ -95.923359868872751, 29.628354632617402 ], [ -95.924136177864639, 29.628787788750866 ], [ -95.929414440014313, 29.631747108638976 ], [ -95.929440319174944, 29.631761111274262 ], [ -95.932456947169996, 29.633411649433341 ], [ -95.93244555312728, 29.633427525566692 ], [ -95.932872574394139, 29.633636995028951 ], [ -95.933940390104596, 29.634224120490568 ], [ -95.937386309640999, 29.636160619495573 ], [ -95.938452212541264, 29.636772719279037 ], [ -95.941111004124451, 29.638325329850574 ], [ -95.942619548853031, 29.639221026049174 ], [ -95.959014875234928, 29.650031386086493 ], [ -95.974103648521336, 29.662207321537295 ], [ -95.987736765415903, 29.675628892023564 ], [ -95.999779255789704, 29.690163837999876 ], [ -96.010111623237819, 29.705668870494165 ], [ -96.018631042651464, 29.721991070645373 ], [ -96.018845969442893, 29.722463764290211 ], [ -96.024281775665315, 29.735954592008031 ], [ -96.024772819490209, 29.737347291446891 ], [ -96.025322074763992, 29.738874728945571 ], [ -96.026476452461722, 29.742526962603833 ], [ -96.027874765929951, 29.745932809447332 ], [ -96.028532778447698, 29.747834704483253 ], [ -96.0287116212819, 29.748349340940621 ], [ -96.028933320667335, 29.748991593012594 ], [ -96.029228088882974, 29.749851295276695 ], [ -96.029790087112701, 29.751394004957273 ], [ -96.030220409594889, 29.752572678731177 ], [ -96.030324210025015, 29.752857604570845 ], [ -96.030683606291291, 29.753844847967279 ], [ -96.031927631371161, 29.757387762371728 ], [ -96.031970911818419, 29.757515698755899 ], [ -96.032092843014965, 29.757877517435805 ], [ -96.032118007680495, 29.757952480425889 ], [ -96.032444887559706, 29.75892832886133 ], [ -96.034950140367997, 29.766429416351325 ], [ -96.035242816631893, 29.767314064122324 ], [ -96.037520752085484, 29.774265264444974 ], [ -96.03814211024681, 29.775853437539507 ], [ -96.038237663620961, 29.776112298019445 ], [ -96.039320896535401, 29.779052536713721 ], [ -96.040047751351779, 29.781025669307574 ], [ -96.043502186822465, 29.790402371162809 ], [ -96.043974015701991, 29.791699715850488 ], [ -96.04402029388558, 29.791828648087748 ], [ -96.044210342759357, 29.792361012509879 ], [ -96.048807002221253, 29.805305306413324 ], [ -96.049604823590997, 29.807444790852731 ], [ -96.052784814384253, 29.815972516508161 ], [ -96.053805514159976, 29.818707487170652 ], [ -96.055452155184767, 29.823329326265831 ], [ -96.056250682122041, 29.82568152542045 ], [ -96.05756798165018, 29.829299984572703 ], [ -96.059499001175908, 29.834604374436527 ], [ -96.059309558974505, 29.834656649801083 ], [ -96.060867691992954, 29.839088124101607 ], [ -96.06106508860185, 29.839035846868576 ], [ -96.061699039457181, 29.840849915441044 ], [ -96.063383292495089, 29.84567398057758 ], [ -96.063738977013131, 29.846691254233818 ], [ -96.064626314091996, 29.849231173250207 ], [ -96.065965693445662, 29.85290547406149 ], [ -96.066196172579694, 29.85352912850993 ], [ -96.066430950370858, 29.854168484152456 ], [ -96.068559010593631, 29.860000594702786 ], [ -96.070503895238417, 29.865315989238411 ], [ -96.070604766594727, 29.865592419502629 ], [ -96.07643095890343, 29.88159968466303 ], [ -96.080416894109959, 29.892491705082321 ], [ -96.080498249002829, 29.892714481888877 ], [ -96.085590355428522, 29.906687014981088 ], [ -96.086561828922711, 29.909427572142835 ], [ -96.08781876705703, 29.913075955494527 ], [ -96.087912191573466, 29.91334608179481 ], [ -96.090723763087283, 29.922304907670217 ], [ -96.091645251196994, 29.925569532172215 ], [ -96.091730736850835, 29.92587351349659 ], [ -96.091891889220179, 29.926448717439808 ], [ -96.091985066788155, 29.926695132854586 ], [ -96.094818899944499, 29.9339250973036 ], [ -96.09589416316993, 29.936669447532935 ], [ -96.096606216507709, 29.93851941985216 ], [ -96.096677619207043, 29.93870831538722 ], [ -96.096744686136631, 29.938886050660063 ], [ -96.099551590516256, 29.946336942344033 ], [ -96.09964622140096, 29.946588737363943 ], [ -96.099703548380148, 29.946741653411546 ], [ -96.100073222293958, 29.947737523160917 ], [ -96.10522639699596, 29.961755961814784 ], [ -96.105476779105459, 29.962437837567357 ], [ -96.107222495145507, 29.967192169269818 ], [ -96.107307624227246, 29.96742304885327 ], [ -96.107389618345707, 29.967645922439303 ], [ -96.111444129169513, 29.978689744711623 ], [ -96.112867184588112, 29.982562431268523 ], [ -96.115850812728866, 29.990689416008475 ], [ -96.118238072866873, 29.997190359571459 ], [ -96.118896634588353, 29.998983082016522 ], [ -96.118705718461541, 29.999035990296264 ], [ -96.118798520682475, 29.99930314907008 ], [ -96.119476495633535, 30.000668594023068 ], [ -96.124828250090928, 30.015076519523785 ], [ -96.125046643408595, 30.015576702289408 ], [ -96.125124109642698, 30.015791588255436 ], [ -96.12531837324336, 30.016333447387648 ], [ -96.12545520876256, 30.016717245769645 ], [ -96.126447480373159, 30.019584340090955 ], [ -96.126491362130068, 30.019715057327229 ], [ -96.126517775490129, 30.019786045988763 ], [ -96.127842624301053, 30.02335209405696 ], [ -96.129916329563073, 30.028933171185475 ], [ -96.130602038382534, 30.030776427389402 ], [ -96.132412545282065, 30.035646921627006 ], [ -96.132857400657528, 30.036842805546069 ], [ -96.134016424957338, 30.039963621782068 ], [ -96.134219139851581, 30.04050724725203 ], [ -96.134531919660759, 30.04135313094751 ], [ -96.134583221909054, 30.041493055488136 ], [ -96.134728456693367, 30.041890766302743 ], [ -96.136329584895265, 30.046292687181538 ], [ -96.136725531082618, 30.047380383222372 ], [ -96.138619467079636, 30.052583210729924 ], [ -96.139349034668612, 30.054587528266886 ], [ -96.140231619088624, 30.057011624066888 ], [ -96.141485061457104, 30.060456142195477 ], [ -96.144328579122131, 30.068271568274369 ], [ -96.145262996648526, 30.070837973809937 ], [ -96.145258664706333, 30.070839161235295 ], [ -96.145545130315796, 30.07161773119465 ], [ -96.146164720728294, 30.073345721265099 ], [ -96.148023661964444, 30.078528376152185 ], [ -96.148641234915729, 30.080248958683651 ], [ -96.148641182971318, 30.08024897271622 ], [ -96.148692813422457, 30.080392266888634 ], [ -96.14942560757612, 30.082437653746844 ], [ -96.149594705983262, 30.082906942340003 ], [ -96.149686302331574, 30.083161804433164 ], [ -96.151309575483722, 30.087689980941544 ], [ -96.152681698924297, 30.091507202911746 ], [ -96.153370389839935, 30.093403085739968 ], [ -96.15416085819453, 30.095580918211081 ], [ -96.155152925718269, 30.09831221679687 ], [ -96.155254429549913, 30.09859245600542 ], [ -96.155778584577291, 30.100043682915143 ], [ -96.156217302240933, 30.101273702804637 ], [ -96.156395410076769, 30.101779439548849 ], [ -96.157127216880298, 30.103859554424741 ], [ -96.158381248406869, 30.107424635874001 ], [ -96.158701567753837, 30.108332235836482 ], [ -96.158735712588125, 30.108429074315911 ], [ -96.159532531399407, 30.110745794303778 ], [ -96.160176270002381, 30.112664226693752 ], [ -96.160308475445504, 30.113056454133435 ], [ -96.165272121525732, 30.131228597265725 ], [ -96.168041136306371, 30.149747732690273 ], [ -96.168584312894922, 30.168415054405855 ] ] ] } },
{ "type": "Feature", "properties": { "port_complex_id": "houston_tx", "domain": "coastal_outer", "buffer_m": 40000.0, "partition_method": "source-core-plus-representative-point-voronoi-v1", "source_artifact": "config/port_areas_usace.geojson", "source_sha256": "651a7ca775312b7fed37808336854ced4b3b1e90ea4baf47959480cc657b13c0", "geometry_freeze": "outcome-blind-2026-07-23" }, "geometry": { "type": "Polygon", "coordinates": [ [ [ -96.376447028260714, 30.173213780918413 ], [ -96.373143805724212, 30.210398275620317 ], [ -96.365414558634257, 30.247084456620833 ], [ -96.353336445694893, 30.282878515657281 ], [ -96.337033771004187, 30.317395803524573 ], [ -96.33619287880974, 30.318932488974944 ], [ -96.336092519910792, 30.319114771395714 ], [ -96.315804958057115, 30.351553518934832 ], [ -96.291769194751765, 30.382022416063059 ], [ -96.264234996727339, 30.410200174169997 ], [ -96.233489956955836, 30.435789399553236 ], [ -96.19985652519658, 30.458519797212276 ], [ -96.163688622208468, 30.478151092342728 ], [ -96.163574321355242, 30.478206265674874 ], [ -96.127964759134201, 30.493512001170792 ], [ -96.090815894400521, 30.50581184196658 ], [ -96.05246867070926, 30.51499293773826 ], [ -96.013275460012281, 30.52097102463657 ], [ -95.973596712724969, 30.523691223138702 ], [ -95.933797519667465, 30.523128558165293 ], [ -95.894244123237698, 30.519288195909045 ], [ -95.855300415968514, 30.512205394838976 ], [ -95.817324464820956, 30.501945171405968 ], [ -95.815928494735147, 30.501503679296857 ], [ -95.80240688092492, 30.496994942950199 ], [ -95.802235299631874, 30.496934742217498 ], [ -95.763234155059592, 30.480906512031343 ], [ -95.760114555381733, 30.482657069048063 ], [ -95.759815795637749, 30.482805532279958 ], [ -95.706622474025124, 30.505052449601767 ], [ -95.706476976564062, 30.505102617343127 ], [ -95.668294824386166, 30.516445935936105 ], [ -95.629011894395404, 30.524542273566073 ], [ -95.628776919334427, 30.524580408527424 ], [ -95.572046567670057, 30.530345796076368 ], [ -95.571639793774082, 30.530362857456783 ], [ -95.560258648469912, 30.530266770269307 ], [ -95.542039209033703, 30.530708519608126 ], [ -95.541981958487156, 30.530708519610211 ], [ -95.526260492227465, 30.529972737053669 ], [ -95.522920871091941, 30.529943288706722 ], [ -95.515079797299421, 30.529478619644493 ], [ -95.515082224343828, 30.529448208952171 ], [ -95.49682614771227, 30.528589109648486 ], [ -95.452206579457268, 30.522256013339817 ], [ -95.44402942189889, 30.520291488063148 ], [ -95.441987902295281, 30.519969682885176 ], [ -95.441854364683635, 30.51994258792088 ], [ -95.422996842676085, 30.515235248281972 ], [ -95.408652880537531, 30.511784263430592 ], [ -95.405500752456604, 30.510864346946104 ], [ -95.401285756042583, 30.509810858861183 ], [ -95.362123941298407, 30.496183609329822 ], [ -95.362053722044664, 30.496155517574227 ], [ -95.348997792557128, 30.490211074781616 ], [ -95.343848460235037, 30.488271399499819 ], [ -95.343682972359616, 30.488200170049101 ], [ -95.33053556645649, 30.481800871324683 ], [ -95.324173027207436, 30.478901355730002 ], [ -95.321833331418588, 30.477698635724874 ], [ -95.320487801271454, 30.476908484988478 ], [ -95.314760857751807, 30.474119268219887 ], [ -95.278969034822339, 30.49112785008608 ], [ -95.240812355041427, 30.50518558528001 ], [ -95.201215022447926, 30.515893756274714 ], [ -95.160572513597884, 30.523145514273914 ], [ -95.119291152725822, 30.526868479434331 ], [ -95.077783901417689, 30.527025486537799 ], [ -95.036466069388325, 30.523614968136787 ], [ -94.995750997297137, 30.516670970718067 ], [ -94.956045763013265, 30.506262803694451 ], [ -94.917746962341013, 30.492494325309824 ], [ -94.88123661394846, 30.475502873742752 ], [ -94.846878236144377, 30.455457855764045 ], [ -94.815013140280641, 30.432559009166411 ], [ -94.785956982001196, 30.407034358792121 ], [ -94.759996607410329, 30.379137889275363 ], [ -94.737387226608433, 30.349146960558013 ], [ -94.718349942056292, 30.317359494785318 ], [ -94.703069654010406, 30.284090965331252 ], [ -94.699664143722046, 30.275441898921244 ], [ -94.699721694911034, 30.275424941565984 ], [ -94.697021187314235, 30.26856587764911 ], [ -94.69694606341541, 30.268362654138084 ], [ -94.695885165717925, 30.265487577111607 ], [ -94.692228848010885, 30.255575130013145 ], [ -94.691165104202796, 30.252690677757275 ], [ -94.690989662054079, 30.252220908500096 ], [ -94.689042530124311, 30.247006449919212 ], [ -94.686870066680939, 30.241009354731236 ], [ -94.686787100516412, 30.240773106813119 ], [ -94.682523188336006, 30.228621720867135 ], [ -94.680980200496677, 30.224224153614756 ], [ -94.679751051190152, 30.220721502842125 ], [ -94.665409819793794, 30.205340001952518 ], [ -94.645906238884322, 30.180189452076785 ], [ -94.642264056653801, 30.174512117471846 ], [ -94.629050381695819, 30.157478209400058 ], [ -94.628912938850178, 30.157277843245904 ], [ -94.623493907365528, 30.149137024775623 ], [ -94.623327679774391, 30.148879575096871 ], [ -94.606214222227905, 30.119241473277871 ], [ -94.592325432596425, 30.088361657384731 ], [ -94.592205823217171, 30.088000604081188 ], [ -94.590336206028823, 30.084058858788847 ], [ -94.577611576820118, 30.045505141265767 ], [ -94.577555571023908, 30.045290970954685 ], [ -94.576774968108893, 30.04170039504293 ], [ -94.567369092693966, 30.031081978324114 ], [ -94.543829744692744, 29.997449055471378 ], [ -94.524670860445582, 29.96178150713688 ], [ -94.524365429603506, 29.961120630157804 ], [ -94.50847613660018, 29.919591391266501 ], [ -94.49850499076895, 29.876689166615684 ], [ -94.498464225246934, 29.876435040362235 ], [ -94.497999279147393, 29.873445189419442 ], [ -94.497992498617393, 29.8734001683743 ], [ -94.494506758613113, 29.830537261476046 ], [ -94.494503174735286, 29.830254248206785 ], [ -94.494952033711684, 29.823763119241935 ], [ -94.494887511434257, 29.798590264216628 ], [ -94.494894109789257, 29.798470283552987 ], [ -94.499796987395612, 29.75796032202587 ], [ -94.499759965703376, 29.753267514220262 ], [ -94.50324437568716, 29.719469569979349 ], [ -94.50208899980457, 29.697402491479668 ], [ -94.502090845319316, 29.6970324942349 ], [ -94.505356330189741, 29.653318690561456 ], [ -94.514662158450619, 29.610267771874195 ], [ -94.514911062301692, 29.609406506063895 ], [ -94.527725026120805, 29.573486191476757 ], [ -94.528066401323457, 29.572393138616686 ], [ -94.528278814782979, 29.571932999144529 ], [ -94.528404791974907, 29.571579665882101 ], [ -94.52888899769458, 29.570611160390943 ], [ -94.546121733384354, 29.533259410189178 ], [ -94.546690422459989, 29.532207980525463 ], [ -94.566162921353694, 29.500406279445233 ], [ -94.589152480893333, 29.470457246210465 ], [ -94.590451029765532, 29.469084010267647 ], [ -94.599118384075581, 29.45790626648008 ], [ -94.610976475752068, 29.445364403925868 ], [ -94.620820076979413, 29.427696192329801 ], [ -94.626604135417693, 29.41947254108689 ], [ -94.626868114453487, 29.419008321297081 ], [ -94.636444696588882, 29.405476627529517 ], [ -94.642051663427083, 29.397499306306351 ], [ -94.64243470825997, 29.397009863550096 ], [ -94.646775299901719, 29.390873132927588 ], [ -94.649409517622573, 29.385724253359275 ], [ -94.66870875559907, 29.355924949600759 ], [ -94.69113005863602, 29.327857393820945 ], [ -94.716469857467075, 29.301772979261539 ], [ -94.744499119577583, 29.277905157528931 ], [ -94.77496543648779, 29.256467391327554 ], [ -94.807595291263894, 29.237651287675867 ], [ -94.84209648619283, 29.221624926449664 ], [ -94.878160710149373, 29.20853139741067 ], [ -94.881687723014679, 29.207582477016082 ], [ -94.894105607909452, 29.200332573508032 ], [ -94.931891269050624, 29.18292301053739 ], [ -94.9327615692157, 29.182571121100814 ], [ -94.961551643086352, 29.172068591341997 ], [ -94.991158364800924, 29.163506125198026 ], [ -94.993609990451333, 29.162886194788509 ], [ -94.995233420595667, 29.162478822822823 ], [ -94.995673730351115, 29.162369189246682 ], [ -95.004702612353626, 29.16058283758391 ], [ -95.008502494250067, 29.159622652277378 ], [ -95.017017636036229, 29.156718041825425 ], [ -95.017189012126011, 29.156667209069756 ], [ -95.018146099713121, 29.156384467292249 ], [ -95.01905444499009, 29.156117828143472 ], [ -95.054347328198261, 29.147276283275211 ], [ -95.090391069934626, 29.141227205421295 ], [ -95.105601475114085, 29.139891929041998 ], [ -95.128909198106086, 29.137450718754888 ], [ -95.161463030597503, 29.136319355026924 ], [ -95.161512814518105, 29.136319355025243 ], [ -95.164411941128947, 29.13632831339164 ], [ -95.164895840993225, 29.136331302995519 ], [ -95.201612049052486, 29.137998857696953 ], [ -95.238014925788477, 29.14253464536338 ], [ -95.27381643453559, 29.149902691142294 ], [ -95.274408160115172, 29.150049201452781 ], [ -95.328861841747809, 29.167235658477864 ], [ -95.329806822124041, 29.167601495890501 ], [ -95.364645425609496, 29.182850399094757 ], [ -95.364755140458527, 29.182904235867536 ], [ -95.366670784674014, 29.183850119529698 ], [ -95.366841347809753, 29.183934863362605 ], [ -95.367743963620484, 29.184384640377299 ], [ -95.367855679488159, 29.184440471847452 ], [ -95.398406733728109, 29.201301632642416 ], [ -95.425665758724747, 29.219442483407587 ], [ -95.462330312388559, 29.22084058833477 ], [ -95.502579218208425, 29.225891125904543 ], [ -95.542070645540591, 29.234393721375461 ], [ -95.580422956262396, 29.246266058643869 ], [ -95.617265102421456, 29.26139316536479 ], [ -95.620201009998468, 29.262756965984099 ], [ -95.625616670467082, 29.265318013397657 ], [ -95.626407249382183, 29.265698560201312 ], [ -95.628419698907535, 29.266631179903875 ], [ -95.634774295002529, 29.269712622205017 ], [ -95.645737659895445, 29.274780790994097 ], [ -95.649691614948779, 29.276681701398484 ], [ -95.651654416742389, 29.277595015845122 ], [ -95.651650307832725, 29.277601817156935 ], [ -95.6546523210217, 29.278993590784804 ], [ -95.656172208410013, 29.279712385028045 ], [ -95.660315251616552, 29.281703188077458 ], [ -95.667284618724821, 29.284855216744798 ], [ -95.669767594384965, 29.286046623266756 ], [ -95.670037477292666, 29.286171880519074 ], [ -95.671160681355417, 29.286695117700138 ], [ -95.678596320542837, 29.290171418813081 ], [ -95.678582745481847, 29.29019377683916 ], [ -95.681150408374634, 29.291427353115068 ], [ -95.692209562642773, 29.296431466967615 ], [ -95.696334376450721, 29.298398584730442 ], [ -95.700605194427794, 29.300374046988992 ], [ -95.704923906736397, 29.302366628651288 ], [ -95.705065396467518, 29.30243130942176 ], [ -95.705598861528642, 29.302675610811693 ], [ -95.707163495498421, 29.303393391325674 ], [ -95.710332363296487, 29.304862458193785 ], [ -95.719909223819684, 29.309348222199436 ], [ -95.72074913004343, 29.309725944066653 ], [ -95.725003611617723, 29.311640757984815 ], [ -95.725662939963684, 29.311937591050004 ], [ -95.727521672669241, 29.312779623738393 ], [ -95.727714132293144, 29.312867351998484 ], [ -95.728221627871761, 29.313099072573699 ], [ -95.728620511545117, 29.313281507880284 ], [ -95.730139445067508, 29.313979726886757 ], [ -95.735040086668107, 29.316243632804436 ], [ -95.73518588265901, 29.316308077962045 ], [ -95.737580191029409, 29.317404684213543 ], [ -95.740039807973787, 29.318540400490214 ], [ -95.746927007301949, 29.32174614670274 ], [ -95.750629455853087, 29.323460231476165 ], [ -95.751666127488079, 29.323941789880251 ], [ -95.757321593892172, 29.326577661288393 ], [ -95.757314810247166, 29.326588856456368 ], [ -95.761691760691022, 29.328527469105943 ], [ -95.7672627204349, 29.331167357226711 ], [ -95.767258047200514, 29.331174941732204 ], [ -95.768214991465015, 29.331624822580213 ], [ -95.769295763431558, 29.332103002567841 ], [ -95.776263150584811, 29.335472525887692 ], [ -95.776303612198447, 29.335491901417562 ], [ -95.776303521221209, 29.335492047499045 ], [ -95.779107822951602, 29.336848033280173 ], [ -95.779125324598539, 29.336818836680703 ], [ -95.781504715574698, 29.337915445065825 ], [ -95.782090596328132, 29.338185979040549 ], [ -95.789853114676077, 29.341776881057928 ], [ -95.789765549962056, 29.341922418730238 ], [ -95.79581414584311, 29.344444356326029 ], [ -95.79603056840844, 29.344548038367609 ], [ -95.798102818000075, 29.345547545971893 ], [ -95.801574692346904, 29.347233392054342 ], [ -95.803053336099339, 29.347954808710728 ], [ -95.806439327822801, 29.349614672760143 ], [ -95.808571676690548, 29.350652762930803 ], [ -95.810705005116162, 29.351692037084025 ], [ -95.829511628342203, 29.361431950092474 ], [ -95.831507187533674, 29.36252870206269 ], [ -95.837452014051266, 29.365863691388853 ], [ -95.840465668094097, 29.367508749724642 ], [ -95.844421039037613, 29.369709254275016 ], [ -95.844413575804381, 29.369719559643947 ], [ -95.849268133975855, 29.372433219703048 ], [ -95.849647114740506, 29.372649860248977 ], [ -95.850252267477629, 29.372981695920892 ], [ -95.85582605652283, 29.376074557674485 ], [ -95.867207350260898, 29.382621628542953 ], [ -95.869230084807043, 29.383827333957825 ], [ -95.871542339388711, 29.385088088959247 ], [ -95.87193448280064, 29.38531728155408 ], [ -95.876936084615465, 29.387846265423235 ], [ -95.882569929342139, 29.391000964316483 ], [ -95.883631617925033, 29.391597407076709 ], [ -95.888502923031353, 29.394343016046236 ], [ -95.892349164863433, 29.396504726196817 ], [ -95.897320345611334, 29.399237728020488 ], [ -95.905981846311974, 29.404152710948747 ], [ -95.908920982491367, 29.405796092313992 ], [ -95.909309417424282, 29.406006039319703 ], [ -95.917681106188553, 29.410677164319207 ], [ -95.9233640725962, 29.413837735940746 ], [ -95.927352484420908, 29.416054725752343 ], [ -95.929900290693311, 29.417469406387831 ], [ -95.932789056136997, 29.419088066127138 ], [ -95.939421800056365, 29.422838184099522 ], [ -95.941592439813931, 29.424059452400865 ], [ -95.947817233319981, 29.427561829826818 ], [ -95.951504539149667, 29.429636656270741 ], [ -95.951474652779154, 29.429677386853733 ], [ -95.964504946864523, 29.437086326099198 ], [ -95.964883233511372, 29.437313669205974 ], [ -95.965752321948315, 29.437837475764255 ], [ -95.970781741000437, 29.440503839777787 ], [ -95.978106863608886, 29.444745436851257 ], [ -95.980569171990084, 29.446223181210502 ], [ -95.983072126136349, 29.447606405069777 ], [ -95.98502928442808, 29.44871779142769 ], [ -95.98642619737501, 29.44947508170673 ], [ -95.993120140692554, 29.453237613698732 ], [ -95.994244223192212, 29.453845216762275 ], [ -95.995032441972313, 29.454273939275918 ], [ -95.995695081111208, 29.454635110745897 ], [ -95.996819556523519, 29.455249282766069 ], [ -95.999766844262126, 29.45687412549195 ], [ -95.999933481234464, 29.456966850964562 ], [ -96.002999817516553, 29.458689732907281 ], [ -96.006961467196845, 29.460937116308582 ], [ -96.00781423121866, 29.461421425228064 ], [ -96.010717967966059, 29.463072844862314 ], [ -96.016341642839535, 29.466223591361391 ], [ -96.017643785278452, 29.466950955184068 ], [ -96.01826082954797, 29.467296294997123 ], [ -96.022399918877653, 29.469617173033306 ], [ -96.026551899287099, 29.471923708339993 ], [ -96.029894195034885, 29.473781612216644 ], [ -96.032403891520062, 29.475171527951129 ], [ -96.032760689332818, 29.475369344248595 ], [ -96.034001974297468, 29.476058301650209 ], [ -96.035552908451294, 29.476923337564827 ], [ -96.039798386782394, 29.479302710606689 ], [ -96.041729584623994, 29.480357320046984 ], [ -96.042759012531732, 29.480921299776998 ], [ -96.043825642282812, 29.481507556423782 ], [ -96.05071009720109, 29.48537485903956 ], [ -96.051774900607654, 29.485986064361359 ], [ -96.057087167718691, 29.489086770834973 ], [ -96.058594252972412, 29.489981171407393 ], [ -96.091360430827748, 29.511571735211593 ], [ -96.121530867287035, 29.535892323167872 ], [ -96.148807653759761, 29.562704280034925 ], [ -96.172920456866009, 29.591744311135304 ], [ -96.193629213027663, 29.622727014149433 ], [ -96.210726563492102, 29.655347632137371 ], [ -96.21094241199836, 29.655820018759979 ], [ -96.219558116611552, 29.677081627895667 ], [ -96.219676996215782, 29.677046430641969 ], [ -96.219834698091944, 29.677451974187051 ], [ -96.221174372673573, 29.681068775472941 ], [ -96.221862856050464, 29.682767062553214 ], [ -96.223094861948056, 29.686237468051683 ], [ -96.223089629447827, 29.686238882064451 ], [ -96.223530148109433, 29.687427927798247 ], [ -96.224605485637085, 29.690481229213834 ], [ -96.225098344955001, 29.691663902252387 ], [ -96.227694435563421, 29.698963052698286 ], [ -96.227753405002531, 29.69912400580672 ], [ -96.22802093292421, 29.699880926350254 ], [ -96.22823749969119, 29.700489742119196 ], [ -96.22823623897699, 29.700490083342793 ], [ -96.230256762053429, 29.706206171570436 ], [ -96.230300321831663, 29.706334044019982 ], [ -96.230545765848674, 29.707057321022265 ], [ -96.230571094529523, 29.707132246814005 ], [ -96.230936316344412, 29.708214835140897 ], [ -96.233504361557067, 29.715849855293833 ], [ -96.234093601177349, 29.717618284329806 ], [ -96.235163308567678, 29.720859330765418 ], [ -96.236238359567068, 29.723758926417862 ], [ -96.236972081517649, 29.725738179439173 ], [ -96.240447881089011, 29.735113558132841 ], [ -96.24139709040405, 29.737706861423526 ], [ -96.241443645592923, 29.737835725598771 ], [ -96.241826034692522, 29.738899895139603 ], [ -96.246019060771658, 29.750630353469045 ], [ -96.246370522200309, 29.751566988990913 ], [ -96.249565386831492, 29.760081430942726 ], [ -96.250585690278044, 29.762798384305302 ], [ -96.253898893317924, 29.772037212464163 ], [ -96.254125552553859, 29.772700287481936 ], [ -96.254835888734178, 29.774639000222159 ], [ -96.256780909696971, 29.779947760131705 ], [ -96.256417349675175, 29.780048884769251 ], [ -96.259566664548771, 29.788340631963276 ], [ -96.259748536515247, 29.788292118850638 ], [ -96.26141412041973, 29.793030827442045 ], [ -96.261760336058231, 29.79401440648488 ], [ -96.26230367299361, 29.795559258112803 ], [ -96.263147494709344, 29.797859323713809 ], [ -96.263252993446159, 29.798142999804679 ], [ -96.263725281858385, 29.799421020914288 ], [ -96.265842070359199, 29.805185298053143 ], [ -96.267774512605811, 29.810433144559031 ], [ -96.267977439689744, 29.810985708286811 ], [ -96.273792138332951, 29.826859335706224 ], [ -96.277755370501865, 29.837620486192971 ], [ -96.277919035351388, 29.838065800281164 ], [ -96.283041118653017, 29.852030834441432 ], [ -96.284995928312355, 29.857509079501011 ], [ -96.286229375409775, 29.861064929518566 ], [ -96.286291825698768, 29.861244274118313 ], [ -96.290166785435858, 29.873499391263383 ], [ -96.291705658369409, 29.877550218921616 ], [ -96.292029025137921, 29.878370654172119 ], [ -96.29346093460029, 29.882068511087283 ], [ -96.293532738197655, 29.882257301745984 ], [ -96.29366762693526, 29.882612575239918 ], [ -96.296490364812655, 29.890059342293256 ], [ -96.296680697726188, 29.890562654126121 ], [ -96.296738350234918, 29.890715485883931 ], [ -96.297481952106068, 29.892706137209618 ], [ -96.30266517049381, 29.906716982648081 ], [ -96.302942221445392, 29.907466658884978 ], [ -96.304661179106787, 29.912118419510417 ], [ -96.304708997369758, 29.912247288730935 ], [ -96.304873941043837, 29.912692794205871 ], [ -96.308945785489769, 29.923713432166299 ], [ -96.310370786100279, 29.927566815067024 ], [ -96.313391191507364, 29.935741709395266 ], [ -96.315334413523374, 29.940999944739001 ], [ -96.315726922481574, 29.942036098329726 ], [ -96.318321443078219, 29.950024502199291 ], [ -96.320790353774157, 29.956556799353873 ], [ -96.322984679288368, 29.961555216304173 ], [ -96.323062609774027, 29.961769987732119 ], [ -96.323453482298817, 29.962853131235587 ], [ -96.323591149825575, 29.963236727085533 ], [ -96.324634044251624, 29.966186879886632 ], [ -96.324664831918085, 29.966275315636665 ], [ -96.32525117379096, 29.967843582137178 ], [ -96.327326412095161, 29.973393754307263 ], [ -96.328005693411086, 29.975208292925743 ], [ -96.329836777616762, 29.980103240735076 ], [ -96.330278410765743, 29.981283022807602 ], [ -96.331729866572445, 29.985164061273238 ], [ -96.332233543049256, 29.986519869829365 ], [ -96.332285146237552, 29.986659718589156 ], [ -96.332577328739205, 29.98745471098454 ], [ -96.334181467668927, 29.991836561527048 ], [ -96.33457327338661, 29.99290597010549 ], [ -96.336480116915084, 29.998110608087508 ], [ -96.338104419992845, 30.002543736871036 ], [ -96.339373358366245, 30.006008421434082 ], [ -96.342228268938968, 30.013804709305685 ], [ -96.343166054052077, 30.016362960915334 ], [ -96.343721019175746, 30.017888510238734 ], [ -96.346207887491019, 30.024777081680174 ], [ -96.346836354866625, 30.026516117890839 ], [ -96.347877414560003, 30.029399289029406 ], [ -96.349840529562826, 30.034837144539672 ], [ -96.35149484532765, 30.039389043760689 ], [ -96.353185769105082, 30.044015818754943 ], [ -96.353379574661645, 30.044547506331714 ], [ -96.353906871276664, 30.045997956733352 ], [ -96.354789652675166, 30.048456695081146 ], [ -96.354968863751779, 30.048962167338409 ], [ -96.355723686595269, 30.0510933376064 ], [ -96.356961419753588, 30.054588562716642 ], [ -96.357255705398188, 30.05541684294883 ], [ -96.357317330106127, 30.055590439365684 ], [ -96.358893577801808, 30.060139961675041 ], [ -96.359744734591757, 30.062656445773868 ], [ -96.369705467207211, 30.098945346059356 ], [ -96.375294796069298, 30.135929690061321 ], [ -96.376447028260714, 30.173213780918413 ] ] ] } },
{ "type": "Feature", "properties": { "port_complex_id": "jacksonville_fl", "domain": "coastal_inner", "buffer_m": 20000.0, "partition_method": "source-core-plus-representative-point-voronoi-v1", "source_artifact": "config/port_areas_usace.geojson", "source_sha256": "651a7ca775312b7fed37808336854ced4b3b1e90ea4baf47959480cc657b13c0", "geometry_freeze": "outcome-blind-2026-07-23" }, "geometry": { "type": "Polygon", "coordinates": [ [ [ -82.241380809843491, 30.343130251192029 ], [ -82.23230474851546, 30.359500626379326 ], [ -82.221363757824349, 30.374996736599286 ], [ -82.208668357533767, 30.389460698437524 ], [ -82.19434715466727, 30.402745078024374 ], [ -82.189508841588633, 30.406801019422733 ], [ -82.185735265715451, 30.410075391656601 ], [ -82.173728948656475, 30.420661421821684 ], [ -82.173650636574621, 30.420730580458223 ], [ -82.171548085741208, 30.42256091310075 ], [ -82.163042701212476, 30.429858563863213 ], [ -82.162792563989584, 30.430074951287573 ], [ -82.162539706168246, 30.430293315642245 ], [ -82.16066239978521, 30.431911695161652 ], [ -82.158750580804153, 30.433619612899516 ], [ -82.129464577577721, 30.46018783543494 ], [ -82.127538519196165, 30.461988118551727 ], [ -82.124338628134225, 30.464912566483637 ], [ -82.116417464078538, 30.471990455995233 ], [ -82.113986096707492, 30.474126768655481 ], [ -82.113589303049849, 30.474469643789508 ], [ -82.111394915553575, 30.476422295765836 ], [ -82.109924978629621, 30.477709929860421 ], [ -82.106530960827172, 30.480681842870126 ], [ -82.106418554195088, 30.480780303949444 ], [ -82.10180646437901, 30.48503404471872 ], [ -82.101423498755949, 30.485374473641876 ], [ -82.095828943186888, 30.490346100614989 ], [ -82.09520743205627, 30.490895999650412 ], [ -82.094974446399917, 30.491101259498702 ], [ -82.092100248169658, 30.493584416981289 ], [ -82.089636153666461, 30.495671990938629 ], [ -82.084872460395658, 30.499707950698905 ], [ -82.084841412247414, 30.499734588201665 ], [ -82.068916663336083, 30.514256911695231 ], [ -82.066599125624421, 30.516336084555697 ], [ -82.052612447742888, 30.528681304163694 ], [ -82.050003213216314, 30.531008772519375 ], [ -82.048760111770008, 30.532183207862769 ], [ -82.040897907605085, 30.539192039509704 ], [ -82.040621110384464, 30.53943828917992 ], [ -82.032816173683926, 30.546367703097133 ], [ -82.031833168383088, 30.547314140526311 ], [ -82.021595330249909, 30.556658400213458 ], [ -82.018036293490667, 30.559909057168596 ], [ -82.01432465714889, 30.563213091953966 ], [ -82.008147917471931, 30.568571919974772 ], [ -81.993440969315969, 30.581676889104237 ], [ -81.993240820030891, 30.581854946370338 ], [ -81.987205852920084, 30.587215832159021 ], [ -81.987067984647638, 30.587338825303942 ], [ -81.986504271763962, 30.587840409170479 ], [ -81.985153376087808, 30.589111218200415 ], [ -81.973355756336389, 30.599351065514067 ], [ -81.972152864371864, 30.600297668086633 ], [ -81.966135948660693, 30.608561525253073 ], [ -81.953528932977363, 30.622585217687195 ], [ -81.939375700855436, 30.635470735270406 ], [ -81.93279766841998, 30.640383910715865 ], [ -81.925631575490513, 30.648776156794263 ], [ -81.911557574594696, 30.662191404843277 ], [ -81.895986193898352, 30.674322132857586 ], [ -81.894818315042215, 30.675062848299497 ], [ -81.89145973224332, 30.678982179605956 ], [ -81.879080115054407, 30.691010529084444 ], [ -81.878850137290272, 30.691214788192774 ], [ -81.874845106414327, 30.694543344331688 ], [ -81.873516540138922, 30.695902669363658 ], [ -81.854944354068124, 30.710790011854499 ], [ -81.854824288386808, 30.710875131634694 ], [ -81.838938943779709, 30.721087056132372 ], [ -81.821996764796765, 30.729957829118124 ], [ -81.804150423747828, 30.737407421883606 ], [ -81.804006185432968, 30.737460510891776 ], [ -81.784263737746201, 30.74373549162987 ], [ -81.763885458561035, 30.748271594903482 ], [ -81.743078519963049, 30.751022734832521 ], [ -81.722054537910168, 30.751960957267627 ], [ -81.707424644141184, 30.751346169928716 ], [ -81.695355294195622, 30.755714888357044 ], [ -81.672503638773691, 30.761462166109233 ], [ -81.672005628812073, 30.761561342424486 ], [ -81.649379364055363, 30.764954072064711 ], [ -81.62645572008114, 30.766193263508647 ], [ -81.626159067675147, 30.766195267173565 ], [ -81.605865137093033, 30.765484441791493 ], [ -81.604480937253086, 30.765319447285734 ], [ -81.596838879158796, 30.765359455087584 ], [ -81.596695565073659, 30.765353444136348 ], [ -81.596183115702402, 30.765331408672079 ], [ -81.595455521706583, 30.765299350271949 ], [ -81.577331492118262, 30.763818597338489 ], [ -81.559426713459317, 30.760988417331948 ], [ -81.541877315084832, 30.756830309389912 ], [ -81.541841247456205, 30.756820291998174 ], [ -81.540826908775855, 30.756536110687062 ], [ -81.539990349214932, 30.756299700926569 ], [ -81.523089048256566, 30.750816904210048 ], [ -81.514150048511794, 30.747130796086317 ], [ -81.499654401603806, 30.746888221290909 ], [ -81.479182227991672, 30.744800063168533 ], [ -81.459049902109854, 30.740988459795581 ], [ -81.454296564739849, 30.739874500267053 ], [ -81.44772883720016, 30.738334376744099 ], [ -81.43707004858598, 30.73557023526816 ], [ -81.433905163175211, 30.734669676626297 ], [ -81.415306999603871, 30.728516600696267 ], [ -81.397476978168044, 30.720868559283673 ], [ -81.380577360998998, 30.711795186284352 ], [ -81.364761786751458, 30.701379071761654 ], [ -81.350173859764055, 30.689714999712859 ], [ -81.340937887144435, 30.680774365863854 ], [ -81.321614790869802, 30.678634097601734 ], [ -81.300896176934657, 30.674460793100828 ], [ -81.280780278196616, 30.668495121492644 ], [ -81.261476315708677, 30.660799110841825 ], [ -81.243184906901405, 30.651452763671958 ], [ -81.226095951653477, 30.640553212954689 ], [ -81.210386639410231, 30.628213698449329 ], [ -81.19621959914096, 30.614562374779428 ], [ -81.183741211967259, 30.599740964441835 ], [ -81.173080104103647, 30.583903270575583 ], [ -81.172325213009145, 30.582637217885999 ], [ -81.161667608992175, 30.561537661150727 ], [ -81.158530202219083, 30.554048030522189 ], [ -81.153679586604937, 30.540910063945962 ], [ -81.150011293116918, 30.527490205414509 ], [ -81.148520119106465, 30.52091456302222 ], [ -81.140405225557558, 30.508915350385085 ], [ -81.135340631385645, 30.500638342302672 ], [ -81.126214780429279, 30.483627513275469 ], [ -81.119192352679192, 30.465889425015714 ], [ -81.11630999888358, 30.45714107923289 ], [ -81.11222306017288, 30.442399041122265 ], [ -81.109588636937772, 30.427412034652562 ], [ -81.108424620364318, 30.412286368492822 ], [ -81.108254967632234, 30.406241090406645 ], [ -81.108983135730412, 30.386224505583382 ], [ -81.109545111606977, 30.380661366961277 ], [ -81.10975575257514, 30.378581898284509 ], [ -81.113681837529143, 30.356173006397167 ], [ -81.114984145935253, 30.350973981200234 ], [ -81.115933795619156, 30.347362396412965 ], [ -81.11793039420553, 30.340113852234381 ], [ -81.11876516154544, 30.337081553861779 ], [ -81.126128843207979, 30.316093456369892 ], [ -81.136384353012147, 30.296033056148826 ], [ -81.137742445589012, 30.293760921901345 ], [ -81.138865371021282, 30.291819591794294 ], [ -81.151264074842103, 30.273234716509688 ], [ -81.155428641413465, 30.267770129400187 ], [ -81.168587611306208, 30.252350487103406 ], [ -81.172749380611833, 30.247979488857197 ], [ -81.185077274740664, 30.236137234609895 ], [ -81.198562923298098, 30.22528279519527 ], [ -81.200368202251468, 30.224068336693119 ], [ -81.202983304108116, 30.222012293550009 ], [ -81.219319402535845, 30.211492326846031 ], [ -81.225878737601576, 30.208074357483298 ], [ -81.22768965390776, 30.203932223677793 ], [ -81.22763459567814, 30.196499014497657 ], [ -81.227472204289285, 30.188049781350529 ], [ -81.227436257587001, 30.186192313179326 ], [ -81.227391351121952, 30.183880967023494 ], [ -81.227364901276076, 30.182524626852341 ], [ -81.227326977103189, 30.180553411838783 ], [ -81.227148540333502, 30.171240331312209 ], [ -81.227135317741187, 30.170734553589487 ], [ -81.226744915766716, 30.150288107107176 ], [ -81.226571795747475, 30.141219023125316 ], [ -81.226572253458727, 30.141219016561777 ], [ -81.226568236792986, 30.141044216797837 ], [ -81.22650852198872, 30.137759117016959 ], [ -81.226467171262286, 30.135480332931962 ], [ -81.226389842578584, 30.131211717156489 ], [ -81.226338256973392, 30.128302752904077 ], [ -81.226158218829852, 30.118256272195467 ], [ -81.226157031738509, 30.118196921523197 ], [ -81.226153322884969, 30.118011031107454 ], [ -81.226146991202526, 30.117675607287023 ], [ -81.226083307341909, 30.11409822663413 ], [ -81.226004117161551, 30.109695959692026 ], [ -81.225996496861626, 30.109298548968191 ], [ -81.225988681389794, 30.108828535831005 ], [ -81.226540678058612, 30.092849958209296 ], [ -81.226544798067067, 30.092801964471274 ], [ -81.226704316593171, 30.091058061985649 ], [ -81.226747424083499, 30.090614127580885 ], [ -81.229390684551646, 30.073379980535922 ], [ -81.233934519361526, 30.056446250499931 ], [ -81.240335536739266, 30.039970389135718 ], [ -81.248533179742182, 30.024105515294025 ], [ -81.258450325670992, 30.008998999374413 ], [ -81.26999403372308, 29.994791103412446 ], [ -81.283056432849619, 29.981613689101447 ], [ -81.297515740737069, 29.969589005266315 ], [ -81.313237403904338, 29.958828565520228 ], [ -81.330075348087604, 29.949432125976415 ], [ -81.347873327372923, 29.941486771951556 ], [ -81.366466359926747, 29.935066121603025 ], [ -81.367334775540257, 29.934807557474574 ], [ -81.388459154351011, 29.929584264998851 ], [ -81.410098583688566, 29.926328621099632 ], [ -81.432011773376132, 29.925076964587351 ], [ -81.434804669576891, 29.925046019644189 ], [ -81.437825934532384, 29.925014944392046 ], [ -81.438214021743647, 29.925010314208752 ], [ -81.438470955686057, 29.925007386495349 ], [ -81.439298147863809, 29.924998402479094 ], [ -81.440348704423016, 29.924987389810433 ], [ -81.441247117724018, 29.924979673593082 ], [ -81.448502259387666, 29.924930760540597 ], [ -81.458645863591258, 29.924862701680645 ], [ -81.464017913233491, 29.924826311545758 ], [ -81.465269441232735, 29.924816939541177 ], [ -81.46713644624927, 29.924803376381664 ], [ -81.46804141870598, 29.924780300794247 ], [ -81.471054385660992, 29.92469702558996 ], [ -81.472542541779262, 29.924639349971795 ], [ -81.472543345084858, 29.924655016617514 ], [ -81.480207819211117, 29.924403146569791 ], [ -81.491261365999506, 29.924262858431362 ], [ -81.491679030665665, 29.924257198677658 ], [ -81.492387482495744, 29.924248214664011 ], [ -81.492817700489212, 29.924243144985866 ], [ -81.500348418174823, 29.924160924585351 ], [ -81.504865180201875, 29.9240988137113 ], [ -81.507021238736527, 29.924049137494237 ], [ -81.509174613972391, 29.923998074624027 ], [ -81.510535006628587, 29.923969678361981 ], [ -81.5106457646705, 29.923967681915332 ], [ -81.512754618006127, 29.923938978042042 ], [ -81.51318866933957, 29.923934985143891 ], [ -81.514332657294759, 29.923927197884503 ], [ -81.518601706152992, 29.923908274291218 ], [ -81.522181865505303, 29.923891987546426 ], [ -81.524088799508178, 29.923840371028849 ], [ -81.529168231910631, 29.923702656233928 ], [ -81.532306107517499, 29.923618549576275 ], [ -81.552837855503142, 29.923950830037018 ], [ -81.57323188862604, 29.926043804649659 ], [ -81.593289382411484, 29.929877045701346 ], [ -81.612814729811973, 29.93541313701726 ], [ -81.630657097831858, 29.942231188211544 ], [ -81.647854674599486, 29.94134771288423 ], [ -81.648302695271568, 29.941342721769878 ], [ -81.660672782497201, 29.941213086800641 ], [ -81.664889701022602, 29.941169579874046 ], [ -81.66488971175832, 29.941170364804879 ], [ -81.665156159984889, 29.941166440389491 ], [ -81.673521283534328, 29.941087242619073 ], [ -81.677797346715991, 29.941044021278763 ], [ -81.697294405356729, 29.941642662315271 ], [ -81.716641289763672, 29.943828003309637 ], [ -81.73566783067298, 29.947580801448165 ], [ -81.754206621885274, 29.952868008961659 ], [ -81.77209446650987, 29.959643059677411 ], [ -81.789173789712862, 29.967846272998148 ], [ -81.80529400657646, 29.977405372013958 ], [ -81.820312833906485, 29.988236111510663 ], [ -81.834097535121884, 30.000243010722194 ], [ -81.841836034673307, 30.008386064857238 ], [ -81.843220769816469, 30.008371834195145 ], [ -81.845520892457799, 30.008347425573273 ], [ -81.847473189038908, 30.008255037958989 ], [ -81.850437709426146, 30.008184164521072 ], [ -81.854092186248408, 30.008098862876199 ], [ -81.859394639211146, 30.007973081348091 ], [ -81.862401716304348, 30.007903207940487 ], [ -81.862982250804848, 30.007889297142267 ], [ -81.865819561096757, 30.007822629961332 ], [ -81.86649586576327, 30.007807693074685 ], [ -81.870496633907621, 30.007724913034771 ], [ -81.881872278393772, 30.007488407600029 ], [ -81.885744135334207, 30.007408910054536 ], [ -81.885744219017568, 30.007411981800011 ], [ -81.885866058668512, 30.007405676366705 ], [ -81.888071547079747, 30.007361352253461 ], [ -81.894310217745939, 30.007234183424949 ], [ -81.896417826807067, 30.007191879763635 ], [ -81.898477992891372, 30.007149344626338 ], [ -81.902915660581513, 30.007060856828073 ], [ -81.904742289014067, 30.007022112984451 ], [ -81.905111528563552, 30.007014563008791 ], [ -81.906024532287574, 30.006996595092666 ], [ -81.909451949929661, 30.00697018907243 ], [ -81.909785545270495, 30.006961292844462 ], [ -81.909785721402883, 30.006966273854012 ], [ -81.912031813995199, 30.006874239837458 ], [ -81.912695363315009, 30.006860264791918 ], [ -81.914819284693849, 30.006816629107423 ], [ -81.915364224554452, 30.006806057704264 ], [ -81.915856148852754, 30.006797073745609 ], [ -81.922438215906666, 30.006767327153284 ], [ -81.92271139740707, 30.006769846693601 ], [ -81.924870726765974, 30.006727653968344 ], [ -81.926104984287875, 30.006702568209445 ], [ -81.930491582656856, 30.006614449737835 ], [ -81.930815042563395, 30.006608164775717 ], [ -81.931453646169317, 30.006596186164263 ], [ -81.934560261663279, 30.006565449191992 ], [ -81.935473710951968, 30.006541283672263 ], [ -81.940150435130306, 30.006404880315429 ], [ -81.941922353638432, 30.006353908137314 ], [ -81.943537141342816, 30.006312916119505 ], [ -81.94435335705505, 30.006294948203251 ], [ -81.946805578254967, 30.006240965789338 ], [ -81.94726249259304, 30.006231338586513 ], [ -81.947808299243533, 30.006220358192873 ], [ -81.950221617570222, 30.006183968652035 ], [ -81.951016877762569, 30.006175982902441 ], [ -81.952714105950136, 30.006159780239354 ], [ -81.953176130741539, 30.006155820677662 ], [ -81.953700982414375, 30.006151827799297 ], [ -81.96029200699563, 30.006192379127967 ], [ -81.961144143858675, 30.006209348777723 ], [ -81.963889287308021, 30.006266045018599 ], [ -81.964837547253666, 30.006285997776072 ], [ -81.966821786484999, 30.006336009821663 ], [ -81.967229895011229, 30.006347988409917 ], [ -81.967283977532801, 30.00634963373702 ], [ -81.969322028463353, 30.00635697989502 ], [ -81.970135972387837, 30.006356978274457 ], [ -81.970231230014107, 30.00635697826776 ], [ -81.972452713673277, 30.006367281190684 ], [ -81.973529358200381, 30.006377263316846 ], [ -81.977178861745514, 30.006413490759009 ], [ -81.980161570139757, 30.006442300372836 ], [ -81.980342714088437, 30.006443757713544 ], [ -81.980809214800161, 30.006447964859749 ], [ -81.987980853453038, 30.006519393700042 ], [ -81.98808001128468, 30.006520341007121 ], [ -81.992760512280071, 30.006419828018217 ], [ -81.994698242759952, 30.006408856115932 ], [ -81.996716521891571, 30.00637953820063 ], [ -81.998376523156992, 30.006349413065735 ], [ -82.002723392171092, 30.006309958507234 ], [ -82.002769291735305, 30.006309958505835 ], [ -82.006885237339773, 30.00634505723659 ], [ -82.009450602214983, 30.006388955062121 ], [ -82.013159397332629, 30.00643232416822 ], [ -82.01776824500466, 30.00653052011419 ], [ -82.017865033619188, 30.006533514761653 ], [ -82.018111533342037, 30.006541268483492 ], [ -82.018142947295956, 30.006542272813821 ], [ -82.019365963259503, 30.006550434934098 ], [ -82.019888819568422, 30.006557422429871 ], [ -82.021459677371183, 30.006578415511306 ], [ -82.021733262087892, 30.006582226090995 ], [ -82.022008659723454, 30.006586218946449 ], [ -82.027189438306834, 30.006717420592931 ], [ -82.027437896055531, 30.006726404540451 ], [ -82.027450732638897, 30.006726940363883 ], [ -82.027934914379941, 30.006725375653609 ], [ -82.03009866076566, 30.006719122788468 ], [ -82.03009866514526, 30.006720264745763 ], [ -82.031914307704724, 30.006717496614542 ], [ -82.034277137535696, 30.006725482270635 ], [ -82.042191830266859, 30.006753063816056 ], [ -82.044227384414754, 30.00675762606566 ], [ -82.044774695972208, 30.006756576905566 ], [ -82.048059157349371, 30.006752333679959 ], [ -82.049184173752238, 30.006751244262968 ], [ -82.069016850137288, 30.007555192543929 ], [ -82.088671266683235, 30.009997842113293 ], [ -82.107968659723412, 30.014056952452929 ], [ -82.126733450004224, 30.019695561529492 ], [ -82.144794811562178, 30.026862317201871 ], [ -82.161988201472241, 30.035491937910873 ], [ -82.178156837688647, 30.045505798766303 ], [ -82.193153112475684, 30.056812638074035 ], [ -82.206839929280676, 30.069309378305565 ], [ -82.219091951338811, 30.08288205450868 ], [ -82.229796750823269, 30.09740684220337 ], [ -82.238855847971266, 30.112751175903387 ], [ -82.246185630330359, 30.128774948564487 ], [ -82.251718143084631, 30.145331781487265 ], [ -82.255401742337995, 30.162270353511204 ], [ -82.257201604255954, 30.179435777725686 ], [ -82.257297497485936, 30.181377633228557 ], [ -82.257424173337199, 30.193524833788771 ], [ -82.257347854480074, 30.196201673590092 ], [ -82.257343403031541, 30.196572232199824 ], [ -82.257338012334984, 30.200128341082216 ], [ -82.25733736145267, 30.201360301244378 ], [ -82.257337124748474, 30.201561865762027 ], [ -82.257336706068628, 30.201791866917397 ], [ -82.257334835472832, 30.20232292641219 ], [ -82.257334161510158, 30.20245192774221 ], [ -82.257331970536242, 30.202797873722023 ], [ -82.25730219936753, 30.206798027216148 ], [ -82.257207239356674, 30.219821301816708 ], [ -82.257190737094888, 30.222047700043291 ], [ -82.257155280000077, 30.226874679847452 ], [ -82.257151811246686, 30.227371876897781 ], [ -82.257145815076015, 30.228031409248302 ], [ -82.257058036107793, 30.235863447309512 ], [ -82.257035666228916, 30.23793037092911 ], [ -82.257021263765708, 30.239180431562161 ], [ -82.257000834514059, 30.240283208416852 ], [ -82.257026433960263, 30.241076403333068 ], [ -82.257106988653277, 30.246118373227013 ], [ -82.257352057189195, 30.261271734457942 ], [ -82.257423043319463, 30.265641258599079 ], [ -82.257494309353461, 30.270075927929458 ], [ -82.257509274847749, 30.270988948111356 ], [ -82.257111655661774, 30.284957479948144 ], [ -82.256467337646271, 30.290390453925443 ], [ -82.256614936049957, 30.290402444659982 ], [ -82.256607115974404, 30.290474456930859 ], [ -82.256095886931647, 30.293522217821796 ], [ -82.255463084747134, 30.298856878696071 ], [ -82.255460128965439, 30.298874883288022 ], [ -82.255203226146804, 30.298843339541577 ], [ -82.253592876009563, 30.308440667781486 ], [ -82.248500605773671, 30.326052321977528 ], [ -82.241380809843491, 30.343130251192029 ] ] ] } },
{ "type": "Feature", "properties": { "port_complex_id": "jacksonville_fl", "domain": "coastal_outer", "buffer_m": 40000.0, "partition_method": "source-core-plus-representative-point-voronoi-v1", "source_artifact": "config/port_areas_usace.geojson", "source_sha256": "651a7ca775312b7fed37808336854ced4b3b1e90ea4baf47959480cc657b13c0", "geometry_freeze": "outcome-blind-2026-07-23" }, "geometry": { "type": "Polygon", "coordinates": [ [ [ -82.433763655965365, 30.412478288249364 ], [ -82.415669381564442, 30.445244517813805 ], [ -82.39382972073787, 30.47626585115081 ], [ -82.368463967049891, 30.505225341714958 ], [ -82.339828290782961, 30.531826838513513 ], [ -82.336284910803613, 30.534800910927018 ], [ -82.334382766556544, 30.536453545796405 ], [ -82.323036176401772, 30.546471197083662 ], [ -82.318818572106295, 30.550147705745299 ], [ -82.310607127876253, 30.557202149981112 ], [ -82.310551309464756, 30.557250416294188 ], [ -82.281843909399996, 30.583291301941255 ], [ -82.281099437593809, 30.583988184869341 ], [ -82.274700867388404, 30.589844368974877 ], [ -82.266780623063227, 30.596931185323811 ], [ -82.264837880463446, 30.598657632517209 ], [ -82.261237367986624, 30.601835679599727 ], [ -82.260336803142494, 30.602628071710715 ], [ -82.258866944288002, 30.603917346941408 ], [ -82.258443206865124, 30.60428890242228 ], [ -82.255769549059693, 30.606731516517517 ], [ -82.255727015951194, 30.606697000807298 ], [ -82.251841845515074, 30.610285172056582 ], [ -82.251458918284982, 30.610626031715537 ], [ -82.245849868639993, 30.615617345934265 ], [ -82.244606952677742, 30.616718539149403 ], [ -82.244373983768838, 30.61692405995699 ], [ -82.238642101223689, 30.621882793024614 ], [ -82.235851655126865, 30.624250048362239 ], [ -82.21972411600575, 30.638861858117554 ], [ -82.216224606512625, 30.64199334570521 ], [ -82.202634334193789, 30.65400496440876 ], [ -82.200389370729084, 30.656010244600679 ], [ -82.199146628165494, 30.657185971922832 ], [ -82.191285302924697, 30.664203672343827 ], [ -82.190731766823475, 30.664696795609402 ], [ -82.185373878494474, 30.669460361747412 ], [ -82.183964416289385, 30.670761969781726 ], [ -82.173761840684463, 30.680087460555267 ], [ -82.170236794079599, 30.683311714993255 ], [ -82.162814326051446, 30.689928158414475 ], [ -82.157633844824161, 30.694428618583711 ], [ -82.143910913961079, 30.70667342279388 ], [ -82.143510658358139, 30.707029989064626 ], [ -82.139709489957653, 30.710411344150337 ], [ -82.136068236591626, 30.713758719381232 ], [ -82.134410941010984, 30.71518195847981 ], [ -82.112591072514689, 30.739501374424179 ], [ -82.089521382695963, 30.760536787543668 ], [ -82.087962724733302, 30.76236551305087 ], [ -82.059824310558795, 30.789228839072639 ], [ -82.046755698148445, 30.799423633993488 ], [ -82.029646485993837, 30.816072097481044 ], [ -82.029416532898495, 30.81627661678743 ], [ -82.025586059139428, 30.819608741294136 ], [ -82.025487021237012, 30.819710219470736 ], [ -82.025257700700166, 30.819894360010075 ], [ -82.02291260436742, 30.821934123069653 ], [ -82.020825448609031, 30.823709734115887 ], [ -82.013599143283528, 30.829254173007701 ], [ -81.988334988187788, 30.849524742563883 ], [ -81.98821485757793, 30.849609982766527 ], [ -81.956419559192213, 30.870063802924758 ], [ -81.922495166555322, 30.887833133213622 ], [ -81.886748457155292, 30.902756909839802 ], [ -81.886603980033243, 30.902810088519402 ], [ -81.851240790282986, 30.914231348957863 ], [ -81.814814198536837, 30.922866973109993 ], [ -81.777623086242528, 30.928646183459591 ], [ -81.740758801585315, 30.931461711597855 ], [ -81.71990110464958, 30.936703821387987 ], [ -81.71940208101654, 30.936803175457271 ], [ -81.67405424781866, 30.94360091588565 ], [ -81.628106445392064, 30.946083844063512 ], [ -81.627809137784936, 30.94608585141599 ], [ -81.596491563235347, 30.944990630981746 ], [ -81.586602540260614, 30.945041456635312 ], [ -81.586458910753208, 30.945035434634732 ], [ -81.585431756710406, 30.944991282699824 ], [ -81.584702561937604, 30.944959165377195 ], [ -81.548375597306801, 30.941992239117763 ], [ -81.512490970384704, 30.936321645751431 ], [ -81.477323221420974, 30.927990696638272 ], [ -81.47525460411228, 30.927411305267427 ], [ -81.474416480291083, 30.927174482477074 ], [ -81.465824216978532, 30.924388566236395 ], [ -81.44419182763562, 30.922180600129689 ], [ -81.403848396944355, 30.91454426222996 ], [ -81.399085690261586, 30.913428327122595 ], [ -81.392486116830099, 30.911881042268032 ], [ -81.371127615062974, 30.906343035553967 ], [ -81.367956826616421, 30.905440905847591 ], [ -81.330695342913742, 30.893113678154172 ], [ -81.294982540280628, 30.877792491826611 ], [ -81.261144855414159, 30.859617533121352 ], [ -81.242260528866069, 30.847173692162279 ], [ -81.202445132903691, 30.835366947341907 ], [ -81.16377668276462, 30.819949371682437 ], [ -81.127149116350537, 30.801227286970924 ], [ -81.092944078911714, 30.779396185214868 ], [ -81.061517058106205, 30.754683878744736 ], [ -81.033193639172509, 30.727348060151854 ], [ -81.008266118482126, 30.697673550199877 ], [ -80.986990511065741, 30.665969265859388 ], [ -80.986237744955929, 30.664702160584685 ], [ -80.965002680827723, 30.622472501222454 ], [ -80.961880945491416, 30.614978254465111 ], [ -80.952237198726564, 30.588687883183081 ], [ -80.951574847475271, 30.586243599119893 ], [ -80.950500536466009, 30.584481505773354 ], [ -80.932310761228308, 30.550433984852692 ], [ -80.918341478453073, 30.514937092171078 ], [ -80.915478847121378, 30.506184424456642 ], [ -80.907373795783883, 30.476687981772223 ], [ -80.902178588414159, 30.446705892824987 ], [ -80.899926915662675, 30.416450995499435 ], [ -80.899772615385771, 30.410405464643979 ], [ -80.901330328654964, 30.37037464101217 ], [ -80.901906264401561, 30.364812386296197 ], [ -80.902126765204272, 30.362688471428317 ], [ -80.91008852326668, 30.317882847417408 ], [ -80.911403104571235, 30.31268581427069 ], [ -80.913319326803546, 30.305465542012346 ], [ -80.9153304309243, 30.298228469367469 ], [ -80.916169903829385, 30.29520587513057 ], [ -80.930989401049388, 30.253251641171925 ], [ -80.951574879404049, 30.213160009833604 ], [ -80.952302529471297, 30.211946986720953 ], [ -80.95281075294892, 30.211071617672562 ], [ -80.977662214262864, 30.173935211820119 ], [ -80.981833274933535, 30.168476028097793 ], [ -81.008179530711288, 30.137669578658976 ], [ -81.01234401308308, 30.133303565918325 ], [ -81.018472878228849, 30.12737485571196 ], [ -81.018375167533407, 30.121011829880423 ], [ -81.018373749100348, 30.120930456898815 ], [ -81.018363276155924, 30.120292143711474 ], [ -81.01823975388794, 30.112262696271522 ], [ -81.018240093797317, 30.112262692340042 ], [ -81.01823071452003, 30.111699499168228 ], [ -81.018224083821067, 30.111229474838325 ], [ -81.019408428909884, 30.079274089369175 ], [ -81.019412668810261, 30.079226102086668 ], [ -81.019740408241788, 30.075738796348258 ], [ -81.019784622002788, 30.075294929316112 ], [ -81.025155529911416, 30.040834802152727 ], [ -81.034321551421726, 30.006981076099446 ], [ -81.047193008946465, 29.974048133924928 ], [ -81.063646231353673, 29.942341507821695 ], [ -81.083524845968327, 29.912155074881852 ], [ -81.106641350820368, 29.883768369648141 ], [ -81.132778948379453, 29.857444036935885 ], [ -81.161693620642424, 29.833425446590553 ], [ -81.193116424347565, 29.811934490191671 ], [ -81.226755984251028, 29.793169577949541 ], [ -81.262301161778652, 29.777303852189142 ], [ -81.299423875924276, 29.764483631887849 ], [ -81.300290711703056, 29.764225500240766 ], [ -81.34245823651284, 29.753796651956332 ], [ -81.385647153533952, 29.747296685837341 ], [ -81.429378877722044, 29.744797779961445 ], [ -81.432165695874019, 29.744766889684517 ], [ -81.43683361279146, 29.744717365948141 ], [ -81.437858115310121, 29.74470663542191 ], [ -81.439651031196775, 29.74469123025024 ], [ -81.446890381443211, 29.744642403609866 ], [ -81.45703856685887, 29.744574285782534 ], [ -81.461569299701367, 29.744543599397872 ], [ -81.462954552534555, 29.744528852063976 ], [ -81.47720059148439, 29.744128124499028 ], [ -81.488229991252084, 29.743988085370262 ], [ -81.488663049290437, 29.743982227558448 ], [ -81.48936995948111, 29.743973259414766 ], [ -81.490228523020676, 29.743963137969502 ], [ -81.497412471959123, 29.743884682273205 ], [ -81.500442022889857, 29.74384301658429 ], [ -81.503101080900478, 29.743781175196723 ], [ -81.503361684059911, 29.743774897146107 ], [ -81.506247552246322, 29.7437141159517 ], [ -81.506358069350199, 29.743712123031287 ], [ -81.510566598599397, 29.74365481668935 ], [ -81.510999705268901, 29.743650830844715 ], [ -81.513282701299175, 29.743635283839446 ], [ -81.517521958541437, 29.743616484980819 ], [ -81.518422269243871, 29.743612357240298 ], [ -81.522715454899796, 29.743495896487055 ], [ -81.525929871004095, 29.743409689968868 ], [ -81.56690413730044, 29.744073078491422 ], [ -81.607605356877912, 29.748251691964121 ], [ -81.647639254361493, 29.755904958037888 ], [ -81.665136103151951, 29.76086886881486 ], [ -81.671189512661357, 29.760811474134751 ], [ -81.675386981410497, 29.760769028478641 ], [ -81.714296451733205, 29.761964197605639 ], [ -81.752908170605139, 29.7663272250233 ], [ -81.790884675804065, 29.773819891660228 ], [ -81.827893841286198, 29.784376552422394 ], [ -81.863611676263702, 29.797904693901188 ], [ -81.897725066918426, 29.814285721143452 ], [ -81.918354308493292, 29.826514716994321 ], [ -81.920329347094864, 29.826496819230769 ], [ -81.92097830619673, 29.826496953175511 ], [ -81.921459293209281, 29.826487449188477 ], [ -81.925202602305006, 29.826412235897404 ], [ -81.934945604614953, 29.826195523674691 ], [ -81.935068356554879, 29.826191991772493 ], [ -81.938290904011851, 29.826110152970006 ], [ -81.939105342963231, 29.826092216887101 ], [ -81.941555792383724, 29.826038251586994 ], [ -81.942467631654935, 29.826019031294742 ], [ -81.943012249991455, 29.826008070355822 ], [ -81.947828374720686, 29.825935420234487 ], [ -81.948621902454164, 29.825927448636524 ], [ -81.950440825823321, 29.825910047484935 ], [ -81.951362862274564, 29.825902142395417 ], [ -81.95188657047126, 29.825898156593066 ], [ -81.96503990281245, 29.82597911553901 ], [ -81.965890184399129, 29.82599605512236 ], [ -81.968815681790218, 29.826056435053754 ], [ -81.969856795367349, 29.826078333834655 ], [ -81.970795896769786, 29.826099114555344 ], [ -81.974664407657059, 29.826117053455942 ], [ -81.975738706660408, 29.826127017892304 ], [ -81.982350318594655, 29.826191825367889 ], [ -81.983191660290586, 29.826199415770109 ], [ -81.986856206445694, 29.826235987795638 ], [ -81.989137936851009, 29.826181451764221 ], [ -81.993793025935233, 29.826132856735118 ], [ -81.994048635669643, 29.826128214489582 ], [ -82.00272343486381, 29.826049445203754 ], [ -82.00276923441659, 29.826049445202347 ], [ -82.00948861243063, 29.826096477935213 ], [ -82.01703360372737, 29.826202101100268 ], [ -82.022427894724743, 29.826307904692221 ], [ -82.022575187250283, 29.826311625953654 ], [ -82.023074344623126, 29.826318299398142 ], [ -82.024644064744962, 29.826339285818758 ], [ -82.025190042394968, 29.826346893473175 ], [ -82.025464840209224, 29.826350879253173 ], [ -82.026219551116796, 29.826362421357256 ], [ -82.032204530269098, 29.826458517733094 ], [ -82.032722719513245, 29.826458520417138 ], [ -82.035080401019542, 29.826466491920641 ], [ -82.042340687465057, 29.826491823868935 ], [ -82.048133474467804, 29.826491807870877 ], [ -82.048954987754016, 29.826491020999281 ], [ -82.08853429109918, 29.828096074186067 ], [ -82.127760156419072, 29.832972811031766 ], [ -82.16627806383768, 29.841077058806242 ], [ -82.203739643792616, 29.852335396809359 ], [ -82.239805714484646, 29.866645801392497 ], [ -82.274149252273659, 29.883878543238971 ], [ -82.30645827262542, 29.903877329953577 ], [ -82.336438599285373, 29.926460685056039 ], [ -82.363816499489161, 29.951423552552974 ], [ -82.388341163240966, 29.97853911438013 ], [ -82.409787005030822, 30.007560806177771 ], [ -82.427955766852492, 30.03822451509232 ], [ -82.44267840205913, 30.070250941607199 ], [ -82.453816720485534, 30.103348105801835 ], [ -82.461264776406594, 30.137213976945173 ], [ -82.46494998231735, 30.171539203959238 ], [ -82.46505076592706, 30.173480906969424 ], [ -82.465365451679915, 30.197774867514152 ], [ -82.465356660087096, 30.198113216598241 ], [ -82.465349637494384, 30.200675982102183 ], [ -82.465350776160264, 30.201245572079308 ], [ -82.465351321645244, 30.201648701058602 ], [ -82.46535148428886, 30.201878702412841 ], [ -82.465350427605173, 30.20294082512833 ], [ -82.465350079694545, 30.203069827251898 ], [ -82.465347446505874, 30.203761724659351 ], [ -82.465327844713471, 30.207750014748576 ], [ -82.465265866786169, 30.220761509481232 ], [ -82.465231829824845, 30.227797537122786 ], [ -82.465229761360973, 30.228262627105007 ], [ -82.465221105064884, 30.229581707850883 ], [ -82.465153397027024, 30.237383750309775 ], [ -82.465136505486058, 30.239420587923821 ], [ -82.465135360910978, 30.239548279388686 ], [ -82.465206932964151, 30.243415591635763 ], [ -82.465489959664055, 30.258548252054759 ], [ -82.465571902487852, 30.262912282367783 ], [ -82.465654446322574, 30.267349602401435 ], [ -82.465671250488299, 30.268237640228246 ], [ -82.464946658831877, 30.296175885313765 ], [ -82.463687342935131, 30.307025837863769 ], [ -82.463983471637874, 30.307049325929214 ], [ -82.463975831708908, 30.307121350182225 ], [ -82.462968179696418, 30.313220563357223 ], [ -82.461718835252597, 30.323979732341233 ], [ -82.461200300778245, 30.323918946579262 ], [ -82.458035536814279, 30.343062984564259 ], [ -82.447932246479638, 30.378301612634829 ], [ -82.433763655965365, 30.412478288249364 ] ] ] } },
{ "type": "Feature", "properties": { "port_complex_id": "miami_fl", "domain": "coastal_inner", "buffer_m": 20000.0, "partition_method": "source-core-plus-representative-point-voronoi-v1", "source_artifact": "config/port_areas_usace.geojson", "source_sha256": "651a7ca775312b7fed37808336854ced4b3b1e90ea4baf47959480cc657b13c0", "geometry_freeze": "outcome-blind-2026-07-23" }, "geometry": { "type": "Polygon", "coordinates": [ [ [ -81.070726896146411, 25.812594403808777 ], [ -81.07071360427706, 25.814751645846489 ], [ -81.070842790376602, 25.840942900195081 ], [ -81.070859429561153, 25.842472112375717 ], [ -81.070868960993295, 25.842921236081523 ], [ -81.070919913269861, 25.845423737382529 ], [ -81.070924132214842, 25.845537458665067 ], [ -81.071013479727142, 25.848800359101151 ], [ -81.071180647976803, 25.85825945319645 ], [ -81.071200182708438, 25.859230744315667 ], [ -81.071233835601802, 25.862943051356357 ], [ -81.071222146836064, 25.868844078363686 ], [ -81.071220950602381, 25.869227316428681 ], [ -81.071194184401691, 25.875507251901389 ], [ -81.071266667687524, 25.890034401583467 ], [ -80.873527877993126, 25.88086707761396 ], [ -80.873602882590703, 25.908305705789928 ], [ -80.873457882871193, 25.920512708871094 ], [ -80.873318883140996, 25.932236711829752 ], [ -80.873270883166498, 25.933728712206911 ], [ -80.872994883532002, 25.950550716452764 ], [ -80.872959884101206, 25.972370721951727 ], [ -80.872934884281804, 25.979438723732823 ], [ -80.836169873571905, 25.979296724495697 ], [ -80.835824873471395, 25.979296724503229 ], [ -80.835454873363616, 25.979294724510776 ], [ -80.835381873342399, 25.979294724512414 ], [ -80.809249865726102, 25.979108725033115 ], [ -80.802598863787395, 25.97906172516571 ], [ -80.781326857590898, 25.979077725631633 ], [ -80.776486856177897, 25.978971725710043 ], [ -80.749786848395601, 25.978870726264141 ], [ -80.682979828920907, 25.978758727685889 ], [ -80.680040828063994, 25.978753727748362 ], [ -80.680040828062801, 25.97870572773633 ], [ -80.680040828060896, 25.978633727718222 ], [ -80.680040828055198, 25.978419727664182 ], [ -80.680040828053293, 25.978348727646292 ], [ -80.680038828021793, 25.977185727352985 ], [ -80.680037827975298, 25.975442726913275 ], [ -80.680035827928407, 25.973697726473201 ], [ -80.680034827897202, 25.972535726180126 ], [ -80.6800308278128, 25.969400725389395 ], [ -80.680027827705601, 25.965391724378073 ], [ -80.680021827560694, 25.959995723016817 ], [ -80.6800188274768, 25.956861722226201 ], [ -80.654330819988502, 25.95689872279188 ], [ -80.631915813453304, 25.956932723285881 ], [ -80.583800799422207, 25.957004724345815 ], [ -80.577269797516905, 25.956998724485672 ], [ -80.5517527900722, 25.956978725032883 ], [ -80.551667790047503, 25.956982725035662 ], [ -80.551582790022806, 25.9569877250388 ], [ -80.551498789998703, 25.956999725043715 ], [ -80.551434789979993, 25.956998725044766 ], [ -80.551417789974906, 25.956994725044222 ], [ -80.550993789851702, 25.957014725058396 ], [ -80.550846789809, 25.957022725063606 ], [ -80.546431788520707, 25.957014725157084 ], [ -80.535721785395211, 25.956996725384393 ], [ -80.533188784655906, 25.956987725436882 ], [ -80.528868783395097, 25.956979725528399 ], [ -80.52877478336751, 25.956974725529072 ], [ -80.528718783351195, 25.95697372553008 ], [ -80.528688783342403, 25.95697372553072 ], [ -80.528433783268, 25.956973725536326 ], [ -80.528348783243203, 25.956973725538099 ], [ -80.527031782858799, 25.956967725564976 ], [ -80.523081781705699, 25.956951725646519 ], [ -80.521765781321506, 25.956946725673689 ], [ -80.517367780037603, 25.956928725764268 ], [ -80.508233777371103, 25.956891725952577 ], [ -80.504176776186597, 25.956874726036105 ], [ -80.499779774902905, 25.956856726126556 ], [ -80.492892772892418, 25.956839726271394 ], [ -80.472234766861305, 25.956791726706111 ], [ -80.465348764850802, 25.956775726850978 ], [ -80.463408764284395, 25.956770726891698 ], [ -80.457591762585906, 25.95675772701421 ], [ -80.455726762041394, 25.956754727053795 ], [ -80.455652762019696, 25.956754727055404 ], [ -80.455622762011004, 25.956754727056097 ], [ -80.455580761998704, 25.956754727056982 ], [ -80.455535761985601, 25.956754727057863 ], [ -80.455507761977415, 25.956755727058798 ], [ -80.455460761963707, 25.956755727059814 ], [ -80.455319761922595, 25.956755727062923 ], [ -80.455273761909197, 25.956756727064061 ], [ -80.455247761901504, 25.956756727064697 ], [ -80.454526761691099, 25.956758727080803 ], [ -80.452384761066, 25.956767727129279 ], [ -80.451670760857695, 25.95677172714576 ], [ -80.451655760853299, 25.956771727146204 ], [ -80.451636760847805, 25.956771727146577 ], [ -80.451591760834603, 25.956771727147597 ], [ -80.451576760830207, 25.956772727148099 ], [ -80.451494760806398, 25.956773727150075 ], [ -80.451365760768695, 25.956773727152878 ], [ -80.451244760733402, 25.9567747271558 ], [ -80.451078760684908, 25.956774727159388 ], [ -80.450278760451397, 25.956774727176722 ], [ -80.441256757819602, 25.956858727393101 ], [ -80.441191757800595, 25.95685872739438 ], [ -80.441126757781703, 25.956860727396382 ], [ -80.440930757724601, 25.956862727401127 ], [ -80.440613757632207, 25.956868727409482 ], [ -80.440492757596715, 25.956865727411252 ], [ -80.440320757546402, 25.956861727414005 ], [ -80.439578757329798, 25.956859727429549 ], [ -80.439391757275004, 25.956856727432783 ], [ -80.438678757066697, 25.956848727446186 ], [ -80.435792756224203, 25.956854727510212 ], [ -80.435772756218299, 25.956854727510603 ], [ -80.433656755602101, 25.956910727570534 ], [ -80.431542754986296, 25.956967727630605 ], [ -80.431361754933505, 25.956969727635023 ], [ -80.431178754880094, 25.956969727638995 ], [ -80.4308197547753, 25.956970727646997 ], [ -80.430478754675704, 25.956970727654372 ], [ -80.423757752712802, 25.956951727794916 ], [ -80.408728748323014, 25.956907728108781 ], [ -80.407373747928304, 25.956943728147088 ], [ -80.407224747884896, 25.956944728150638 ], [ -80.407135747858803, 25.956944728152518 ], [ -80.407036747830006, 25.956946728155195 ], [ -80.403913746918619, 25.95696972822849 ], [ -80.3935357438898, 25.957047728472592 ], [ -80.390083742881117, 25.957026728541869 ], [ -80.387140742022893, 25.95707472861768 ], [ -80.3783327394504, 25.957075728808313 ], [ -80.375397738593193, 25.957076728871982 ], [ -80.375313738568593, 25.957076728873858 ], [ -80.375213738539401, 25.957076728876011 ], [ -80.375142738518704, 25.957076728877478 ], [ -80.375069738497302, 25.957076728879098 ], [ -80.374979738471097, 25.95707772888132 ], [ -80.374695738387899, 25.957068728885169 ], [ -80.373845738139494, 25.95706172890177 ], [ -80.373562738057103, 25.957073728910885 ], [ -80.372969737883494, 25.957057728919672 ], [ -80.3706457372042, 25.957040728965698 ], [ -80.370047737029395, 25.957036728977499 ], [ -80.366468735984398, 25.957049729058223 ], [ -80.361895734648598, 25.957050729157292 ], [ -80.359053733818499, 25.957051729218993 ], [ -80.3589797337969, 25.957052729220838 ], [ -80.357581733388102, 25.957035729246702 ], [ -80.353388732161903, 25.956986729324981 ], [ -80.352090731782397, 25.956972729349502 ], [ -80.352052731771295, 25.956972729350372 ], [ -80.351386731576596, 25.956967729363395 ], [ -80.350341731272096, 25.9569957293931 ], [ -80.349341730980498, 25.957014729419477 ], [ -80.348336730687194, 25.95702572944397 ], [ -80.347088730322994, 25.957040729474794 ], [ -80.345310729804098, 25.957060729518275 ], [ -80.344113729454307, 25.957057729543386 ], [ -80.343578729299594, 25.957116729569893 ], [ -80.343111729164505, 25.957166729592618 ], [ -80.343031729141103, 25.957168729594802 ], [ -80.342978729125804, 25.957171729596691 ], [ -80.342927729110997, 25.957175729598919 ], [ -80.342817729078803, 25.957174729601025 ], [ -80.341938728822001, 25.95717472961999 ], [ -80.341640728735001, 25.957175729626673 ], [ -80.3412557286224, 25.957173729634455 ], [ -80.341199728606, 25.957171729635164 ], [ -80.3411437285896, 25.957168729635615 ], [ -80.340879728512206, 25.95715772963857 ], [ -80.340728728467909, 25.957150729639945 ], [ -80.340277728335593, 25.95713172964496 ], [ -80.340127728291606, 25.957125729646705 ], [ -80.3399227282315, 25.957116729648877 ], [ -80.339307728051196, 25.957090729655636 ], [ -80.3391037279914, 25.95708272965798 ], [ -80.3383117277601, 25.957085729675956 ], [ -80.336006727086797, 25.957092729727396 ], [ -80.333250726281904, 25.957101729789272 ], [ -80.331787725854596, 25.9571067298222 ], [ -80.326724724375794, 25.957121729935348 ], [ -80.326714724372906, 25.957122729935765 ], [ -80.324440723708705, 25.957130729986996 ], [ -80.323618723468599, 25.957133730005477 ], [ -80.322369723103805, 25.95713773003353 ], [ -80.318622722009295, 25.957149730117472 ], [ -80.317374721644796, 25.957154730145692 ], [ -80.316600721418695, 25.957156730163017 ], [ -80.314280720740996, 25.957164730215041 ], [ -80.313507720515204, 25.957167730232591 ], [ -80.313400720483898, 25.957167730234907 ], [ -80.313079720390206, 25.957169730242271 ], [ -80.312973720359295, 25.957170730244801 ], [ -80.312796720307503, 25.957170730248688 ], [ -80.312267720153002, 25.957170730260117 ], [ -80.312091720101606, 25.9571717302642 ], [ -80.312002720075597, 25.95717173026609 ], [ -80.311736719997796, 25.957171730271806 ], [ -80.311648719972098, 25.95717273027401 ], [ -80.311533719938595, 25.957172730276529 ], [ -80.311274719862894, 25.95717473028262 ], [ -80.311188719837801, 25.957174730284528 ], [ -80.311074719804495, 25.957174730287004 ], [ -80.3110277197908, 25.957174730287964 ], [ -80.310918719758902, 25.95717473029033 ], [ -80.31088871975021, 25.957174730290998 ], [ -80.310842719736698, 25.957174730291968 ], [ -80.310828719732598, 25.957174730292309 ], [ -80.310787719720594, 25.957174730293126 ], [ -80.310774719716903, 25.957174730293374 ], [ -80.310743719707702, 25.9571727302935 ], [ -80.310683719690203, 25.957171730294569 ], [ -80.310650719680496, 25.957169730294808 ], [ -80.310619719671394, 25.957169730295526 ], [ -80.310552719651795, 25.957167730296398 ], [ -80.310355719594099, 25.957164730299922 ], [ -80.310289719574797, 25.957163730301097 ], [ -80.310253719564301, 25.957162730301626 ], [ -80.310145719532699, 25.957159730303207 ], [ -80.310110719522399, 25.957159730303996 ], [ -80.302230717214911, 25.956974730427415 ], [ -80.301903717119401, 25.956975730434714 ], [ -80.301704717061298, 25.95697673043933 ], [ -80.298981716263597, 25.956899730478604 ], [ -80.298824716217595, 25.956896730481304 ], [ -80.298669716172199, 25.956891730483285 ], [ -80.295280715178706, 25.95677573052717 ], [ -80.295057715113501, 25.95677473053178 ], [ -80.294974715089296, 25.95677473053361 ], [ -80.294977715093793, 25.95691073056793 ], [ -80.2949787150947, 25.956933730573724 ], [ -80.294978715095013, 25.956947730577177 ], [ -80.295069715215803, 25.960510731476525 ], [ -80.295074715297901, 25.963559732247578 ], [ -80.295077715316793, 25.964240732419711 ], [ -80.2950787153259, 25.96457373250389 ], [ -80.295087715341197, 25.965049732624077 ], [ -80.295091715347894, 25.965258732676983 ], [ -80.295117715393204, 25.966686733037509 ], [ -80.295150715450802, 25.968498733495121 ], [ -80.295156715460607, 25.968803733572063 ], [ -80.295189715517097, 25.970574734019308 ], [ -80.295106715493006, 25.970576734021609 ], [ -80.294999715461799, 25.970579734024739 ], [ -80.294878715426506, 25.970582734027985 ], [ -80.294796715402597, 25.970584734030329 ], [ -80.291590714467802, 25.970662734119429 ], [ -80.286377712947598, 25.970789734264173 ], [ -80.281972711663101, 25.970894734385986 ], [ -80.279166710844805, 25.970962734463878 ], [ -80.278813710741801, 25.970970734473504 ], [ -80.278766710728206, 25.970972734475136 ], [ -80.278740710720598, 25.97097373447594 ], [ -80.278702710709496, 25.970973734476704 ], [ -80.278668710699606, 25.970974734477714 ], [ -80.278558710667497, 25.970977734480911 ], [ -80.278510710653507, 25.970977734481863 ], [ -80.278447710635106, 25.970979734483812 ], [ -80.275341709729005, 25.971041734566569 ], [ -80.266022707010293, 25.971229734815708 ], [ -80.262917706104403, 25.9712927348987 ], [ -80.262830706079001, 25.971294734901065 ], [ -80.262570706003203, 25.971300734908166 ], [ -80.262484705978196, 25.971303734910904 ], [ -80.2624277059615, 25.971304734912323 ], [ -80.262342705936703, 25.971306734914716 ], [ -80.262256705911696, 25.971308734917017 ], [ -80.262200705895296, 25.971310734918692 ], [ -80.261792705776301, 25.971321734930388 ], [ -80.260568705419502, 25.971357734965999 ], [ -80.260489705396495, 25.971360734968389 ], [ -80.260161705301002, 25.971372734978527 ], [ -80.257880704636506, 25.971458735049591 ], [ -80.251040702644005, 25.97171873526332 ], [ -80.248760701979904, 25.971806735334841 ], [ -80.248637701944105, 25.971810735338511 ], [ -80.248267701836298, 25.971824735349994 ], [ -80.248145701800794, 25.971829735353868 ], [ -80.247869701720305, 25.971839735362529 ], [ -80.24704170147912, 25.971870735388187 ], [ -80.246973701459297, 25.971873735390439 ], [ -80.246926701445602, 25.971874735391737 ], [ -80.246765701398701, 25.971878735396192 ], [ -80.246717701384597, 25.971879735397501 ], [ -80.246641701362407, 25.971880735399374 ], [ -80.246598701349896, 25.97188073540028 ], [ -80.246536701331806, 25.971881735401908 ], [ -80.246470701312504, 25.971882735403575 ], [ -80.246428701300303, 25.971883735404692 ], [ -80.243563700464094, 25.971934735479579 ], [ -80.238059698857796, 25.972032735623269 ], [ -80.2349706979562, 25.97208873570429 ], [ -80.233385697493603, 25.972117735745929 ], [ -80.232106697120301, 25.972140735779401 ], [ -80.231699697001503, 25.972147735790024 ], [ -80.230478696645207, 25.972169735821911 ], [ -80.230330696601996, 25.972172735825893 ], [ -80.230179696558693, 25.972207735838001 ], [ -80.230078696529802, 25.972230735845972 ], [ -80.229981696501994, 25.972251735853398 ], [ -80.229920696484498, 25.972265735858297 ], [ -80.229762696439295, 25.972301735870822 ], [ -80.229691696418996, 25.972316735876106 ], [ -80.229595696391499, 25.972337735883531 ], [ -80.228650696114514, 25.972312735897578 ], [ -80.228162695971506, 25.972299735904759 ], [ -80.227800695866009, 25.97231273591602 ], [ -80.22696669562221, 25.972311735933786 ], [ -80.225558695210495, 25.972309735963702 ], [ -80.225002695047905, 25.972308735975499 ], [ -80.224628694938502, 25.972307735983303 ], [ -80.2244786948947, 25.972307735986615 ], [ -80.223971694746396, 25.972306735997343 ], [ -80.222822694410496, 25.972305736021809 ], [ -80.219539693451495, 25.972337736100936 ], [ -80.217205692769696, 25.972359736156935 ], [ -80.214850692081797, 25.972383736213899 ], [ -80.214258691909194, 25.972400736230984 ], [ -80.213472691679797, 25.972417736252307 ], [ -80.210338690766704, 25.972536736350133 ], [ -80.210165690716295, 25.972543736355561 ], [ -80.209963690657403, 25.972552736362267 ], [ -80.207296689880394, 25.972658736446682 ], [ -80.206230689569907, 25.972700736480384 ], [ -80.206010689506101, 25.972721736490474 ], [ -80.205176689264306, 25.972801736528751 ], [ -80.204090688948, 25.972846736563572 ], [ -80.2040696889419, 25.972846736564104 ], [ -80.204007688923696, 25.972846736565415 ], [ -80.203987688917906, 25.972847736566123 ], [ -80.203834688873599, 25.972861736572892 ], [ -80.203375688739499, 25.972869736584933 ], [ -80.203223688695303, 25.972875736589696 ], [ -80.203062688648203, 25.97287573659321 ], [ -80.202578688506705, 25.972877736604151 ], [ -80.20241868846, 25.972878736607882 ], [ -80.202270688416803, 25.972882736612128 ], [ -80.201829688288214, 25.972894736624664 ], [ -80.201682688245299, 25.972899736629103 ], [ -80.200949688031599, 25.972922736650702 ], [ -80.199703687668304, 25.972963736688058 ], [ -80.198753687391402, 25.972995736716712 ], [ -80.198022687178394, 25.973020736738778 ], [ -80.195879686553894, 25.973102736805888 ], [ -80.195064686316996, 25.97315573683689 ], [ -80.194424686130304, 25.973173736855291 ], [ -80.191013685134294, 25.973225736942183 ], [ -80.190844685085509, 25.973250736952224 ], [ -80.190391684952701, 25.973236736958409 ], [ -80.186722683882195, 25.973329737061174 ], [ -80.186401683788603, 25.973338737070417 ], [ -80.186210683732895, 25.973343737075886 ], [ -80.185638683565998, 25.973357737091717 ], [ -80.1854486835106, 25.973363737097426 ], [ -80.185355683483394, 25.973364737099708 ], [ -80.185077683402199, 25.973366737106229 ], [ -80.184985683375302, 25.973368737108672 ], [ -80.184857683337896, 25.973369737111724 ], [ -80.184475683226296, 25.973374737121233 ], [ -80.184348683189199, 25.973376737124422 ], [ -80.184282683169997, 25.973377737126064 ], [ -80.18408668311281, 25.973381737131398 ], [ -80.184021683093803, 25.973383737133254 ], [ -80.183772683021203, 25.973389737140202 ], [ -80.1830266828036, 25.973410737161675 ], [ -80.182778682731296, 25.973418737169016 ], [ -80.182762682726604, 25.973419737169603 ], [ -80.182692682706303, 25.973425737172583 ], [ -80.182625682686904, 25.97343173717562 ], [ -80.182168682554305, 25.973472737195831 ], [ -80.182016682510195, 25.973486737202673 ], [ -80.181893682474296, 25.973488737205816 ], [ -80.181526682367206, 25.973496737215786 ], [ -80.181404682331504, 25.973499737219214 ], [ -80.1812236822784, 25.973489737220643 ], [ -80.181087682238598, 25.973488737223292 ], [ -80.180993682211096, 25.973487737224968 ], [ -80.180680682119302, 25.973479737229813 ], [ -80.180500682066608, 25.973474737232475 ], [ -80.180122681955993, 25.973474737240611 ], [ -80.178988681624404, 25.973474737265079 ], [ -80.178650681525497, 25.973474737272433 ], [ -80.178610681513803, 25.973474737273314 ], [ -80.177864681296001, 25.973487737292693 ], [ -80.175627680642904, 25.97352673735088 ], [ -80.174882680425412, 25.973540737370481 ], [ -80.174809680404096, 25.973541737372418 ], [ -80.174672680364012, 25.973544737376105 ], [ -80.174594680341499, 25.973554737380347 ], [ -80.174523680321002, 25.973565737384703 ], [ -80.174500680314395, 25.973568737385886 ], [ -80.174490680311493, 25.973570737386623 ], [ -80.1744676803049, 25.973573737387948 ], [ -80.174432680294601, 25.973573737388659 ], [ -80.174410680288204, 25.973573737389064 ], [ -80.174394680283513, 25.973573737389369 ], [ -80.174347680269804, 25.973573737390549 ], [ -80.174332680265394, 25.973573737390769 ], [ -80.174286680251896, 25.973573737391792 ], [ -80.174151680212404, 25.973573737394698 ], [ -80.174106680199301, 25.973573737395714 ], [ -80.173970680159499, 25.973573737398585 ], [ -80.173872680130899, 25.973574737401009 ], [ -80.173173679926705, 25.973581737417767 ], [ -80.172940679858598, 25.973584737423629 ], [ -80.171647679480401, 25.973583737451264 ], [ -80.167768678345993, 25.97358373753513 ], [ -80.166476677968106, 25.973583737563125 ], [ -80.166325677925002, 25.973623737576514 ], [ -80.166229677897604, 25.973650737585377 ], [ -80.165983677827498, 25.973717737607675 ], [ -80.165943677816102, 25.973728737611296 ], [ -80.165912677807299, 25.973737737614314 ], [ -80.165726677754193, 25.973787737630907 ], [ -80.165591677715796, 25.973829737644486 ], [ -80.165394677659805, 25.973891737664427 ], [ -80.165178677596614, 25.97388973766861 ], [ -80.1650386775557, 25.973889737671563 ], [ -80.164490677395804, 25.973905737687495 ], [ -80.162846676916303, 25.973953737735183 ], [ -80.162299676756803, 25.973970737751337 ], [ -80.1618936766383, 25.973981737762923 ], [ -80.160676676283302, 25.974016737798067 ], [ -80.160271676165195, 25.974028737809856 ], [ -80.159862676045805, 25.974038737821182 ], [ -80.158636675688001, 25.974069737855466 ], [ -80.158228675569006, 25.974080737867101 ], [ -80.158119675537193, 25.974083737870259 ], [ -80.157795675442699, 25.974091737879313 ], [ -80.157687675411196, 25.974095737882617 ], [ -80.157586675381694, 25.974098737885619 ], [ -80.157436675337905, 25.974102737889798 ], [ -80.157334675308107, 25.974104737892549 ], [ -80.156580675088193, 25.974124737913922 ], [ -80.156329675015002, 25.974132737921305 ], [ -80.156306675008295, 25.974132737921838 ], [ -80.156237674988105, 25.974134737923762 ], [ -80.156215674981695, 25.974135737924641 ], [ -80.156029674927396, 25.974140737929769 ], [ -80.155473674765204, 25.974155737945686 ], [ -80.155288674711301, 25.974161737951203 ], [ -80.155073674648506, 25.974167737957291 ], [ -80.15442867446032, 25.974185737975812 ], [ -80.154213674397596, 25.974191737981997 ], [ -80.154121674370799, 25.974195737984981 ], [ -80.153848674291297, 25.974206737993718 ], [ -80.153757674264796, 25.9742117379969 ], [ -80.153538674201002, 25.974220738003869 ], [ -80.152883674010198, 25.974249738025364 ], [ -80.1526656739467, 25.974259738032607 ], [ -80.152579673921494, 25.974260738034676 ], [ -80.152324673847005, 25.974263738041106 ], [ -80.152239673822194, 25.974265738043442 ], [ -80.152179673804696, 25.974266738044879 ], [ -80.152139673793002, 25.974266738045777 ], [ -80.152119673787197, 25.974267738046482 ], [ -80.151930673731997, 25.974270738051292 ], [ -80.151840673705621, 25.974271738053478 ], [ -80.151741673676796, 25.974273738056176 ], [ -80.151438673588501, 25.974286738065988 ], [ -80.1505306733239, 25.974324738095191 ], [ -80.150228673236001, 25.97433873810531 ], [ -80.150208673230097, 25.974338738105818 ], [ -80.1501516732135, 25.97434073810745 ], [ -80.150132673208006, 25.974341738108091 ], [ -80.149718673087193, 25.974355738120614 ], [ -80.148478672725602, 25.974396738157775 ], [ -80.148065672605199, 25.974411738170502 ], [ -80.148022672592404, 25.974400738168701 ], [ -80.147905672558494, 25.974411738173984 ], [ -80.147866672547096, 25.974412738175076 ], [ -80.147826672535302, 25.974410738175369 ], [ -80.147779672521494, 25.974408738175896 ], [ -80.147640672480705, 25.974402738177535 ], [ -80.147594672467207, 25.974401738178166 ], [ -80.147572672460797, 25.974400738178421 ], [ -80.146918672270203, 25.974429738199952 ], [ -80.146257672077709, 25.974460738221978 ], [ -80.146117672036894, 25.974466738226628 ], [ -80.145993672000799, 25.974471738230481 ], [ -80.145951671988499, 25.974473738231868 ], [ -80.145624671892904, 25.974474738239188 ], [ -80.144725671629999, 25.974476738259202 ], [ -80.144475671557501, 25.974498738270082 ], [ -80.143851671375003, 25.974501738284385 ], [ -80.143677671324298, 25.974508738289881 ], [ -80.143503671273606, 25.974515738295484 ], [ -80.142127670875496, 25.974680738366878 ], [ -80.134051668518197, 25.974870738589591 ], [ -80.133984668498599, 25.974872738591486 ], [ -80.133869668464996, 25.974872738593984 ], [ -80.133864668443508, 25.974114738402232 ], [ -80.133155668236299, 25.974124738420013 ], [ -80.130413667437097, 25.974231738506386 ], [ -80.128077666756198, 25.974323738580068 ], [ -80.123876665531597, 25.97448873871274 ], [ -80.123832665520496, 25.9745567387309 ], [ -80.123791665510197, 25.974620738747927 ], [ -80.123790665510199, 25.974631738750727 ], [ -80.123768665510809, 25.974894738817831 ], [ -80.123762665511293, 25.974982738840257 ], [ -80.12367166548492, 25.974989738843977 ], [ -80.123399665405898, 25.975012738855614 ], [ -80.123309665379793, 25.975020738859644 ], [ -80.123263665366395, 25.975024738861617 ], [ -80.122850665246318, 25.975051738877418 ], [ -80.122794665230003, 25.975054738879386 ], [ -80.122645665186695, 25.975064738885052 ], [ -80.122511665147798, 25.975073738890291 ], [ -80.1222166650617, 25.975082738898873 ], [ -80.1218626649583, 25.975088738908092 ], [ -80.121249664779299, 25.975099738924126 ], [ -80.12031466450631, 25.97512073894972 ], [ -80.119559664285902, 25.975138738970468 ], [ -80.119496664267501, 25.975139738972114 ], [ -80.119461664257202, 25.975139738972871 ], [ -80.118318663923503, 25.975165739004222 ], [ -80.118149663873993, 25.975163739007328 ], [ -80.118080663853803, 25.975162739008578 ], [ -80.116514663394796, 25.975129739033981 ], [ -80.116026663251802, 25.975119739042118 ], [ -80.1153866630642, 25.975107739052788 ], [ -80.113794662597797, 25.975078739079922 ], [ -80.112624662254902, 25.975056739099607 ], [ -80.112202662131295, 25.975052739107717 ], [ -80.110936661760704, 25.975043739132815 ], [ -80.110515661637393, 25.975040739141104 ], [ -80.098863658227899, 25.975024739388818 ], [ -80.063910647998895, 25.974976740131556 ], [ -80.052259644588702, 25.974960740379153 ], [ -80.052310644597398, 25.97472174031752 ], [ -80.052361644605995, 25.97448274025589 ], [ -80.053282644760998, 25.970148739138271 ], [ -80.055540645141306, 25.959527736399206 ], [ -80.058720645677496, 25.94457273254169 ], [ -80.063729646523001, 25.921012726463179 ], [ -80.067687647192017, 25.902399721659929 ], [ -80.063805645652494, 25.887019717843508 ], [ -80.061873644886404, 25.879363715943317 ], [ -80.060692644319303, 25.870904713823066 ], [ -80.059406643701905, 25.861695711514521 ], [ -80.057506642789804, 25.848075708099472 ], [ -80.056230638073444, 25.838926163679673 ], [ -79.858783290233177, 25.827814258144414 ], [ -79.858787774553733, 25.827453675349648 ], [ -79.859011867048807, 25.823845979752015 ], [ -79.861483680791167, 25.784070589578146 ], [ -79.865127455741131, 25.758141560895922 ], [ -79.865657544461243, 25.7557362777507 ], [ -79.866568405488479, 25.751615299353201 ], [ -79.868026217295224, 25.745013666878709 ], [ -79.870892455409845, 25.732037135849179 ], [ -79.873449565367238, 25.720461906424923 ], [ -79.877909081571261, 25.704149566684727 ], [ -79.878754144169193, 25.701939775395125 ], [ -79.876797464606923, 25.698859198117464 ], [ -79.8681986329278, 25.683736802647417 ], [ -79.861171236925145, 25.667935587260374 ], [ -79.857947577321283, 25.659593380636903 ], [ -79.852757796605033, 25.643986497205752 ], [ -79.849099573824205, 25.628011870195742 ], [ -79.847001432206966, 25.611797676863361 ], [ -79.846265727707504, 25.6026596474427 ], [ -79.845739788808316, 25.586593278785756 ], [ -79.846743665294142, 25.570545607017003 ], [ -79.847825257731998, 25.560752074739813 ], [ -79.851272203779047, 25.540669009318666 ], [ -79.857108491939385, 25.521064553932735 ], [ -79.861547484270446, 25.508849338342941 ], [ -79.867904673370901, 25.493634874833482 ], [ -79.875700238862578, 25.479006414833222 ], [ -79.884871316429184, 25.4650807024458 ], [ -79.893353185184424, 25.453404388513551 ], [ -79.904498381893546, 25.439524472081587 ], [ -79.917007259429951, 25.426684452570701 ], [ -79.917062058057013, 25.426637928134699 ], [ -79.91623625205591, 25.421650327371637 ], [ -79.914285335541791, 25.404496402769293 ], [ -79.913892293148933, 25.398199852784092 ], [ -79.913588828925512, 25.384690096289919 ], [ -79.914362591864261, 25.371195928232485 ], [ -79.914838341880866, 25.366311570021949 ], [ -79.918748812659402, 25.343030166631291 ], [ -79.919250131310307, 25.340940834663598 ], [ -79.921660397787292, 25.331970257943919 ], [ -79.922350997589277, 25.32965116754696 ], [ -79.923191922114015, 25.326830694906761 ], [ -79.928033777474866, 25.312811320522513 ], [ -79.92907054956359, 25.310178652276878 ], [ -79.935183414817146, 25.29641857385856 ], [ -79.935803748597351, 25.295168926233217 ], [ -79.936916044737089, 25.292846670563659 ], [ -79.949823452902791, 25.270285276190272 ], [ -79.951010125342776, 25.268520491287006 ], [ -79.951757919886248, 25.267352628681436 ], [ -79.95610880840718, 25.261015393497246 ], [ -79.957595514879657, 25.257855708502628 ], [ -79.9615074122392, 25.250570494542071 ], [ -79.964350263736563, 25.245477077429523 ], [ -79.965803943884012, 25.242969450038519 ], [ -79.967486187606639, 25.24006510238133 ], [ -79.979108576932816, 25.222457638109347 ], [ -79.985718678123746, 25.214594854246428 ], [ -79.986534363185527, 25.213334924652614 ], [ -79.997024944074383, 25.200017522947224 ], [ -79.997259109974479, 25.199746772453683 ], [ -80.00964752643425, 25.186739014162868 ], [ -80.02330448147211, 25.17488472876893 ], [ -80.038106300816949, 25.164290986370812 ], [ -80.053919131271755, 25.155053446092047 ], [ -80.070600143756351, 25.147255501226926 ], [ -80.087998811059393, 25.140967534689192 ], [ -80.105958249318689, 25.136246291119843 ], [ -80.124316611883302, 25.133134370995208 ], [ -80.142908523920156, 25.13165985102744 ], [ -80.161566545905686, 25.131836034073402 ], [ -80.180122653989983, 25.133661330665355 ], [ -80.198409725131697, 25.137119273165276 ], [ -80.198841914854995, 25.137221128066265 ], [ -80.207916147764266, 25.139576712133533 ], [ -80.209626082281119, 25.140062029932686 ], [ -80.21928664654618, 25.142805762983986 ], [ -80.235556477544989, 25.147425397304392 ], [ -80.241754807468439, 25.139452252428921 ], [ -80.25438867812143, 25.126139280335305 ], [ -80.26834711758633, 25.114031096432988 ], [ -80.283498086834641, 25.103241941144994 ], [ -80.287618621473996, 25.100859577661112 ], [ -80.297452231943851, 25.092887631566629 ], [ -80.312972657243691, 25.082586860162056 ], [ -80.329489094228279, 25.073737525104548 ], [ -80.346845951530526, 25.066422974036833 ], [ -80.364879866047801, 25.060712086062374 ], [ -80.369121949591388, 25.059785029663662 ], [ -80.369740813316781, 25.0592545038343 ], [ -80.384845807290176, 25.048617065074335 ], [ -80.400977296452481, 25.039386745337939 ], [ -80.417985142819077, 25.031649415261814 ], [ -80.435711201439688, 25.025477041645523 ], [ -80.453990772219498, 25.020927025840653 ], [ -80.472654107385722, 25.018041676384435 ], [ -80.49152796164708, 25.016847820488614 ], [ -80.510437171855628, 25.017356557775354 ], [ -80.510769205893382, 25.017395624758279 ], [ -80.515119697416793, 25.016253169959079 ], [ -80.52706749474217, 25.005980915763782 ], [ -80.542044813706127, 24.995385842729874 ], [ -80.558037823738161, 24.986177869229849 ], [ -80.560653001945724, 24.984978288578148 ], [ -80.565247039573435, 24.982293394705504 ], [ -80.586336199848887, 24.97301793824327 ], [ -80.586889310893127, 24.972811218194963 ], [ -80.607566052596283, 24.966631889787497 ], [ -80.613180706935523, 24.964635316488906 ], [ -80.633278159965641, 24.959689353400876 ], [ -80.633880995149781, 24.959572520224256 ], [ -80.652556081028578, 24.956822911223838 ], [ -80.671427406610064, 24.955766816713854 ], [ -80.690319813801139, 24.95641405668054 ], [ -80.697798009979834, 24.957350175614433 ], [ -80.712901309258939, 24.957154271690335 ], [ -80.731162134459439, 24.95851547709664 ], [ -80.735095499251287, 24.959158303369133 ], [ -80.742849520465796, 24.957513028296493 ], [ -80.743276679407529, 24.957443128694539 ], [ -80.761932770084641, 24.955245635583132 ], [ -80.780728091188053, 24.954728325718978 ], [ -80.799490060736673, 24.955895957768011 ], [ -80.818046397324963, 24.958737790753609 ], [ -80.836226673076027, 24.963227681597065 ], [ -80.836797663135272, 24.963396446930105 ], [ -80.837240154520998, 24.963533921606558 ], [ -80.837888329214067, 24.963621696273567 ], [ -80.856049942196719, 24.967763614728124 ], [ -80.873707619722254, 24.973502765689769 ], [ -80.890700964037677, 24.980786963328264 ], [ -80.906875504882223, 24.989549962643359 ], [ -80.922084084985542, 24.999712054867704 ], [ -80.927572270824029, 25.004175402148856 ], [ -80.933209989501123, 25.00720208094366 ], [ -80.936291626244781, 25.009268661600995 ], [ -80.948546853626297, 25.014509562172677 ], [ -80.965260657642702, 25.023615146600264 ], [ -80.980933398482975, 25.034213788170515 ], [ -80.995412290097661, 25.046202284808277 ], [ -81.008555988816553, 25.059463869896469 ], [ -81.020235968902824, 25.073869338535374 ], [ -81.03033778172302, 25.089278295241083 ], [ -81.038762186122028, 25.10554051146363 ], [ -81.045426138514117, 25.122497380214753 ], [ -81.050263632248416, 25.139983454111537 ], [ -81.053226376985819, 25.157828052270148 ], [ -81.054284310131379, 25.175856920735125 ], [ -81.054334191474723, 25.184853319003267 ], [ -81.05437156340416, 25.191363729963868 ], [ -81.054373947898796, 25.191963033388316 ], [ -81.054374289277476, 25.19211703319451 ], [ -81.054373473720005, 25.193141693593713 ], [ -81.054339357372655, 25.20209820819715 ], [ -81.05432121294352, 25.206928620780356 ], [ -81.05458335826809, 25.207911515255727 ], [ -81.05737780051895, 25.225814377133538 ], [ -81.05825608531454, 25.243885663000842 ], [ -81.058242030992005, 25.246890764566473 ], [ -81.058229815436761, 25.249794275338363 ], [ -81.058232374829828, 25.251573039685187 ], [ -81.058242643039861, 25.253630676849724 ], [ -81.058251675010908, 25.254435969543874 ], [ -81.058261549793102, 25.255816847720794 ], [ -81.058271703518741, 25.259106513207701 ], [ -81.058323631258943, 25.269209134306131 ], [ -81.058367616845146, 25.27777808851182 ], [ -81.058381199394574, 25.280316692154528 ], [ -81.058397427123481, 25.283511618746537 ], [ -81.058483995308734, 25.30042002681849 ], [ -81.058484980885481, 25.300640431481707 ], [ -81.058497614727656, 25.303945512060839 ], [ -81.060757888753514, 25.309652726116834 ], [ -81.06563808148357, 25.327139098536161 ], [ -81.06863633019627, 25.344986986939627 ], [ -81.069722159200566, 25.36302175586783 ], [ -81.069756190001428, 25.367975718000313 ], [ -81.069798060143512, 25.3744998656977 ], [ -81.069799798349436, 25.376357602974672 ], [ -81.069779724266525, 25.380774721002339 ], [ -81.069771891349163, 25.382557953306538 ], [ -81.069801313489364, 25.38612345720442 ], [ -81.069899437102009, 25.397870936605468 ], [ -81.070042430914782, 25.416807604156002 ], [ -81.070046837414168, 25.417708746711373 ], [ -81.070063374704603, 25.425124737231933 ], [ -81.07006351743469, 25.425188736945344 ], [ -81.070080353028345, 25.433185329609653 ], [ -81.070080456523172, 25.433231726680042 ], [ -81.070085157669212, 25.435339208263354 ], [ -81.070109955839911, 25.43910566843984 ], [ -81.070181136421198, 25.45033293651327 ], [ -81.070187167995272, 25.45126468253342 ], [ -81.070235022216835, 25.458781970562924 ], [ -81.070234256598013, 25.458781974756054 ], [ -81.070239318453204, 25.45961069307506 ], [ -81.070251919889472, 25.465255685839587 ], [ -81.070252138672899, 25.465353685692534 ], [ -81.070293565729997, 25.483905661909521 ], [ -81.070266963783538, 25.487307206257114 ], [ -81.070048275637589, 25.499538529232492 ], [ -81.070010676969005, 25.501631718922276 ], [ -81.070065700654496, 25.511706439784234 ], [ -81.070235679593964, 25.540826395923737 ], [ -81.070250139552044, 25.543276030051583 ], [ -81.07026463539961, 25.545732306142643 ], [ -81.070342226438939, 25.558948613193689 ], [ -81.070344173028928, 25.560511989142334 ], [ -81.0702623801172, 25.584691504009012 ], [ -81.070281964281932, 25.60438986661325 ], [ -81.070280860788174, 25.605190797625966 ], [ -81.070240797192739, 25.615872872208342 ], [ -81.0702185921742, 25.621596614059477 ], [ -81.070218021791234, 25.621751154504452 ], [ -81.070390056681006, 25.625392784585316 ], [ -81.070415204254417, 25.648201790950061 ], [ -81.07041455020159, 25.648893062374544 ], [ -81.070371688804912, 25.663200435583782 ], [ -81.070364594380905, 25.665642626538371 ], [ -81.07036552896912, 25.668902474114638 ], [ -81.070377559392242, 25.683142439899786 ], [ -81.070378892077457, 25.685541782025023 ], [ -81.070381637629083, 25.689427802001237 ], [ -81.070384294743562, 25.69326084577056 ], [ -81.070407268184383, 25.714154636632564 ], [ -81.070430027142521, 25.734959689521038 ], [ -81.070429982210925, 25.735365565833373 ], [ -81.070410874332282, 25.749886657491643 ], [ -81.070495103884383, 25.758770086948079 ], [ -81.070541655126135, 25.759417380695993 ], [ -81.070544482936157, 25.759785377440686 ], [ -81.070581994206378, 25.765196301589089 ], [ -81.070618195731583, 25.769891056540892 ], [ -81.070622774314643, 25.770810289903089 ], [ -81.070622868824728, 25.770852289848225 ], [ -81.07062327428342, 25.771314507874557 ], [ -81.070620412794042, 25.777084992264019 ], [ -81.070624800603113, 25.803834979703261 ], [ -81.070712500607527, 25.805814604583045 ], [ -81.070729220002534, 25.811017590813933 ], [ -81.070726896146411, 25.812594403808777 ] ] ] } },
{ "type": "Feature", "properties": { "port_complex_id": "miami_fl", "domain": "coastal_outer", "buffer_m": 40000.0, "partition_method": "source-core-plus-representative-point-voronoi-v1", "source_artifact": "config/port_areas_usace.geojson", "source_sha256": "651a7ca775312b7fed37808336854ced4b3b1e90ea4baf47959480cc657b13c0", "geometry_freeze": "outcome-blind-2026-07-23" }, "geometry": { "type": "Polygon", "coordinates": [ [ [ -81.268801242961175, 25.855661859326286 ], [ -81.26888529131395, 25.863086368165501 ], [ -81.268886913937834, 25.868987402174145 ], [ -81.26888625060684, 25.86975388042973 ], [ -81.268875211880996, 25.875256718772704 ], [ -81.269045994833974, 25.898822167172558 ], [ -80.873527877993126, 25.88086707761396 ], [ -80.873602882590703, 25.908305705789928 ], [ -80.873457882871193, 25.920512708871094 ], [ -80.873318883140996, 25.932236711829752 ], [ -80.873270883166498, 25.933728712206911 ], [ -80.872994883532002, 25.950550716452764 ], [ -80.872959884101206, 25.972370721951727 ], [ -80.872934884281804, 25.979438723732823 ], [ -80.836169873571905, 25.979296724495697 ], [ -80.835824873471395, 25.979296724503229 ], [ -80.835454873363616, 25.979294724510776 ], [ -80.835381873342399, 25.979294724512414 ], [ -80.809249865726102, 25.979108725033115 ], [ -80.802598863787395, 25.97906172516571 ], [ -80.781326857590898, 25.979077725631633 ], [ -80.776486856177897, 25.978971725710043 ], [ -80.749786848395601, 25.978870726264141 ], [ -80.682979828920907, 25.978758727685889 ], [ -80.680040828063994, 25.978753727748362 ], [ -80.680040828062801, 25.97870572773633 ], [ -80.680040828060896, 25.978633727718222 ], [ -80.680040828055198, 25.978419727664182 ], [ -80.680040828053293, 25.978348727646292 ], [ -80.680038828021793, 25.977185727352985 ], [ -80.680037827975298, 25.975442726913275 ], [ -80.680035827928407, 25.973697726473201 ], [ -80.680034827897202, 25.972535726180126 ], [ -80.6800308278128, 25.969400725389395 ], [ -80.680027827705601, 25.965391724378073 ], [ -80.680021827560694, 25.959995723016817 ], [ -80.6800188274768, 25.956861722226201 ], [ -80.654330819988502, 25.95689872279188 ], [ -80.631915813453304, 25.956932723285881 ], [ -80.583800799422207, 25.957004724345815 ], [ -80.577269797516905, 25.956998724485672 ], [ -80.5517527900722, 25.956978725032883 ], [ -80.551667790047503, 25.956982725035662 ], [ -80.551582790022806, 25.9569877250388 ], [ -80.551498789998703, 25.956999725043715 ], [ -80.551434789979993, 25.956998725044766 ], [ -80.551417789974906, 25.956994725044222 ], [ -80.550993789851702, 25.957014725058396 ], [ -80.550846789809, 25.957022725063606 ], [ -80.546431788520707, 25.957014725157084 ], [ -80.535721785395211, 25.956996725384393 ], [ -80.533188784655906, 25.956987725436882 ], [ -80.528868783395097, 25.956979725528399 ], [ -80.52877478336751, 25.956974725529072 ], [ -80.528718783351195, 25.95697372553008 ], [ -80.528688783342403, 25.95697372553072 ], [ -80.528433783268, 25.956973725536326 ], [ -80.528348783243203, 25.956973725538099 ], [ -80.527031782858799, 25.956967725564976 ], [ -80.523081781705699, 25.956951725646519 ], [ -80.521765781321506, 25.956946725673689 ], [ -80.517367780037603, 25.956928725764268 ], [ -80.508233777371103, 25.956891725952577 ], [ -80.504176776186597, 25.956874726036105 ], [ -80.499779774902905, 25.956856726126556 ], [ -80.492892772892418, 25.956839726271394 ], [ -80.472234766861305, 25.956791726706111 ], [ -80.465348764850802, 25.956775726850978 ], [ -80.463408764284395, 25.956770726891698 ], [ -80.457591762585906, 25.95675772701421 ], [ -80.455726762041394, 25.956754727053795 ], [ -80.455652762019696, 25.956754727055404 ], [ -80.455622762011004, 25.956754727056097 ], [ -80.455580761998704, 25.956754727056982 ], [ -80.455535761985601, 25.956754727057863 ], [ -80.455507761977415, 25.956755727058798 ], [ -80.455460761963707, 25.956755727059814 ], [ -80.455319761922595, 25.956755727062923 ], [ -80.455273761909197, 25.956756727064061 ], [ -80.455247761901504, 25.956756727064697 ], [ -80.454526761691099, 25.956758727080803 ], [ -80.452384761066, 25.956767727129279 ], [ -80.451670760857695, 25.95677172714576 ], [ -80.451655760853299, 25.956771727146204 ], [ -80.451636760847805, 25.956771727146577 ], [ -80.451591760834603, 25.956771727147597 ], [ -80.451576760830207, 25.956772727148099 ], [ -80.451494760806398, 25.956773727150075 ], [ -80.451365760768695, 25.956773727152878 ], [ -80.451244760733402, 25.9567747271558 ], [ -80.451078760684908, 25.956774727159388 ], [ -80.450278760451397, 25.956774727176722 ], [ -80.441256757819602, 25.956858727393101 ], [ -80.441191757800595, 25.95685872739438 ], [ -80.441126757781703, 25.956860727396382 ], [ -80.440930757724601, 25.956862727401127 ], [ -80.440613757632207, 25.956868727409482 ], [ -80.440492757596715, 25.956865727411252 ], [ -80.440320757546402, 25.956861727414005 ], [ -80.439578757329798, 25.956859727429549 ], [ -80.439391757275004, 25.956856727432783 ], [ -80.438678757066697, 25.956848727446186 ], [ -80.435792756224203, 25.956854727510212 ], [ -80.435772756218299, 25.956854727510603 ], [ -80.433656755602101, 25.956910727570534 ], [ -80.431542754986296, 25.956967727630605 ], [ -80.431361754933505, 25.956969727635023 ], [ -80.431178754880094, 25.956969727638995 ], [ -80.4308197547753, 25.956970727646997 ], [ -80.430478754675704, 25.956970727654372 ], [ -80.423757752712802, 25.956951727794916 ], [ -80.408728748323014, 25.956907728108781 ], [ -80.407373747928304, 25.956943728147088 ], [ -80.407224747884896, 25.956944728150638 ], [ -80.407135747858803, 25.956944728152518 ], [ -80.407036747830006, 25.956946728155195 ], [ -80.403913746918619, 25.95696972822849 ], [ -80.3935357438898, 25.957047728472592 ], [ -80.390083742881117, 25.957026728541869 ], [ -80.387140742022893, 25.95707472861768 ], [ -80.3783327394504, 25.957075728808313 ], [ -80.375397738593193, 25.957076728871982 ], [ -80.375313738568593, 25.957076728873858 ], [ -80.375213738539401, 25.957076728876011 ], [ -80.375142738518704, 25.957076728877478 ], [ -80.375069738497302, 25.957076728879098 ], [ -80.374979738471097, 25.95707772888132 ], [ -80.374695738387899, 25.957068728885169 ], [ -80.373845738139494, 25.95706172890177 ], [ -80.373562738057103, 25.957073728910885 ], [ -80.372969737883494, 25.957057728919672 ], [ -80.3706457372042, 25.957040728965698 ], [ -80.370047737029395, 25.957036728977499 ], [ -80.366468735984398, 25.957049729058223 ], [ -80.361895734648598, 25.957050729157292 ], [ -80.359053733818499, 25.957051729218993 ], [ -80.3589797337969, 25.957052729220838 ], [ -80.357581733388102, 25.957035729246702 ], [ -80.353388732161903, 25.956986729324981 ], [ -80.352090731782397, 25.956972729349502 ], [ -80.352052731771295, 25.956972729350372 ], [ -80.351386731576596, 25.956967729363395 ], [ -80.350341731272096, 25.9569957293931 ], [ -80.349341730980498, 25.957014729419477 ], [ -80.348336730687194, 25.95702572944397 ], [ -80.347088730322994, 25.957040729474794 ], [ -80.345310729804098, 25.957060729518275 ], [ -80.344113729454307, 25.957057729543386 ], [ -80.343578729299594, 25.957116729569893 ], [ -80.343111729164505, 25.957166729592618 ], [ -80.343031729141103, 25.957168729594802 ], [ -80.342978729125804, 25.957171729596691 ], [ -80.342927729110997, 25.957175729598919 ], [ -80.342817729078803, 25.957174729601025 ], [ -80.341938728822001, 25.95717472961999 ], [ -80.341640728735001, 25.957175729626673 ], [ -80.3412557286224, 25.957173729634455 ], [ -80.341199728606, 25.957171729635164 ], [ -80.3411437285896, 25.957168729635615 ], [ -80.340879728512206, 25.95715772963857 ], [ -80.340728728467909, 25.957150729639945 ], [ -80.340277728335593, 25.95713172964496 ], [ -80.340127728291606, 25.957125729646705 ], [ -80.3399227282315, 25.957116729648877 ], [ -80.339307728051196, 25.957090729655636 ], [ -80.3391037279914, 25.95708272965798 ], [ -80.3383117277601, 25.957085729675956 ], [ -80.336006727086797, 25.957092729727396 ], [ -80.333250726281904, 25.957101729789272 ], [ -80.331787725854596, 25.9571067298222 ], [ -80.326724724375794, 25.957121729935348 ], [ -80.326714724372906, 25.957122729935765 ], [ -80.324440723708705, 25.957130729986996 ], [ -80.323618723468599, 25.957133730005477 ], [ -80.322369723103805, 25.95713773003353 ], [ -80.318622722009295, 25.957149730117472 ], [ -80.317374721644796, 25.957154730145692 ], [ -80.316600721418695, 25.957156730163017 ], [ -80.314280720740996, 25.957164730215041 ], [ -80.313507720515204, 25.957167730232591 ], [ -80.313400720483898, 25.957167730234907 ], [ -80.313079720390206, 25.957169730242271 ], [ -80.312973720359295, 25.957170730244801 ], [ -80.312796720307503, 25.957170730248688 ], [ -80.312267720153002, 25.957170730260117 ], [ -80.312091720101606, 25.9571717302642 ], [ -80.312002720075597, 25.95717173026609 ], [ -80.311736719997796, 25.957171730271806 ], [ -80.311648719972098, 25.95717273027401 ], [ -80.311533719938595, 25.957172730276529 ], [ -80.311274719862894, 25.95717473028262 ], [ -80.311188719837801, 25.957174730284528 ], [ -80.311074719804495, 25.957174730287004 ], [ -80.3110277197908, 25.957174730287964 ], [ -80.310918719758902, 25.95717473029033 ], [ -80.31088871975021, 25.957174730290998 ], [ -80.310842719736698, 25.957174730291968 ], [ -80.310828719732598, 25.957174730292309 ], [ -80.310787719720594, 25.957174730293126 ], [ -80.310774719716903, 25.957174730293374 ], [ -80.310743719707702, 25.9571727302935 ], [ -80.310683719690203, 25.957171730294569 ], [ -80.310650719680496, 25.957169730294808 ], [ -80.310619719671394, 25.957169730295526 ], [ -80.310552719651795, 25.957167730296398 ], [ -80.310355719594099, 25.957164730299922 ], [ -80.310289719574797, 25.957163730301097 ], [ -80.310253719564301, 25.957162730301626 ], [ -80.310145719532699, 25.957159730303207 ], [ -80.310110719522399, 25.957159730303996 ], [ -80.302230717214911, 25.956974730427415 ], [ -80.301903717119401, 25.956975730434714 ], [ -80.301704717061298, 25.95697673043933 ], [ -80.298981716263597, 25.956899730478604 ], [ -80.298824716217595, 25.956896730481304 ], [ -80.298669716172199, 25.956891730483285 ], [ -80.295280715178706, 25.95677573052717 ], [ -80.295057715113501, 25.95677473053178 ], [ -80.294974715089296, 25.95677473053361 ], [ -80.294977715093793, 25.95691073056793 ], [ -80.2949787150947, 25.956933730573724 ], [ -80.294978715095013, 25.956947730577177 ], [ -80.295069715215803, 25.960510731476525 ], [ -80.295074715297901, 25.963559732247578 ], [ -80.295077715316793, 25.964240732419711 ], [ -80.2950787153259, 25.96457373250389 ], [ -80.295087715341197, 25.965049732624077 ], [ -80.295091715347894, 25.965258732676983 ], [ -80.295117715393204, 25.966686733037509 ], [ -80.295150715450802, 25.968498733495121 ], [ -80.295156715460607, 25.968803733572063 ], [ -80.295189715517097, 25.970574734019308 ], [ -80.295106715493006, 25.970576734021609 ], [ -80.294999715461799, 25.970579734024739 ], [ -80.294878715426506, 25.970582734027985 ], [ -80.294796715402597, 25.970584734030329 ], [ -80.291590714467802, 25.970662734119429 ], [ -80.286377712947598, 25.970789734264173 ], [ -80.281972711663101, 25.970894734385986 ], [ -80.279166710844805, 25.970962734463878 ], [ -80.278813710741801, 25.970970734473504 ], [ -80.278766710728206, 25.970972734475136 ], [ -80.278740710720598, 25.97097373447594 ], [ -80.278702710709496, 25.970973734476704 ], [ -80.278668710699606, 25.970974734477714 ], [ -80.278558710667497, 25.970977734480911 ], [ -80.278510710653507, 25.970977734481863 ], [ -80.278447710635106, 25.970979734483812 ], [ -80.275341709729005, 25.971041734566569 ], [ -80.266022707010293, 25.971229734815708 ], [ -80.262917706104403, 25.9712927348987 ], [ -80.262830706079001, 25.971294734901065 ], [ -80.262570706003203, 25.971300734908166 ], [ -80.262484705978196, 25.971303734910904 ], [ -80.2624277059615, 25.971304734912323 ], [ -80.262342705936703, 25.971306734914716 ], [ -80.262256705911696, 25.971308734917017 ], [ -80.262200705895296, 25.971310734918692 ], [ -80.261792705776301, 25.971321734930388 ], [ -80.260568705419502, 25.971357734965999 ], [ -80.260489705396495, 25.971360734968389 ], [ -80.260161705301002, 25.971372734978527 ], [ -80.257880704636506, 25.971458735049591 ], [ -80.251040702644005, 25.97171873526332 ], [ -80.248760701979904, 25.971806735334841 ], [ -80.248637701944105, 25.971810735338511 ], [ -80.248267701836298, 25.971824735349994 ], [ -80.248145701800794, 25.971829735353868 ], [ -80.247869701720305, 25.971839735362529 ], [ -80.24704170147912, 25.971870735388187 ], [ -80.246973701459297, 25.971873735390439 ], [ -80.246926701445602, 25.971874735391737 ], [ -80.246765701398701, 25.971878735396192 ], [ -80.246717701384597, 25.971879735397501 ], [ -80.246641701362407, 25.971880735399374 ], [ -80.246598701349896, 25.97188073540028 ], [ -80.246536701331806, 25.971881735401908 ], [ -80.246470701312504, 25.971882735403575 ], [ -80.246428701300303, 25.971883735404692 ], [ -80.243563700464094, 25.971934735479579 ], [ -80.238059698857796, 25.972032735623269 ], [ -80.2349706979562, 25.97208873570429 ], [ -80.233385697493603, 25.972117735745929 ], [ -80.232106697120301, 25.972140735779401 ], [ -80.231699697001503, 25.972147735790024 ], [ -80.230478696645207, 25.972169735821911 ], [ -80.230330696601996, 25.972172735825893 ], [ -80.230179696558693, 25.972207735838001 ], [ -80.230078696529802, 25.972230735845972 ], [ -80.229981696501994, 25.972251735853398 ], [ -80.229920696484498, 25.972265735858297 ], [ -80.229762696439295, 25.972301735870822 ], [ -80.229691696418996, 25.972316735876106 ], [ -80.229595696391499, 25.972337735883531 ], [ -80.228650696114514, 25.972312735897578 ], [ -80.228162695971506, 25.972299735904759 ], [ -80.227800695866009, 25.97231273591602 ], [ -80.22696669562221, 25.972311735933786 ], [ -80.225558695210495, 25.972309735963702 ], [ -80.225002695047905, 25.972308735975499 ], [ -80.224628694938502, 25.972307735983303 ], [ -80.2244786948947, 25.972307735986615 ], [ -80.223971694746396, 25.972306735997343 ], [ -80.222822694410496, 25.972305736021809 ], [ -80.219539693451495, 25.972337736100936 ], [ -80.217205692769696, 25.972359736156935 ], [ -80.214850692081797, 25.972383736213899 ], [ -80.214258691909194, 25.972400736230984 ], [ -80.213472691679797, 25.972417736252307 ], [ -80.210338690766704, 25.972536736350133 ], [ -80.210165690716295, 25.972543736355561 ], [ -80.209963690657403, 25.972552736362267 ], [ -80.207296689880394, 25.972658736446682 ], [ -80.206230689569907, 25.972700736480384 ], [ -80.206010689506101, 25.972721736490474 ], [ -80.205176689264306, 25.972801736528751 ], [ -80.204090688948, 25.972846736563572 ], [ -80.2040696889419, 25.972846736564104 ], [ -80.204007688923696, 25.972846736565415 ], [ -80.203987688917906, 25.972847736566123 ], [ -80.203834688873599, 25.972861736572892 ], [ -80.203375688739499, 25.972869736584933 ], [ -80.203223688695303, 25.972875736589696 ], [ -80.203062688648203, 25.97287573659321 ], [ -80.202578688506705, 25.972877736604151 ], [ -80.20241868846, 25.972878736607882 ], [ -80.202270688416803, 25.972882736612128 ], [ -80.201829688288214, 25.972894736624664 ], [ -80.201682688245299, 25.972899736629103 ], [ -80.200949688031599, 25.972922736650702 ], [ -80.199703687668304, 25.972963736688058 ], [ -80.198753687391402, 25.972995736716712 ], [ -80.198022687178394, 25.973020736738778 ], [ -80.195879686553894, 25.973102736805888 ], [ -80.195064686316996, 25.97315573683689 ], [ -80.194424686130304, 25.973173736855291 ], [ -80.191013685134294, 25.973225736942183 ], [ -80.190844685085509, 25.973250736952224 ], [ -80.190391684952701, 25.973236736958409 ], [ -80.186722683882195, 25.973329737061174 ], [ -80.186401683788603, 25.973338737070417 ], [ -80.186210683732895, 25.973343737075886 ], [ -80.185638683565998, 25.973357737091717 ], [ -80.1854486835106, 25.973363737097426 ], [ -80.185355683483394, 25.973364737099708 ], [ -80.185077683402199, 25.973366737106229 ], [ -80.184985683375302, 25.973368737108672 ], [ -80.184857683337896, 25.973369737111724 ], [ -80.184475683226296, 25.973374737121233 ], [ -80.184348683189199, 25.973376737124422 ], [ -80.184282683169997, 25.973377737126064 ], [ -80.18408668311281, 25.973381737131398 ], [ -80.184021683093803, 25.973383737133254 ], [ -80.183772683021203, 25.973389737140202 ], [ -80.1830266828036, 25.973410737161675 ], [ -80.182778682731296, 25.973418737169016 ], [ -80.182762682726604, 25.973419737169603 ], [ -80.182692682706303, 25.973425737172583 ], [ -80.182625682686904, 25.97343173717562 ], [ -80.182168682554305, 25.973472737195831 ], [ -80.182016682510195, 25.973486737202673 ], [ -80.181893682474296, 25.973488737205816 ], [ -80.181526682367206, 25.973496737215786 ], [ -80.181404682331504, 25.973499737219214 ], [ -80.1812236822784, 25.973489737220643 ], [ -80.181087682238598, 25.973488737223292 ], [ -80.180993682211096, 25.973487737224968 ], [ -80.180680682119302, 25.973479737229813 ], [ -80.180500682066608, 25.973474737232475 ], [ -80.180122681955993, 25.973474737240611 ], [ -80.178988681624404, 25.973474737265079 ], [ -80.178650681525497, 25.973474737272433 ], [ -80.178610681513803, 25.973474737273314 ], [ -80.177864681296001, 25.973487737292693 ], [ -80.175627680642904, 25.97352673735088 ], [ -80.174882680425412, 25.973540737370481 ], [ -80.174809680404096, 25.973541737372418 ], [ -80.174672680364012, 25.973544737376105 ], [ -80.174594680341499, 25.973554737380347 ], [ -80.174523680321002, 25.973565737384703 ], [ -80.174500680314395, 25.973568737385886 ], [ -80.174490680311493, 25.973570737386623 ], [ -80.1744676803049, 25.973573737387948 ], [ -80.174432680294601, 25.973573737388659 ], [ -80.174410680288204, 25.973573737389064 ], [ -80.174394680283513, 25.973573737389369 ], [ -80.174347680269804, 25.973573737390549 ], [ -80.174332680265394, 25.973573737390769 ], [ -80.174286680251896, 25.973573737391792 ], [ -80.174151680212404, 25.973573737394698 ], [ -80.174106680199301, 25.973573737395714 ], [ -80.173970680159499, 25.973573737398585 ], [ -80.173872680130899, 25.973574737401009 ], [ -80.173173679926705, 25.973581737417767 ], [ -80.172940679858598, 25.973584737423629 ], [ -80.171647679480401, 25.973583737451264 ], [ -80.167768678345993, 25.97358373753513 ], [ -80.166476677968106, 25.973583737563125 ], [ -80.166325677925002, 25.973623737576514 ], [ -80.166229677897604, 25.973650737585377 ], [ -80.165983677827498, 25.973717737607675 ], [ -80.165943677816102, 25.973728737611296 ], [ -80.165912677807299, 25.973737737614314 ], [ -80.165726677754193, 25.973787737630907 ], [ -80.165591677715796, 25.973829737644486 ], [ -80.165394677659805, 25.973891737664427 ], [ -80.165178677596614, 25.97388973766861 ], [ -80.1650386775557, 25.973889737671563 ], [ -80.164490677395804, 25.973905737687495 ], [ -80.162846676916303, 25.973953737735183 ], [ -80.162299676756803, 25.973970737751337 ], [ -80.1618936766383, 25.973981737762923 ], [ -80.160676676283302, 25.974016737798067 ], [ -80.160271676165195, 25.974028737809856 ], [ -80.159862676045805, 25.974038737821182 ], [ -80.158636675688001, 25.974069737855466 ], [ -80.158228675569006, 25.974080737867101 ], [ -80.158119675537193, 25.974083737870259 ], [ -80.157795675442699, 25.974091737879313 ], [ -80.157687675411196, 25.974095737882617 ], [ -80.157586675381694, 25.974098737885619 ], [ -80.157436675337905, 25.974102737889798 ], [ -80.157334675308107, 25.974104737892549 ], [ -80.156580675088193, 25.974124737913922 ], [ -80.156329675015002, 25.974132737921305 ], [ -80.156306675008295, 25.974132737921838 ], [ -80.156237674988105, 25.974134737923762 ], [ -80.156215674981695, 25.974135737924641 ], [ -80.156029674927396, 25.974140737929769 ], [ -80.155473674765204, 25.974155737945686 ], [ -80.155288674711301, 25.974161737951203 ], [ -80.155073674648506, 25.974167737957291 ], [ -80.15442867446032, 25.974185737975812 ], [ -80.154213674397596, 25.974191737981997 ], [ -80.154121674370799, 25.974195737984981 ], [ -80.153848674291297, 25.974206737993718 ], [ -80.153757674264796, 25.9742117379969 ], [ -80.153538674201002, 25.974220738003869 ], [ -80.152883674010198, 25.974249738025364 ], [ -80.1526656739467, 25.974259738032607 ], [ -80.152579673921494, 25.974260738034676 ], [ -80.152324673847005, 25.974263738041106 ], [ -80.152239673822194, 25.974265738043442 ], [ -80.152179673804696, 25.974266738044879 ], [ -80.152139673793002, 25.974266738045777 ], [ -80.152119673787197, 25.974267738046482 ], [ -80.151930673731997, 25.974270738051292 ], [ -80.151840673705621, 25.974271738053478 ], [ -80.151741673676796, 25.974273738056176 ], [ -80.151438673588501, 25.974286738065988 ], [ -80.1505306733239, 25.974324738095191 ], [ -80.150228673236001, 25.97433873810531 ], [ -80.150208673230097, 25.974338738105818 ], [ -80.1501516732135, 25.97434073810745 ], [ -80.150132673208006, 25.974341738108091 ], [ -80.149718673087193, 25.974355738120614 ], [ -80.148478672725602, 25.974396738157775 ], [ -80.148065672605199, 25.974411738170502 ], [ -80.148022672592404, 25.974400738168701 ], [ -80.147905672558494, 25.974411738173984 ], [ -80.147866672547096, 25.974412738175076 ], [ -80.147826672535302, 25.974410738175369 ], [ -80.147779672521494, 25.974408738175896 ], [ -80.147640672480705, 25.974402738177535 ], [ -80.147594672467207, 25.974401738178166 ], [ -80.147572672460797, 25.974400738178421 ], [ -80.146918672270203, 25.974429738199952 ], [ -80.146257672077709, 25.974460738221978 ], [ -80.146117672036894, 25.974466738226628 ], [ -80.145993672000799, 25.974471738230481 ], [ -80.145951671988499, 25.974473738231868 ], [ -80.145624671892904, 25.974474738239188 ], [ -80.144725671629999, 25.974476738259202 ], [ -80.144475671557501, 25.974498738270082 ], [ -80.143851671375003, 25.974501738284385 ], [ -80.143677671324298, 25.974508738289881 ], [ -80.143503671273606, 25.974515738295484 ], [ -80.142127670875496, 25.974680738366878 ], [ -80.134051668518197, 25.974870738589591 ], [ -80.133984668498599, 25.974872738591486 ], [ -80.133869668464996, 25.974872738593984 ], [ -80.133864668443508, 25.974114738402232 ], [ -80.133155668236299, 25.974124738420013 ], [ -80.130413667437097, 25.974231738506386 ], [ -80.128077666756198, 25.974323738580068 ], [ -80.123876665531597, 25.97448873871274 ], [ -80.123832665520496, 25.9745567387309 ], [ -80.123791665510197, 25.974620738747927 ], [ -80.123790665510199, 25.974631738750727 ], [ -80.123768665510809, 25.974894738817831 ], [ -80.123762665511293, 25.974982738840257 ], [ -80.12367166548492, 25.974989738843977 ], [ -80.123399665405898, 25.975012738855614 ], [ -80.123309665379793, 25.975020738859644 ], [ -80.123263665366395, 25.975024738861617 ], [ -80.122850665246318, 25.975051738877418 ], [ -80.122794665230003, 25.975054738879386 ], [ -80.122645665186695, 25.975064738885052 ], [ -80.122511665147798, 25.975073738890291 ], [ -80.1222166650617, 25.975082738898873 ], [ -80.1218626649583, 25.975088738908092 ], [ -80.121249664779299, 25.975099738924126 ], [ -80.12031466450631, 25.97512073894972 ], [ -80.119559664285902, 25.975138738970468 ], [ -80.119496664267501, 25.975139738972114 ], [ -80.119461664257202, 25.975139738972871 ], [ -80.118318663923503, 25.975165739004222 ], [ -80.118149663873993, 25.975163739007328 ], [ -80.118080663853803, 25.975162739008578 ], [ -80.116514663394796, 25.975129739033981 ], [ -80.116026663251802, 25.975119739042118 ], [ -80.1153866630642, 25.975107739052788 ], [ -80.113794662597797, 25.975078739079922 ], [ -80.112624662254902, 25.975056739099607 ], [ -80.112202662131295, 25.975052739107717 ], [ -80.110936661760704, 25.975043739132815 ], [ -80.110515661637393, 25.975040739141104 ], [ -80.098863658227899, 25.975024739388818 ], [ -80.063910647998895, 25.974976740131556 ], [ -80.052259644588702, 25.974960740379153 ], [ -80.052310644597398, 25.97472174031752 ], [ -80.052361644605995, 25.97448274025589 ], [ -80.053282644760998, 25.970148739138271 ], [ -80.055540645141306, 25.959527736399206 ], [ -80.058720645677496, 25.94457273254169 ], [ -80.063729646523001, 25.921012726463179 ], [ -80.067687647192017, 25.902399721659929 ], [ -80.063805645652494, 25.887019717843508 ], [ -80.061873644886404, 25.879363715943317 ], [ -80.060692644319303, 25.870904713823066 ], [ -80.059406643701905, 25.861695711514521 ], [ -80.057506642789804, 25.848075708099472 ], [ -80.056230638073444, 25.838926163679673 ], [ -79.661596053058176, 25.816335975747982 ], [ -79.661796008770395, 25.813229234677777 ], [ -79.66435762099286, 25.773446588533542 ], [ -79.671758560410012, 25.721598604882367 ], [ -79.672013690437993, 25.720452293096407 ], [ -79.661804304473705, 25.689556146360509 ], [ -79.654554820730908, 25.657597045689734 ], [ -79.650429654190461, 25.625162953793868 ], [ -79.649714264489418, 25.616023924701327 ], [ -79.648734206782038, 25.583889786164875 ], [ -79.650813365540174, 25.551797254724828 ], [ -79.651916522858428, 25.54200522123633 ], [ -79.658896704852438, 25.501848518481573 ], [ -79.670647117960527, 25.462655130308576 ], [ -79.675109002867103, 25.450445719177214 ], [ -79.687877086262901, 25.420033118257798 ], [ -79.703512312673041, 25.390795419460822 ], [ -79.717778362360036, 25.369191043432025 ], [ -79.718649487433268, 25.354562937675311 ], [ -79.71913597537548, 25.349679236778154 ], [ -79.727056531719228, 25.303127068505262 ], [ -79.727562156881788, 25.301038409846175 ], [ -79.732418937930305, 25.283103685065409 ], [ -79.733114121363002, 25.280785509211377 ], [ -79.733978182566815, 25.2779076160149 ], [ -79.743715000243455, 25.249881513090735 ], [ -79.744756521798536, 25.247250180151266 ], [ -79.755728917841225, 25.22238175779103 ], [ -79.758559629512149, 25.216580797920223 ], [ -79.781581476525218, 25.176730022291157 ], [ -79.781420691800733, 25.176640480363879 ], [ -79.783263767963561, 25.173769805203754 ], [ -79.783429658048661, 25.173528815730425 ], [ -79.783552925294174, 25.173315295823571 ], [ -79.784028605263657, 25.17260963870001 ], [ -79.786075293390709, 25.168810869150015 ], [ -79.791743689495007, 25.158685819738093 ], [ -79.794916833057954, 25.153226438890435 ], [ -79.818191802263769, 25.118063847773868 ], [ -79.824700140139797, 25.110337922335653 ], [ -79.844429845094353, 25.085338865889344 ], [ -79.844664173985905, 25.085068364034669 ], [ -79.869450084937725, 25.059078078404212 ], [ -79.896758489469804, 25.035394832539044 ], [ -79.926342251450961, 25.014231857245651 ], [ -79.957934391394133, 24.995779592366205 ], [ -79.991250465610648, 24.980204008127579 ], [ -80.025991077621512, 24.967645144800265 ], [ -80.061844501471128, 24.958215882398402 ], [ -80.098489396382476, 24.952000950243598 ], [ -80.135597592058389, 24.949056184261138 ], [ -80.172836923852387, 24.949408037886268 ], [ -80.175860055592267, 24.949706102225019 ], [ -80.176424432170336, 24.949248720152227 ], [ -80.207439539736441, 24.928671573587984 ], [ -80.240432903342139, 24.910995192220796 ], [ -80.275094830673936, 24.896385439808768 ], [ -80.278783258516626, 24.895217740452896 ], [ -80.306957136278527, 24.879098089022627 ], [ -80.340924889746717, 24.863643590299276 ], [ -80.376318245282846, 24.851315597801104 ], [ -80.412809981749248, 24.842228298085292 ], [ -80.443960763152688, 24.837410768459282 ], [ -80.464404881951154, 24.825690557121963 ], [ -80.467000240531078, 24.824508438929765 ], [ -80.471672163023442, 24.821777620381091 ], [ -80.513789490995023, 24.803250957907547 ], [ -80.514341715028095, 24.803044515565777 ], [ -80.539347962722474, 24.795571814394147 ], [ -80.553501040081457, 24.790536500611534 ], [ -80.593621710243738, 24.780658385938047 ], [ -80.594223384705302, 24.780541718136661 ], [ -80.631499719796338, 24.775050342972243 ], [ -80.669165340107938, 24.772941197560019 ], [ -80.706872778525423, 24.774233810124702 ], [ -80.709364513237063, 24.774546204670397 ], [ -80.719318344236484, 24.774415867091992 ], [ -80.728576020904228, 24.775107625467271 ], [ -80.746831817756728, 24.772954281640576 ], [ -80.784345426721387, 24.771921154717564 ], [ -80.821792878503544, 24.774253055275228 ], [ -80.858832409109766, 24.779928623538137 ], [ -80.884938876203691, 24.786380431069222 ], [ -80.911352219715937, 24.792405624534116 ], [ -80.946607370081338, 24.803868261471312 ], [ -80.980543952960375, 24.818417514024766 ], [ -81.012854847634486, 24.835921581099729 ], [ -81.034954022352423, 24.850684485687346 ], [ -81.038594008965745, 24.852240668063999 ], [ -81.071982447188489, 24.870429051445079 ], [ -81.10330306796078, 24.891601447722344 ], [ -81.132251275697413, 24.915552413943526 ], [ -81.158544769849641, 24.942049424049188 ], [ -81.181926279776093, 24.970835082876761 ], [ -81.202166090025173, 25.001629582567261 ], [ -81.219064331074946, 25.034133379601467 ], [ -81.232453011546497, 25.06803006849945 ], [ -81.242197769158295, 25.102989426173394 ], [ -81.248199319254468, 25.138670599054002 ], [ -81.250394581654632, 25.174725403442899 ], [ -81.250464269482237, 25.183705170731429 ], [ -81.250515938864666, 25.190198971539221 ], [ -81.250523364670912, 25.19139757006225 ], [ -81.250524047415738, 25.191551569169256 ], [ -81.250526959116286, 25.193600889093325 ], [ -81.250525184663331, 25.194715560410177 ], [ -81.252631751209563, 25.207840681550042 ], [ -81.254522032910756, 25.244407148419896 ], [ -81.254511239043509, 25.249294876048847 ], [ -81.254548141689511, 25.254496457924265 ], [ -81.254550818257997, 25.25490901063057 ], [ -81.254577919784111, 25.259517319881198 ], [ -81.254641499685363, 25.268144555668421 ], [ -81.254704415830176, 25.276699403267845 ], [ -81.254718236596673, 25.278524660157561 ], [ -81.257921925958001, 25.289914330505191 ], [ -81.263994816129525, 25.325601947552698 ], [ -81.266246264185781, 25.361668461243468 ], [ -81.266291324783325, 25.366622369117081 ], [ -81.266348407594776, 25.373223641531176 ], [ -81.266360159159902, 25.376939105635607 ], [ -81.266351068635075, 25.380862256325575 ], [ -81.266352098934419, 25.382391886930698 ], [ -81.266374489350554, 25.38452779240324 ], [ -81.266498696285439, 25.396266712504278 ], [ -81.266685289547681, 25.415339981872421 ], [ -81.266698120798992, 25.417142252113166 ], [ -81.266731194768042, 25.424558208545363 ], [ -81.266731480221935, 25.424622207759672 ], [ -81.266764216279697, 25.432172309725757 ], [ -81.266806833126708, 25.438123590420865 ], [ -81.266900561754696, 25.449059531592038 ], [ -81.266908574527179, 25.449980020751489 ], [ -81.266973363394555, 25.457515571510182 ], [ -81.266971332225637, 25.457515586535077 ], [ -81.26698407938737, 25.459044005680585 ], [ -81.267009281793037, 25.464688972440317 ], [ -81.267009719351663, 25.464786971820452 ], [ -81.267092571930121, 25.483338862533824 ], [ -81.267054562392346, 25.490142014013703 ], [ -81.266863191487886, 25.502373619285155 ], [ -81.266861206710487, 25.502499881292426 ], [ -81.266923259430897, 25.510562331787998 ], [ -81.267158047366564, 25.539645147516193 ], [ -81.267177942911019, 25.542089407719974 ], [ -81.26719793547224, 25.544545951699167 ], [ -81.267305139316321, 25.557767521587373 ], [ -81.267316029778826, 25.560894263288187 ], [ -81.267288789953952, 25.58470420821358 ], [ -81.267351301726293, 25.604032868863161 ], [ -81.267352683773794, 25.605634731458288 ], [ -81.267336557361119, 25.616316844851344 ], [ -81.267328204573417, 25.621416697372361 ], [ -81.267506404317487, 25.625017634506612 ], [ -81.267582698235472, 25.64782657075558 ], [ -81.267584491286257, 25.649209113269215 ], [ -81.267573834939057, 25.663375504197365 ], [ -81.267574228433972, 25.666412025076433 ], [ -81.267623683360952, 25.682837224526509 ], [ -81.267641899124612, 25.689131508292448 ], [ -81.26765303419171, 25.692920528959437 ], [ -81.267722826272006, 25.713780040497923 ], [ -81.26779234777041, 25.734586076215564 ], [ -81.267794082825162, 25.735397827700094 ], [ -81.267806778670348, 25.749009955919895 ], [ -81.267900612420689, 25.757008863818147 ], [ -81.267882974316237, 25.757009040294236 ], [ -81.267951611637287, 25.757934389348986 ], [ -81.267955267174017, 25.758302381597559 ], [ -81.268005567326497, 25.763775210322169 ], [ -81.268051671434208, 25.768403705802516 ], [ -81.268064965207643, 25.770242156952666 ], [ -81.268065154224274, 25.770284156701109 ], [ -81.268068045309079, 25.771208590185577 ], [ -81.268078072308199, 25.776923539386694 ], [ -81.268141353425065, 25.803122915578683 ], [ -81.268232686734777, 25.805084669270343 ], [ -81.268260572279999, 25.810186515617541 ], [ -81.268435872510139, 25.83906842616738 ], [ -81.26845944595685, 25.840508650897263 ], [ -81.268497482281958, 25.8421925551194 ], [ -81.268599687823198, 25.845641102780544 ], [ -81.26878409681116, 25.854895268847223 ], [ -81.268801242961175, 25.855661859326286 ] ] ] } },
{ "type": "Feature", "properties": { "port_complex_id": "mobile_al", "domain": "coastal_inner", "buffer_m": 20000.0, "partition_method": "source-core-plus-representative-point-voronoi-v1", "source_artifact": "config/port_areas_usace.geojson", "source_sha256": "651a7ca775312b7fed37808336854ced4b3b1e90ea4baf47959480cc657b13c0", "geometry_freeze": "outcome-blind-2026-07-23" }, "geometry": { "type": "Polygon", "coordinates": [ [ [ -88.461258372452562, 30.793227445423586 ], [ -88.450686282204487, 30.808894783171485 ], [ -88.438329284794193, 30.823568633648428 ], [ -88.424312097324901, 30.837099892776116 ], [ -88.408776529159965, 30.849351007001399 ], [ -88.391880052642605, 30.860197386829199 ], [ -88.373794203616399, 30.869528689172391 ], [ -88.355808943324575, 30.876802733378646 ], [ -88.350138044695299, 30.88174184163644 ], [ -88.333820624398911, 30.893335890763343 ], [ -88.316217962714703, 30.903456057684568 ], [ -88.297510242101424, 30.911998590092537 ], [ -88.277889177563566, 30.9188758843922 ], [ -88.257556027679257, 30.924017397175326 ], [ -88.237587787848824, 30.927230740321662 ], [ -88.236486327176266, 30.929043391950771 ], [ -88.225534799153451, 30.943492646279502 ], [ -88.213016143270792, 30.956975933384474 ], [ -88.199044954214799, 30.96936910720046 ], [ -88.183749386610231, 30.980558013134488 ], [ -88.167269980930243, 30.990439551596982 ], [ -88.149758367134083, 30.99892263994526 ], [ -88.131375858161604, 31.00592906342121 ], [ -88.128981229664134, 31.006615047260695 ], [ -88.119689990466355, 31.010372541062768 ], [ -88.100449008733833, 31.016270403198803 ], [ -88.080627351130289, 31.02053646403855 ], [ -88.060413724735355, 31.023130135322592 ], [ -88.040000642144079, 31.024026737649518 ], [ -88.035760286434737, 31.024035754406977 ], [ -88.014964087092238, 31.023194816753211 ], [ -87.994368309252607, 31.020592667893595 ], [ -87.974176456459077, 31.016254995733266 ], [ -87.968031452561874, 31.014363713000151 ], [ -87.961159477631099, 31.012935738108297 ], [ -87.942186302135042, 31.007301366900258 ], [ -87.942058081760308, 31.007257291544946 ], [ -87.928121505794948, 31.001740932064159 ], [ -87.927839154296706, 31.001728733527852 ], [ -87.90766709339691, 30.999159940503027 ], [ -87.887882926077779, 30.994924839829157 ], [ -87.868674263759246, 30.989063566861443 ], [ -87.850223155798446, 30.981631659217769 ], [ -87.832704336257393, 30.972699522308304 ], [ -87.816283546280303, 30.962351752345018 ], [ -87.801115949050512, 30.950686323726632 ], [ -87.787344653121295, 30.937813649043822 ], [ -87.775099358559373, 30.923855521196355 ], [ -87.764495138829076, 30.908943948248815 ], [ -87.755631369707942, 30.893219892657338 ], [ -87.748590814789949, 30.876831927376351 ], [ -87.743438875330568, 30.859934822081424 ], [ -87.740223010347975, 30.842688073334472 ], [ -87.738972331045304, 30.825254392949034 ], [ -87.739697371784715, 30.807798169105055 ], [ -87.742390038052363, 30.790483914898413 ], [ -87.747023730121725, 30.773474719009979 ], [ -87.753553639471164, 30.756930713031391 ], [ -87.761917213455249, 30.741007569709023 ], [ -87.772034782276833, 30.725855045963659 ], [ -87.783810340970234, 30.711615584020095 ], [ -87.787375265579541, 30.708085932774182 ], [ -87.784108739645831, 30.693604938920711 ], [ -87.78335764357648, 30.6892017622786 ], [ -87.782686637099616, 30.684908392776919 ], [ -87.782381018091584, 30.682756911687253 ], [ -87.782167227226111, 30.681248191793522 ], [ -87.780954630250406, 30.669487511004991 ], [ -87.78093044990699, 30.669114055285029 ], [ -87.77932793434934, 30.651036527778569 ], [ -87.778816811110346, 30.63194788643391 ], [ -87.779071164556441, 30.624660120681053 ], [ -87.779355794591638, 30.616479400374462 ], [ -87.779371171251057, 30.616054194276561 ], [ -87.77948275732841, 30.613081362625763 ], [ -87.781484202410113, 30.560428369173135 ], [ -87.781506158603378, 30.559841546399959 ], [ -87.783182937387878, 30.54215689061871 ], [ -87.786870696533683, 30.524699656512297 ], [ -87.79253237803718, 30.507639292767649 ], [ -87.800111860562083, 30.491141309882984 ], [ -87.809534547567878, 30.475365681796799 ], [ -87.820708128751789, 30.460465304079857 ], [ -87.833523506013961, 30.446584523179087 ], [ -87.847855873853021, 30.433857750429347 ], [ -87.863565942935423, 30.422408173662028 ], [ -87.880501294554222, 30.412346578254045 ], [ -87.898497852796609, 30.403770288386252 ], [ -87.917381460471461, 30.396762238125323 ], [ -87.936969544199101, 30.391390180721693 ], [ -87.957072853531116, 30.387706043234068 ], [ -87.977497258539799, 30.385745432264549 ], [ -87.996481487066418, 30.385544034411954 ], [ -88.013899719187989, 30.376114804227775 ], [ -88.03296096773434, 30.367996831330288 ], [ -88.052876648583364, 30.361594114824747 ], [ -88.073440845392625, 30.356972871110969 ], [ -88.094441068809431, 30.354180884925292 ], [ -88.115660413153364, 30.353247022884247 ], [ -88.11595177290755, 30.353247022874662 ], [ -88.116170280799096, 30.353259726109656 ], [ -88.116968781029584, 30.353145659911434 ], [ -88.118090533545811, 30.353081605188606 ], [ -88.124301748842456, 30.352207221274682 ], [ -88.144412656025835, 30.351078081249479 ], [ -88.144829739913703, 30.351072092082546 ], [ -88.145153254817629, 30.351067662533644 ], [ -88.145919571502446, 30.35105768058704 ], [ -88.147166012390713, 30.351044655329929 ], [ -88.148559949760966, 30.351033675171596 ], [ -88.15171720233181, 30.351009351849648 ], [ -88.152196121493816, 30.351006130673994 ], [ -88.156013733306736, 30.350984170324427 ], [ -88.156541011622863, 30.350981395698916 ], [ -88.160338962833436, 30.350991546100719 ], [ -88.16043375458645, 30.350992544289721 ], [ -88.179747203447917, 30.351970324187374 ], [ -88.199814237186331, 30.354652002182725 ], [ -88.214028898393252, 30.357797504266173 ], [ -88.224894773995999, 30.359615487622719 ], [ -88.243614351879529, 30.364349380096279 ], [ -88.261742394009744, 30.370571445513342 ], [ -88.279120948397292, 30.378227463552015 ], [ -88.28714929402561, 30.382624436500674 ], [ -88.289711585195263, 30.38394562767898 ], [ -88.29300509240808, 30.385830853669972 ], [ -88.295598470711965, 30.387250704395509 ], [ -88.297518305678764, 30.388413934566142 ], [ -88.3060797080024, 30.393312950854924 ], [ -88.32135887590168, 30.403966260168811 ], [ -88.335413809219574, 30.4158114609174 ], [ -88.348119874228658, 30.4287438960346 ], [ -88.359364187389843, 30.442649260091621 ], [ -88.369046622891588, 30.457404599021697 ], [ -88.369133875466005, 30.45755347737542 ], [ -88.369410468683824, 30.458027153014207 ], [ -88.369501736541309, 30.458184025583126 ], [ -88.377130754571013, 30.472903322992753 ], [ -88.383205202171681, 30.488151592528869 ], [ -88.387675585649504, 30.503806755266915 ], [ -88.389756444720192, 30.515527098301302 ], [ -88.391658558363517, 30.518246346941993 ], [ -88.397248928102016, 30.52484305476408 ], [ -88.4075776644153, 30.539906393145838 ], [ -88.410414986519498, 30.545146265358149 ], [ -88.423324522628249, 30.555133634939391 ], [ -88.437123893278127, 30.568114987951642 ], [ -88.449389881132745, 30.582193677908013 ], [ -88.460004828281996, 30.597235507907435 ], [ -88.468866633345101, 30.613097037731414 ], [ -88.475889750017799, 30.629626940076815 ], [ -88.481006035339135, 30.646667434007931 ], [ -88.484165438443199, 30.664055782444688 ], [ -88.485336521820741, 30.681625839808898 ], [ -88.485356882047398, 30.683719812490224 ], [ -88.485363803567907, 30.685574457056315 ], [ -88.485355464456646, 30.689264967387896 ], [ -88.485356477325382, 30.690287455274738 ], [ -88.485353568255761, 30.69140195866386 ], [ -88.485338873196127, 30.693767819241991 ], [ -88.485352559773844, 30.697690899963607 ], [ -88.48535349422103, 30.698278474877217 ], [ -88.48535199026513, 30.703157488129627 ], [ -88.485350907183104, 30.705121488759261 ], [ -88.484241425924154, 30.723537989063573 ], [ -88.482719795099811, 30.731947700807272 ], [ -88.481299173665334, 30.741896005184959 ], [ -88.476641697684585, 30.759557199884171 ], [ -88.46993917561673, 30.776725745439368 ], [ -88.461258372452562, 30.793227445423586 ] ] ] } },
{ "type": "Feature", "properties": { "port_complex_id": "mobile_al", "domain": "coastal_outer", "buffer_m": 40000.0, "partition_method": "source-core-plus-representative-point-voronoi-v1", "source_artifact": "config/port_areas_usace.geojson", "source_sha256": "651a7ca775312b7fed37808336854ced4b3b1e90ea4baf47959480cc657b13c0", "geometry_freeze": "outcome-blind-2026-07-23" }, "geometry": { "type": "Polygon", "coordinates": [ [ [ -88.647798188309778, 30.875303538007106 ], [ -88.626700406457687, 30.906667016396625 ], [ -88.60201574089713, 30.936046285083858 ], [ -88.573992411122305, 30.963141857401176 ], [ -88.542913564103742, 30.987677283871953 ], [ -88.509094437117312, 31.009402034211384 ], [ -88.47287914870904, 31.028094117599476 ], [ -88.472257450142095, 31.028345741213492 ], [ -88.45953908374112, 31.03738774475384 ], [ -88.424298318739332, 31.057659098892618 ], [ -88.386830698266408, 31.074772008777838 ], [ -88.36231572163544, 31.083366941844773 ], [ -88.338796443600501, 31.103720102805966 ], [ -88.307029857760853, 31.126265121805105 ], [ -88.272813873038075, 31.146028894899231 ], [ -88.236480017879259, 31.162819300929424 ], [ -88.214857563291531, 31.170570482570813 ], [ -88.20176989572407, 31.175923950518008 ], [ -88.162875721447591, 31.187975740271501 ], [ -88.122774793517479, 31.196695023113094 ], [ -88.081859003151436, 31.201996689695413 ], [ -88.040528519721718, 31.203828978718871 ], [ -88.036278768020409, 31.203838012234701 ], [ -87.994600462986725, 31.202153503522499 ], [ -87.953326362579688, 31.196941120472104 ], [ -87.91286678496769, 31.188252589506543 ], [ -87.907645908409137, 31.18664670084403 ], [ -87.901765465727593, 31.185424419111492 ], [ -87.869706921577773, 31.175906044838616 ], [ -87.866604470370433, 31.17551054104176 ], [ -87.826956541478424, 31.167025104033289 ], [ -87.788469373205146, 31.155282092172268 ], [ -87.751509705932747, 31.140393360633627 ], [ -87.716429175780661, 31.122500668834594 ], [ -87.683560877231372, 31.101774289760531 ], [ -87.653216132513165, 31.078411343050572 ], [ -87.625681501594372, 31.052633869987783 ], [ -87.601216062975894, 31.024686671156555 ], [ -87.580048991449416, 30.994834929841478 ], [ -87.562377454713214, 30.9633616462303 ], [ -87.548364846309696, 30.930564909128531 ], [ -87.538139367863465, 30.896755033189805 ], [ -87.531792969149677, 30.862251590613162 ], [ -87.529380650194582, 30.827380366857554 ], [ -87.530920125477621, 30.792470270196493 ], [ -87.536391846428458, 30.757850224882702 ], [ -87.54573937484308, 30.723846077352388 ], [ -87.558870096615337, 30.6907775442766 ], [ -87.571012106566926, 30.667762318159689 ], [ -87.570679612963687, 30.663789265479991 ], [ -87.569817173182074, 30.626345415837289 ], [ -87.570089832871972, 30.619065914183743 ], [ -87.570395044894454, 30.610893507175117 ], [ -87.570427967757851, 30.610043144891222 ], [ -87.570547136779339, 30.607070494100451 ], [ -87.572684144597844, 30.554386732461072 ], [ -87.572705831457313, 30.553844084218095 ], [ -87.576148559176829, 30.518480068835611 ], [ -87.583608554059737, 30.483577004492556 ], [ -87.595008439808026, 30.449473334213696 ], [ -87.610233028273058, 30.416499407883201 ], [ -87.629130608048285, 30.384974312255526 ], [ -87.651514562739166, 30.355202821187799 ], [ -87.677165297826193, 30.327472493722034 ], [ -87.70583245324211, 30.302050945902899 ], [ -87.737237377350624, 30.279183320306142 ], [ -87.77107583690497, 30.25908997521438 ], [ -87.80702093673699, 30.241964413214134 ], [ -87.844726222337201, 30.227971466738875 ], [ -87.883828938086651, 30.217245755749524 ], [ -87.92395341365021, 30.209890430352765 ], [ -87.936169910103814, 30.20871893262175 ], [ -87.950594281605916, 30.202574149031236 ], [ -87.990355294527802, 30.189790261589462 ], [ -88.03140255189571, 30.180563825782055 ], [ -88.073314417046376, 30.174989754544303 ], [ -88.095188605083393, 30.174028753776966 ], [ -88.100823920616264, 30.173234625681843 ], [ -88.140958382810567, 30.170980388120746 ], [ -88.141374554477451, 30.170974409708034 ], [ -88.142020169087758, 30.170965566517982 ], [ -88.142784809608187, 30.170955602495525 ], [ -88.145272238069708, 30.170929598760807 ], [ -88.146663125824986, 30.170918638320515 ], [ -88.149860453978476, 30.17089399272534 ], [ -88.150816196703772, 30.170887561943267 ], [ -88.154625455978774, 30.170865641030503 ], [ -88.155293394296223, 30.170862094556291 ], [ -88.162872677496566, 30.170882358904308 ], [ -88.162967261887374, 30.170883355300798 ], [ -88.201510164593373, 30.172835412834644 ], [ -88.239824397567077, 30.177886214222024 ], [ -88.259807996463138, 30.182194340703095 ], [ -88.27352508588001, 30.18447978767826 ], [ -88.310706580319632, 30.193840834854559 ], [ -88.346732295329289, 30.206143666725037 ], [ -88.381293275009043, 30.22128273975434 ], [ -88.411404988818092, 30.237666517070945 ], [ -88.417012295733088, 30.240608862552609 ], [ -88.450667253095901, 30.262570531071475 ], [ -88.481601933350461, 30.287354547300772 ], [ -88.50949962085366, 30.314708811669966 ], [ -88.534073599741021, 30.3443548669532 ], [ -88.55507011913069, 30.375990672448534 ], [ -88.555157622410221, 30.376139429132014 ], [ -88.555712409368397, 30.377086008424136 ], [ -88.555803943119756, 30.377242753529423 ], [ -88.571116476616581, 30.406659589965571 ], [ -88.583329921841781, 30.437138154378573 ], [ -88.584281047324879, 30.440441983554859 ], [ -88.59769653474649, 30.453040696332728 ], [ -88.622252066527452, 30.481166974930385 ], [ -88.643521932056416, 30.511221651225952 ], [ -88.661300409349295, 30.542918950905523 ], [ -88.675414320802929, 30.575957203033756 ], [ -88.685724807423185, 30.610021669735097 ], [ -88.692128802791416, 30.644787509799169 ], [ -88.694560187310927, 30.679922849679862 ], [ -88.694585907074639, 30.68201678616585 ], [ -88.694609245610081, 30.685726046090181 ], [ -88.694610279535766, 30.689165049126345 ], [ -88.69461301725778, 30.689936021421811 ], [ -88.694614240870123, 30.690363873476418 ], [ -88.694631109190752, 30.698140955661245 ], [ -88.694642071982486, 30.703007032343869 ], [ -88.694646100397819, 30.705009025325449 ], [ -88.692521036048262, 30.741845432799138 ], [ -88.689950730378328, 30.756253971547963 ], [ -88.687660189788261, 30.772581610067977 ], [ -88.678429068251731, 30.807918223372514 ], [ -88.665098232501009, 30.842275262621641 ], [ -88.647798188309778, 30.875303538007106 ] ] ] } },
{ "type": "Feature", "properties": { "port_complex_id": "new_orleans_la", "domain": "coastal_inner", "buffer_m": 20000.0, "partition_method": "source-core-plus-representative-point-voronoi-v1", "source_artifact": "config/port_areas_usace.geojson", "source_sha256": "651a7ca775312b7fed37808336854ced4b3b1e90ea4baf47959480cc657b13c0", "geometry_freeze": "outcome-blind-2026-07-23" }, "geometry": { "type": "Polygon", "coordinates": [ [ [ -90.486774586610338, 30.057322372856913 ], [ -90.485476694708012, 30.073359522059274 ], [ -90.483681667551153, 30.083048152794863 ], [ -90.483395184742633, 30.086506048144496 ], [ -90.483246791668762, 30.092777170830207 ], [ -90.482085930011735, 30.10845383710712 ], [ -90.479354227510953, 30.123982650174508 ], [ -90.479353830444893, 30.123984065565939 ], [ -90.478710021199589, 30.130846530109348 ], [ -90.475417486676506, 30.14716415208645 ], [ -90.473557438418709, 30.154401312997159 ], [ -90.472700652829531, 30.158807857143771 ], [ -90.471873575970406, 30.164970027383617 ], [ -90.466580715887162, 30.189467005706415 ], [ -90.464277995094818, 30.197140007607185 ], [ -90.462901526568331, 30.202527265898937 ], [ -90.457507119156844, 30.219606159001007 ], [ -90.45019970815494, 30.236142957882056 ], [ -90.441048925806072, 30.251977597056626 ], [ -90.430142399720879, 30.266956733195371 ], [ -90.417584936628046, 30.280935240661169 ], [ -90.403497531795722, 30.293777629522161 ], [ -90.388016212815955, 30.305359371725579 ], [ -90.371290728403949, 30.315568121951554 ], [ -90.353483094741733, 30.324304820656444 ], [ -90.334766013660754, 30.33148466795631 ], [ -90.316630480315894, 30.33753380291736 ], [ -90.307248447887559, 30.340440820528777 ], [ -90.300174177312442, 30.342468445340486 ], [ -90.285839479634589, 30.346579614323314 ], [ -90.277472891063752, 30.348810582278475 ], [ -90.262367684701317, 30.352538021801447 ], [ -90.257417417613283, 30.353702294707929 ], [ -90.255120876865021, 30.354216188595405 ], [ -90.249730783303065, 30.355419272894096 ], [ -90.232825120798054, 30.359196124503068 ], [ -90.230760149820497, 30.359658160197629 ], [ -90.224180017712087, 30.361032038389197 ], [ -90.210586961902976, 30.363667651813312 ], [ -90.204874240349312, 30.364775551344501 ], [ -90.201944637880999, 30.36534547334141 ], [ -90.181763429731021, 30.368377786880789 ], [ -90.161334311010236, 30.369680184610132 ], [ -90.140855877033218, 30.369240019752322 ], [ -90.120527211906634, 30.367061566531355 ], [ -90.10054591538497, 30.363165977993443 ], [ -90.081106145544368, 30.357591077298903 ], [ -90.062396698090438, 30.350390984674956 ], [ -90.049550042062023, 30.34407164251434 ], [ -90.031242325067311, 30.349466435287752 ], [ -90.026390764520556, 30.350657067164395 ], [ -89.977982615447331, 30.366775197362472 ], [ -89.956944719988115, 30.372684582892308 ], [ -89.935298066687693, 30.37663018248287 ], [ -89.913287972201246, 30.378567319114332 ], [ -89.891163952878117, 30.37847405614589 ], [ -89.869176841875927, 30.376351449741339 ], [ -89.868212817172349, 30.376213204567069 ], [ -89.865710649804555, 30.375840800784491 ], [ -89.861321491762396, 30.375163602328691 ], [ -89.844720595487402, 30.371992070588099 ], [ -89.841971506474451, 30.371363991590155 ], [ -89.833955412358335, 30.369794959060496 ], [ -89.830177571040267, 30.369507826417419 ], [ -89.808797822422662, 30.366910583615077 ], [ -89.787845798972953, 30.362412501365228 ], [ -89.768407265916579, 30.356331130396125 ], [ -89.754094306914496, 30.357419943964388 ], [ -89.752729327404566, 30.357469032120992 ], [ -89.729640459644003, 30.357190480809326 ], [ -89.706730056368087, 30.354701720294354 ], [ -89.706331893666402, 30.354638895552391 ], [ -89.688264100140927, 30.355611973155952 ], [ -89.68751947057271, 30.355612974979977 ], [ -89.687196897031512, 30.35561319168335 ], [ -89.686857153524613, 30.355613191694463 ], [ -89.665302851066258, 30.354645261939634 ], [ -89.663734474176351, 30.35450400961448 ], [ -89.643858363230777, 30.35186900935609 ], [ -89.642683948303201, 30.351662646123987 ], [ -89.641318371543179, 30.351418561143461 ], [ -89.641274281279308, 30.351410547056975 ], [ -89.612520446514466, 30.344283801984449 ], [ -89.612359159424869, 30.344232715825367 ], [ -89.611552618224451, 30.343977182390553 ], [ -89.597728755870477, 30.339103840850537 ], [ -89.596326523159448, 30.338557946809548 ], [ -89.592941985084565, 30.337208625216455 ], [ -89.5913565442183, 30.336561574259914 ], [ -89.584868313108544, 30.333793137489042 ], [ -89.578373419887171, 30.330898952447324 ], [ -89.576874448878087, 30.33023148553772 ], [ -89.569584250156694, 30.3286960543684 ], [ -89.567196690656033, 30.328078993220682 ], [ -89.550968256686659, 30.323245061440414 ], [ -89.550314127326061, 30.323023691444639 ], [ -89.549269871287294, 30.322670255052962 ], [ -89.530356418908099, 30.315307667864229 ], [ -89.512387424647983, 30.306352205579064 ], [ -89.495541722243729, 30.295893074183162 ], [ -89.479986763228098, 30.284034427313827 ], [ -89.465876939794938, 30.270894315498314 ], [ -89.453352047608362, 30.25660349679919 ], [ -89.442535904031416, 30.241304121420612 ], [ -89.43353513527812, 30.225148304075216 ], [ -89.426438143897727, 30.208296598994615 ], [ -89.421314265818665, 30.190916393368084 ], [ -89.418213123949698, 30.173180235717254 ], [ -89.417164183094201, 30.155264116247405 ], [ -89.417163897470104, 30.154981115188548 ], [ -89.417164214926743, 30.15447145540864 ], [ -89.417172589627214, 30.150757460319088 ], [ -89.417175004578652, 30.149798422558874 ], [ -89.41842406597317, 30.130465403044671 ], [ -89.422058112422718, 30.111359330986364 ], [ -89.428033576560949, 30.09270069400911 ], [ -89.436280000200426, 30.074704696049945 ], [ -89.436579016766004, 30.074142116215807 ], [ -89.436679033929309, 30.073954222329046 ], [ -89.438086411988849, 30.07131417412057 ], [ -89.438929899316051, 30.069730338854814 ], [ -89.449349223853929, 30.052634455676959 ], [ -89.461815102301031, 30.036604097863133 ], [ -89.476183329383559, 30.021823353037441 ], [ -89.490385866950191, 30.01004048084722 ], [ -89.492430090374754, 30.005288244577439 ], [ -89.50115035561123, 29.989745024610887 ], [ -89.511541712293024, 29.974997726078566 ], [ -89.522776489277746, 29.962026449902108 ], [ -89.526303046519374, 29.953968827071048 ], [ -89.526370293694626, 29.95383592202823 ], [ -89.534718348416305, 29.939177119680721 ], [ -89.544557580977369, 29.925235176676477 ], [ -89.555806514475904, 29.912124578531923 ], [ -89.568372233814685, 29.899952941485601 ], [ -89.582151159992904, 29.888820137554315 ], [ -89.582742885235746, 29.88838372888782 ], [ -89.585188187773369, 29.886608104063178 ], [ -89.585897801858806, 29.886100800307659 ], [ -89.600059346148285, 29.876828052391001 ], [ -89.615076890928847, 29.868639985358556 ], [ -89.61706634035346, 29.867655505555184 ], [ -89.620096555798867, 29.866184968028207 ], [ -89.622440412763154, 29.86506970620945 ], [ -89.640749691694566, 29.857346083093642 ], [ -89.65983831473784, 29.851219485860096 ], [ -89.662464385141291, 29.850501702219233 ], [ -89.68996539255761, 29.844781347723664 ], [ -89.690623376398236, 29.840485785701986 ], [ -89.694990394798197, 29.823986190193132 ], [ -89.701113738181391, 29.80791513180727 ], [ -89.708938507422431, 29.792414114615731 ], [ -89.718394938245055, 29.777619560659044 ], [ -89.729399042749407, 29.76366161703886 ], [ -89.741853370493473, 29.750663019874384 ], [ -89.75564788172214, 29.738738024726057 ], [ -89.769042935524453, 29.728193842479829 ], [ -89.7849525803679, 29.716863074278574 ], [ -89.802068619121812, 29.706961635405957 ], [ -89.820222704408437, 29.698586782090988 ], [ -89.839236476201208, 29.691820754057346 ], [ -89.858923292333841, 29.68672997810005 ], [ -89.879090032982759, 29.683364425353062 ], [ -89.899538962758385, 29.681757128105438 ], [ -89.920069633712046, 29.681923860557077 ], [ -89.940480812337483, 29.683862986410418 ], [ -89.960572413514015, 29.687555474679115 ], [ -89.980147424300696, 29.692965083569639 ], [ -89.999013800546336, 29.700038710770425 ], [ -90.014760294454859, 29.707633557507076 ], [ -90.019235225352929, 29.709593803079105 ], [ -90.022722725925789, 29.711501458785257 ], [ -90.023562763046343, 29.711588748757077 ], [ -90.042977354838598, 29.71527928350482 ], [ -90.054627648226003, 29.718540197922355 ], [ -90.065879735875072, 29.721154706219238 ], [ -90.072978656824702, 29.723494296217012 ], [ -90.09371927245536, 29.720632221290234 ], [ -90.114982600236402, 29.718669679486609 ], [ -90.136364382079535, 29.71862804662053 ], [ -90.157637526486923, 29.720507765419438 ], [ -90.178576073271941, 29.724288846269488 ], [ -90.198957547582253, 29.729931076495955 ], [ -90.20081087070109, 29.730537515750388 ], [ -90.203556534445127, 29.730421277494255 ], [ -90.222595267035445, 29.731144461321971 ], [ -90.241477700026138, 29.733389120030118 ], [ -90.260044549420996, 29.737136297468044 ], [ -90.278139141926161, 29.74235434596908 ], [ -90.296117900945731, 29.74834944079311 ], [ -90.315179299487951, 29.755680171865571 ], [ -90.333301947500885, 29.764641526118048 ], [ -90.350302758102217, 29.775143037197061 ], [ -90.366009772462789, 29.787078660720798 ], [ -90.374727258882103, 29.795182320390524 ], [ -90.37507617716939, 29.795326399580279 ], [ -90.392320930404495, 29.804324572469618 ], [ -90.40848636143005, 29.81473456584548 ], [ -90.4234203859274, 29.826458625400392 ], [ -90.436982298568054, 29.839386621771556 ], [ -90.449044094891264, 29.853397072921315 ], [ -90.45949168232093, 29.868358273513334 ], [ -90.468225968777602, 29.884129521238119 ], [ -90.475163818168326, 29.900562429109229 ], [ -90.480238862981082, 29.917502311903153 ], [ -90.483402165272111, 29.934789634156314 ], [ -90.483464551679432, 29.935284241077703 ], [ -90.484822582623892, 29.94233413136082 ], [ -90.485460909897299, 29.946165163745039 ], [ -90.485357768537128, 29.946178148332525 ], [ -90.486257826811524, 29.950480678236847 ], [ -90.487860723356846, 29.970004319028398 ], [ -90.487590285480053, 29.976281910834501 ], [ -90.487598340937041, 29.976748423423061 ], [ -90.487570170560844, 29.976748790606923 ], [ -90.487536338985947, 29.977534029458539 ], [ -90.487639521332781, 29.980467627173873 ], [ -90.487631241847467, 29.982185857435081 ], [ -90.487630846213818, 29.982812067975601 ], [ -90.487630299882639, 29.983440448735504 ], [ -90.48762344636873, 29.987583739679387 ], [ -90.487621729341598, 29.989219499362431 ], [ -90.487569420800341, 29.993105218822929 ], [ -90.487495586118683, 29.995958339046272 ], [ -90.48730868006939, 29.995954689613932 ], [ -90.48739287546212, 30.001678580675303 ], [ -90.487378519172651, 30.00193560338893 ], [ -90.48736740388982, 30.002132378412536 ], [ -90.487308965837101, 30.00315547081583 ], [ -90.487273530310759, 30.003774028292902 ], [ -90.48723155195168, 30.00494214403048 ], [ -90.487192315737701, 30.005920837559881 ], [ -90.487318700905902, 30.010699307867217 ], [ -90.487247836009971, 30.013087541435532 ], [ -90.487267997297948, 30.015804166450732 ], [ -90.487136639370433, 30.02488214848394 ], [ -90.487092962439817, 30.035598924870673 ], [ -90.487091793032931, 30.035840176812844 ], [ -90.487049662009383, 30.043338258214547 ], [ -90.487042564783522, 30.043338228166022 ], [ -90.486979254098998, 30.047813523948236 ], [ -90.486951516908704, 30.048713568795737 ], [ -90.486861610220672, 30.051589734132165 ], [ -90.486861755792049, 30.051647557932647 ], [ -90.486794851206952, 30.056632340012953 ], [ -90.486774586610338, 30.057322372856913 ] ] ] } },
{ "type": "Feature", "properties": { "port_complex_id": "new_orleans_la", "domain": "coastal_outer", "buffer_m": 40000.0, "partition_method": "source-core-plus-representative-point-voronoi-v1", "source_artifact": "config/port_areas_usace.geojson", "source_sha256": "651a7ca775312b7fed37808336854ced4b3b1e90ea4baf47959480cc657b13c0", "geometry_freeze": "outcome-blind-2026-07-23" }, "geometry": { "type": "Polygon", "coordinates": [ [ [ -90.691852963928298, 30.093795018866413 ], [ -90.690663774542372, 30.100302202478005 ], [ -90.688708324093056, 30.127635012439605 ], [ -90.685704859561113, 30.14495617782298 ], [ -90.684924710141004, 30.153498764629692 ], [ -90.678418283218321, 30.186144003108609 ], [ -90.677910696832939, 30.188138042365495 ], [ -90.667986402794355, 30.234598732284919 ], [ -90.666650411872851, 30.239086807085464 ], [ -90.666100486885227, 30.24125984342243 ], [ -90.655388783438852, 30.275433732838735 ], [ -90.640840750252238, 30.30852849499303 ], [ -90.622593052153476, 30.340223190120501 ], [ -90.600818840130643, 30.370210155329058 ], [ -90.575726202348321, 30.398198033086839 ], [ -90.547556244223259, 30.423914649994348 ], [ -90.516580812372183, 30.447109715553484 ], [ -90.483099882133899, 30.467557312144606 ], [ -90.44743863317683, 30.485058149312895 ], [ -90.409944242319753, 30.499441557726485 ], [ -90.391777096320894, 30.505500905196577 ], [ -90.372979241757008, 30.511324843709236 ], [ -90.365922775735413, 30.513347090222332 ], [ -90.351592415277793, 30.517456452993351 ], [ -90.33482746979405, 30.521926107636698 ], [ -90.319692959538273, 30.525660038332834 ], [ -90.309772995316678, 30.527992653428633 ], [ -90.307471897884284, 30.528507448444898 ], [ -90.301990354000424, 30.529730696945098 ], [ -90.285135244200788, 30.533495387874456 ], [ -90.283114478903371, 30.533947428111432 ], [ -90.269927752685476, 30.536700023117341 ], [ -90.256322602171849, 30.539337277206009 ], [ -90.250686473982711, 30.540430032007166 ], [ -90.247823541568366, 30.540986834572895 ], [ -90.207376478119912, 30.547062277829742 ], [ -90.166429270699865, 30.549671776610591 ], [ -90.125382566502211, 30.548789853456658 ], [ -90.084638024304525, 30.544425119124583 ], [ -90.045695315903686, 30.536835014165128 ], [ -90.01087795359085, 30.546612109323604 ], [ -89.967495819557186, 30.554517286562977 ], [ -89.923380496121837, 30.558398539019016 ], [ -89.879035324182666, 30.558211675312005 ], [ -89.834966369702414, 30.553958823166212 ], [ -89.834000312281461, 30.553820330718477 ], [ -89.828985459827109, 30.553074192368904 ], [ -89.824587107951032, 30.552395785239124 ], [ -89.801235448667398, 30.547936915368886 ], [ -89.801220342320264, 30.547995580482443 ], [ -89.799598750368574, 30.54768548934635 ], [ -89.797630527108765, 30.547304779046815 ], [ -89.795310623413002, 30.546850921402367 ], [ -89.768987633083498, 30.54365016986597 ], [ -89.738412417923925, 30.537088045600441 ], [ -89.715134053218719, 30.53680488703603 ], [ -89.699298604767677, 30.535087511729628 ], [ -89.688590109362721, 30.535662424484848 ], [ -89.687843843267061, 30.535663428124057 ], [ -89.687197278293766, 30.535663862315978 ], [ -89.686856788104706, 30.535663862327155 ], [ -89.643653952457413, 30.533724504874673 ], [ -89.642082184674493, 30.533582998017234 ], [ -89.602245751091402, 30.528303572090625 ], [ -89.601068912064022, 30.528096842556351 ], [ -89.598332133605652, 30.527607806688987 ], [ -89.59828795273809, 30.527599778397313 ], [ -89.540669135868967, 30.513321541984837 ], [ -89.540507560919536, 30.513270368990156 ], [ -89.539683417157036, 30.513009281428658 ], [ -89.511988873589104, 30.503246274017677 ], [ -89.510584404186176, 30.502699479255963 ], [ -89.503804709273112, 30.499996401949996 ], [ -89.502216823873241, 30.499348292295693 ], [ -89.499818565480297, 30.498325028653621 ], [ -89.474875995834765, 30.490895235666706 ], [ -89.474220734356109, 30.490673492809691 ], [ -89.473169198992522, 30.490317609247533 ], [ -89.435282032047496, 30.475568185830859 ], [ -89.399298528342911, 30.457629253529273 ], [ -89.365578155956172, 30.436680344531439 ], [ -89.334456955243994, 30.412930989993544 ], [ -89.306244140370623, 30.386618569002472 ], [ -89.281219009416844, 30.358005878367145 ], [ -89.259628194498291, 30.327378450464909 ], [ -89.241683278174364, 30.295041648839575 ], [ -89.22755879707988, 30.261317573294281 ], [ -89.217390648284805, 30.226541807832838 ], [ -89.211274908502816, 30.191060045977835 ], [ -89.209267071030965, 30.155224628738548 ], [ -89.20926749980346, 30.154941627790748 ], [ -89.20927070779473, 30.153922311211836 ], [ -89.209288457116543, 30.150208336385052 ], [ -89.209293499207746, 30.14920726513099 ], [ -89.211888555872761, 30.110545162395685 ], [ -89.219248918195674, 30.07234418254588 ], [ -89.231283218116886, 30.035044770481271 ], [ -89.247846725052142, 29.999076498386298 ], [ -89.248146751560725, 29.998514339126377 ], [ -89.248324131974044, 29.998182419034851 ], [ -89.250613525601338, 29.993903831154189 ], [ -89.271503538310171, 29.959761563126268 ], [ -89.296463685996684, 29.927752166328965 ], [ -89.317734254699644, 29.905914840071937 ], [ -89.319397037462025, 29.902961169946209 ], [ -89.340219041986529, 29.87349390513879 ], [ -89.342641645642374, 29.870703730516713 ], [ -89.353438297671474, 29.851813409432296 ], [ -89.373153738102431, 29.823955358903032 ], [ -89.395674789305133, 29.797761909925377 ], [ -89.420814879445786, 29.77344738534704 ], [ -89.448366583769086, 29.751210588989995 ], [ -89.448958030326565, 29.75077476855342 ], [ -89.453846137663049, 29.747228336052682 ], [ -89.45455536152987, 29.746721724787314 ], [ -89.482857016511801, 29.728202375622494 ], [ -89.512858418463125, 29.711850711313289 ], [ -89.514845317237643, 29.710867741428487 ], [ -89.520897799822563, 29.707931197921933 ], [ -89.523238514926589, 29.706817662339112 ], [ -89.528514128848357, 29.704593526937384 ], [ -89.542713981431405, 29.682446398462982 ], [ -89.564752338955245, 29.654558330020613 ], [ -89.589675903983746, 29.628590427809261 ], [ -89.617264092995669, 29.604770176125985 ], [ -89.630655096342579, 29.59423974321783 ], [ -89.662056355068984, 29.571866376709512 ], [ -89.695799768835357, 29.552278629608942 ], [ -89.731562411754481, 29.535663460242439 ], [ -89.769002779890897, 29.522179373084686 ], [ -89.807763970970981, 29.511954947937149 ], [ -89.847476984113172, 29.505087648781657 ], [ -89.887764112964476, 29.50164292207085 ], [ -89.928242405558393, 29.501653591808342 ], [ -89.968527164179548, 29.505119556329543 ], [ -90.008235458509702, 29.512007789240922 ], [ -90.046989625327527, 29.522252644508917 ], [ -90.084420728037017, 29.535756463227937 ], [ -90.092654356568957, 29.539589023667503 ], [ -90.103877940160345, 29.53855106284356 ], [ -90.146548772369684, 29.538467942856457 ], [ -90.189004206553776, 29.542220833143272 ], [ -90.230796166560651, 29.549770029679173 ], [ -90.23636862366466, 29.551314052639292 ], [ -90.241046718930292, 29.551491103278938 ], [ -90.27873190852543, 29.555972628099287 ], [ -90.315791304640427, 29.563454189218213 ], [ -90.351914060844507, 29.573872918798035 ], [ -90.36986165712878, 29.579858185221315 ], [ -90.407923446420156, 29.594496123217272 ], [ -90.44412226544415, 29.612391476892405 ], [ -90.478093820303357, 29.633364408162588 ], [ -90.50251628756908, 29.651907663006643 ], [ -90.506978859843343, 29.654234376381432 ], [ -90.539284019692417, 29.675024914184306 ], [ -90.569142920298503, 29.698442370827468 ], [ -90.596274510852894, 29.724267632950571 ], [ -90.620422511304895, 29.752258886871335 ], [ -90.641357842840051, 29.782153834639075 ], [ -90.658880836655101, 29.813672105156268 ], [ -90.672823198581042, 29.84651783994385 ], [ -90.683049708174906, 29.880382431349485 ], [ -90.686197830417768, 29.897362404017503 ], [ -90.686914174579385, 29.900599754004848 ], [ -90.689978131168544, 29.916305125330119 ], [ -90.690625767644292, 29.920135175966017 ], [ -90.690420425250494, 29.920161430007575 ], [ -90.691749404958941, 29.92637393958865 ], [ -90.695182439443059, 29.964051006936359 ], [ -90.694895755041742, 29.9736903680088 ], [ -90.69509699060346, 29.980242451665877 ], [ -90.695098337348924, 29.987172058375435 ], [ -90.695121830135619, 29.992018574809741 ], [ -90.694769975482785, 30.008452585373885 ], [ -90.69471961586828, 30.009508406297087 ], [ -90.694769872580736, 30.014566678867787 ], [ -90.694794070485159, 30.015144842525405 ], [ -90.694780560397561, 30.015642306353786 ], [ -90.69480271019421, 30.017871375981805 ], [ -90.694703906680459, 30.026136264734319 ], [ -90.694688461663944, 30.036039764529498 ], [ -90.694687337013619, 30.036522271092736 ], [ -90.694664075865148, 30.044020403077948 ], [ -90.694640950413103, 30.044020349020151 ], [ -90.694543084196525, 30.052435139041375 ], [ -90.694517610578743, 30.053335225046936 ], [ -90.694442208188207, 30.055977078204837 ], [ -90.6943871407654, 30.061026713768332 ], [ -90.694368612128258, 30.061716776625659 ], [ -90.691852963928298, 30.093795018866413 ] ] ] } },
{ "type": "Feature", "properties": { "port_complex_id": "new_york_new_jersey", "domain": "coastal_inner", "buffer_m": 20000.0, "partition_method": "source-core-plus-representative-point-voronoi-v1", "source_artifact": "config/port_areas_usace.geojson", "source_sha256": "651a7ca775312b7fed37808336854ced4b3b1e90ea4baf47959480cc657b13c0", "geometry_freeze": "outcome-blind-2026-07-23" }, "geometry": { "type": "Polygon", "coordinates": [ [ [ -74.103380624269775, 41.192788863089604 ], [ -74.085954349709212, 41.204583396319137 ], [ -74.067051964582973, 41.215050114023207 ], [ -74.046855714182897, 41.224087724098574 ], [ -74.025560597158275, 41.231608726007998 ], [ -74.00337245979847, 41.237540275383374 ], [ -73.980505975049581, 41.241824904888347 ], [ -73.957182527307879, 41.244421093602504 ], [ -73.933628025309503, 41.245303678790229 ], [ -73.700012830988797, 41.245303678976192 ], [ -73.675444836232742, 41.244344268561342 ], [ -73.651138945007858, 41.24152101923719 ], [ -73.627351327201964, 41.236863706096479 ], [ -73.604332569390991, 41.230421438641507 ], [ -73.582324981713782, 41.222262130884801 ], [ -73.561560001185867, 41.212471769281088 ], [ -73.542255721212939, 41.201153487073142 ], [ -73.524614575207224, 41.188426455849026 ], [ -73.5088211999728, 41.174424607163225 ], [ -73.495040501962137, 41.159295198937365 ], [ -73.493523389544066, 41.157430318094974 ], [ -73.491496936045621, 41.154939352531976 ], [ -73.491173818621149, 41.154545974498006 ], [ -73.490409129162117, 41.153723598669792 ], [ -73.488876675349857, 41.15188792900635 ], [ -73.486324983792542, 41.148760075210951 ], [ -73.484612207063577, 41.146611060326826 ], [ -73.481585604783319, 41.142813595208636 ], [ -73.478281137736332, 41.138667497785612 ], [ -73.475580154902005, 41.135278590799743 ], [ -73.472610885450209, 41.131553151950449 ], [ -73.465379315200636, 41.12284461659371 ], [ -73.457901584479103, 41.113839859763324 ], [ -73.454389840215796, 41.109610986948773 ], [ -73.454407196191383, 41.10960300684998 ], [ -73.445625704538912, 41.099065960731735 ], [ -73.435315658382393, 41.083491024325838 ], [ -73.427089878491856, 41.067244261267682 ], [ -73.421024832313194, 41.050479604664417 ], [ -73.417176384977566, 41.033355776818901 ], [ -73.415579326073399, 41.016034777414944 ], [ -73.416247100429302, 40.998680345155528 ], [ -73.41796543659548, 40.98856163647217 ], [ -73.418182699273444, 40.979607762492563 ], [ -73.420633340694152, 40.963171113356665 ], [ -73.420784260938348, 40.962460282658881 ], [ -73.462787617895899, 40.680510982612489 ], [ -73.466483894039996, 40.66330285953994 ], [ -73.550754637685714, 40.36346420440178 ], [ -73.556634801407441, 40.346589380133906 ], [ -73.564674393803458, 40.330226168263408 ], [ -73.57479540735342, 40.314530365421078 ], [ -73.586900196484251, 40.299651309642748 ], [ -73.600872448168488, 40.285730474090258 ], [ -73.616578320384889, 40.27290013835843 ], [ -73.633867736548254, 40.261282149218594 ], [ -73.652575822957303, 40.250986781737794 ], [ -73.672524475393431, 40.242111710729958 ], [ -73.693524040222755, 40.234741101450872 ], [ -73.715375094698857, 40.228944827354198 ], [ -73.737870310625667, 40.224777821584908 ], [ -73.760796385108847, 40.222279567713564 ], [ -73.783936021791433, 40.22147373401144 ], [ -74.266064271605217, 40.221473733177532 ], [ -74.292326109858479, 40.222519181194635 ], [ -74.31827454796904, 40.225743071112191 ], [ -74.418646682712819, 40.242511072118802 ], [ -74.70459816402257, 40.478902661943771 ], [ -74.705057920904352, 40.616443055215015 ], [ -74.703819974795124, 40.635067965061467 ], [ -74.699993561212054, 40.653494777203683 ], [ -74.693618472418493, 40.67152228045348 ], [ -74.684762466268566, 40.688953465264632 ], [ -74.673520604794092, 40.705597689310025 ], [ -74.660014284423767, 40.72127277963547 ], [ -74.644389965433405, 40.735807047482595 ], [ -74.605567421425022, 40.768261414930429 ], [ -74.605785693989034, 40.833108336059503 ], [ -74.604602320043128, 40.851306685074725 ], [ -74.600940650983901, 40.869320471333737 ], [ -74.594836973272606, 40.88696198563887 ], [ -74.586353141001794, 40.904047251975697 ], [ -74.575576002042993, 40.920397957176235 ], [ -74.562616555003487, 40.935843326972638 ], [ -74.547608843185785, 40.950221928090237 ], [ -74.53070859495665, 40.963383376607787 ], [ -74.364005729004347, 41.080277119981446 ], [ -74.347193033862979, 41.090991223383547 ], [ -74.329120808693574, 41.100504376193022 ], [ -74.309943252855504, 41.108735127836731 ], [ -74.289824207016096, 41.115612979266949 ], [ -74.146305647019204, 41.158708165535295 ], [ -74.133668219443337, 41.165037892156775 ], [ -74.133150100534152, 41.165684357672106 ], [ -74.119163067281946, 41.179780598886794 ], [ -74.103380624269775, 41.192788863089604 ] ] ] } },
{ "type": "Feature", "properties": { "port_complex_id": "new_york_new_jersey", "domain": "coastal_outer", "buffer_m": 40000.0, "partition_method": "source-core-plus-representative-point-voronoi-v1", "source_artifact": "config/port_areas_usace.geojson", "source_sha256": "651a7ca775312b7fed37808336854ced4b3b1e90ea4baf47959480cc657b13c0", "geometry_freeze": "outcome-blind-2026-07-23" }, "geometry": { "type": "Polygon", "coordinates": [ [ [ -74.823350796779323, 40.940183706996763 ], [ -74.806476563366544, 40.974385710606199 ], [ -74.784997607397671, 41.007125444959158 ], [ -74.759132751587444, 41.038059776300905 ], [ -74.729147791000258, 41.066864027347044 ], [ -74.695352873405071, 41.093235469359378 ], [ -74.528616004992884, 41.210357108957872 ], [ -74.494973556091765, 41.231828963403203 ], [ -74.458791976993297, 41.250896955697925 ], [ -74.420380917147327, 41.26739675434289 ], [ -74.380069957407713, 41.281186045272705 ], [ -74.284756115592899, 41.309845493914082 ], [ -74.274035895096603, 41.318697808886554 ], [ -74.239172412409772, 41.342333822089593 ], [ -74.201333678355596, 41.363312481931736 ], [ -74.160885471721912, 41.381429451369932 ], [ -74.118219924684411, 41.396508108481257 ], [ -74.073751629698307, 41.408401339571206 ], [ -74.027913485400958, 41.416993037245277 ], [ -73.981152327985043, 41.422199285661343 ], [ -73.933924398150495, 41.423969218770821 ], [ -73.69971645866471, 41.423969218957303 ], [ -73.650457454275283, 41.422045297327074 ], [ -73.60172791279804, 41.416383953812542 ], [ -73.55404514229474, 41.40704537265605 ], [ -73.507914847203622, 41.394128795527273 ], [ -73.463825548954048, 41.377771417349578 ], [ -73.422243226951636, 41.358146862958456 ], [ -73.383606246585302, 41.335463264412958 ], [ -73.348320635616147, 41.309960963741695 ], [ -73.316755764019959, 41.281909870387416 ], [ -73.291525102420522, 41.254123815241201 ], [ -73.291463926667191, 41.254152667978822 ], [ -73.290043112087488, 41.252490913669533 ], [ -73.289240475264023, 41.251606506552811 ], [ -73.288122883270503, 41.250227751043624 ], [ -73.286066749711409, 41.247789717895756 ], [ -73.284537571642304, 41.245951448228915 ], [ -73.279452367026295, 41.239695380471666 ], [ -73.274724475399012, 41.233740956835554 ], [ -73.271436540450878, 41.229600056745788 ], [ -73.268749005188369, 41.226215317676726 ], [ -73.266906013426166, 41.223894322076276 ], [ -73.260848803764006, 41.216573708055101 ], [ -73.253402241535881, 41.207574381629215 ], [ -73.249904231837675, 41.203346971448937 ], [ -73.250163206784833, 41.203228616600761 ], [ -73.235478137728094, 41.185542160989456 ], [ -73.214931186409515, 41.154356003044768 ], [ -73.198569216477807, 41.12183252395657 ], [ -73.186541768370404, 41.088280711394674 ], [ -73.178956689589839, 41.054018847964549 ], [ -73.175879336777683, 41.019371456679714 ], [ -73.17733219787651, 40.984666205441279 ], [ -73.178890839844087, 40.97566804765421 ], [ -73.179105803070314, 40.967889817642849 ], [ -73.182361094707019, 40.946540686327715 ], [ -73.182148351737808, 40.946522592609462 ], [ -73.225706530355779, 40.660579341897687 ], [ -73.23320984119556, 40.626177582446203 ], [ -73.318415337131853, 40.326501851861877 ], [ -73.330276454325485, 40.292774540916653 ], [ -73.346443390900703, 40.260077666270632 ], [ -73.366756824571056, 40.22872168503369 ], [ -73.391018783758611, 40.199003910825766 ], [ -73.418994687506981, 40.171205753448923 ], [ -73.450415693430045, 40.145590119903915 ], [ -73.484981327495987, 40.122398998242225 ], [ -73.522362368453585, 40.101851243807246 ], [ -73.562203959028238, 40.08414058542381 ], [ -73.604128915591915, 40.069433867057349 ], [ -73.647741207789892, 40.057869538405825 ], [ -73.692629579531129, 40.049556405811174 ], [ -73.738371282771539, 40.044572652795203 ], [ -73.784535895593109, 40.042965137442238 ], [ -74.179464442898094, 40.043100017108124 ], [ -74.937636469555699, 40.669950752222128 ], [ -74.933560245651449, 40.689894153963884 ], [ -74.920918823093132, 40.725973363835017 ], [ -74.903300477897332, 40.760868319978151 ], [ -74.880891214110392, 40.7941963326898 ], [ -74.853930535039112, 40.825591340487044 ], [ -74.844797836173683, 40.834111552128469 ], [ -74.842656565690717, 40.868835556801493 ], [ -74.835450533165272, 40.904877354802579 ], [ -74.823350796779323, 40.940183706996763 ] ] ] } },
{ "type": "Feature", "properties": { "port_complex_id": "norfolk_newport_news_va", "domain": "coastal_inner", "buffer_m": 20000.0, "partition_method": "source-core-plus-representative-point-voronoi-v1", "source_artifact": "config/port_areas_usace.geojson", "source_sha256": "651a7ca775312b7fed37808336854ced4b3b1e90ea4baf47959480cc657b13c0", "geometry_freeze": "outcome-blind-2026-07-23" }, "geometry": { "type": "Polygon", "coordinates": [ [ [ -76.632461744416744, 36.861213036882297 ], [ -76.646381190589452, 36.875408744621211 ], [ -76.658427482428522, 36.890632732852872 ], [ -76.668478206234809, 36.906731762058101 ], [ -76.676430828998676, 36.923543687566067 ], [ -76.686205176765995, 36.947865837628434 ], [ -76.691897631074269, 36.964903272907975 ], [ -76.695430965828578, 36.98229922898178 ], [ -76.696769287587927, 36.999884437831817 ], [ -76.695898016744508, 37.017487674419542 ], [ -76.692824089433813, 37.034937421575378 ], [ -76.687575950305302, 37.052063542261095 ], [ -76.680203333874587, 37.068698942874342 ], [ -76.670776834299673, 37.084681211176175 ], [ -76.659387265637093, 37.099854212503182 ], [ -76.646144816912525, 37.114069628173205 ], [ -76.631178008653563, 37.127188420425682 ], [ -76.614632459845865, 37.13908220884106 ], [ -76.596669476550687, 37.149634543969874 ], [ -76.577464475621852, 37.158742064855574 ], [ -76.44583822108433, 37.214265286550997 ], [ -76.424175448063878, 37.222260284076043 ], [ -76.401557670393501, 37.2284212909397 ], [ -76.37823679711974, 37.232679645024739 ], [ -76.354472735779268, 37.234987878848926 ], [ -76.330530439051472, 37.235320259419574 ], [ -76.311709553923009, 37.234801057745173 ], [ -76.289424747673351, 37.233320099026173 ], [ -76.267434546395975, 37.230126767399241 ], [ -76.245952777421465, 37.225252115516142 ], [ -76.225188220782599, 37.21874353803257 ], [ -76.205342542096602, 37.210664301573232 ], [ -76.186608301502474, 37.201092917848463 ], [ -76.169167059571166, 37.190122366604058 ], [ -76.15318759981011, 37.177859176650742 ], [ -76.138824285846525, 37.164422374674977 ], [ -76.126215569626567, 37.149942312860418 ], [ -76.11548266504704, 37.134559387534146 ], [ -76.106728399377232, 37.118422662086964 ], [ -76.100036252672723, 37.101688408284467 ], [ -76.096779804766598, 37.091880368547756 ], [ -76.083845240582903, 37.07219336975578 ], [ -76.074335947892919, 37.055711749579942 ], [ -76.067002222179795, 37.038557236278074 ], [ -76.061918112363045, 37.020906577526802 ], [ -76.059134362996659, 37.002941510175987 ], [ -76.05867795541667, 36.984846880767357 ], [ -76.060348809781871, 36.968764046281301 ], [ -76.053390026640486, 36.962828023330829 ], [ -76.03994629145771, 36.94881023723633 ], [ -76.028322389547299, 36.933818765648049 ], [ -76.018630172926066, 36.917999295028956 ], [ -76.010962534568108, 36.901505466598508 ], [ -76.005392546424176, 36.88449737097406 ], [ -76.001972797687202, 36.867139983533228 ], [ -76.000734937905449, 36.849601556194898 ], [ -75.999792967128741, 36.732565510431634 ], [ -76.000681279410003, 36.715579900938017 ], [ -76.00361014302392, 36.698737849600811 ], [ -76.008551663054178, 36.682191947795893 ], [ -76.015459788513425, 36.666092008245847 ], [ -76.024270774521753, 36.650583715100197 ], [ -76.03490379978399, 36.635807314469744 ], [ -76.047261732367076, 36.621896356859651 ], [ -76.061232035674564, 36.608976502385303 ], [ -76.076687805524799, 36.597164399014503 ], [ -76.093488928360202, 36.586566643367277 ], [ -76.101855532800528, 36.582248852010977 ], [ -76.10260755062545, 36.581665573240912 ], [ -76.119561054317813, 36.570841052340668 ], [ -76.137750007875539, 36.561358405142279 ], [ -76.157005379793432, 36.553305551055736 ], [ -76.177148436987906, 36.546757128309245 ], [ -76.216770950051284, 36.535601072167253 ], [ -76.237744485988443, 36.530584036590831 ], [ -76.259231780644228, 36.527199056938784 ], [ -76.281031258636332, 36.52547788931458 ], [ -76.30293847866551, 36.52543667925849 ], [ -76.324748010608829, 36.527075813331635 ], [ -76.346255320888915, 36.530379915563209 ], [ -76.367258650339949, 36.535317988790105 ], [ -76.387560868827336, 36.541843699696599 ], [ -76.406971290990938, 36.549895805143059 ], [ -76.425307437672615, 36.559398716168694 ], [ -76.442396727864121, 36.570263194870542 ], [ -76.458078086375465, 36.58238717820074 ], [ -76.472203452883065, 36.595656721601308 ], [ -76.484639178580409, 36.609947054314176 ], [ -76.495267297327516, 36.625123737171556 ], [ -76.503986658987657, 36.641043912698699 ], [ -76.596380780482718, 36.834497435346009 ], [ -76.599584681106563, 36.836465848709949 ], [ -76.616810173214304, 36.848188418416996 ], [ -76.632461744416744, 36.861213036882297 ] ] ] } },
{ "type": "Feature", "properties": { "port_complex_id": "norfolk_newport_news_va", "domain": "coastal_outer", "buffer_m": 40000.0, "partition_method": "source-core-plus-representative-point-voronoi-v1", "source_artifact": "config/port_areas_usace.geojson", "source_sha256": "651a7ca775312b7fed37808336854ced4b3b1e90ea4baf47959480cc657b13c0", "geometry_freeze": "outcome-blind-2026-07-23" }, "geometry": { "type": "Polygon", "coordinates": [ [ [ -76.856189345666863, 36.803738412449107 ], [ -76.87635672242692, 36.83590383379282 ], [ -76.892343768961467, 36.869500674111855 ], [ -76.902181167073721, 36.893805892830798 ], [ -76.913658738984225, 36.927860754176791 ], [ -76.920826665984819, 36.962639937277864 ], [ -76.923609242426338, 36.997805416774881 ], [ -76.921973198368207, 37.033014952064391 ], [ -76.91592826255598, 37.067925407525166 ], [ -76.905527309339391, 37.10219609954364 ], [ -76.89086607867722, 37.135492137705818 ], [ -76.872082462695616, 37.167487726867577 ], [ -76.849355357021778, 37.197869396503023 ], [ -76.822903080242597, 37.22633912378825 ], [ -76.792981370263547, 37.252617317339443 ], [ -76.759880971967448, 37.276445629403113 ], [ -76.723924836285846, 37.297589565613478 ], [ -76.685464956473666, 37.315840863187809 ], [ -76.553641329158836, 37.37147810216721 ], [ -76.510242734473366, 37.387501826181207 ], [ -76.46491718062174, 37.39985098951928 ], [ -76.418172484696925, 37.408387052467063 ], [ -76.370533043443601, 37.413014212869378 ], [ -76.322533720731755, 37.41368052541727 ], [ -76.303667741513678, 37.413160110908017 ], [ -76.258992425025482, 37.410191303808638 ], [ -76.214911921024708, 37.40378998315007 ], [ -76.171857773433572, 37.394018827459796 ], [ -76.130251058763449, 37.380973480118783 ], [ -76.090498114234308, 37.364781575303063 ], [ -76.052986438478442, 37.345601440487044 ], [ -76.0180808112938, 37.323620490671956 ], [ -75.986119675272249, 37.299053332949242 ], [ -75.957411817863203, 37.272139603141078 ], [ -75.932233387663388, 37.243141559036935 ], [ -75.910825273573607, 37.212341457135899 ], [ -75.893390870064451, 37.180038741781601 ], [ -75.88480994562785, 37.158428686205276 ], [ -75.88184918276653, 37.15390272637535 ], [ -75.862903223998032, 37.120908055676367 ], [ -75.848323506831107, 37.086573844379188 ], [ -75.838254497534635, 37.051254609229964 ], [ -75.834413709562668, 37.025980779463026 ], [ -75.829060628099086, 37.019051459192255 ], [ -75.809742549607051, 36.987380925112213 ], [ -75.794488569625102, 36.954367250931234 ], [ -75.783441659253626, 36.920331613725033 ], [ -75.776703376029388, 36.885604702412834 ], [ -75.774333092192862, 36.850523473847588 ], [ -75.773744189205445, 36.733486045000959 ], [ -75.775622704080064, 36.699518115977703 ], [ -75.781578770270301, 36.665844550438528 ], [ -75.791553052022167, 36.632770135204844 ], [ -75.805450166167233, 36.600593854059028 ], [ -75.823139723509556, 36.569606212027473 ], [ -75.844457666505122, 36.540086648339638 ], [ -75.869207885698387, 36.51230105974804 ], [ -75.897164095842342, 36.48649945455913 ], [ -75.928071951403581, 36.462913756285715 ], [ -75.961651380212075, 36.441755774305371 ], [ -75.968700844554803, 36.438121525182936 ], [ -75.986811120305475, 36.426568543695069 ], [ -76.023148207471465, 36.40763906520791 ], [ -76.061600792159354, 36.391565538133449 ], [ -76.10181356844825, 36.378496055692956 ], [ -76.141358828708846, 36.367363756985526 ], [ -76.183219589429498, 36.357351361821713 ], [ -76.226098466372278, 36.350596381649552 ], [ -76.269595887370514, 36.347161772331788 ], [ -76.313306763617405, 36.347079538106492 ], [ -76.356824103617001, 36.350350445195403 ], [ -76.399742640986176, 36.356944014949164 ], [ -76.441662449699137, 36.366798796580611 ], [ -76.482192520354417, 36.379822917445338 ], [ -76.520954271014332, 36.395894906738249 ], [ -76.557584966129554, 36.41486478638808 ], [ -76.591741017039126, 36.436555420854845 ], [ -76.623101137555636, 36.460764115468237 ], [ -76.651369328241813, 36.487264450895367 ], [ -76.676277663200665, 36.515808339307988 ], [ -76.697588853576107, 36.546128285830328 ], [ -76.715098562548178, 36.577939836916507 ], [ -76.78940553802363, 36.732703074789448 ], [ -76.804183359384112, 36.744975724662069 ], [ -76.832049324264617, 36.773327379238921 ], [ -76.856189345666863, 36.803738412449107 ] ] ] } },
{ "type": "Feature", "properties": { "port_complex_id": "philadelphia_pa", "domain": "coastal_inner", "buffer_m": 20000.0, "partition_method": "source-core-plus-representative-point-voronoi-v1", "source_artifact": "config/port_areas_usace.geojson", "source_sha256": "651a7ca775312b7fed37808336854ced4b3b1e90ea4baf47959480cc657b13c0", "geometry_freeze": "outcome-blind-2026-07-23" }, "geometry": { "type": "Polygon", "coordinates": [ [ [ -75.597359468474622, 39.95466483472218 ], [ -75.582186393679081, 39.966159644234978 ], [ -75.582018635768151, 39.966275639598997 ], [ -75.561836843552399, 39.978752314852763 ], [ -75.544525031444905, 39.987229909829459 ], [ -75.53720206236558, 39.994556297963882 ], [ -75.537184272832036, 39.99457180403968 ], [ -75.520753732159221, 40.007514537852543 ], [ -75.50268089869148, 40.019144645681791 ], [ -75.483148416588605, 40.029344086900728 ], [ -75.462354005328081, 40.038009292458227 ], [ -75.462331700354866, 40.038017509414324 ], [ -75.450654003860507, 40.041850734328392 ], [ -75.444757291991692, 40.054130711435505 ], [ -75.444570870448999, 40.054475963766336 ], [ -75.444384805332874, 40.054819915645915 ], [ -75.431198257086081, 40.075328378292745 ], [ -75.431096056794203, 40.075464407331729 ], [ -75.42618200455766, 40.081606136141751 ], [ -75.422834329784919, 40.088063853824373 ], [ -75.412451025108254, 40.103489165000788 ], [ -75.400131979319355, 40.118082918069049 ], [ -75.385992215152157, 40.131707476805893 ], [ -75.370164149092943, 40.144234266722108 ], [ -75.352796362683648, 40.155545005583271 ], [ -75.334052210375575, 40.165532838002925 ], [ -75.314108276850973, 40.174103362554163 ], [ -75.293152698593772, 40.181175540855257 ], [ -75.271383366208141, 40.186682479231699 ], [ -75.249006025518483, 40.190572074824978 ], [ -75.226232296806955, 40.192807519392808 ], [ -75.218659458779499, 40.192992773211301 ], [ -75.218538883185147, 40.1936862544203 ], [ -75.213528678493233, 40.210171801726396 ], [ -75.21347431252785, 40.210318348309237 ], [ -75.207320051590386, 40.224567238255133 ], [ -75.199597840946439, 40.238376979795611 ], [ -75.199508416675314, 40.238519790939634 ], [ -75.195042403992488, 40.24527711558283 ], [ -75.194942566896302, 40.245420477407286 ], [ -75.183262833561074, 40.26037312929617 ], [ -75.169705085044242, 40.274400802489126 ], [ -75.16921215187692, 40.274861826389078 ], [ -75.152938738605599, 40.288568547043376 ], [ -75.152483833838104, 40.288914027848442 ], [ -75.135702736669259, 40.300488032566015 ], [ -75.132787117740833, 40.302141339012699 ], [ -75.132558285088024, 40.302308885632954 ], [ -75.10765536348994, 40.318180195923787 ], [ -75.106832647674537, 40.318635131079766 ], [ -75.103870810740005, 40.320246566973104 ], [ -75.102810003017197, 40.320814377468132 ], [ -75.087983962421603, 40.328136813305385 ], [ -75.085305808919571, 40.329354027103534 ], [ -75.083972703705257, 40.329968344369192 ], [ -75.079876179002781, 40.331813591651446 ], [ -75.07911008804237, 40.332150821936828 ], [ -75.060598194064426, 40.339493768098208 ], [ -75.043667299228076, 40.344831919242317 ], [ -75.041167691490884, 40.346479171413492 ], [ -75.025724323844386, 40.355098033321269 ], [ -75.025061220641746, 40.355437605457332 ], [ -75.008753940187447, 40.363079488005297 ], [ -74.991674873375928, 40.369703331391939 ], [ -74.990884713331766, 40.369979880704449 ], [ -74.96720277919917, 40.377128894738505 ], [ -74.942633129669105, 40.382323046120966 ], [ -74.941718587684321, 40.382476988390806 ], [ -74.940133935132465, 40.382739444830882 ], [ -74.93793957483193, 40.383096948545855 ], [ -74.929288123784062, 40.384380226965263 ], [ -74.927931464231634, 40.38456182044952 ], [ -74.904760186754942, 40.386784764282169 ], [ -74.88140976751852, 40.387283276715266 ], [ -74.86200343823819, 40.386258576859142 ], [ -74.851583334201308, 40.389257723192244 ], [ -74.828593728231567, 40.393951909690301 ], [ -74.805091835023092, 40.396888866195944 ], [ -74.781315547708601, 40.398038848210398 ], [ -74.75750559906281, 40.397390208056642 ], [ -74.733903070279737, 40.394949515606527 ], [ -74.710746895835484, 40.390741490181817 ], [ -74.688271392461985, 40.38480874439832 ], [ -74.666703839909871, 40.37721134284827 ], [ -74.646262140433308, 40.368026180594228 ], [ -74.627152582805707, 40.357346188458358 ], [ -74.626653813156722, 40.357036997435962 ], [ -74.62463476214603, 40.355785319670296 ], [ -74.62317483848615, 40.354880263534255 ], [ -74.608109951876031, 40.344696579021253 ], [ -74.605620758009039, 40.342863174983513 ], [ -74.605706108850228, 40.342797685789911 ], [ -74.590598892159065, 40.330736811789329 ], [ -74.57562861379067, 40.315964327423004 ], [ -74.562786151394747, 40.300100968994784 ], [ -74.561790983143879, 40.298713682397448 ], [ -74.560152987496878, 40.296369171208958 ], [ -74.558952354885761, 40.295374769211357 ], [ -74.557440767504744, 40.294074108911488 ], [ -74.552881207920734, 40.289836651300483 ], [ -74.550996666314944, 40.288159689050445 ], [ -74.549285738591848, 40.286619649660771 ], [ -74.547754775356395, 40.285225673992045 ], [ -74.536054815474543, 40.273639040455237 ], [ -74.53373030489584, 40.271130430849148 ], [ -74.525363237151154, 40.26144535094096 ], [ -74.52444976935017, 40.260308956789693 ], [ -74.523191287186904, 40.258724847929457 ], [ -74.521868543182663, 40.257040048736833 ], [ -74.521953826439855, 40.257002120985923 ], [ -74.517432999683791, 40.251491493272034 ], [ -74.515459432739931, 40.248817753020823 ], [ -74.504048756613784, 40.231122637407623 ], [ -74.495298140852086, 40.21258936898851 ], [ -74.494924210688936, 40.211633240461552 ], [ -74.491065390672318, 40.200438503157436 ], [ -74.490512015547466, 40.19858830535329 ], [ -74.488895169337454, 40.192724751069058 ], [ -74.488563207697339, 40.191410402777791 ], [ -74.485240530246898, 40.173173025960892 ], [ -74.485067140562293, 40.171636199825564 ], [ -74.484369294351225, 40.150092502830709 ], [ -74.484427048601773, 40.14888363525418 ], [ -74.485636876620916, 40.136180487393695 ], [ -74.485784978684876, 40.135144344044484 ], [ -74.487944524090111, 40.123591821675063 ], [ -74.488596572214973, 40.120773045955069 ], [ -74.488728453009585, 40.12079038988842 ], [ -74.492025208477358, 40.108195642855698 ], [ -74.492256315290277, 40.107483467301506 ], [ -74.497895353386681, 40.092841746047618 ], [ -74.49817108672778, 40.092225269632465 ], [ -74.508093001275526, 40.0735746782752 ], [ -74.508610060451346, 40.072741520098042 ], [ -74.519690809545438, 40.056984020588345 ], [ -74.520571071147174, 40.05587017108239 ], [ -74.534065115049984, 40.040628373538588 ], [ -74.549553126085129, 40.026509819153731 ], [ -74.566871408100809, 40.013662679041211 ], [ -74.568065354157454, 40.012863461433419 ], [ -74.568655114510335, 40.012495653089864 ], [ -74.576802148100569, 40.006112294463016 ], [ -74.593941385629563, 39.995021556467478 ], [ -74.594649455867469, 39.994605839204766 ], [ -74.619527831917679, 39.981826612297205 ], [ -74.620406885448404, 39.98143428176747 ], [ -74.648373358160413, 39.970769896490275 ], [ -74.649571282639371, 39.97038590551854 ], [ -74.663542511054885, 39.966296325773421 ], [ -74.664430585813349, 39.966060494807671 ], [ -74.66457826877263, 39.966021276455876 ], [ -74.664838698049223, 39.965952118524754 ], [ -74.670894202043698, 39.964617066607168 ], [ -74.678918612199865, 39.961363164097719 ], [ -74.695844746992705, 39.955737571171674 ], [ -74.696933878173937, 39.955413306687284 ], [ -74.707526808215448, 39.947966792226083 ], [ -74.724485334977601, 39.938048566172434 ], [ -74.725128188103582, 39.937706605281541 ], [ -74.747488274754176, 39.927167608655168 ], [ -74.748364808161952, 39.926804033477097 ], [ -74.760493559246754, 39.922111221646894 ], [ -74.761495420757527, 39.921750697936474 ], [ -74.78513916383578, 39.914398333916303 ], [ -74.786281615277005, 39.914096498690697 ], [ -74.800113204950108, 39.911003485263819 ], [ -74.813163748787701, 39.907208453902186 ], [ -74.816723265753865, 39.905985126429407 ], [ -74.818157831565784, 39.905552327191181 ], [ -74.835666271199628, 39.90105235794784 ], [ -74.840816070463205, 39.897445685594015 ], [ -74.842259515241494, 39.89646694222909 ], [ -74.84677714703291, 39.893480908435606 ], [ -74.849173174007859, 39.891937223103092 ], [ -74.850762361411654, 39.890923975005371 ], [ -74.856189929304662, 39.886863527109348 ], [ -74.874658463349022, 39.875580378752176 ], [ -74.875991185868074, 39.874846568921463 ], [ -74.884798395398789, 39.870483967089818 ], [ -74.893325699872008, 39.8629499857024 ], [ -74.896202393674528, 39.860671431201219 ], [ -74.90124598685432, 39.856796015042512 ], [ -74.902321025056963, 39.855994690744623 ], [ -74.902698047512885, 39.854685012337505 ], [ -74.903373402320526, 39.852851267986509 ], [ -74.907522301392945, 39.842751418237739 ], [ -74.908165183280218, 39.841335592777384 ], [ -74.920055626495184, 39.819826415159923 ], [ -74.920613508617564, 39.818977381342741 ], [ -74.922094724192021, 39.816882994151875 ], [ -74.922313264730576, 39.816528278515193 ], [ -74.923318846437283, 39.81489796599174 ], [ -74.924528442740495, 39.81291996152553 ], [ -74.933430834719701, 39.799808149214158 ], [ -74.94372847390683, 39.787296705842017 ], [ -74.955350664167753, 39.775470655758788 ], [ -74.956150597148664, 39.774723078894219 ], [ -74.966863329111305, 39.765390176350728 ], [ -74.96811726649679, 39.764371105533051 ], [ -74.986347808889434, 39.751062486735051 ], [ -75.006351412944426, 39.739310174083883 ], [ -75.008679007721994, 39.738088165166872 ], [ -75.028046360810507, 39.728936820973047 ], [ -75.048487074478118, 39.721246379064333 ], [ -75.052318833393713, 39.719975747258808 ], [ -75.072212692236263, 39.714174780232597 ], [ -75.07354792644341, 39.713837049275391 ], [ -75.092430775792423, 39.709714574909569 ], [ -75.097283223838318, 39.708980295524384 ], [ -75.09827542310147, 39.708537815863615 ], [ -75.100971378440718, 39.707377489619432 ], [ -75.106167700041581, 39.705205952526128 ], [ -75.109543115025886, 39.70383695814828 ], [ -75.114958125504003, 39.701708414019151 ], [ -75.117888768823562, 39.700592574201501 ], [ -75.124202133591126, 39.69827707973112 ], [ -75.128627502963937, 39.696715013975137 ], [ -75.144682201487115, 39.691585589612117 ], [ -75.146207097475923, 39.691147911155618 ], [ -75.156383370378492, 39.688470612713424 ], [ -75.160547362927147, 39.687336836420272 ], [ -75.165541894685759, 39.686081878967087 ], [ -75.170858871254495, 39.68479849344633 ], [ -75.173876890378963, 39.684099676983038 ], [ -75.175451010782751, 39.683730454601964 ], [ -75.177437733881874, 39.683271575672784 ], [ -75.188301658352671, 39.680975936969148 ], [ -75.192220836285941, 39.680223799076039 ], [ -75.194971488222905, 39.679709178103884 ], [ -75.19752141462159, 39.679244385326264 ], [ -75.198025811934912, 39.679122516902339 ], [ -75.211819918620037, 39.676136875460308 ], [ -75.215953443753506, 39.675344383251819 ], [ -75.235477060396931, 39.672260509658756 ], [ -75.245754214441845, 39.671315202923431 ], [ -75.24830433487331, 39.669643673989455 ], [ -75.264403846515961, 39.660773968900735 ], [ -75.26710488653741, 39.659414023716636 ], [ -75.283043507688362, 39.652060527184872 ], [ -75.289190459727649, 39.649471211630228 ], [ -75.293286740234791, 39.64763422238218 ], [ -75.313666371005908, 39.639486123727046 ], [ -75.334994560226221, 39.632886599930259 ], [ -75.357067854737934, 39.627898522179841 ], [ -75.379675851658916, 39.624569398409399 ], [ -75.402603165020452, 39.622930930623248 ], [ -75.425631434690672, 39.622998719705691 ], [ -75.448541360473584, 39.624772120215461 ], [ -75.471114744155926, 39.628234246392537 ], [ -75.493136522236796, 39.633352129326191 ], [ -75.514396772118644, 39.64007702395611 ], [ -75.534692674662494, 39.648344863305425 ], [ -75.553830416220038, 39.658076856087995 ], [ -75.555414702510546, 39.658970556091624 ], [ -75.557073123864498, 39.659906100777626 ], [ -75.55725622568184, 39.66000523716621 ], [ -75.558601580249061, 39.660722418011908 ], [ -75.559155248012431, 39.660988981078233 ], [ -75.55978209619164, 39.661279899539835 ], [ -75.559779823476973, 39.661282718444973 ], [ -75.561424621713769, 39.662047478309908 ], [ -75.564857525964158, 39.663667851742368 ], [ -75.584150898296329, 39.673818109425753 ], [ -75.602020208004291, 39.685374115534763 ], [ -75.618287749479435, 39.698221435259455 ], [ -75.63279142801585, 39.71223278065284 ], [ -75.645386376577875, 39.72726925185863 ], [ -75.655946414423582, 39.743181694650659 ], [ -75.664365332475754, 39.759812161782314 ], [ -75.67055799155078, 39.776995464552478 ], [ -75.674461220951457, 39.794560799995175 ], [ -75.676034506507193, 39.812333438216996 ], [ -75.675260458906394, 39.830136453641806 ], [ -75.672145055104991, 39.84779248330203 ], [ -75.666717647706491, 39.86512549483944 ], [ -75.659030739477558, 39.881962546572247 ], [ -75.649159522567999, 39.8981355218502 ], [ -75.636341195805272, 39.914464243154555 ], [ -75.626098803740973, 39.924816112638744 ], [ -75.611354061128594, 39.941903082939518 ], [ -75.6110827670487, 39.942174271343966 ], [ -75.597359468474622, 39.95466483472218 ] ] ] } },
{ "type": "Feature", "properties": { "port_complex_id": "philadelphia_pa", "domain": "coastal_outer", "buffer_m": 40000.0, "partition_method": "source-core-plus-representative-point-voronoi-v1", "source_artifact": "config/port_areas_usace.geojson", "source_sha256": "651a7ca775312b7fed37808336854ced4b3b1e90ea4baf47959480cc657b13c0", "geometry_freeze": "outcome-blind-2026-07-23" }, "geometry": { "type": "Polygon", "coordinates": [ [ [ -75.772305194380579, 40.07471109107464 ], [ -75.741959505539725, 40.097742475355382 ], [ -75.741791698470053, 40.097858691187248 ], [ -75.701768506587612, 40.122635390271874 ], [ -75.683220392366422, 40.137272064015434 ], [ -75.647056169774928, 40.160577919506885 ], [ -75.634960118199785, 40.166903410468429 ], [ -75.61829904711955, 40.191762408508247 ], [ -75.593709549356277, 40.220990389009778 ], [ -75.56545773988617, 40.248282924149017 ], [ -75.533807376367648, 40.273381231515863 ], [ -75.499055375416717, 40.29604705955547 ], [ -75.461529040129477, 40.316065020964011 ], [ -75.421582954298415, 40.333244711023852 ], [ -75.394005475676238, 40.342558988982013 ], [ -75.381925630960311, 40.358077921886299 ], [ -75.354845812085657, 40.386176146621139 ], [ -75.354353303655174, 40.386637922781667 ], [ -75.321820414033368, 40.414098867853056 ], [ -75.321365527401454, 40.414444982296686 ], [ -75.304749701959182, 40.425437987221301 ], [ -75.302148172955796, 40.427385900138461 ], [ -75.298404544821025, 40.430131937725072 ], [ -75.276363561029783, 40.444205512934474 ], [ -75.27171938747037, 40.447274488645824 ], [ -75.270106750546447, 40.448198913903788 ], [ -75.248572215030876, 40.461937600156297 ], [ -75.247748740778775, 40.462393492310689 ], [ -75.241819367298987, 40.465623182281533 ], [ -75.240757496724214, 40.466192200814689 ], [ -75.212003989162383, 40.48044315698904 ], [ -75.206736465238876, 40.482851738870828 ], [ -75.200100163414092, 40.485830454975428 ], [ -75.199332986917028, 40.486168445849664 ], [ -75.16400282362622, 40.50019293790411 ], [ -75.159734300236721, 40.502577098965361 ], [ -75.159070464241907, 40.5029174049535 ], [ -75.126413678171318, 40.518235067716851 ], [ -75.092199885799474, 40.53151354109567 ], [ -75.091408322110013, 40.53179074671764 ], [ -75.043952313058625, 40.546123468093043 ], [ -74.994704050830805, 40.556537932487437 ], [ -74.993787384893153, 40.556692268402308 ], [ -74.990610701262014, 40.557218524566757 ], [ -74.988411219826475, 40.557576943863367 ], [ -74.971067443160806, 40.560150098375019 ], [ -74.969707542598954, 40.560332160408954 ], [ -74.923251786475305, 40.564789593162452 ], [ -74.893919858608527, 40.565417904514803 ], [ -74.879445521555084, 40.568372200194574 ], [ -74.832329122271346, 40.574261368294799 ], [ -74.8213477546647, 40.574794199230453 ], [ -74.252583957915959, 40.10422509644998 ], [ -74.254400677895788, 40.09449608694365 ], [ -74.255226042230731, 40.090870132739433 ], [ -74.262246486900622, 40.065552849423568 ], [ -74.262479737542819, 40.064841112843375 ], [ -74.273842568120088, 40.03557880446828 ], [ -74.274120005891604, 40.034962837851175 ], [ -74.294059232641771, 39.997697493817761 ], [ -74.294578228263191, 39.996865247527047 ], [ -74.316805330248926, 39.965388295088353 ], [ -74.317687613968829, 39.964275915762371 ], [ -74.344721604612971, 39.933835872665014 ], [ -74.375719857937, 39.905645017232928 ], [ -74.39632100184437, 39.890392824541124 ], [ -74.397863217893473, 39.889215177518075 ], [ -74.401688132911374, 39.88635607298167 ], [ -74.401729007058734, 39.886387356733046 ], [ -74.402150809175112, 39.886074918500043 ], [ -74.417568070341858, 39.874289431166609 ], [ -74.449188126333539, 39.854014688526199 ], [ -74.449895644172713, 39.853599813064989 ], [ -74.499597430449342, 39.828095427047472 ], [ -74.500475258874957, 39.827703961966208 ], [ -74.556315959493375, 39.806423849013996 ], [ -74.55751163886525, 39.806040762981517 ], [ -74.572201389216559, 39.801743667954376 ], [ -74.58885992229412, 39.792010419028642 ], [ -74.589502114783514, 39.791669173740161 ], [ -74.634164714300255, 39.770636858768611 ], [ -74.635039913664912, 39.77027409855495 ], [ -74.659257862689969, 39.760909823721853 ], [ -74.660257987644613, 39.760550132000652 ], [ -74.705734853606401, 39.746415321116743 ], [ -74.707076982943349, 39.743999525525233 ], [ -74.707000886363289, 39.743972858211578 ], [ -74.707030111541229, 39.743924960575967 ], [ -74.707934897789542, 39.742450878000042 ], [ -74.70795890094989, 39.742412002769427 ], [ -74.709212935034088, 39.740154511920366 ], [ -74.709772684003823, 39.739306444895369 ], [ -74.711237192456963, 39.737106497178026 ], [ -74.714740917889841, 39.731887555044516 ], [ -74.714796967008027, 39.731909171960893 ], [ -74.72897621583472, 39.711188479186262 ], [ -74.749494562838009, 39.686392520054419 ], [ -74.772608456205262, 39.662951093390895 ], [ -74.773409034055732, 39.662204715852717 ], [ -74.794845560938271, 39.643570084290118 ], [ -74.796099808805693, 39.642552782420758 ], [ -74.832556024235956, 39.615984241645094 ], [ -74.872531891510647, 39.592526761545209 ], [ -74.874857015912326, 39.591307304517777 ], [ -74.91354195950548, 39.573044011265559 ], [ -74.954355144528421, 39.557698049732387 ], [ -74.958179879038624, 39.55643037125175 ], [ -74.997889411944783, 39.544855873783987 ], [ -74.999221862777432, 39.544518955205668 ], [ -75.009071297253087, 39.542370471450319 ], [ -75.009580570824468, 39.54217038220434 ], [ -75.012506366598103, 39.541057070821495 ], [ -75.025111551140981, 39.536436650222392 ], [ -75.029529145194999, 39.534878174417273 ], [ -75.061578389632345, 39.524643269855531 ], [ -75.063100264482443, 39.524206628631219 ], [ -75.077217828327989, 39.520349738261345 ], [ -75.082217126358799, 39.519051630215806 ], [ -75.086722813018056, 39.517900808389889 ], [ -75.091706912045183, 39.516648868710845 ], [ -75.101736695801449, 39.514223241023792 ], [ -75.106152715770065, 39.513196247597243 ], [ -75.107066957098596, 39.512984381163491 ], [ -75.109049418785986, 39.512526614065649 ], [ -75.130172771284847, 39.508053633170789 ], [ -75.140738244121692, 39.506015702851997 ], [ -75.140744003870324, 39.506032959565303 ], [ -75.153129173593001, 39.503352215769802 ], [ -75.169139128725334, 39.495970193617019 ], [ -75.172511556839794, 39.494550685797513 ], [ -75.173878971957365, 39.493937925949645 ], [ -75.214333782027182, 39.477763079694071 ], [ -75.256649462682873, 39.464643548963714 ], [ -75.300429263431312, 39.454702026301412 ], [ -75.345263317025314, 39.44803143928452 ], [ -75.390732327332941, 39.444694119178457 ], [ -75.436411325823215, 39.444721244076504 ], [ -75.48187346909657, 39.44811256058837 ], [ -75.526693849942916, 39.454836386101547 ], [ -75.570453294429356, 39.464829891598519 ], [ -75.612742117499707, 39.477999662974405 ], [ -75.653163809513146, 39.494222536757526 ], [ -75.687663510896058, 39.511506550032109 ], [ -75.688860519456924, 39.51207104665064 ], [ -75.690247478578286, 39.512800380397969 ], [ -75.691338626073502, 39.513346704095724 ], [ -75.692260719286082, 39.513858991627501 ], [ -75.713599950225358, 39.525075804288257 ], [ -75.910996308420906, 39.827001742567091 ], [ -75.910285212112257, 39.844683289541479 ], [ -75.904167077775639, 39.880007188355577 ], [ -75.8934167472528, 39.914693560496453 ], [ -75.878135046421463, 39.948395730454408 ], [ -75.858468662901572, 39.980776361730918 ], [ -75.832895932753942, 40.013470757246218 ], [ -75.8175312739981, 40.029044604353885 ], [ -75.800002944181131, 40.049417343111671 ], [ -75.799731957266985, 40.049688952051248 ], [ -75.772305194380579, 40.07471109107464 ] ] ] } },
{ "type": "Feature", "properties": { "port_complex_id": "port_everglades_fl", "domain": "coastal_inner", "buffer_m": 20000.0, "partition_method": "source-core-plus-representative-point-voronoi-v1", "source_artifact": "config/port_areas_usace.geojson", "source_sha256": "651a7ca775312b7fed37808336854ced4b3b1e90ea4baf47959480cc657b13c0", "geometry_freeze": "outcome-blind-2026-07-23" }, "geometry": { "type": "Polygon", "coordinates": [ [ [ -80.063910647998895, 25.974976740131556 ], [ -80.098863658227899, 25.975024739388818 ], [ -80.110515661637393, 25.975040739141104 ], [ -80.110936661760704, 25.975043739132815 ], [ -80.112202662131295, 25.975052739107717 ], [ -80.112624662254902, 25.975056739099607 ], [ -80.113794662597797, 25.975078739079922 ], [ -80.1153866630642, 25.975107739052788 ], [ -80.116026663251802, 25.975119739042118 ], [ -80.116514663394796, 25.975129739033981 ], [ -80.118080663853803, 25.975162739008578 ], [ -80.118149663873993, 25.975163739007328 ], [ -80.118318663923503, 25.975165739004222 ], [ -80.119461664257202, 25.975139738972871 ], [ -80.119496664267501, 25.975139738972114 ], [ -80.119559664285902, 25.975138738970468 ], [ -80.12031466450631, 25.97512073894972 ], [ -80.121249664779299, 25.975099738924126 ], [ -80.1218626649583, 25.975088738908092 ], [ -80.1222166650617, 25.975082738898873 ], [ -80.122511665147798, 25.975073738890291 ], [ -80.122645665186695, 25.975064738885052 ], [ -80.122794665230003, 25.975054738879386 ], [ -80.122850665246318, 25.975051738877418 ], [ -80.123263665366395, 25.975024738861617 ], [ -80.123309665379793, 25.975020738859644 ], [ -80.123399665405898, 25.975012738855614 ], [ -80.12367166548492, 25.974989738843977 ], [ -80.123762665511293, 25.974982738840257 ], [ -80.123768665510809, 25.974894738817831 ], [ -80.123790665510199, 25.974631738750727 ], [ -80.123791665510197, 25.974620738747927 ], [ -80.123832665520496, 25.9745567387309 ], [ -80.123876665531597, 25.97448873871274 ], [ -80.128077666756198, 25.974323738580068 ], [ -80.130413667437097, 25.974231738506386 ], [ -80.133155668236299, 25.974124738420013 ], [ -80.133864668443508, 25.974114738402232 ], [ -80.133869668464996, 25.974872738593984 ], [ -80.133984668498599, 25.974872738591486 ], [ -80.134051668518197, 25.974870738589591 ], [ -80.142127670875496, 25.974680738366878 ], [ -80.143503671273606, 25.974515738295484 ], [ -80.143677671324298, 25.974508738289881 ], [ -80.143851671375003, 25.974501738284385 ], [ -80.144475671557501, 25.974498738270082 ], [ -80.144725671629999, 25.974476738259202 ], [ -80.145624671892904, 25.974474738239188 ], [ -80.145951671988499, 25.974473738231868 ], [ -80.145993672000799, 25.974471738230481 ], [ -80.146117672036894, 25.974466738226628 ], [ -80.146257672077709, 25.974460738221978 ], [ -80.146918672270203, 25.974429738199952 ], [ -80.147572672460797, 25.974400738178421 ], [ -80.147594672467207, 25.974401738178166 ], [ -80.147640672480705, 25.974402738177535 ], [ -80.147779672521494, 25.974408738175896 ], [ -80.147826672535302, 25.974410738175369 ], [ -80.147866672547096, 25.974412738175076 ], [ -80.147905672558494, 25.974411738173984 ], [ -80.148022672592404, 25.974400738168701 ], [ -80.148065672605199, 25.974411738170502 ], [ -80.148478672725602, 25.974396738157775 ], [ -80.149718673087193, 25.974355738120614 ], [ -80.150132673208006, 25.974341738108091 ], [ -80.1501516732135, 25.97434073810745 ], [ -80.150208673230097, 25.974338738105818 ], [ -80.150228673236001, 25.97433873810531 ], [ -80.1505306733239, 25.974324738095191 ], [ -80.151438673588501, 25.974286738065988 ], [ -80.151741673676796, 25.974273738056176 ], [ -80.151840673705621, 25.974271738053478 ], [ -80.151930673731997, 25.974270738051292 ], [ -80.152119673787197, 25.974267738046482 ], [ -80.152139673793002, 25.974266738045777 ], [ -80.152179673804696, 25.974266738044879 ], [ -80.152239673822194, 25.974265738043442 ], [ -80.152324673847005, 25.974263738041106 ], [ -80.152579673921494, 25.974260738034676 ], [ -80.1526656739467, 25.974259738032607 ], [ -80.152883674010198, 25.974249738025364 ], [ -80.153538674201002, 25.974220738003869 ], [ -80.153757674264796, 25.9742117379969 ], [ -80.153848674291297, 25.974206737993718 ], [ -80.154121674370799, 25.974195737984981 ], [ -80.154213674397596, 25.974191737981997 ], [ -80.15442867446032, 25.974185737975812 ], [ -80.155073674648506, 25.974167737957291 ], [ -80.155288674711301, 25.974161737951203 ], [ -80.155473674765204, 25.974155737945686 ], [ -80.156029674927396, 25.974140737929769 ], [ -80.156215674981695, 25.974135737924641 ], [ -80.156237674988105, 25.974134737923762 ], [ -80.156306675008295, 25.974132737921838 ], [ -80.156329675015002, 25.974132737921305 ], [ -80.156580675088193, 25.974124737913922 ], [ -80.157334675308107, 25.974104737892549 ], [ -80.157436675337905, 25.974102737889798 ], [ -80.157586675381694, 25.974098737885619 ], [ -80.157687675411196, 25.974095737882617 ], [ -80.157795675442699, 25.974091737879313 ], [ -80.158119675537193, 25.974083737870259 ], [ -80.158228675569006, 25.974080737867101 ], [ -80.158636675688001, 25.974069737855466 ], [ -80.159862676045805, 25.974038737821182 ], [ -80.160271676165195, 25.974028737809856 ], [ -80.160676676283302, 25.974016737798067 ], [ -80.1618936766383, 25.973981737762923 ], [ -80.162299676756803, 25.973970737751337 ], [ -80.162846676916303, 25.973953737735183 ], [ -80.164490677395804, 25.973905737687495 ], [ -80.1650386775557, 25.973889737671563 ], [ -80.165178677596614, 25.97388973766861 ], [ -80.165394677659805, 25.973891737664427 ], [ -80.165591677715796, 25.973829737644486 ], [ -80.165726677754193, 25.973787737630907 ], [ -80.165912677807299, 25.973737737614314 ], [ -80.165943677816102, 25.973728737611296 ], [ -80.165983677827498, 25.973717737607675 ], [ -80.166229677897604, 25.973650737585377 ], [ -80.166325677925002, 25.973623737576514 ], [ -80.166476677968106, 25.973583737563125 ], [ -80.167768678345993, 25.97358373753513 ], [ -80.171647679480401, 25.973583737451264 ], [ -80.172940679858598, 25.973584737423629 ], [ -80.173173679926705, 25.973581737417767 ], [ -80.173872680130899, 25.973574737401009 ], [ -80.173970680159499, 25.973573737398585 ], [ -80.174106680199301, 25.973573737395714 ], [ -80.174151680212404, 25.973573737394698 ], [ -80.174286680251896, 25.973573737391792 ], [ -80.174332680265394, 25.973573737390769 ], [ -80.174347680269804, 25.973573737390549 ], [ -80.174394680283513, 25.973573737389369 ], [ -80.174410680288204, 25.973573737389064 ], [ -80.174432680294601, 25.973573737388659 ], [ -80.1744676803049, 25.973573737387948 ], [ -80.174490680311493, 25.973570737386623 ], [ -80.174500680314395, 25.973568737385886 ], [ -80.174523680321002, 25.973565737384703 ], [ -80.174594680341499, 25.973554737380347 ], [ -80.174672680364012, 25.973544737376105 ], [ -80.174809680404096, 25.973541737372418 ], [ -80.174882680425412, 25.973540737370481 ], [ -80.175627680642904, 25.97352673735088 ], [ -80.177864681296001, 25.973487737292693 ], [ -80.178610681513803, 25.973474737273314 ], [ -80.178650681525497, 25.973474737272433 ], [ -80.178988681624404, 25.973474737265079 ], [ -80.180122681955993, 25.973474737240611 ], [ -80.180500682066608, 25.973474737232475 ], [ -80.180680682119302, 25.973479737229813 ], [ -80.180993682211096, 25.973487737224968 ], [ -80.181087682238598, 25.973488737223292 ], [ -80.1812236822784, 25.973489737220643 ], [ -80.181404682331504, 25.973499737219214 ], [ -80.181526682367206, 25.973496737215786 ], [ -80.181893682474296, 25.973488737205816 ], [ -80.182016682510195, 25.973486737202673 ], [ -80.182168682554305, 25.973472737195831 ], [ -80.182625682686904, 25.97343173717562 ], [ -80.182692682706303, 25.973425737172583 ], [ -80.182762682726604, 25.973419737169603 ], [ -80.182778682731296, 25.973418737169016 ], [ -80.1830266828036, 25.973410737161675 ], [ -80.183772683021203, 25.973389737140202 ], [ -80.184021683093803, 25.973383737133254 ], [ -80.18408668311281, 25.973381737131398 ], [ -80.184282683169997, 25.973377737126064 ], [ -80.184348683189199, 25.973376737124422 ], [ -80.184475683226296, 25.973374737121233 ], [ -80.184857683337896, 25.973369737111724 ], [ -80.184985683375302, 25.973368737108672 ], [ -80.185077683402199, 25.973366737106229 ], [ -80.185355683483394, 25.973364737099708 ], [ -80.1854486835106, 25.973363737097426 ], [ -80.185638683565998, 25.973357737091717 ], [ -80.186210683732895, 25.973343737075886 ], [ -80.186401683788603, 25.973338737070417 ], [ -80.186722683882195, 25.973329737061174 ], [ -80.190391684952701, 25.973236736958409 ], [ -80.190844685085509, 25.973250736952224 ], [ -80.191013685134294, 25.973225736942183 ], [ -80.194424686130304, 25.973173736855291 ], [ -80.195064686316996, 25.97315573683689 ], [ -80.195879686553894, 25.973102736805888 ], [ -80.198022687178394, 25.973020736738778 ], [ -80.198753687391402, 25.972995736716712 ], [ -80.199703687668304, 25.972963736688058 ], [ -80.200949688031599, 25.972922736650702 ], [ -80.201682688245299, 25.972899736629103 ], [ -80.201829688288214, 25.972894736624664 ], [ -80.202270688416803, 25.972882736612128 ], [ -80.20241868846, 25.972878736607882 ], [ -80.202578688506705, 25.972877736604151 ], [ -80.203062688648203, 25.97287573659321 ], [ -80.203223688695303, 25.972875736589696 ], [ -80.203375688739499, 25.972869736584933 ], [ -80.203834688873599, 25.972861736572892 ], [ -80.203987688917906, 25.972847736566123 ], [ -80.204007688923696, 25.972846736565415 ], [ -80.2040696889419, 25.972846736564104 ], [ -80.204090688948, 25.972846736563572 ], [ -80.205176689264306, 25.972801736528751 ], [ -80.206010689506101, 25.972721736490474 ], [ -80.206230689569907, 25.972700736480384 ], [ -80.207296689880394, 25.972658736446682 ], [ -80.209963690657403, 25.972552736362267 ], [ -80.210165690716295, 25.972543736355561 ], [ -80.210338690766704, 25.972536736350133 ], [ -80.213472691679797, 25.972417736252307 ], [ -80.214258691909194, 25.972400736230984 ], [ -80.214850692081797, 25.972383736213899 ], [ -80.217205692769696, 25.972359736156935 ], [ -80.219539693451495, 25.972337736100936 ], [ -80.222822694410496, 25.972305736021809 ], [ -80.223971694746396, 25.972306735997343 ], [ -80.2244786948947, 25.972307735986615 ], [ -80.224628694938502, 25.972307735983303 ], [ -80.225002695047905, 25.972308735975499 ], [ -80.225558695210495, 25.972309735963702 ], [ -80.22696669562221, 25.972311735933786 ], [ -80.227800695866009, 25.97231273591602 ], [ -80.228162695971506, 25.972299735904759 ], [ -80.228650696114514, 25.972312735897578 ], [ -80.229595696391499, 25.972337735883531 ], [ -80.229691696418996, 25.972316735876106 ], [ -80.229762696439295, 25.972301735870822 ], [ -80.229920696484498, 25.972265735858297 ], [ -80.229981696501994, 25.972251735853398 ], [ -80.230078696529802, 25.972230735845972 ], [ -80.230179696558693, 25.972207735838001 ], [ -80.230330696601996, 25.972172735825893 ], [ -80.230478696645207, 25.972169735821911 ], [ -80.231699697001503, 25.972147735790024 ], [ -80.232106697120301, 25.972140735779401 ], [ -80.233385697493603, 25.972117735745929 ], [ -80.2349706979562, 25.97208873570429 ], [ -80.238059698857796, 25.972032735623269 ], [ -80.243563700464094, 25.971934735479579 ], [ -80.246428701300303, 25.971883735404692 ], [ -80.246470701312504, 25.971882735403575 ], [ -80.246536701331806, 25.971881735401908 ], [ -80.246598701349896, 25.97188073540028 ], [ -80.246641701362407, 25.971880735399374 ], [ -80.246717701384597, 25.971879735397501 ], [ -80.246765701398701, 25.971878735396192 ], [ -80.246926701445602, 25.971874735391737 ], [ -80.246973701459297, 25.971873735390439 ], [ -80.24704170147912, 25.971870735388187 ], [ -80.247869701720305, 25.971839735362529 ], [ -80.248145701800794, 25.971829735353868 ], [ -80.248267701836298, 25.971824735349994 ], [ -80.248637701944105, 25.971810735338511 ], [ -80.248760701979904, 25.971806735334841 ], [ -80.251040702644005, 25.97171873526332 ], [ -80.257880704636506, 25.971458735049591 ], [ -80.260161705301002, 25.971372734978527 ], [ -80.260489705396495, 25.971360734968389 ], [ -80.260568705419502, 25.971357734965999 ], [ -80.261792705776301, 25.971321734930388 ], [ -80.262200705895296, 25.971310734918692 ], [ -80.262256705911696, 25.971308734917017 ], [ -80.262342705936703, 25.971306734914716 ], [ -80.2624277059615, 25.971304734912323 ], [ -80.262484705978196, 25.971303734910904 ], [ -80.262570706003203, 25.971300734908166 ], [ -80.262830706079001, 25.971294734901065 ], [ -80.262917706104403, 25.9712927348987 ], [ -80.266022707010293, 25.971229734815708 ], [ -80.275341709729005, 25.971041734566569 ], [ -80.278447710635106, 25.970979734483812 ], [ -80.278510710653507, 25.970977734481863 ], [ -80.278558710667497, 25.970977734480911 ], [ -80.278668710699606, 25.970974734477714 ], [ -80.278702710709496, 25.970973734476704 ], [ -80.278740710720598, 25.97097373447594 ], [ -80.278766710728206, 25.970972734475136 ], [ -80.278813710741801, 25.970970734473504 ], [ -80.279166710844805, 25.970962734463878 ], [ -80.281972711663101, 25.970894734385986 ], [ -80.286377712947598, 25.970789734264173 ], [ -80.291590714467802, 25.970662734119429 ], [ -80.294796715402597, 25.970584734030329 ], [ -80.294878715426506, 25.970582734027985 ], [ -80.294999715461799, 25.970579734024739 ], [ -80.295106715493006, 25.970576734021609 ], [ -80.295189715517097, 25.970574734019308 ], [ -80.295156715460607, 25.968803733572063 ], [ -80.295150715450802, 25.968498733495121 ], [ -80.295117715393204, 25.966686733037509 ], [ -80.295091715347894, 25.965258732676983 ], [ -80.295087715341197, 25.965049732624077 ], [ -80.2950787153259, 25.96457373250389 ], [ -80.295077715316793, 25.964240732419711 ], [ -80.295074715297901, 25.963559732247578 ], [ -80.295069715215803, 25.960510731476525 ], [ -80.294978715095013, 25.956947730577177 ], [ -80.2949787150947, 25.956933730573724 ], [ -80.294977715093793, 25.95691073056793 ], [ -80.294974715089296, 25.95677473053361 ], [ -80.295057715113501, 25.95677473053178 ], [ -80.295280715178706, 25.95677573052717 ], [ -80.298669716172199, 25.956891730483285 ], [ -80.298824716217595, 25.956896730481304 ], [ -80.298981716263597, 25.956899730478604 ], [ -80.301704717061298, 25.95697673043933 ], [ -80.301903717119401, 25.956975730434714 ], [ -80.302230717214911, 25.956974730427415 ], [ -80.310110719522399, 25.957159730303996 ], [ -80.310145719532699, 25.957159730303207 ], [ -80.310253719564301, 25.957162730301626 ], [ -80.310289719574797, 25.957163730301097 ], [ -80.310355719594099, 25.957164730299922 ], [ -80.310552719651795, 25.957167730296398 ], [ -80.310619719671394, 25.957169730295526 ], [ -80.310650719680496, 25.957169730294808 ], [ -80.310683719690203, 25.957171730294569 ], [ -80.310743719707702, 25.9571727302935 ], [ -80.310774719716903, 25.957174730293374 ], [ -80.310787719720594, 25.957174730293126 ], [ -80.310828719732598, 25.957174730292309 ], [ -80.310842719736698, 25.957174730291968 ], [ -80.31088871975021, 25.957174730290998 ], [ -80.310918719758902, 25.95717473029033 ], [ -80.3110277197908, 25.957174730287964 ], [ -80.311074719804495, 25.957174730287004 ], [ -80.311188719837801, 25.957174730284528 ], [ -80.311274719862894, 25.95717473028262 ], [ -80.311533719938595, 25.957172730276529 ], [ -80.311648719972098, 25.95717273027401 ], [ -80.311736719997796, 25.957171730271806 ], [ -80.312002720075597, 25.95717173026609 ], [ -80.312091720101606, 25.9571717302642 ], [ -80.312267720153002, 25.957170730260117 ], [ -80.312796720307503, 25.957170730248688 ], [ -80.312973720359295, 25.957170730244801 ], [ -80.313079720390206, 25.957169730242271 ], [ -80.313400720483898, 25.957167730234907 ], [ -80.313507720515204, 25.957167730232591 ], [ -80.314280720740996, 25.957164730215041 ], [ -80.316600721418695, 25.957156730163017 ], [ -80.317374721644796, 25.957154730145692 ], [ -80.318622722009295, 25.957149730117472 ], [ -80.322369723103805, 25.95713773003353 ], [ -80.323618723468599, 25.957133730005477 ], [ -80.324440723708705, 25.957130729986996 ], [ -80.326714724372906, 25.957122729935765 ], [ -80.326724724375794, 25.957121729935348 ], [ -80.331787725854596, 25.9571067298222 ], [ -80.333250726281904, 25.957101729789272 ], [ -80.336006727086797, 25.957092729727396 ], [ -80.3383117277601, 25.957085729675956 ], [ -80.3391037279914, 25.95708272965798 ], [ -80.339307728051196, 25.957090729655636 ], [ -80.3399227282315, 25.957116729648877 ], [ -80.340127728291606, 25.957125729646705 ], [ -80.340277728335593, 25.95713172964496 ], [ -80.340728728467909, 25.957150729639945 ], [ -80.340879728512206, 25.95715772963857 ], [ -80.3411437285896, 25.957168729635615 ], [ -80.341199728606, 25.957171729635164 ], [ -80.3412557286224, 25.957173729634455 ], [ -80.341640728735001, 25.957175729626673 ], [ -80.341938728822001, 25.95717472961999 ], [ -80.342817729078803, 25.957174729601025 ], [ -80.342927729110997, 25.957175729598919 ], [ -80.342978729125804, 25.957171729596691 ], [ -80.343031729141103, 25.957168729594802 ], [ -80.343111729164505, 25.957166729592618 ], [ -80.343578729299594, 25.957116729569893 ], [ -80.344113729454307, 25.957057729543386 ], [ -80.345310729804098, 25.957060729518275 ], [ -80.347088730322994, 25.957040729474794 ], [ -80.348336730687194, 25.95702572944397 ], [ -80.349341730980498, 25.957014729419477 ], [ -80.350341731272096, 25.9569957293931 ], [ -80.351386731576596, 25.956967729363395 ], [ -80.352052731771295, 25.956972729350372 ], [ -80.352090731782397, 25.956972729349502 ], [ -80.353388732161903, 25.956986729324981 ], [ -80.357581733388102, 25.957035729246702 ], [ -80.3589797337969, 25.957052729220838 ], [ -80.359053733818499, 25.957051729218993 ], [ -80.361895734648598, 25.957050729157292 ], [ -80.366468735984398, 25.957049729058223 ], [ -80.370047737029395, 25.957036728977499 ], [ -80.3706457372042, 25.957040728965698 ], [ -80.372969737883494, 25.957057728919672 ], [ -80.373562738057103, 25.957073728910885 ], [ -80.373845738139494, 25.95706172890177 ], [ -80.374695738387899, 25.957068728885169 ], [ -80.374979738471097, 25.95707772888132 ], [ -80.375069738497302, 25.957076728879098 ], [ -80.375142738518704, 25.957076728877478 ], [ -80.375213738539401, 25.957076728876011 ], [ -80.375313738568593, 25.957076728873858 ], [ -80.375397738593193, 25.957076728871982 ], [ -80.3783327394504, 25.957075728808313 ], [ -80.387140742022893, 25.95707472861768 ], [ -80.390083742881117, 25.957026728541869 ], [ -80.3935357438898, 25.957047728472592 ], [ -80.403913746918619, 25.95696972822849 ], [ -80.407036747830006, 25.956946728155195 ], [ -80.407135747858803, 25.956944728152518 ], [ -80.407224747884896, 25.956944728150638 ], [ -80.407373747928304, 25.956943728147088 ], [ -80.408728748323014, 25.956907728108781 ], [ -80.423757752712802, 25.956951727794916 ], [ -80.430478754675704, 25.956970727654372 ], [ -80.4308197547753, 25.956970727646997 ], [ -80.431178754880094, 25.956969727638995 ], [ -80.431361754933505, 25.956969727635023 ], [ -80.431542754986296, 25.956967727630605 ], [ -80.433656755602101, 25.956910727570534 ], [ -80.435772756218299, 25.956854727510603 ], [ -80.435792756224203, 25.956854727510212 ], [ -80.438678757066697, 25.956848727446186 ], [ -80.439391757275004, 25.956856727432783 ], [ -80.439578757329798, 25.956859727429549 ], [ -80.440320757546402, 25.956861727414005 ], [ -80.440492757596715, 25.956865727411252 ], [ -80.440613757632207, 25.956868727409482 ], [ -80.440930757724601, 25.956862727401127 ], [ -80.441126757781703, 25.956860727396382 ], [ -80.441191757800595, 25.95685872739438 ], [ -80.441256757819602, 25.956858727393101 ], [ -80.450278760451397, 25.956774727176722 ], [ -80.451078760684908, 25.956774727159388 ], [ -80.451244760733402, 25.9567747271558 ], [ -80.451365760768695, 25.956773727152878 ], [ -80.451494760806398, 25.956773727150075 ], [ -80.451576760830207, 25.956772727148099 ], [ -80.451591760834603, 25.956771727147597 ], [ -80.451636760847805, 25.956771727146577 ], [ -80.451655760853299, 25.956771727146204 ], [ -80.451670760857695, 25.95677172714576 ], [ -80.452384761066, 25.956767727129279 ], [ -80.454526761691099, 25.956758727080803 ], [ -80.455247761901504, 25.956756727064697 ], [ -80.455273761909197, 25.956756727064061 ], [ -80.455319761922595, 25.956755727062923 ], [ -80.455460761963707, 25.956755727059814 ], [ -80.455507761977415, 25.956755727058798 ], [ -80.455535761985601, 25.956754727057863 ], [ -80.455580761998704, 25.956754727056982 ], [ -80.455622762011004, 25.956754727056097 ], [ -80.455652762019696, 25.956754727055404 ], [ -80.455726762041394, 25.956754727053795 ], [ -80.457591762585906, 25.95675772701421 ], [ -80.463408764284395, 25.956770726891698 ], [ -80.465348764850802, 25.956775726850978 ], [ -80.472234766861305, 25.956791726706111 ], [ -80.492892772892418, 25.956839726271394 ], [ -80.499779774902905, 25.956856726126556 ], [ -80.504176776186597, 25.956874726036105 ], [ -80.508233777371103, 25.956891725952577 ], [ -80.517367780037603, 25.956928725764268 ], [ -80.521765781321506, 25.956946725673689 ], [ -80.523081781705699, 25.956951725646519 ], [ -80.527031782858799, 25.956967725564976 ], [ -80.528348783243203, 25.956973725538099 ], [ -80.528433783268, 25.956973725536326 ], [ -80.528688783342403, 25.95697372553072 ], [ -80.528718783351195, 25.95697372553008 ], [ -80.52877478336751, 25.956974725529072 ], [ -80.528868783395097, 25.956979725528399 ], [ -80.533188784655906, 25.956987725436882 ], [ -80.535721785395211, 25.956996725384393 ], [ -80.546431788520707, 25.957014725157084 ], [ -80.550846789809, 25.957022725063606 ], [ -80.550993789851702, 25.957014725058396 ], [ -80.551417789974906, 25.956994725044222 ], [ -80.551434789979993, 25.956998725044766 ], [ -80.551498789998703, 25.956999725043715 ], [ -80.551582790022806, 25.9569877250388 ], [ -80.551667790047503, 25.956982725035662 ], [ -80.5517527900722, 25.956978725032883 ], [ -80.577269797516905, 25.956998724485672 ], [ -80.583800799422207, 25.957004724345815 ], [ -80.631915813453304, 25.956932723285881 ], [ -80.654330819988502, 25.95689872279188 ], [ -80.6800188274768, 25.956861722226201 ], [ -80.680021827560694, 25.959995723016817 ], [ -80.680027827705601, 25.965391724378073 ], [ -80.6800308278128, 25.969400725389395 ], [ -80.680034827897202, 25.972535726180126 ], [ -80.680035827928407, 25.973697726473201 ], [ -80.680037827975298, 25.975442726913275 ], [ -80.680038828021793, 25.977185727352985 ], [ -80.680040828053293, 25.978348727646292 ], [ -80.680040828055198, 25.978419727664182 ], [ -80.680040828060896, 25.978633727718222 ], [ -80.680040828062801, 25.97870572773633 ], [ -80.680040828063994, 25.978753727748362 ], [ -80.682979828920907, 25.978758727685889 ], [ -80.749786848395601, 25.978870726264141 ], [ -80.776486856177897, 25.978971725710043 ], [ -80.781326857590898, 25.979077725631633 ], [ -80.802598863787395, 25.97906172516571 ], [ -80.809249865726102, 25.979108725033115 ], [ -80.835381873342399, 25.979294724512414 ], [ -80.835454873363616, 25.979294724510776 ], [ -80.835824873471395, 25.979296724503229 ], [ -80.836169873571905, 25.979296724495697 ], [ -80.872934884281804, 25.979438723732823 ], [ -80.872959884101206, 25.972370721951727 ], [ -80.872994883532002, 25.950550716452764 ], [ -80.873270883166498, 25.933728712206911 ], [ -80.873318883140996, 25.932236711829752 ], [ -80.873457882871193, 25.920512708871094 ], [ -80.873602882590703, 25.908305705789928 ], [ -80.873527877993126, 25.88086707761396 ], [ -81.044313288807885, 25.888807273136177 ], [ -81.047259506475868, 25.893315937679045 ], [ -81.055567024825649, 25.909394199896052 ], [ -81.062134573664039, 25.926141621483143 ], [ -81.066898551490141, 25.943398509927626 ], [ -81.069812454733068, 25.96100024556339 ], [ -81.070847360047424, 25.978778846564907 ], [ -81.070858069507167, 25.980892743685718 ], [ -81.07089238631454, 25.987273714606737 ], [ -81.070904159901204, 25.989401801011194 ], [ -81.070905355728058, 25.989651566013382 ], [ -81.070916706622754, 25.992459013933015 ], [ -81.070936822124281, 25.997411214909619 ], [ -81.070944363518024, 25.999028968661712 ], [ -81.070925130739681, 26.002467232382056 ], [ -81.070918270499917, 26.002900032254576 ], [ -81.070963918331898, 26.004115712329611 ], [ -81.071487817212841, 26.018042437573111 ], [ -81.071662900994696, 26.022678918928808 ], [ -81.071883254359079, 26.02855373392353 ], [ -81.072543416171683, 26.046074433859278 ], [ -81.072763710321837, 26.051920936390626 ], [ -81.072834740279959, 26.054228160214251 ], [ -81.072903457269476, 26.057104259810828 ], [ -81.072905633553717, 26.057174537357206 ], [ -81.073162206826822, 26.065462298294886 ], [ -81.073935040337915, 26.090329473531128 ], [ -81.074163302733169, 26.097646217849618 ], [ -81.074246273539956, 26.099584210086721 ], [ -81.074276765902667, 26.10029104806264 ], [ -81.074375666573474, 26.103151114542388 ], [ -81.074750381714281, 26.11754718964016 ], [ -81.075066712802794, 26.122074532266211 ], [ -81.075518689132082, 26.128545318498073 ], [ -81.075591654631239, 26.129641563802394 ], [ -81.075683952701695, 26.131100437352742 ], [ -81.07584461608927, 26.13405356144548 ], [ -81.076138321626999, 26.140501279463127 ], [ -81.077005466623717, 26.158450239140336 ], [ -81.077269010415108, 26.163977387485932 ], [ -81.07730246531662, 26.164660315273611 ], [ -81.077425344484013, 26.167754573230955 ], [ -81.077427505739152, 26.167825570331647 ], [ -81.077496326111458, 26.17121795949031 ], [ -81.0775344033528, 26.174974805324847 ], [ -81.077640050260172, 26.184716567711291 ], [ -81.07767548343466, 26.187983767292554 ], [ -81.077713784791911, 26.191565733859829 ], [ -81.077828861896904, 26.202234626370316 ], [ -81.07786780622493, 26.205784293315645 ], [ -81.077907608675304, 26.209505231661716 ], [ -81.078026515779456, 26.220530879528653 ], [ -81.078066736812104, 26.224198919316045 ], [ -81.078074473587193, 26.225153085678688 ], [ -81.078109734816877, 26.23186750574887 ], [ -81.078200191968762, 26.248720190755456 ], [ -81.078223260126236, 26.250108314887189 ], [ -81.07831027491423, 26.255182038748966 ], [ -81.078329874427524, 26.255720329522049 ], [ -81.07856734066435, 26.262189558013041 ], [ -81.078646833027378, 26.264346413643473 ], [ -81.078674660562456, 26.265105287078363 ], [ -81.078754574244641, 26.267287620432118 ], [ -81.078758674402025, 26.267392962759654 ], [ -81.078886683787104, 26.270914268830595 ], [ -81.07920168936964, 26.27949448051525 ], [ -81.079304521187197, 26.282281500020179 ], [ -81.079285744985839, 26.282282081908708 ], [ -81.079349643277141, 26.283554509743315 ], [ -81.079410587002698, 26.285606781093396 ], [ -81.079606713332296, 26.291954891589793 ], [ -81.079669849301666, 26.293984825108275 ], [ -81.079739533037397, 26.29725976411623 ], [ -81.079740781662409, 26.297368762561277 ], [ -81.079751288985562, 26.29889858658164 ], [ -81.079751649435707, 26.299056586367637 ], [ -81.079752017038714, 26.299585766614779 ], [ -81.079749524550934, 26.302379880336737 ], [ -81.079746519934972, 26.310091437115627 ], [ -81.079781651436392, 26.310921369040443 ], [ -81.079811004701767, 26.312391330447408 ], [ -81.079826617959995, 26.313296217701854 ], [ -81.079849154686457, 26.314846188850201 ], [ -81.079864809882238, 26.316460372285416 ], [ -81.079919219264013, 26.327661168655624 ], [ -81.079922066907486, 26.327852073083353 ], [ -81.079934455666631, 26.328906046922054 ], [ -81.079937179372592, 26.329223043674741 ], [ -81.079938911262332, 26.329441229652804 ], [ -81.079940367874087, 26.329641227972775 ], [ -81.079943735248094, 26.330262645467055 ], [ -81.079954918425258, 26.333408635561394 ], [ -81.079074837938222, 26.351117377356804 ], [ -81.076316299901492, 26.368662702857357 ], [ -81.071704378798017, 26.385878011541909 ], [ -81.065281819196727, 26.402599764430956 ], [ -81.057108668930837, 26.418669042594431 ], [ -81.0472617435329, 26.433933064250514 ], [ -81.035833925690312, 26.448246645721895 ], [ -81.022933305269618, 26.461473591966815 ], [ -81.008682167233871, 26.473488003002092 ], [ -80.99321583651701, 26.484175483288158 ], [ -80.976681390595843, 26.493434242034969 ], [ -80.959236252085276, 26.501176073421334 ], [ -80.941046675147021, 26.507327206872628 ], [ -80.9222861408212, 26.511829018815302 ], [ -80.903133677536871, 26.514638598697889 ], [ -80.883772124011386, 26.515729163530352 ], [ -80.877311616107846, 26.515804279575907 ], [ -80.875212123300571, 26.515818493955241 ], [ -80.867907342657546, 26.515832447186735 ], [ -80.829919393167714, 26.515909486185521 ], [ -80.826563714924873, 26.515915451466807 ], [ -80.812804062741478, 26.515943407220306 ], [ -80.805756737450039, 26.515957379014996 ], [ -80.784587090475412, 26.516000347944402 ], [ -80.778205125219955, 26.516014142955903 ], [ -80.776865962985894, 26.516017931385978 ], [ -80.776423905405593, 26.516019076708481 ], [ -80.774435760179031, 26.516015110506018 ], [ -80.773368528390591, 26.51600809971163 ], [ -80.749454509884018, 26.515843898906777 ], [ -80.6647724051967, 26.516143476003776 ], [ -80.636922580994352, 26.516242406435065 ], [ -80.636178940914647, 26.516243677675863 ], [ -80.636072718765718, 26.516243677678311 ], [ -80.632226171090892, 26.516209670374575 ], [ -80.627985577441407, 26.516134596786628 ], [ -80.625405985672842, 26.516159828187657 ], [ -80.616582933014456, 26.51618476548153 ], [ -80.614848749497895, 26.516190159217452 ], [ -80.614719406856878, 26.516191904043357 ], [ -80.612785499742643, 26.516209394548152 ], [ -80.609757304672925, 26.516223278231703 ], [ -80.600631706690081, 26.516267112527917 ], [ -80.597686085927222, 26.516281587615666 ], [ -80.597257379786498, 26.516284054634983 ], [ -80.596622526211078, 26.516287492316337 ], [ -80.596412464965809, 26.516288523151278 ], [ -80.593515790129487, 26.516301299310189 ], [ -80.58471677176108, 26.516344093680924 ], [ -80.583244222735388, 26.516351100907414 ], [ -80.580533476737486, 26.516404264953973 ], [ -80.577486820703086, 26.51642106145416 ], [ -80.568270844061075, 26.516474861022754 ], [ -80.565189982209617, 26.516492850305468 ], [ -80.561496711062574, 26.516513084729766 ], [ -80.550568010531151, 26.51657592060397 ], [ -80.546918067792689, 26.516596908692154 ], [ -80.544960723778146, 26.516607902431002 ], [ -80.544633125694645, 26.516610359285821 ], [ -80.544278636861449, 26.516612728447836 ], [ -80.54236977630768, 26.516623913318618 ], [ -80.542248605385922, 26.516624922455243 ], [ -80.541656716810564, 26.516629046318027 ], [ -80.54112059564568, 26.516632050966486 ], [ -80.533363951156574, 26.516537211204582 ], [ -80.532974248890298, 26.516525494073868 ], [ -80.502570837253415, 26.516530522365834 ], [ -80.499855013030285, 26.516531509307267 ], [ -80.499640301261834, 26.516531478588927 ], [ -80.40644799600274, 26.516430428367631 ], [ -80.389865897024848, 26.516414003911741 ], [ -80.388897281356918, 26.516932557818567 ], [ -80.370867264504312, 26.524492667043237 ], [ -80.352100387057575, 26.530373416506674 ], [ -80.332783874693504, 26.534516186598058 ], [ -80.313110539235055, 26.536879676635635 ], [ -80.293276821073547, 26.537440322206631 ], [ -80.273480792071055, 26.536192533364908 ], [ -80.25392014067269, 26.533148751144491 ], [ -80.234790161201133, 26.528339321786696 ], [ -80.221188069003603, 26.524241312180855 ], [ -80.207733651815644, 26.520179740791725 ], [ -80.207401224160989, 26.520079064577235 ], [ -80.205074018619939, 26.519372154644959 ], [ -80.198354141787618, 26.5173334491875 ], [ -80.193406919646961, 26.515847979131504 ], [ -80.1878374243759, 26.51442032648049 ], [ -80.181561204518658, 26.512539941786908 ], [ -80.178891569776454, 26.511740190517209 ], [ -80.177965112333226, 26.511462829031608 ], [ -80.175665938389258, 26.510760274404984 ], [ -80.172354483935067, 26.509727769762776 ], [ -80.171239225204388, 26.50973035973125 ], [ -80.168709852034425, 26.509764058477728 ], [ -80.166265606340858, 26.509755952838308 ], [ -80.165644166789747, 26.509758864242247 ], [ -80.162634566304234, 26.509752135814598 ], [ -80.160905387029615, 26.50973629337317 ], [ -80.160674377636539, 26.509735836668703 ], [ -80.160460964429106, 26.509735309829559 ], [ -80.156760225546748, 26.509724292915809 ], [ -80.156053081715527, 26.509721025815811 ], [ -80.155481259561569, 26.509717452892442 ], [ -80.153827157635774, 26.509730008759124 ], [ -80.15338204376387, 26.50973292853956 ], [ -80.151751634429715, 26.509741942481352 ], [ -80.150446034525089, 26.509745232387207 ], [ -80.148405767909807, 26.509744230887343 ], [ -80.148405775698109, 26.509731251653744 ], [ -80.14527246485946, 26.509763654210989 ], [ -80.144260056473001, 26.509753199430971 ], [ -80.142774954107182, 26.509757067685229 ], [ -80.139623681116177, 26.509781378897891 ], [ -80.137895024665411, 26.509812035587991 ], [ -80.13305553767448, 26.50984397632152 ], [ -80.132895129412319, 26.50984325049869 ], [ -80.130852053825208, 26.509894176186705 ], [ -80.130496309890134, 26.50989417619461 ], [ -80.126843347964865, 26.509863496479319 ], [ -80.126724098715854, 26.509861493392265 ], [ -80.122606546201524, 26.50972304735869 ], [ -80.12148533710085, 26.509743223737615 ], [ -80.121281896106908, 26.509747177216447 ], [ -80.118581042459255, 26.509782886651756 ], [ -80.11786654843614, 26.509787894392904 ], [ -80.116133223593366, 26.509793131130905 ], [ -80.113733425292409, 26.509790792869087 ], [ -80.111897796529661, 26.509800311753761 ], [ -80.111178967578226, 26.50980375659903 ], [ -80.110008825332685, 26.509806183785823 ], [ -80.10698371970895, 26.509804278520477 ], [ -80.105783430138885, 26.509805166946542 ], [ -80.102475051606945, 26.509782437660668 ], [ -80.100608148994539, 26.509755395989622 ], [ -80.09669997248821, 26.509696380751251 ], [ -80.088971458267409, 26.509441969263314 ], [ -80.088774047341687, 26.509431953840494 ], [ -80.072957946863596, 26.508048382551681 ], [ -80.058055061169199, 26.505635059458236 ], [ -80.057938316928144, 26.505621313163395 ], [ -80.057803934582125, 26.505594373275013 ], [ -80.057313771968552, 26.5055149578859 ], [ -80.057133421105632, 26.505478903555463 ], [ -80.056505654745052, 26.505334094696476 ], [ -80.044379680848493, 26.502902217114201 ], [ -80.025905505937459, 26.502901021991466 ], [ -80.015267503869296, 26.502901021087297 ], [ -79.995460125332116, 26.50199581951939 ], [ -79.975850600886986, 26.499291266119208 ], [ -79.956634661514983, 26.49481431671888 ], [ -79.93800403745179, 26.488609588197928 ], [ -79.920144512888029, 26.480738907825536 ], [ -79.90323404524031, 26.471280689114057 ], [ -79.887440969152351, 26.460329140813094 ], [ -79.872922304254743, 26.447993317420664 ], [ -79.859822184347237, 26.434396021232097 ], [ -79.848270424089506, 26.419672567464282 ], [ -79.838381237533497, 26.403969425371187 ], [ -79.830252120929529, 26.38744274948851 ], [ -79.823962910230151, 26.370256816199397 ], [ -79.81957502163057, 26.352582381693967 ], [ -79.817130881360995, 26.334594978092611 ], [ -79.816653548814898, 26.316473165015182 ], [ -79.81703232102403, 26.302976673053514 ], [ -79.818172005617157, 26.262473621135111 ], [ -79.818425806121326, 26.253470342136271 ], [ -79.820148121838628, 26.233791182278672 ], [ -79.820804925698965, 26.229333644439947 ], [ -79.822310504264735, 26.219113278107304 ], [ -79.826831312795804, 26.188433033141685 ], [ -79.828341291016443, 26.178190406331261 ], [ -79.831578738580788, 26.156218185612882 ], [ -79.841298378831738, 26.090267347095558 ], [ -79.843955682917098, 26.07223996118196 ], [ -79.84565093781319, 26.055084489914936 ], [ -79.851912697353555, 25.991628015408146 ], [ -79.854002063294004, 25.9704640356779 ], [ -79.854232895007257, 25.968120954956412 ], [ -79.85493386792848, 25.961018746790547 ], [ -79.855171960776318, 25.958613230030387 ], [ -79.857907624898104, 25.940777743658028 ], [ -79.86254060586289, 25.923277044741837 ], [ -79.869024568458499, 25.906281996165166 ], [ -79.87729521512081, 25.889958453284464 ], [ -79.887270950168656, 25.874465652714647 ], [ -79.898853706656013, 25.859954667934776 ], [ -79.911929926641307, 25.846566946340065 ], [ -79.926371684471306, 25.834432941508908 ], [ -79.930100527474593, 25.831871865092133 ], [ -80.056230638073444, 25.838926163679673 ], [ -80.057506642789804, 25.848075708099472 ], [ -80.059406643701905, 25.861695711514521 ], [ -80.060692644319303, 25.870904713823066 ], [ -80.061873644886404, 25.879363715943317 ], [ -80.063805645652494, 25.887019717843508 ], [ -80.067687647192017, 25.902399721659929 ], [ -80.063729646523001, 25.921012726463179 ], [ -80.058720645677496, 25.94457273254169 ], [ -80.055540645141306, 25.959527736399206 ], [ -80.053282644760998, 25.970148739138271 ], [ -80.052361644605995, 25.97448274025589 ], [ -80.052310644597398, 25.97472174031752 ], [ -80.052259644588702, 25.974960740379153 ], [ -80.063910647998895, 25.974976740131556 ] ] ] } },
{ "type": "Feature", "properties": { "port_complex_id": "port_everglades_fl", "domain": "coastal_outer", "buffer_m": 40000.0, "partition_method": "source-core-plus-representative-point-voronoi-v1", "source_artifact": "config/port_areas_usace.geojson", "source_sha256": "651a7ca775312b7fed37808336854ced4b3b1e90ea4baf47959480cc657b13c0", "geometry_freeze": "outcome-blind-2026-07-23" }, "geometry": { "type": "Polygon", "coordinates": [ [ [ -80.063910647998895, 25.974976740131556 ], [ -80.098863658227899, 25.975024739388818 ], [ -80.110515661637393, 25.975040739141104 ], [ -80.110936661760704, 25.975043739132815 ], [ -80.112202662131295, 25.975052739107717 ], [ -80.112624662254902, 25.975056739099607 ], [ -80.113794662597797, 25.975078739079922 ], [ -80.1153866630642, 25.975107739052788 ], [ -80.116026663251802, 25.975119739042118 ], [ -80.116514663394796, 25.975129739033981 ], [ -80.118080663853803, 25.975162739008578 ], [ -80.118149663873993, 25.975163739007328 ], [ -80.118318663923503, 25.975165739004222 ], [ -80.119461664257202, 25.975139738972871 ], [ -80.119496664267501, 25.975139738972114 ], [ -80.119559664285902, 25.975138738970468 ], [ -80.12031466450631, 25.97512073894972 ], [ -80.121249664779299, 25.975099738924126 ], [ -80.1218626649583, 25.975088738908092 ], [ -80.1222166650617, 25.975082738898873 ], [ -80.122511665147798, 25.975073738890291 ], [ -80.122645665186695, 25.975064738885052 ], [ -80.122794665230003, 25.975054738879386 ], [ -80.122850665246318, 25.975051738877418 ], [ -80.123263665366395, 25.975024738861617 ], [ -80.123309665379793, 25.975020738859644 ], [ -80.123399665405898, 25.975012738855614 ], [ -80.12367166548492, 25.974989738843977 ], [ -80.123762665511293, 25.974982738840257 ], [ -80.123768665510809, 25.974894738817831 ], [ -80.123790665510199, 25.974631738750727 ], [ -80.123791665510197, 25.974620738747927 ], [ -80.123832665520496, 25.9745567387309 ], [ -80.123876665531597, 25.97448873871274 ], [ -80.128077666756198, 25.974323738580068 ], [ -80.130413667437097, 25.974231738506386 ], [ -80.133155668236299, 25.974124738420013 ], [ -80.133864668443508, 25.974114738402232 ], [ -80.133869668464996, 25.974872738593984 ], [ -80.133984668498599, 25.974872738591486 ], [ -80.134051668518197, 25.974870738589591 ], [ -80.142127670875496, 25.974680738366878 ], [ -80.143503671273606, 25.974515738295484 ], [ -80.143677671324298, 25.974508738289881 ], [ -80.143851671375003, 25.974501738284385 ], [ -80.144475671557501, 25.974498738270082 ], [ -80.144725671629999, 25.974476738259202 ], [ -80.145624671892904, 25.974474738239188 ], [ -80.145951671988499, 25.974473738231868 ], [ -80.145993672000799, 25.974471738230481 ], [ -80.146117672036894, 25.974466738226628 ], [ -80.146257672077709, 25.974460738221978 ], [ -80.146918672270203, 25.974429738199952 ], [ -80.147572672460797, 25.974400738178421 ], [ -80.147594672467207, 25.974401738178166 ], [ -80.147640672480705, 25.974402738177535 ], [ -80.147779672521494, 25.974408738175896 ], [ -80.147826672535302, 25.974410738175369 ], [ -80.147866672547096, 25.974412738175076 ], [ -80.147905672558494, 25.974411738173984 ], [ -80.148022672592404, 25.974400738168701 ], [ -80.148065672605199, 25.974411738170502 ], [ -80.148478672725602, 25.974396738157775 ], [ -80.149718673087193, 25.974355738120614 ], [ -80.150132673208006, 25.974341738108091 ], [ -80.1501516732135, 25.97434073810745 ], [ -80.150208673230097, 25.974338738105818 ], [ -80.150228673236001, 25.97433873810531 ], [ -80.1505306733239, 25.974324738095191 ], [ -80.151438673588501, 25.974286738065988 ], [ -80.151741673676796, 25.974273738056176 ], [ -80.151840673705621, 25.974271738053478 ], [ -80.151930673731997, 25.974270738051292 ], [ -80.152119673787197, 25.974267738046482 ], [ -80.152139673793002, 25.974266738045777 ], [ -80.152179673804696, 25.974266738044879 ], [ -80.152239673822194, 25.974265738043442 ], [ -80.152324673847005, 25.974263738041106 ], [ -80.152579673921494, 25.974260738034676 ], [ -80.1526656739467, 25.974259738032607 ], [ -80.152883674010198, 25.974249738025364 ], [ -80.153538674201002, 25.974220738003869 ], [ -80.153757674264796, 25.9742117379969 ], [ -80.153848674291297, 25.974206737993718 ], [ -80.154121674370799, 25.974195737984981 ], [ -80.154213674397596, 25.974191737981997 ], [ -80.15442867446032, 25.974185737975812 ], [ -80.155073674648506, 25.974167737957291 ], [ -80.155288674711301, 25.974161737951203 ], [ -80.155473674765204, 25.974155737945686 ], [ -80.156029674927396, 25.974140737929769 ], [ -80.156215674981695, 25.974135737924641 ], [ -80.156237674988105, 25.974134737923762 ], [ -80.156306675008295, 25.974132737921838 ], [ -80.156329675015002, 25.974132737921305 ], [ -80.156580675088193, 25.974124737913922 ], [ -80.157334675308107, 25.974104737892549 ], [ -80.157436675337905, 25.974102737889798 ], [ -80.157586675381694, 25.974098737885619 ], [ -80.157687675411196, 25.974095737882617 ], [ -80.157795675442699, 25.974091737879313 ], [ -80.158119675537193, 25.974083737870259 ], [ -80.158228675569006, 25.974080737867101 ], [ -80.158636675688001, 25.974069737855466 ], [ -80.159862676045805, 25.974038737821182 ], [ -80.160271676165195, 25.974028737809856 ], [ -80.160676676283302, 25.974016737798067 ], [ -80.1618936766383, 25.973981737762923 ], [ -80.162299676756803, 25.973970737751337 ], [ -80.162846676916303, 25.973953737735183 ], [ -80.164490677395804, 25.973905737687495 ], [ -80.1650386775557, 25.973889737671563 ], [ -80.165178677596614, 25.97388973766861 ], [ -80.165394677659805, 25.973891737664427 ], [ -80.165591677715796, 25.973829737644486 ], [ -80.165726677754193, 25.973787737630907 ], [ -80.165912677807299, 25.973737737614314 ], [ -80.165943677816102, 25.973728737611296 ], [ -80.165983677827498, 25.973717737607675 ], [ -80.166229677897604, 25.973650737585377 ], [ -80.166325677925002, 25.973623737576514 ], [ -80.166476677968106, 25.973583737563125 ], [ -80.167768678345993, 25.97358373753513 ], [ -80.171647679480401, 25.973583737451264 ], [ -80.172940679858598, 25.973584737423629 ], [ -80.173173679926705, 25.973581737417767 ], [ -80.173872680130899, 25.973574737401009 ], [ -80.173970680159499, 25.973573737398585 ], [ -80.174106680199301, 25.973573737395714 ], [ -80.174151680212404, 25.973573737394698 ], [ -80.174286680251896, 25.973573737391792 ], [ -80.174332680265394, 25.973573737390769 ], [ -80.174347680269804, 25.973573737390549 ], [ -80.174394680283513, 25.973573737389369 ], [ -80.174410680288204, 25.973573737389064 ], [ -80.174432680294601, 25.973573737388659 ], [ -80.1744676803049, 25.973573737387948 ], [ -80.174490680311493, 25.973570737386623 ], [ -80.174500680314395, 25.973568737385886 ], [ -80.174523680321002, 25.973565737384703 ], [ -80.174594680341499, 25.973554737380347 ], [ -80.174672680364012, 25.973544737376105 ], [ -80.174809680404096, 25.973541737372418 ], [ -80.174882680425412, 25.973540737370481 ], [ -80.175627680642904, 25.97352673735088 ], [ -80.177864681296001, 25.973487737292693 ], [ -80.178610681513803, 25.973474737273314 ], [ -80.178650681525497, 25.973474737272433 ], [ -80.178988681624404, 25.973474737265079 ], [ -80.180122681955993, 25.973474737240611 ], [ -80.180500682066608, 25.973474737232475 ], [ -80.180680682119302, 25.973479737229813 ], [ -80.180993682211096, 25.973487737224968 ], [ -80.181087682238598, 25.973488737223292 ], [ -80.1812236822784, 25.973489737220643 ], [ -80.181404682331504, 25.973499737219214 ], [ -80.181526682367206, 25.973496737215786 ], [ -80.181893682474296, 25.973488737205816 ], [ -80.182016682510195, 25.973486737202673 ], [ -80.182168682554305, 25.973472737195831 ], [ -80.182625682686904, 25.97343173717562 ], [ -80.182692682706303, 25.973425737172583 ], [ -80.182762682726604, 25.973419737169603 ], [ -80.182778682731296, 25.973418737169016 ], [ -80.1830266828036, 25.973410737161675 ], [ -80.183772683021203, 25.973389737140202 ], [ -80.184021683093803, 25.973383737133254 ], [ -80.18408668311281, 25.973381737131398 ], [ -80.184282683169997, 25.973377737126064 ], [ -80.184348683189199, 25.973376737124422 ], [ -80.184475683226296, 25.973374737121233 ], [ -80.184857683337896, 25.973369737111724 ], [ -80.184985683375302, 25.973368737108672 ], [ -80.185077683402199, 25.973366737106229 ], [ -80.185355683483394, 25.973364737099708 ], [ -80.1854486835106, 25.973363737097426 ], [ -80.185638683565998, 25.973357737091717 ], [ -80.186210683732895, 25.973343737075886 ], [ -80.186401683788603, 25.973338737070417 ], [ -80.186722683882195, 25.973329737061174 ], [ -80.190391684952701, 25.973236736958409 ], [ -80.190844685085509, 25.973250736952224 ], [ -80.191013685134294, 25.973225736942183 ], [ -80.194424686130304, 25.973173736855291 ], [ -80.195064686316996, 25.97315573683689 ], [ -80.195879686553894, 25.973102736805888 ], [ -80.198022687178394, 25.973020736738778 ], [ -80.198753687391402, 25.972995736716712 ], [ -80.199703687668304, 25.972963736688058 ], [ -80.200949688031599, 25.972922736650702 ], [ -80.201682688245299, 25.972899736629103 ], [ -80.201829688288214, 25.972894736624664 ], [ -80.202270688416803, 25.972882736612128 ], [ -80.20241868846, 25.972878736607882 ], [ -80.202578688506705, 25.972877736604151 ], [ -80.203062688648203, 25.97287573659321 ], [ -80.203223688695303, 25.972875736589696 ], [ -80.203375688739499, 25.972869736584933 ], [ -80.203834688873599, 25.972861736572892 ], [ -80.203987688917906, 25.972847736566123 ], [ -80.204007688923696, 25.972846736565415 ], [ -80.2040696889419, 25.972846736564104 ], [ -80.204090688948, 25.972846736563572 ], [ -80.205176689264306, 25.972801736528751 ], [ -80.206010689506101, 25.972721736490474 ], [ -80.206230689569907, 25.972700736480384 ], [ -80.207296689880394, 25.972658736446682 ], [ -80.209963690657403, 25.972552736362267 ], [ -80.210165690716295, 25.972543736355561 ], [ -80.210338690766704, 25.972536736350133 ], [ -80.213472691679797, 25.972417736252307 ], [ -80.214258691909194, 25.972400736230984 ], [ -80.214850692081797, 25.972383736213899 ], [ -80.217205692769696, 25.972359736156935 ], [ -80.219539693451495, 25.972337736100936 ], [ -80.222822694410496, 25.972305736021809 ], [ -80.223971694746396, 25.972306735997343 ], [ -80.2244786948947, 25.972307735986615 ], [ -80.224628694938502, 25.972307735983303 ], [ -80.225002695047905, 25.972308735975499 ], [ -80.225558695210495, 25.972309735963702 ], [ -80.22696669562221, 25.972311735933786 ], [ -80.227800695866009, 25.97231273591602 ], [ -80.228162695971506, 25.972299735904759 ], [ -80.228650696114514, 25.972312735897578 ], [ -80.229595696391499, 25.972337735883531 ], [ -80.229691696418996, 25.972316735876106 ], [ -80.229762696439295, 25.972301735870822 ], [ -80.229920696484498, 25.972265735858297 ], [ -80.229981696501994, 25.972251735853398 ], [ -80.230078696529802, 25.972230735845972 ], [ -80.230179696558693, 25.972207735838001 ], [ -80.230330696601996, 25.972172735825893 ], [ -80.230478696645207, 25.972169735821911 ], [ -80.231699697001503, 25.972147735790024 ], [ -80.232106697120301, 25.972140735779401 ], [ -80.233385697493603, 25.972117735745929 ], [ -80.2349706979562, 25.97208873570429 ], [ -80.238059698857796, 25.972032735623269 ], [ -80.243563700464094, 25.971934735479579 ], [ -80.246428701300303, 25.971883735404692 ], [ -80.246470701312504, 25.971882735403575 ], [ -80.246536701331806, 25.971881735401908 ], [ -80.246598701349896, 25.97188073540028 ], [ -80.246641701362407, 25.971880735399374 ], [ -80.246717701384597, 25.971879735397501 ], [ -80.246765701398701, 25.971878735396192 ], [ -80.246926701445602, 25.971874735391737 ], [ -80.246973701459297, 25.971873735390439 ], [ -80.24704170147912, 25.971870735388187 ], [ -80.247869701720305, 25.971839735362529 ], [ -80.248145701800794, 25.971829735353868 ], [ -80.248267701836298, 25.971824735349994 ], [ -80.248637701944105, 25.971810735338511 ], [ -80.248760701979904, 25.971806735334841 ], [ -80.251040702644005, 25.97171873526332 ], [ -80.257880704636506, 25.971458735049591 ], [ -80.260161705301002, 25.971372734978527 ], [ -80.260489705396495, 25.971360734968389 ], [ -80.260568705419502, 25.971357734965999 ], [ -80.261792705776301, 25.971321734930388 ], [ -80.262200705895296, 25.971310734918692 ], [ -80.262256705911696, 25.971308734917017 ], [ -80.262342705936703, 25.971306734914716 ], [ -80.2624277059615, 25.971304734912323 ], [ -80.262484705978196, 25.971303734910904 ], [ -80.262570706003203, 25.971300734908166 ], [ -80.262830706079001, 25.971294734901065 ], [ -80.262917706104403, 25.9712927348987 ], [ -80.266022707010293, 25.971229734815708 ], [ -80.275341709729005, 25.971041734566569 ], [ -80.278447710635106, 25.970979734483812 ], [ -80.278510710653507, 25.970977734481863 ], [ -80.278558710667497, 25.970977734480911 ], [ -80.278668710699606, 25.970974734477714 ], [ -80.278702710709496, 25.970973734476704 ], [ -80.278740710720598, 25.97097373447594 ], [ -80.278766710728206, 25.970972734475136 ], [ -80.278813710741801, 25.970970734473504 ], [ -80.279166710844805, 25.970962734463878 ], [ -80.281972711663101, 25.970894734385986 ], [ -80.286377712947598, 25.970789734264173 ], [ -80.291590714467802, 25.970662734119429 ], [ -80.294796715402597, 25.970584734030329 ], [ -80.294878715426506, 25.970582734027985 ], [ -80.294999715461799, 25.970579734024739 ], [ -80.295106715493006, 25.970576734021609 ], [ -80.295189715517097, 25.970574734019308 ], [ -80.295156715460607, 25.968803733572063 ], [ -80.295150715450802, 25.968498733495121 ], [ -80.295117715393204, 25.966686733037509 ], [ -80.295091715347894, 25.965258732676983 ], [ -80.295087715341197, 25.965049732624077 ], [ -80.2950787153259, 25.96457373250389 ], [ -80.295077715316793, 25.964240732419711 ], [ -80.295074715297901, 25.963559732247578 ], [ -80.295069715215803, 25.960510731476525 ], [ -80.294978715095013, 25.956947730577177 ], [ -80.2949787150947, 25.956933730573724 ], [ -80.294977715093793, 25.95691073056793 ], [ -80.294974715089296, 25.95677473053361 ], [ -80.295057715113501, 25.95677473053178 ], [ -80.295280715178706, 25.95677573052717 ], [ -80.298669716172199, 25.956891730483285 ], [ -80.298824716217595, 25.956896730481304 ], [ -80.298981716263597, 25.956899730478604 ], [ -80.301704717061298, 25.95697673043933 ], [ -80.301903717119401, 25.956975730434714 ], [ -80.302230717214911, 25.956974730427415 ], [ -80.310110719522399, 25.957159730303996 ], [ -80.310145719532699, 25.957159730303207 ], [ -80.310253719564301, 25.957162730301626 ], [ -80.310289719574797, 25.957163730301097 ], [ -80.310355719594099, 25.957164730299922 ], [ -80.310552719651795, 25.957167730296398 ], [ -80.310619719671394, 25.957169730295526 ], [ -80.310650719680496, 25.957169730294808 ], [ -80.310683719690203, 25.957171730294569 ], [ -80.310743719707702, 25.9571727302935 ], [ -80.310774719716903, 25.957174730293374 ], [ -80.310787719720594, 25.957174730293126 ], [ -80.310828719732598, 25.957174730292309 ], [ -80.310842719736698, 25.957174730291968 ], [ -80.31088871975021, 25.957174730290998 ], [ -80.310918719758902, 25.95717473029033 ], [ -80.3110277197908, 25.957174730287964 ], [ -80.311074719804495, 25.957174730287004 ], [ -80.311188719837801, 25.957174730284528 ], [ -80.311274719862894, 25.95717473028262 ], [ -80.311533719938595, 25.957172730276529 ], [ -80.311648719972098, 25.95717273027401 ], [ -80.311736719997796, 25.957171730271806 ], [ -80.312002720075597, 25.95717173026609 ], [ -80.312091720101606, 25.9571717302642 ], [ -80.312267720153002, 25.957170730260117 ], [ -80.312796720307503, 25.957170730248688 ], [ -80.312973720359295, 25.957170730244801 ], [ -80.313079720390206, 25.957169730242271 ], [ -80.313400720483898, 25.957167730234907 ], [ -80.313507720515204, 25.957167730232591 ], [ -80.314280720740996, 25.957164730215041 ], [ -80.316600721418695, 25.957156730163017 ], [ -80.317374721644796, 25.957154730145692 ], [ -80.318622722009295, 25.957149730117472 ], [ -80.322369723103805, 25.95713773003353 ], [ -80.323618723468599, 25.957133730005477 ], [ -80.324440723708705, 25.957130729986996 ], [ -80.326714724372906, 25.957122729935765 ], [ -80.326724724375794, 25.957121729935348 ], [ -80.331787725854596, 25.9571067298222 ], [ -80.333250726281904, 25.957101729789272 ], [ -80.336006727086797, 25.957092729727396 ], [ -80.3383117277601, 25.957085729675956 ], [ -80.3391037279914, 25.95708272965798 ], [ -80.339307728051196, 25.957090729655636 ], [ -80.3399227282315, 25.957116729648877 ], [ -80.340127728291606, 25.957125729646705 ], [ -80.340277728335593, 25.95713172964496 ], [ -80.340728728467909, 25.957150729639945 ], [ -80.340879728512206, 25.95715772963857 ], [ -80.3411437285896, 25.957168729635615 ], [ -80.341199728606, 25.957171729635164 ], [ -80.3412557286224, 25.957173729634455 ], [ -80.341640728735001, 25.957175729626673 ], [ -80.341938728822001, 25.95717472961999 ], [ -80.342817729078803, 25.957174729601025 ], [ -80.342927729110997, 25.957175729598919 ], [ -80.342978729125804, 25.957171729596691 ], [ -80.343031729141103, 25.957168729594802 ], [ -80.343111729164505, 25.957166729592618 ], [ -80.343578729299594, 25.957116729569893 ], [ -80.344113729454307, 25.957057729543386 ], [ -80.345310729804098, 25.957060729518275 ], [ -80.347088730322994, 25.957040729474794 ], [ -80.348336730687194, 25.95702572944397 ], [ -80.349341730980498, 25.957014729419477 ], [ -80.350341731272096, 25.9569957293931 ], [ -80.351386731576596, 25.956967729363395 ], [ -80.352052731771295, 25.956972729350372 ], [ -80.352090731782397, 25.956972729349502 ], [ -80.353388732161903, 25.956986729324981 ], [ -80.357581733388102, 25.957035729246702 ], [ -80.3589797337969, 25.957052729220838 ], [ -80.359053733818499, 25.957051729218993 ], [ -80.361895734648598, 25.957050729157292 ], [ -80.366468735984398, 25.957049729058223 ], [ -80.370047737029395, 25.957036728977499 ], [ -80.3706457372042, 25.957040728965698 ], [ -80.372969737883494, 25.957057728919672 ], [ -80.373562738057103, 25.957073728910885 ], [ -80.373845738139494, 25.95706172890177 ], [ -80.374695738387899, 25.957068728885169 ], [ -80.374979738471097, 25.95707772888132 ], [ -80.375069738497302, 25.957076728879098 ], [ -80.375142738518704, 25.957076728877478 ], [ -80.375213738539401, 25.957076728876011 ], [ -80.375313738568593, 25.957076728873858 ], [ -80.375397738593193, 25.957076728871982 ], [ -80.3783327394504, 25.957075728808313 ], [ -80.387140742022893, 25.95707472861768 ], [ -80.390083742881117, 25.957026728541869 ], [ -80.3935357438898, 25.957047728472592 ], [ -80.403913746918619, 25.95696972822849 ], [ -80.407036747830006, 25.956946728155195 ], [ -80.407135747858803, 25.956944728152518 ], [ -80.407224747884896, 25.956944728150638 ], [ -80.407373747928304, 25.956943728147088 ], [ -80.408728748323014, 25.956907728108781 ], [ -80.423757752712802, 25.956951727794916 ], [ -80.430478754675704, 25.956970727654372 ], [ -80.4308197547753, 25.956970727646997 ], [ -80.431178754880094, 25.956969727638995 ], [ -80.431361754933505, 25.956969727635023 ], [ -80.431542754986296, 25.956967727630605 ], [ -80.433656755602101, 25.956910727570534 ], [ -80.435772756218299, 25.956854727510603 ], [ -80.435792756224203, 25.956854727510212 ], [ -80.438678757066697, 25.956848727446186 ], [ -80.439391757275004, 25.956856727432783 ], [ -80.439578757329798, 25.956859727429549 ], [ -80.440320757546402, 25.956861727414005 ], [ -80.440492757596715, 25.956865727411252 ], [ -80.440613757632207, 25.956868727409482 ], [ -80.440930757724601, 25.956862727401127 ], [ -80.441126757781703, 25.956860727396382 ], [ -80.441191757800595, 25.95685872739438 ], [ -80.441256757819602, 25.956858727393101 ], [ -80.450278760451397, 25.956774727176722 ], [ -80.451078760684908, 25.956774727159388 ], [ -80.451244760733402, 25.9567747271558 ], [ -80.451365760768695, 25.956773727152878 ], [ -80.451494760806398, 25.956773727150075 ], [ -80.451576760830207, 25.956772727148099 ], [ -80.451591760834603, 25.956771727147597 ], [ -80.451636760847805, 25.956771727146577 ], [ -80.451655760853299, 25.956771727146204 ], [ -80.451670760857695, 25.95677172714576 ], [ -80.452384761066, 25.956767727129279 ], [ -80.454526761691099, 25.956758727080803 ], [ -80.455247761901504, 25.956756727064697 ], [ -80.455273761909197, 25.956756727064061 ], [ -80.455319761922595, 25.956755727062923 ], [ -80.455460761963707, 25.956755727059814 ], [ -80.455507761977415, 25.956755727058798 ], [ -80.455535761985601, 25.956754727057863 ], [ -80.455580761998704, 25.956754727056982 ], [ -80.455622762011004, 25.956754727056097 ], [ -80.455652762019696, 25.956754727055404 ], [ -80.455726762041394, 25.956754727053795 ], [ -80.457591762585906, 25.95675772701421 ], [ -80.463408764284395, 25.956770726891698 ], [ -80.465348764850802, 25.956775726850978 ], [ -80.472234766861305, 25.956791726706111 ], [ -80.492892772892418, 25.956839726271394 ], [ -80.499779774902905, 25.956856726126556 ], [ -80.504176776186597, 25.956874726036105 ], [ -80.508233777371103, 25.956891725952577 ], [ -80.517367780037603, 25.956928725764268 ], [ -80.521765781321506, 25.956946725673689 ], [ -80.523081781705699, 25.956951725646519 ], [ -80.527031782858799, 25.956967725564976 ], [ -80.528348783243203, 25.956973725538099 ], [ -80.528433783268, 25.956973725536326 ], [ -80.528688783342403, 25.95697372553072 ], [ -80.528718783351195, 25.95697372553008 ], [ -80.52877478336751, 25.956974725529072 ], [ -80.528868783395097, 25.956979725528399 ], [ -80.533188784655906, 25.956987725436882 ], [ -80.535721785395211, 25.956996725384393 ], [ -80.546431788520707, 25.957014725157084 ], [ -80.550846789809, 25.957022725063606 ], [ -80.550993789851702, 25.957014725058396 ], [ -80.551417789974906, 25.956994725044222 ], [ -80.551434789979993, 25.956998725044766 ], [ -80.551498789998703, 25.956999725043715 ], [ -80.551582790022806, 25.9569877250388 ], [ -80.551667790047503, 25.956982725035662 ], [ -80.5517527900722, 25.956978725032883 ], [ -80.577269797516905, 25.956998724485672 ], [ -80.583800799422207, 25.957004724345815 ], [ -80.631915813453304, 25.956932723285881 ], [ -80.654330819988502, 25.95689872279188 ], [ -80.6800188274768, 25.956861722226201 ], [ -80.680021827560694, 25.959995723016817 ], [ -80.680027827705601, 25.965391724378073 ], [ -80.6800308278128, 25.969400725389395 ], [ -80.680034827897202, 25.972535726180126 ], [ -80.680035827928407, 25.973697726473201 ], [ -80.680037827975298, 25.975442726913275 ], [ -80.680038828021793, 25.977185727352985 ], [ -80.680040828053293, 25.978348727646292 ], [ -80.680040828055198, 25.978419727664182 ], [ -80.680040828060896, 25.978633727718222 ], [ -80.680040828062801, 25.97870572773633 ], [ -80.680040828063994, 25.978753727748362 ], [ -80.682979828920907, 25.978758727685889 ], [ -80.749786848395601, 25.978870726264141 ], [ -80.776486856177897, 25.978971725710043 ], [ -80.781326857590898, 25.979077725631633 ], [ -80.802598863787395, 25.97906172516571 ], [ -80.809249865726102, 25.979108725033115 ], [ -80.835381873342399, 25.979294724512414 ], [ -80.835454873363616, 25.979294724510776 ], [ -80.835824873471395, 25.979296724503229 ], [ -80.836169873571905, 25.979296724495697 ], [ -80.872934884281804, 25.979438723732823 ], [ -80.872959884101206, 25.972370721951727 ], [ -80.872994883532002, 25.950550716452764 ], [ -80.873270883166498, 25.933728712206911 ], [ -80.873318883140996, 25.932236711829752 ], [ -80.873457882871193, 25.920512708871094 ], [ -80.873602882590703, 25.908305705789928 ], [ -80.873527877993126, 25.88086707761396 ], [ -81.258300404031942, 25.898354513470235 ], [ -81.260686794741787, 25.906922791884828 ], [ -81.266597904772439, 25.942112310433114 ], [ -81.268755408948891, 25.977661294530787 ], [ -81.268819850022496, 25.986182322978234 ], [ -81.268836236756002, 25.988284443423229 ], [ -81.268839733865221, 25.98878002059211 ], [ -81.268888456849083, 25.99649134946354 ], [ -81.268899304298841, 25.998057743844292 ], [ -81.268902155827405, 26.000155782695572 ], [ -81.269356172371459, 26.011539942444099 ], [ -81.269541284201978, 26.016164890622747 ], [ -81.269776121125446, 26.022069497475922 ], [ -81.270475366284003, 26.039575839263382 ], [ -81.270708956776971, 26.045423824264677 ], [ -81.270851320972554, 26.049658599155723 ], [ -81.270936962806331, 26.05279658361297 ], [ -81.27117899402559, 26.060081395018468 ], [ -81.272007559436503, 26.084929662202512 ], [ -81.272219277826906, 26.091256353491804 ], [ -81.272296855296162, 26.092974754626873 ], [ -81.272503687953929, 26.098607832110954 ], [ -81.272807517250087, 26.109345157511786 ], [ -81.272870668258236, 26.110220581585668 ], [ -81.273337633278686, 26.116696131243973 ], [ -81.273488514165464, 26.118888414370616 ], [ -81.2735841078417, 26.120347156547819 ], [ -81.273918795520416, 26.126252945825854 ], [ -81.274216161523867, 26.132471388890405 ], [ -81.275112391371124, 26.150190278234838 ], [ -81.275388469552368, 26.155716556038886 ], [ -81.275417884273622, 26.156290424263641 ], [ -81.275677680015363, 26.162478585982512 ], [ -81.275680002466743, 26.162549579940691 ], [ -81.275830903871608, 26.169163982580944 ], [ -81.276006403111154, 26.182747696839247 ], [ -81.276048831778695, 26.185981715840359 ], [ -81.276234612578477, 26.200231225128491 ], [ -81.27628137969262, 26.203761707221581 ], [ -81.276330160863324, 26.20752156989241 ], [ -81.276473870551513, 26.218524828353832 ], [ -81.276522243573922, 26.222177895717163 ], [ -81.276542061603763, 26.224086203658793 ], [ -81.27659253948903, 26.230791020757817 ], [ -81.276713630180637, 26.246629908162973 ], [ -81.276788485067698, 26.250510558345301 ], [ -81.276997319317985, 26.255877531722959 ], [ -81.277080769633699, 26.258010034846304 ], [ -81.277198126153195, 26.261019789401939 ], [ -81.277665620628738, 26.273042107532397 ], [ -81.277773096970648, 26.27572669113416 ], [ -81.27786012299957, 26.278114028512562 ], [ -81.278140626921768, 26.286646565309429 ], [ -81.278206158640145, 26.288609664052942 ], [ -81.278360456039394, 26.295159335501278 ], [ -81.278361953253381, 26.29526833201432 ], [ -81.278389946942752, 26.298327945571085 ], [ -81.278390667829342, 26.298485944596091 ], [ -81.27839361618561, 26.299416928348158 ], [ -81.278407725345829, 26.307381836319124 ], [ -81.27840821783829, 26.307402560460652 ], [ -81.27844092355177, 26.308872478192391 ], [ -81.278476278210846, 26.310682205839939 ], [ -81.278502351024855, 26.31223214277296 ], [ -81.278541028101685, 26.31546046037597 ], [ -81.278617137787691, 26.326119818719988 ], [ -81.278633476561325, 26.327283778159778 ], [ -81.278636923892492, 26.327600770566651 ], [ -81.278641383825303, 26.32803713694274 ], [ -81.278643297004805, 26.328237132889583 ], [ -81.278652869109663, 26.329479956393975 ], [ -81.278671235082996, 26.33262592567684 ], [ -81.276991639008713, 26.368045827916497 ], [ -81.271552258077733, 26.403144117686779 ], [ -81.262400289372138, 26.437587316014341 ], [ -81.249618484727293, 26.471047878158121 ], [ -81.233324522060997, 26.503207327595451 ], [ -81.213670027507604, 26.533759313898784 ], [ -81.190839252208775, 26.562412564182686 ], [ -81.165047411741895, 26.58889369845777 ], [ -81.13653870041118, 26.612949880230531 ], [ -81.105583996905963, 26.634351275031694 ], [ -81.072478282059393, 26.652893291246937 ], [ -81.037537793526567, 26.668398579646734 ], [ -81.001096946051717, 26.680718770354432 ], [ -80.963505049515987, 26.689735928630352 ], [ -80.925122860063212, 26.695363713753885 ], [ -80.886319002212062, 26.697548228418672 ], [ -80.879844931582497, 26.697623461396876 ], [ -80.875637129616706, 26.697651934412377 ], [ -80.868353659587186, 26.697665840677942 ], [ -80.830370323293948, 26.697742830599072 ], [ -80.813224606983468, 26.697776789535041 ], [ -80.806202464812586, 26.697790703857109 ], [ -80.785037195338134, 26.697833641525492 ], [ -80.77874765323493, 26.69784723084183 ], [ -80.77748263927316, 26.697850807103979 ], [ -80.776986297203806, 26.69785209820181 ], [ -80.773001657316286, 26.697844153447573 ], [ -80.771932184679684, 26.697837131738829 ], [ -80.749122774399581, 26.697680738660146 ], [ -80.665517091759952, 26.697975893502772 ], [ -80.637669460648183, 26.698074754446296 ], [ -80.636179057442746, 26.698077300886212 ], [ -80.636072612243041, 26.698077300888659 ], [ -80.628363365572426, 26.698009180402551 ], [ -80.627203421802164, 26.697988673572386 ], [ -80.626266234752535, 26.697991866410415 ], [ -80.61791531957364, 26.698015557006787 ], [ -80.614502531252668, 26.698036871814416 ], [ -80.61388117463504, 26.698040299892419 ], [ -80.601713237541887, 26.698098056781017 ], [ -80.597658230717329, 26.698118661288387 ], [ -80.58776038452379, 26.698165771556592 ], [ -80.585450828811489, 26.698198197511829 ], [ -80.581866863883363, 26.698233752629545 ], [ -80.569522257639235, 26.69830477880021 ], [ -80.566462482299784, 26.698322634874632 ], [ -80.551826659473818, 26.69840574427618 ], [ -80.545633057812353, 26.698441971608077 ], [ -80.543149950461228, 26.698457442839601 ], [ -80.542344513018108, 26.698462037527246 ], [ -80.533016340186933, 26.698358962066493 ], [ -80.50261406942964, 26.698363989347349 ], [ -80.499931561117108, 26.698364963151803 ], [ -80.499501235851582, 26.698364901619442 ], [ -80.429015098601468, 26.698296250359729 ], [ -80.40737221450938, 26.705074237868647 ], [ -80.368664672808578, 26.713372326068686 ], [ -80.329237593543866, 26.71810659871386 ], [ -80.289487065413752, 26.719229634003362 ], [ -80.249812548177417, 26.716730181959498 ], [ -80.210612709270819, 26.710633280326334 ], [ -80.172281269835835, 26.700999996647326 ], [ -80.158655016953176, 26.696895927791608 ], [ -80.145094825106767, 26.692803663248053 ], [ -80.144548746984739, 26.692638419353454 ], [ -80.141204923562427, 26.691624057451623 ], [ -80.140606306592517, 26.691633864732538 ], [ -80.1374049234513, 26.69168201377277 ], [ -80.13085243216004, 26.691731240753146 ], [ -80.130495941270169, 26.691731240761051 ], [ -80.123174679790466, 26.691669785836108 ], [ -80.123055180281568, 26.69166777963186 ], [ -80.120292886968429, 26.691612383748698 ], [ -80.1201128173184, 26.691614643963593 ], [ -80.119396823208504, 26.691619659498713 ], [ -80.117136548195191, 26.691629628870825 ], [ -80.112087608265711, 26.691638695191251 ], [ -80.110055743677279, 26.691643328547425 ], [ -80.105517765300405, 26.691642325543928 ], [ -80.099313212912804, 26.691596691566776 ], [ -80.09744239185801, 26.691569607812418 ], [ -80.09339545993673, 26.691508570470081 ], [ -80.077906046071149, 26.690998956217445 ], [ -80.077708222565548, 26.690988925230609 ], [ -80.046010568911981, 26.688217499142979 ], [ -80.027188959668223, 26.685172158522036 ], [ -80.023767184009287, 26.68476921744745 ], [ -80.023631146630251, 26.684741969887487 ], [ -80.015256317911437, 26.684741877420915 ], [ -79.975558805278311, 26.682928664421688 ], [ -79.936260304159475, 26.677511247184356 ], [ -79.897755444936266, 26.668543871113009 ], [ -79.860430595956515, 26.65611631091652 ], [ -79.824659856142503, 26.64035294717949 ], [ -79.790801192220542, 26.621411488439428 ], [ -79.759192765001202, 26.59948135328159 ], [ -79.730149486047452, 26.574781730716957 ], [ -79.703959842367226, 26.547559340584517 ], [ -79.680883022557836, 26.518085918867541 ], [ -79.66114637322211, 26.486655455606488 ], [ -79.644943209583431, 26.453581215485588 ], [ -79.632430999168577, 26.419192573164171 ], [ -79.623729932314532, 26.383831696988665 ], [ -79.618921888197448, 26.347850115872344 ], [ -79.618049800174504, 26.311605204858846 ], [ -79.618459334935835, 26.298109267549453 ], [ -79.619691746095725, 26.257592304646121 ], [ -79.619966393546477, 26.248577778582487 ], [ -79.623499645572437, 26.209224337193277 ], [ -79.62416623398498, 26.204768275320038 ], [ -79.625694350040618, 26.194550574598686 ], [ -79.63028593748993, 26.163857189108715 ], [ -79.631821955731226, 26.15359397695374 ], [ -79.635107762107992, 26.131627603924937 ], [ -79.644977940769124, 26.065657146952699 ], [ -79.647085025315619, 26.051576768879535 ], [ -79.64841461840264, 26.03842083363682 ], [ -79.654817962938168, 25.97497609207181 ], [ -79.656955689519705, 25.953804204868579 ], [ -79.657190281762809, 25.951476047100535 ], [ -79.657910353265294, 25.944342662804821 ], [ -79.658158750972902, 25.941888650544897 ], [ -79.66370816935445, 25.906225271627186 ], [ -79.673046201771001, 25.871236441469769 ], [ -79.686077383290922, 25.837263385789189 ], [ -79.695699197340943, 25.818348366271987 ], [ -80.056230638073444, 25.838926163679673 ], [ -80.057506642789804, 25.848075708099472 ], [ -80.059406643701905, 25.861695711514521 ], [ -80.060692644319303, 25.870904713823066 ], [ -80.061873644886404, 25.879363715943317 ], [ -80.063805645652494, 25.887019717843508 ], [ -80.067687647192017, 25.902399721659929 ], [ -80.063729646523001, 25.921012726463179 ], [ -80.058720645677496, 25.94457273254169 ], [ -80.055540645141306, 25.959527736399206 ], [ -80.053282644760998, 25.970148739138271 ], [ -80.052361644605995, 25.97448274025589 ], [ -80.052310644597398, 25.97472174031752 ], [ -80.052259644588702, 25.974960740379153 ], [ -80.063910647998895, 25.974976740131556 ] ] ] } },
{ "type": "Feature", "properties": { "port_complex_id": "san_pedro_bay", "domain": "coastal_inner", "buffer_m": 20000.0, "partition_method": "source-core-plus-representative-point-voronoi-v1", "source_artifact": "config/port_areas_usace.geojson", "source_sha256": "651a7ca775312b7fed37808336854ced4b3b1e90ea4baf47959480cc657b13c0", "geometry_freeze": "outcome-blind-2026-07-23" }, "geometry": { "type": "Polygon", "coordinates": [ [ [ -117.974975448766287, 33.807723276813746 ], [ -117.969385614409205, 33.790239644054175 ], [ -117.965969388981307, 33.772380715102329 ], [ -117.964760159384582, 33.754328821277362 ], [ -117.965084013568088, 33.748530504146522 ], [ -117.963285858209105, 33.738419128193563 ], [ -117.962255740610587, 33.72126692612634 ], [ -117.963225652482137, 33.704111956536131 ], [ -117.966185363903648, 33.68711203743905 ], [ -117.971106382603949, 33.670423469304041 ], [ -117.977942262138768, 33.654199601910932 ], [ -117.98662907173923, 33.638589431478863 ], [ -117.997086021968258, 33.623736240660186 ], [ -118.009216239081169, 33.609776293500595 ], [ -118.022907679857667, 33.596837596876213 ], [ -118.038034177657565, 33.585038739241213 ], [ -118.054456609551877, 33.57448781676225 ], [ -118.072024173588062, 33.565281456089728 ], [ -118.090575764564647, 33.557503942126033 ], [ -118.109941436104961, 33.551226458206102 ], [ -118.129943936329994, 33.546506445116329 ], [ -118.150400304030711, 33.543387084345262 ], [ -118.170579368666779, 33.541936086884917 ], [ -118.176332721957877, 33.540459270295173 ], [ -118.176495173429601, 33.540430644052684 ], [ -118.18595278884969, 33.537357137792782 ], [ -118.190184123312889, 33.536023696415249 ], [ -118.198260423851323, 33.533705822534039 ], [ -118.202078584645108, 33.532711056860876 ], [ -118.202356238376041, 33.532641033510636 ], [ -118.205450935352275, 33.53188126458538 ], [ -118.214975521430105, 33.529798296902861 ], [ -118.221266098604772, 33.528629030723806 ], [ -118.222015881771256, 33.528499282828562 ], [ -118.222135926640476, 33.528478538174213 ], [ -118.23009352031842, 33.527232678658912 ], [ -118.236105302796119, 33.526458242151982 ], [ -118.236593752371192, 33.526401092595428 ], [ -118.24495910040919, 33.525558634014082 ], [ -118.256766883497335, 33.524828628744942 ], [ -118.261320705511636, 33.524689431270531 ], [ -118.261592091693586, 33.524683488378756 ], [ -118.264218902547412, 33.524639087438096 ], [ -118.268424409884616, 33.524622598162594 ], [ -118.270051576086132, 33.524634250082826 ], [ -118.270265513072957, 33.524636443595121 ], [ -118.275870734174532, 33.524753667464026 ], [ -118.287132404578571, 33.525351368821617 ], [ -118.290681214161495, 33.525640509700352 ], [ -118.291445412829475, 33.525708004703972 ], [ -118.291665443856502, 33.525727642042241 ], [ -118.29398801637852, 33.525620815444107 ], [ -118.294107742643362, 33.525620814439591 ], [ -118.294269890750087, 33.525620814420407 ], [ -118.317026034502476, 33.526607713422109 ], [ -118.317255517525254, 33.526627672901178 ], [ -118.337201959249384, 33.529140497719133 ], [ -118.356781020294321, 33.533170639545006 ], [ -118.375824172156854, 33.538683397560881 ], [ -118.375854119051908, 33.538693378670942 ], [ -118.395417395034599, 33.546165328365298 ], [ -118.400454407483664, 33.548616394021067 ], [ -118.405872919433648, 33.550353558159465 ], [ -118.425150776391078, 33.558437965457777 ], [ -118.43261347685231, 33.562383173090268 ], [ -118.435309638100932, 33.563578334359455 ], [ -118.436570940478447, 33.564281843398192 ], [ -118.442930051615491, 33.567080709103223 ], [ -118.462059421374065, 33.577798168827336 ], [ -118.464503320414764, 33.579330054756312 ], [ -118.480517066957034, 33.590407513016515 ], [ -118.495169942825598, 33.602702767561766 ], [ -118.508326019885089, 33.616102264607441 ], [ -118.519863000886133, 33.630482198280632 ], [ -118.529673363562097, 33.6457096413816 ], [ -118.537665376621732, 33.661643761725529 ], [ -118.543763977551905, 33.678137113394733 ], [ -118.547911503119693, 33.695036991480308 ], [ -118.550068264558021, 33.712186838228021 ], [ -118.55021296062985, 33.729427687932557 ], [ -118.548342923093514, 33.746599637456924 ], [ -118.544474190529584, 33.763543328893689 ], [ -118.54409037070586, 33.764633152279025 ], [ -118.550504589630734, 33.767814426122406 ], [ -118.56770601763624, 33.778374697776684 ], [ -118.58356411522027, 33.79027642742934 ], [ -118.584448188821042, 33.791008675072277 ], [ -118.598671156055431, 33.80399733536705 ], [ -118.611290953806687, 33.818063966636764 ], [ -118.622186792603841, 33.833074873268913 ], [ -118.626576627929992, 33.840731236059092 ], [ -118.627179484106449, 33.841676143697626 ], [ -118.627580685319643, 33.842325538083387 ], [ -118.628616991282129, 33.84409961834632 ], [ -118.630730328139748, 33.846085090837363 ], [ -118.639376261863362, 33.855364138574956 ], [ -118.647228965553836, 33.865033016065368 ], [ -118.651788571910288, 33.871345628290754 ], [ -118.652637875675111, 33.872589739094785 ], [ -118.653614893780002, 33.874034334097615 ], [ -118.654261434999128, 33.874990261775281 ], [ -118.654289703176858, 33.875032056560954 ], [ -118.656389789792229, 33.878227773986787 ], [ -118.672579210439707, 33.884736070222182 ], [ -118.690857051276723, 33.894015956436995 ], [ -118.707937981209213, 33.904727724618873 ], [ -118.72365617626474, 33.916767655420863 ], [ -118.737858795274562, 33.930019123910014 ], [ -118.750407462864089, 33.944353714042073 ], [ -118.75214346927109, 33.946816477873192 ], [ -118.753441441257465, 33.947782426288036 ], [ -118.767566973117837, 33.9605285092278 ], [ -118.780138387866941, 33.974329171073762 ], [ -118.791038757946382, 33.989056935785712 ], [ -118.800166410609677, 34.004575697076952 ], [ -118.807435892865456, 34.020741964093915 ], [ -118.812778794024183, 34.037406177401792 ], [ -118.814025287670361, 34.043706152534689 ], [ -118.814893366426716, 34.044498743125736 ], [ -118.82280496071057, 34.050386488545257 ], [ -118.837120691729467, 34.063338823748083 ], [ -118.849831410902581, 34.07737262493675 ], [ -118.860815449008754, 34.092354496237981 ], [ -118.869967358708536, 34.108141958832192 ], [ -118.877198945052541, 34.124584792911961 ], [ -118.882440140048914, 34.141526455544003 ], [ -118.885639711718895, 34.158805561494717 ], [ -118.886765799359736, 34.17625741338022 ], [ -118.886767794438541, 34.176674405025082 ], [ -118.886776777621762, 34.178892232130501 ], [ -118.886780335398015, 34.179785823236706 ], [ -118.886790783142644, 34.182498860184602 ], [ -118.88680326802114, 34.18465189652818 ], [ -118.886804614263184, 34.184929402809608 ], [ -118.886813979170242, 34.187328412859102 ], [ -118.886812617673087, 34.188751606893902 ], [ -118.886809031779549, 34.189368030547392 ], [ -118.886791874489958, 34.192317261033637 ], [ -118.886592974560045, 34.19540585569051 ], [ -118.886710777482094, 34.198502021564792 ], [ -118.886627953162147, 34.202144682819082 ], [ -118.886545516082336, 34.205760055127882 ], [ -118.886503008160773, 34.207624204386377 ], [ -118.886504028634178, 34.209452576218041 ], [ -118.885467766785851, 34.22692799215563 ], [ -118.882348471725379, 34.244236635623054 ], [ -118.877174626354176, 34.261212829080421 ], [ -118.869994465542916, 34.277693979816505 ], [ -118.860875562604335, 34.293522144039535 ], [ -118.855132250961049, 34.301387533391377 ], [ -118.851590288959258, 34.307545463707307 ], [ -118.844336360587405, 34.317495890915644 ], [ -118.843765914068271, 34.319481518377017 ], [ -118.836550215802092, 34.336589816412136 ], [ -118.827251394976201, 34.353014279298684 ], [ -118.815963582348218, 34.368586413951377 ], [ -118.802801519312496, 34.383146381119936 ], [ -118.787899415144466, 34.396544651557491 ], [ -118.785536307606989, 34.398463957686182 ], [ -118.784066081652611, 34.399657916917882 ], [ -118.783723535665487, 34.399935475792397 ], [ -118.783690038501533, 34.399962558074471 ], [ -118.783125082443235, 34.400417666496622 ], [ -118.783091449491025, 34.400444661793266 ], [ -118.78261038023588, 34.400829600976202 ], [ -118.782576644614167, 34.400856512268909 ], [ -118.782095865398063, 34.401238859177667 ], [ -118.782062029111415, 34.401265685463372 ], [ -118.78149496622197, 34.401713646871229 ], [ -118.781460995150638, 34.401740386166644 ], [ -118.780790409287803, 34.402265975906154 ], [ -118.780756309294617, 34.402292589175659 ], [ -118.780188307729674, 34.40273429514513 ], [ -118.780154130966423, 34.402760777353336 ], [ -118.779723874189642, 34.403093262482713 ], [ -118.779689565830708, 34.403119702730351 ], [ -118.779045133884736, 34.403614334772811 ], [ -118.779010717655183, 34.403640643973453 ], [ -118.77846504273063, 34.404056355615637 ], [ -118.778430500757665, 34.404082580815675 ], [ -118.777786040890931, 34.404569904537695 ], [ -118.777751392055222, 34.404595999687409 ], [ -118.77726339339678, 34.404962410364419 ], [ -118.777228643903669, 34.404988422498221 ], [ -118.776577423135109, 34.405473931003016 ], [ -118.776542564776449, 34.405499814085076 ], [ -118.776101287310439, 34.405826576218928 ], [ -118.776066294349732, 34.405852417334941 ], [ -118.77536207915108, 34.406370195090346 ], [ -118.775327016276279, 34.406395863093373 ], [ -118.774882548565387, 34.40672034685889 ], [ -118.774847353086699, 34.406745970890846 ], [ -118.77420612050885, 34.407210979276385 ], [ -118.774170816191358, 34.407236480255037 ], [ -118.773442949410878, 34.407759886766307 ], [ -118.773407515141344, 34.407785253690619 ], [ -118.772966842099962, 34.408099874581659 ], [ -118.772931335259443, 34.408125156465317 ], [ -118.772350450942554, 34.408537295305067 ], [ -118.772314805333494, 34.408562496182725 ], [ -118.771652247440301, 34.409029023289079 ], [ -118.771616501983303, 34.40905409109309 ], [ -118.771145398009409, 34.409383522827909 ], [ -118.771109572949214, 34.409408502588768 ], [ -118.770547877992385, 34.409798820035256 ], [ -118.770511924196668, 34.409823718781148 ], [ -118.769698201607824, 34.410384462436291 ], [ -118.769662141792764, 34.410409189069881 ], [ -118.769270719059421, 34.410676956270699 ], [ -118.769234550725912, 34.410701639912872 ], [ -118.768580494100235, 34.411146248335051 ], [ -118.76854422894796, 34.411170802897949 ], [ -118.767856493664013, 34.411634527857693 ], [ -118.767820119651262, 34.411658952343771 ], [ -118.767295075952831, 34.412010395230176 ], [ -118.767258598273855, 34.412034734679118 ], [ -118.766741683885925, 34.412378569824448 ], [ -118.766705103552411, 34.412402826236516 ], [ -118.766007673646783, 34.412863356679715 ], [ -118.765970984451556, 34.412887482009118 ], [ -118.765298317745959, 34.413328017764087 ], [ -118.765261525725137, 34.413352016010393 ], [ -118.764706827137616, 34.413712626496469 ], [ -118.764669928423331, 34.413736534696461 ], [ -118.764009019273033, 34.41416307339847 ], [ -118.7639720217568, 34.414186856512345 ], [ -118.76349002049092, 34.414495809048624 ], [ -118.76345294038407, 34.414519508110175 ], [ -118.762854533357981, 34.414900603256896 ], [ -118.762817322500069, 34.414924216282131 ], [ -118.762019410941676, 34.41542814375299 ], [ -118.76198211915441, 34.415451583630571 ], [ -118.761591190073432, 34.415696730885635 ], [ -118.761553795784906, 34.415720125755783 ], [ -118.760736052666445, 34.416229240605077 ], [ -118.760698558422789, 34.416252470339586 ], [ -118.7601364574748, 34.416599558632385 ], [ -118.760098857548329, 34.416622698310952 ], [ -118.759544546068483, 34.41696270792476 ], [ -118.759506839468528, 34.416985760549679 ], [ -118.758850837170826, 34.41738525767088 ], [ -118.758813047811202, 34.417408181186929 ], [ -118.758127698881495, 34.417822232304125 ], [ -118.758089809723288, 34.417845029718869 ], [ -118.757542050952225, 34.41817353787016 ], [ -118.757504058136078, 34.418196249227435 ], [ -118.756828847185162, 34.418598261364544 ], [ -118.756790767598758, 34.418620842608682 ], [ -118.75626527440437, 34.418931489646319 ], [ -118.756227097192593, 34.418953987831529 ], [ -118.755507253891778, 34.419376389125688 ], [ -118.75546897485745, 34.419398755197555 ], [ -118.75475566960715, 34.419813771647789 ], [ -118.754717280751549, 34.419836012615029 ], [ -118.75421277847137, 34.420127426885557 ], [ -118.754174310037044, 34.420149580779714 ], [ -118.753519437173466, 34.420525257549073 ], [ -118.753480896017805, 34.42054728131793 ], [ -118.752691907692565, 34.420996030500909 ], [ -118.752653231628827, 34.421017925163397 ], [ -118.752166462156637, 34.421292691715699 ], [ -118.752127707537625, 34.421314504307297 ], [ -118.751437039911892, 34.421701647525389 ], [ -118.751398202539221, 34.421723327987813 ], [ -118.750852472028413, 34.422026988837636 ], [ -118.750813537028264, 34.422048583228246 ], [ -118.750601486683649, 34.422165613562292 ], [ -118.749437830464331, 34.423326574779487 ], [ -118.733620516790197, 34.436178172356612 ], [ -118.716277797215525, 34.447649082543649 ], [ -118.697589731578603, 34.457619846127102 ], [ -118.67775063259613, 34.465986587141465 ], [ -118.656967025792511, 34.472662112084244 ], [ -118.652172594724476, 34.473757890676495 ], [ -118.637928843844719, 34.479830218950823 ], [ -118.634059945717368, 34.481094852939364 ], [ -118.618080213725349, 34.48996783268101 ], [ -118.599089311062997, 34.49840823664362 ], [ -118.579167282296638, 34.505281225749997 ], [ -118.558508620520939, 34.510519661855525 ], [ -118.537315158541105, 34.514072362777007 ], [ -118.515794062086684, 34.515904611394539 ], [ -118.494155765760624, 34.515998501194765 ], [ -118.472611873817783, 34.514353114563718 ], [ -118.451373048346028, 34.510984531925345 ], [ -118.442353471146205, 34.50878356051097 ], [ -118.441124384252689, 34.508779267672871 ], [ -118.436866013327091, 34.508764310698538 ], [ -118.434066605918161, 34.50875439538305 ], [ -118.431655941066452, 34.508745808200864 ], [ -118.431433436371591, 34.508746085088632 ], [ -118.431398078869407, 34.508746101124373 ], [ -118.425946839989109, 34.50874702623284 ], [ -118.420102488543947, 34.50874797710938 ], [ -118.41954542062777, 34.508748395577264 ], [ -118.419186090019423, 34.508748631064151 ], [ -118.415387711591393, 34.5086111771395 ], [ -118.411236407375284, 34.508742061888277 ], [ -118.40670013319216, 34.508702451465837 ], [ -118.403954339651733, 34.508678395292534 ], [ -118.403283809525988, 34.50867359751895 ], [ -118.38234191497051, 34.507705532865444 ], [ -118.361610178921282, 34.505110164832374 ], [ -118.34127909915874, 34.500911331174457 ], [ -118.321535417312859, 34.495147592386331 ], [ -118.302560371677927, 34.487871871084678 ], [ -118.284528005503674, 34.479150957426945 ], [ -118.271740711295791, 34.471530894078569 ], [ -118.270549407622283, 34.471486882828408 ], [ -118.262163352425972, 34.470535081451324 ], [ -118.261227487138456, 34.470485247603776 ], [ -118.25862100899613, 34.47013284364386 ], [ -118.250340168912558, 34.469192106361483 ], [ -118.246587659158806, 34.468619536459009 ], [ -118.24661315325767, 34.468508548344289 ], [ -118.239777519958537, 34.467583312242027 ], [ -118.218787491585402, 34.46296155246128 ], [ -118.201601088425249, 34.457637548976848 ], [ -118.192628011191118, 34.456440163284029 ], [ -118.172018284462339, 34.451976941258451 ], [ -118.152040358053142, 34.445900137656444 ], [ -118.132884017389785, 34.438267499483437 ], [ -118.114731089462225, 34.429151540992855 ], [ -118.097753692804176, 34.418638843099409 ], [ -118.082112587941396, 34.406829217882709 ], [ -118.067955644775594, 34.393834746751558 ], [ -118.055416441893769, 34.37977870208119 ], [ -118.044613011154723, 34.36479436325785 ], [ -118.035646739139509, 34.349023739055554 ], [ -118.028601435188861, 34.332616209116836 ], [ -118.02354257382386, 34.315727098010164 ], [ -118.020516717385391, 34.298516195887274 ], [ -118.019551122766472, 34.281146240157582 ], [ -118.019552827581705, 34.280714879983144 ], [ -118.019570430492394, 34.27710307368995 ], [ -118.019588015996874, 34.273478937430554 ], [ -118.019605430593188, 34.269905188250576 ], [ -118.019609221178314, 34.269135639660455 ], [ -118.019619951245346, 34.266957544157812 ], [ -118.012069345149541, 34.259869164902177 ], [ -117.999534414094455, 34.245432173276598 ], [ -117.990076581885361, 34.231867684995208 ], [ -117.985725638952019, 34.227253158964366 ], [ -117.985692917875213, 34.227214070964926 ], [ -117.9753444661592, 34.213574476509031 ], [ -117.975333291540665, 34.213558152890585 ], [ -117.974568428483266, 34.212431337483117 ], [ -117.96201738733869, 34.190338764647571 ], [ -117.962006688159377, 34.190315982606592 ], [ -117.961400835482181, 34.189010712006301 ], [ -117.960016758252607, 34.185906692664481 ], [ -117.958906921241592, 34.183279923285937 ], [ -117.957748782290849, 34.180387348969482 ], [ -117.957159134192949, 34.178847254567103 ], [ -117.957014406666786, 34.178463169394931 ], [ -117.956999838854813, 34.178424492841373 ], [ -117.953261254417285, 34.166399458665907 ], [ -117.952092222217431, 34.164279918947116 ], [ -117.945167080333192, 34.147435512203025 ], [ -117.940319767965931, 34.130111136610815 ], [ -117.937596788238238, 34.112477967314746 ], [ -117.937023584335776, 34.09471012463429 ], [ -117.937033658502003, 34.094355394875159 ], [ -117.93719139064828, 34.090546047359069 ], [ -117.937197184373375, 34.090439588935844 ], [ -117.937777050675507, 34.083139897091399 ], [ -117.937788133893818, 34.083033853606082 ], [ -117.938734641721481, 34.075738954129363 ], [ -117.938750983232026, 34.075633586436304 ], [ -117.940069555243738, 34.068336562366881 ], [ -117.940091115862842, 34.068232134261898 ], [ -117.941786353960936, 34.060942623452945 ], [ -117.941813076569161, 34.060839390657002 ], [ -117.943739473675521, 34.054094490402669 ], [ -117.94721736889224, 34.037067823557564 ], [ -117.948370782536401, 34.033581869145955 ], [ -117.949123107321824, 34.030656100860341 ], [ -117.949132257135901, 34.030624016925316 ], [ -117.950529705837624, 34.02600177085845 ], [ -117.950539890347514, 34.025969903526381 ], [ -117.952087675552022, 34.021376805880166 ], [ -117.952098887528606, 34.02134517810385 ], [ -117.953972697746948, 34.016333932968436 ], [ -117.95398749566732, 34.016296328815848 ], [ -117.956237763375711, 34.010875791907445 ], [ -117.956254012953451, 34.010838606820791 ], [ -117.957874562506476, 34.007251182123376 ], [ -117.957901516422936, 34.007193921794105 ], [ -117.959510000553351, 34.00276680679562 ], [ -117.967895968477336, 33.986058150953724 ], [ -117.978288608718159, 33.9701274027653 ], [ -117.980844353334149, 33.967011239595656 ], [ -117.982493650525697, 33.961538878738352 ], [ -117.989705087231997, 33.944873016041022 ], [ -117.998881304392782, 33.928871932546663 ], [ -118.009931770709557, 33.913691485380369 ], [ -118.013486073011933, 33.909750741364455 ], [ -118.01402927280644, 33.907051839360854 ], [ -118.014101786569796, 33.906289438544263 ], [ -118.017954195458046, 33.888687296036508 ], [ -118.019417985093654, 33.884470131478807 ], [ -118.017634920623735, 33.879968452249933 ], [ -118.014374787672267, 33.869980787499969 ], [ -118.012068225499064, 33.866785546964131 ], [ -118.008886085857384, 33.861194549983765 ], [ -118.004121641822721, 33.856165877949721 ], [ -117.992431442100411, 33.840855777582604 ], [ -117.982683211584686, 33.824653005302181 ], [ -117.974975448766287, 33.807723276813746 ] ] ] } },
{ "type": "Feature", "properties": { "port_complex_id": "san_pedro_bay", "domain": "coastal_outer", "buffer_m": 40000.0, "partition_method": "source-core-plus-representative-point-voronoi-v1", "source_artifact": "config/port_areas_usace.geojson", "source_sha256": "651a7ca775312b7fed37808336854ced4b3b1e90ea4baf47959480cc657b13c0", "geometry_freeze": "outcome-blind-2026-07-23" }, "geometry": { "type": "Polygon", "coordinates": [ [ [ -117.749647032230342, 33.79104862485822 ], [ -117.747577748199419, 33.758825865596954 ], [ -117.746565403254266, 33.752786749308278 ], [ -117.744950768741532, 33.717041037135644 ], [ -117.74767371709828, 33.681339312092632 ], [ -117.754701202203577, 33.646037639211627 ], [ -117.765957486925615, 33.611487668242539 ], [ -117.781325120172099, 33.578033153250487 ], [ -117.800646309749936, 33.546006566381486 ], [ -117.823724669572272, 33.515725837713184 ], [ -117.850327317192736, 33.487491251345226 ], [ -117.880187295568817, 33.461582525922317 ], [ -117.913006291314474, 33.438256105652179 ], [ -117.948457620454107, 33.417742685610072 ], [ -117.986189451779907, 33.400244992737562 ], [ -118.025828237287215, 33.385935841470356 ], [ -118.066982318761077, 33.374956480381847 ], [ -118.109245679354984, 33.367415243631612 ], [ -118.121159435370672, 33.366299543022123 ], [ -118.13127679349617, 33.363395656355088 ], [ -118.138895308431458, 33.361410738004551 ], [ -118.139172413756697, 33.361340850228927 ], [ -118.145349490180692, 33.359824260830834 ], [ -118.164357427257301, 33.355667012688393 ], [ -118.176907107967097, 33.353334080339913 ], [ -118.177655293676025, 33.353204589445966 ], [ -118.177894335092375, 33.353163274953559 ], [ -118.193775208342743, 33.350676509287347 ], [ -118.205767179385148, 33.349131465780992 ], [ -118.206254550142404, 33.349074430721814 ], [ -118.222948011026759, 33.347392897130391 ], [ -118.246504967358575, 33.345936281456225 ], [ -118.255588498843323, 33.345658583799619 ], [ -118.255859267978991, 33.345652652927356 ], [ -118.261100939762528, 33.345564030669884 ], [ -118.269490888697575, 33.34553114174421 ], [ -118.272736592481252, 33.345554393458819 ], [ -118.272950042644297, 33.345556582533575 ], [ -118.284134995609847, 33.345790556124847 ], [ -118.306603273928786, 33.346983415543676 ], [ -118.308727071504364, 33.347156548361909 ], [ -118.339678958655355, 33.348497254065677 ], [ -118.339907927944878, 33.348517173380245 ], [ -118.379713217718688, 33.353532780158226 ], [ -118.418790281664059, 33.361577250286906 ], [ -118.456804844990728, 33.372581721197825 ], [ -118.494288159054392, 33.386815176748655 ], [ -118.498170099909032, 33.38867688293665 ], [ -118.52616413184974, 33.399948327151286 ], [ -118.53404131578209, 33.403946576719306 ], [ -118.534662287723378, 33.404203504338369 ], [ -118.542157532375356, 33.407662284035595 ], [ -118.541955186225167, 33.407962471116441 ], [ -118.543394090744428, 33.408692538252104 ], [ -118.554811942289831, 33.413714965183672 ], [ -118.593031716760777, 33.435113947273848 ], [ -118.595473729513429, 33.436643356601856 ], [ -118.627484466534597, 33.458763828053492 ], [ -118.656791659670503, 33.483319327248857 ], [ -118.683123420822724, 33.510084034334746 ], [ -118.706234456276107, 33.538811601673551 ], [ -118.725908378594241, 33.569237369071132 ], [ -118.74195978589367, 33.601080752459097 ], [ -118.754236086771712, 33.634047786301949 ], [ -118.762619050304508, 33.667833798378417 ], [ -118.765353974166516, 33.689118875356478 ], [ -118.788101710289098, 33.713757460522082 ], [ -118.808744277663877, 33.740797502413976 ], [ -118.811488151536324, 33.745221532236251 ], [ -118.8419486985036, 33.763603066046763 ], [ -118.873513191810503, 33.786832231420249 ], [ -118.902203001570783, 33.812468960207838 ], [ -118.923795753130619, 33.835974406113664 ], [ -118.935438716690854, 33.846459562036287 ], [ -118.960608548774957, 33.874026833121235 ], [ -118.982453438848282, 33.903450819153036 ], [ -119.000768438120787, 33.934460474791607 ], [ -119.009676706408314, 33.954161556439296 ], [ -119.031044566342629, 33.977696728744185 ], [ -119.053058383029196, 34.007628517894403 ], [ -119.071423865853745, 34.039175351897264 ], [ -119.085962308200877, 34.072037865101805 ], [ -119.096530735947908, 34.105903861527459 ], [ -119.103023431278828, 34.140451242032675 ], [ -119.105373125222911, 34.175351038178896 ], [ -119.105376292283182, 34.175768025427111 ], [ -119.105436094956715, 34.183988350490985 ], [ -119.105453349402211, 34.18655106002285 ], [ -119.105458633296266, 34.189396091832521 ], [ -119.105447720539374, 34.193032374261762 ], [ -119.105180682406115, 34.197337929633306 ], [ -119.105355821944258, 34.201623845217405 ], [ -119.105283238647417, 34.20526663889347 ], [ -119.105210785799713, 34.208891214406627 ], [ -119.105207689060791, 34.209046130545872 ], [ -119.105208090182032, 34.209165092608657 ], [ -119.105203837206602, 34.209238820857585 ], [ -119.105139202704805, 34.212472034476555 ], [ -119.105017416644614, 34.212470405235123 ], [ -119.103149868686785, 34.244828652882731 ], [ -119.096751337509957, 34.280145175631596 ], [ -119.08607047053421, 34.31476240651142 ], [ -119.071208326790838, 34.348334642580681 ], [ -119.052308256582378, 34.380526214459891 ], [ -119.048539922518742, 34.385577630870024 ], [ -119.046060742352424, 34.389948418963883 ], [ -119.044726367958461, 34.391805230771858 ], [ -119.039968746494807, 34.403152806641202 ], [ -119.021437444865924, 34.436030549118733 ], [ -118.998911194087157, 34.467208028600311 ], [ -118.972617425566611, 34.496364211738367 ], [ -118.942823284695194, 34.523198556345939 ], [ -118.940460154777824, 34.525120723165507 ], [ -118.938984838365826, 34.526320590708146 ], [ -118.938299734715073, 34.526876536882249 ], [ -118.938266236740233, 34.526903659625077 ], [ -118.937136283999166, 34.527815238792769 ], [ -118.937102649444071, 34.527842274566481 ], [ -118.936140455554693, 34.52861330906007 ], [ -118.93610671765822, 34.528640260827146 ], [ -118.935145084961306, 34.529406106479371 ], [ -118.93511124573061, 34.529432973233746 ], [ -118.933977008282071, 34.530330249978356 ], [ -118.933943033478087, 34.53035702975383 ], [ -118.932601696425465, 34.531409803879342 ], [ -118.932567591773932, 34.531436457604585 ], [ -118.931431420719534, 34.532321214772523 ], [ -118.931397238522422, 34.532347737376568 ], [ -118.930536580914492, 34.53301372329409 ], [ -118.930502266524329, 34.53304020397821 ], [ -118.929213159967347, 34.534030983912146 ], [ -118.929178736830039, 34.534057333503846 ], [ -118.928087156524427, 34.534890035284526 ], [ -118.928052606897452, 34.534916300876496 ], [ -118.926763385810673, 34.535892452296594 ], [ -118.926728728452275, 34.535918587789382 ], [ -118.925752482132296, 34.536652543684042 ], [ -118.925717723456472, 34.53667859614611 ], [ -118.924414921988287, 34.537651121393338 ], [ -118.924380053576414, 34.537677044753288 ], [ -118.923497236953537, 34.538331587272992 ], [ -118.923462233333723, 34.538357468702138 ], [ -118.922053355852114, 34.539394642914786 ], [ -118.922018281399247, 34.539420351119283 ], [ -118.921129045323994, 34.540070336323005 ], [ -118.921093837660422, 34.540096000586644 ], [ -118.919810913821678, 34.541027480129614 ], [ -118.919775596474537, 34.541053021287958 ], [ -118.918319306947268, 34.542101486948681 ], [ -118.91828385869151, 34.542126893999644 ], [ -118.917402157951116, 34.542757132328298 ], [ -118.917366636549986, 34.542782454298901 ], [ -118.916204379812413, 34.543608040977894 ], [ -118.916168718869926, 34.543633281937865 ], [ -118.914843018021116, 34.544567822778554 ], [ -118.914807256377543, 34.544592930592565 ], [ -118.913864614240111, 34.545252846949346 ], [ -118.913828772385415, 34.545277866677772 ], [ -118.912704845221327, 34.546059752401646 ], [ -118.912668873892429, 34.546084691101321 ], [ -118.911040613042118, 34.547207981755356 ], [ -118.91100453466791, 34.547232748231799 ], [ -118.91022128124736, 34.547769146413536 ], [ -118.910185093833491, 34.547793869908091 ], [ -118.90887627653062, 34.548684524773897 ], [ -118.908839991473982, 34.548709119111031 ], [ -118.907463750698994, 34.549638073903125 ], [ -118.907427355915985, 34.549662538087702 ], [ -118.906376660090061, 34.550366567773004 ], [ -118.906340160970529, 34.550390946884235 ], [ -118.905305716073656, 34.551079739175464 ], [ -118.90526911364104, 34.551104035213953 ], [ -118.903873395894635, 34.552026603317422 ], [ -118.903836683733033, 34.55205076819157 ], [ -118.902490494139755, 34.552933286213651 ], [ -118.902453678321535, 34.552957323922527 ], [ -118.901343554127379, 34.553679732415176 ], [ -118.90130663091891, 34.553703680032456 ], [ -118.899983921875446, 34.554558166068404 ], [ -118.899946899056786, 34.554581988514329 ], [ -118.898982230246105, 34.555200916604257 ], [ -118.898945124242402, 34.555224654946187 ], [ -118.897747463629997, 34.555988110275607 ], [ -118.897710226119486, 34.556011762545978 ], [ -118.89611324115495, 34.557021295582381 ], [ -118.896075921779101, 34.557044774558172 ], [ -118.895293480723794, 34.557535887607145 ], [ -118.895256058343492, 34.557559321568874 ], [ -118.893619324074422, 34.558579255767057 ], [ -118.893581800776161, 34.558602524458237 ], [ -118.892877714909488, 34.559037678244763 ], [ -118.880559826985831, 34.569057576576228 ], [ -118.845853465057928, 34.59203655977246 ], [ -118.808436420337159, 34.612012946450811 ], [ -118.768699004664867, 34.628777523199105 ], [ -118.742104609918684, 34.637322917566699 ], [ -118.732802290823813, 34.642489967142573 ], [ -118.69476643341568, 34.659402053209895 ], [ -118.654852820885509, 34.673174762678421 ], [ -118.613453146917095, 34.683672770113041 ], [ -118.570974289090884, 34.690792880881631 ], [ -118.5278341690383, 34.694465082551687 ], [ -118.484457482809262, 34.694653259123243 ], [ -118.441271351337193, 34.691355559755877 ], [ -118.416878976772907, 34.68748927599011 ], [ -118.414236421691783, 34.68739384912741 ], [ -118.408883399536336, 34.687562122860776 ], [ -118.401803106867604, 34.687500239569168 ], [ -118.401350215614414, 34.687496999264006 ], [ -118.359371633732948, 34.685556922171585 ], [ -118.317817190632823, 34.680355731467778 ], [ -118.277071236013413, 34.671941496096387 ], [ -118.23751033905431, 34.660391960550093 ], [ -118.199499678925918, 34.645813799910592 ], [ -118.190513656455749, 34.64146764578674 ], [ -118.173820720105567, 34.638549652565132 ], [ -118.141901064533016, 34.630294303981664 ], [ -118.105285828878039, 34.622364394800265 ], [ -118.065255566243749, 34.610186783494001 ], [ -118.02688242663578, 34.594892609549973 ], [ -117.99053234977039, 34.576628004116586 ], [ -117.956551237008085, 34.55556737469287 ], [ -117.925261589761334, 34.53191168598569 ], [ -117.896959408328797, 34.505886484597063 ], [ -117.871911382400555, 34.477739689208242 ], [ -117.8503524000959, 34.44773917021049 ], [ -117.83248339776479, 34.416170144664221 ], [ -117.818469568009533, 34.38333241403754 ], [ -117.808438938576757, 34.349537473374255 ], [ -117.804670549893217, 34.32776184997887 ], [ -117.784296782009662, 34.300826481358826 ], [ -117.78275975989591, 34.298554229577576 ], [ -117.757749685426774, 34.254335701213535 ], [ -117.756533219937225, 34.251700433326725 ], [ -117.75378191197089, 34.245493662869229 ], [ -117.751577020233199, 34.240242276175806 ], [ -117.749276932689185, 34.234459160848964 ], [ -117.748107334133039, 34.231382833482087 ], [ -117.747963542200011, 34.230998513250142 ], [ -117.747934684854258, 34.230921353115278 ], [ -117.74453401653895, 34.219864255582507 ], [ -117.734713381727062, 34.195819673880393 ], [ -117.725108642341723, 34.161154921826942 ], [ -117.719759270608023, 34.125879479891601 ], [ -117.718712338008615, 34.090341931912597 ], [ -117.718723406050145, 34.089987220121181 ], [ -117.719060192772886, 34.082369079158191 ], [ -117.719066284048012, 34.082262630826548 ], [ -117.720266665911709, 34.067665248134652 ], [ -117.720278043006701, 34.067559223664126 ], [ -117.722211232070336, 34.052972656406688 ], [ -117.722227861590866, 34.052867316497085 ], [ -117.724904532014293, 34.038277731791837 ], [ -117.724926372600166, 34.038173340026034 ], [ -117.728355462333326, 34.023600004975464 ], [ -117.728382454756485, 34.023496816786924 ], [ -117.730892637533586, 34.014791165174607 ], [ -117.732759414958366, 34.005129291720088 ], [ -117.732776728111247, 34.005054704836503 ], [ -117.736765366764075, 33.989706657701085 ], [ -117.737823043180256, 33.986238802162895 ], [ -117.7380139183648, 33.985451951511294 ], [ -117.739188920660737, 33.981759939363336 ], [ -117.739593028749695, 33.980434717790992 ], [ -117.74272170872257, 33.971221750886095 ], [ -117.746504858959497, 33.961173745976701 ], [ -117.746519746391158, 33.961136165774782 ], [ -117.749479970195537, 33.954050470185429 ], [ -117.749682790342519, 33.953433022714648 ], [ -117.750321658941616, 33.952035513871046 ], [ -117.751045605151987, 33.950302334358653 ], [ -117.751061939872713, 33.95026517527107 ], [ -117.754319234557954, 33.9430954901378 ], [ -117.755271052066448, 33.94108451882849 ], [ -117.756152199426026, 33.93927876201063 ], [ -117.764323456868922, 33.921392842426258 ], [ -117.781098074076127, 33.893185797333651 ], [ -117.781393402102779, 33.892507343384054 ], [ -117.767475855628035, 33.861763234825901 ], [ -117.756383811998077, 33.826777788893352 ], [ -117.749647032230342, 33.79104862485822 ] ] ] } },
{ "type": "Feature", "properties": { "port_complex_id": "savannah_ga", "domain": "coastal_inner", "buffer_m": 20000.0, "partition_method": "source-core-plus-representative-point-voronoi-v1", "source_artifact": "config/port_areas_usace.geojson", "source_sha256": "651a7ca775312b7fed37808336854ced4b3b1e90ea4baf47959480cc657b13c0", "geometry_freeze": "outcome-blind-2026-07-23" }, "geometry": { "type": "Polygon", "coordinates": [ [ [ -81.453765339271882, 32.149390447424402 ], [ -81.45223138046758, 32.167511488259848 ], [ -81.448528316369504, 32.185408418700895 ], [ -81.44269270320433, 32.202897641296325 ], [ -81.440591495026794, 32.208154741043217 ], [ -81.431146622629527, 32.227838614567368 ], [ -81.418999793516576, 32.246444442086101 ], [ -81.41626362343014, 32.250103066877386 ], [ -81.405682889199355, 32.26296674052783 ], [ -81.393806637475947, 32.275005140996527 ], [ -81.380724945565532, 32.286126443467367 ], [ -81.36985935619002, 32.293876688237219 ], [ -81.365839213742248, 32.298750320360831 ], [ -81.364424738571202, 32.300443966256651 ], [ -81.353581045786939, 32.313266839006069 ], [ -81.343521954376428, 32.325299279261671 ], [ -81.327974914417183, 32.34174853515259 ], [ -81.323774776600374, 32.345692718912204 ], [ -81.303200282290632, 32.362567236285592 ], [ -81.289363225299425, 32.372473336563097 ], [ -81.273308605052492, 32.382898337802267 ], [ -81.256144222236586, 32.3919948196028 ], [ -81.238025473260564, 32.399680303509292 ], [ -81.219116566769401, 32.405885085520012 ], [ -81.199589015704021, 32.410552878136947 ], [ -81.179620057066231, 32.413641329309208 ], [ -81.159391014836558, 32.415122413178217 ], [ -81.139085622200326, 32.414982688779666 ], [ -81.118888319746233, 32.413223424152562 ], [ -81.098982546604262, 32.409860584629286 ], [ -81.07954904157846, 32.404924685423566 ], [ -81.06076417120461, 32.398460509969709 ], [ -81.04279830132387, 32.390526696790616 ], [ -81.025814228219176, 32.381195198956149 ], [ -81.009965684622685, 32.370550621434639 ], [ -81.005937536340014, 32.367570087290098 ], [ -80.992163893695064, 32.356416447359479 ], [ -80.989888365674474, 32.35440044731051 ], [ -80.976600214259591, 32.341439332711019 ], [ -80.964846286471698, 32.327472654633404 ], [ -80.954733010848003, 32.312627797528194 ], [ -80.946351687505143, 32.297040091831619 ], [ -80.939777681429788, 32.280851569693596 ], [ -80.938995210572259, 32.278574427999558 ], [ -80.937717861028418, 32.274005128335808 ], [ -80.936438173658459, 32.273731725815054 ], [ -80.91257656237778, 32.265974453934732 ], [ -80.911647072893274, 32.265616906743141 ], [ -80.892996262937828, 32.257483538538175 ], [ -80.879575216619969, 32.250135515869189 ], [ -80.876285401662372, 32.248433667524125 ], [ -80.860803056636883, 32.238693365054523 ], [ -80.846436657338955, 32.227811892244041 ], [ -80.845187378922432, 32.226775400333281 ], [ -80.843478946801284, 32.225211053920525 ], [ -80.836695793478242, 32.221778053895548 ], [ -80.834409151363445, 32.220491080417382 ], [ -80.814478758773305, 32.207785629362427 ], [ -80.813057794254263, 32.20663583467708 ], [ -80.78729960972376, 32.199609071743595 ], [ -80.767365864588655, 32.19322209669042 ], [ -80.748293790682411, 32.185187195407046 ], [ -80.730275145505175, 32.175585208393279 ], [ -80.713490896384002, 32.164512715180294 ], [ -80.69810938472915, 32.152081048696033 ], [ -80.684284627587118, 32.138415160595457 ], [ -80.672154774012185, 32.123652349737689 ], [ -80.661840731762481, 32.107940867382133 ], [ -80.653444977654985, 32.091438413892831 ], [ -80.647050562628664, 32.074310542776779 ], [ -80.642720320207374, 32.056728988726938 ], [ -80.640496284661978, 32.038869936993713 ], [ -80.64039932278574, 32.020912251862633 ], [ -80.642428980849729, 32.003035682277257 ], [ -80.646563546030094, 31.985419062712857 ], [ -80.652760319419926, 31.96823852729144 ], [ -80.660956095680675, 31.951665754832781 ], [ -80.671067842465561, 31.935866262071009 ], [ -80.672784484427652, 31.933477279368141 ], [ -80.678248810116571, 31.926265204395992 ], [ -80.679642897094567, 31.924518171760347 ], [ -80.692360485499051, 31.910176658794526 ], [ -80.706702055467986, 31.896976007199463 ], [ -80.722524578480858, 31.885047250110237 ], [ -80.739670548942328, 31.87450874847498 ], [ -80.745686796453271, 31.871535972834831 ], [ -80.748057084359843, 31.870048874975957 ], [ -80.749518806334336, 31.869264921726685 ], [ -80.755224603660537, 31.86631001157545 ], [ -80.758575451592122, 31.864635254569226 ], [ -80.777150251906562, 31.856367884360687 ], [ -80.782247287409334, 31.854617650657556 ], [ -80.78316142994943, 31.854260950900017 ], [ -80.791340325231403, 31.851494481703536 ], [ -80.796596190671963, 31.849688804917747 ], [ -80.797241643699138, 31.849497894470968 ], [ -80.803598780955014, 31.847346624652268 ], [ -80.824769857145895, 31.842255613272521 ], [ -80.828800930190866, 31.841658452464127 ], [ -80.843611743216044, 31.839123187339979 ], [ -80.854193995610899, 31.838199391891543 ], [ -80.854179680417474, 31.838091841396835 ], [ -80.854927568333395, 31.83802059304454 ], [ -80.860219472031304, 31.8376729322367 ], [ -80.864073236011947, 31.83733604672145 ], [ -80.866388052587467, 31.837229175136127 ], [ -80.866390505726088, 31.837267196517065 ], [ -80.869595931563609, 31.837056309315194 ], [ -80.871554616183971, 31.836985061654406 ], [ -80.892649780689439, 31.837103339030023 ], [ -80.913627616566217, 31.838988796885982 ], [ -80.934282230221513, 31.842622913159236 ], [ -80.935039758386367, 31.842824226140294 ], [ -80.938574489887671, 31.843337840271381 ], [ -80.939749871457693, 31.843551591746373 ], [ -80.964389253635588, 31.84936275187076 ], [ -80.965244266657166, 31.849612143011225 ], [ -80.968621404179331, 31.85062416297081 ], [ -80.970010854263847, 31.851051695943191 ], [ -80.973129658539406, 31.852093865170676 ], [ -80.976110804415654, 31.852784936628382 ], [ -80.977428883536646, 31.853141205105512 ], [ -80.982321426678581, 31.854589169123095 ], [ -80.985315197870534, 31.853592730125118 ], [ -80.990813080346982, 31.851531655467369 ], [ -80.995295149075218, 31.850270261541141 ], [ -80.995698718807233, 31.850135882554845 ], [ -80.997717939855903, 31.849553938177042 ], [ -80.997730379464841, 31.849584818988195 ], [ -81.010151430064155, 31.846087658390964 ], [ -81.030015793786276, 31.842234040153507 ], [ -81.05022416910775, 31.84000613017221 ], [ -81.070591465228432, 31.839424351650909 ], [ -81.087934568578461, 31.840336676627725 ], [ -81.097900441484256, 31.840835341555369 ], [ -81.118070179538336, 31.843503871284877 ], [ -81.137845490485219, 31.847795733397604 ], [ -81.15521873647846, 31.852326424715301 ], [ -81.158887038993186, 31.853313543113703 ], [ -81.182435947772802, 31.859846365224325 ], [ -81.186859906597022, 31.860933662006893 ], [ -81.194988095427675, 31.860197197715447 ], [ -81.215182435512915, 31.859997163770512 ], [ -81.23530838603395, 31.861417282686983 ], [ -81.25518502019176, 31.864444776142737 ], [ -81.274633607827568, 31.869052400647796 ], [ -81.293479191871668, 31.875198688608673 ], [ -81.311552134219681, 31.882828315430647 ], [ -81.328689618379201, 31.891872589620625 ], [ -81.344737096449919, 31.902250061827328 ], [ -81.359549668292146, 31.913867247749771 ], [ -81.360806111760169, 31.914950827383972 ], [ -81.373696296012028, 31.927126821343549 ], [ -81.378268140279246, 31.93186096881438 ], [ -81.383055599646369, 31.937136311123581 ], [ -81.384141528870956, 31.937845298166845 ], [ -81.399171139566491, 31.949792182943721 ], [ -81.412762565002808, 31.962912141651653 ], [ -81.424787465715468, 31.977081918266293 ], [ -81.435132029529726, 31.992168336549017 ], [ -81.443698060142054, 32.008029539174167 ], [ -81.45040392707628, 32.024516310069011 ], [ -81.455185367184811, 32.041473468076489 ], [ -81.457996128972155, 32.058741319307977 ], [ -81.458808452248633, 32.076157154911776 ], [ -81.457613376973711, 32.093556780451529 ], [ -81.454420876618158, 32.110776062670311 ], [ -81.452254201086845, 32.117861937317592 ], [ -81.453062199062884, 32.125456596713477 ], [ -81.453868312899971, 32.145164347934752 ], [ -81.453765339271882, 32.149390447424402 ] ] ] } },
{ "type": "Feature", "properties": { "port_complex_id": "savannah_ga", "domain": "coastal_outer", "buffer_m": 40000.0, "partition_method": "source-core-plus-representative-point-voronoi-v1", "source_artifact": "config/port_areas_usace.geojson", "source_sha256": "651a7ca775312b7fed37808336854ced4b3b1e90ea4baf47959480cc657b13c0", "geometry_freeze": "outcome-blind-2026-07-23" }, "geometry": { "type": "Polygon", "coordinates": [ [ [ -81.663824471235344, 32.189118654227592 ], [ -81.656509416966372, 32.224924305847878 ], [ -81.644920912223355, 32.259920969765695 ], [ -81.642831512116913, 32.265181306442464 ], [ -81.624023337108767, 32.304577504940255 ], [ -81.599790604351966, 32.341823806219672 ], [ -81.597059455279989, 32.345486208863619 ], [ -81.57592759780492, 32.371241931693888 ], [ -81.552190679868247, 32.395348566065863 ], [ -81.530747132556897, 32.413605711886824 ], [ -81.528179806347651, 32.416648499115965 ], [ -81.518477562797273, 32.428282509738061 ], [ -81.48740914014364, 32.461220784174429 ], [ -81.483210601430002, 32.465170091567153 ], [ -81.442058757700195, 32.498966102464856 ], [ -81.428215285992039, 32.508886914626565 ], [ -81.396083209504667, 32.529769087783386 ], [ -81.361715256748099, 32.547992081676675 ], [ -81.325423628280589, 32.563389846657579 ], [ -81.287538695095677, 32.575821998367573 ], [ -81.248405912033135, 32.585175137967546 ], [ -81.208382568871954, 32.591363920579049 ], [ -81.16783441326514, 32.594331860581164 ], [ -81.127132181655085, 32.594051865154903 ], [ -81.086648075743412, 32.590526490351301 ], [ -81.046752222946239, 32.58378791692833 ], [ -81.007809159517421, 32.573897646217326 ], [ -80.970174374665589, 32.560945919288692 ], [ -80.934190953032427, 32.545050865645528 ], [ -80.900186351367296, 32.526357390536589 ], [ -80.868469343166439, 32.505035812703333 ], [ -80.864439692397227, 32.502050914423918 ], [ -80.836889418030154, 32.479712343662733 ], [ -80.834614300201196, 32.477693639540647 ], [ -80.808051747151367, 32.451738488066503 ], [ -80.784574576103495, 32.42377378180057 ], [ -80.771966459589592, 32.405209523964594 ], [ -80.759337113624213, 32.398586559191529 ], [ -80.755045629961813, 32.396115925983139 ], [ -80.724658595212262, 32.376887748862423 ], [ -80.712226055448866, 32.367447515412593 ], [ -80.711802012592528, 32.367184237650946 ], [ -80.681453641178763, 32.357458437425201 ], [ -80.643252177640122, 32.341360783203164 ], [ -80.607174032131013, 32.32212538150052 ], [ -80.573582766966027, 32.299946659674838 ], [ -80.542815961014313, 32.275048642760659 ], [ -80.515181778225696, 32.24768262870591 ], [ -80.490955877113109, 32.218124588699276 ], [ -80.470378692156828, 32.186672322077271 ], [ -80.45365311245574, 32.153642397662431 ], [ -80.440942577157813, 32.11936691528787 ], [ -80.432369601388416, 32.084190122700427 ], [ -80.428014740684745, 32.048464924011014 ], [ -80.427915996449471, 32.012549316387037 ], [ -80.43206865974993, 31.976802791778145 ], [ -80.440425585989033, 31.941582740161866 ], [ -80.452897888615666, 31.907240890117262 ], [ -80.46935603616437, 31.874119821515759 ], [ -80.489631333534788, 31.842549583799883 ], [ -80.491351372051724, 31.840162973809054 ], [ -80.502298892578835, 31.825753697882796 ], [ -80.503695057812678, 31.824008533151044 ], [ -80.528855330110133, 31.795664790346571 ], [ -80.557176659200323, 31.769550586372677 ], [ -80.58838261428744, 31.74591843774212 ], [ -80.622169720421553, 31.724996682832199 ], [ -80.630918878279118, 31.720626629850656 ], [ -80.634551633498646, 31.718348278793982 ], [ -80.636011705899065, 31.71756558623888 ], [ -80.647409709283565, 31.711665360820309 ], [ -80.65075636304455, 31.70999334863167 ], [ -80.681422823770262, 31.696069390097943 ], [ -80.707209450260279, 31.686569129353728 ], [ -80.712406109143188, 31.684565966465616 ], [ -80.714458728395385, 31.683943045541834 ], [ -80.717769446822231, 31.682857130299748 ], [ -80.717801946341837, 31.682928356107563 ], [ -80.745511814436298, 31.674513325902097 ], [ -80.779479761631833, 31.666813005047693 ], [ -80.782856485649262, 31.666172939333297 ], [ -80.814532171472493, 31.661227513516355 ], [ -80.846556660868913, 31.658328548276842 ], [ -80.849612582421244, 31.658150766330476 ], [ -80.8605013666525, 31.657635983818285 ], [ -80.862455698712864, 31.657564871401256 ], [ -80.904552135076983, 31.657800977265882 ], [ -80.946415993944044, 31.661564776644799 ], [ -80.97790537834527, 31.667107991801398 ], [ -80.981426469616011, 31.667549186937499 ], [ -80.988457692277976, 31.666115948195372 ], [ -81.029435025463798, 31.661274519730544 ], [ -81.070771465275769, 31.659831559850396 ], [ -81.079550420550703, 31.660251345352169 ], [ -81.079878951219555, 31.660241030509866 ], [ -81.090250372400362, 31.660762051225714 ], [ -81.112077840539627, 31.661800680810913 ], [ -81.112750694057283, 31.661889056480586 ], [ -81.120546249356664, 31.662278461670702 ], [ -81.160799169708312, 31.667605511442975 ], [ -81.200270097348309, 31.676173448274312 ], [ -81.21720183273861, 31.680589529610948 ], [ -81.222756618822345, 31.680533627744254 ], [ -81.262919828217463, 31.683368489031807 ], [ -81.302588795995931, 31.689412154347494 ], [ -81.341409083269767, 31.698610539805568 ], [ -81.379033534380241, 31.710881310964698 ], [ -81.415125270504674, 31.726114596023702 ], [ -81.449360609347607, 31.744173938794621 ], [ -81.481431889055045, 31.764897484240144 ], [ -81.511050174557582, 31.788099387540065 ], [ -81.512306693009236, 31.789181519025369 ], [ -81.538096487427069, 31.813502520313008 ], [ -81.540524501051664, 31.816012025544797 ], [ -81.551916945839281, 31.82505416443006 ], [ -81.579111875751281, 31.8512610649484 ], [ -81.603191134752663, 31.879569038622609 ], [ -81.623926017450032, 31.909712918740745 ], [ -81.641118438200564, 31.94141008140425 ], [ -81.654602892318891, 31.974363049168584 ], [ -81.664248141183378, 32.008262242141001 ], [ -81.669958600902106, 32.042788852658695 ], [ -81.671675415963989, 32.077617818175163 ], [ -81.669377201427992, 32.11242086566039 ], [ -81.66609311265924, 32.130391672348161 ], [ -81.666888432946152, 32.148645419978564 ], [ -81.666796702640227, 32.152871677743853 ], [ -81.663824471235344, 32.189118654227592 ] ] ] } },
{ "type": "Feature", "properties": { "port_complex_id": "wilmington_nc", "domain": "coastal_inner", "buffer_m": 20000.0, "partition_method": "source-core-plus-representative-point-voronoi-v1", "source_artifact": "config/port_areas_usace.geojson", "source_sha256": "651a7ca775312b7fed37808336854ced4b3b1e90ea4baf47959480cc657b13c0", "geometry_freeze": "outcome-blind-2026-07-23" }, "geometry": { "type": "Polygon", "coordinates": [ [ [ -78.164538798638858, 34.305057506865374 ], [ -78.158819277833217, 34.322141596551816 ], [ -78.151056504270329, 34.338679175763275 ], [ -78.141325482597139, 34.354507772068779 ], [ -78.12972072477362, 34.369471789944107 ], [ -78.116355358342446, 34.383424052978526 ], [ -78.101360042515552, 34.396227265798835 ], [ -78.084881701685191, 34.407755380625964 ], [ -78.067082088180214, 34.41789485425231 ], [ -78.048136188209838, 34.42654578226972 ], [ -78.028230486931292, 34.433622898586464 ], [ -78.007561110405859, 34.439056429628906 ], [ -77.986331863831893, 34.442792794117729 ], [ -77.984162009311049, 34.443083650451911 ], [ -77.981699759321771, 34.443514214309438 ], [ -77.961176579147136, 34.445479482231995 ], [ -77.940517241523494, 34.445857847765176 ], [ -77.940418013174678, 34.445855843574485 ], [ -77.921066696546973, 34.444763914862797 ], [ -77.920883282212998, 34.444746879438817 ], [ -77.897442960827959, 34.441510067814875 ], [ -77.895702555288736, 34.441107635615687 ], [ -77.88902189547899, 34.440606153632679 ], [ -77.880145615494982, 34.439198771255043 ], [ -77.865453304296167, 34.442054948654658 ], [ -77.844307458864122, 34.444423404579275 ], [ -77.822978802687075, 34.445101125496059 ], [ -77.801670656557562, 34.444081654719717 ], [ -77.780586141727952, 34.441374704746735 ], [ -77.759926204101774, 34.437006062980295 ], [ -77.739887661252922, 34.431017341489238 ], [ -77.720661292701763, 34.423465573408045 ], [ -77.719544443359851, 34.422911749984223 ], [ -77.706340339660144, 34.418563122596375 ], [ -77.68700731126701, 34.410281616922774 ], [ -77.668784425359817, 34.400469681725284 ], [ -77.661206505515722, 34.395437741066253 ], [ -77.656467786221867, 34.392670052470017 ], [ -77.656270659832344, 34.392540841703408 ], [ -77.649330365733931, 34.387795431534109 ], [ -77.649125280634337, 34.387649201131559 ], [ -77.634128019959547, 34.375883200951847 ], [ -77.633478137396068, 34.375322394592125 ], [ -77.633296383242666, 34.375165360592135 ], [ -77.63314241235274, 34.375032169330183 ], [ -77.630330769308912, 34.372348217186349 ], [ -77.629528608889956, 34.371729212869283 ], [ -77.616109201562125, 34.359252811585449 ], [ -77.604168925846665, 34.345813078473412 ], [ -77.593810265666647, 34.331526216660158 ], [ -77.585121874480734, 34.316515693464567 ], [ -77.585005363768104, 34.316287509496618 ], [ -77.577293701508026, 34.29862781288093 ], [ -77.571889820511402, 34.280405035159696 ], [ -77.568851542008986, 34.261819654368892 ], [ -77.568749431060823, 34.260783478015426 ], [ -77.568103110030535, 34.24222336717397 ], [ -77.569812691074688, 34.223708027875347 ], [ -77.573858098071, 34.2054368057033 ], [ -77.580194183373663, 34.187606292100199 ], [ -77.588751281394522, 34.17040821640137 ], [ -77.599436019431579, 34.154027395133419 ], [ -77.612132374454305, 34.138639760026464 ], [ -77.612611710137529, 34.138119115202635 ], [ -77.61309436129153, 34.137543699276463 ], [ -77.613361733900632, 34.137230072743876 ], [ -77.614807775631391, 34.135554371202758 ], [ -77.616034352786201, 34.13415007074039 ], [ -77.616928205913311, 34.133134193247592 ], [ -77.617012308644618, 34.13303930919642 ], [ -77.619308474466848, 34.130704518920489 ], [ -77.620380275122045, 34.129290302903605 ], [ -77.621843337662227, 34.127800578826061 ], [ -77.62881632873318, 34.115180829883926 ], [ -77.629470246099572, 34.114139818721817 ], [ -77.641715041724908, 34.097041292543352 ], [ -77.642716668277842, 34.095804712629693 ], [ -77.642777232819867, 34.095729982779979 ], [ -77.645926028818124, 34.091453848561471 ], [ -77.651931170126687, 34.083807645292865 ], [ -77.652090510241734, 34.083573075767347 ], [ -77.656382189599711, 34.077815303618053 ], [ -77.661634908347125, 34.071107340315976 ], [ -77.663523844236394, 34.068809004635234 ], [ -77.663920361459788, 34.068363448603357 ], [ -77.667831704149052, 34.063043935907594 ], [ -77.667913857772518, 34.062937054068399 ], [ -77.685216989129401, 34.043461343150312 ], [ -77.685491164071578, 34.043192700790364 ], [ -77.690726492214921, 34.038249166450697 ], [ -77.69086254162157, 34.038125338393527 ], [ -77.713042187959246, 34.020595117001278 ], [ -77.713176117489624, 34.020503263199174 ], [ -77.730666048962419, 34.009681129265886 ], [ -77.730744968188233, 34.009637204682328 ], [ -77.747782299172329, 34.001060277977828 ], [ -77.765701669743507, 33.993796111376199 ], [ -77.776111301447528, 33.990508923964285 ], [ -77.792358044395456, 33.980196541665912 ], [ -77.797260371351797, 33.97765457550485 ], [ -77.813860819468346, 33.968988820564071 ], [ -77.834270964409043, 33.960645379039356 ], [ -77.834925845505353, 33.960411822970116 ], [ -77.857178760632777, 33.953629365173057 ], [ -77.880194917262983, 33.948868865612695 ], [ -77.882877096839323, 33.948439738463769 ], [ -77.903751372785152, 33.945951521207519 ], [ -77.903827200904729, 33.945945533557143 ], [ -77.923858223123375, 33.945123202124506 ], [ -77.943896662601148, 33.945812689092875 ], [ -77.963774016650191, 33.948008192628976 ], [ -77.98332310932787, 33.951691237295819 ], [ -78.002379469266543, 33.956830826699409 ], [ -78.020782687088456, 33.963383699686993 ], [ -78.038377742082417, 33.971294688133398 ], [ -78.055016287960385, 33.980497173564416 ], [ -78.055075239447305, 33.980533113775479 ], [ -78.074163747995598, 33.993616720445928 ], [ -78.074758629113418, 33.994074028893706 ], [ -78.09003976547946, 34.007066114906522 ], [ -78.103652558773703, 34.021253441535883 ], [ -78.111306285157085, 34.03113380659066 ], [ -78.112135544239521, 34.031908745864769 ], [ -78.124184929622942, 34.045572009733142 ], [ -78.134616549673098, 34.060103333788071 ], [ -78.138147075546286, 34.066286503940269 ], [ -78.140017777062056, 34.068927371182262 ], [ -78.148839439388709, 34.084736850326784 ], [ -78.150764684557956, 34.089316010219633 ], [ -78.157870575674295, 34.100918063375133 ], [ -78.165633195270885, 34.117520158082151 ], [ -78.171349123268612, 34.134670665413871 ], [ -78.174960667210271, 34.152200555553236 ], [ -78.176430785093203, 34.16993695575416 ], [ -78.17574350555617, 34.187704849657621 ], [ -78.17538085567908, 34.19134457205611 ], [ -78.174830986569532, 34.197963332298798 ], [ -78.175211510178144, 34.206213222238794 ], [ -78.174126464859867, 34.222607444589322 ], [ -78.171943654608796, 34.234755759757533 ], [ -78.171948780153969, 34.234805370426692 ], [ -78.171966953569566, 34.24970186139366 ], [ -78.170469009036992, 34.264547673585831 ], [ -78.170299526857264, 34.265659594381454 ], [ -78.170071499746911, 34.267154180733506 ], [ -78.169616726250737, 34.26903881422227 ], [ -78.169649548568316, 34.269924381845335 ], [ -78.168160261554874, 34.287594649330458 ], [ -78.164538798638858, 34.305057506865374 ] ] ] } },
{ "type": "Feature", "properties": { "port_complex_id": "wilmington_nc", "domain": "coastal_outer", "buffer_m": 40000.0, "partition_method": "source-core-plus-representative-point-voronoi-v1", "source_artifact": "config/port_areas_usace.geojson", "source_sha256": "651a7ca775312b7fed37808336854ced4b3b1e90ea4baf47959480cc657b13c0", "geometry_freeze": "outcome-blind-2026-07-23" }, "geometry": { "type": "Polygon", "coordinates": [ [ [ -78.367111984909002, 34.377630344466823 ], [ -78.351660907923701, 34.410730222671091 ], [ -78.332258778392884, 34.44241711972429 ], [ -78.309092243752531, 34.472378686648455 ], [ -78.282385844565383, 34.500319258552175 ], [ -78.252399916697684, 34.525962829928531 ], [ -78.219428099495687, 34.549055843612877 ], [ -78.183794471749977, 34.569369762746014 ], [ -78.145850342721289, 34.586703397062536 ], [ -78.105970730772455, 34.600884957218703 ], [ -78.06455056707739, 34.611773813676621 ], [ -78.022000666327656, 34.619261939834779 ], [ -78.020089746056485, 34.61951805453198 ], [ -78.017625449037766, 34.619948701921317 ], [ -77.976486181514389, 34.623887469304741 ], [ -77.93507208635333, 34.624645795786087 ], [ -77.934972628630788, 34.624643787365443 ], [ -77.896181180795182, 34.622455335058611 ], [ -77.895997350328869, 34.622438263903206 ], [ -77.882031361635583, 34.620512087374259 ], [ -77.863573028058951, 34.622577237559454 ], [ -77.820817363291937, 34.623935535301918 ], [ -77.778103097978004, 34.621892301885936 ], [ -77.735840207678464, 34.61646712685581 ], [ -77.694434158909772, 34.607712017190764 ], [ -77.654281865683458, 34.595710879947852 ], [ -77.633592283245548, 34.587584293460026 ], [ -77.629409350954532, 34.586351616601242 ], [ -77.590816904043564, 34.571373132885832 ], [ -77.554212067964258, 34.553401595133529 ], [ -77.52048874736343, 34.532939704022887 ], [ -77.518927486358209, 34.53202679123946 ], [ -77.518730234838387, 34.531897368546034 ], [ -77.504842387177234, 34.522391249919764 ], [ -77.504637218643921, 34.522244787939471 ], [ -77.474639069672605, 34.498677168101885 ], [ -77.473989312452034, 34.498115552106349 ], [ -77.473625875785885, 34.49780103098589 ], [ -77.473471935887218, 34.497667647687621 ], [ -77.466083985753656, 34.491103584351592 ], [ -77.461013762685923, 34.486483665830811 ], [ -77.461302816188706, 34.486273041073545 ], [ -77.444652355152613, 34.470761394358668 ], [ -77.420801098749607, 34.443848861024719 ], [ -77.400129026565892, 34.415244674326395 ], [ -77.382811862024582, 34.385196815672934 ], [ -77.38269584362456, 34.384968448108204 ], [ -77.367354505108977, 34.349624308968025 ], [ -77.356640769378856, 34.313160903688889 ], [ -77.350666132821715, 34.275979955618048 ], [ -77.350566914226988, 34.274943607966989 ], [ -77.349378569961999, 34.237821272650017 ], [ -77.352900891454411, 34.200796487318719 ], [ -77.361089302448775, 34.164267671820696 ], [ -77.373849333633558, 34.128627407341597 ], [ -77.391037907233368, 34.094258247725243 ], [ -77.412465116870322, 34.061528658018425 ], [ -77.427082406040597, 34.043864154829997 ], [ -77.430303804594388, 34.039572465122134 ], [ -77.430397089989512, 34.039459727803852 ], [ -77.433000661772013, 34.036364042380242 ], [ -77.434785917132572, 34.033146400053354 ], [ -77.435441736773882, 34.032106377992108 ], [ -77.447647573177548, 34.015122109490605 ], [ -77.447461027770188, 34.01503531468358 ], [ -77.449412431083331, 34.012213079668143 ], [ -77.462527501504297, 33.994459515347714 ], [ -77.466850012694451, 33.988971728326767 ], [ -77.470280377416501, 33.984383579829831 ], [ -77.480714107334876, 33.971097562785566 ], [ -77.483368428027418, 33.967498485541761 ], [ -77.483450733639202, 33.967391721709113 ], [ -77.518098016388805, 33.928487648282442 ], [ -77.5183723622918, 33.92821936239848 ], [ -77.528848087763436, 33.918345692516468 ], [ -77.528984184808479, 33.918222035764522 ], [ -77.573338052268397, 33.883213601922321 ], [ -77.573471910381102, 33.883121893553941 ], [ -77.608424095926196, 33.86151322851579 ], [ -77.608502934139068, 33.861469378888039 ], [ -77.642536061335065, 33.84434563403363 ], [ -77.664435570403867, 33.835472584670612 ], [ -77.667503993347438, 33.833525814547976 ], [ -77.69619099457762, 33.818658078611143 ], [ -77.706829778991718, 33.813105530605363 ], [ -77.747587160343059, 33.796449343156432 ], [ -77.748240924863666, 33.796216227755025 ], [ -77.792664480255468, 33.782677426945696 ], [ -77.838601229552083, 33.77317537934622 ], [ -77.841277612004831, 33.772747117919124 ], [ -77.882933708168139, 33.767780792777316 ], [ -77.883009365153242, 33.767774817374793 ], [ -77.9229801729239, 33.76613352633597 ], [ -77.96296567994483, 33.767509672116276 ], [ -78.002631942653878, 33.771891745223535 ], [ -78.041647573949675, 33.779243092336678 ], [ -78.079686400476518, 33.789502211880425 ], [ -78.116430085408112, 33.802583250362837 ], [ -78.151570699078619, 33.818376696049746 ], [ -78.184813219805747, 33.836750265162927 ], [ -78.184872122497751, 33.83678614593267 ], [ -78.223028714207373, 33.862912027931593 ], [ -78.223623470791495, 33.86336864808888 ], [ -78.25418916369631, 33.889315634290369 ], [ -78.281438252493317, 33.917654079995557 ], [ -78.289085438081301, 33.927499690936607 ], [ -78.293703391000889, 33.932880881012309 ], [ -78.294654493994301, 33.933907549914949 ], [ -78.298016820295899, 33.937852196167711 ], [ -78.297985695928915, 33.937870087519819 ], [ -78.310589881626484, 33.952550103493849 ], [ -78.332004415454676, 33.98365368267357 ], [ -78.336666211317365, 33.991286549635326 ], [ -78.351696634863075, 34.019078112384015 ], [ -78.357506332610257, 34.028523649056311 ], [ -78.373105508789564, 34.06170317931192 ], [ -78.384623056130195, 34.095985397976861 ], [ -78.391940238466304, 34.131032997412625 ], [ -78.394979281689061, 34.166500726272332 ], [ -78.393704358014674, 34.202038767522872 ], [ -78.393660045659772, 34.202496393109364 ], [ -78.393903512558381, 34.20747071070398 ], [ -78.391825234277078, 34.240262653669291 ], [ -78.390585969639702, 34.247270093038743 ], [ -78.390624279388916, 34.256766040624683 ], [ -78.38771115134665, 34.286462687212136 ], [ -78.387544732270314, 34.287574892592914 ], [ -78.387317797363664, 34.289090068734431 ], [ -78.387121445018451, 34.290002287935117 ], [ -78.385613561861234, 34.308505563415906 ], [ -78.378464942644854, 34.343443388729455 ], [ -78.367111984909002, 34.377630344466823 ] ] ] } }
]
}
