{
"type": "FeatureCollection",
"name": "noaa_anchorages",
"crs": { "type": "name", "properties": { "name": "urn:ogc:def:crs:OGC:1.3:CRS84" } },
"features": [
{ "type": "Feature", "properties": { "anchoragename": "Area A2 Part 1", "location": "Los Angeles, CA", "anchoragetype": "unrestricted", "Port": "LA_Long_Beach" }, "geometry": { "type": "Polygon", "coordinates": [ [ [ -118.265325607252095, 33.730273633022307 ], [ -118.266098296736985, 33.731546506043564 ], [ -118.267177919893228, 33.731237006362811 ], [ -118.268188550638982, 33.730961838732789 ], [ -118.268173199329098, 33.730552699687046 ], [ -118.268211400186573, 33.730297099230476 ], [ -118.26831049963377, 33.729614300176969 ], [ -118.267547599988802, 33.729812598801935 ], [ -118.267425500077096, 33.729770698566647 ], [ -118.26705170030759, 33.729877499150923 ], [ -118.266517599768889, 33.730018600274413 ], [ -118.265861500828095, 33.730205500296201 ], [ -118.265655500065449, 33.730255099868273 ], [ -118.265556300006949, 33.730300898947604 ], [ -118.265502900553187, 33.730297097736269 ], [ -118.265479999801641, 33.730281798755463 ], [ -118.265464798510408, 33.730243697721882 ], [ -118.265470344708973, 33.730233959352248 ], [ -118.265325607252095, 33.730273633022307 ] ] ] } },
{ "type": "Feature", "properties": { "anchoragename": "Area A2 Part 2", "location": "Los Angeles, CA", "anchoragetype": "unrestricted", "Port": "LA_Long_Beach" }, "geometry": { "type": "Polygon", "coordinates": [ [ [ -118.263389599474266, 33.733722699320744 ], [ -118.263390674757673, 33.733785267369839 ], [ -118.265271128023358, 33.733784202804912 ], [ -118.266319841049011, 33.732744609672913 ], [ -118.26485064460519, 33.730354003077593 ], [ -118.264333232069504, 33.730449861025591 ], [ -118.264279165167494, 33.730459473859256 ], [ -118.264312260000906, 33.730565557872985 ], [ -118.26339776875345, 33.730825272495387 ], [ -118.262993557418312, 33.730944077469083 ], [ -118.262718941537642, 33.731024792050732 ], [ -118.26269748168383, 33.731050351390941 ], [ -118.26271146126625, 33.731093789999562 ], [ -118.262776353765744, 33.731217543295493 ], [ -118.263596631502836, 33.730985153093947 ], [ -118.263919098842067, 33.730970702927308 ], [ -118.264089172383251, 33.730987206090248 ], [ -118.264444160532378, 33.731001983478386 ], [ -118.264488199540864, 33.730979899574862 ], [ -118.264602699705293, 33.73095319941072 ], [ -118.264686599657892, 33.73091509942234 ], [ -118.264762899863157, 33.730815899518298 ], [ -118.264785799716421, 33.730777699358981 ], [ -118.264831499709828, 33.730754900433098 ], [ -118.264892599522213, 33.730789197808924 ], [ -118.264907799915136, 33.730838799284918 ], [ -118.264884900061901, 33.730876897812969 ], [ -118.264755201301199, 33.730960799533854 ], [ -118.264694200303509, 33.731037099562798 ], [ -118.264701800050801, 33.731151599533781 ], [ -118.264694200303509, 33.731201198558999 ], [ -118.264617900098202, 33.731212598336931 ], [ -118.26453400014563, 33.731227897898876 ], [ -118.264358500780148, 33.731410999354381 ], [ -118.264350900134531, 33.731418599436971 ], [ -118.26392359940165, 33.731845899605176 ], [ -118.263877899408172, 33.731891599220972 ], [ -118.263832100600055, 33.731941198565551 ], [ -118.263595600236883, 33.732181499218207 ], [ -118.263412499327472, 33.732364699494042 ], [ -118.263412500225812, 33.732513398754676 ], [ -118.263397200119883, 33.732925398696899 ], [ -118.263382000625285, 33.733089399204168 ], [ -118.263389599474266, 33.733722699320744 ] ] ] } },
{ "type": "Feature", "properties": { "anchoragename": "Area B1", "location": "Los Angeles, CA", "anchoragetype": "special", "Port": "LA_Long_Beach" }, "geometry": { "type": "Polygon", "coordinates": [ [ [ -118.230567703919732, 33.731810428988631 ], [ -118.230845482768515, 33.739671540685578 ], [ -118.237678818014473, 33.740310429872622 ], [ -118.240734372774725, 33.737588207005039 ], [ -118.237123260316892, 33.729449316567155 ], [ -118.230567703919732, 33.731810428988631 ] ] ] } },
{ "type": "Feature", "properties": { "anchoragename": "Area E1", "location": "Los Angeles, CA", "anchoragetype": "special", "Port": "LA_Long_Beach" }, "geometry": { "type": "Polygon", "coordinates": [ [ [ -118.175567696675984, 33.753060434372834 ], [ -118.175567696675984, 33.747782655927132 ], [ -118.16348436077125, 33.743615989111092 ], [ -118.161123248641402, 33.74861599024463 ], [ -118.175567696675984, 33.753060434372834 ] ] ] } },
{ "type": "Feature", "properties": { "anchoragename": "Anchorage Q", "location": "Los Angeles and Long Beach harbors, CA", "anchoragetype": "general", "Port": "LA_Long_Beach" }, "geometry": { "type": "Polygon", "coordinates": [ [ [ -118.136956588510017, 33.743338160850861 ], [ -118.136928809906493, 33.727338158502484 ], [ -118.130067697853633, 33.727338159249619 ], [ -118.127762141134198, 33.724393714965707 ], [ -118.101901025713303, 33.727532605766406 ], [ -118.101821900306462, 33.72815700022722 ], [ -118.101715100500655, 33.728977199099887 ], [ -118.10157009983736, 33.729984300349336 ], [ -118.101432800431027, 33.731067699493657 ], [ -118.101280199122144, 33.732150999045828 ], [ -118.101188700320577, 33.732894899536021 ], [ -118.101097098212719, 33.733631098813781 ], [ -118.101051299404602, 33.733741798747033 ], [ -118.100822399687047, 33.73403549951562 ], [ -118.100257900159136, 33.734733598931513 ], [ -118.100067099789442, 33.734954800082448 ], [ -118.100303601050925, 33.735214198864291 ], [ -118.100471499770777, 33.735389698806671 ], [ -118.100654599781876, 33.735572798851649 ], [ -118.101081799903454, 33.735912299148431 ], [ -118.101623499291122, 33.736301398661048 ], [ -118.102073700775534, 33.736583699075354 ], [ -118.102554299452564, 33.736831699878721 ], [ -118.103149400090615, 33.737121598872555 ], [ -118.103523299573098, 33.73729709864832 ], [ -118.103752099577676, 33.737422899574717 ], [ -118.104347200215727, 33.737640398984105 ], [ -118.105217000277776, 33.737930298980373 ], [ -118.105659499606958, 33.738067599440932 ], [ -118.106102000732761, 33.738212598516817 ], [ -118.106582598511437, 33.738391898407691 ], [ -118.106819200384251, 33.738464398449239 ], [ -118.106880199585305, 33.738487199808695 ], [ -118.106597899515677, 33.738872498763932 ], [ -118.107017499889963, 33.739070898503577 ], [ -118.107421899871298, 33.739261599044092 ], [ -118.107917799552553, 33.739509598829329 ], [ -118.108223000373684, 33.739627798650567 ], [ -118.108528099685216, 33.73973849906352 ], [ -118.108795200260218, 33.739822399589038 ], [ -118.109062199325578, 33.73991779875309 ], [ -118.109390299101634, 33.740009298424873 ], [ -118.109657299963629, 33.740066499116345 ], [ -118.109916699281712, 33.740127598403674 ], [ -118.110405000113971, 33.740257299036536 ], [ -118.110626200371215, 33.740295398611522 ], [ -118.110931399395739, 33.740375498574529 ], [ -118.111335800275413, 33.740440398403848 ], [ -118.111541699528416, 33.740470898617517 ], [ -118.111663800338462, 33.740508999591597 ], [ -118.111839299703945, 33.740535699770135 ], [ -118.111991899216207, 33.740573900066998 ], [ -118.11219019962023, 33.740589099355155 ], [ -118.112434400341996, 33.740623499621393 ], [ -118.112678499554164, 33.740680698409314 ], [ -118.112968399371098, 33.740688298417751 ], [ -118.113174400133715, 33.74072269939122 ], [ -118.113388099458334, 33.740741699401802 ], [ -118.113655100320344, 33.740783699606872 ], [ -118.113983200096385, 33.740802798955215 ], [ -118.114303599513846, 33.740840898287928 ], [ -118.114768999594546, 33.740875199849 ], [ -118.115242000320876, 33.740886699933753 ], [ -118.11565249447311, 33.740892648304374 ], [ -118.115702200952725, 33.740744991441744 ], [ -118.115750444975063, 33.740557131320507 ], [ -118.115771642520826, 33.740324682750717 ], [ -118.115788441016647, 33.7400821877848 ], [ -118.115788441016647, 33.739996526066214 ], [ -118.115824268525103, 33.73974594676519 ], [ -118.115845474155705, 33.739588161427243 ], [ -118.11781769661593, 33.740004828323677 ], [ -118.120289918668291, 33.736421495155319 ], [ -118.11695658505927, 33.734671494748341 ], [ -118.117068534008297, 33.734570703474887 ], [ -118.117491170688211, 33.734096862328229 ], [ -118.117990815445864, 33.733677510924913 ], [ -118.118557576931678, 33.733321414655727 ], [ -118.11918006091453, 33.733036128676339 ], [ -118.119845570606273, 33.732827790137783 ], [ -118.120540368969515, 33.732700932089635 ], [ -118.121250000314731, 33.732658332510368 ], [ -118.121959630761609, 33.732700932089635 ], [ -118.122654430023175, 33.732827790884869 ], [ -118.123319939714904, 33.73303612792926 ], [ -118.123942421002809, 33.733321413908641 ], [ -118.124509184285259, 33.733677510924913 ], [ -118.125008829042912, 33.734096863075315 ], [ -118.125431466621137, 33.734570703474887 ], [ -118.125768859468806, 33.735089275473165 ], [ -118.126014530732718, 33.735642049380488 ], [ -118.126163819054838, 33.736217929470321 ], [ -118.126213918098216, 33.736805455733887 ], [ -118.126163886428472, 33.737392986938353 ], [ -118.12601465919181, 33.73796887768588 ], [ -118.125769039131853, 33.738521669643831 ], [ -118.12548436481498, 33.739060383491001 ], [ -118.136956588510017, 33.743338160850861 ] ] ] } },
{ "type": "Feature", "properties": { "anchoragename": "Deep Draft B7", "location": "Los Angeles and Long Beach harbors, CA", "anchoragetype": "temporary", "Port": "LA_Long_Beach" }, "geometry": { "type": "Polygon", "coordinates": [ [ [ -118.213317711251648, 33.734825722693408 ], [ -118.213356718796206, 33.734825006268629 ], [ -118.213395725442481, 33.734824290590886 ], [ -118.213434732987054, 33.734823574166036 ], [ -118.213473739633329, 33.734822858488286 ], [ -118.213512746279591, 33.734822142810543 ], [ -118.213551677467379, 33.734819994283065 ], [ -118.213590608655167, 33.734817848743795 ], [ -118.213629540741266, 33.734815700216217 ], [ -118.213668471929054, 33.73481355467684 ], [ -118.213707404015153, 33.734811406149149 ], [ -118.213746183387656, 33.73480783224209 ], [ -118.213784965455105, 33.734804259081955 ], [ -118.213823745725904, 33.734800685174605 ], [ -118.213862527793353, 33.734797112761186 ], [ -118.21390130806418, 33.734793538106473 ], [ -118.213939863756181, 33.734788545542528 ], [ -118.213978419448168, 33.734783551484114 ], [ -118.214016976038465, 33.734778557425457 ], [ -118.21405553173048, 33.734773564113581 ], [ -118.214094086524142, 33.734768570054335 ], [ -118.214132343077154, 33.73476216704988 ], [ -118.214170598731855, 33.734755763297954 ], [ -118.214208855284838, 33.734749360292547 ], [ -118.214247110939525, 33.734742956539648 ], [ -118.214285366594211, 33.734736552039152 ], [ -118.214323249448071, 33.734728751292735 ], [ -118.214361131403592, 33.734720950545558 ], [ -118.214399015155763, 33.734713147556533 ], [ -118.214436897111312, 33.734705346060927 ], [ -118.214474779066819, 33.734697545311612 ], [ -118.214512214559662, 33.734688360268365 ], [ -118.214549650950815, 33.734679176718217 ], [ -118.214587084646993, 33.734669992420017 ], [ -118.214624521038175, 33.734660808120836 ], [ -118.214661956530989, 33.734651624567739 ], [ -118.214698873695909, 33.73464107464897 ], [ -118.214735790860814, 33.734630525475907 ], [ -118.214772706229098, 33.734619976301552 ], [ -118.214809622495721, 33.734609427125896 ], [ -118.214846539660641, 33.734598877201947 ], [ -118.214882866632408, 33.734586983322743 ], [ -118.214919192705878, 33.734575089441961 ], [ -118.214955518779334, 33.734563195559467 ], [ -118.21499184485279, 33.734551302422396 ], [ -118.215028171824557, 33.734539408536612 ], [ -118.215063836737983, 33.734526192358956 ], [ -118.21509950344803, 33.734512977673411 ], [ -118.215135169259725, 33.734499761491747 ], [ -118.215170835071461, 33.734486545307988 ], [ -118.215206499984873, 33.734473330616332 ], [ -118.215241438161243, 33.734458818284303 ], [ -118.21527637364261, 33.734444305949772 ], [ -118.215311310920654, 33.734429795106919 ], [ -118.21534624730036, 33.734415283514601 ], [ -118.215381183680066, 33.734400771172702 ], [ -118.215415324152445, 33.734384991071259 ], [ -118.215449463726515, 33.734369210966868 ], [ -118.215483603300569, 33.73435343160665 ], [ -118.215517742874638, 33.734337652243468 ], [ -118.21555188334699, 33.73432187213043 ], [ -118.215585160538396, 33.734304853391329 ], [ -118.215618438628084, 33.734287836143046 ], [ -118.215651714921137, 33.734270818144267 ], [ -118.215684993010854, 33.734253801636314 ], [ -118.21571827110057, 33.734236783630784 ], [ -118.215750621230555, 33.734218560615261 ], [ -118.215782972258893, 33.73420033759588 ], [ -118.215815322388906, 33.734182116066769 ], [ -118.215847672518919, 33.73416389303965 ], [ -118.215880022648932, 33.734145670008637 ], [ -118.215911383733811, 33.734126278571829 ], [ -118.21594274481869, 33.734106886383501 ], [ -118.21597410590357, 33.734087494190838 ], [ -118.216005466988477, 33.734068101993799 ], [ -118.216036828073342, 33.73404871053939 ], [ -118.216067139925983, 33.734028186536236 ], [ -118.216097450880298, 33.734007661034013 ], [ -118.21612776273291, 33.73398713627396 ], [ -118.216158073687239, 33.733966612256083 ], [ -118.21618838553988, 33.733946088233289 ], [ -118.216217587973119, 33.733924471254063 ], [ -118.216246792203037, 33.733902853522373 ], [ -118.216275993737952, 33.733881237279334 ], [ -118.216305197967841, 33.733859619536709 ], [ -118.216334400401109, 33.733838003282784 ], [ -118.216362437719425, 33.733815335158987 ], [ -118.216390476834405, 33.73379266628212 ], [ -118.216418515051046, 33.733769998893422 ], [ -118.216446553267687, 33.733747331498741 ], [ -118.216474592382639, 33.733724663350984 ], [ -118.216501410687144, 33.733700988155228 ], [ -118.216528230788256, 33.733677312952942 ], [ -118.216555049991086, 33.733653638491191 ], [ -118.216581870092199, 33.733629963275845 ], [ -118.21660869019334, 33.733606288054006 ], [ -118.216634239178319, 33.733581651353113 ], [ -118.216659788163327, 33.733557015392286 ], [ -118.216685336249995, 33.733532377930167 ], [ -118.216710885235003, 33.733507741955187 ], [ -118.216736434219982, 33.733483105973079 ], [ -118.216760662681537, 33.733457554828185 ], [ -118.216784892041346, 33.733432005169782 ], [ -118.216809119604576, 33.733406454756754 ], [ -118.2168333489644, 33.733380904336059 ], [ -118.216857578324237, 33.733355353907747 ], [ -118.21688044044825, 33.733328939115339 ], [ -118.216903303470531, 33.733302525061809 ], [ -118.216926164696204, 33.733276108758972 ], [ -118.216949027718499, 33.733249693942099 ], [ -118.216971889842497, 33.733223279864191 ], [ -118.216993340713145, 33.733196050726733 ], [ -118.217014792482146, 33.73316882307482 ], [ -118.217036244251133, 33.733141593920088 ], [ -118.217057695121795, 33.733114366250817 ], [ -118.217079145992443, 33.733087137078812 ], [ -118.217099146083953, 33.733059148128596 ], [ -118.21711914527711, 33.733031159169244 ], [ -118.217139145368577, 33.733003168706659 ], [ -118.217159142765141, 33.732975179729046 ], [ -118.217179142856608, 33.732947190742294 ], [ -118.21719765174474, 33.732918495017621 ], [ -118.217216159734534, 33.732889797789198 ], [ -118.217234667724327, 33.732861102045334 ], [ -118.21725317571412, 33.732832404797769 ], [ -118.217271685500563, 33.732803709034712 ], [ -118.217288667252703, 33.732774360321201 ], [ -118.2173056490048, 33.732745012344807 ], [ -118.217322629858643, 33.732715665105403 ], [ -118.217339612509065, 33.732686317108879 ], [ -118.217356594261204, 33.732656969102308 ], [ -118.217372017436318, 33.73262702566845 ], [ -118.217387438814811, 33.732597082971189 ], [ -118.21740286198991, 33.732567141010549 ], [ -118.217418284266728, 33.732537198292377 ], [ -118.217433707441828, 33.732507254816674 ], [ -118.217447539700601, 33.732476774931094 ], [ -118.217461373755953, 33.732446295034649 ], [ -118.217475206913036, 33.732415815127418 ], [ -118.217489041866699, 33.732385335209372 ], [ -118.217502875023769, 33.732354855280434 ], [ -118.217515093009951, 33.732323897212197 ], [ -118.217527310097807, 33.732292939132797 ], [ -118.217539528083989, 33.732261981042221 ], [ -118.21755174517186, 33.732231022193389 ], [ -118.217563963158042, 33.732200064827566 ], [ -118.217574541718818, 33.73216868759318 ], [ -118.217585120279608, 33.732137311094412 ], [ -118.217595698840384, 33.732105934584176 ], [ -118.217606276502863, 33.732074558062514 ], [ -118.217616855063639, 33.732043180782242 ], [ -118.217625774436101, 33.732011445639891 ], [ -118.217634692011941, 33.731979711232896 ], [ -118.217643611384403, 33.731947976814155 ], [ -118.217652528960215, 33.731916241636647 ], [ -118.217661448332649, 33.731884507941487 ], [ -118.217668688753861, 33.731852476896869 ], [ -118.21767593097168, 33.731820445093149 ], [ -118.217683172291174, 33.731788412530435 ], [ -118.217690415407304, 33.731756382196977 ], [ -118.217697655828488, 33.731724351104475 ], [ -118.217703205620339, 33.731692084669447 ], [ -118.217708758107108, 33.731659818222212 ], [ -118.21771430789893, 33.731627552510005 ], [ -118.217719860385699, 33.731595286038562 ], [ -118.217725410177522, 33.73156301955494 ], [ -118.217729259458537, 33.73153058048316 ], [ -118.217733107841198, 33.731498142893194 ], [ -118.217736958020495, 33.731465703796886 ], [ -118.217740807301482, 33.731433264688256 ], [ -118.217744654785832, 33.73140082706157 ], [ -118.217746796369482, 33.731368278107034 ], [ -118.217748936156497, 33.731335729140199 ], [ -118.217751075943482, 33.731303180161035 ], [ -118.217753215730525, 33.731270631169451 ], [ -118.217755356415836, 33.731238082165589 ], [ -118.217755783115592, 33.731205486830071 ], [ -118.217756209815349, 33.731172889987967 ], [ -118.217756635616809, 33.731140294627686 ], [ -118.217757063214876, 33.73110769850792 ], [ -118.217757489914632, 33.731075103122812 ], [ -118.217756202628848, 33.73104252266716 ], [ -118.217754916241361, 33.731009943693216 ], [ -118.217753628955549, 33.730977362465715 ], [ -118.217752341669751, 33.730944782719988 ], [ -118.217751055282278, 33.730912202961896 ], [ -118.217748055807519, 33.730879701635693 ], [ -118.21774505812941, 33.730847199550098 ], [ -118.217742057756382, 33.730814698946389 ], [ -118.217739060078245, 33.730782196836159 ], [ -118.217736060603542, 33.730749695460723 ], [ -118.217731357024704, 33.730717336020049 ], [ -118.217726652547569, 33.730684975820068 ], [ -118.21772194896873, 33.730652615607937 ], [ -118.217717243593299, 33.730620256877707 ], [ -118.21771254001446, 33.730587896641175 ], [ -118.217706138619732, 33.730555741095316 ], [ -118.217699738123343, 33.730523584790433 ], [ -118.217693336728615, 33.730491427726328 ], [ -118.217686936232226, 33.73045927139728 ], [ -118.217680534837498, 33.730427115803288 ], [ -118.217672449999938, 33.730395225415087 ], [ -118.217664365162406, 33.730363335762149 ], [ -118.217656280324817, 33.730331445350316 ], [ -118.217648194588946, 33.730299555673675 ], [ -118.2176401097514, 33.730267665985181 ], [ -118.217630355844065, 33.73023610276487 ], [ -118.217620602835012, 33.73020454102722 ], [ -118.217610848029352, 33.730172977036631 ], [ -118.217601095020299, 33.730141414528596 ], [ -118.21759134111295, 33.730109852009008 ], [ -118.217579937000409, 33.730078677967342 ], [ -118.217568532887896, 33.730047503914335 ], [ -118.217557129673665, 33.730016329850088 ], [ -118.217545725561152, 33.729985155027336 ], [ -118.217534321448611, 33.729953980940422 ], [ -118.217521290487099, 33.729923254353054 ], [ -118.217508258627277, 33.729892529996022 ], [ -118.217495228564061, 33.729861803386655 ], [ -118.217482197602564, 33.72983107900761 ], [ -118.217469165742742, 33.729800352376245 ], [ -118.21745453218675, 33.729770134507611 ], [ -118.217439897732447, 33.729739916628404 ], [ -118.217425264176484, 33.729709699485596 ], [ -118.217410629722181, 33.729679481585102 ], [ -118.217395996166189, 33.729649263673906 ], [ -118.217379787863536, 33.729619612800548 ], [ -118.217363578662543, 33.729589961916908 ], [ -118.217347371258199, 33.729560309528786 ], [ -118.217331162955517, 33.729530657877575 ], [ -118.217314953754553, 33.729501006963197 ], [ -118.217297203044524, 33.729471978373333 ], [ -118.217279450537859, 33.729442950520834 ], [ -118.217261700726183, 33.729413922658516 ], [ -118.21724394911783, 33.729384894786314 ], [ -118.217226197509518, 33.729355866904349 ], [ -118.217206937629825, 33.729327518875266 ], [ -118.217187677750118, 33.729299169342596 ], [ -118.217168416972143, 33.729270820547669 ], [ -118.217149157092422, 33.729242472490498 ], [ -118.217129897212772, 33.729214123676861 ], [ -118.217109164994312, 33.729186509256202 ], [ -118.217088432775867, 33.729158895573804 ], [ -118.217067701455747, 33.729131281882452 ], [ -118.217046970135613, 33.729103666688033 ], [ -118.217026237917167, 33.729076052978968 ], [ -118.217004073784167, 33.729049226708931 ], [ -118.216981910549464, 33.72902239968338 ], [ -118.216959746416478, 33.728995571902381 ], [ -118.216937584080085, 33.72896874560719 ], [ -118.2169154199471, 33.728941918556487 ], [ -118.216891867916985, 33.728915930496846 ], [ -118.216868315886842, 33.728889943923569 ], [ -118.216844763856713, 33.72886395584819 ], [ -118.216821211826613, 33.728837968512053 ], [ -118.216797659796484, 33.728811980420936 ], [ -118.21677276478502, 33.728786882872988 ], [ -118.216747868875231, 33.728761783823522 ], [ -118.216722972965457, 33.728736686260895 ], [ -118.216698077953964, 33.72871158794387 ], [ -118.216673182044204, 33.728686489619506 ], [ -118.216646990763763, 33.728662329654995 ], [ -118.216620799483351, 33.728638169683705 ], [ -118.216594609999561, 33.728614009705595 ], [ -118.216568419617445, 33.728589849720677 ], [ -118.216542227438708, 33.728565689729024 ], [ -118.216514791991628, 33.728542513672714 ], [ -118.216487356544533, 33.728519338357209 ], [ -118.216459921995749, 33.72849616228838 ], [ -118.21643248565033, 33.728472986213291 ], [ -118.216405049304939, 33.728449811626184 ], [ -118.216376422691766, 33.72842766430864 ], [ -118.216347795180297, 33.728405518479633 ], [ -118.216319167668843, 33.728383371897749 ], [ -118.216290540157345, 33.728361224563123 ], [ -118.216261913544201, 33.728339078716914 ], [ -118.216232149663881, 33.72831800347462 ], [ -118.216202385783561, 33.728296929721402 ], [ -118.216172621903269, 33.728275854468762 ], [ -118.216142858921273, 33.728254780705186 ], [ -118.216113094142656, 33.728233706936386 ], [ -118.2160822513857, 33.728213744864505 ], [ -118.216051408628744, 33.728193782787933 ], [ -118.216020565871759, 33.728173820706758 ], [ -118.215989723114802, 33.728153858620892 ], [ -118.215958880357832, 33.728133897277566 ], [ -118.215927017114694, 33.728115086482681 ], [ -118.215895155668207, 33.728096276430811 ], [ -118.215863292425084, 33.728077465627749 ], [ -118.215831430080286, 33.728058655567622 ], [ -118.215799567735445, 33.728039844756317 ], [ -118.215766747786546, 33.728022222598028 ], [ -118.215733927837647, 33.728004599689001 ], [ -118.215701106092084, 33.7279869752821 ], [ -118.215668286143199, 33.727969352365889 ], [ -118.215635465295975, 33.727951729446012 ], [ -118.215601750625055, 33.727935327306803 ], [ -118.215568035055796, 33.72791892665866 ], [ -118.215534320384876, 33.727902524513183 ], [ -118.215500605713927, 33.727886123858831 ], [ -118.215466890144697, 33.727869721707087 ], [ -118.215432346328768, 33.727854573210649 ], [ -118.215397801614529, 33.72783942471159 ], [ -118.215363255103654, 33.727824276209859 ], [ -118.215328711287697, 33.727809127705399 ], [ -118.215294166573457, 33.727793979198324 ], [ -118.215258858291207, 33.72778011348565 ], [ -118.215223550907268, 33.72776624851781 ], [ -118.215188243523343, 33.727752381306395 ], [ -118.215152936139418, 33.727738515586985 ], [ -118.215117628755493, 33.72772465061243 ], [ -118.21508162517722, 33.727712093835699 ], [ -118.215045623395582, 33.727699536309949 ], [ -118.215009621613945, 33.727686979529537 ], [ -118.214973618933982, 33.727674422747292 ], [ -118.214937616254048, 33.727661866710285 ], [ -118.214900989244953, 33.727650642780148 ], [ -118.214864361337575, 33.727639418848533 ], [ -118.214827732531845, 33.727628195662582 ], [ -118.21479110552275, 33.727616971728089 ], [ -118.214754477615358, 33.727605748539204 ], [ -118.214717295447443, 33.727595880618964 ], [ -118.214680112381217, 33.72758601269765 ], [ -118.214642931111584, 33.727576143280999 ], [ -118.214605748045358, 33.727566275357368 ], [ -118.214568564979118, 33.727556407432651 ], [ -118.214530900415866, 33.727547913455652 ], [ -118.214493234056008, 33.727539418730728 ], [ -118.21445557039111, 33.727530924752038 ], [ -118.214417904929547, 33.72752242927826 ], [ -118.214380239468028, 33.727513935297907 ], [ -118.214342164374699, 33.72750683170279 ], [ -118.21430408928137, 33.727499728854227 ], [ -118.214266014188041, 33.727492625258016 ], [ -118.214227938196402, 33.727485521661137 ], [ -118.214189863103101, 33.727478417316547 ], [ -118.214151451141561, 33.72747271755334 ], [ -118.214113039179978, 33.727467018536828 ], [ -118.214074627218466, 33.727461319519932 ], [ -118.214036215256911, 33.727455619755531 ], [ -118.213997803295371, 33.727449919243689 ], [ -118.213959129025739, 33.727445635267621 ], [ -118.213920454756149, 33.727441351291404 ], [ -118.213881780486517, 33.727437067314973 ], [ -118.213843105318603, 33.72743278333833 ], [ -118.213804431048999, 33.727428498614337 ], [ -118.213765569031466, 33.727425638644966 ], [ -118.213726706115651, 33.72742277792841 ], [ -118.213687844996485, 33.727419916464648 ], [ -118.213648982080656, 33.727417055747914 ], [ -118.213610120063137, 33.727414194284009 ], [ -118.213571143959584, 33.727412763551996 ], [ -118.213532169652666, 33.72741133132569 ], [ -118.213493194447452, 33.727409899846556 ], [ -118.213454219242223, 33.727408467620201 ], [ -118.21341524403698, 33.727407035393881 ], [ -118.213376230204204, 33.727407035393881 ], [ -118.213337218168022, 33.727407036888088 ], [ -118.213298205233542, 33.727407035393881 ], [ -118.213259193197388, 33.727407035393881 ], [ -118.213220179364612, 33.727407036888088 ], [ -118.213181204159383, 33.727408467620201 ], [ -118.21314222895414, 33.727409899846556 ], [ -118.213103252850587, 33.72741133132569 ], [ -118.213064277645373, 33.727412763551996 ], [ -118.213025303338455, 33.727414194284009 ], [ -118.212986441320936, 33.727417055747914 ], [ -118.21294757930346, 33.727419916464648 ], [ -118.212908714590995, 33.727422776434217 ], [ -118.212869852573476, 33.727425637897888 ], [ -118.212830990555958, 33.727428498614337 ], [ -118.212792316286368, 33.72743278333833 ], [ -118.212753642016736, 33.727437067314973 ], [ -118.212714966848822, 33.727441352038532 ], [ -118.212676292579189, 33.727445636014757 ], [ -118.2126376183096, 33.727449919990761 ], [ -118.212599205449735, 33.727455619755531 ], [ -118.212560795284816, 33.727461318772804 ], [ -118.212522381526639, 33.727467018536828 ], [ -118.21248397046341, 33.727472719047547 ], [ -118.212445558501869, 33.727478418063676 ], [ -118.212407483408541, 33.727485521661137 ], [ -118.212369409213551, 33.727492626005088 ], [ -118.212331331425275, 33.727499728854227 ], [ -118.212293257230272, 33.727506832449926 ], [ -118.212255182136943, 33.727513936045028 ], [ -118.212217516675395, 33.727522430025388 ], [ -118.212179852112158, 33.727530924752038 ], [ -118.212142186650624, 33.727539418730728 ], [ -118.212104522087387, 33.727547913455652 ], [ -118.212066855727528, 33.727556407432651 ], [ -118.212029673559584, 33.727566275357368 ], [ -118.211992491391669, 33.727576144775206 ], [ -118.211955310122065, 33.72758601269765 ], [ -118.211918127055824, 33.727595880618964 ], [ -118.211880944887895, 33.727605748539204 ], [ -118.211844317878814, 33.727616971728089 ], [ -118.211807689971437, 33.727628195662582 ], [ -118.211771062064031, 33.727639418848533 ], [ -118.211734434156639, 33.727650642780148 ], [ -118.211697807147544, 33.727661865963164 ], [ -118.211661804467596, 33.727674422000163 ], [ -118.211625800889323, 33.727686978782408 ], [ -118.211589799107699, 33.727699537057077 ], [ -118.211553795529397, 33.727712093835699 ], [ -118.211517793747774, 33.727724649865301 ], [ -118.211482485465524, 33.727738515586985 ], [ -118.211447178979938, 33.727752382053517 ], [ -118.211411870697688, 33.727766247770667 ], [ -118.211376563313763, 33.72778011348565 ], [ -118.211341255929824, 33.72779397994546 ], [ -118.211306710317274, 33.727809127705399 ], [ -118.211272166501317, 33.727824276956945 ], [ -118.211237621787078, 33.72783942471159 ], [ -118.211203077971149, 33.727854573957785 ], [ -118.211168532358556, 33.727869721707087 ], [ -118.211134817687636, 33.727886123858831 ], [ -118.211101103016716, 33.727902524513183 ], [ -118.211067386549161, 33.72791892665866 ], [ -118.211033671878212, 33.727935328053867 ], [ -118.210999956308981, 33.727951730193134 ], [ -118.210967135461757, 33.727969353112961 ], [ -118.210934315512858, 33.727986976029236 ], [ -118.210901495563959, 33.728004598941872 ], [ -118.210868675615046, 33.728022221850907 ], [ -118.210835854767822, 33.728039844756317 ], [ -118.210803991524685, 33.728058655567622 ], [ -118.210772130976508, 33.728077465627749 ], [ -118.210740267733385, 33.72809627717794 ], [ -118.210708405388587, 33.72811508722981 ], [ -118.210676543942071, 33.728133898024687 ], [ -118.210645700286804, 33.728153858620892 ], [ -118.210614856631494, 33.728173820706758 ], [ -118.210584014772849, 33.728193783535055 ], [ -118.210553170219256, 33.728213744864505 ], [ -118.2105223274623, 33.728233706936386 ], [ -118.210492564480319, 33.728254780705186 ], [ -118.210462800600013, 33.728275855215884 ], [ -118.210433036719692, 33.728296931215588 ], [ -118.2104032728394, 33.72831800496887 ], [ -118.21037350895908, 33.728339078716914 ], [ -118.210344881447583, 33.728361224563123 ], [ -118.210316254834467, 33.728383371897749 ], [ -118.21028762732297, 33.728405519226705 ], [ -118.210258999811487, 33.728427665055769 ], [ -118.210230372300018, 33.728449811626184 ], [ -118.210202936852923, 33.728472986960405 ], [ -118.210175500507503, 33.72849616228838 ], [ -118.210148066857059, 33.728519339104324 ], [ -118.210120630511653, 33.728542513672714 ], [ -118.210093194166262, 33.728565688981909 ], [ -118.210067004682443, 33.728589849720677 ], [ -118.210040813402031, 33.728614009705595 ], [ -118.210014621223294, 33.728638169683705 ], [ -118.20998843173949, 33.728662331149188 ], [ -118.209962240459063, 33.728686491113692 ], [ -118.209937345447599, 33.728711588690992 ], [ -118.209912449537825, 33.728736687008016 ], [ -118.209887554526333, 33.728761785317758 ], [ -118.209862657718233, 33.728786882872988 ], [ -118.209837762706769, 33.72881198116805 ], [ -118.209814211574979, 33.728837967764939 ], [ -118.209790658646554, 33.72886395584819 ], [ -118.209767106616439, 33.728889943176448 ], [ -118.209743553687986, 33.728915931243968 ], [ -118.209720002556182, 33.728941919303601 ], [ -118.209697838423196, 33.728968744860076 ], [ -118.209675675188493, 33.728995571902381 ], [ -118.2096535128521, 33.72902239968338 ], [ -118.209631349617425, 33.729049225961816 ], [ -118.209609185484439, 33.729076052978968 ], [ -118.20958845326598, 33.729103666688033 ], [ -118.209567721047534, 33.729131281135338 ], [ -118.209546990625725, 33.729158896320861 ], [ -118.20952625840728, 33.729186510003323 ], [ -118.209505525290538, 33.729214123676861 ], [ -118.209486265410831, 33.729242473237612 ], [ -118.209467005531138, 33.72927082129479 ], [ -118.20944774565146, 33.729299170089718 ], [ -118.209428485771767, 33.729327518875266 ], [ -118.20940922589206, 33.729355866904349 ], [ -118.209391473385423, 33.729384894786314 ], [ -118.209373722675394, 33.729413923405623 ], [ -118.209355971067069, 33.729442951267941 ], [ -118.209338219458758, 33.729471979120454 ], [ -118.209320468748729, 33.729501006963197 ], [ -118.209304259547736, 33.729530659371747 ], [ -118.209288052143364, 33.7295603102759 ], [ -118.20927184384071, 33.729589961169786 ], [ -118.209255635538057, 33.729619612053447 ], [ -118.209239427235374, 33.72964926442102 ], [ -118.209224793679411, 33.729679482332216 ], [ -118.209210158326798, 33.729709700232711 ], [ -118.209195525669116, 33.729739918122561 ], [ -118.209180890316532, 33.729770135254725 ], [ -118.20916625676054, 33.729800353870409 ], [ -118.209153224900717, 33.72983107900761 ], [ -118.209140194837531, 33.729861804880819 ], [ -118.209127162079369, 33.729892529996022 ], [ -118.209114131117857, 33.729923255847282 ], [ -118.209101100156332, 33.729953980940422 ], [ -118.209089697840454, 33.72998515652155 ], [ -118.209078292829588, 33.730016329102973 ], [ -118.209066889615386, 33.730047503914335 ], [ -118.209055485502873, 33.730078677967342 ], [ -118.209044082288642, 33.730109852009008 ], [ -118.209034329279589, 33.730141415275703 ], [ -118.20902457537224, 33.730172977036631 ], [ -118.209014820566594, 33.730204540280106 ], [ -118.209005067557527, 33.73023610201782 ], [ -118.208995313650192, 33.730267665238074 ], [ -118.208987228812632, 33.730299556420725 ], [ -118.208979143076746, 33.730331445350316 ], [ -118.208971057340904, 33.730363336509271 ], [ -118.208962972503315, 33.730395225415087 ], [ -118.208954887665769, 33.730427116550395 ], [ -118.208948487169366, 33.730459272144387 ], [ -118.208942086672948, 33.730491428473435 ], [ -118.208935684379938, 33.730523584043326 ], [ -118.208929283883521, 33.730555740348265 ], [ -118.208922883387146, 33.730587895894068 ], [ -118.208918178909983, 33.730620256130656 ], [ -118.208913474432833, 33.730652616354988 ], [ -118.208908770854023, 33.730684976567183 ], [ -118.208904066376874, 33.730717336020049 ], [ -118.208899361899739, 33.730749696207823 ], [ -118.208896362425008, 33.730782198330367 ], [ -118.208893363848588, 33.730814698946389 ], [ -118.208890365272168, 33.730847200297198 ], [ -118.208887366695748, 33.730879701635693 ], [ -118.208884367221032, 33.730912202961896 ], [ -118.20888308083353, 33.730944783467031 ], [ -118.208881794446043, 33.730977363212766 ], [ -118.208880506261934, 33.731009942946116 ], [ -118.208879220772758, 33.731042523414203 ], [ -118.208877932588635, 33.731075103122812 ], [ -118.208878359288391, 33.731107699254963 ], [ -118.208878786886473, 33.731140295374729 ], [ -118.208879212687904, 33.73117289148211 ], [ -118.208879640286, 33.731205487577114 ], [ -118.208880066985756, 33.731238083659782 ], [ -118.208882206772756, 33.731270632663644 ], [ -118.208884346559771, 33.731303180161035 ], [ -118.208886487245067, 33.731335729140199 ], [ -118.208888627930406, 33.731368278107034 ], [ -118.208890767717421, 33.731400826314477 ], [ -118.208894616998393, 33.731433265435363 ], [ -118.208898465381068, 33.731465704543936 ], [ -118.208902314662083, 33.731498143640287 ], [ -118.20890616484138, 33.731530581230196 ], [ -118.20891001322407, 33.731563020302033 ], [ -118.208915564812528, 33.731595286038562 ], [ -118.208921114604351, 33.731627553257098 ], [ -118.208926665294484, 33.731659819716405 ], [ -118.208932215984618, 33.731692085416483 ], [ -118.208937766674765, 33.731724351104475 ], [ -118.20894500889257, 33.731756382196977 ], [ -118.208952250212107, 33.731788414024571 ], [ -118.208959491531601, 33.731820445093149 ], [ -118.208966733749421, 33.731852477643905 ], [ -118.20897397596724, 33.73188450868858 ], [ -118.208982893543066, 33.731916242383683 ], [ -118.208991812915528, 33.731947977561248 ], [ -118.20900073049134, 33.731979711232896 ], [ -118.209009649863802, 33.732011446386977 ], [ -118.209018567439614, 33.732043181529328 ], [ -118.209029146898729, 33.732074557315421 ], [ -118.20903972456118, 33.732105934584176 ], [ -118.209050304020295, 33.732137311094412 ], [ -118.209060880784463, 33.73216868834028 ], [ -118.209071459345239, 33.73220006408048 ], [ -118.209083677331421, 33.732231023687568 ], [ -118.209095895317603, 33.732261981042221 ], [ -118.209108112405445, 33.732292939132797 ], [ -118.209120331289967, 33.732323897212197 ], [ -118.209132548377823, 33.732354855280434 ], [ -118.209146382433204, 33.732385335209372 ], [ -118.209160215590273, 33.732415815127418 ], [ -118.209174049645625, 33.732446295781742 ], [ -118.209187882802681, 33.732476775678187 ], [ -118.209201716858061, 33.732507255563753 ], [ -118.209217140033161, 33.732537198292377 ], [ -118.209232561411653, 33.732567141757634 ], [ -118.209247983688471, 33.732597084465297 ], [ -118.209263405965245, 33.732627027162565 ], [ -118.209278829140374, 33.73265697059648 ], [ -118.209295810892499, 33.732686317108879 ], [ -118.209312792644639, 33.732715666599525 ], [ -118.209329774396764, 33.732745013091844 ], [ -118.209346756148889, 33.732774361815373 ], [ -118.20936373879934, 33.732803708287619 ], [ -118.209382246789133, 33.732832404797769 ], [ -118.209400754778926, 33.732861101298248 ], [ -118.209419263667058, 33.732889798536284 ], [ -118.209437771656852, 33.732918494270542 ], [ -118.209456280544956, 33.732947190742294 ], [ -118.209476279738141, 33.732975179729046 ], [ -118.209496278931297, 33.733003169453731 ], [ -118.209516279022779, 33.733031158422165 ], [ -118.209536278215964, 33.733059148128596 ], [ -118.209556276510838, 33.733087137825898 ], [ -118.209577729178093, 33.733114366250817 ], [ -118.209599180048798, 33.73314159466711 ], [ -118.20962063091946, 33.733168823821842 ], [ -118.209642081790136, 33.733196051473818 ], [ -118.209663532660784, 33.733223279117105 ], [ -118.209686395683093, 33.733249694689178 ], [ -118.209709258705388, 33.733276109506001 ], [ -118.209732119931061, 33.73330252431473 ], [ -118.209754982953342, 33.733328939862417 ], [ -118.209777845975651, 33.733355353160732 ], [ -118.209802073538853, 33.733380904336059 ], [ -118.209826302898691, 33.733406454756754 ], [ -118.209850533156853, 33.73343200442271 ], [ -118.209874760720069, 33.733457555575264 ], [ -118.209898990079907, 33.733483105226007 ], [ -118.209924539064914, 33.733507742702265 ], [ -118.209950087151611, 33.733532378677253 ], [ -118.209975637034901, 33.733557015392286 ], [ -118.210001186019909, 33.733581651353113 ], [ -118.210026735004888, 33.73360628880102 ], [ -118.21005355420769, 33.733629963275845 ], [ -118.210080372512195, 33.733653638491191 ], [ -118.210107192613307, 33.733677313700014 ], [ -118.210134010917798, 33.733700988155228 ], [ -118.210160831018939, 33.733724663350984 ], [ -118.21018886923558, 33.733747331498741 ], [ -118.210216908350546, 33.733769999640508 ], [ -118.210244945668876, 33.733792667776271 ], [ -118.210272984783828, 33.733815335158987 ], [ -118.210301023000497, 33.733838003282784 ], [ -118.210330226332061, 33.733859620283788 ], [ -118.21035942786699, 33.733881237279334 ], [ -118.210388632096908, 33.733902854269452 ], [ -118.210417835428458, 33.733924471254063 ], [ -118.210447037861712, 33.733946088233289 ], [ -118.210477348816042, 33.733966612256083 ], [ -118.210507660668682, 33.733987137768111 ], [ -118.210537971622983, 33.734007661781092 ], [ -118.210568283475624, 33.734028186536236 ], [ -118.210598595328264, 33.73404871053939 ], [ -118.210629956413115, 33.734068102740821 ], [ -118.210661317498023, 33.734087494190838 ], [ -118.210692677684591, 33.734106886383501 ], [ -118.21072403876947, 33.734126278571829 ], [ -118.210755400752674, 33.734145670755723 ], [ -118.210787750882687, 33.734163893786707 ], [ -118.210820101012672, 33.734182115319697 ], [ -118.210852452939335, 33.734200338342951 ], [ -118.210884803069348, 33.734218560615261 ], [ -118.210917153199361, 33.734236783630784 ], [ -118.210950430390739, 33.734253800889242 ], [ -118.210983708480455, 33.734270818891339 ], [ -118.211016984773508, 33.734287836890125 ], [ -118.21105026286321, 33.734304854885472 ], [ -118.211083540054574, 33.734321871383351 ], [ -118.211117678730332, 33.734337651496446 ], [ -118.211151820101037, 33.73435343160665 ], [ -118.211185958776767, 33.73436921171389 ], [ -118.211220099249147, 33.734384991818274 ], [ -118.211254238823187, 33.734400771172702 ], [ -118.211289176101218, 33.734415283514601 ], [ -118.211324113379263, 33.734429794359905 ], [ -118.211359047962333, 33.734444307443908 ], [ -118.211393985240363, 33.734458818284303 ], [ -118.211428922518408, 33.734473330616332 ], [ -118.211464588330131, 33.734486546802124 ], [ -118.211500254141839, 33.734499762238812 ], [ -118.211535919953576, 33.734512977673411 ], [ -118.211571586663624, 33.7345261938531 ], [ -118.211607252475346, 33.734539408536612 ], [ -118.211643579447127, 33.734551302422396 ], [ -118.211679905520583, 33.734563195559467 ], [ -118.211716231594011, 33.734575090188976 ], [ -118.211752557667467, 33.734586984816886 ], [ -118.211788884639276, 33.734598877201947 ], [ -118.21182580000756, 33.734609427872975 ], [ -118.211862717172465, 33.734619976301552 ], [ -118.211899633439074, 33.734630525475907 ], [ -118.211936549705669, 33.73464107464897 ], [ -118.211973465972264, 33.734651624567739 ], [ -118.212010901465106, 33.734660808867901 ], [ -118.21204833875457, 33.734669992420017 ], [ -118.212085773349102, 33.734679176718217 ], [ -118.212123209740227, 33.734688360268365 ], [ -118.212160644334773, 33.734697544564604 ], [ -118.212198527188605, 33.734705346807992 ], [ -118.212236409144154, 33.734713147556533 ], [ -118.212274291099661, 33.734720949798493 ], [ -118.21231217305521, 33.734728750545663 ], [ -118.212350056807381, 33.734736552786217 ], [ -118.212388311563728, 33.734742956539648 ], [ -118.212426568116754, 33.734749360292547 ], [ -118.212464823771441, 33.734755764792027 ], [ -118.212503080324424, 33.734762167796966 ], [ -118.212541335080815, 33.734768571548408 ], [ -118.212579891671112, 33.734773564860639 ], [ -118.212618446464816, 33.734778558172522 ], [ -118.212657003055114, 33.734783552231178 ], [ -118.212695559645411, 33.734788545542528 ], [ -118.212734114439101, 33.734793539600595 ], [ -118.212772895608239, 33.734797112761186 ], [ -118.21281167767566, 33.734800686668684 ], [ -118.212850457048177, 33.734804259828969 ], [ -118.212889238217315, 33.734807833736227 ], [ -118.212928020284735, 33.734811407643285 ], [ -118.212966951472552, 33.73481355467684 ], [ -118.213005882660326, 33.734815701710339 ], [ -118.213044814746411, 33.734817848743795 ], [ -118.213083745934213, 33.734819995777194 ], [ -118.213122677121973, 33.734822142810543 ], [ -118.213161684666559, 33.734822858488286 ], [ -118.21320069041451, 33.734823574166036 ], [ -118.213239697959096, 33.734824290590886 ], [ -118.213278704605358, 33.734825006268629 ], [ -118.213317711251648, 33.734825722693408 ] ] ] } },
{ "type": "Feature", "properties": { "anchoragename": "Explosives anchorage", "location": "Los Angeles and Long Beach harbors, CA", "anchoragetype": "explosives", "Port": "LA_Long_Beach" }, "geometry": { "type": "Polygon", "coordinates": [ [ [ -118.132637270333362, 33.726943012972299 ], [ -118.13268351470586, 33.728048030874035 ], [ -118.132822520911233, 33.729147709194578 ], [ -118.133053654738902, 33.730236713140684 ], [ -118.133375862465002, 33.731309748529263 ], [ -118.133787663665984, 33.732361583442348 ], [ -118.134287157506648, 33.733387062405733 ], [ -118.134872025435328, 33.734381138493823 ], [ -118.135539536573489, 33.735338889741136 ], [ -118.136286548614336, 33.736255540780029 ], [ -118.137109522195544, 33.737126488957067 ], [ -118.138004523594617, 33.737947331193737 ], [ -118.138967239999729, 33.738713883374125 ], [ -118.139992998374922, 33.739422208695601 ], [ -118.141076774442681, 33.740068643030355 ], [ -118.142213221430552, 33.740649817298582 ], [ -118.143396690731947, 33.741162679095446 ], [ -118.144621257957567, 33.741604521789398 ], [ -118.145880758867946, 33.741972997188796 ], [ -118.147168816322946, 33.74226613568144 ], [ -118.148478883400699, 33.742482368619491 ], [ -118.149804272143925, 33.742620530539099 ], [ -118.151138203865514, 33.742679874832035 ], [ -118.152473847776022, 33.742660084939786 ], [ -118.153804361407964, 33.742561263891808 ], [ -118.155122930141545, 33.742383948499423 ], [ -118.156422820205464, 33.74212909143565 ], [ -118.157697409219381, 33.741798063488972 ], [ -118.158940227516638, 33.741392634160029 ], [ -118.160145002161627, 33.740914964214781 ], [ -118.161305685695837, 33.740367586289914 ], [ -118.16241648398568, 33.739753379525972 ], [ -118.163471899341616, 33.73907555839574 ], [ -118.164466743094593, 33.738337645848162 ], [ -118.165396166138677, 33.737543440476145 ], [ -118.166255667016003, 33.736697008337046 ], [ -118.167041126950977, 33.735802644891123 ], [ -118.167748807155391, 33.734864857855918 ], [ -118.168375363201477, 33.733888338105565 ], [ -118.168917860293121, 33.732877935050098 ], [ -118.169373772367791, 33.731838640228894 ], [ -118.169740987486264, 33.73077555670698 ], [ -118.1700178168158, 33.729693878178104 ], [ -118.170202991935227, 33.728598871800109 ], [ -118.170295669326435, 33.727495855048396 ], [ -118.17029542857793, 33.726390174059148 ], [ -118.170202273282968, 33.725287184955839 ], [ -118.170016634632887, 33.724192235918402 ], [ -118.169739365128862, 33.723110637293217 ], [ -118.169371741276919, 33.722047660836658 ], [ -118.168915463587936, 33.721008493378292 ], [ -118.168372646696056, 33.719998240538423 ], [ -118.167745823850339, 33.719021884864965 ], [ -118.167037937033427, 33.718084278335901 ], [ -118.166252333367993, 33.717190104971067 ], [ -118.165392753438923, 33.716343868845016 ], [ -118.164463321411688, 33.715549862670507 ], [ -118.163468536947519, 33.714812146093479 ], [ -118.162413247355701, 33.71413451800899 ], [ -118.161302636813744, 33.713520495601593 ], [ -118.160142206604462, 33.712973286660954 ], [ -118.158937738284976, 33.712495771612716 ], [ -118.15769527572057, 33.712090478078203 ], [ -118.156421086456959, 33.711759562163046 ], [ -118.155121631177664, 33.71150479423175 ], [ -118.153803520584844, 33.711327540203321 ], [ -118.152473484856642, 33.711228755555375 ], [ -118.151138325138078, 33.711208972607523 ], [ -118.149804874015146, 33.711268296030617 ], [ -118.148479955090849, 33.711406408076094 ], [ -118.147170338069031, 33.711622564844205 ], [ -118.145882697432342, 33.711915602271944 ], [ -118.144623575610993, 33.712283954083055 ], [ -118.143399338965381, 33.712725651808583 ], [ -118.142216149938363, 33.713238351713301 ], [ -118.141079924834415, 33.713819348275202 ], [ -118.139996305971792, 33.714465595140538 ], [ -118.138970640123091, 33.715173725334267 ], [ -118.138007948870765, 33.71594007819661 ], [ -118.137112903454295, 33.716760720342776 ], [ -118.13628981848197, 33.717631477083195 ], [ -118.135542631269658, 33.718547940679692 ], [ -118.134874882976263, 33.719505518949013 ], [ -118.134289721298501, 33.720499438284492 ], [ -118.133789882504743, 33.721524778057393 ], [ -118.133377693231566, 33.722576495301489 ], [ -118.133055060602317, 33.723649436691147 ], [ -118.13282347222713, 33.724738371437127 ], [ -118.132683996202857, 33.72583800923389 ], [ -118.132637270333362, 33.726943012972299 ] ] ] } },
{ "type": "Feature", "properties": { "anchoragename": "East Side Naval Explosives Anchorage", "location": "Anaheim Bay Harbor, CA", "anchoragetype": "explosives", "Port": "LA_Long_Beach" }, "geometry": { "type": "Polygon", "coordinates": [ [ [ -118.093055555859081, 33.734166666872575 ], [ -118.099166667176192, 33.726944443712142 ], [ -118.098888888327409, 33.726805555744804 ], [ -118.088333333396022, 33.730277777897719 ], [ -118.08750000044293, 33.731388888661094 ], [ -118.093055555859081, 33.734166666872575 ] ] ] } },
{ "type": "Feature", "properties": { "anchoragename": "West Side Naval Explosives Anchorage", "location": "Anaheim Bay Harbor, CA", "anchoragetype": "explosives", "Port": "LA_Long_Beach" }, "geometry": { "type": "Polygon", "coordinates": [ [ [ -118.094444443814794, 33.734722222033014 ], [ -118.099027778650097, 33.734999999758401 ], [ -118.100277778079757, 33.733611110356023 ], [ -118.100833333082363, 33.727916666638329 ], [ -118.10055555603023, 33.727638889142874 ], [ -118.094444443814794, 33.734722222033014 ] ] ] } },
{ "type": "Feature", "properties": { "anchoragename": "Deep Draft B9", "location": "Los Angeles and Long Beach harbors, CA", "anchoragetype": "temporary", "Port": "LA_Long_Beach" }, "geometry": { "type": "Polygon", "coordinates": [ [ [ -118.219595489698349, 33.728710147521085 ], [ -118.219636532825362, 33.728709434780782 ], [ -118.219677576850685, 33.728708720546223 ], [ -118.219718619977684, 33.728708006311663 ], [ -118.219759664003035, 33.728707292077097 ], [ -118.219800706231737, 33.728706579336759 ], [ -118.219841679290155, 33.728704440368602 ], [ -118.219882650551938, 33.728702300653211 ], [ -118.219923623610384, 33.728700160190705 ], [ -118.219964593973856, 33.728698020475264 ], [ -118.220005567032288, 33.728695881506845 ], [ -118.220046396360246, 33.728692319298816 ], [ -118.220087226586571, 33.728688757090595 ], [ -118.22012805681284, 33.728685195629346 ], [ -118.220168887039151, 33.72868163342082 ], [ -118.220209717265419, 33.728678071212208 ], [ -118.220250334591015, 33.728673093234569 ], [ -118.220290951916581, 33.728668115256582 ], [ -118.220331569242148, 33.728663137278367 ], [ -118.22037218746604, 33.728658159299862 ], [ -118.220412803893282, 33.728653181321064 ], [ -118.22045313914785, 33.728646795043772 ], [ -118.220493473504121, 33.728640409513105 ], [ -118.220533806962052, 33.728634023234846 ], [ -118.22057414221662, 33.728627637703255 ], [ -118.220614476572891, 33.728621252171159 ], [ -118.220654457891243, 33.728613470293546 ], [ -118.220694440107906, 33.728605688415279 ], [ -118.220734420527947, 33.728597906536244 ], [ -118.22077440274461, 33.72859012465657 ], [ -118.220814384062962, 33.728582342029014 ], [ -118.220853943173125, 33.728573177250219 ], [ -118.2208935031816, 33.72856401097615 ], [ -118.220933062291778, 33.728554847689587 ], [ -118.220972622300252, 33.728545681413571 ], [ -118.221012180512105, 33.728536516630818 ], [ -118.221051249142121, 33.728525984637884 ], [ -118.221090318670463, 33.728515452643663 ], [ -118.22112938819879, 33.728504920648156 ], [ -118.221168456828835, 33.728494387157099 ], [ -118.221207525458837, 33.728483855159006 ], [ -118.221246035336762, 33.728471974627276 ], [ -118.221284546113012, 33.728460093346783 ], [ -118.221323055990908, 33.728448212064649 ], [ -118.221361567665454, 33.728436331527995 ], [ -118.221400077543379, 33.728424450242571 ], [ -118.221437963092171, 33.728411241341306 ], [ -118.22147584953926, 33.728398030943765 ], [ -118.221513735088067, 33.728384822038429 ], [ -118.22155162153517, 33.728371612384009 ], [ -118.221589506185651, 33.728358401980358 ], [ -118.221626702726596, 33.728343888614063 ], [ -118.221663897470933, 33.728329373004065 ], [ -118.221701092215298, 33.728314858138674 ], [ -118.22173828785796, 33.728300343270824 ], [ -118.221775482602297, 33.728285828400516 ], [ -118.221811922761788, 33.728270032979339 ], [ -118.221848363819603, 33.728254238302441 ], [ -118.221884803080783, 33.728238442128337 ], [ -118.221921244138599, 33.728222647445563 ], [ -118.22195768429809, 33.728206852012818 ], [ -118.221993306092372, 33.728189804417759 ], [ -118.22202892968329, 33.728172756072276 ], [ -118.222064551477558, 33.72815570697621 ], [ -118.222100174170151, 33.728138659371062 ], [ -118.222135796862759, 33.728121611015347 ], [ -118.22217053920636, 33.728103338885958 ], [ -118.222205282448286, 33.728085068246891 ], [ -118.222240024791887, 33.728066796109722 ], [ -118.222274766237206, 33.728048525462867 ], [ -118.222309509479132, 33.728030253317861 ], [ -118.222343312184947, 33.728010790270368 ], [ -118.222377115789087, 33.727991326471326 ], [ -118.222410919393226, 33.727971861920736 ], [ -118.222444721200745, 33.727952398859991 ], [ -118.222478524804885, 33.727932935047704 ], [ -118.222511329482444, 33.727912313951123 ], [ -118.222544133261664, 33.727891692102453 ], [ -118.222576938837506, 33.72787107099596 ], [ -118.222609743515065, 33.727850449884507 ], [ -118.222642547294285, 33.727829828020965 ], [ -118.222674296451373, 33.727808083985643 ], [ -118.222706046506801, 33.727786339944736 ], [ -118.222737795663875, 33.727764595898392 ], [ -118.222769545719274, 33.727742851846472 ], [ -118.222801294876376, 33.727721107789101 ], [ -118.222831934614049, 33.72769827891365 ], [ -118.222862572555144, 33.727675450779266 ], [ -118.222893212292874, 33.727652621891671 ], [ -118.222923852030576, 33.727629792998066 ], [ -118.222954490869967, 33.727606964098314 ], [ -118.222983967289409, 33.727583091470002 ], [ -118.223013443708808, 33.727559215846526 ], [ -118.223042919229911, 33.727535343204941 ], [ -118.223072395649325, 33.727511468315306 ], [ -118.223101872967064, 33.727487594166227 ], [ -118.223130134864235, 33.727462715883675 ], [ -118.223158396761363, 33.727437838341068 ], [ -118.22318665865852, 33.727412960791291 ], [ -118.223214919657366, 33.727388083234239 ], [ -118.223243182452819, 33.727363204922916 ], [ -118.223270180420371, 33.727337365809014 ], [ -118.223297179286249, 33.727311528181644 ], [ -118.223324179948747, 33.727285688305059 ], [ -118.223351178814596, 33.727259849167865 ], [ -118.223378177680459, 33.72723401077004 ], [ -118.223403865904331, 33.727207257141934 ], [ -118.223429555924824, 33.727180501264222 ], [ -118.223455245047006, 33.727153746872368 ], [ -118.223480933270864, 33.727126990977915 ], [ -118.223506622393046, 33.727100237316499 ], [ -118.223530957754079, 33.727072611755958 ], [ -118.22355529311514, 33.727044987680785 ], [ -118.223579627577863, 33.72701736284953 ], [ -118.223603962938924, 33.726989738009451 ], [ -118.223628296503335, 33.726962113907597 ], [ -118.223651235882414, 33.726933667214695 ], [ -118.2236741734649, 33.726905221259535 ], [ -118.223697112843979, 33.72687677380069 ], [ -118.223720050426451, 33.726848327826623 ], [ -118.223742989805544, 33.726819881096056 ], [ -118.223764492778528, 33.726790661082681 ], [ -118.223785993954834, 33.726761441806559 ], [ -118.22380749692779, 33.726732223267575 ], [ -118.223828998104139, 33.726703003971572 ], [ -118.223850501077081, 33.726673783918457 ], [ -118.223870529914635, 33.72664384287954 ], [ -118.223890558752217, 33.726613901830163 ], [ -118.223910588488124, 33.726583960023227 ], [ -118.223930617325678, 33.726554018952967 ], [ -118.223950645264921, 33.726524077872256 ], [ -118.223969166729475, 33.726493465861459 ], [ -118.22398768729569, 33.726462853839756 ], [ -118.224006208760201, 33.726432243301417 ], [ -118.22402472932643, 33.726401631257865 ], [ -118.224043250790942, 33.726371019203398 ], [ -118.224060231644785, 33.7263397900104 ], [ -118.224077212498571, 33.726308561553125 ], [ -118.224094192454089, 33.726277331590246 ], [ -118.224111173307904, 33.726246103110313 ], [ -118.224128155060043, 33.72621487461894 ], [ -118.224143566557061, 33.726183082780793 ], [ -118.224158978952389, 33.726151290183722 ], [ -118.224174388652756, 33.726119497574878 ], [ -118.224189801048084, 33.726087705701403 ], [ -118.224205212545101, 33.726055913816154 ], [ -118.224219027735856, 33.726023613123111 ], [ -118.224232842926625, 33.72599131316511 ], [ -118.224246658117366, 33.725959013194917 ], [ -118.224260473308107, 33.725926713212552 ], [ -118.224274288498876, 33.7258944117238 ], [ -118.224286484925514, 33.725861659702261 ], [ -118.224298678657163, 33.725828906921087 ], [ -118.224310875083759, 33.725796154127423 ], [ -118.224323068815437, 33.725763400574095 ], [ -118.224335264343722, 33.725730648502577 ], [ -118.224345818649994, 33.725697501184925 ], [ -118.224356373854576, 33.725664353107327 ], [ -118.22436692636424, 33.725631205016931 ], [ -118.224377480670512, 33.725598056913732 ], [ -118.224388035875094, 33.725564908797729 ], [ -118.224396930993038, 33.725531422963954 ], [ -118.224405824314346, 33.725497935622876 ], [ -118.224414719432303, 33.725464449762924 ], [ -118.224423613651922, 33.72543096314287 ], [ -118.224432508769866, 33.725397476509677 ], [ -118.224439728529802, 33.725363710434422 ], [ -118.224446947391442, 33.725329945093037 ], [ -118.224454168049675, 33.725296177496922 ], [ -118.224461387809612, 33.725262412128963 ], [ -118.224468607569563, 33.725228644506274 ], [ -118.22447413939507, 33.725194656464687 ], [ -118.224479673017228, 33.725160668409636 ], [ -118.224485205741075, 33.72512667959392 ], [ -118.224490738464894, 33.725092691511968 ], [ -118.224496270290416, 33.725058702669386 ], [ -118.224500106096698, 33.725024552431243 ], [ -118.224503941902938, 33.724990401432372 ], [ -118.224507777709206, 33.724956249672758 ], [ -118.224511612617164, 33.724922098646694 ], [ -118.224515448423446, 33.724887947607058 ], [ -118.224517581023903, 33.724853692701281 ], [ -118.224519712726078, 33.724819437781775 ], [ -118.224521845326564, 33.724785183595792 ], [ -118.224523977927021, 33.724750928648987 ], [ -118.224526109629224, 33.724716673688484 ], [ -118.224526463565439, 33.724688091018628 ], [ -118.224526817501669, 33.724659507592094 ], [ -118.224527172336181, 33.724630925650366 ], [ -118.224527526272396, 33.724602342951904 ], [ -118.224527882005248, 33.724573760991127 ], [ -118.224528235941477, 33.724545177526529 ], [ -118.224526952248965, 33.724510892598182 ], [ -118.224525669454735, 33.724476608403265 ], [ -118.224524386660491, 33.724442323447533 ], [ -118.224523104764586, 33.724408039972374 ], [ -118.22452182197037, 33.724373754989251 ], [ -118.224518832377086, 33.724339544706943 ], [ -118.224515844580452, 33.724305334411021 ], [ -118.224512855885507, 33.724271124848613 ], [ -118.224509867190562, 33.724236914525406 ], [ -118.224506878495617, 33.724202703441406 ], [ -118.224502189289836, 33.724168627577356 ], [ -118.22449749918573, 33.72413455095267 ], [ -118.224492811776585, 33.724100473567233 ], [ -118.224488122570804, 33.724066396915497 ], [ -118.224483433365023, 33.72403232099731 ], [ -118.224477051733246, 33.723998436335577 ], [ -118.224470670999779, 33.723964552407573 ], [ -118.224464290266297, 33.723930668466259 ], [ -118.224457908634534, 33.723896783764395 ], [ -118.224451527901081, 33.72386290054348 ], [ -118.224443464623093, 33.723829267604302 ], [ -118.22443540134509, 33.723795633904849 ], [ -118.224427338965398, 33.723762000939324 ], [ -118.224419276585735, 33.723728367960604 ], [ -118.224411213307746, 33.723694734968774 ], [ -118.224401483654887, 33.723661411284304 ], [ -118.224391753103731, 33.72362808758696 ], [ -118.224382024349197, 33.723594763876626 ], [ -118.224372294696366, 33.723561439406232 ], [ -118.22436256414521, 33.723528116417192 ], [ -118.224351183388876, 33.72349515951997 ], [ -118.224339803530867, 33.723462203357307 ], [ -118.224328422774533, 33.72342924643484 ], [ -118.224317042916496, 33.723396289499711 ], [ -118.224305661261866, 33.723363333299034 ], [ -118.22429265006329, 33.723330800722131 ], [ -118.224279639763026, 33.723298268880001 ], [ -118.224266627666125, 33.72326573553125 ], [ -118.224253617365861, 33.723233202917349 ], [ -118.22424060526896, 33.723200670291121 ], [ -118.224225986086054, 33.723168618820658 ], [ -118.22421136690312, 33.723136566591108 ], [ -118.224196747720185, 33.723104513602422 ], [ -118.224182128537251, 33.723072462843234 ], [ -118.224167508456006, 33.723040410577781 ], [ -118.224151306441527, 33.723008893264677 ], [ -118.224135104427063, 33.722977377434283 ], [ -118.224118901514274, 33.722945861592379 ], [ -118.224102699499838, 33.72291434573885 ], [ -118.224086496587049, 33.722882828379461 ], [ -118.224068740487155, 33.722851903504996 ], [ -118.224050982590597, 33.722820977872225 ], [ -118.224033225592379, 33.722790051481141 ], [ -118.22401546769585, 33.722759126573244 ], [ -118.223997710697617, 33.722728200159885 ], [ -118.223978429258352, 33.722697918534166 ], [ -118.223959148717427, 33.722667636150526 ], [ -118.223939866379865, 33.722637355250562 ], [ -118.223920586737222, 33.722607073592734 ], [ -118.223901304399675, 33.722576791177111 ], [ -118.223880532655357, 33.722547206599046 ], [ -118.223859760012687, 33.722517621263606 ], [ -118.223838988268398, 33.722488035170855 ], [ -118.22381821652408, 33.722458450562208 ], [ -118.223797444779777, 33.722428865196164 ], [ -118.223775217764683, 33.722400027729364 ], [ -118.223752990749603, 33.722371189505665 ], [ -118.223730764632862, 33.72234235127226 ], [ -118.223708536719471, 33.722313514523513 ], [ -118.223686310602687, 33.722284676270753 ], [ -118.223662666944435, 33.72225663672598 ], [ -118.223639024184465, 33.722228596424934 ], [ -118.223615381424494, 33.722200555367571 ], [ -118.223591738664538, 33.722172515795329 ], [ -118.223568095006257, 33.722144475466813 ], [ -118.223543076027283, 33.722117281666655 ], [ -118.22351805794662, 33.722090087110693 ], [ -118.223493038967646, 33.722062893293305 ], [ -118.223468020886983, 33.722035699467355 ], [ -118.223443001907995, 33.722008505632729 ], [ -118.223416651625783, 33.721982204652633 ], [ -118.223390301343528, 33.721955903664522 ], [ -118.223363951061302, 33.721929603415532 ], [ -118.2233376016774, 33.721903301664078 ], [ -118.223311250496863, 33.721877000651801 ], [ -118.22328361292881, 33.721851638820304 ], [ -118.223255977157407, 33.721826276234196 ], [ -118.223228340487708, 33.721800914387721 ], [ -118.223200702919669, 33.721775552533749 ], [ -118.223173066249956, 33.721750190672289 ], [ -118.223144190803467, 33.721725811329314 ], [ -118.223115315356964, 33.721701431232283 ], [ -118.223086439910475, 33.721677051128289 ], [ -118.223057563565661, 33.721652671764538 ], [ -118.223028688119172, 33.72162829239393 ], [ -118.22299862420158, 33.721604937385216 ], [ -118.222968560283945, 33.721581582370078 ], [ -118.222938496366325, 33.721558227348659 ], [ -118.222908432448719, 33.721534872320881 ], [ -118.222878369429424, 33.721511517286743 ], [ -118.222847168244655, 33.721489228457976 ], [ -118.222815967958212, 33.721466938129161 ], [ -118.222784765875133, 33.721444649288806 ], [ -118.222753566487015, 33.721422359695545 ], [ -118.222722366200571, 33.721400069349308 ], [ -118.222690083444192, 33.721378884810498 ], [ -118.222657799789502, 33.721357698772088 ], [ -118.222625517033123, 33.721336512728449 ], [ -118.222593233378461, 33.721315326679644 ], [ -118.222560950622096, 33.721294141372724 ], [ -118.222527641091375, 33.721274095497833 ], [ -118.222494330662315, 33.721254050365459 ], [ -118.222461022029876, 33.72123400522846 ], [ -118.222427711600844, 33.721213960086708 ], [ -118.222394402968419, 33.721193914193158 ], [ -118.222360124155486, 33.721175044344974 ], [ -118.222325845342567, 33.721156174492648 ], [ -118.222291565631323, 33.721137304636109 ], [ -118.222257287716701, 33.72111843328117 ], [ -118.222223008903782, 33.721099563416395 ], [ -118.222187820995785, 33.721081901727253 ], [ -118.222152632189506, 33.721064239287337 ], [ -118.22211744428148, 33.721046576096597 ], [ -118.222082254576847, 33.721028914396612 ], [ -118.222047066668878, 33.721011252692939 ], [ -118.222011029852922, 33.720994829800851 ], [ -118.221974993036994, 33.720978404664116 ], [ -118.221938956221038, 33.72096198176569 ], [ -118.2219029185068, 33.720945557369852 ], [ -118.221866881690872, 33.720929133718016 ], [ -118.221830058849079, 33.720913976524876 ], [ -118.221793235108933, 33.720898819329058 ], [ -118.221756412267126, 33.720883662130568 ], [ -118.22171958762867, 33.720868504182206 ], [ -118.221682764786877, 33.720853348472744 ], [ -118.221645218801257, 33.720839483133126 ], [ -118.221607672815622, 33.720825620779969 ], [ -118.221570127728327, 33.720811755435875 ], [ -118.221532581742707, 33.720797892331099 ], [ -118.221495035757101, 33.72078402772965 ], [ -118.221456832204709, 33.720771481145185 ], [ -118.221418628652287, 33.720758934558823 ], [ -118.221380424201584, 33.720746387223436 ], [ -118.221342221547474, 33.720733840633415 ], [ -118.221304017995081, 33.72072129329441 ], [ -118.221265222452885, 33.720710085641727 ], [ -118.221226426910746, 33.72069887724038 ], [ -118.221187633165187, 33.720687669584777 ], [ -118.22114883672468, 33.720676461180517 ], [ -118.221110042080838, 33.720665253521972 ], [ -118.221070722820855, 33.720655403483264 ], [ -118.221031402662575, 33.720645553443411 ], [ -118.220992084300889, 33.720635703402493 ], [ -118.220952765939217, 33.720625852613189 ], [ -118.220913445780923, 33.72061600331714 ], [ -118.220873669278461, 33.720607528827102 ], [ -118.220833893674296, 33.720599053589027 ], [ -118.220794119866795, 33.720590579097326 ], [ -118.22075434336432, 33.720582104604787 ], [ -118.220714567760155, 33.720573629364203 ], [ -118.220674404982134, 33.720566545368506 ], [ -118.220634240407449, 33.72055946062504 ], [ -118.220594078527753, 33.720552375133849 ], [ -118.220553914851379, 33.720545290389218 ], [ -118.220513752073344, 33.720538206391183 ], [ -118.220473270393384, 33.720532523352155 ], [ -118.220432789611735, 33.720526841807136 ], [ -118.22039230972841, 33.72052115951454 ], [ -118.220351828946733, 33.720515476474382 ], [ -118.220311347266787, 33.720509794181034 ], [ -118.220270618550117, 33.720505523307793 ], [ -118.220229889833433, 33.720501252434403 ], [ -118.220189162015103, 33.720496982307992 ], [ -118.220148432400123, 33.720492711434119 ], [ -118.220107703683468, 33.720488441307268 ], [ -118.220066798896994, 33.720485590819976 ], [ -118.220025891415588, 33.720482739585442 ], [ -118.219984985730804, 33.720479887603688 ], [ -118.219944078249384, 33.720477036368969 ], [ -118.219903173462924, 33.720474185134137 ], [ -118.219862161776945, 33.720472758769475 ], [ -118.219821147396019, 33.720471331657649 ], [ -118.219780135710039, 33.720469904545809 ], [ -118.219739122227423, 33.720468477433933 ], [ -118.219698110541444, 33.720467050322043 ], [ -118.219657062922863, 33.720467050322043 ], [ -118.219616013507647, 33.720467050322043 ], [ -118.219574966787349, 33.720467050322043 ], [ -118.219533917372132, 33.720467050322043 ], [ -118.219492869753566, 33.720467050322043 ], [ -118.219451857169247, 33.720468477433933 ], [ -118.219410844584957, 33.720469905293008 ], [ -118.219369832898977, 33.720471331657649 ], [ -118.219328818518051, 33.720472758769475 ], [ -118.219287806832071, 33.72047418588128 ], [ -118.219246900248976, 33.720477036368969 ], [ -118.219205994564163, 33.720479887603688 ], [ -118.219165089777718, 33.720482738838299 ], [ -118.219124182296312, 33.720485589325641 ], [ -118.219083276611556, 33.720488440560089 ], [ -118.219042548793183, 33.720492711434119 ], [ -118.219001819178217, 33.720496982307992 ], [ -118.218961089563237, 33.720501252434403 ], [ -118.218920361744892, 33.720505523307793 ], [ -118.218879633028209, 33.720509793433841 ], [ -118.218839152246545, 33.720515476474382 ], [ -118.21879867146491, 33.72052115876734 ], [ -118.218758189784936, 33.720526842554328 ], [ -118.218717708104961, 33.72053252484654 ], [ -118.218677228221651, 33.720538206391183 ], [ -118.218637065443602, 33.720545291883596 ], [ -118.218596902665581, 33.720552376628184 ], [ -118.218556738090911, 33.72055946062504 ], [ -118.218516576211201, 33.720566545368506 ], [ -118.218476413433152, 33.720573630858588 ], [ -118.218436636930676, 33.720582105351966 ], [ -118.21839686222485, 33.720590580591654 ], [ -118.218357086620685, 33.720599054336226 ], [ -118.218317311016534, 33.720607528827102 ], [ -118.218277535412398, 33.72061600331714 ], [ -118.21823821525409, 33.720625853360374 ], [ -118.218198895994107, 33.720635703402493 ], [ -118.218159577632434, 33.720645553443411 ], [ -118.218120258372451, 33.720655403483264 ], [ -118.218080939112468, 33.720665252774779 ], [ -118.218042143570301, 33.720676460433324 ], [ -118.21800334892643, 33.720687669584777 ], [ -118.217964553384263, 33.72069887798758 ], [ -118.217925757842067, 33.720710086388856 ], [ -118.217886963198225, 33.72072129329441 ], [ -118.217848760544143, 33.720733840633415 ], [ -118.217810556093411, 33.720746387970628 ], [ -118.217772353439315, 33.720758934558823 ], [ -118.217734148090287, 33.720771481892321 ], [ -118.217695945436205, 33.720784028476842 ], [ -118.217658399450571, 33.720797892331099 ], [ -118.217620854363304, 33.720811755435875 ], [ -118.217583307479373, 33.720825620032784 ], [ -118.217545761493753, 33.720839483880262 ], [ -118.217508215508147, 33.720853347725551 ], [ -118.21747139086969, 33.720868504929399 ], [ -118.217434568926194, 33.720883661383375 ], [ -118.217397745186062, 33.720898818581865 ], [ -118.217360922344255, 33.720913975777684 ], [ -118.217324099502434, 33.720929132970831 ], [ -118.217288060889871, 33.720945557369852 ], [ -118.217252024972268, 33.720961981018554 ], [ -118.217215987257987, 33.720978405411245 ], [ -118.217179951340384, 33.720994829053666 ], [ -118.217143912727792, 33.721011252692939 ], [ -118.217108724819823, 33.721028914396612 ], [ -118.217073536911826, 33.721046577590968 ], [ -118.217038349003829, 33.721064240034522 ], [ -118.217003160197521, 33.721081901727253 ], [ -118.216967972289524, 33.721099563416395 ], [ -118.216933694374916, 33.721118434775477 ], [ -118.216899414663672, 33.72113730388898 ], [ -118.216865135850739, 33.721156174492648 ], [ -118.21683085703782, 33.721175045092117 ], [ -118.216796579123212, 33.721193914940294 ], [ -118.216763270490773, 33.721213960833907 ], [ -118.21672995916343, 33.721234005975646 ], [ -118.216696649632681, 33.721254051112645 ], [ -118.216663340101931, 33.721274095497833 ], [ -118.216630031469535, 33.721294140625538 ], [ -118.216597747814845, 33.721315326679644 ], [ -118.216565465058494, 33.721336512728449 ], [ -118.216533179607168, 33.721357698772088 ], [ -118.216500896850803, 33.721378884063313 ], [ -118.216468614094424, 33.721400070096486 ], [ -118.216437413807981, 33.721422359695545 ], [ -118.216406214419848, 33.72144464854162 ], [ -118.216375013235094, 33.721466938876283 ], [ -118.216343812948651, 33.72148922771084 ], [ -118.216312611763883, 33.721511518033928 ], [ -118.216282547846276, 33.721534873815244 ], [ -118.216252483928656, 33.721558228095844 ], [ -118.21622242001105, 33.721581583117256 ], [ -118.21619235609343, 33.72160493663803 ], [ -118.21616229217581, 33.721628293141102 ], [ -118.21613341583101, 33.721652671764538 ], [ -118.216104541282817, 33.721677051875474 ], [ -118.216075665836328, 33.721701430485112 ], [ -118.21604679128815, 33.721725810582129 ], [ -118.21601791494335, 33.721750190672289 ], [ -118.215990279171933, 33.721775552533749 ], [ -118.215962640705598, 33.72180091513485 ], [ -118.215935004934209, 33.721826277728503 ], [ -118.215907367366171, 33.721851638820304 ], [ -118.215879730696443, 33.721877002146158 ], [ -118.215853380414231, 33.721903303158435 ], [ -118.215827030132004, 33.721929602668354 ], [ -118.215800678951467, 33.721955905158879 ], [ -118.215774328669241, 33.721982204652633 ], [ -118.215747978387014, 33.722008505632729 ], [ -118.215722960306351, 33.722035700214477 ], [ -118.215697942225688, 33.722062894040477 ], [ -118.215672923246686, 33.722090087857872 ], [ -118.215647905166023, 33.722117281666655 ], [ -118.21562288708536, 33.722144476213927 ], [ -118.215599242528768, 33.722172517289692 ], [ -118.215575600667123, 33.722200556861864 ], [ -118.215551957008842, 33.72222859567777 ], [ -118.215528314248871, 33.722256635978866 ], [ -118.215504670590619, 33.722284677017917 ], [ -118.215482443575539, 33.722313515270706 ], [ -118.215460216560473, 33.722342352019432 ], [ -118.215437989545393, 33.722371190252836 ], [ -118.215415762530284, 33.7224000269822 ], [ -118.215393537311868, 33.722428865196164 ], [ -118.215372764669226, 33.722458449815022 ], [ -118.215351992924909, 33.722488035918026 ], [ -118.215331221180591, 33.722517621263606 ], [ -118.215310448537977, 33.722547207346217 ], [ -118.21528967679366, 33.722576791924219 ], [ -118.215270396252734, 33.722607074339905 ], [ -118.215251113915158, 33.722637355250562 ], [ -118.215231833374204, 33.722667636897697 ], [ -118.215212551036615, 33.722697919281281 ], [ -118.215193269597378, 33.722728200907056 ], [ -118.215175512599131, 33.72275912732043 ], [ -118.215157755600927, 33.722790052228312 ], [ -118.215139997704398, 33.722820977872225 ], [ -118.215122240706151, 33.722851904252167 ], [ -118.215104483707947, 33.722882829126625 ], [ -118.215088281693497, 33.722914344991672 ], [ -118.215072078780707, 33.722945860845215 ], [ -118.215055877664554, 33.722977378181454 ], [ -118.215039674751779, 33.723008894011791 ], [ -118.2150234727373, 33.723040409830617 ], [ -118.215008852656055, 33.723072462843234 ], [ -118.214994234371432, 33.7231045143496 ], [ -118.214979614290215, 33.72313656733828 ], [ -118.214964995107252, 33.723168618820658 ], [ -118.214950375026007, 33.723200671038285 ], [ -118.214937363827445, 33.723233202917349 ], [ -118.21492435262887, 33.723265736278421 ], [ -118.214911342328605, 33.723298268132879 ], [ -118.214898330231705, 33.723330802216395 ], [ -118.21488531993144, 33.723363334046205 ], [ -118.214873939175106, 33.723396290246818 ], [ -118.214862559317098, 33.723429247182004 ], [ -118.214851177662439, 33.723462204104479 ], [ -118.214839796906091, 33.723495161014291 ], [ -118.214828417048096, 33.7235281171643 ], [ -118.21481868649694, 33.723561440900511 ], [ -118.214808956844081, 33.723594763876626 ], [ -118.214799227191264, 33.723628088334067 ], [ -118.214789496640108, 33.723661412031475 ], [ -118.214779766987235, 33.723694734968774 ], [ -118.214771704607571, 33.723728367960604 ], [ -118.214763642227908, 33.723762000939324 ], [ -118.214755579848216, 33.723795633904849 ], [ -118.214747516570242, 33.723829266857145 ], [ -118.21473945419055, 33.723862899796323 ], [ -118.214733072558772, 33.723896785258724 ], [ -118.214726690926994, 33.723930668466259 ], [ -118.214720310193528, 33.723964553154744 ], [ -118.214713927663439, 33.723998436335577 ], [ -118.214707546929972, 33.72403232099731 ], [ -118.214702857724191, 33.724066396915497 ], [ -118.21469816851841, 33.724100475061555 ], [ -118.214693481109251, 33.72413455095267 ], [ -118.21468879190347, 33.72416862832452 ], [ -118.214684102697689, 33.724202704188571 ], [ -118.214681114002772, 33.72423691527257 ], [ -118.21467812620611, 33.724271124848613 ], [ -118.214675138409476, 33.724305335158185 ], [ -118.21467214881622, 33.724339545454107 ], [ -118.214669161019586, 33.724373754989251 ], [ -118.214667878225342, 33.724408039972374 ], [ -118.214666593634504, 33.724442324194683 ], [ -118.214665312636924, 33.724476609150415 ], [ -118.21466402894437, 33.72451089334529 ], [ -118.214662746150154, 33.724545177526529 ], [ -118.21466310098468, 33.724573760243977 ], [ -118.21466345492091, 33.724602342951904 ], [ -118.214663807958814, 33.724630926397467 ], [ -118.214664162793326, 33.724659508339244 ], [ -118.214664516729542, 33.724688091018628 ], [ -118.214664870665771, 33.724716674435633 ], [ -118.214667003266257, 33.724750929396095 ], [ -118.214669135866771, 33.724785184342949 ], [ -118.214671267568917, 33.724819439276075 ], [ -118.214673401067714, 33.724853693448431 ], [ -118.214675532769888, 33.724887948354208 ], [ -118.214679367677817, 33.724922099393851 ], [ -118.214683204382411, 33.724956251167058 ], [ -118.214687040188679, 33.724990401432372 ], [ -118.214690875096608, 33.725024552431243 ], [ -118.21469471090289, 33.725058704163636 ], [ -118.214700243626709, 33.725092692259118 ], [ -118.21470577635057, 33.725126680341077 ], [ -118.214711309074403, 33.725160668409636 ], [ -118.214716841798236, 33.725194657211837 ], [ -118.214722373623744, 33.725228645253424 ], [ -118.214729594282005, 33.725262412128963 ], [ -118.214736813143617, 33.725296178244058 ], [ -118.214744033801892, 33.725329944345887 ], [ -118.214751252663504, 33.725363711181522 ], [ -118.214758473321766, 33.72539747725677 ], [ -118.214767368439695, 33.72543096314287 ], [ -118.214776261761031, 33.725464449015831 ], [ -118.214785157777285, 33.725497936369983 ], [ -118.214794051996904, 33.725531423711104 ], [ -118.214802947114833, 33.725564909544872 ], [ -118.214813501421105, 33.725598057660882 ], [ -118.214824054829066, 33.725631205016931 ], [ -118.214834609135352, 33.725664354601562 ], [ -118.214845162543284, 33.725697502679161 ], [ -118.214855716849584, 33.725730649996812 ], [ -118.214867912377869, 33.725763402068331 ], [ -118.214880107007858, 33.725796155621644 ], [ -118.214892302536143, 33.725828907668181 ], [ -118.214904498064456, 33.725861660449354 ], [ -118.214916692694445, 33.725894412470943 ], [ -118.2149305078852, 33.725926713212552 ], [ -118.214944323974251, 33.725959013194917 ], [ -118.214958139165006, 33.72599131316511 ], [ -118.214971955254086, 33.726023614617397 ], [ -118.214985770444855, 33.72605591456324 ], [ -118.215001181043533, 33.726087706448546 ], [ -118.215016593438847, 33.726119498322014 ], [ -118.215032004037568, 33.726151291678001 ], [ -118.21504741643291, 33.72618308203365 ], [ -118.215062827031602, 33.72621487461894 ], [ -118.215079806987077, 33.726246104604535 ], [ -118.215096789637528, 33.726277333084532 ], [ -118.215113769593032, 33.726308561553125 ], [ -118.215130750446846, 33.726339790757486 ], [ -118.215147731300661, 33.726371020697677 ], [ -118.21516625186689, 33.726401632752093 ], [ -118.215184772433091, 33.726432243301417 ], [ -118.215203292999306, 33.726462855334042 ], [ -118.215221814463831, 33.726493466608609 ], [ -118.215240335030046, 33.726524078619398 ], [ -118.215260363867628, 33.726554019700103 ], [ -118.215280393603521, 33.726583960770355 ], [ -118.215300422441089, 33.726613902577313 ], [ -118.215320452176982, 33.726643843626611 ], [ -118.215340480116254, 33.726673784665536 ], [ -118.215361983089196, 33.726703004718694 ], [ -118.215383485163827, 33.726732223267575 ], [ -118.215404987238486, 33.726761443300838 ], [ -118.215426489313103, 33.726790661082681 ], [ -118.215447992286045, 33.726819881096056 ], [ -118.21547093166518, 33.726848328573759 ], [ -118.215493868349299, 33.726876774547769 ], [ -118.215516807728406, 33.726905221259535 ], [ -118.215539745310878, 33.726933667214695 ], [ -118.215562684689971, 33.726962114654675 ], [ -118.215587019152693, 33.726989738756579 ], [ -118.215611353615415, 33.727017363596673 ], [ -118.215635688976505, 33.727044987680785 ], [ -118.215660024337538, 33.727072613250222 ], [ -118.21568435880026, 33.727100237316499 ], [ -118.215710047922443, 33.727126992472172 ], [ -118.215735737044625, 33.727153746125239 ], [ -118.215761425268482, 33.727180501264222 ], [ -118.215787114390665, 33.72720725639487 ], [ -118.215812804411158, 33.727234011517119 ], [ -118.215839803277007, 33.727259850662136 ], [ -118.21586680214287, 33.727285688305059 ], [ -118.21589380011045, 33.727311527434509 ], [ -118.215920798976299, 33.727337366556142 ], [ -118.215947798740459, 33.727363205669988 ], [ -118.21597606153594, 33.727388083234239 ], [ -118.216004323433097, 33.727412960791291 ], [ -118.216032585330254, 33.727437838341068 ], [ -118.216060847227425, 33.727462716630818 ], [ -118.216089109124553, 33.727487594166227 ], [ -118.216118586442292, 33.727511468315306 ], [ -118.216148062861706, 33.727535342457806 ], [ -118.216177538382823, 33.727559216593662 ], [ -118.216207014802237, 33.727583090722881 ], [ -118.216236491221636, 33.727606965592521 ], [ -118.216267130061041, 33.72762979374513 ], [ -118.216297770697082, 33.7276526226388 ], [ -118.216328408638162, 33.727675450779266 ], [ -118.216359048375864, 33.727698279660771 ], [ -118.216389687215241, 33.72772110853618 ], [ -118.216421436372357, 33.727742852593593 ], [ -118.21645318552946, 33.727764596645457 ], [ -118.216484936483141, 33.727786340691864 ], [ -118.216516685640229, 33.727808084732757 ], [ -118.216548434797332, 33.727829828768094 ], [ -118.216581239474863, 33.727850449137378 ], [ -118.216614044152408, 33.727871071743081 ], [ -118.216646848829967, 33.727891692849582 ], [ -118.216679653507498, 33.727912314698251 ], [ -118.216712457286746, 33.727932935794833 ], [ -118.216746260890886, 33.727952399607126 ], [ -118.216780063596701, 33.727971862667879 ], [ -118.21681386630253, 33.727991326471326 ], [ -118.216847669008359, 33.728010790270368 ], [ -118.216881471714174, 33.728030253317861 ], [ -118.216916214956129, 33.728048525462867 ], [ -118.21695095729973, 33.728066796856794 ], [ -118.216985699643345, 33.728085068246891 ], [ -118.217020442885257, 33.72810333963303 ], [ -118.217055185228901, 33.728121611762482 ], [ -118.217090808819776, 33.728138659371062 ], [ -118.217126430614059, 33.728155707723332 ], [ -118.217162052408341, 33.728172756819333 ], [ -118.217197675999245, 33.728189804417759 ], [ -118.217233297793527, 33.728206852759932 ], [ -118.217269738851343, 33.728222647445563 ], [ -118.217306178112523, 33.728238442875458 ], [ -118.217342619170338, 33.728254237555319 ], [ -118.217379058431519, 33.728270033726474 ], [ -118.217415499489348, 33.728285828400516 ], [ -118.217452693335375, 33.72830034252371 ], [ -118.217489889876347, 33.728314858138674 ], [ -118.217527084620684, 33.728329372256944 ], [ -118.217564281161657, 33.728343888614063 ], [ -118.217601475905965, 33.728358402727494 ], [ -118.217639360556461, 33.728371612384009 ], [ -118.21767724700355, 33.728384821291364 ], [ -118.217715131654046, 33.728398031690887 ], [ -118.217753018101163, 33.728411240594177 ], [ -118.217790903649941, 33.728424450242571 ], [ -118.217829413527852, 33.728436331527995 ], [ -118.217867925202398, 33.728448212811777 ], [ -118.217906435080323, 33.728460094841026 ], [ -118.217944946754855, 33.728471974627276 ], [ -118.21798345663278, 33.728483855159006 ], [ -118.218022526161107, 33.728494387157099 ], [ -118.218061593892827, 33.728504920648156 ], [ -118.218100664319465, 33.728515452643663 ], [ -118.21813973294951, 33.728525985385005 ], [ -118.218178800681201, 33.728536516630818 ], [ -118.21821836068969, 33.728545681413571 ], [ -118.218257919799854, 33.728554846195351 ], [ -118.218297478910017, 33.728564011723279 ], [ -118.218337038918506, 33.728573176503104 ], [ -118.218376598028669, 33.72858234128195 ], [ -118.218416579347036, 33.72859012465657 ], [ -118.218456561563698, 33.728597906536244 ], [ -118.218496542882036, 33.728605687668157 ], [ -118.218536525098699, 33.728613470293546 ], [ -118.218576505518726, 33.728621252171159 ], [ -118.218616839874997, 33.728627637703255 ], [ -118.218657175129565, 33.728634023234846 ], [ -118.218697508587525, 33.728640410260226 ], [ -118.218737842943753, 33.728646795790887 ], [ -118.218778178198335, 33.728653181321064 ], [ -118.218818794625591, 33.72865815855274 ], [ -118.218859412849469, 33.728663137278367 ], [ -118.218900029276725, 33.728668115256582 ], [ -118.21894064660232, 33.728673093234569 ], [ -118.218981263927859, 33.728678071212208 ], [ -118.21902209505248, 33.72868163342082 ], [ -118.219062925278777, 33.728685195629346 ], [ -118.219103753708453, 33.728688757090595 ], [ -118.219144583934721, 33.728692318551694 ], [ -118.219185415059343, 33.72869588075978 ], [ -118.21922638721945, 33.728698020475264 ], [ -118.219267359379572, 33.728700160190705 ], [ -118.219308331539679, 33.728702299159025 ], [ -118.219349301903151, 33.728704439621474 ], [ -118.219390274961583, 33.728706579336759 ], [ -118.21943131808861, 33.728707293571333 ], [ -118.219472361215594, 33.728708006311663 ], [ -118.219513404342621, 33.728708720546223 ], [ -118.219554447469633, 33.728709433286539 ], [ -118.219595489698349, 33.728710147521085 ] ] ] } },
{ "type": "Feature", "properties": { "anchoragename": "Deep Draft B11", "location": "Los Angeles and Long Beach harbors, CA", "anchoragetype": "temporary", "Port": "LA_Long_Beach" }, "geometry": { "type": "Polygon", "coordinates": [ [ [ -118.204734376983836, 33.732742390868658 ], [ -118.204773382731815, 33.732741674426478 ], [ -118.204812389378077, 33.732740958731313 ], [ -118.204851395125999, 33.732740243036183 ], [ -118.204890400873978, 33.732739526593981 ], [ -118.204929406621901, 33.732738810898859 ], [ -118.204968336911378, 33.732736663813334 ], [ -118.205007267200841, 33.732734516727795 ], [ -118.20504619928694, 33.732732369642214 ], [ -118.205085128678093, 33.732730222556583 ], [ -118.20512405896757, 33.732728075470888 ], [ -118.20516284013668, 33.732724501477058 ], [ -118.205201618610872, 33.732720927483079 ], [ -118.205240399780024, 33.732717354983116 ], [ -118.205279179152512, 33.732713780988831 ], [ -118.205317960321651, 33.732710206994405 ], [ -118.205356515115312, 33.732705213562099 ], [ -118.205395069909002, 33.73270021938248 ], [ -118.205433623804353, 33.732695225949655 ], [ -118.20547217949634, 33.732690232516475 ], [ -118.20551073429003, 33.732685239830154 ], [ -118.205548989046406, 33.732678835923146 ], [ -118.205587244701093, 33.73267243276274 ], [ -118.205625499457469, 33.732666027360658 ], [ -118.205663755112184, 33.73265962494645 ], [ -118.205702008970206, 33.732653220290437 ], [ -118.205739890027459, 33.732645419354625 ], [ -118.20577777198298, 33.732637617670946 ], [ -118.205815653040176, 33.73262981598662 ], [ -118.205853534995725, 33.732622014301583 ], [ -118.20589141605295, 33.732614213362865 ], [ -118.205928851545764, 33.732605028843629 ], [ -118.205966285241971, 33.73259584432347 ], [ -118.206003719836488, 33.732586660549345 ], [ -118.206041155329331, 33.732577476774189 ], [ -118.206078589923848, 33.732568292251074 ], [ -118.206115505292132, 33.73255774282319 ], [ -118.206152422457052, 33.73254719339397 ], [ -118.206189336927011, 33.732536644710571 ], [ -118.206226253193634, 33.732526095278835 ], [ -118.206263168561918, 33.732515545845736 ], [ -118.206299492838724, 33.732503651677753 ], [ -118.206335819810491, 33.7324917582552 ], [ -118.206372144985664, 33.732479864831006 ], [ -118.20640847105912, 33.732467970658064 ], [ -118.206444796234265, 33.732456076483544 ], [ -118.206480461147649, 33.732442860732085 ], [ -118.206516126061089, 33.732429645725666 ], [ -118.206551790974487, 33.732416429223051 ], [ -118.206587455887899, 33.732403213465481 ], [ -118.206623121699636, 33.732389998452973 ], [ -118.206658057181016, 33.732375486515664 ], [ -118.206692992662411, 33.73236097457584 ], [ -118.20672792814382, 33.732346463380658 ], [ -118.206762863625215, 33.732331951435988 ], [ -118.206797799106639, 33.732317439488803 ], [ -118.206831938680679, 33.732301659751251 ], [ -118.206866077356437, 33.732285879263699 ], [ -118.206900216930478, 33.732270099520342 ], [ -118.206934356504547, 33.732254319774086 ], [ -118.206968495180277, 33.732238539277844 ], [ -118.207001772371669, 33.732221521619692 ], [ -118.207035048664736, 33.732204503211143 ], [ -118.207068324957817, 33.732187486293334 ], [ -118.207101600352559, 33.732170468625114 ], [ -118.207134877543936, 33.732153450206383 ], [ -118.207167227673949, 33.732135228242576 ], [ -118.207199576007326, 33.732117006274855 ], [ -118.20723192703565, 33.732098783556225 ], [ -118.207264276267352, 33.732080561580823 ], [ -118.207296626397394, 33.732062338854448 ], [ -118.207327986583948, 33.732042946199648 ], [ -118.207359347668813, 33.732023554287622 ], [ -118.207390706957085, 33.732004162371148 ], [ -118.207422067143625, 33.731984770450339 ], [ -118.207453428228533, 33.731965377778018 ], [ -118.207483738284552, 33.731944853276524 ], [ -118.207514049238839, 33.731924328770134 ], [ -118.207544359294857, 33.73190380425882 ], [ -118.207574671147498, 33.731883279742611 ], [ -118.207604981203474, 33.731862755221485 ], [ -118.207634183636742, 33.731841138464482 ], [ -118.207663385171685, 33.731819521702057 ], [ -118.207692588503249, 33.731797904187083 ], [ -118.207721790038207, 33.731776287413744 ], [ -118.207750992471432, 33.731754670634977 ], [ -118.207779030688101, 33.731732002707879 ], [ -118.207807067108106, 33.731709334774749 ], [ -118.207835105324762, 33.731686666088592 ], [ -118.207863142643092, 33.731663998143539 ], [ -118.207891179961408, 33.731641330192488 ], [ -118.207917999164238, 33.731617655169003 ], [ -118.207944818367039, 33.731593980138967 ], [ -118.207971637569855, 33.731570305102402 ], [ -118.207998456772657, 33.73154663005932 ], [ -118.208025275077148, 33.731522955756731 ], [ -118.208050824062155, 33.73149831920481 ], [ -118.20807637214881, 33.731473683392863 ], [ -118.208101919337196, 33.731449046079703 ], [ -118.208127468322175, 33.731424410253609 ], [ -118.208153016408858, 33.731399773673338 ], [ -118.208177245768709, 33.731374223402206 ], [ -118.208201472433601, 33.73134867237642 ], [ -118.208225701793438, 33.731323122090082 ], [ -118.208249929356654, 33.731297571049019 ], [ -118.208274157818195, 33.731272021494554 ], [ -118.20829701904384, 33.731245606060796 ], [ -118.208319880269514, 33.731219192113038 ], [ -118.208342743291823, 33.731192776662965 ], [ -118.208365605415807, 33.73116636269895 ], [ -118.20838846664148, 33.731139947232613 ], [ -118.208409917512128, 33.731112718181159 ], [ -118.208431368382819, 33.7310854906152 ], [ -118.208452819253466, 33.731058262293558 ], [ -118.208474270124142, 33.731031033216176 ], [ -118.208495721893115, 33.731003805624304 ], [ -118.208515720187989, 33.730975815994519 ], [ -118.208535719381146, 33.73094782635561 ], [ -118.208555717675992, 33.730919837454678 ], [ -118.208575716869177, 33.730891847050408 ], [ -118.208595715164023, 33.730863858131215 ], [ -118.20861422225552, 33.730835162456927 ], [ -118.208632731143624, 33.730806465278846 ], [ -118.208651239133417, 33.73077776958538 ], [ -118.20866974712321, 33.730749072388114 ], [ -118.208688255113032, 33.730720375928342 ], [ -118.208705236865157, 33.730691027996485 ], [ -118.208722218617297, 33.730661680054602 ], [ -118.208739199471111, 33.730632332102658 ], [ -118.208756180324926, 33.730602984887788 ], [ -118.208773162077051, 33.730573636915793 ], [ -118.208788583455515, 33.730543693501978 ], [ -118.208804007528954, 33.730513751571941 ], [ -118.208819428907447, 33.730483808137237 ], [ -118.208834851184236, 33.730453865439195 ], [ -118.208850273461039, 33.730423921983594 ], [ -118.20886410661808, 33.730393442105111 ], [ -118.208877939775164, 33.730362962215743 ], [ -118.208891772033894, 33.730332483062654 ], [ -118.208905606089274, 33.730302003151635 ], [ -118.20891943924633, 33.730271523229845 ], [ -118.20893165723254, 33.730240564409996 ], [ -118.208943873422058, 33.730209606326021 ], [ -118.20895609140824, 33.730178648230925 ], [ -118.208968308496111, 33.730147690124674 ], [ -118.208980525583982, 33.73011673200719 ], [ -118.208991104144744, 33.730085355505217 ], [ -118.209001681807223, 33.730053978991791 ], [ -118.209012260368027, 33.730022600972717 ], [ -118.209022837132167, 33.729991224436326 ], [ -118.209033416591254, 33.729959847888473 ], [ -118.209042335065405, 33.729928113469803 ], [ -118.209051253539556, 33.729896379039459 ], [ -118.209060171115397, 33.729864643850263 ], [ -118.209069089589519, 33.729832910143557 ], [ -118.20907800806367, 33.729801174930877 ], [ -118.209085250281476, 33.729769143855663 ], [ -118.209092491600984, 33.729737112021375 ], [ -118.209099733818789, 33.729705080922237 ], [ -118.209106974240001, 33.72967304906404 ], [ -118.20911421645782, 33.729641017940992 ], [ -118.209119766249643, 33.729608752216748 ], [ -118.209125316041465, 33.729576484986211 ], [ -118.209130868528234, 33.72954421998481 ], [ -118.209136419218396, 33.72951195273 ], [ -118.209141969010219, 33.729479686957234 ], [ -118.209145818291177, 33.729447247844945 ], [ -118.209149667572191, 33.729414808720414 ], [ -118.209153516853178, 33.729382370330718 ], [ -118.209157365235868, 33.729349931928766 ], [ -118.209161214516854, 33.729317492767436 ], [ -118.209163354303868, 33.729284945264027 ], [ -118.209165494090854, 33.72925239625404 ], [ -118.209167634776179, 33.729219847231768 ], [ -118.209169774563193, 33.729187298197083 ], [ -118.209171914350193, 33.729154749897177 ], [ -118.20917234104995, 33.729122153770319 ], [ -118.209172768648045, 33.729089558378185 ], [ -118.209173195347802, 33.729056960732329 ], [ -118.209173621149262, 33.729024366062497 ], [ -118.209174048747315, 33.728991769886107 ], [ -118.209172762359827, 33.728959189386536 ], [ -118.209171474175719, 33.728926608874602 ], [ -118.209170187788217, 33.728894029844469 ], [ -118.209168899604109, 33.728861450054907 ], [ -118.209167612318311, 33.728828870252975 ], [ -118.209164614640201, 33.728796368137729 ], [ -118.20916161516547, 33.728763866757298 ], [ -118.209158617487361, 33.728731366111624 ], [ -118.209155619809266, 33.728698864706573 ], [ -118.209152620334521, 33.728666363289207 ], [ -118.209147916755711, 33.728634003810051 ], [ -118.209143212278562, 33.728601642824458 ], [ -118.209138507801413, 33.728569283320894 ], [ -118.209133804222589, 33.728536923058009 ], [ -118.209129099745439, 33.728504562782931 ], [ -118.20912269924905, 33.728472407203547 ], [ -118.209116298752647, 33.728440250865063 ], [ -118.209109897357948, 33.728408093767399 ], [ -118.20910349596322, 33.728375938899063 ], [ -118.209097095466802, 33.728343783271498 ], [ -118.209089011527567, 33.728311892109154 ], [ -118.209080925791682, 33.728280003176224 ], [ -118.209072840055825, 33.72824811199019 ], [ -118.209064755218265, 33.728216222286427 ], [ -118.209056670380704, 33.728184331823755 ], [ -118.20904691737168, 33.728152768584359 ], [ -118.20903716346433, 33.728121206080424 ], [ -118.209027410455278, 33.728089644312014 ], [ -118.209017656547914, 33.728058081037801 ], [ -118.209007902640565, 33.728026519246171 ], [ -118.208996499426348, 33.72799534370057 ], [ -118.208985095313821, 33.72796416963795 ], [ -118.208973692099605, 33.727932995563968 ], [ -118.208962287987077, 33.727901822225775 ], [ -118.208950885671172, 33.727870646634877 ], [ -118.208937855607985, 33.727839922290087 ], [ -118.208924822849838, 33.727809195692913 ], [ -118.208911793684948, 33.727778469831875 ], [ -118.208898760926814, 33.727747744706889 ], [ -118.208885729965274, 33.727717018823839 ], [ -118.208871097307636, 33.727686800968762 ], [ -118.208856462853348, 33.72765658385017 ], [ -118.208841830195681, 33.727626366720983 ], [ -118.208827196639689, 33.727596148833982 ], [ -118.208812563083725, 33.727565930936343 ], [ -118.208796355679368, 33.727536278596048 ], [ -118.208780147376714, 33.72750662773965 ], [ -118.208763938175707, 33.727476976873078 ], [ -118.208747729873053, 33.727447325249116 ], [ -118.208731523367007, 33.727417672867837 ], [ -118.208713772656978, 33.727388645814678 ], [ -118.208696021048667, 33.72735961800457 ], [ -118.208678270338638, 33.727330588690428 ], [ -118.208660519628637, 33.727301560860731 ], [ -118.208642768020297, 33.7272725337683 ], [ -118.208623509038915, 33.727244185051042 ], [ -118.208604249159208, 33.727215837071498 ], [ -118.208584989279544, 33.727187486841295 ], [ -118.208565729399837, 33.727159138843035 ], [ -118.208546470418469, 33.727130790835453 ], [ -118.208525739098334, 33.727103177238661 ], [ -118.2085050077782, 33.727075562138758 ], [ -118.208484275559755, 33.727047947777123 ], [ -118.208463544239649, 33.727020332659407 ], [ -118.208442812919515, 33.726992719027123 ], [ -118.20842064968484, 33.726965892105859 ], [ -118.208398487348461, 33.726939065923339 ], [ -118.208376325012068, 33.726912238985292 ], [ -118.208354161777393, 33.726885412038875 ], [ -118.208331999441, 33.726858585084059 ], [ -118.208308447410886, 33.72683259788775 ], [ -118.208284895380785, 33.726806609936503 ], [ -118.208261344248982, 33.726780621977376 ], [ -118.208237792218867, 33.726754634010383 ], [ -118.208214241087049, 33.726728646782668 ], [ -118.208189346075585, 33.726703548625466 ], [ -118.208164450165796, 33.726678451208059 ], [ -118.208139556052657, 33.726653353036234 ], [ -118.208114660142869, 33.726628254857019 ], [ -118.208089766029701, 33.726603156670464 ], [ -118.2080635756476, 33.726578996119521 ], [ -118.208037385265499, 33.726554835561728 ], [ -118.208011195781708, 33.726530675744272 ], [ -118.207985006297903, 33.726506515920008 ], [ -118.207958815915802, 33.726482356088944 ], [ -118.207931381367018, 33.726459179470019 ], [ -118.207903945021599, 33.726436005086207 ], [ -118.207876511371154, 33.726412828454762 ], [ -118.207849075924059, 33.726389652564201 ], [ -118.207821641375304, 33.726366478161616 ], [ -118.207793014762117, 33.726344331053589 ], [ -118.207764388148945, 33.726322183939857 ], [ -118.20773576063749, 33.726300037567484 ], [ -118.207707134024318, 33.726277891189454 ], [ -118.207678508309485, 33.726255744805712 ], [ -118.207648745327504, 33.726234669798963 ], [ -118.207618980548872, 33.726213595534119 ], [ -118.207589217566891, 33.726192522011296 ], [ -118.207559454584896, 33.726171446988964 ], [ -118.207529691602886, 33.726150371961516 ], [ -118.20749884974424, 33.726130410899287 ], [ -118.20746800878392, 33.726110449085319 ], [ -118.207437166026949, 33.726090486519517 ], [ -118.207406324168318, 33.726070525443347 ], [ -118.207375482309644, 33.726050563615466 ], [ -118.207343620863128, 33.726031753858244 ], [ -118.207311757620005, 33.726012942602608 ], [ -118.207279897071842, 33.725994132090008 ], [ -118.207248033828691, 33.725975320826187 ], [ -118.207216173280514, 33.725956511052473 ], [ -118.207183352433304, 33.725938887719266 ], [ -118.207150534281027, 33.725921265129607 ], [ -118.207117715230439, 33.725903641042009 ], [ -118.207084894383215, 33.725886017698002 ], [ -118.207052076230951, 33.725868395097422 ], [ -118.207018360661706, 33.725851994054338 ], [ -118.206984646889083, 33.725835593008085 ], [ -118.206950933116474, 33.725819190464449 ], [ -118.206917217547215, 33.725802788664829 ], [ -118.206883503774606, 33.725786387609219 ], [ -118.206848959958677, 33.725771238745054 ], [ -118.206814417041073, 33.725756090625424 ], [ -118.206779871428509, 33.725740942503052 ], [ -118.206745328510877, 33.725725795125214 ], [ -118.206710784694948, 33.725710645503213 ], [ -118.206675477311009, 33.725696779453948 ], [ -118.206640170825395, 33.725682914149537 ], [ -118.20660486344147, 33.725669048842946 ], [ -118.206569556955856, 33.725655182039816 ], [ -118.206534249571931, 33.725641315981541 ], [ -118.206498248688604, 33.725628758899994 ], [ -118.206462246906966, 33.725616202563707 ], [ -118.206426246023625, 33.725603645478493 ], [ -118.206390243343705, 33.725591089138526 ], [ -118.206354242460364, 33.725578532049639 ], [ -118.206317615451283, 33.725567308594194 ], [ -118.206280989340513, 33.725556085137271 ], [ -118.206244361433122, 33.725544861678877 ], [ -118.206207734424027, 33.725533637471869 ], [ -118.20617110741496, 33.725522414757705 ], [ -118.206133925247016, 33.725512545850833 ], [ -118.206096745774047, 33.725502677689988 ], [ -118.206059563606104, 33.725492809527942 ], [ -118.206022382336528, 33.725482942111974 ], [ -118.205985200168584, 33.725473072453426 ], [ -118.2059475365037, 33.725464579017384 ], [ -118.20590987283876, 33.725456084833354 ], [ -118.205872208275508, 33.725447590648479 ], [ -118.205834543712299, 33.725439095715622 ], [ -118.205796880945698, 33.725430601529133 ], [ -118.205758805852369, 33.725423498508682 ], [ -118.205720731657394, 33.725416394740606 ], [ -118.205682657462376, 33.725409290971889 ], [ -118.205644583267372, 33.72540218720259 ], [ -118.205606508174043, 33.725395084179844 ], [ -118.205568096212502, 33.72538938353113 ], [ -118.205529686945894, 33.725383685123425 ], [ -118.205491274086043, 33.725377984473901 ], [ -118.205452864819406, 33.725372286065436 ], [ -118.205414452857895, 33.725366586162302 ], [ -118.205375778588262, 33.72536230208231 ], [ -118.205337105216984, 33.725358018002098 ], [ -118.205298431845677, 33.725353733174529 ], [ -118.205259758474384, 33.725349449093891 ], [ -118.205221084204766, 33.725345165012982 ], [ -118.205182223085586, 33.725342304227091 ], [ -118.205143361068068, 33.725339442693958 ], [ -118.205104500847185, 33.725336582655032 ], [ -118.205065639727991, 33.725333721868857 ], [ -118.205026777710501, 33.725330861082583 ], [ -118.204987803403583, 33.725329428821588 ], [ -118.204948829096665, 33.725327996560516 ], [ -118.204909854789733, 33.725326565793722 ], [ -118.20487088138114, 33.725325133532664 ], [ -118.204831906175926, 33.725323702018677 ], [ -118.204792895038082, 33.725323702018677 ], [ -118.204753882103603, 33.725323702018677 ], [ -118.204714870965759, 33.725323702018677 ], [ -118.20467585803128, 33.725323702018677 ], [ -118.204636847791747, 33.725323702018677 ], [ -118.204597872586533, 33.725325133532664 ], [ -118.204558898279615, 33.725326565793722 ], [ -118.204519923972697, 33.725327998054823 ], [ -118.20448095056409, 33.725329428821588 ], [ -118.204441975358847, 33.725330861082583 ], [ -118.204403114239682, 33.725333721868857 ], [ -118.204364252222163, 33.725336582655032 ], [ -118.204325391102969, 33.725339442693958 ], [ -118.204286529085451, 33.725342304227091 ], [ -118.204247667966271, 33.725345165012982 ], [ -118.204208994594964, 33.725349449093891 ], [ -118.20417032032536, 33.725353733174529 ], [ -118.204131647852378, 33.725358017254948 ], [ -118.204092974481085, 33.72536230208231 ], [ -118.204054301109807, 33.725366586162302 ], [ -118.204015890046549, 33.725372284571137 ], [ -118.203977478085022, 33.725377985221051 ], [ -118.203939067920089, 33.725383685123425 ], [ -118.203900655958535, 33.725389384278223 ], [ -118.203862244895305, 33.725395084179844 ], [ -118.203824171598612, 33.72540218794974 ], [ -118.203786097403636, 33.725409290971889 ], [ -118.203748022310307, 33.725416394740606 ], [ -118.203709948115289, 33.725423499255832 ], [ -118.203671873920285, 33.725430602276226 ], [ -118.203634210255373, 33.725439095715622 ], [ -118.203596544793825, 33.725447589901336 ], [ -118.203558881128913, 33.725456084833354 ], [ -118.203521217463987, 33.725464579017384 ], [ -118.203483552900764, 33.725473073200561 ], [ -118.203446370732848, 33.725482942111974 ], [ -118.20340919036154, 33.725492810275085 ], [ -118.203372008193611, 33.725502677689988 ], [ -118.203334826025696, 33.725512545850833 ], [ -118.203297644756105, 33.725522414757705 ], [ -118.20326101774701, 33.725533638219026 ], [ -118.203224390737915, 33.725544860931727 ], [ -118.20318776552547, 33.725556085137271 ], [ -118.203151138516404, 33.725567307847044 ], [ -118.203114511507309, 33.725578532049639 ], [ -118.20307850882736, 33.725591087644247 ], [ -118.203042507944033, 33.725603644731343 ], [ -118.203006507060692, 33.725616203310857 ], [ -118.202970505279055, 33.725628758899994 ], [ -118.202934504395742, 33.725641315981541 ], [ -118.202899197011817, 33.725655182039816 ], [ -118.202863890526203, 33.725669048095796 ], [ -118.202828584040589, 33.725682914149537 ], [ -118.202793275758339, 33.725696780201098 ], [ -118.202757970171035, 33.725710646250349 ], [ -118.202723426355107, 33.725725794378079 ], [ -118.202688880742528, 33.725740941755973 ], [ -118.20265433782491, 33.725756091372567 ], [ -118.202619793110671, 33.725771240239354 ], [ -118.202585250193039, 33.725786388356312 ], [ -118.202551536420458, 33.725802790159122 ], [ -118.202517820851199, 33.725819191211599 ], [ -118.202484106180279, 33.725835593008085 ], [ -118.202450392407641, 33.725851994054338 ], [ -118.202416677736721, 33.725868395844564 ], [ -118.202383858686133, 33.725886017698002 ], [ -118.202351038737234, 33.725903641789152 ], [ -118.202318219686646, 33.725921265129607 ], [ -118.202285399737733, 33.725938887719266 ], [ -118.202252580687144, 33.725956511052473 ], [ -118.202220718342346, 33.725975320826187 ], [ -118.20218885689583, 33.725994132090008 ], [ -118.202156995449343, 33.726012943349751 ], [ -118.202125134002827, 33.726031753858244 ], [ -118.202093271658057, 33.726050564362552 ], [ -118.202062429799383, 33.72607052619049 ], [ -118.202031587042427, 33.726090488013796 ], [ -118.202000746082092, 33.726110449085319 ], [ -118.201969904223418, 33.726130410899287 ], [ -118.201939060568151, 33.726150373455795 ], [ -118.201909297586141, 33.726171448483242 ], [ -118.201879534604174, 33.726192522011296 ], [ -118.201849771622193, 33.726213596281255 ], [ -118.201820008640183, 33.726234669798963 ], [ -118.201790245658188, 33.726255744805712 ], [ -118.201761619045044, 33.726277891936597 ], [ -118.201732993330182, 33.726300038314626 ], [ -118.201704365818685, 33.726322185434078 ], [ -118.201675740103866, 33.726344331053589 ], [ -118.201647112592397, 33.72636647741448 ], [ -118.201619678941924, 33.726389653311294 ], [ -118.201592243494858, 33.726412829201898 ], [ -118.201564808047749, 33.726436004339071 ], [ -118.201537372600654, 33.726459180217098 ], [ -118.201509938051899, 33.726482356088944 ], [ -118.201483747669769, 33.726506515172872 ], [ -118.20145755818595, 33.726530676491343 ], [ -118.201431366905567, 33.726554836308814 ], [ -118.201405176523437, 33.726578996866607 ], [ -118.201378987039632, 33.7266031574176 ], [ -118.201354092926508, 33.726628254857019 ], [ -118.201329197016705, 33.726653353036234 ], [ -118.201304302903552, 33.726678451208059 ], [ -118.201279406993763, 33.726703549372601 ], [ -118.201254511982285, 33.726728647529804 ], [ -118.201230960850481, 33.726754634010383 ], [ -118.201207409718691, 33.726780621977376 ], [ -118.201183857688576, 33.726806609936503 ], [ -118.201160305658462, 33.72683259788775 ], [ -118.201136754526644, 33.726858585084059 ], [ -118.201114592190279, 33.726885412038875 ], [ -118.201092428955604, 33.726912238238164 ], [ -118.201070265720929, 33.726939065923339 ], [ -118.201048104282847, 33.726965892105859 ], [ -118.201025941048144, 33.726992719027123 ], [ -118.201005208829727, 33.727020333406543 ], [ -118.2009844793062, 33.727047948524202 ], [ -118.200963746189444, 33.727075562138758 ], [ -118.200943014869338, 33.727103176491525 ], [ -118.200922283549176, 33.727130790088303 ], [ -118.200903024567808, 33.727159138095885 ], [ -118.200883764688115, 33.727187487588381 ], [ -118.200864503910111, 33.727215836324419 ], [ -118.200845244928743, 33.727244185051042 ], [ -118.200825985049065, 33.727272533021157 ], [ -118.200808235237346, 33.72730156160781 ], [ -118.20079048273071, 33.727330589437564 ], [ -118.200772732919035, 33.72735961800457 ], [ -118.200754981310681, 33.727388646561806 ], [ -118.200737229702341, 33.727417674362044 ], [ -118.200721023196323, 33.727447325996245 ], [ -118.200704814893669, 33.727476976126006 ], [ -118.200688606590987, 33.727506628486779 ], [ -118.200672399186615, 33.72753627934312 ], [ -118.200656190883933, 33.727565931683479 ], [ -118.200641558226266, 33.727596148086853 ], [ -118.200626922873667, 33.727626366720983 ], [ -118.200612290216, 33.727656584597298 ], [ -118.200597655761726, 33.727686802463012 ], [ -118.200583023104045, 33.727717020318103 ], [ -118.200569992142547, 33.727747745454018 ], [ -118.200556960282725, 33.727778471326076 ], [ -118.20054393021951, 33.727809196439992 ], [ -118.200530899257998, 33.727839922290087 ], [ -118.200517866499865, 33.727870647382005 ], [ -118.20050646508227, 33.727901822225775 ], [ -118.200495060969757, 33.727932996311097 ], [ -118.200483657755527, 33.727964170385036 ], [ -118.200472253643014, 33.727995344447706 ], [ -118.200460850428783, 33.728026519246171 ], [ -118.200451098318069, 33.72805808178493 ], [ -118.200441345309017, 33.728089644312014 ], [ -118.200431589605046, 33.728121207574688 ], [ -118.200421836595993, 33.72815276933148 ], [ -118.200412082688615, 33.728184332570876 ], [ -118.200403997851083, 33.728216222286427 ], [ -118.200395913013523, 33.728248112737255 ], [ -118.200387829074273, 33.728280002429152 ], [ -118.200379744236713, 33.728311893603347 ], [ -118.200371658500842, 33.728343783271498 ], [ -118.200365258004453, 33.728375939646192 ], [ -118.200358856609753, 33.728408095261642 ], [ -118.200352457011661, 33.728440251612192 ], [ -118.200346055616933, 33.728472407203547 ], [ -118.200339655120544, 33.728504563529995 ], [ -118.200334949745098, 33.728536923805081 ], [ -118.200330247064585, 33.728569283320894 ], [ -118.200325541689139, 33.728601643571572 ], [ -118.200320838110301, 33.728634003810051 ], [ -118.200316133633137, 33.728666363289207 ], [ -118.200313135955042, 33.728698865453687 ], [ -118.200310135582015, 33.728731366858732 ], [ -118.200307137903877, 33.728763867504355 ], [ -118.200304139327486, 33.728796368137729 ], [ -118.200301140751037, 33.728828870252975 ], [ -118.200299854363564, 33.728861450802022 ], [ -118.200298567077766, 33.72889403059159 ], [ -118.200297278893629, 33.728926610368774 ], [ -118.200295992506156, 33.728959190880722 ], [ -118.200294706118683, 33.728991770633229 ], [ -118.200295132818425, 33.729024366809618 ], [ -118.200295559518182, 33.729056961479444 ], [ -118.200295986217938, 33.729089558378185 ], [ -118.200296412917695, 33.729122153770319 ], [ -118.200296839617451, 33.729154750644291 ], [ -118.20029898030279, 33.729187298197083 ], [ -118.200301120089804, 33.729219847231768 ], [ -118.200303259876819, 33.729252395506983 ], [ -118.200305399663804, 33.729284945264027 ], [ -118.200307540349129, 33.729317493514557 ], [ -118.200311388731834, 33.729349931928766 ], [ -118.200315238012806, 33.729382371824947 ], [ -118.200319087293792, 33.729414809467528 ], [ -118.200322936574779, 33.729447248592066 ], [ -118.200326784957483, 33.729479687704348 ], [ -118.200332335647616, 33.729511954224179 ], [ -118.200337886337721, 33.729544219237702 ], [ -118.200343437027882, 33.729576486480426 ], [ -118.200348986819705, 33.72960875296387 ], [ -118.200354538408163, 33.729641018688099 ], [ -118.200361778829375, 33.729673050558254 ], [ -118.200369021047166, 33.729705081669351 ], [ -118.200376262366689, 33.729737112768483 ], [ -118.200383503686183, 33.729769143855663 ], [ -118.200390745005691, 33.729801175677942 ], [ -118.200399662581518, 33.729832909396443 ], [ -118.200408582852305, 33.72986464459737 ], [ -118.200417501326427, 33.729896378292345 ], [ -118.200426419800579, 33.729928113469803 ], [ -118.20043533827473, 33.729959848635531 ], [ -118.200445915937181, 33.729991224436326 ], [ -118.20045649359966, 33.730022601719767 ], [ -118.200467072160436, 33.730053978991791 ], [ -118.200477649822915, 33.730085355505217 ], [ -118.200488228383691, 33.73011673275429 ], [ -118.200500445471562, 33.730147690871725 ], [ -118.200512663457744, 33.730178648978033 ], [ -118.20052487964729, 33.730209606326021 ], [ -118.200537097633472, 33.730240565904147 ], [ -118.200549315619654, 33.730271522482745 ], [ -118.200563147878398, 33.730302002404592 ], [ -118.20057698193375, 33.730332482315546 ], [ -118.200590815090834, 33.730362962962857 ], [ -118.200604648247904, 33.730393442852169 ], [ -118.200618481404945, 33.730423922730701 ], [ -118.200633902783437, 33.730453865439195 ], [ -118.20064932506024, 33.730483808884344 ], [ -118.20066474823534, 33.730513751571941 ], [ -118.200680170512143, 33.730543694996186 ], [ -118.200695591890621, 33.730573636915793 ], [ -118.200712574541086, 33.730602984887788 ], [ -118.200729555394872, 33.730632332849751 ], [ -118.200746537147012, 33.730661680801695 ], [ -118.200763518000855, 33.730691028743593 ], [ -118.20078049975298, 33.73072037667545 ], [ -118.200799007742773, 33.730749072388114 ], [ -118.200817515732567, 33.73077776958538 ], [ -118.200836022824035, 33.73080646602596 ], [ -118.200854530813828, 33.730835162456927 ], [ -118.20087303880365, 33.730863858878315 ], [ -118.200893037098496, 33.730891847797508 ], [ -118.200913036291681, 33.730919837454678 ], [ -118.200933035484837, 33.73094782635561 ], [ -118.200953033779712, 33.730975816741619 ], [ -118.200973032972868, 33.731003805624304 ], [ -118.200994482945205, 33.73103103471032 ], [ -118.201015935612517, 33.731058263040659 ], [ -118.201037386483165, 33.7310854906152 ], [ -118.201058837353855, 33.731112719675352 ], [ -118.201080288224532, 33.731139947979713 ], [ -118.201103150348516, 33.73116636269895 ], [ -118.201126012472486, 33.731192777410058 ], [ -118.201148871901523, 33.731219191365938 ], [ -118.201171734025479, 33.731245606807889 ], [ -118.201194596149492, 33.731272021494554 ], [ -118.20121882461099, 33.73129757254322 ], [ -118.201243053072545, 33.731323122837175 ], [ -118.201267280635761, 33.731348673870556 ], [ -118.201291509097274, 33.731374222655162 ], [ -118.201315737558801, 33.731399773673338 ], [ -118.201341285645469, 33.731424411000646 ], [ -118.201366834630477, 33.731449046826746 ], [ -118.201392382717145, 33.731473683392863 ], [ -118.201417931702181, 33.731498319951911 ], [ -118.201443478890525, 33.731522955756731 ], [ -118.201470298093327, 33.731546630806349 ], [ -118.201497117296142, 33.731570305849445 ], [ -118.201523935600633, 33.731593981633104 ], [ -118.20155075390511, 33.731617656663133 ], [ -118.20157757310794, 33.731641331686632 ], [ -118.201605610426256, 33.731663999637725 ], [ -118.201633648642925, 33.731686666835678 ], [ -118.201661685961241, 33.731709334774749 ], [ -118.201689724177882, 33.731732002707879 ], [ -118.201717761496212, 33.731754670634977 ], [ -118.201746963031184, 33.731776287413744 ], [ -118.201776165464409, 33.731797904934169 ], [ -118.201805368795988, 33.731819521702057 ], [ -118.201834570330931, 33.731841138464482 ], [ -118.201863772764199, 33.731862755968521 ], [ -118.201894083718514, 33.731883280489697 ], [ -118.201924394672844, 33.731903805005913 ], [ -118.20195470472882, 33.73192432951722 ], [ -118.201985014784839, 33.731944854023624 ], [ -118.202015325739126, 33.731965378525103 ], [ -118.202046685027412, 33.731984770450339 ], [ -118.202078047908927, 33.732004163118233 ], [ -118.20210940719717, 33.732023555034708 ], [ -118.20214076828205, 33.732042946946741 ], [ -118.202172128468618, 33.732062338854448 ], [ -118.202204478598603, 33.732080560833737 ], [ -118.202236828728616, 33.732098783556225 ], [ -118.202269176163711, 33.732117007021941 ], [ -118.202301526293724, 33.732135229736699 ], [ -118.202333876423708, 33.732153451700562 ], [ -118.202367153615114, 33.732170468625114 ], [ -118.202400429908167, 33.73218748704042 ], [ -118.202433706201248, 33.732204504705315 ], [ -118.202466982494315, 33.732221523113878 ], [ -118.202500259685706, 33.732238540024937 ], [ -118.202534399259761, 33.732254319774086 ], [ -118.20256853883383, 33.732270099520342 ], [ -118.202602676611264, 33.732285880010792 ], [ -118.202636815286994, 33.732301659004158 ], [ -118.202670954861063, 33.732317439488803 ], [ -118.202705890342457, 33.732331950688895 ], [ -118.202740825823838, 33.732346462633572 ], [ -118.202775762203572, 33.73236097457584 ], [ -118.202810698583278, 33.732375486515664 ], [ -118.202845634962983, 33.732389998452973 ], [ -118.202881299876395, 33.732403214959653 ], [ -118.202916964789821, 33.732416429970144 ], [ -118.202952629703233, 33.732429645725666 ], [ -118.202988294616617, 33.732442861479171 ], [ -118.203023959530029, 33.732456076483544 ], [ -118.203060284705202, 33.732467970658064 ], [ -118.203096610778658, 33.732479864831006 ], [ -118.203132935055493, 33.732491759002293 ], [ -118.203169259332313, 33.732503651677753 ], [ -118.203205585405769, 33.732515545845736 ], [ -118.203242501672364, 33.732526094531742 ], [ -118.203279417938973, 33.732536643963535 ], [ -118.203316332408932, 33.732547194888156 ], [ -118.20335324867554, 33.732557743570268 ], [ -118.203390164942164, 33.732568292998103 ], [ -118.203427598638342, 33.732577476774189 ], [ -118.203465034131185, 33.732586660549345 ], [ -118.203502468725702, 33.732595845070506 ], [ -118.20353990332022, 33.732605029590722 ], [ -118.203577337914751, 33.732614214109958 ], [ -118.203615218971947, 33.732622015795705 ], [ -118.203653101825807, 33.732629816733713 ], [ -118.203690981984721, 33.732637617670946 ], [ -118.203728864838553, 33.732645420101704 ], [ -118.203766745895749, 33.73265322103753 ], [ -118.203805000652153, 33.73265962494645 ], [ -118.203843255408501, 33.732666028107737 ], [ -118.203881511063187, 33.732672432015704 ], [ -118.203919765819577, 33.732678835923146 ], [ -118.203958020575953, 33.732685239083061 ], [ -118.20399657626794, 33.732690232516475 ], [ -118.204035130163305, 33.732695226696684 ], [ -118.204073685855292, 33.73270021938248 ], [ -118.204112239750671, 33.732705213562099 ], [ -118.204150794544333, 33.732710206994405 ], [ -118.20418957481516, 33.732713780988831 ], [ -118.204228355085974, 33.732717354983116 ], [ -118.204267134458462, 33.732720927483079 ], [ -118.204305914729304, 33.732724501477058 ], [ -118.204344695000103, 33.732728074723859 ], [ -118.204383626187891, 33.732730221809547 ], [ -118.204422555579043, 33.732732369642214 ], [ -118.204461487665142, 33.732734515980773 ], [ -118.204500417954605, 33.732736663813334 ], [ -118.204539349142394, 33.732738810898859 ], [ -118.204578354890344, 33.732739526593981 ], [ -118.204617359739984, 33.732740243036183 ], [ -118.20465636458961, 33.732740958731313 ], [ -118.204695371235886, 33.732741674426478 ], [ -118.204734376983836, 33.732742390868658 ] ] ] } },
{ "type": "Feature", "properties": { "anchoragename": "Deep Draft D5", "location": "Los Angeles and Long Beach harbors, CA", "anchoragetype": "temporary", "Port": "LA_Long_Beach" }, "geometry": { "type": "Polygon", "coordinates": [ [ [ -118.175012149758189, 33.731631281942555 ], [ -118.175051154607857, 33.731630565491095 ], [ -118.175090161254118, 33.73162985053375 ], [ -118.175129165205419, 33.731629133335183 ], [ -118.17516817095337, 33.731628418377888 ], [ -118.175207175802996, 33.731627701179299 ], [ -118.175246106092473, 33.731625554066021 ], [ -118.175285036381936, 33.731623406952693 ], [ -118.175323965773089, 33.731621259839315 ], [ -118.175362896062595, 33.73161911347291 ], [ -118.175401826352029, 33.731616966359418 ], [ -118.175440605724518, 33.731613392319311 ], [ -118.175479385995359, 33.731609819026133 ], [ -118.175518165367862, 33.731606244985727 ], [ -118.17555694474035, 33.731602670945172 ], [ -118.175595725011163, 33.731599098398597 ], [ -118.175634278906514, 33.731594104154588 ], [ -118.175672833700204, 33.731589111404432 ], [ -118.175711387595555, 33.731584117159848 ], [ -118.17574994238926, 33.731579124409159 ], [ -118.175788496284625, 33.731574130163935 ], [ -118.175826751040972, 33.731567726921156 ], [ -118.175865004899052, 33.731561322930752 ], [ -118.175903259655428, 33.731554918939914 ], [ -118.175941512615168, 33.731548516442743 ], [ -118.175979768269855, 33.731542112450953 ], [ -118.176017649327065, 33.73153430991988 ], [ -118.1760555312826, 33.731526508882325 ], [ -118.176093411441514, 33.731518707096974 ], [ -118.176131293397034, 33.731510906057963 ], [ -118.176169174454259, 33.731503104271184 ], [ -118.176206608150466, 33.73149392038011 ], [ -118.176244041846672, 33.731484736488071 ], [ -118.17628147644119, 33.731475551847936 ], [ -118.176318911035693, 33.731466367953907 ], [ -118.176356344731914, 33.731457183311811 ], [ -118.176393260100198, 33.731446634494397 ], [ -118.176430175468482, 33.731436084928603 ], [ -118.176467089938456, 33.731425536108581 ], [ -118.176504005306739, 33.731414985793144 ], [ -118.176540919776699, 33.731404436970557 ], [ -118.176577245850169, 33.731392543395643 ], [ -118.176613570126989, 33.731380649072001 ], [ -118.176649895302134, 33.73136875474669 ], [ -118.176686220477279, 33.731356861166844 ], [ -118.176722544754128, 33.7313449668383 ], [ -118.176758210565836, 33.731331750915707 ], [ -118.176793875479248, 33.731318535738176 ], [ -118.176829539494349, 33.731305319811511 ], [ -118.176865204407761, 33.731292105377008 ], [ -118.176900869321173, 33.73127888944628 ], [ -118.176935803904243, 33.731264377320997 ], [ -118.176970740283949, 33.73124986519332 ], [ -118.177005673968736, 33.731235353810241 ], [ -118.177040609450131, 33.73122084242469 ], [ -118.17707554493154, 33.731206330289595 ], [ -118.177109684505595, 33.731190550347719 ], [ -118.177143822283, 33.731174770402937 ], [ -118.177177960958758, 33.731158989708156 ], [ -118.177212097837852, 33.731143209757569 ], [ -118.177246238310232, 33.731127429804069 ], [ -118.177279514603299, 33.73111041192557 ], [ -118.177312789998055, 33.731093394790847 ], [ -118.177346065392825, 33.731076378399734 ], [ -118.177379342584203, 33.731059359764053 ], [ -118.177412617978945, 33.731042341872119 ], [ -118.177444968108958, 33.731024119672313 ], [ -118.17747731734066, 33.731005896721584 ], [ -118.177509666572348, 33.730987675261154 ], [ -118.177542016702361, 33.730969453049781 ], [ -118.177574365035753, 33.730951230087456 ], [ -118.177605725222307, 33.730931837928644 ], [ -118.177637085408875, 33.730912445018411 ], [ -118.177668445595444, 33.730893054345046 ], [ -118.177699804883702, 33.730873660678945 ], [ -118.177731165070284, 33.730854269249704 ], [ -118.177761475126275, 33.730833743735353 ], [ -118.177791785182279, 33.730813219710292 ], [ -118.17782209613658, 33.730792695680272 ], [ -118.177852406192613, 33.730772170898284 ], [ -118.17788271624859, 33.730751646858508 ], [ -118.177911918681858, 33.7307300290745 ], [ -118.177941120216801, 33.730708412779258 ], [ -118.177970322650054, 33.730686795731472 ], [ -118.177999525083322, 33.73066517867823 ], [ -118.178028726618237, 33.730643561619551 ], [ -118.178056763936581, 33.730620892651842 ], [ -118.17808480125494, 33.730598225172294 ], [ -118.178112838573256, 33.730575557686819 ], [ -118.178140874993261, 33.730552890195298 ], [ -118.17816891320993, 33.730530221950744 ], [ -118.178195731514407, 33.730506546620688 ], [ -118.178222548920573, 33.730482872031203 ], [ -118.178249367225064, 33.730459196688095 ], [ -118.17827618642788, 33.73043552208555 ], [ -118.178303004732371, 33.730411846729361 ], [ -118.178328551920742, 33.730387209858392 ], [ -118.178354100007439, 33.73036257372744 ], [ -118.178379647195783, 33.730337936842318 ], [ -118.17840519618079, 33.73031330069729 ], [ -118.178430744267459, 33.730288663798021 ], [ -118.178454970932378, 33.730263113943153 ], [ -118.178479199393877, 33.730237562586474 ], [ -118.178503428753743, 33.730212014210608 ], [ -118.178527656316959, 33.730186462838716 ], [ -118.178551884778472, 33.730160912953416 ], [ -118.178574745105806, 33.73013449792473 ], [ -118.17859760722979, 33.73010808288786 ], [ -118.178620468455463, 33.730081668589968 ], [ -118.178643331477772, 33.730055252789718 ], [ -118.178666192703417, 33.730028838475569 ], [ -118.178687643574094, 33.730001609818594 ], [ -118.178709093546431, 33.729974381900142 ], [ -118.178730544417135, 33.729947152478779 ], [ -118.178751994389472, 33.729919924543047 ], [ -118.178773445260163, 33.729892695851518 ], [ -118.178793443555008, 33.729864706606435 ], [ -118.178813442748194, 33.729836718099335 ], [ -118.178833440144686, 33.729808728088877 ], [ -118.178853439337871, 33.729780738816409 ], [ -118.178873437632717, 33.729752748787696 ], [ -118.178891945622539, 33.729724052741815 ], [ -118.178910453612332, 33.729695356686371 ], [ -118.178928960703828, 33.729666659874241 ], [ -118.178947469591932, 33.729637963799611 ], [ -118.178965976683443, 33.729609266968289 ], [ -118.178982958435569, 33.729579918656434 ], [ -118.178999938391044, 33.729550571828774 ], [ -118.17901692014317, 33.729521223496839 ], [ -118.179033900098673, 33.729491875901928 ], [ -118.179050882749124, 33.729462527549984 ], [ -118.179066304127616, 33.729432584495584 ], [ -118.179081726404391, 33.729402641430681 ], [ -118.179097148681208, 33.729372699102505 ], [ -118.179112570059701, 33.72934275601677 ], [ -118.179127992336475, 33.729312812920575 ], [ -118.179141825493545, 33.729282333394508 ], [ -118.1791556586506, 33.729251853857605 ], [ -118.17916949180767, 33.729221373562822 ], [ -118.179183324066415, 33.729190894004269 ], [ -118.179197157223456, 33.729160413687772 ], [ -118.17920937341303, 33.729129455961242 ], [ -118.179221591399184, 33.729098496729371 ], [ -118.179233808487069, 33.729067539727666 ], [ -118.179246026473251, 33.729036580473455 ], [ -118.179258243561094, 33.729005622702246 ], [ -118.179268820325262, 33.728974245794035 ], [ -118.179279397987742, 33.728942869621463 ], [ -118.179289977446828, 33.72891149194318 ], [ -118.179300555109307, 33.728880115747657 ], [ -118.179311133670083, 33.728848738793552 ], [ -118.179320051245924, 33.728817003963997 ], [ -118.179328970618357, 33.728785268375646 ], [ -118.179337887295873, 33.728753535016907 ], [ -118.17934680666832, 33.728721799405079 ], [ -118.179355724244147, 33.728690064528578 ], [ -118.179362965563683, 33.728658033785756 ], [ -118.179370207781488, 33.72862600228386 ], [ -118.179377449100997, 33.728593971517114 ], [ -118.179384691318802, 33.728561939991302 ], [ -118.17939193263831, 33.728529908453531 ], [ -118.179397482430133, 33.728497642311538 ], [ -118.179403033120295, 33.728465375410323 ], [ -118.179408584708739, 33.728433109991187 ], [ -118.179414134500561, 33.728400843812786 ], [ -118.179419685190709, 33.728368577622255 ], [ -118.179423534471695, 33.728336138837101 ], [ -118.179427381956046, 33.728303699292546 ], [ -118.179431231237047, 33.72827126048287 ], [ -118.179435079619722, 33.728238821660923 ], [ -118.179438929799048, 33.728206382826713 ], [ -118.179441069586062, 33.728173834901909 ], [ -118.179443209373048, 33.728141286217614 ], [ -118.179445349160062, 33.728108736773855 ], [ -118.179447488947048, 33.728076188812011 ], [ -118.179449629632387, 33.728043639343618 ], [ -118.179450055433819, 33.728011043541798 ], [ -118.179450482133575, 33.727978447727644 ], [ -118.179450910629996, 33.72794585264819 ], [ -118.179451336431413, 33.727913256809224 ], [ -118.179451763131183, 33.727880660210808 ], [ -118.179450476743682, 33.727848080783666 ], [ -118.179449189457898, 33.727815500596968 ], [ -118.1794479021721, 33.727782919650828 ], [ -118.179446614886302, 33.727750339439453 ], [ -118.179445328498801, 33.727717759215714 ], [ -118.17944232902407, 33.727685258173857 ], [ -118.179439330447664, 33.727652757866878 ], [ -118.179436331871216, 33.727620255306213 ], [ -118.179433334193149, 33.727587754227493 ], [ -118.179430335616701, 33.72755525238933 ], [ -118.179425631139566, 33.727522892491159 ], [ -118.179420926662445, 33.72749053332798 ], [ -118.179416223083606, 33.72745817340541 ], [ -118.179411518606443, 33.727425813470681 ], [ -118.179406814129294, 33.727393453523767 ], [ -118.17940041453123, 33.72736129752812 ], [ -118.179394014034813, 33.727329141520386 ], [ -118.179387612640113, 33.727296984753536 ], [ -118.179381211245385, 33.727264828721758 ], [ -118.179374811647293, 33.727232672677921 ], [ -118.179366725911436, 33.727200782596846 ], [ -118.179358641073875, 33.727168892503968 ], [ -118.179350556236315, 33.727137001652117 ], [ -118.179342471398755, 33.727105112282679 ], [ -118.179334386561223, 33.727073221407132 ], [ -118.179324632653845, 33.72704165925331 ], [ -118.179314880543146, 33.727010096340742 ], [ -118.179305126635796, 33.72697853341657 ], [ -118.179295373626744, 33.726946971227996 ], [ -118.179285618821055, 33.726915408280597 ], [ -118.179274216505178, 33.726884234572786 ], [ -118.179262813290947, 33.726853059359385 ], [ -118.17925140917842, 33.726821886376058 ], [ -118.179240005964203, 33.726790711139998 ], [ -118.179228604546623, 33.726759537386904 ], [ -118.179215573585097, 33.726728812644275 ], [ -118.17920254352191, 33.726698086396432 ], [ -118.179189510763777, 33.72666736013759 ], [ -118.179176479802265, 33.726636634614877 ], [ -118.179163449739079, 33.726605909081115 ], [ -118.179148816183087, 33.726575692329092 ], [ -118.179134182627109, 33.726545474072203 ], [ -118.179119549969457, 33.726515256551771 ], [ -118.179104916413465, 33.726485038273552 ], [ -118.179090281959162, 33.726454821478974 ], [ -118.179074074554819, 33.726425169501859 ], [ -118.179057866252151, 33.726395518261654 ], [ -118.17904165884778, 33.726365866264061 ], [ -118.179025451443408, 33.726336214256222 ], [ -118.179009243140754, 33.726306563732422 ], [ -118.178991493329079, 33.726277534062085 ], [ -118.178973741720725, 33.726248506623307 ], [ -118.178955991909021, 33.726219479174709 ], [ -118.17893824119902, 33.726190451716306 ], [ -118.178920490488991, 33.726161423500983 ], [ -118.178901231507623, 33.726133074416659 ], [ -118.17888197072962, 33.726104726070176 ], [ -118.178862711748252, 33.726076377714307 ], [ -118.178843451868559, 33.726048029349052 ], [ -118.178824192887191, 33.726019680227317 ], [ -118.178803462465368, 33.725992066273079 ], [ -118.178782731145247, 33.725964452309917 ], [ -118.178761999825113, 33.725936837590716 ], [ -118.178741268504979, 33.725909223609833 ], [ -118.178720537184873, 33.725881608125718 ], [ -118.178698374848494, 33.725854782351433 ], [ -118.178676211613791, 33.725827955074458 ], [ -118.178654050175709, 33.725801128536268 ], [ -118.178631886941034, 33.725774301242524 ], [ -118.178609724604669, 33.725747475434702 ], [ -118.178586172574541, 33.725721487154871 ], [ -118.178562622341076, 33.725695499614268 ], [ -118.178539070310947, 33.725669512065842 ], [ -118.178515520077468, 33.725643524509557 ], [ -118.178491968047325, 33.725617536198257 ], [ -118.178467073035861, 33.725592439210381 ], [ -118.178442178922708, 33.725567340720957 ], [ -118.178417283911244, 33.725542242224165 ], [ -118.17839238889978, 33.725517144467169 ], [ -118.178367494786613, 33.725492046702833 ], [ -118.178341305302851, 33.725467886586202 ], [ -118.178315115819018, 33.725443726462771 ], [ -118.17828892453862, 33.725419566332533 ], [ -118.178262735953126, 33.72539540544836 ], [ -118.178236545571025, 33.72537124530453 ], [ -118.178209111022241, 33.725348069132707 ], [ -118.178181676473486, 33.725324894448882 ], [ -118.178154242823013, 33.725301718264546 ], [ -118.178126808274229, 33.725278542073966 ], [ -118.178099372827148, 33.725255366624197 ], [ -118.178070747112301, 33.725233219976609 ], [ -118.178042120499128, 33.725211073323308 ], [ -118.178013494784295, 33.725188927411381 ], [ -118.177984868171151, 33.725166779999498 ], [ -118.177956241557979, 33.725144634076209 ], [ -118.17792647947428, 33.725123560290861 ], [ -118.177896716492313, 33.725102485006104 ], [ -118.177866953510303, 33.725081411210404 ], [ -118.177837190528322, 33.725060336662445 ], [ -118.177807428444638, 33.725039262109256 ], [ -118.177776586585992, 33.725019300041517 ], [ -118.177745744727332, 33.724999337969074 ], [ -118.177714902868686, 33.724979377386305 ], [ -118.177684061908352, 33.724959415304575 ], [ -118.177653220049706, 33.724939453218262 ], [ -118.177621358603204, 33.724920643217537 ], [ -118.177589497156703, 33.724901832465534 ], [ -118.177557635710215, 33.724883020962253 ], [ -118.177525775162025, 33.724864211696321 ], [ -118.177493913715537, 33.724845400184797 ], [ -118.177461093766638, 33.724827777370592 ], [ -118.177428275614361, 33.724810154552785 ], [ -118.177395455665433, 33.724792530984253 ], [ -118.177362637513184, 33.724774908159198 ], [ -118.177329817564271, 33.724757285330533 ], [ -118.177296103791647, 33.724740883327925 ], [ -118.177262390019038, 33.724724481322234 ], [ -118.177228675348118, 33.724708080060516 ], [ -118.177194962473806, 33.724691679542872 ], [ -118.177161248701211, 33.724675277527737 ], [ -118.177126705783593, 33.724660129214662 ], [ -118.177092161069325, 33.72464498015178 ], [ -118.177057617253396, 33.724629832580462 ], [ -118.177023073437468, 33.724614683512229 ], [ -118.17698853051985, 33.72459953518841 ], [ -118.176953224932561, 33.724585668959648 ], [ -118.176917918446946, 33.724571803475733 ], [ -118.176882611063007, 33.724557937242501 ], [ -118.176847304577393, 33.724544071006953 ], [ -118.176811998990104, 33.72453020551638 ], [ -118.176775997208466, 33.724517648272226 ], [ -118.176739996325125, 33.724505092520545 ], [ -118.176703996340123, 33.724492534525609 ], [ -118.176667995456796, 33.724479978023105 ], [ -118.176631993675159, 33.724467421518817 ], [ -118.176595367564389, 33.724456198665223 ], [ -118.176558741453604, 33.724444974315858 ], [ -118.176522114444538, 33.72443375145933 ], [ -118.176485488333753, 33.724422527107023 ], [ -118.176448862223012, 33.72441130424756 ], [ -118.176411680953407, 33.724401436707197 ], [ -118.176374500582128, 33.724391567671439 ], [ -118.176337318414184, 33.724381699381709 ], [ -118.176300138941215, 33.724371830343678 ], [ -118.176262957671582, 33.724361962051674 ], [ -118.176225293108374, 33.72435346850569 ], [ -118.176187629443433, 33.724344974211697 ], [ -118.176149966676832, 33.724336480664022 ], [ -118.176112302113609, 33.724327985621194 ], [ -118.176074638448696, 33.724319491324685 ], [ -118.176036564253678, 33.724312388212347 ], [ -118.175998490058703, 33.724305284352255 ], [ -118.17596041766032, 33.72429818049158 ], [ -118.17592234256702, 33.724291076630358 ], [ -118.175884268372002, 33.724283973515668 ], [ -118.175845858207069, 33.724278273540264 ], [ -118.175807447143868, 33.724272574311634 ], [ -118.175769036080609, 33.724266874335463 ], [ -118.175730626814016, 33.724261174358979 ], [ -118.175692215750772, 33.724255475129205 ], [ -118.175653542379493, 33.724251190993698 ], [ -118.175614870804822, 33.724246907605192 ], [ -118.175576196535218, 33.724242622722144 ], [ -118.175537524062221, 33.724238338586048 ], [ -118.175498851589253, 33.724234054449738 ], [ -118.175459989571706, 33.724231193626757 ], [ -118.17542112845257, 33.724228333550897 ], [ -118.175382268231658, 33.724225471233524 ], [ -118.175343407112479, 33.724222611157415 ], [ -118.175304545094974, 33.724219750334115 ], [ -118.175265571686367, 33.724218318054575 ], [ -118.17522659827776, 33.724216887269279 ], [ -118.175187623970842, 33.724215455736811 ], [ -118.175148651460546, 33.724214023457215 ], [ -118.175109677153657, 33.724212591177533 ], [ -118.175070666015813, 33.724212591177533 ], [ -118.175031653979644, 33.724212591177533 ], [ -118.174992643740111, 33.724212592671847 ], [ -118.174953632602296, 33.724212592671847 ], [ -118.174914621464424, 33.724212591177533 ], [ -118.174875646259181, 33.724214023457215 ], [ -118.174836671952292, 33.724215455736811 ], [ -118.174797700340321, 33.724216886522129 ], [ -118.174758726033389, 33.724218318054575 ], [ -118.17471975262481, 33.724219750334115 ], [ -118.174680891505588, 33.724222610410308 ], [ -118.174642029488098, 33.724225472727788 ], [ -118.174603169267215, 33.724228332056626 ], [ -118.17456430724971, 33.724231193626757 ], [ -118.174525446130531, 33.724234054449738 ], [ -118.174486774555859, 33.724238338586048 ], [ -118.174448101184566, 33.724242623469308 ], [ -118.174409426914949, 33.724246907605192 ], [ -118.174370754441981, 33.724251191740855 ], [ -118.174332081070659, 33.724255476623469 ], [ -118.174293670905755, 33.724261175106072 ], [ -118.174255259842525, 33.724266875082627 ], [ -118.174216850575917, 33.72427257356447 ], [ -118.174178439512659, 33.724278273540264 ], [ -118.174140029347782, 33.724283973515668 ], [ -118.174101955152764, 33.724291077377465 ], [ -118.17406388095776, 33.72429818123873 ], [ -118.174025806762742, 33.724305284352255 ], [ -118.173987732567767, 33.724312388212347 ], [ -118.173949659271059, 33.724319491324685 ], [ -118.173911996504472, 33.724327986368358 ], [ -118.173874331042924, 33.724336480664022 ], [ -118.173836668276294, 33.724344974211697 ], [ -118.173799002814775, 33.72435346850569 ], [ -118.173761340048173, 33.724361962798838 ], [ -118.173724158778555, 33.724371831837999 ], [ -118.173686978407261, 33.724381699381709 ], [ -118.173649798035981, 33.724391567671439 ], [ -118.173612616766349, 33.724401436707197 ], [ -118.173575436395069, 33.72441130424756 ], [ -118.173538809385974, 33.724422528601281 ], [ -118.173502183275218, 33.72443375145933 ], [ -118.173465556266152, 33.724444975810123 ], [ -118.173428931053692, 33.724456198665223 ], [ -118.173392304044626, 33.724467421518817 ], [ -118.17335630226296, 33.724479978770262 ], [ -118.173320302277986, 33.724492535272773 ], [ -118.173284299598009, 33.724505091773445 ], [ -118.173248299612979, 33.724517648272226 ], [ -118.17321229872968, 33.72453020551638 ], [ -118.173176992244052, 33.724544071754103 ], [ -118.173141685758438, 33.724557937242501 ], [ -118.173106380171134, 33.724571803475733 ], [ -118.173071073685549, 33.724585669706755 ], [ -118.173035767199934, 33.72459953518841 ], [ -118.173001224282316, 33.724614683512229 ], [ -118.172966681364684, 33.724629832580462 ], [ -118.172932135752092, 33.72464498089888 ], [ -118.172897592834488, 33.724660128467519 ], [ -118.17286304991687, 33.724675277527737 ], [ -118.172829336144261, 33.724691679542872 ], [ -118.172795622371638, 33.724708080807673 ], [ -118.172761907700746, 33.724724482816541 ], [ -118.172728194826433, 33.724740883327925 ], [ -118.172694480155513, 33.724757285330533 ], [ -118.172661662003208, 33.724774908906298 ], [ -118.172628842054309, 33.724792531731346 ], [ -118.17259602300372, 33.724810154552785 ], [ -118.172563203054807, 33.724827777370592 ], [ -118.172530384902544, 33.724845400931947 ], [ -118.172498522557703, 33.724864210949164 ], [ -118.172466662009569, 33.72488302170941 ], [ -118.172434799664728, 33.724901832465534 ], [ -118.172402939116566, 33.72492064396463 ], [ -118.17237107767005, 33.724939453965362 ], [ -118.172340235811404, 33.724959415304575 ], [ -118.172309393952759, 33.724979377386305 ], [ -118.172278552992438, 33.724999338716231 ], [ -118.172247711133792, 33.725019300788674 ], [ -118.172216869275118, 33.725039262856413 ], [ -118.172187107191434, 33.725060337409595 ], [ -118.172157344209452, 33.725081411957561 ], [ -118.172127581227471, 33.725102486500354 ], [ -118.172097818245476, 33.725123560290861 ], [ -118.172068056161791, 33.725144634823302 ], [ -118.172039429548633, 33.725166781493805 ], [ -118.172010803833786, 33.725188927411381 ], [ -118.171982177220613, 33.725211074817551 ], [ -118.171953550607469, 33.725233220723759 ], [ -118.171924924892636, 33.725255367371346 ], [ -118.171897489445527, 33.725278542821101 ], [ -118.171870055795068, 33.725301719011696 ], [ -118.171842621246284, 33.725324893701782 ], [ -118.171815186697515, 33.725348069879857 ], [ -118.171787752148731, 33.725371244557429 ], [ -118.171761562664955, 33.725395404701267 ], [ -118.171735372282853, 33.725419565585398 ], [ -118.171709182799034, 33.725443725715678 ], [ -118.171682991518622, 33.725467886586202 ], [ -118.171656802933128, 33.725492046702833 ], [ -118.171631907921693, 33.725517144467169 ], [ -118.171607013808512, 33.725542242971315 ], [ -118.171582118797048, 33.725567340720957 ], [ -118.171557224683895, 33.725592438463281 ], [ -118.171532329672431, 33.72561753694535 ], [ -118.171508778540613, 33.725643524509557 ], [ -118.171485227408809, 33.725669512065842 ], [ -118.171461675378708, 33.725695499614268 ], [ -118.171438125145201, 33.725721486407728 ], [ -118.171414574013397, 33.725747474687559 ], [ -118.171392410778722, 33.725774301989667 ], [ -118.171370248442358, 33.725801128536268 ], [ -118.171348085207654, 33.725827955821607 ], [ -118.171325923769615, 33.725854783098576 ], [ -118.171303759636601, 33.725881608872861 ], [ -118.171283029214777, 33.72590922286269 ], [ -118.171262297894643, 33.725936837590716 ], [ -118.171241567472833, 33.725964451562774 ], [ -118.171220837051024, 33.725992067020179 ], [ -118.171200104832593, 33.726019680974467 ], [ -118.171180845851197, 33.72604803009618 ], [ -118.171161586869829, 33.726076378461407 ], [ -118.171142326990136, 33.726104726817319 ], [ -118.17112306800874, 33.726133075163808 ], [ -118.171103808129089, 33.726161423500983 ], [ -118.171086057419089, 33.726190451716306 ], [ -118.17106830670906, 33.726219479921859 ], [ -118.171050555999031, 33.726248508117536 ], [ -118.171032804390705, 33.726277535556321 ], [ -118.171015054579001, 33.726306563732422 ], [ -118.170998845378008, 33.726336215003357 ], [ -118.170982638871976, 33.726365867011204 ], [ -118.170966430569294, 33.726395517514518 ], [ -118.170950224063276, 33.726425169501859 ], [ -118.170934015760594, 33.726454820731824 ], [ -118.170919382204602, 33.726485039020687 ], [ -118.170904748648638, 33.726515256551771 ], [ -118.170890115092661, 33.726545474819289 ], [ -118.170875481536697, 33.726575691581964 ], [ -118.170860848879016, 33.726605909828258 ], [ -118.17084781701918, 33.726636636109099 ], [ -118.170834786955979, 33.726667360884733 ], [ -118.170821755994481, 33.726698087143575 ], [ -118.170808725931295, 33.726728811897189 ], [ -118.170795694969755, 33.72675953813404 ], [ -118.170784291755567, 33.726790711887134 ], [ -118.170772888541364, 33.726821885628922 ], [ -118.170761484428795, 33.726853060853657 ], [ -118.170750081214592, 33.72688423382565 ], [ -118.170738678898672, 33.726915409027725 ], [ -118.170728924991337, 33.72694697197506 ], [ -118.170719171982299, 33.726978534163713 ], [ -118.170709418074935, 33.727010097087884 ], [ -118.170699665065911, 33.727041660000438 ], [ -118.170689911158533, 33.72707322215426 ], [ -118.17068182542269, 33.727105113029815 ], [ -118.170673741483441, 33.727137003146389 ], [ -118.17066565574757, 33.727168893251104 ], [ -118.17065757180832, 33.727200782596846 ], [ -118.17064948697076, 33.727232674172129 ], [ -118.17064308557606, 33.727264828721758 ], [ -118.170636685977954, 33.727296986247794 ], [ -118.170630284583254, 33.727329142267536 ], [ -118.170623884086851, 33.727361298275206 ], [ -118.170617482692151, 33.727393454270896 ], [ -118.170612780011623, 33.727425814217824 ], [ -118.170608075534474, 33.727458172658331 ], [ -118.170603371057339, 33.727490534075109 ], [ -118.17059866658019, 33.727522893985423 ], [ -118.170593963001352, 33.727555253136408 ], [ -118.17059096442496, 33.727587754974579 ], [ -118.170587965848512, 33.727620256053342 ], [ -118.17058496727212, 33.727652757866878 ], [ -118.170581967797375, 33.727685258920985 ], [ -118.17057897011928, 33.727717760709901 ], [ -118.170577681935171, 33.727750340933703 ], [ -118.170576395547684, 33.727782921145085 ], [ -118.170575109160183, 33.727815501344089 ], [ -118.170573822772681, 33.727848080783666 ], [ -118.170572534588601, 33.727880660957936 ], [ -118.17057296218664, 33.727913256809224 ], [ -118.170573388886424, 33.727945851901062 ], [ -118.170573814687842, 33.727978447727644 ], [ -118.170574242285937, 33.72801104428892 ], [ -118.170574668985694, 33.728043640090682 ], [ -118.170576807874383, 33.728076188812011 ], [ -118.170578947661397, 33.728108736773855 ], [ -118.170581089245019, 33.728141286217614 ], [ -118.170583229032033, 33.728173834901909 ], [ -118.170585367920708, 33.72820638432092 ], [ -118.170589217201723, 33.728238823155124 ], [ -118.170593066482709, 33.728271261229992 ], [ -118.170596914865399, 33.728303700039675 ], [ -118.170600765044696, 33.728336138837101 ], [ -118.170604614325683, 33.728368578369377 ], [ -118.17061016501583, 33.728400843812786 ], [ -118.170615714807667, 33.728433110738301 ], [ -118.170621265497815, 33.728465376157395 ], [ -118.170626816187919, 33.728497643058645 ], [ -118.170632366878081, 33.728529909200653 ], [ -118.17063960819759, 33.728561941485488 ], [ -118.170646848618773, 33.728593972264228 ], [ -118.170654090836607, 33.728626003030975 ], [ -118.170661332156101, 33.728658033785756 ], [ -118.17066857437392, 33.728690065275707 ], [ -118.17067749194976, 33.728721800152144 ], [ -118.170686409525572, 33.728753535016907 ], [ -118.170695328898034, 33.728785269122753 ], [ -118.170704247372186, 33.728817003963997 ], [ -118.170713164947983, 33.728848738793552 ], [ -118.170723742610477, 33.728880116494722 ], [ -118.170734321171238, 33.72891149194318 ], [ -118.170744898833732, 33.72894287036852 ], [ -118.170755477394493, 33.728974245794035 ], [ -118.170766055056959, 33.729005623449375 ], [ -118.170778273043169, 33.729036581220512 ], [ -118.170790489232715, 33.729067540474738 ], [ -118.170802707218868, 33.729098497476485 ], [ -118.170814923408443, 33.729129455961242 ], [ -118.170827141394597, 33.729160414434887 ], [ -118.17084097365337, 33.729190894004269 ], [ -118.170854806810411, 33.729221374309873 ], [ -118.170868639967466, 33.729251853110483 ], [ -118.170882474022847, 33.729282333394508 ], [ -118.170896306281591, 33.729312812920575 ], [ -118.170911729456719, 33.72934275601677 ], [ -118.170927150835183, 33.729372699102505 ], [ -118.170942572213676, 33.729402642177803 ], [ -118.170957993592168, 33.729432585242648 ], [ -118.170973415868957, 33.729462528297042 ], [ -118.170990397621082, 33.729491875901928 ], [ -118.171007378474897, 33.729521224243896 ], [ -118.171024360227037, 33.729550571081646 ], [ -118.171041341080851, 33.729579919403548 ], [ -118.171058322832977, 33.729609266968289 ], [ -118.171076829924459, 33.729637964546725 ], [ -118.171095337914252, 33.729666659874241 ], [ -118.171113845005749, 33.729695355939263 ], [ -118.171132353893853, 33.729724053488916 ], [ -118.17115086098535, 33.729752749534754 ], [ -118.171170860178492, 33.729780738069294 ], [ -118.171190858473366, 33.729808728088877 ], [ -118.171210856768226, 33.729836718099335 ], [ -118.171230854164762, 33.729864707353542 ], [ -118.171250853357947, 33.729892696598625 ], [ -118.171272303330312, 33.729919925290105 ], [ -118.171293755099271, 33.729947153225886 ], [ -118.171315205071622, 33.729974381900142 ], [ -118.171336655942298, 33.730001610565694 ], [ -118.171358105914663, 33.730028838475569 ], [ -118.171380968038619, 33.730055253536825 ], [ -118.171403830162603, 33.730081668589968 ], [ -118.171426690489966, 33.73010808288786 ], [ -118.17144955261395, 33.73013449792473 ], [ -118.171472412941284, 33.730160912953416 ], [ -118.171496641402811, 33.730186463585817 ], [ -118.171520868966041, 33.7302120134635 ], [ -118.171545098325865, 33.730237564080689 ], [ -118.171569325889095, 33.730263113943153 ], [ -118.171593554350622, 33.730288664545128 ], [ -118.171619102437305, 33.730313301444347 ], [ -118.171644650523973, 33.730337937589425 ], [ -118.171670196814034, 33.730362574474547 ], [ -118.171695744900703, 33.73038721135255 ], [ -118.171721292987385, 33.730411847476418 ], [ -118.171748112190215, 33.73043552208555 ], [ -118.171774930494692, 33.730459197435195 ], [ -118.171801747900872, 33.730482871284096 ], [ -118.171828567103688, 33.730506547367796 ], [ -118.171855385408179, 33.730530221950744 ], [ -118.171883422726495, 33.730552889448248 ], [ -118.171911460044825, 33.730575558433934 ], [ -118.17193949826148, 33.730598225172294 ], [ -118.17196753557981, 33.730620894146043 ], [ -118.17199557199983, 33.730643561619551 ], [ -118.172024774433098, 33.73066517793113 ], [ -118.172053975069701, 33.730686794984365 ], [ -118.17208317840128, 33.730708413526365 ], [ -118.172112379037898, 33.730730030568708 ], [ -118.172141581471166, 33.730751647605608 ], [ -118.172171891527171, 33.730772171645391 ], [ -118.172202201583161, 33.730792696427372 ], [ -118.172232512537505, 33.730813220457392 ], [ -118.172262822593481, 33.730833744482453 ], [ -118.1722931326495, 33.730854269249704 ], [ -118.172324491937744, 33.730873661426038 ], [ -118.172355853022623, 33.730893053597931 ], [ -118.172387213209191, 33.730912445018411 ], [ -118.17241857429407, 33.730931837181608 ], [ -118.172449933582328, 33.730951229340356 ], [ -118.17248228281403, 33.730969452302681 ], [ -118.172514632045718, 33.730987674514097 ], [ -118.172546981277421, 33.731005897468684 ], [ -118.172579330509123, 33.731024120419413 ], [ -118.172611679740811, 33.731042342619155 ], [ -118.172644955135553, 33.731059360511161 ], [ -118.172678232326959, 33.731076378399734 ], [ -118.172711507721729, 33.731093395537883 ], [ -118.172744783116471, 33.731110413419771 ], [ -118.172778060307834, 33.731127431298276 ], [ -118.172812199881903, 33.731143211251769 ], [ -118.172846338557633, 33.731158991202349 ], [ -118.172880475436756, 33.731174770402937 ], [ -118.172914614112486, 33.731190550347719 ], [ -118.172948753686555, 33.731206330289595 ], [ -118.172983689167978, 33.73122084242469 ], [ -118.173018624649359, 33.731235354557278 ], [ -118.173053559232443, 33.73124986519332 ], [ -118.173088494713824, 33.731264377320997 ], [ -118.173123430195247, 33.73127888944628 ], [ -118.173159094210348, 33.731292105377008 ], [ -118.17319475912376, 33.731305320558612 ], [ -118.173230424935468, 33.731318536485269 ], [ -118.17326608984888, 33.731331750915707 ], [ -118.173301753863981, 33.731344968332436 ], [ -118.173338078140802, 33.731356861913937 ], [ -118.173374403315947, 33.731368755493797 ], [ -118.173410727592767, 33.731380649072001 ], [ -118.173447053666223, 33.731392543395643 ], [ -118.173483377943057, 33.731404436970557 ], [ -118.173520292413016, 33.731414986540237 ], [ -118.173557207781329, 33.731425535361545 ], [ -118.173594124047938, 33.731436084928603 ], [ -118.173631038517868, 33.731446634494397 ], [ -118.173667953886181, 33.731457183311811 ], [ -118.173705387582388, 33.731466367953907 ], [ -118.173742823075202, 33.731475551100829 ], [ -118.173780256771408, 33.731484736488071 ], [ -118.173817690467615, 33.731493919633024 ], [ -118.173855125960472, 33.731503104271184 ], [ -118.173893007017682, 33.73151090531087 ], [ -118.173930886278271, 33.731518707096974 ], [ -118.173968767335481, 33.731526509629425 ], [ -118.174006648392677, 33.731534311414066 ], [ -118.17404452944993, 33.731542112450953 ], [ -118.174082785104588, 33.731548516442743 ], [ -118.174121039860964, 33.731554918939914 ], [ -118.174159292820704, 33.731561322183708 ], [ -118.174197547577094, 33.731567726174063 ], [ -118.17423580233347, 33.731574130163935 ], [ -118.174274357127132, 33.731579122914972 ], [ -118.174312911022511, 33.731584117159848 ], [ -118.174351465816187, 33.731589109910303 ], [ -118.174390019711538, 33.731594104154588 ], [ -118.174428574505228, 33.731599096904461 ], [ -118.174467353877731, 33.731602670945172 ], [ -118.174506134148558, 33.731606244985727 ], [ -118.174544912622736, 33.73160981827904 ], [ -118.174583691995224, 33.731613392319311 ], [ -118.174622472266037, 33.731616966359418 ], [ -118.174661401657218, 33.73161911347291 ], [ -118.174700331946667, 33.731621260586351 ], [ -118.17473926223613, 33.731623406952693 ], [ -118.174778191627283, 33.731625554066021 ], [ -118.17481712191676, 33.731627701179299 ], [ -118.174856127664711, 33.731628416883702 ], [ -118.174895132514337, 33.731629133335183 ], [ -118.174934139160612, 33.731629849039564 ], [ -118.174973144908563, 33.731630566238138 ], [ -118.175012149758189, 33.731631281942555 ] ] ] } },
{ "type": "Feature", "properties": { "anchoragename": "Deep Draft D6", "location": "Los Angeles and Long Beach harbors, CA", "anchoragetype": "temporary", "Port": "LA_Long_Beach" }, "geometry": { "type": "Polygon", "coordinates": [ [ [ -118.165984370410328, 33.731631282689598 ], [ -118.166023376158279, 33.731630566985231 ], [ -118.166062381007904, 33.731629849786657 ], [ -118.166101386755841, 33.731629134829376 ], [ -118.166140392503806, 33.731628418377888 ], [ -118.166179397353446, 33.73162770192635 ], [ -118.166218328541234, 33.731625555560157 ], [ -118.166257257034061, 33.731623408446836 ], [ -118.166296187323539, 33.731621260586351 ], [ -118.166335117613002, 33.731619114967103 ], [ -118.166374047004155, 33.731616967853604 ], [ -118.166412827274954, 33.73161339381349 ], [ -118.166451606647456, 33.731609820520276 ], [ -118.166490386019973, 33.731606246479856 ], [ -118.166529166290786, 33.731602673933487 ], [ -118.166567945663274, 33.731599099892783 ], [ -118.166606500456965, 33.731594105648774 ], [ -118.166645054352344, 33.731589111404432 ], [ -118.166683608247695, 33.731584118654034 ], [ -118.16672216214306, 33.731579124409159 ], [ -118.166760717835047, 33.731574130911028 ], [ -118.166798972591423, 33.731567727668264 ], [ -118.166837226449474, 33.731561324424938 ], [ -118.166875480307539, 33.731554919687014 ], [ -118.166913734165618, 33.731548516442743 ], [ -118.166951989820305, 33.731542112450953 ], [ -118.166989870877501, 33.731534311414066 ], [ -118.167027751934725, 33.731526510376455 ], [ -118.167065632991935, 33.731518708591111 ], [ -118.167103513150835, 33.731510906805056 ], [ -118.167141394208073, 33.73150310576532 ], [ -118.167178829700887, 33.731493921874254 ], [ -118.167216263397108, 33.7314847379822 ], [ -118.167253696194976, 33.731475552594972 ], [ -118.167291131687819, 33.731466368700943 ], [ -118.167328565384025, 33.73145718480594 ], [ -118.16736548165062, 33.731446634494397 ], [ -118.167402395222297, 33.731436086422789 ], [ -118.167439311488877, 33.731425536855689 ], [ -118.167476225958865, 33.73141498728728 ], [ -118.167513141327149, 33.731404438464686 ], [ -118.167549466502294, 33.731392544889779 ], [ -118.167585791677411, 33.731380650566194 ], [ -118.16762211685257, 33.73136875624089 ], [ -118.167658442027715, 33.731356862661023 ], [ -118.16769476630455, 33.731344968332436 ], [ -118.167730430319637, 33.731331753904037 ], [ -118.167766095233034, 33.731318537232312 ], [ -118.167801761044757, 33.731305321305705 ], [ -118.167837425059858, 33.731292105377008 ], [ -118.16787308997327, 33.731278890940416 ], [ -118.167908024556354, 33.731264378815183 ], [ -118.16794296093606, 33.731249866687456 ], [ -118.167977895519158, 33.731235354557278 ], [ -118.168012831000567, 33.73122084242469 ], [ -118.168047766481962, 33.731206331783795 ], [ -118.168081906056031, 33.731190550347719 ], [ -118.16811604383345, 33.731174771897138 ], [ -118.168150182509166, 33.731158991202349 ], [ -118.168184320286613, 33.731143211251769 ], [ -118.168218458962357, 33.731127431298276 ], [ -118.168251736153735, 33.731110413419771 ], [ -118.168285010650166, 33.731093395537883 ], [ -118.168318287841558, 33.731076378399734 ], [ -118.168351564134625, 33.731059361258261 ], [ -118.168384839529395, 33.731042343366255 ], [ -118.168417189659408, 33.731024120419413 ], [ -118.168449537992785, 33.731005898215791 ], [ -118.168481888122798, 33.73098767675534 ], [ -118.168514236456176, 33.730969453796881 ], [ -118.168546586586189, 33.730951231581599 ], [ -118.168577946772757, 33.730931838675744 ], [ -118.168609306959326, 33.730912446512612 ], [ -118.168640667145894, 33.730893054345046 ], [ -118.168672026434137, 33.730873662173082 ], [ -118.168703386620734, 33.730854269249704 ], [ -118.168733696676711, 33.730833745229553 ], [ -118.16876400763104, 33.730813220457392 ], [ -118.168794317687016, 33.730792696427372 ], [ -118.168824627743064, 33.730772171645391 ], [ -118.16885493779904, 33.730751647605608 ], [ -118.168884138435672, 33.730730030568708 ], [ -118.168913341767251, 33.730708413526365 ], [ -118.16894254240384, 33.730686796478572 ], [ -118.168971745735419, 33.730665179425337 ], [ -118.169000946372051, 33.730643562366652 ], [ -118.169028984588721, 33.730620893398942 ], [ -118.169057021907037, 33.730598226666501 ], [ -118.169085059225353, 33.730575558433934 ], [ -118.169113096543711, 33.730552890195298 ], [ -118.169141133862027, 33.730530222697844 ], [ -118.169167952166532, 33.730506547367796 ], [ -118.169194770471023, 33.73048287277831 ], [ -118.169221589673825, 33.730459197435195 ], [ -118.16924840797833, 33.73043552208555 ], [ -118.169275227181132, 33.730411847476418 ], [ -118.169300775267786, 33.73038721135255 ], [ -118.169326322456172, 33.730362574474547 ], [ -118.169351870542854, 33.730337937589425 ], [ -118.169377417731226, 33.730313301444347 ], [ -118.169402965817895, 33.730288665292171 ], [ -118.169427194279422, 33.73026311469026 ], [ -118.169451422740948, 33.730237564080689 ], [ -118.16947564940584, 33.730212014210608 ], [ -118.169499877867366, 33.730186464332924 ], [ -118.169524105430611, 33.730160913700537 ], [ -118.169546966656256, 33.730134498671788 ], [ -118.16956982878024, 33.73010808363491 ], [ -118.169592689107589, 33.730081669337025 ], [ -118.169615551231558, 33.730055253536825 ], [ -118.169638411558935, 33.730028839222669 ], [ -118.169659862429597, 33.730001611312808 ], [ -118.169681313300273, 33.7299743826472 ], [ -118.169702765069246, 33.729947153225886 ], [ -118.169724215939922, 33.729919925290105 ], [ -118.169745665912259, 33.729892697345733 ], [ -118.169765665105416, 33.729864707353542 ], [ -118.169785664298601, 33.729836717352221 ], [ -118.16980566079684, 33.729808728088877 ], [ -118.169825659989996, 33.729780738069294 ], [ -118.169845659183167, 33.729752749534754 ], [ -118.169864167172975, 33.729724053488916 ], [ -118.169882674264457, 33.729695355939263 ], [ -118.16990118225425, 33.729666661368462 ], [ -118.169919688447436, 33.729637964546725 ], [ -118.169938196437229, 33.729609268462461 ], [ -118.169955179087651, 33.729579919403548 ], [ -118.16997215994148, 33.729550571081646 ], [ -118.16998914079528, 33.729521224243896 ], [ -118.170006121649124, 33.729491875901928 ], [ -118.170023102502938, 33.729462528297042 ], [ -118.170038525678052, 33.729432585242648 ], [ -118.170053947954841, 33.729402642177803 ], [ -118.170069368434994, 33.729372700596734 ], [ -118.170084790711797, 33.729342757510985 ], [ -118.170100213886926, 33.729312814414804 ], [ -118.17011404614567, 33.729282334141615 ], [ -118.170127880201051, 33.729251853857605 ], [ -118.170141711561484, 33.729221375056994 ], [ -118.170155545616851, 33.729190894004269 ], [ -118.170169377875609, 33.729160415181951 ], [ -118.170181594963438, 33.729129455961242 ], [ -118.170193812949648, 33.7290984982236 ], [ -118.170206030037491, 33.729067540474738 ], [ -118.170218248023701, 33.729036581967641 ], [ -118.170230465111544, 33.729005623449375 ], [ -118.170241042773995, 33.728974247288271 ], [ -118.170251620436503, 33.72894287036852 ], [ -118.170262198997278, 33.728911493437359 ], [ -118.170272776659729, 33.728880116494722 ], [ -118.170283355220533, 33.728848740287731 ], [ -118.170292273694685, 33.728817005458232 ], [ -118.170301191270482, 33.728785269869881 ], [ -118.170310109744634, 33.728753536511086 ], [ -118.170319028218756, 33.728721800152144 ], [ -118.170327945794597, 33.728690066022821 ], [ -118.170335188012416, 33.728658035280006 ], [ -118.170342428433614, 33.728626003778096 ], [ -118.170349670651433, 33.728593972264228 ], [ -118.170356911970941, 33.728561941485488 ], [ -118.170364154188746, 33.728529909947717 ], [ -118.170369704878894, 33.728497643805781 ], [ -118.170375254670716, 33.728465378398759 ], [ -118.170380804462553, 33.728433111485373 ], [ -118.170386355152672, 33.728400845307029 ], [ -118.170391905842806, 33.728368578369377 ], [ -118.17039575512382, 33.728336138837101 ], [ -118.170399603506482, 33.728303700786796 ], [ -118.170403452787497, 33.728271261977113 ], [ -118.170407302068455, 33.728238823155124 ], [ -118.170411150451173, 33.72820638432092 ], [ -118.170413291136484, 33.728173836396095 ], [ -118.170415430923498, 33.728141286964735 ], [ -118.170417570710484, 33.728108738268105 ], [ -118.170419709599187, 33.728076188812011 ], [ -118.170421851182823, 33.728043640837818 ], [ -118.170422276984269, 33.728011045036048 ], [ -118.170422704582336, 33.727978449221844 ], [ -118.170423130383782, 33.727945853395319 ], [ -118.170423558880174, 33.727913256809224 ], [ -118.170423984681634, 33.727880660957936 ], [ -118.170422696497496, 33.727848080783666 ], [ -118.170421411008334, 33.727815501344089 ], [ -118.170420122824197, 33.727782921892214 ], [ -118.170418836436724, 33.727750340933703 ], [ -118.170417549150926, 33.727717760709901 ], [ -118.170414550574506, 33.727685259668114 ], [ -118.170411552896397, 33.727652759361085 ], [ -118.170408552523355, 33.727620256800478 ], [ -118.170405554845246, 33.727587754974579 ], [ -118.170402557167137, 33.727555253883544 ], [ -118.170397852689987, 33.727522893985423 ], [ -118.170393149111177, 33.727490534075109 ], [ -118.170388444634028, 33.727458174152531 ], [ -118.17038374105519, 33.727425814217824 ], [ -118.170379035679744, 33.727393454270896 ], [ -118.170372636081666, 33.727361298275206 ], [ -118.170366234686966, 33.727329142267536 ], [ -118.170359834190535, 33.727296986247794 ], [ -118.170353432795835, 33.727264828721758 ], [ -118.170347031401135, 33.727232674172129 ], [ -118.170338946563575, 33.727200783343974 ], [ -118.170330862624326, 33.727168893998247 ], [ -118.170322778685076, 33.727137003146389 ], [ -118.170314693847516, 33.727105113776908 ], [ -118.170306609009955, 33.727073222901339 ], [ -118.170296856000931, 33.727041660747524 ], [ -118.170287102093582, 33.72701009783502 ], [ -118.170277347287893, 33.726978534910842 ], [ -118.170267594278869, 33.72694697197506 ], [ -118.170257841269816, 33.726915409027725 ], [ -118.170246438055585, 33.726884236067001 ], [ -118.170235034841383, 33.726853061600735 ], [ -118.170223632525477, 33.726821887123194 ], [ -118.170212228412964, 33.726790712634276 ], [ -118.170200826097044, 33.726759538881176 ], [ -118.170187795135547, 33.726728812644275 ], [ -118.170174763275725, 33.726698087890703 ], [ -118.170161732314199, 33.726667361631854 ], [ -118.170148701352687, 33.726636636109099 ], [ -118.17013567039119, 33.726605910575394 ], [ -118.170121037733509, 33.726575693076228 ], [ -118.170106403279235, 33.726545474819289 ], [ -118.170091769723243, 33.726515258045993 ], [ -118.17007713706559, 33.726485039767823 ], [ -118.170062503509612, 33.72645482222611 ], [ -118.17004629700358, 33.726425170996087 ], [ -118.170030087802587, 33.72639551900879 ], [ -118.17001388039823, 33.726365867011204 ], [ -118.169997671197223, 33.726336215750507 ], [ -118.169981464691176, 33.726306563732422 ], [ -118.169963713981176, 33.726277535556321 ], [ -118.169945962372864, 33.726248508117536 ], [ -118.169928212561146, 33.726219480668945 ], [ -118.169910461851146, 33.726190453210585 ], [ -118.169892710242806, 33.726161424995212 ], [ -118.169873451261438, 33.726133075910944 ], [ -118.169854191381745, 33.726104727564461 ], [ -118.169834932400377, 33.72607637920855 ], [ -118.169815672520684, 33.726048030843337 ], [ -118.169796413539316, 33.72601968172161 ], [ -118.169775681320871, 33.725992067020179 ], [ -118.169754951797373, 33.72596445305706 ], [ -118.169734220477238, 33.725936839085001 ], [ -118.16971349095374, 33.725909223609833 ], [ -118.169692758735295, 33.725881609620004 ], [ -118.16967059639893, 33.725854783845726 ], [ -118.169648434960862, 33.725827956568757 ], [ -118.169626270827862, 33.725801128536268 ], [ -118.169604108491484, 33.725774302736816 ], [ -118.16958194525678, 33.725747476181787 ], [ -118.169558394124977, 33.725721487901964 ], [ -118.169534842094862, 33.725695501108568 ], [ -118.169511292759708, 33.725669512812999 ], [ -118.169487741627876, 33.7256435260038 ], [ -118.169464189597775, 33.7256175376925 ], [ -118.169439295484622, 33.725592439957524 ], [ -118.169414400473158, 33.7255673422152 ], [ -118.169389505461666, 33.725542243718458 ], [ -118.169364610450202, 33.725517145961469 ], [ -118.169339716337049, 33.725492048197133 ], [ -118.169313526853273, 33.725467886586202 ], [ -118.169287336471172, 33.725443727957071 ], [ -118.169261146987353, 33.725419567079697 ], [ -118.169234956605251, 33.72539540694266 ], [ -118.169208767121447, 33.725371246798829 ], [ -118.169181332572691, 33.725348070627007 ], [ -118.169153897125582, 33.725324895196032 ], [ -118.169126464373463, 33.725301719011696 ], [ -118.16909902982465, 33.725278542821101 ], [ -118.16907159437757, 33.725255368118496 ], [ -118.169042968662737, 33.725233220723759 ], [ -118.169014342049564, 33.725211074817551 ], [ -118.16898571543642, 33.725188928158531 ], [ -118.168957089721587, 33.725166781493805 ], [ -118.168928463108415, 33.725144635570452 ], [ -118.168898700126419, 33.725123561038011 ], [ -118.168868938042749, 33.725102486500354 ], [ -118.168839174162429, 33.725081411957561 ], [ -118.168809412078744, 33.725060338156688 ], [ -118.168779649995088, 33.725039262856413 ], [ -118.168748808136442, 33.725019300788674 ], [ -118.168717966277768, 33.724999339463388 ], [ -118.168687124419122, 33.724979378133447 ], [ -118.168656282560477, 33.724959416798875 ], [ -118.168625440701817, 33.724939454712505 ], [ -118.168593579255329, 33.724920644711787 ], [ -118.168561718707153, 33.724901833959784 ], [ -118.168529857260637, 33.724883022456567 ], [ -118.16849799581415, 33.724864211696321 ], [ -118.168466135265973, 33.724845401679097 ], [ -118.168433316215385, 33.724827778864906 ], [ -118.168400496266486, 33.724810154552785 ], [ -118.168367676317587, 33.724792532478503 ], [ -118.16833485726697, 33.724774908906298 ], [ -118.168302038216382, 33.724757286077626 ], [ -118.168268325342098, 33.724740884822232 ], [ -118.168234609772853, 33.724724482816541 ], [ -118.16820089689854, 33.72470808155483 ], [ -118.168167183125959, 33.724691679542872 ], [ -118.168133469353307, 33.724675277527737 ], [ -118.16809892643569, 33.724660129961826 ], [ -118.168064383518086, 33.72464498164603 ], [ -118.168029838803818, 33.724629832580462 ], [ -118.1679952958862, 33.724614685006479 ], [ -118.167960752070272, 33.724599536682717 ], [ -118.167925446482997, 33.724585671201062 ], [ -118.167890139099072, 33.724571804970054 ], [ -118.16785483351174, 33.724557938736758 ], [ -118.167819526127843, 33.724544072501267 ], [ -118.16778422054054, 33.724530207010638 ], [ -118.167748218758916, 33.724517649766547 ], [ -118.167712217875561, 33.724505092520545 ], [ -118.167676216992248, 33.72449253601993 ], [ -118.167640216108921, 33.724479979517426 ], [ -118.16760421522558, 33.724467423013074 ], [ -118.167567588216485, 33.724456198665223 ], [ -118.167530962105729, 33.724444975810123 ], [ -118.167494335096663, 33.724433752953587 ], [ -118.167457709884204, 33.724422528601281 ], [ -118.167421082875137, 33.724411304994661 ], [ -118.167383901605533, 33.724401436707197 ], [ -118.167346721234225, 33.724391569165753 ], [ -118.16730953996462, 33.724381700876023 ], [ -118.167272358695016, 33.724371831837999 ], [ -118.167235179222033, 33.724361963545988 ], [ -118.167197514658824, 33.724353469999947 ], [ -118.167159850095558, 33.724344974958854 ], [ -118.167122188227282, 33.724336480664022 ], [ -118.167084522765734, 33.724327987115451 ], [ -118.167046859100822, 33.724319492818999 ], [ -118.167008785804128, 33.724312388959497 ], [ -118.166970711609139, 33.724305285099405 ], [ -118.16693263651581, 33.724298181985894 ], [ -118.166894564117442, 33.724291078124629 ], [ -118.166856489922424, 33.724283973515668 ], [ -118.166818079757505, 33.724278275034514 ], [ -118.166779668694275, 33.724272575805941 ], [ -118.166741257631045, 33.724266875082627 ], [ -118.166702846567816, 33.724261175853229 ], [ -118.166664437301193, 33.724255476623469 ], [ -118.166625763929915, 33.724251193235169 ], [ -118.166587090558622, 33.724246907605192 ], [ -118.16654841898395, 33.724242624216473 ], [ -118.166509745612657, 33.724238340080312 ], [ -118.166471073139689, 33.724234055943995 ], [ -118.166432211122185, 33.724231195121085 ], [ -118.166393350002977, 33.724228335045218 ], [ -118.166354489782094, 33.724225472727788 ], [ -118.1663156286629, 33.724222612651737 ], [ -118.166276767543735, 33.724219751828429 ], [ -118.166237793236803, 33.724218321043153 ], [ -118.166198819828196, 33.724216888016443 ], [ -118.166159845521278, 33.724215457231132 ], [ -118.166120873010996, 33.724214024204372 ], [ -118.166081898704064, 33.724212592671847 ], [ -118.166042886667938, 33.724212592671847 ], [ -118.16600387463177, 33.724212592671847 ], [ -118.165964864392237, 33.724212592671847 ], [ -118.165925852356082, 33.724212592671847 ], [ -118.165886842116549, 33.724212592671847 ], [ -118.165847867809632, 33.724214024204372 ], [ -118.165808893502728, 33.724215457231132 ], [ -118.165769920992417, 33.724216888016443 ], [ -118.165730945787203, 33.724218319548839 ], [ -118.165691972378596, 33.724219751828429 ], [ -118.165653112157742, 33.724222612651737 ], [ -118.165614251038519, 33.724225472727788 ], [ -118.165575390817665, 33.724228333550897 ], [ -118.165536528800146, 33.724231195121085 ], [ -118.165497667680953, 33.724234055943995 ], [ -118.16545899430966, 33.724238340080312 ], [ -118.165420322734988, 33.724242624216473 ], [ -118.165381648465385, 33.724246909099506 ], [ -118.165342975992417, 33.724251193235169 ], [ -118.165304302621109, 33.724255476623469 ], [ -118.16526589155788, 33.724261175853229 ], [ -118.165227481392961, 33.724266875829777 ], [ -118.165189071228028, 33.724272575805941 ], [ -118.16515066196142, 33.724278275034514 ], [ -118.165112250898218, 33.724283975009925 ], [ -118.165074176703214, 33.724291078124629 ], [ -118.165036102508168, 33.724298181985894 ], [ -118.164998028313192, 33.724305285846569 ], [ -118.164959955016499, 33.724312388959497 ], [ -118.16492188082151, 33.724319492818999 ], [ -118.164884218054908, 33.724327987115451 ], [ -118.164846553491685, 33.724336482158286 ], [ -118.164808889826745, 33.724344974958854 ], [ -118.164771225263507, 33.724353469999947 ], [ -118.164733561598595, 33.724361964293095 ], [ -118.164696381227316, 33.724371831837999 ], [ -118.164659199957711, 33.724381700876023 ], [ -118.164622019586403, 33.724391569165753 ], [ -118.164584837418488, 33.724401438201511 ], [ -118.164547657945505, 33.724411305741825 ], [ -118.164511031834735, 33.724422530095595 ], [ -118.164474404825668, 33.724433752953587 ], [ -118.164437778714884, 33.724444975810123 ], [ -118.164401151705817, 33.724456198665223 ], [ -118.164364525595062, 33.724467423013074 ], [ -118.164328524711721, 33.724479980264576 ], [ -118.164292523828394, 33.72449253601993 ], [ -118.164256521148431, 33.724505093267702 ], [ -118.164220520265104, 33.724517649766547 ], [ -118.164184519381791, 33.724530207010638 ], [ -118.164149213794488, 33.724544073248417 ], [ -118.164113906410563, 33.724557937989594 ], [ -118.16407860082326, 33.724571804970054 ], [ -118.164043294337645, 33.724585671201062 ], [ -118.164007987852031, 33.724599536682717 ], [ -118.163973444036102, 33.724614685006479 ], [ -118.163938901118499, 33.724629833327619 ], [ -118.16390435730257, 33.724644982393187 ], [ -118.163869814384924, 33.724660129961826 ], [ -118.163835270568995, 33.724675279022051 ], [ -118.163801557694683, 33.724691680290029 ], [ -118.16376784212548, 33.72470808230198 ], [ -118.163734129251154, 33.724724484310805 ], [ -118.16370041547853, 33.724740884822232 ], [ -118.163666701705921, 33.724757286824783 ], [ -118.163633882655333, 33.724774910400612 ], [ -118.163601063604744, 33.724792531731346 ], [ -118.163568243655845, 33.724810156047091 ], [ -118.163535424605257, 33.724827778117749 ], [ -118.163502605554669, 33.724845402426254 ], [ -118.163470744108182, 33.724864212443471 ], [ -118.163438882661666, 33.724883023203724 ], [ -118.163407022113475, 33.724901833212684 ], [ -118.163375160666973, 33.72492064396463 ], [ -118.163343299220514, 33.724939453965362 ], [ -118.163312458260165, 33.724959416051732 ], [ -118.16328161640152, 33.724979378133447 ], [ -118.163250774542846, 33.724999340210481 ], [ -118.163219932684214, 33.725019302282917 ], [ -118.163189091723851, 33.72503926435072 ], [ -118.16315932874187, 33.725060338903845 ], [ -118.163129565759903, 33.725081411957561 ], [ -118.163099802777893, 33.725102487247497 ], [ -118.163070040694208, 33.725123561038011 ], [ -118.163040277712227, 33.725144636317602 ], [ -118.163011650200744, 33.72516678298804 ], [ -118.162983024485911, 33.725188928905688 ], [ -118.162954396974428, 33.725211074817551 ], [ -118.162925772157905, 33.725233221470901 ], [ -118.162897145544733, 33.725255368118496 ], [ -118.162869710097652, 33.725278544315351 ], [ -118.162842276447194, 33.725301719011696 ], [ -118.162814841000113, 33.725324895196032 ], [ -118.16278740734964, 33.725348071374107 ], [ -118.162759971902545, 33.725371246051665 ], [ -118.162733783317051, 33.72539540694266 ], [ -118.162707592934979, 33.725419567079697 ], [ -118.16268140345116, 33.725443727957071 ], [ -118.162655213069044, 33.725467888080502 ], [ -118.162629023585282, 33.725492048197133 ], [ -118.162604129472101, 33.725517145961469 ], [ -118.162579234460637, 33.725542244465551 ], [ -118.162554340347469, 33.7255673422152 ], [ -118.16252944533602, 33.725592439210381 ], [ -118.162504551222881, 33.725617538439643 ], [ -118.162481000091049, 33.72564352525665 ], [ -118.162457448959259, 33.725669513560135 ], [ -118.162433896929144, 33.725695501108568 ], [ -118.162410344899001, 33.725721489396257 ], [ -118.162386794665522, 33.725747476181787 ], [ -118.162364632329172, 33.725774303483902 ], [ -118.162342469094469, 33.725801130030547 ], [ -118.162320307656415, 33.725827956568757 ], [ -118.162298144421712, 33.725854783098576 ], [ -118.162275982085347, 33.725881610367146 ], [ -118.162255251663538, 33.725909224356926 ], [ -118.162234520343404, 33.725936839085001 ], [ -118.162213788124959, 33.72596445305706 ], [ -118.162193057703149, 33.725992067020179 ], [ -118.162172327281326, 33.726019682468745 ], [ -118.162153067401647, 33.72604803009618 ], [ -118.162133808420251, 33.726076378461407 ], [ -118.162114548540586, 33.726104728311547 ], [ -118.16209528955919, 33.726133076658087 ], [ -118.162076029679497, 33.726161424248069 ], [ -118.162058278969496, 33.726190452463442 ], [ -118.162040528259496, 33.726219480668945 ], [ -118.162022778447763, 33.726248509611828 ], [ -118.162005025941127, 33.726277537050592 ], [ -118.161987276129437, 33.726306565226636 ], [ -118.16197106872508, 33.726336217244729 ], [ -118.161954860422426, 33.726365868505425 ], [ -118.161938653018055, 33.72639551900879 ], [ -118.161922444715401, 33.726425170248994 ], [ -118.161906236412719, 33.72645482222611 ], [ -118.161891601958416, 33.726485040514916 ], [ -118.16187697019906, 33.726515258045993 ], [ -118.161862336643097, 33.726545475566439 ], [ -118.161847703087133, 33.726575693076228 ], [ -118.161833069531141, 33.72660591132253 ], [ -118.161820038569644, 33.726636636109099 ], [ -118.161807008506429, 33.726667362378947 ], [ -118.161793977544917, 33.726698088637846 ], [ -118.16178094658342, 33.726728813391418 ], [ -118.161767915621894, 33.726759539628254 ], [ -118.161756512407663, 33.726790713381362 ], [ -118.161745109193461, 33.726821887123194 ], [ -118.161733705979231, 33.726853062347864 ], [ -118.161722301866718, 33.726884236067001 ], [ -118.161710899550826, 33.726915410521947 ], [ -118.161701146541773, 33.726946972722203 ], [ -118.16169139263441, 33.726978535657977 ], [ -118.161681639625385, 33.727010097087884 ], [ -118.161671883921386, 33.727041660747524 ], [ -118.161662130912347, 33.727073223648475 ], [ -118.161654046074787, 33.727105113776908 ], [ -118.161645961237255, 33.727137003146389 ], [ -118.161637878196302, 33.727168894745319 ], [ -118.161629793358742, 33.727200784838246 ], [ -118.161621708521196, 33.727232674172129 ], [ -118.161615307126496, 33.727264830215958 ], [ -118.161608907528404, 33.727296986247794 ], [ -118.161602506133676, 33.727329142267536 ], [ -118.161596106535583, 33.727361298275206 ], [ -118.161589705140884, 33.727393454270896 ], [ -118.161585001562074, 33.727425815712024 ], [ -118.1615802961866, 33.727458174152531 ], [ -118.16157559260779, 33.727490535569324 ], [ -118.16157088813064, 33.727522894732552 ], [ -118.161566184551802, 33.727555255377794 ], [ -118.161563185077057, 33.727587756468829 ], [ -118.161560187398976, 33.727620257547549 ], [ -118.161557187924245, 33.727652759361085 ], [ -118.161554190246136, 33.72768526041525 ], [ -118.161551191669716, 33.727717761457043 ], [ -118.161549904383904, 33.727750341680782 ], [ -118.161548617098106, 33.727782922639292 ], [ -118.161547330710633, 33.727815502838361 ], [ -118.161546043424806, 33.727848082277866 ], [ -118.161544756139008, 33.727880662452129 ], [ -118.16154518373709, 33.727913258303481 ], [ -118.161545610436846, 33.727945854889519 ], [ -118.161546036238278, 33.727978449221844 ], [ -118.161546462938063, 33.728011045783113 ], [ -118.16154689053613, 33.728043641584939 ], [ -118.16154903032313, 33.728076189559133 ], [ -118.161551170110158, 33.728108738268105 ], [ -118.161553308998833, 33.728141287711807 ], [ -118.161555449684172, 33.728173836396095 ], [ -118.161557590369469, 33.72820638432092 ], [ -118.161561439650484, 33.728238823902245 ], [ -118.161565288033145, 33.728271262724178 ], [ -118.161569137314132, 33.728303700786796 ], [ -118.161572986595118, 33.728336140331336 ], [ -118.161576834977808, 33.728368578369377 ], [ -118.161582385667955, 33.728400844559907 ], [ -118.161587936358089, 33.728433110738301 ], [ -118.16159348614994, 33.728465377651638 ], [ -118.16159903773837, 33.728497643805781 ], [ -118.161604587530192, 33.728529910694839 ], [ -118.161611829748026, 33.728561941485488 ], [ -118.161619070169209, 33.728593972264228 ], [ -118.161626311488703, 33.728626004525161 ], [ -118.161633552808212, 33.728658035280006 ], [ -118.161640794127734, 33.728690067517071 ], [ -118.161649713500182, 33.72872180164638 ], [ -118.161658631076008, 33.728753536511086 ], [ -118.16166754865182, 33.728785270616989 ], [ -118.161676467125972, 33.728817005458232 ], [ -118.161685385600123, 33.728848740287731 ], [ -118.161695964160913, 33.728880117988957 ], [ -118.161706542721689, 33.728911493437359 ], [ -118.161717120384139, 33.72894287036852 ], [ -118.161727698046633, 33.728974247288271 ], [ -118.161738276607394, 33.729005624943547 ], [ -118.161750493695294, 33.729036581967641 ], [ -118.161762710783151, 33.729067540474738 ], [ -118.161774928769319, 33.729098498970721 ], [ -118.161787145857204, 33.729129456708364 ], [ -118.161799362046722, 33.729160414434887 ], [ -118.161813195203791, 33.729190894751326 ], [ -118.161827029259172, 33.729221375056994 ], [ -118.161840860619606, 33.729251854604719 ], [ -118.161854694674972, 33.72928233488873 ], [ -118.161868527832041, 33.729312814414804 ], [ -118.161883948312195, 33.729342757510985 ], [ -118.161899371487308, 33.729372699849613 ], [ -118.161914793764126, 33.72940264292491 ], [ -118.16193021514259, 33.729432585989755 ], [ -118.161945637419393, 33.729462529044149 ], [ -118.161962618273208, 33.729491876649043 ], [ -118.161979599127022, 33.729521224991011 ], [ -118.161996580879162, 33.729550572575825 ], [ -118.162013562631287, 33.729579920897713 ], [ -118.162030543485102, 33.729609268462461 ], [ -118.162049051474895, 33.729637964546725 ], [ -118.162067558566378, 33.729666660621348 ], [ -118.162086066556185, 33.729695357433492 ], [ -118.162104574545978, 33.729724053488916 ], [ -118.162123082535771, 33.729752749534754 ], [ -118.162143080830617, 33.729780739563466 ], [ -118.162163080023802, 33.729808729583041 ], [ -118.162183077420337, 33.729836718846379 ], [ -118.162203076613523, 33.729864708847707 ], [ -118.162223074908354, 33.729892698092847 ], [ -118.162244525779045, 33.729919926037212 ], [ -118.162265976649721, 33.729947154720101 ], [ -118.162287426622058, 33.7299743826472 ], [ -118.16230887749272, 33.730001610565694 ], [ -118.162330328363396, 33.730028838475569 ], [ -118.162353189589069, 33.73005525503099 ], [ -118.162376050814743, 33.730081670084125 ], [ -118.162398912040402, 33.73010808363491 ], [ -118.162421773266047, 33.730134498671788 ], [ -118.16244463449172, 33.730160914447637 ], [ -118.162468863851572, 33.730186465080038 ], [ -118.162493090516492, 33.730212014957715 ], [ -118.162517319876301, 33.730237564827796 ], [ -118.16254154654122, 33.73026311469026 ], [ -118.162565775901058, 33.730288666039286 ], [ -118.162591323987755, 33.730313301444347 ], [ -118.162616872074423, 33.730337937589425 ], [ -118.162642418364456, 33.730362574474547 ], [ -118.162667966451139, 33.730387210605492 ], [ -118.162693514537835, 33.730411847476418 ], [ -118.162720332842298, 33.730435522832593 ], [ -118.162747152045114, 33.730459197435195 ], [ -118.162773970349619, 33.73048287277831 ], [ -118.16280078865411, 33.730506548114903 ], [ -118.16282760785694, 33.730530222697844 ], [ -118.162855645175256, 33.730552890942405 ], [ -118.162883681595289, 33.730575559928077 ], [ -118.162911718913605, 33.730598226666501 ], [ -118.16293975533361, 33.730620894893093 ], [ -118.16296779355028, 33.730643563113759 ], [ -118.162996995983519, 33.730665179425337 ], [ -118.163026196620137, 33.730686796478572 ], [ -118.163055399951716, 33.730708413526365 ], [ -118.163084600588348, 33.730730030568708 ], [ -118.163113803021602, 33.730751647605608 ], [ -118.163144113077593, 33.730772171645391 ], [ -118.163174424031908, 33.730792696427372 ], [ -118.163204734087927, 33.730813221951529 ], [ -118.163235044143931, 33.730833745976604 ], [ -118.163265354199908, 33.730854270743912 ], [ -118.163296713488194, 33.730873662920196 ], [ -118.163328074573073, 33.730893055092146 ], [ -118.163359434759641, 33.730912446512612 ], [ -118.16339079494621, 33.730931838675744 ], [ -118.163422155132778, 33.730951231581599 ], [ -118.163454503466156, 33.730969453796881 ], [ -118.163486852697829, 33.73098767675534 ], [ -118.163519202827842, 33.731005898962827 ], [ -118.163551552059559, 33.731024121913549 ], [ -118.163583902189544, 33.731042344113348 ], [ -118.163617176686031, 33.731059360511161 ], [ -118.163650452979056, 33.731076379893928 ], [ -118.163683730170462, 33.731093397032083 ], [ -118.163717005565218, 33.731110414913914 ], [ -118.163750281858256, 33.731127432045319 ], [ -118.163784419635689, 33.731143211998798 ], [ -118.163818559209759, 33.731158991949393 ], [ -118.163852697885488, 33.731174771897138 ], [ -118.163886836561247, 33.731190551841912 ], [ -118.163920975237005, 33.731206331783795 ], [ -118.163955910718386, 33.73122084242469 ], [ -118.163990846199781, 33.731235356051471 ], [ -118.164025780782879, 33.731249866687456 ], [ -118.164060716264274, 33.731264378815183 ], [ -118.164095651745683, 33.731278890940416 ], [ -118.164131315760784, 33.731292106871152 ], [ -118.164166979775857, 33.731305322052748 ], [ -118.164202644689269, 33.731318536485269 ], [ -118.164238310501005, 33.731331753156951 ], [ -118.164273973617767, 33.73134496907953 ], [ -118.164310299691223, 33.731356861913937 ], [ -118.164346623968072, 33.731368756987983 ], [ -118.164382949143217, 33.731380649819087 ], [ -118.164419274318362, 33.731392544889779 ], [ -118.164455599493493, 33.73140443771765 ], [ -118.164492514861777, 33.731414986540237 ], [ -118.164529430230061, 33.731425536855689 ], [ -118.164566343801724, 33.731436085675696 ], [ -118.164603260068318, 33.731446635988533 ], [ -118.164640175436602, 33.73145718480594 ], [ -118.16467761003112, 33.731466368700943 ], [ -118.164715042829044, 33.731475554089165 ], [ -118.164752478321844, 33.731484736488071 ], [ -118.164789911119769, 33.731493921874254 ], [ -118.164827346612583, 33.73150310576532 ], [ -118.164865225873172, 33.731510906805056 ], [ -118.164903106930382, 33.731518708591111 ], [ -118.164940988885917, 33.731526509629425 ], [ -118.164978869943113, 33.731534311414066 ], [ -118.165016750101998, 33.731542112450953 ], [ -118.165055004858402, 33.731548516442743 ], [ -118.165093260513117, 33.73155492043405 ], [ -118.16513151437114, 33.731561324424938 ], [ -118.165169770025827, 33.731567727668264 ], [ -118.165208023883892, 33.731574131658121 ], [ -118.165246578677582, 33.731579124409159 ], [ -118.165285132572961, 33.731584118654034 ], [ -118.165323687366623, 33.731589111404432 ], [ -118.165362242160285, 33.731594105648774 ], [ -118.165400796055664, 33.731599098398597 ], [ -118.165439575428152, 33.731602672439301 ], [ -118.165478355698994, 33.73160624573282 ], [ -118.165517134173157, 33.731609819773233 ], [ -118.165555914443985, 33.73161339381349 ], [ -118.165594692918148, 33.731616967106518 ], [ -118.16563362320764, 33.731619114967103 ], [ -118.165672554395428, 33.731621262080537 ], [ -118.165711482888256, 33.731623408446836 ], [ -118.165750414076044, 33.731625555560157 ], [ -118.165789343467196, 33.731627702673443 ], [ -118.165828349215147, 33.731628418377888 ], [ -118.165867354064787, 33.731629134829376 ], [ -118.165906358914427, 33.73162985053375 ], [ -118.165945364662377, 33.731630566985231 ], [ -118.165984370410328, 33.731631282689598 ] ] ] } },
{ "type": "Feature", "properties": { "anchoragename": "Deep Draft D7", "location": "Los Angeles and Long Beach harbors, CA", "anchoragetype": "temporary", "Port": "LA_Long_Beach" }, "geometry": { "type": "Polygon", "coordinates": [ [ [ -118.156956591062425, 33.731631283436691 ], [ -118.156995595912065, 33.731630566985231 ], [ -118.157034601660044, 33.731629851280843 ], [ -118.15707360650967, 33.731629135576412 ], [ -118.157112613155945, 33.731628419124924 ], [ -118.157151618005571, 33.73162770192635 ], [ -118.15719054829502, 33.731625555560157 ], [ -118.157229477686172, 33.731623409193915 ], [ -118.157268408873975, 33.731621261333444 ], [ -118.157307339163424, 33.731619114967103 ], [ -118.157346267656294, 33.731616967106518 ], [ -118.157385047927079, 33.73161339456059 ], [ -118.157423827299596, 33.731609820520276 ], [ -118.157462607570409, 33.731606247226949 ], [ -118.157501386942911, 33.731602673186408 ], [ -118.15754016721371, 33.73159909914569 ], [ -118.15757872110909, 33.731594104901681 ], [ -118.157617275004441, 33.731589112151525 ], [ -118.15765582889982, 33.731584119401134 ], [ -118.157694382795199, 33.731579125903295 ], [ -118.15773293669055, 33.731574132405221 ], [ -118.157771192345237, 33.7315677284153 ], [ -118.157809447101599, 33.731561324424938 ], [ -118.157847700959664, 33.73155492043405 ], [ -118.157885954817743, 33.731548517189836 ], [ -118.157924209574091, 33.731542113197996 ], [ -118.157962090631315, 33.731534311414066 ], [ -118.15799997168854, 33.731526510376455 ], [ -118.158037853644061, 33.731518707844018 ], [ -118.158075734701256, 33.731510906805056 ], [ -118.158113615758481, 33.731503105018227 ], [ -118.158151049454688, 33.731493921127161 ], [ -118.158188484049219, 33.7314847372351 ], [ -118.158225917745426, 33.731475553342065 ], [ -118.158263352339944, 33.731466367953907 ], [ -118.15830078603615, 33.731457184058904 ], [ -118.158337701404434, 33.73144663524149 ], [ -118.158374615874393, 33.731436086422789 ], [ -118.158411532141002, 33.731425536855689 ], [ -118.158448447509301, 33.731414988034373 ], [ -118.158485361979245, 33.731404439211779 ], [ -118.15852168625608, 33.731392544889779 ], [ -118.158558012329564, 33.731380651313231 ], [ -118.158594337504681, 33.731368756987983 ], [ -118.158630661781501, 33.731356863408131 ], [ -118.158666986956675, 33.73134496907953 ], [ -118.158702650971776, 33.731331753156951 ], [ -118.158738314986863, 33.731318537979405 ], [ -118.158773980798571, 33.731305321305705 ], [ -118.158809644813672, 33.731292106124052 ], [ -118.158845308828774, 33.731278890193373 ], [ -118.158880245208479, 33.731264378815183 ], [ -118.158915179791578, 33.731249867434556 ], [ -118.158950116171283, 33.731235355304371 ], [ -118.158985050754353, 33.731220843171791 ], [ -118.159019987134059, 33.731206331036702 ], [ -118.159054125809817, 33.731190551094819 ], [ -118.159088264485575, 33.73117477115003 ], [ -118.159122403161305, 33.731158991949393 ], [ -118.159156540938739, 33.731143211998798 ], [ -118.159190680512808, 33.731127432045319 ], [ -118.15922395500921, 33.731110414166871 ], [ -118.159257232200602, 33.731093396284997 ], [ -118.159290508493697, 33.731076379146828 ], [ -118.15932378478675, 33.731059361258261 ], [ -118.15935706018152, 33.731042343366255 ], [ -118.159389409413208, 33.731024121166506 ], [ -118.159421758644882, 33.731005898215791 ], [ -118.159454107876613, 33.73098767600824 ], [ -118.159486457108287, 33.730969453049781 ], [ -118.159518806340003, 33.730951230834549 ], [ -118.159550166526572, 33.730931838675744 ], [ -118.159581525814801, 33.730912445765512 ], [ -118.159612886899708, 33.730893055092146 ], [ -118.159644247086263, 33.730873662920196 ], [ -118.159675607272831, 33.730854270743912 ], [ -118.15970591732885, 33.730833745976604 ], [ -118.159736227384826, 33.730813221204436 ], [ -118.159766537440859, 33.730792697921579 ], [ -118.15979684749685, 33.730772173139584 ], [ -118.159827158451165, 33.730751647605608 ], [ -118.15985635998608, 33.730730031315801 ], [ -118.159885562419348, 33.730708414273465 ], [ -118.15991476305598, 33.73068679722568 ], [ -118.159943966387544, 33.730665180172437 ], [ -118.159973167922502, 33.730643563113759 ], [ -118.160001205240818, 33.730620894893093 ], [ -118.160029242559162, 33.730598226666501 ], [ -118.160057278979167, 33.730575559181027 ], [ -118.160085317195836, 33.730552890942405 ], [ -118.160113354514152, 33.730530222697844 ], [ -118.160140171920318, 33.730506548114903 ], [ -118.160166991123148, 33.73048287277831 ], [ -118.16019381032595, 33.730459198929339 ], [ -118.160220629528766, 33.730435522832593 ], [ -118.160247446934946, 33.730411848223525 ], [ -118.160272994123318, 33.730387212099657 ], [ -118.160298543108297, 33.730362575221662 ], [ -118.160324090296641, 33.730337939083647 ], [ -118.160349639281648, 33.730313302191448 ], [ -118.160375186470006, 33.730288666039286 ], [ -118.160399414931547, 33.73026311469026 ], [ -118.160423642494763, 33.730237564827796 ], [ -118.160447870057979, 33.730212014210608 ], [ -118.160472098519492, 33.730186463585817 ], [ -118.160496326082708, 33.730160913700537 ], [ -118.160519187308381, 33.730134498671788 ], [ -118.160542049432365, 33.73010808363491 ], [ -118.16056491065801, 33.730081668589968 ], [ -118.160587772781994, 33.730055253536825 ], [ -118.160610633109357, 33.730028838475569 ], [ -118.160632083980005, 33.730001610565694 ], [ -118.16065353395237, 33.729974381900142 ], [ -118.160674985721371, 33.729947154720101 ], [ -118.160696435693708, 33.729919926037212 ], [ -118.160717886564385, 33.729892698092847 ], [ -118.160737883960948, 33.729864708100649 ], [ -118.160757883154105, 33.729836718099335 ], [ -118.160777882347261, 33.729808728835941 ], [ -118.160797881540446, 33.729780739563466 ], [ -118.160817878936967, 33.729752749534754 ], [ -118.160836386926761, 33.729724053488916 ], [ -118.160854894916582, 33.729695357433492 ], [ -118.160873402008065, 33.729666660621348 ], [ -118.160891909997858, 33.729637964546725 ], [ -118.160910417089354, 33.729609268462461 ], [ -118.160927399739776, 33.729579920897713 ], [ -118.160944380593619, 33.729550572575825 ], [ -118.160961361447434, 33.729521224991011 ], [ -118.160978342301249, 33.729491876649043 ], [ -118.160995323155063, 33.729462529044149 ], [ -118.161010746330163, 33.729432585989755 ], [ -118.161026168606938, 33.72940264292491 ], [ -118.16104158908712, 33.729372699849613 ], [ -118.161057011363923, 33.729342756763877 ], [ -118.16107243364074, 33.729312813667697 ], [ -118.161086266797795, 33.72928233488873 ], [ -118.161100099056512, 33.729251853857605 ], [ -118.161113932213581, 33.729221375056994 ], [ -118.161127765370637, 33.729190894751326 ], [ -118.161141598527706, 33.729160414434887 ], [ -118.161153815615577, 33.729129456708364 ], [ -118.161166033601759, 33.729098498970721 ], [ -118.161178250689616, 33.729067540474738 ], [ -118.16119046867577, 33.729036581967641 ], [ -118.161202685763669, 33.729005623449375 ], [ -118.16121326342612, 33.728974246541149 ], [ -118.161223841088599, 33.728942869621463 ], [ -118.161234419649404, 33.728911493437359 ], [ -118.161244997311854, 33.728880116494722 ], [ -118.161255574974319, 33.728848741034845 ], [ -118.161264493448471, 33.728817005458232 ], [ -118.161273411024297, 33.728785270616989 ], [ -118.161282330396745, 33.728753535763971 ], [ -118.161291247972571, 33.728721800899265 ], [ -118.161300166446694, 33.728690066769943 ], [ -118.161307408664541, 33.728658034532877 ], [ -118.161314648187414, 33.728626003778096 ], [ -118.161321890405219, 33.7285939730113 ], [ -118.161329131724727, 33.728561941485488 ], [ -118.16133637304425, 33.728529910694839 ], [ -118.161341923734383, 33.728497643805781 ], [ -118.161347474424517, 33.728465377651638 ], [ -118.161353025114664, 33.728433110738301 ], [ -118.161358576703108, 33.728400844559907 ], [ -118.161364126494931, 33.728368578369377 ], [ -118.161367975775946, 33.728336139584222 ], [ -118.161371825056932, 33.728303700786796 ], [ -118.161375673439593, 33.728271261229992 ], [ -118.161379522720608, 33.728238823902245 ], [ -118.161383371103284, 33.72820638432092 ], [ -118.161385510890298, 33.728173836396095 ], [ -118.161387651575595, 33.728141287711807 ], [ -118.161389791362609, 33.728108738268105 ], [ -118.161391931149623, 33.728076189559133 ], [ -118.161394070038298, 33.728043641584939 ], [ -118.161394497636365, 33.728011045783113 ], [ -118.161394924336122, 33.727978449221844 ], [ -118.161395351035907, 33.727945853395319 ], [ -118.161395778633974, 33.727913258303481 ], [ -118.16139620533373, 33.727880661705058 ], [ -118.161394918047947, 33.72784808153073 ], [ -118.161393631660431, 33.727815501344089 ], [ -118.161392343476322, 33.727782921892214 ], [ -118.161391056190539, 33.72775034242791 ], [ -118.161389768904712, 33.727717761457043 ], [ -118.16138677032832, 33.72768526041525 ], [ -118.161383772650183, 33.727652758614006 ], [ -118.161380774073791, 33.727620257547549 ], [ -118.161377776395682, 33.727587756468829 ], [ -118.161374776920979, 33.727555254630666 ], [ -118.161370072443802, 33.727522894732552 ], [ -118.161365368864992, 33.727490534822181 ], [ -118.161360664387828, 33.727458174152531 ], [ -118.161355961707343, 33.727425814217824 ], [ -118.161351256331869, 33.727393454270896 ], [ -118.16134485583548, 33.727361298275206 ], [ -118.161338455339077, 33.727329142267536 ], [ -118.16133205484266, 33.727296986247794 ], [ -118.16132565344796, 33.727264830215958 ], [ -118.161319252951571, 33.727232673425 ], [ -118.161311168113983, 33.727200783343974 ], [ -118.161303083276451, 33.727168893251104 ], [ -118.161294998438891, 33.727137004640596 ], [ -118.161286914499641, 33.727105113776908 ], [ -118.161278827865445, 33.727073223648475 ], [ -118.161269074856421, 33.727041660747524 ], [ -118.161259320949057, 33.727010098582099 ], [ -118.161249568838343, 33.726978535657977 ], [ -118.161239814930966, 33.726946972722203 ], [ -118.16123006102363, 33.726915410521947 ], [ -118.161218659606035, 33.726884236814136 ], [ -118.161207255493522, 33.726853062347864 ], [ -118.161195852279292, 33.726821887123194 ], [ -118.161184448166765, 33.726790713381362 ], [ -118.161173045850859, 33.726759539628254 ], [ -118.161160014889361, 33.726728813391418 ], [ -118.161146983029539, 33.726698087143575 ], [ -118.161133952966324, 33.726667362378947 ], [ -118.161120922004812, 33.726636636109099 ], [ -118.161107891043315, 33.726605910575394 ], [ -118.161093257487323, 33.726575692329092 ], [ -118.16107862393136, 33.726545475566439 ], [ -118.161063991273693, 33.72651525729885 ], [ -118.161049357717701, 33.726485040514916 ], [ -118.161034724161738, 33.72645482222611 ], [ -118.161018515859055, 33.726425170248994 ], [ -118.161002309353009, 33.726395519755876 ], [ -118.160986101948637, 33.72636586775829 ], [ -118.160969894544309, 33.726336216497579 ], [ -118.160953686241641, 33.726306565226636 ], [ -118.16093593373499, 33.726277536303456 ], [ -118.1609181839233, 33.726248508117536 ], [ -118.160900433213271, 33.726219480668945 ], [ -118.160882683401567, 33.726190452463442 ], [ -118.160864930894931, 33.726161424248069 ], [ -118.160845671913563, 33.726133075163808 ], [ -118.160826412033842, 33.726104727564461 ], [ -118.160807153052474, 33.726076378461407 ], [ -118.160787894071106, 33.72604803009618 ], [ -118.160768634191413, 33.72601968172161 ], [ -118.160747902871293, 33.725992067020179 ], [ -118.160727172449469, 33.72596445305706 ], [ -118.160706441129363, 33.725936838337859 ], [ -118.160685709809229, 33.725909224356926 ], [ -118.160664980285716, 33.725881609620004 ], [ -118.160642816152716, 33.725854783098576 ], [ -118.160620653816352, 33.725827956568757 ], [ -118.160598490581648, 33.725801129283411 ], [ -118.160576329143609, 33.725774302736816 ], [ -118.160554165908906, 33.725747475434702 ], [ -118.160530614777116, 33.725721488649107 ], [ -118.160507063645312, 33.725695500361411 ], [ -118.160483513411805, 33.725669513560135 ], [ -118.16045996138169, 33.72564352525665 ], [ -118.160436410249901, 33.725617538439643 ], [ -118.160411516136747, 33.725592439210381 ], [ -118.160386621125255, 33.7255673422152 ], [ -118.160361727012116, 33.725542243718458 ], [ -118.160336831102327, 33.725517146708619 ], [ -118.160311936989174, 33.725492047449983 ], [ -118.160285746607059, 33.725467887333352 ], [ -118.160259557123297, 33.725443727209921 ], [ -118.160233366741167, 33.725419567079697 ], [ -118.160207178155702, 33.72539540619551 ], [ -118.1601809877736, 33.725371246051665 ], [ -118.160153553224788, 33.725348071374107 ], [ -118.160126117777708, 33.725324895196032 ], [ -118.160098684127249, 33.725301719011696 ], [ -118.160071249578479, 33.725278543568201 ], [ -118.160043815029695, 33.725255368118496 ], [ -118.160015188416523, 33.725233221470901 ], [ -118.15998656270169, 33.725211075564701 ], [ -118.159957936088546, 33.725188928158531 ], [ -118.159929309475373, 33.72516678224089 ], [ -118.159900682862201, 33.725144635570452 ], [ -118.159870920778545, 33.725123561038011 ], [ -118.159841157796535, 33.725102487247497 ], [ -118.159811395712879, 33.725081412704711 ], [ -118.159781632730869, 33.725060338156688 ], [ -118.159751870647213, 33.72503926435072 ], [ -118.159721028788539, 33.725019301535767 ], [ -118.159690186929893, 33.724999339463388 ], [ -118.159659345071248, 33.724979378133447 ], [ -118.159628503212588, 33.724959416051732 ], [ -118.159597660455645, 33.724939453965362 ], [ -118.159565799907455, 33.72492064396463 ], [ -118.159533938460939, 33.724901833212684 ], [ -118.159502077014452, 33.724883023203724 ], [ -118.159470216466275, 33.724864212443471 ], [ -118.159438355918113, 33.724845401679097 ], [ -118.159405535969171, 33.724827779612056 ], [ -118.159372716918583, 33.724810156047091 ], [ -118.159339897867994, 33.724792532478503 ], [ -118.159307078817406, 33.724774909653448 ], [ -118.159274258868507, 33.724757286077626 ], [ -118.159240545095898, 33.724740884075082 ], [ -118.159206830424964, 33.724724483563648 ], [ -118.159173117550694, 33.72470808155483 ], [ -118.159139403778042, 33.724691680290029 ], [ -118.159105690005433, 33.724675278274894 ], [ -118.159071147087829, 33.724660129214662 ], [ -118.159036602373575, 33.724644982393187 ], [ -118.159002059455972, 33.724629833327619 ], [ -118.158967515640015, 33.724614685006479 ], [ -118.158932972722397, 33.724599536682717 ], [ -118.158897666236783, 33.724585671201062 ], [ -118.158862359751168, 33.72457180422289 ], [ -118.158827053265554, 33.724557939483908 ], [ -118.158791746779968, 33.724544072501267 ], [ -118.158756441192651, 33.724530207010638 ], [ -118.158720440309324, 33.724517650513697 ], [ -118.158684439426011, 33.724505093267702 ], [ -118.158648436746034, 33.72449253601993 ], [ -118.158612435862707, 33.724479979517426 ], [ -118.158576434979395, 33.724467422265974 ], [ -118.158539808868639, 33.72445619941233 ], [ -118.158503181859544, 33.724444975063015 ], [ -118.158466556647113, 33.72443375220643 ], [ -118.158429929638046, 33.724422529348445 ], [ -118.158393303527262, 33.724411304994661 ], [ -118.158356122257629, 33.724401437454361 ], [ -118.15831894188635, 33.724391568418604 ], [ -118.158281760616745, 33.724381701623123 ], [ -118.158244579347127, 33.724371832585106 ], [ -118.158207398077522, 33.724361964293095 ], [ -118.158169735310892, 33.724353469999947 ], [ -118.158132071646008, 33.724344975705947 ], [ -118.158094407082771, 33.724336481411129 ], [ -118.158056743417859, 33.724327987115451 ], [ -118.158019080651258, 33.724319493566099 ], [ -118.157981006456254, 33.724312389706654 ], [ -118.15794293226125, 33.724305285099405 ], [ -118.15790485806626, 33.72429818123873 ], [ -118.157866784769567, 33.724291078124629 ], [ -118.157828710574549, 33.724283974262775 ], [ -118.157790299511319, 33.724278275034514 ], [ -118.15775188844809, 33.724272575058784 ], [ -118.157713479181496, 33.724266876576934 ], [ -118.157675068118266, 33.724261176600393 ], [ -118.157636657055036, 33.724255477370626 ], [ -118.15759798458204, 33.724251193235169 ], [ -118.157559311210761, 33.724246909099506 ], [ -118.157520638737765, 33.724242624216473 ], [ -118.157481965366472, 33.724238339333212 ], [ -118.1574432937918, 33.724234055196845 ], [ -118.157404432672621, 33.724231195121085 ], [ -118.157365570655088, 33.724228334298054 ], [ -118.157326710434234, 33.724225473474938 ], [ -118.157287849315026, 33.724222612651737 ], [ -118.157248988195832, 33.724219752575586 ], [ -118.157210013888928, 33.724218320295996 ], [ -118.157171040480335, 33.724216888016443 ], [ -118.157132066173403, 33.724215456483975 ], [ -118.157093093663121, 33.724214024204372 ], [ -118.157054119356218, 33.724212592671847 ], [ -118.157015107320035, 33.724212593418997 ], [ -118.15697609618222, 33.724212592671847 ], [ -118.156937084146023, 33.724212593418997 ], [ -118.156898073008207, 33.724212592671847 ], [ -118.156859060972025, 33.724212593418997 ], [ -118.156820088461757, 33.724214024204372 ], [ -118.156781114154839, 33.724215456483975 ], [ -118.156742139847921, 33.724216888763543 ], [ -118.156703166439314, 33.724218320295996 ], [ -118.156664192132411, 33.724219751081264 ], [ -118.156625331911528, 33.724222612651737 ], [ -118.156586470792334, 33.724225473474938 ], [ -118.156547608774844, 33.724228334298054 ], [ -118.156508749452271, 33.724231195121085 ], [ -118.156469888333078, 33.724234055196845 ], [ -118.15643121406346, 33.724238340080312 ], [ -118.156392542488803, 33.724242624216473 ], [ -118.15635386911751, 33.724246909099506 ], [ -118.156315195746203, 33.724251193235169 ], [ -118.156276523273235, 33.724255477370626 ], [ -118.156238112210005, 33.724261176600393 ], [ -118.156199702045072, 33.724266876576934 ], [ -118.156161290981842, 33.724272575805941 ], [ -118.156122880816923, 33.724278275781678 ], [ -118.156084469753694, 33.724283974262775 ], [ -118.156046397355311, 33.724291077377465 ], [ -118.156008323160322, 33.72429818123873 ], [ -118.155970248067007, 33.724305285099405 ], [ -118.155932174770314, 33.724312389706654 ], [ -118.155894101473606, 33.724319493566099 ], [ -118.155856437808694, 33.724327987115451 ], [ -118.155818774143782, 33.724336481411129 ], [ -118.155781108682234, 33.724344975705947 ], [ -118.155743445017322, 33.72435346925284 ], [ -118.15570578225072, 33.724361963545988 ], [ -118.155668600981116, 33.724371832585106 ], [ -118.155631419711497, 33.724381700128866 ], [ -118.155594240238528, 33.724391569165753 ], [ -118.155557058968924, 33.724401437454361 ], [ -118.155519877699305, 33.724411306488975 ], [ -118.15548325069021, 33.724422529348445 ], [ -118.155446626376076, 33.724433753700751 ], [ -118.155409998468699, 33.724444975810123 ], [ -118.155373373256239, 33.72445619941233 ], [ -118.155336746247173, 33.724467422265974 ], [ -118.155300745363846, 33.724479979517426 ], [ -118.155264743582194, 33.724492536767038 ], [ -118.155228742698867, 33.724505093267702 ], [ -118.155192740917229, 33.724517650513697 ], [ -118.155156740932227, 33.724530207757788 ], [ -118.155121433548302, 33.724544072501267 ], [ -118.155086127960985, 33.724557939483908 ], [ -118.155050820577074, 33.72457180422289 ], [ -118.155015514989771, 33.724585671201062 ], [ -118.154980209402481, 33.724599536682717 ], [ -118.154945665586553, 33.724614684259329 ], [ -118.154911121770596, 33.724629833327619 ], [ -118.154876577954667, 33.724644982393187 ], [ -118.154842035037049, 33.724660130708983 ], [ -118.154807492119417, 33.724675278274894 ], [ -118.154773778346808, 33.724691679542872 ], [ -118.154740063675888, 33.72470808230198 ], [ -118.154706349903265, 33.724724483563648 ], [ -118.154672636130655, 33.724740885569389 ], [ -118.15463892235806, 33.724757286824783 ], [ -118.154606103307472, 33.724774910400612 ], [ -118.154573284256884, 33.72479253322566 ], [ -118.154540465206281, 33.724810155299934 ], [ -118.154507646155693, 33.724827778864906 ], [ -118.154474827105091, 33.724845402426254 ], [ -118.154442965658617, 33.724864212443471 ], [ -118.154411104212087, 33.724883022456567 ], [ -118.154379241867304, 33.724901833959784 ], [ -118.154347381319127, 33.72492064396463 ], [ -118.154315519872597, 33.724939454712505 ], [ -118.154284678013951, 33.724959416798875 ], [ -118.154253837053645, 33.724979378880604 ], [ -118.154222995194999, 33.724999340957631 ], [ -118.15419215423465, 33.725019301535767 ], [ -118.154161310579383, 33.725039263603563 ], [ -118.154131548495684, 33.725060338903845 ], [ -118.154101785513717, 33.725081412704711 ], [ -118.154072023430018, 33.725102487994647 ], [ -118.154042260448023, 33.725123561785111 ], [ -118.154012497466042, 33.725144636317602 ], [ -118.153983870852869, 33.72516678298804 ], [ -118.153955245138008, 33.725188929652838 ], [ -118.153926618524864, 33.725211075564701 ], [ -118.15389799281003, 33.725233221470901 ], [ -118.153869366196858, 33.725255368865646 ], [ -118.153841930749792, 33.725278544315351 ], [ -118.153814497997629, 33.725301720505996 ], [ -118.153787061652224, 33.725324895943174 ], [ -118.153759628900062, 33.725348070627007 ], [ -118.153732193452996, 33.725371246798829 ], [ -118.153706003969177, 33.725395407689803 ], [ -118.1536798144854, 33.725419567826833 ], [ -118.15365362500161, 33.725443726462771 ], [ -118.15362743461948, 33.725467888080502 ], [ -118.153601245135704, 33.725492047449983 ], [ -118.153576350124226, 33.725517145961469 ], [ -118.153551455112762, 33.725542244465551 ], [ -118.153526560999623, 33.725567341468114 ], [ -118.153501665988159, 33.725592440704659 ], [ -118.153476770976667, 33.725617538439643 ], [ -118.153453219844863, 33.725643526750943 ], [ -118.153429668713073, 33.725669513560135 ], [ -118.153406117581255, 33.725695501108568 ], [ -118.153382566449451, 33.725721488649107 ], [ -118.153359014419337, 33.725747476928937 ], [ -118.153336852082958, 33.725774302736816 ], [ -118.153314689746594, 33.72580113077764 ], [ -118.153292526511891, 33.725827956568757 ], [ -118.153270365073837, 33.725854783845726 ], [ -118.153248201839133, 33.725881611114296 ], [ -118.153227470519042, 33.725909225104068 ], [ -118.153206740097218, 33.725936839085001 ], [ -118.153186008777084, 33.725964453804146 ], [ -118.153165278355274, 33.725992067767322 ], [ -118.15314454703514, 33.72601968172161 ], [ -118.153125288053772, 33.726048030843337 ], [ -118.153106028174079, 33.726076378461407 ], [ -118.153086769192711, 33.726104727564461 ], [ -118.153067508414679, 33.726133075910944 ], [ -118.153048249433311, 33.726161424995212 ], [ -118.153030497825, 33.726190452463442 ], [ -118.153012748013282, 33.726219480668945 ], [ -118.152994996404942, 33.726248509611828 ], [ -118.152977246593252, 33.726277537050592 ], [ -118.152959495883252, 33.726306564479508 ], [ -118.15294328758057, 33.726336216497579 ], [ -118.152927080176241, 33.726365868505425 ], [ -118.152910872771869, 33.72639551900879 ], [ -118.152894664469187, 33.726425170996087 ], [ -118.15287845706483, 33.726454822973196 ], [ -118.152863822610541, 33.726485039767823 ], [ -118.152849190851185, 33.726515258045993 ], [ -118.152834556396911, 33.726545475566439 ], [ -118.152819923739216, 33.726575693823378 ], [ -118.152805290183252, 33.726605910575394 ], [ -118.152792260120066, 33.726636636856234 ], [ -118.152779229158554, 33.726667363126083 ], [ -118.152766198197057, 33.726698087890703 ], [ -118.152753166337234, 33.726728812644275 ], [ -118.152740135375694, 33.726759538881176 ], [ -118.152728733059817, 33.726790712634276 ], [ -118.152717329845586, 33.726821887870273 ], [ -118.152705926631356, 33.726853061600735 ], [ -118.152694522518843, 33.726884236067001 ], [ -118.152683120202937, 33.726915409774804 ], [ -118.152673367193898, 33.726946972722203 ], [ -118.152663612388224, 33.726978535657977 ], [ -118.152653859379186, 33.727010098582099 ], [ -118.152644106370133, 33.727041660747524 ], [ -118.152634352462798, 33.727073223648475 ], [ -118.152626267625237, 33.727105115271165 ], [ -118.152618182787677, 33.727137003893525 ], [ -118.152610098848427, 33.727168894745319 ], [ -118.152602013112542, 33.72720078409111 ], [ -118.152593927376699, 33.727232674919257 ], [ -118.152587527778607, 33.727264830963094 ], [ -118.152581126383879, 33.727296986994922 ], [ -118.15257472588749, 33.727329143014657 ], [ -118.152568325391101, 33.727361299022334 ], [ -118.152561924894698, 33.727393455017975 ], [ -118.15255722221417, 33.727425814964953 ], [ -118.152552516838696, 33.72745817489966 ], [ -118.152547812361576, 33.727490534822181 ], [ -118.152543108782737, 33.727522894732552 ], [ -118.152538405203927, 33.727555255377794 ], [ -118.152535406627507, 33.7275877557217 ], [ -118.152532408051087, 33.727620256800478 ], [ -118.152529408576342, 33.727652759361085 ], [ -118.152526409999922, 33.727685259668114 ], [ -118.15252341142353, 33.727717760709901 ], [ -118.152522125036029, 33.727750341680782 ], [ -118.152520836851892, 33.727782921892214 ], [ -118.152519550464433, 33.727815502091225 ], [ -118.152518264076932, 33.727848082277866 ], [ -118.152516976791148, 33.727880661705058 ], [ -118.152517403490904, 33.727913258303481 ], [ -118.152517830190646, 33.727945854142384 ], [ -118.152518256890403, 33.727978449968973 ], [ -118.152518682691877, 33.728011045036048 ], [ -118.152519111188241, 33.728043640837818 ], [ -118.15252125007693, 33.728076190306261 ], [ -118.152523390762241, 33.728108739015234 ], [ -118.152525530549283, 33.728141287711807 ], [ -118.15252767123458, 33.728173836396095 ], [ -118.152529811021594, 33.728206385068034 ], [ -118.152533658505959, 33.728238823902245 ], [ -118.152537508685285, 33.728271262724178 ], [ -118.152541357067918, 33.728303702280989 ], [ -118.152545207247272, 33.728336140331336 ], [ -118.152549055629919, 33.728368579116498 ], [ -118.15255460542177, 33.728400845307029 ], [ -118.152560156111903, 33.728433112232494 ], [ -118.152565707700347, 33.728465376904516 ], [ -118.152571257492198, 33.728497643805781 ], [ -118.152576808182317, 33.728529909947717 ], [ -118.152584048603529, 33.728561941485488 ], [ -118.152591290821334, 33.728593972264228 ], [ -118.152598532140843, 33.728626003778096 ], [ -118.152605773460337, 33.728658036027063 ], [ -118.152613014779831, 33.728690066769943 ], [ -118.152621933253982, 33.728721802393501 ], [ -118.152630851728134, 33.728753536511086 ], [ -118.152639770202256, 33.728785269869881 ], [ -118.152648688676408, 33.728817005458232 ], [ -118.152657607150559, 33.728848740287731 ], [ -118.152668183914699, 33.728880117241836 ], [ -118.152678761577164, 33.728911493437359 ], [ -118.152689341036279, 33.72894287036852 ], [ -118.15269991869873, 33.728974247288271 ], [ -118.152710497259534, 33.729005624196489 ], [ -118.152722714347391, 33.729036581967641 ], [ -118.152734930536937, 33.729067541221845 ], [ -118.152747147624808, 33.729098498970721 ], [ -118.152759364712679, 33.729129457455471 ], [ -118.152771582698861, 33.729160415181951 ], [ -118.152785414957606, 33.729190895498441 ], [ -118.152799249012986, 33.729221375056994 ], [ -118.152813081271731, 33.729251855351826 ], [ -118.152826915327111, 33.72928233488873 ], [ -118.152840747585856, 33.729312815161862 ], [ -118.152856169862631, 33.729342758258056 ], [ -118.152871592139448, 33.729372699849613 ], [ -118.152887014416223, 33.729402644419139 ], [ -118.152902435794715, 33.729432585989755 ], [ -118.152917858071532, 33.729462529044149 ], [ -118.152934839823658, 33.729491877396157 ], [ -118.152951820677444, 33.729521224991011 ], [ -118.152968802429584, 33.729550573322939 ], [ -118.152985783283413, 33.729579920897713 ], [ -118.153002765035552, 33.729609269209568 ], [ -118.15302127212702, 33.72963796529379 ], [ -118.153039779218503, 33.729666661368462 ], [ -118.153058288106607, 33.729695358180606 ], [ -118.153076795198089, 33.72972405423603 ], [ -118.153095302289586, 33.729752751028968 ], [ -118.153115301482771, 33.729780740310581 ], [ -118.153135298879278, 33.729808730330163 ], [ -118.153155298072463, 33.729836719593493 ], [ -118.153175296367309, 33.729864709594821 ], [ -118.153195294662169, 33.729892698092847 ], [ -118.153216746431141, 33.729919926037212 ], [ -118.153238196403507, 33.729947155467158 ], [ -118.153259647274183, 33.729974383394307 ], [ -118.153281098144873, 33.730001612059915 ], [ -118.15330254811721, 33.730028839969727 ], [ -118.153325410241166, 33.730055254283876 ], [ -118.153348271466839, 33.730081669337025 ], [ -118.153371132692513, 33.730108084382017 ], [ -118.153393993918186, 33.730134499418888 ], [ -118.15341685604217, 33.730160914447637 ], [ -118.153441084503697, 33.730186464332924 ], [ -118.153465312066899, 33.730212014210608 ], [ -118.153489540528426, 33.730237565574896 ], [ -118.153513767193331, 33.730263115437367 ], [ -118.153537996553169, 33.730288665292171 ], [ -118.153563543741541, 33.730313302191448 ], [ -118.153589090929884, 33.730337938336532 ], [ -118.153614639016581, 33.730362575221662 ], [ -118.153640187103278, 33.730387212099657 ], [ -118.153665735189961, 33.730411848223525 ], [ -118.153692553494452, 33.7304355235797 ], [ -118.153719370900617, 33.730459198182245 ], [ -118.15374619100173, 33.730482873525361 ], [ -118.153773009306235, 33.730506548114903 ], [ -118.153799827610726, 33.730530223444951 ], [ -118.153827864030731, 33.730552890942405 ], [ -118.153855902247386, 33.730575559181027 ], [ -118.153883940464056, 33.730598227413608 ], [ -118.153911976884061, 33.7306208956402 ], [ -118.153940014202377, 33.730643563113759 ], [ -118.153969214839009, 33.730665179425337 ], [ -118.153998418170588, 33.73068679722568 ], [ -118.154027619705531, 33.730708414273465 ], [ -118.154056822138784, 33.730730031315801 ], [ -118.154086023673742, 33.730751648352658 ], [ -118.154116334628029, 33.730772172392491 ], [ -118.154146644684047, 33.730792696427372 ], [ -118.154176952943416, 33.730813221204436 ], [ -118.154207263897717, 33.730833745976604 ], [ -118.154237573953722, 33.730854269996811 ], [ -118.154268935038601, 33.730873662173082 ], [ -118.15430029522517, 33.730893054345046 ], [ -118.154331654513427, 33.730912447259662 ], [ -118.154363015598307, 33.730931839422844 ], [ -118.154394375784875, 33.730951231581599 ], [ -118.154426725016592, 33.730969454543981 ], [ -118.154459073349983, 33.730987677502448 ], [ -118.154491423479968, 33.731005898215791 ], [ -118.154523771813345, 33.731024121166506 ], [ -118.154556121045076, 33.731042344113348 ], [ -118.1545893973381, 33.731059361258261 ], [ -118.154622674529506, 33.731076379146828 ], [ -118.154655949025951, 33.731093397032083 ], [ -118.154689226217329, 33.731110415661014 ], [ -118.15472250251041, 33.731127432045319 ], [ -118.15475664118614, 33.731143211998798 ], [ -118.154790779861898, 33.731158991949393 ], [ -118.154824918537614, 33.731174772644174 ], [ -118.154859056315061, 33.731190552588956 ], [ -118.154893195889102, 33.731206332530896 ], [ -118.154928131370525, 33.731220843918834 ], [ -118.154963066851906, 33.731235355304371 ], [ -118.154998001435004, 33.731249867434556 ], [ -118.155032936916399, 33.73126437956229 ], [ -118.155067872397794, 33.731278890940416 ], [ -118.155103536412895, 33.731292106124052 ], [ -118.155139201326307, 33.731305322052748 ], [ -118.155174865341408, 33.731318537979405 ], [ -118.155210531153131, 33.731331753156951 ], [ -118.155246195168203, 33.73134496907953 ], [ -118.155282519445052, 33.731356863408131 ], [ -118.155318844620197, 33.73136875624089 ], [ -118.155355169795314, 33.731380650566194 ], [ -118.155391494970488, 33.731392544142736 ], [ -118.155427819247308, 33.731404438464686 ], [ -118.155464734615592, 33.73141498728728 ], [ -118.155501650882201, 33.731425537602782 ], [ -118.155538564453849, 33.731436086422789 ], [ -118.155575480720444, 33.73144663524149 ], [ -118.155612395190417, 33.73145718555304 ], [ -118.155649829784934, 33.73146636944805 ], [ -118.155687264379452, 33.731475553342065 ], [ -118.155724698973984, 33.7314847372351 ], [ -118.155762133568501, 33.731493922621354 ], [ -118.155799567264708, 33.731503106512413 ], [ -118.155837448321904, 33.731510907552092 ], [ -118.155875329379128, 33.731518709338204 ], [ -118.155913209538042, 33.731526510376455 ], [ -118.155951090595252, 33.731534312161159 ], [ -118.155988971652476, 33.731542113197996 ], [ -118.156027226408838, 33.731548517189836 ], [ -118.156065480266903, 33.73155492043405 ], [ -118.15610373592159, 33.731561324424938 ], [ -118.156141989779641, 33.7315677284153 ], [ -118.156180244536017, 33.731574130911028 ], [ -118.156218798431397, 33.731579124409159 ], [ -118.156257352326747, 33.731584119401134 ], [ -118.15629590801872, 33.731589112151525 ], [ -118.156334461914099, 33.731594106395818 ], [ -118.156373016707789, 33.73159909914569 ], [ -118.156411796080306, 33.731602673186408 ], [ -118.156450574554469, 33.731606246479856 ], [ -118.156489354825283, 33.731609820520276 ], [ -118.156528134197799, 33.731613393066404 ], [ -118.156566913570302, 33.731616967106518 ], [ -118.156605843859737, 33.73161911422001 ], [ -118.156644774149214, 33.731621262080537 ], [ -118.156683703540367, 33.731623408446836 ], [ -118.15672263382983, 33.731625555560157 ], [ -118.156761565017618, 33.73162770192635 ], [ -118.156800569867258, 33.731628419124924 ], [ -118.156839575615237, 33.731629135576412 ], [ -118.156878579566524, 33.731629851280843 ], [ -118.156917586212785, 33.731630566985231 ], [ -118.156956591062425, 33.731631283436691 ] ] ] } },
{ "type": "Feature", "properties": { "anchoragename": "Anchorage B", "location": "Los Angeles and Long Beach harbors, CA", "anchoragetype": "commercial", "Port": "LA_Long_Beach" }, "geometry": { "type": "Polygon", "coordinates": [ [ [ -118.2166788252608, 33.743615934581754 ], [ -118.230845492649991, 33.739671489141735 ], [ -118.230567715597829, 33.731810377440105 ], [ -118.237123271096678, 33.729449264270102 ], [ -118.2314010467543, 33.716365930361981 ], [ -118.206317710672693, 33.723921488994883 ], [ -118.196456596575089, 33.723921488994883 ], [ -118.193595485751374, 33.727282600459453 ], [ -118.210067712554888, 33.736671489524831 ], [ -118.2166788252608, 33.743615934581754 ] ] ] } },
{ "type": "Feature", "properties": { "anchoragename": "Anchorage C", "location": "Los Angeles and Long Beach harbors, CA", "anchoragetype": "commercial", "Port": "LA_Long_Beach" }, "geometry": { "type": "Polygon", "coordinates": [ [ [ -118.140623255479937, 33.740338160234224 ], [ -118.159234370974943, 33.748004826569272 ], [ -118.159067703845352, 33.739865936844026 ], [ -118.140623255479937, 33.738893715588503 ], [ -118.140623255479937, 33.740338160234224 ] ] ] } },
{ "type": "Feature", "properties": { "anchoragename": "Anchorage D", "location": "Los Angeles and Long Beach harbors, CA", "anchoragetype": "commercial", "Port": "LA_Long_Beach" }, "geometry": { "type": "Polygon", "coordinates": [ [ [ -118.136845476790839, 33.738477049271403 ], [ -118.174234372215537, 33.738477047030351 ], [ -118.179595483695167, 33.7308381567886 ], [ -118.179595482796856, 33.724227045470734 ], [ -118.136845475892528, 33.724227047712162 ], [ -118.136845476790839, 33.738477049271403 ] ] ] } },
{ "type": "Feature", "properties": { "anchoragename": "Anchorage E", "location": "Los Angeles and Long Beach harbors, CA", "anchoragetype": "commercial", "Port": "LA_Long_Beach" }, "geometry": { "type": "Polygon", "coordinates": [ [ [ -118.185984375657682, 33.751782603676048 ], [ -118.182623262546841, 33.741393713570453 ], [ -118.178067707213373, 33.741004825398484 ], [ -118.174234372215537, 33.738477047030351 ], [ -118.165789926473821, 33.738477047777323 ], [ -118.163484370652725, 33.743615937569658 ], [ -118.17556770745577, 33.747782603641262 ], [ -118.17556770745577, 33.753060382837091 ], [ -118.179484374670935, 33.754227048359247 ], [ -118.185984375657682, 33.751782603676048 ] ] ] } },
{ "type": "Feature", "properties": { "anchoragename": "Anchorage F", "location": "Los Angeles and Long Beach harbors, CA", "anchoragetype": "commercial", "Port": "LA_Long_Beach" }, "geometry": { "type": "Polygon", "coordinates": [ [ [ -118.17681770508878, 33.718088155555364 ], [ -118.116678799922269, 33.638199261288158 ], [ -118.100845465728611, 33.673060377727708 ], [ -118.13306769810174, 33.718088157796934 ], [ -118.17681770508878, 33.718088155555364 ] ] ] } },
{ "type": "Feature", "properties": { "anchoragename": "Anchorage G", "location": "Los Angeles and Long Beach harbors, CA", "anchoragetype": "commercial", "Port": "LA_Long_Beach" }, "geometry": { "type": "Polygon", "coordinates": [ [ [ -118.188345484194258, 33.718171489204629 ], [ -118.205206597972492, 33.718171487710265 ], [ -118.238678825283699, 33.707199261940268 ], [ -118.218123265033725, 33.694532595543421 ], [ -118.193567706249524, 33.702449264177261 ], [ -118.188345484194258, 33.718171489204629 ] ] ] } },
{ "type": "Feature", "properties": { "anchoragename": "Anchorage N", "location": "Los Angeles and Long Beach harbors, CA", "anchoragetype": "general", "Port": "LA_Long_Beach" }, "geometry": { "type": "Polygon", "coordinates": [ [ [ -118.276253419545611, 33.707915823925319 ], [ -118.279840948532268, 33.71785840403809 ], [ -118.279907200182791, 33.717834498810284 ], [ -118.280342099764667, 33.717643699093024 ], [ -118.280509899669838, 33.717605599173893 ], [ -118.280822799951295, 33.717544598919105 ], [ -118.281318699632536, 33.717376698927225 ], [ -118.281547499637085, 33.717319499548843 ], [ -118.281646700593896, 33.717243200027376 ], [ -118.28193659951252, 33.717044798388507 ], [ -118.282234199688048, 33.716880799351095 ], [ -118.282424900344765, 33.716888399973143 ], [ -118.282524099504926, 33.716930398404138 ], [ -118.282554600003792, 33.716976199363216 ], [ -118.282577499857027, 33.717021899424729 ], [ -118.282615699816148, 33.717060098981605 ], [ -118.282630900209071, 33.71714019896563 ], [ -118.282692000021427, 33.717220298874857 ], [ -118.282752999222481, 33.717227898719635 ], [ -118.282859800824937, 33.717201198760577 ], [ -118.283187899702668, 33.717021899424729 ], [ -118.283355700506178, 33.716838799401458 ], [ -118.283622699571538, 33.716487898878569 ], [ -118.283714299882746, 33.716308599547503 ], [ -118.283798199835374, 33.716171298644312 ], [ -118.283904999641166, 33.716026299685616 ], [ -118.284019499805581, 33.715805099809856 ], [ -118.284210199564001, 33.715404499511884 ], [ -118.284309399622501, 33.715175599374788 ], [ -118.284362799974573, 33.714958199198222 ], [ -118.28438569982778, 33.714878099420268 ], [ -118.284416199428307, 33.714454699013885 ], [ -118.284446699927159, 33.714244799233391 ], [ -118.284416199428307, 33.714054099140618 ], [ -118.284393300473397, 33.713840499559311 ], [ -118.284454300572776, 33.713664998889605 ], [ -118.284507799739544, 33.713577299232476 ], [ -118.284637499398571, 33.713561999513175 ], [ -118.284934999861093, 33.713573498775013 ], [ -118.285148600371031, 33.713569598934569 ], [ -118.28524779953122, 33.713523899277284 ], [ -118.285339400740739, 33.713428499165438 ], [ -118.285407999689127, 33.713367498931902 ], [ -118.285446200546573, 33.713352199922419 ], [ -118.285453799395555, 33.713321699036719 ], [ -118.285407999689127, 33.71334459973459 ], [ -118.285278299131747, 33.713439899062195 ], [ -118.285186800330195, 33.7135277004842 ], [ -118.285095200018986, 33.713550598885433 ], [ -118.284782399450521, 33.713546799173983 ], [ -118.284416201224943, 33.713523899277284 ], [ -118.284111000403797, 33.713516198974538 ], [ -118.284011799446972, 33.713500997879983 ], [ -118.283966099453536, 33.713485698894345 ], [ -118.283973700099139, 33.713447597877284 ], [ -118.283966099453536, 33.713275899117157 ], [ -118.283966099453536, 33.713211099796112 ], [ -118.283927900392698, 33.713195799264305 ], [ -118.283721900528391, 33.713172899274014 ], [ -118.283698999776846, 33.713172899274014 ], [ -118.283706699237129, 33.713104199266397 ], [ -118.283760100487513, 33.713054698881002 ], [ -118.283783000340748, 33.712982199042443 ], [ -118.283798199835374, 33.712848697793284 ], [ -118.283790599189729, 33.712734198812271 ], [ -118.283767700234819, 33.712360399241682 ], [ -118.283790600986364, 33.712120098391551 ], [ -118.283805799582638, 33.711688998864311 ], [ -118.283798199835374, 33.711494399138864 ], [ -118.283752400128918, 33.711307500221217 ], [ -118.283752400128918, 33.711070999234977 ], [ -118.283721900528391, 33.710639999058067 ], [ -118.283668499277994, 33.710514099090233 ], [ -118.283615099824246, 33.710449199045968 ], [ -118.283546400264584, 33.71042249922079 ], [ -118.283439599560438, 33.710430098920021 ], [ -118.283393899566988, 33.710437798752181 ], [ -118.283309900799722, 33.710449199045968 ], [ -118.283287000048205, 33.710452999641767 ], [ -118.283279399402559, 33.7104415986012 ], [ -118.28324889890375, 33.710220299150066 ], [ -118.28324130005474, 33.71020129910714 ], [ -118.28324889890375, 33.710189800141009 ], [ -118.28324889890375, 33.710178399812783 ], [ -118.283264199907961, 33.710166898601805 ], [ -118.283264199907961, 33.710140198688862 ], [ -118.28324130005474, 33.710082999720612 ], [ -118.283187899702668, 33.710041000182166 ], [ -118.283065798892622, 33.709987599522407 ], [ -118.282852200179306, 33.709926599086373 ], [ -118.282722499621954, 33.709911298716634 ], [ -118.282524099504926, 33.709911298716634 ], [ -118.282424900344765, 33.70989609922573 ], [ -118.282302900146021, 33.709865598607017 ], [ -118.282234200586331, 33.709846499098504 ], [ -118.282058699424212, 33.709781598549711 ], [ -118.281944299871142, 33.709747299505281 ], [ -118.281707800406252, 33.709720600209167 ], [ -118.281234699966944, 33.709617599090677 ], [ -118.28084560009151, 33.709548998615311 ], [ -118.280677799288014, 33.709545098592109 ], [ -118.280525199775767, 33.709495499009385 ], [ -118.280235299958861, 33.709430699824814 ], [ -118.27990719928448, 33.709365798961798 ], [ -118.2796326004718, 33.709308600225022 ], [ -118.279266400449586, 33.709178899147879 ], [ -118.279151900285157, 33.709121698792096 ], [ -118.279090900185778, 33.709106399773525 ], [ -118.279045100479351, 33.709075898874289 ], [ -118.279006999334868, 33.709041598800773 ], [ -118.278984100379986, 33.709022499109004 ], [ -118.278938300673531, 33.708991999674566 ], [ -118.278892500967103, 33.708961498734702 ], [ -118.278846700362323, 33.708923299311294 ], [ -118.278808600116179, 33.708904298981416 ], [ -118.278747600915125, 33.708873698622227 ], [ -118.278655999705606, 33.70883559929527 ], [ -118.278617899459462, 33.708812698889524 ], [ -118.278556799647106, 33.708785999302798 ], [ -118.278526300046579, 33.708766898806935 ], [ -118.278495799547727, 33.708755499037068 ], [ -118.278373699636006, 33.708694499220464 ], [ -118.278320300182244, 33.708660098858843 ], [ -118.278251599724271, 33.708618198760362 ], [ -118.278183000775883, 33.708579999184252 ], [ -118.278068500611482, 33.708522799176812 ], [ -118.278007500512118, 33.70848079962272 ], [ -118.277977000013266, 33.708465599131337 ], [ -118.27793880005413, 33.708450299248597 ], [ -118.277908299555293, 33.708431198678035 ], [ -118.277862500747148, 33.708396899094275 ], [ -118.277809099496764, 33.708370198631044 ], [ -118.277755700043002, 33.708354898731308 ], [ -118.277717600695183, 33.708335899022984 ], [ -118.277664200343139, 33.70830539859741 ], [ -118.277625999485664, 33.708278699600264 ], [ -118.277580299492215, 33.708263398936943 ], [ -118.277549700178682, 33.708251999100291 ], [ -118.277519198781548, 33.708232899232918 ], [ -118.277481100332025, 33.708202400265357 ], [ -118.277450599833188, 33.708179498943416 ], [ -118.277412399874052, 33.708156599110019 ], [ -118.277343699416051, 33.708126098620767 ], [ -118.277183500156497, 33.708339699712255 ], [ -118.27725220061447, 33.708373999318852 ], [ -118.277206400009732, 33.708435098751821 ], [ -118.276473999965319, 33.708034499193424 ], [ -118.276253419545611, 33.707915823925319 ] ] ] } },
{ "type": "Feature", "properties": { "anchoragename": "Anchorage P", "location": "Los Angeles and Long Beach harbors, CA", "anchoragetype": "general", "Port": "LA_Long_Beach" }, "geometry": { "type": "Polygon", "coordinates": [ [ [ -118.167564400095571, 33.762641898875259 ], [ -118.167709399860527, 33.762672399407492 ], [ -118.16809080027565, 33.762718199101585 ], [ -118.168273899388439, 33.762744899086442 ], [ -118.168456999399524, 33.762767799290593 ], [ -118.168602000062819, 33.76282119922115 ], [ -118.168838500425963, 33.762870799350544 ], [ -118.168998699685531, 33.762912799172668 ], [ -118.169235200048703, 33.762950899137557 ], [ -118.169532800224232, 33.763008098715936 ], [ -118.169693000382111, 33.763027199088867 ], [ -118.169868499747594, 33.763057698737171 ], [ -118.170051600657018, 33.763088199121448 ], [ -118.170196499810643, 33.763118698748045 ], [ -118.170318599722378, 33.763141598852314 ], [ -118.170394899927672, 33.763153099685042 ], [ -118.170791600448695, 33.763156898693587 ], [ -118.170890799608912, 33.763175999033358 ], [ -118.171005200060335, 33.763202698875602 ], [ -118.171211199924656, 33.763210299128474 ], [ -118.171325700089085, 33.763225598957433 ], [ -118.171615599905991, 33.763309498908221 ], [ -118.171737699817726, 33.763328599213985 ], [ -118.17200470067975, 33.763339999202877 ], [ -118.172172500584921, 33.763351399190263 ], [ -118.172470100760449, 33.763397199268333 ], [ -118.172676099726445, 33.763420098551428 ], [ -118.172973600188996, 33.763435399089758 ], [ -118.173423799876787, 33.763484998863717 ], [ -118.173561100181459, 33.763515499095924 ], [ -118.173751799939851, 33.763523098574233 ], [ -118.173889199957515, 33.763526899059961 ], [ -118.174003600408938, 33.763561199014639 ], [ -118.174156199921185, 33.763595599027212 ], [ -118.174217200020564, 33.763610800209356 ], [ -118.174308800331772, 33.763610799462597 ], [ -118.174400300031664, 33.763641398974798 ], [ -118.174461400742345, 33.763660399135048 ], [ -118.174522399943399, 33.76365660014887 ], [ -118.174598700148664, 33.763645199455269 ], [ -118.174697900207178, 33.763660399135048 ], [ -118.174949600064949, 33.763732898725067 ], [ -118.175155599030958, 33.7637671985973 ], [ -118.175331100193077, 33.763809198727017 ], [ -118.175476100856358, 33.763847399111562 ], [ -118.17562870036862, 33.763862598755473 ], [ -118.176139800442797, 33.763923598940224 ], [ -118.176315299808252, 33.763935099668075 ], [ -118.176803599742186, 33.763977098968638 ], [ -118.17692569965395, 33.763999899519149 ], [ -118.177451087432686, 33.76399461142897 ], [ -118.177444443492831, 33.763722221693115 ], [ -118.177361111275516, 33.760305555421738 ], [ -118.15944444380078, 33.753749999607464 ], [ -118.15944444380078, 33.753742060921851 ], [ -118.159400899764009, 33.753749798694272 ], [ -118.15924069960613, 33.753715498547948 ], [ -118.158843999983389, 33.753635399840334 ], [ -118.158538800060569, 33.753566698612197 ], [ -118.158294699950119, 33.753509499455646 ], [ -118.158241300496329, 33.753490399949449 ], [ -118.158203099638882, 33.753417999248612 ], [ -118.158111599938991, 33.753101298493426 ], [ -118.158035299733712, 33.752765698563032 ], [ -118.158081099440139, 33.752563498160505 ], [ -118.158187900144284, 33.752296399750165 ], [ -118.158264199451239, 33.752094299072873 ], [ -118.158325199550617, 33.752040899182028 ], [ -118.158515899309023, 33.751995099758332 ], [ -118.158821100130197, 33.751941699058861 ], [ -118.158927899935989, 33.751907299597711 ], [ -118.158943199143607, 33.751888299073038 ], [ -118.158966099895153, 33.751827199200918 ], [ -118.159027099994503, 33.751789098026343 ], [ -118.15905759959503, 33.751781499001574 ], [ -118.159095800452477, 33.751804399146991 ], [ -118.159133899800324, 33.751834899053911 ], [ -118.159164399400851, 33.751850098587198 ], [ -118.159225500111532, 33.751850098587198 ], [ -118.159294099958203, 33.751831098049855 ], [ -118.159416199869938, 33.751815798427756 ], [ -118.15944444380078, 33.751818495505468 ], [ -118.15944444380078, 33.75180555535767 ], [ -118.125472221388932, 33.739055554772051 ], [ -118.122062066551777, 33.73739139874904 ], [ -118.121933000205019, 33.737579298672323 ], [ -118.12167359998864, 33.737960798592361 ], [ -118.12140660002494, 33.738365199055956 ], [ -118.121238700406778, 33.73860549889843 ], [ -118.120994599397989, 33.738964098904077 ], [ -118.120758099933127, 33.739311199357324 ], [ -118.120605500420865, 33.739559199746147 ], [ -118.120353699951764, 33.739929198866939 ], [ -118.12009430063371, 33.740310699541872 ], [ -118.119880700123787, 33.740642498906979 ], [ -118.119636500300302, 33.740985899399192 ], [ -118.119354200230674, 33.74143599806191 ], [ -118.119216899926045, 33.74161909939528 ], [ -118.118988000208461, 33.741966198816357 ], [ -118.118652300685127, 33.742488899529548 ], [ -118.118431100427884, 33.742820698685904 ], [ -118.118316699976432, 33.742992398852131 ], [ -118.118194600064712, 33.743179298997816 ], [ -118.118003798796693, 33.743465399069052 ], [ -118.117942799595625, 33.743549298937154 ], [ -118.11796570034717, 33.743774398981813 ], [ -118.117996199947669, 33.743843099091791 ], [ -118.118133500252341, 33.743965099523329 ], [ -118.118408199676338, 33.744190198476716 ], [ -118.118751499845345, 33.744461098817411 ], [ -118.118988000208461, 33.744663198810741 ], [ -118.11915589982668, 33.744773899447921 ], [ -118.119384799544207, 33.744968399075574 ], [ -118.119621299907379, 33.745166798908059 ], [ -118.120033300534331, 33.74549869900229 ], [ -118.120338399845863, 33.745719898538802 ], [ -118.120559700714409, 33.745868698646262 ], [ -118.120941199944227, 33.746108999130108 ], [ -118.121246300154056, 33.746272999084283 ], [ -118.121681199735946, 33.746513398526851 ], [ -118.122306799974524, 33.746810898626627 ], [ -118.122772200055238, 33.747047398989046 ], [ -118.123054499226555, 33.747188598855296 ], [ -118.123306299695628, 33.747291598960217 ], [ -118.123733500715488, 33.747509000146216 ], [ -118.12415310019145, 33.747680699143139 ], [ -118.124488799714811, 33.7478370989582 ], [ -118.124946600048219, 33.748020200071338 ], [ -118.125335699923653, 33.748165098666057 ], [ -118.125656100239411, 33.748298598762908 ], [ -118.125900300062867, 33.748413098851088 ], [ -118.126152000818962, 33.748508498917417 ], [ -118.126350400037651, 33.748584698936362 ], [ -118.126815800118351, 33.748802199173952 ], [ -118.127296400592002, 33.748966198459399 ], [ -118.127571100015999, 33.749076799429069 ], [ -118.1278229004851, 33.749191298478181 ], [ -118.128181499861654, 33.749340098537843 ], [ -118.128723100434655, 33.749565098981016 ], [ -118.128952000152211, 33.749652898552263 ], [ -118.129417400232924, 33.749839799121617 ], [ -118.129715000408453, 33.750019100102648 ], [ -118.130020099719985, 33.750148798475301 ], [ -118.130294800042293, 33.750278499639442 ], [ -118.130455000200172, 33.750373799037249 ], [ -118.13066859981177, 33.750469198416077 ], [ -118.131088299899062, 33.75066379865828 ], [ -118.131523099767946, 33.750846898964205 ], [ -118.132179300218354, 33.751102400102553 ], [ -118.132766700497811, 33.751331300021569 ], [ -118.133155800373217, 33.751506799106039 ], [ -118.133529700754039, 33.751666998929693 ], [ -118.133857699918806, 33.751853899590465 ], [ -118.134155299195996, 33.752017999099785 ], [ -118.13450620001062, 33.752227799027786 ], [ -118.134796099827525, 33.752380400026425 ], [ -118.135093700003026, 33.752567299132131 ], [ -118.13546749977256, 33.752746598891143 ], [ -118.135772700593705, 33.752910599595481 ], [ -118.136077899618229, 33.753028898957844 ], [ -118.136421199787208, 33.753204298965279 ], [ -118.136642501554064, 33.753276798436431 ], [ -118.137100200377859, 33.753436999434356 ], [ -118.137298599596548, 33.753524799522303 ], [ -118.137558000711266, 33.753635399093497 ], [ -118.138015700433371, 33.753822298451048 ], [ -118.138427699263687, 33.754024499619376 ], [ -118.138885500495419, 33.75418089906718 ], [ -118.139167800565019, 33.754295298686991 ], [ -118.139457700381953, 33.754440299457308 ], [ -118.139732399805936, 33.754592898758723 ], [ -118.139961199810486, 33.754737899025727 ], [ -118.140235900132794, 33.754859898895582 ], [ -118.140449499744392, 33.754981998673529 ], [ -118.140686000107593, 33.755077398900177 ], [ -118.141128500335071, 33.755310099513565 ], [ -118.141372699260216, 33.755416898924004 ], [ -118.14172360007484, 33.755561798463248 ], [ -118.142044100103547, 33.755672498475001 ], [ -118.142402599767152, 33.755809799661328 ], [ -118.142829899601736, 33.755985300035022 ], [ -118.143493700697775, 33.756259899692111 ], [ -118.143905599815113, 33.756446800050085 ], [ -118.144241301135096, 33.756576498409096 ], [ -118.144531199155395, 33.756694798688081 ], [ -118.14491270018182, 33.756881698844786 ], [ -118.145256000350798, 33.757041899828437 ], [ -118.145698499679966, 33.757190699707465 ], [ -118.146034199203328, 33.757316598420587 ], [ -118.146270799279506, 33.75740049892741 ], [ -118.146659900053265, 33.757541699669758 ], [ -118.147186300233344, 33.757724798730919 ], [ -118.147522000654988, 33.757858299627699 ], [ -118.147720300160699, 33.757923099591927 ], [ -118.147979700377093, 33.757991799569702 ], [ -118.148010299690611, 33.757957499626862 ], [ -118.148017900336228, 33.757907898894786 ], [ -118.148063700042684, 33.757770498749721 ], [ -118.148124700142048, 33.757583598290218 ], [ -118.14817049984849, 33.75740049892741 ], [ -118.148185700241399, 33.757354698632454 ], [ -118.148292500047233, 33.757030498255006 ], [ -118.148391700105734, 33.756702398771132 ], [ -118.148353598961279, 33.756675699144616 ], [ -118.148353598961279, 33.756542199393664 ], [ -118.14842219970626, 33.756469699696304 ], [ -118.148490900164234, 33.756427799784554 ], [ -118.148513800017483, 33.756328599509061 ], [ -118.148590100222762, 33.756042499780484 ], [ -118.148628199570567, 33.755874599680311 ], [ -118.148712200134497, 33.755569497980865 ], [ -118.148735000274712, 33.755489299430558 ], [ -118.148735000274712, 33.75545879932983 ], [ -118.148628199570567, 33.755435899413591 ], [ -118.148605300615685, 33.755351998477813 ], [ -118.148292500047233, 33.755210898691587 ], [ -118.148307800153162, 33.755168899576852 ], [ -118.148643499676496, 33.755306198582154 ], [ -118.148681599922639, 33.75528339945344 ], [ -118.148757900127933, 33.755271899058506 ], [ -118.148857099288151, 33.755275699163185 ], [ -118.149002099951403, 33.755367298962618 ], [ -118.149116500402812, 33.755374899163357 ], [ -118.14921569956303, 33.755374899163357 ], [ -118.149345400120396, 33.75537869851658 ], [ -118.149383499468229, 33.755393998996574 ], [ -118.149391199826837, 33.75542069902226 ], [ -118.149391199826837, 33.75543979959221 ], [ -118.149307299874238, 33.75543979959221 ], [ -118.149025000702949, 33.755447399039632 ], [ -118.149009699698695, 33.755454999233265 ], [ -118.148979199199857, 33.75547789914441 ], [ -118.148918199998818, 33.755496999701556 ], [ -118.148872399394023, 33.755504599143961 ], [ -118.148811299581695, 33.755542798001571 ], [ -118.148574800116833, 33.756343799739412 ], [ -118.148551900263612, 33.756450699435838 ], [ -118.148574800116833, 33.75646589815085 ], [ -118.148574800116833, 33.756599398767484 ], [ -118.148467999412688, 33.756721499802332 ], [ -118.148376499712811, 33.757030498255006 ], [ -118.148345899500981, 33.757125899189596 ], [ -118.148269699008694, 33.757366199494797 ], [ -118.148185700241399, 33.757652299286882 ], [ -118.148086500182899, 33.758014698803215 ], [ -118.148483299518617, 33.758094798647228 ], [ -118.149025000702949, 33.758182498368235 ], [ -118.149482700425025, 33.758285499457173 ], [ -118.149856599907537, 33.758403799618286 ], [ -118.150276200281823, 33.75854869933692 ], [ -118.150726300256594, 33.758682298281158 ], [ -118.151161200736809, 33.758823398328566 ], [ -118.151550301510525, 33.758918798761542 ], [ -118.152008100047297, 33.759052298545683 ], [ -118.152572600473533, 33.759170499812285 ], [ -118.153015099802687, 33.759284999572166 ], [ -118.153404200576446, 33.759414699611739 ], [ -118.153823899765385, 33.759521499883405 ], [ -118.154174799681698, 33.759639699756157 ], [ -118.154731800073606, 33.759792298764552 ], [ -118.155242900147755, 33.759956398762938 ], [ -118.155799899641352, 33.760158498830812 ], [ -118.156402600026723, 33.760311099156077 ], [ -118.156776399796215, 33.760383599338738 ], [ -118.15702060051801, 33.760402699549758 ], [ -118.157325699829542, 33.760471299705408 ], [ -118.157707199957656, 33.760589599090473 ], [ -118.158042900379328, 33.760692599527552 ], [ -118.158531200313263, 33.760787999373818 ], [ -118.158966099895153, 33.760890998078793 ], [ -118.15942379961723, 33.761005398453065 ], [ -118.159896900056566, 33.76111219898322 ], [ -118.160408000130715, 33.761218999380326 ], [ -118.160675000094429, 33.761260998518239 ], [ -118.161048900475237, 33.761318199224355 ], [ -118.161483800057098, 33.761390699302012 ], [ -118.161781299621325, 33.76147079897865 ], [ -118.162391700365305, 33.761646298965047 ], [ -118.162674000434905, 33.761726399149637 ], [ -118.162956199893188, 33.761764498895076 ], [ -118.163246200321453, 33.761856099229156 ], [ -118.163490300431903, 33.761909498980849 ], [ -118.163696300296223, 33.761924698968443 ], [ -118.163993799860435, 33.761989598919463 ], [ -118.164138799625391, 33.762004898966339 ], [ -118.164291400934289, 33.762027699294755 ], [ -118.164619400997353, 33.762103998574261 ], [ -118.164825399963348, 33.762130699497284 ], [ -118.165046700831923, 33.762180299279443 ], [ -118.165534999867546, 33.762302399086238 ], [ -118.165817299937146, 33.762363398887899 ], [ -118.166175800499047, 33.762405400452309 ], [ -118.166473400674576, 33.762451198795482 ], [ -118.166793800092037, 33.762519798805286 ], [ -118.167083699908943, 33.762557999017723 ], [ -118.167213400466281, 33.762584699052475 ], [ -118.167427099790899, 33.762615198858256 ], [ -118.167564400095571, 33.762641898875259 ] ] ] } },
{ "type": "Feature", "properties": { "anchoragename": "Anchorage 20A", "location": "Connecticut River, CT", "anchoragetype": "unrestricted", "Port": "NY_NJ" }, "geometry": { "type": "Polygon", "coordinates": [ [ [ -74.032890345362389, 40.701397142413583 ], [ -74.038751458230863, 40.701813809184863 ], [ -74.039733922300911, 40.701158832782497 ], [ -74.037980584241154, 40.700123456836742 ], [ -74.037797477941837, 40.699635174888463 ], [ -74.038209465992395, 40.698822644299383 ], [ -74.039193658421041, 40.6986204664789 ], [ -74.039964060795214, 40.698977250574124 ], [ -74.039723680608347, 40.69806380703676 ], [ -74.03311256700411, 40.698480475589129 ], [ -74.032890345362389, 40.701397142413583 ] ] ] } },
{ "type": "Feature", "properties": { "anchoragename": "Anchorage 20B", "location": "Connecticut River, CT", "anchoragetype": "unrestricted", "Port": "NY_NJ" }, "geometry": { "type": "Polygon", "coordinates": [ [ [ -74.042084791839883, 40.696397140819961 ], [ -74.042418125200768, 40.695174918399708 ], [ -74.035501456839157, 40.691647139958832 ], [ -74.034501456756459, 40.693147140214364 ], [ -74.033612567494629, 40.695008252012016 ], [ -74.042084791839883, 40.696397140819961 ] ] ] } },
{ "type": "Feature", "properties": { "anchoragename": "Anchorage 20C", "location": "Connecticut River, CT", "anchoragetype": "unrestricted", "Port": "NY_NJ" }, "geometry": { "type": "Polygon", "coordinates": [ [ [ -74.045279237821134, 40.695008251330968 ], [ -74.049779238642472, 40.68889713908856 ], [ -74.044862571344581, 40.685841582595017 ], [ -74.040612568971881, 40.683813805797485 ], [ -74.03630701208705, 40.690397139947613 ], [ -74.045279237821134, 40.695008251330968 ] ], [ [ -74.045503168956841, 40.688713695037912 ], [ -74.045739680099786, 40.688839579239861 ], [ -74.046250849344233, 40.689461375280139 ], [ -74.046639949219653, 40.690228129372969 ], [ -74.046639949219653, 40.690548563734929 ], [ -74.046479731095474, 40.690727854601427 ], [ -74.045777827956641, 40.690777445549053 ], [ -74.044518976528181, 40.690025950672798 ], [ -74.044030695458872, 40.689526225629606 ], [ -74.043939141860065, 40.689137126673096 ], [ -74.044358758404016, 40.688801433032509 ], [ -74.044969110638974, 40.68869462121976 ], [ -74.045503168956841, 40.688713695037912 ] ] ] } },
{ "type": "Feature", "properties": { "anchoragename": "Sheepshead Bay West", "location": "Captain of the Port, NY", "anchoragetype": "special", "Port": "NY_NJ" }, "geometry": { "type": "Polygon", "coordinates": [ [ [ -73.952666666325044, 40.583027778531566 ], [ -73.952527777798963, 40.582388889460873 ], [ -73.948444444352504, 40.582638890051108 ], [ -73.948555556071668, 40.583333333885676 ], [ -73.952666666325044, 40.583027778531566 ] ] ] } },
{ "type": "Feature", "properties": { "anchoragename": "Sheepshead Bay North", "location": "Captain of the Port, NY", "anchoragetype": "special", "Port": "NY_NJ" }, "geometry": { "type": "Polygon", "coordinates": [ [ [ -73.940555556308354, 40.582944445134977 ], [ -73.940777777950075, 40.582388888778603 ], [ -73.940222221150819, 40.581888888888486 ], [ -73.936138889500967, 40.582055556161222 ], [ -73.933472222613759, 40.582750000594004 ], [ -73.933472222613759, 40.582916667767897 ], [ -73.940555556308354, 40.582944445134977 ] ] ] } },
{ "type": "Feature", "properties": { "anchoragename": "Sheepshead Bay South", "location": "Captain of the Port, NY", "anchoragetype": "special", "Port": "NY_NJ" }, "geometry": { "type": "Polygon", "coordinates": [ [ [ -73.945444444104382, 40.582166666990823 ], [ -73.945444444104382, 40.581805556119754 ], [ -73.942777778115499, 40.581111110751209 ], [ -73.933777777371134, 40.581416667355974 ], [ -73.933833333679871, 40.581722221882735 ], [ -73.940888888770942, 40.581555555826199 ], [ -73.945444444104382, 40.582166666990823 ] ] ] } },
{ "type": "Feature", "properties": { "anchoragename": "East River Anchorage 14", "location": "Port of New York", "anchoragetype": "unrestricted", "Port": "NY_NJ" }, "geometry": { "type": "Polygon", "coordinates": [ [ [ -73.934378600277569, 40.771432798189629 ], [ -73.934732699992878, 40.771521598680586 ], [ -73.934766800041075, 40.771524298158113 ], [ -73.934867700610411, 40.771549999655278 ], [ -73.934822600691561, 40.77171929974498 ], [ -73.935108500310534, 40.771807598465301 ], [ -73.936120999552102, 40.772103799567901 ], [ -73.937263518252934, 40.772448445743002 ], [ -73.939469864134068, 40.768106241777929 ], [ -73.939406099918557, 40.768138699758197 ], [ -73.939039499247741, 40.76791919987425 ], [ -73.938895099557399, 40.768030999454162 ], [ -73.938830099260073, 40.768088598340341 ], [ -73.938729200487344, 40.768192898862303 ], [ -73.938674599986072, 40.768245899833843 ], [ -73.938642100735734, 40.76827859858809 ], [ -73.938615799860827, 40.768305099385145 ], [ -73.938591300108087, 40.76832579887337 ], [ -73.938557099448587, 40.76835479991702 ], [ -73.938504600106754, 40.768407798718421 ], [ -73.938474998821519, 40.768448398901306 ], [ -73.938405500659556, 40.768526298850901 ], [ -73.938309100649789, 40.768613498980528 ], [ -73.938242300128621, 40.768652098834359 ], [ -73.938203700419194, 40.768663800022971 ], [ -73.938194499874058, 40.768666598946417 ], [ -73.93813879983486, 40.768658298784146 ], [ -73.938066799864842, 40.768640298994235 ], [ -73.937997098683624, 40.768601898473669 ], [ -73.937968400205236, 40.768585998884099 ], [ -73.937951599912807, 40.768599898949084 ], [ -73.937950800412182, 40.768651799484196 ], [ -73.937940099680532, 40.768675298467862 ], [ -73.937918900338147, 40.768706498900549 ], [ -73.937918399976539, 40.76873800002911 ], [ -73.937957400334611, 40.76875870006279 ], [ -73.937742799999754, 40.76886049860633 ], [ -73.93725779957785, 40.76868239850657 ], [ -73.936384799716748, 40.768196498572777 ], [ -73.936136899732617, 40.768447298786064 ], [ -73.936720999601718, 40.76876699885181 ], [ -73.936728800571643, 40.76877749853977 ], [ -73.936745299928461, 40.768799498690463 ], [ -73.936763499796129, 40.768821599524102 ], [ -73.936777499141513, 40.768853198566937 ], [ -73.936755699724515, 40.768923698680929 ], [ -73.936778100114438, 40.76894440001746 ], [ -73.936802400441195, 40.768974398846979 ], [ -73.936805999990511, 40.76900910015673 ], [ -73.936786599973658, 40.769062299135719 ], [ -73.936777600651126, 40.769107798703196 ], [ -73.936770000005524, 40.769195800185486 ], [ -73.936760999784681, 40.769238098684148 ], [ -73.936712700066792, 40.769287199143278 ], [ -73.936681499780363, 40.769297900128059 ], [ -73.936646499620252, 40.769289698693179 ], [ -73.936431700757723, 40.769534499012771 ], [ -73.936395901097029, 40.769574999178815 ], [ -73.936360699714299, 40.769580999024917 ], [ -73.93632800103795, 40.769555500185412 ], [ -73.936283099646801, 40.769520599143284 ], [ -73.936240000276101, 40.769504399066577 ], [ -73.936186500211036, 40.769488199666256 ], [ -73.936114399629702, 40.769471800244069 ], [ -73.936032100474961, 40.769442799007564 ], [ -73.93596020021792, 40.769413799799416 ], [ -73.935923300121004, 40.769396198889694 ], [ -73.935920800109557, 40.769395998871552 ], [ -73.935865499820679, 40.769390999099315 ], [ -73.935784700852437, 40.769404398950741 ], [ -73.935680899623037, 40.769426998947914 ], [ -73.935585500336501, 40.769449699626684 ], [ -73.935514800228688, 40.769474199097779 ], [ -73.935487300102906, 40.769514799309462 ], [ -73.93598209934791, 40.769728400222199 ], [ -73.935800600134655, 40.769833600286816 ], [ -73.935332099967894, 40.769653999263625 ], [ -73.93503640062751, 40.769918499191284 ], [ -73.934923200325287, 40.770011799350293 ], [ -73.934836800361268, 40.770114698783111 ], [ -73.934768899403892, 40.770224099244288 ], [ -73.934749599998327, 40.770271099492838 ], [ -73.934762900454416, 40.770343498927716 ], [ -73.934784600158423, 40.7704096984979 ], [ -73.934825200416, 40.770455699220982 ], [ -73.935095299567422, 40.770499799091546 ], [ -73.9351911004009, 40.770521097940218 ], [ -73.935174300108457, 40.770598299491276 ], [ -73.935309100401668, 40.770615899402259 ], [ -73.935280099191047, 40.770737499216658 ], [ -73.935147000306969, 40.770724398974885 ], [ -73.935144200258236, 40.770737198515228 ], [ -73.935110900608962, 40.770868999485501 ], [ -73.93524669893047, 40.770894299167999 ], [ -73.935214000254106, 40.771006998564332 ], [ -73.935080500721426, 40.770989598089891 ], [ -73.935050399972894, 40.771108399080205 ], [ -73.934536799887312, 40.771042899571768 ], [ -73.934445900262006, 40.771031299489032 ], [ -73.934303400508497, 40.771413899097212 ], [ -73.934378600277569, 40.771432798189629 ] ] ] } },
{ "type": "Feature", "properties": { "anchoragename": "Upper Bay Anchorage 20D", "location": "Port of New York", "anchoragetype": "unrestricted", "Port": "NY_NJ" }, "geometry": { "type": "Polygon", "coordinates": [ [ [ -74.047084793151726, 40.68598047199589 ], [ -74.052112572168781, 40.678536025916166 ], [ -74.04375145864438, 40.679036026164248 ], [ -74.041084790858847, 40.683119360571091 ], [ -74.047084793151726, 40.68598047199589 ] ] ] } },
{ "type": "Feature", "properties": { "anchoragename": "Upper Bay Anchorage 20E", "location": "Port of New York", "anchoragetype": "temporary", "Port": "NY_NJ" }, "geometry": { "type": "Polygon", "coordinates": [ [ [ -74.049890349463311, 40.677286025920587 ], [ -74.05683479553015, 40.673452690662913 ], [ -74.050195904220701, 40.66922222252812 ], [ -74.044695903316665, 40.677619359046496 ], [ -74.049890349463311, 40.677286025920587 ] ] ] } },
{ "type": "Feature", "properties": { "anchoragename": "Upper Bay Anchorage 20F", "location": "Port of New York", "anchoragetype": "temporary", "Port": "NY_NJ" }, "geometry": { "type": "Polygon", "coordinates": [ [ [ -74.061084796106215, 40.670063802291438 ], [ -74.064918131104065, 40.664869356257057 ], [ -74.055418128072574, 40.66081380069312 ], [ -74.052668127171401, 40.664980467052864 ], [ -74.061084796106215, 40.670063802291438 ] ] ] } },
{ "type": "Feature", "properties": { "anchoragename": "Upper Bay Anchorage 20G", "location": "Port of New York", "anchoragetype": "temporary", "Port": "NY_NJ" }, "geometry": { "type": "Polygon", "coordinates": [ [ [ -74.073084798895309, 40.652647131161878 ], [ -74.064168130368301, 40.653619353816055 ], [ -74.061807019136779, 40.657647132294905 ], [ -74.064862574795328, 40.658897132464659 ], [ -74.068890354627996, 40.658369354443394 ], [ -74.073084798895309, 40.652647131161878 ] ] ] } },
{ "type": "Feature", "properties": { "anchoragename": "Upper Bay Anchorage 21A", "location": "Port of New York", "anchoragetype": "temporary", "Port": "NY_NJ" }, "geometry": { "type": "Polygon", "coordinates": [ [ [ -74.040640344880472, 40.650841577333992 ], [ -74.038584788406311, 40.648536020718893 ], [ -74.022890340043759, 40.663591580384754 ], [ -74.024362562911747, 40.67236935897882 ], [ -74.026445896192811, 40.672924914716923 ], [ -74.040640344880472, 40.650841577333992 ] ] ] } },
{ "type": "Feature", "properties": { "anchoragename": "Upper Bay Anchorage 21B", "location": "Port of New York", "anchoragetype": "temporary", "Port": "NY_NJ" }, "geometry": { "type": "Polygon", "coordinates": [ [ [ -74.038584788406311, 40.648536020718893 ], [ -74.040640344880472, 40.65084157597088 ], [ -74.026445897989433, 40.672924914716923 ], [ -74.030418120615053, 40.673952692926967 ], [ -74.036362566599166, 40.673286025814953 ], [ -74.040418124137048, 40.671841579908339 ], [ -74.050668125209356, 40.656202687712288 ], [ -74.050918126352926, 40.655369354332272 ], [ -74.041751455784024, 40.645480464923004 ], [ -74.038584788406311, 40.648536020718893 ] ] ] } },
{ "type": "Feature", "properties": { "anchoragename": "Upper Bay Anchorage 21C", "location": "Port of New York", "anchoragetype": "temporary", "Port": "NY_NJ" }, "geometry": { "type": "Polygon", "coordinates": [ [ [ -74.050918126352926, 40.655369354332272 ], [ -74.054307015372373, 40.644008241484755 ], [ -74.050973679966731, 40.634174906091225 ], [ -74.046862567916733, 40.634183239389614 ], [ -74.042362567095395, 40.644897130722654 ], [ -74.041751455784024, 40.645480464241402 ], [ -74.050918126352926, 40.655369354332272 ] ] ] } },
{ "type": "Feature", "properties": { "anchoragename": "Upper Bay Anchorage 23A", "location": "Port of New York", "anchoragetype": "unrestricted", "Port": "NY_NJ" }, "geometry": { "type": "Polygon", "coordinates": [ [ [ -74.063945906929945, 40.630563794516675 ], [ -74.063918128326421, 40.630508238435489 ], [ -74.05714034849089, 40.630424904227098 ], [ -74.060334794472155, 40.639841573352932 ], [ -74.063612573569046, 40.643619351958343 ], [ -74.070418132008101, 40.643480462243929 ], [ -74.068612574880888, 40.631397127460481 ], [ -74.063945906929945, 40.630563794516675 ] ] ] } },
{ "type": "Feature", "properties": { "anchoragename": "Upper Bay Anchorage 23B", "location": "Port of New York", "anchoragetype": "unrestricted", "Port": "NY_NJ" }, "geometry": { "type": "Polygon", "coordinates": [ [ [ -74.066390351277121, 40.623063793002387 ], [ -74.055029236606302, 40.624174904251824 ], [ -74.05714034849089, 40.630424904227098 ], [ -74.063918128326421, 40.630508238435489 ], [ -74.062779239717642, 40.62709157060808 ], [ -74.06777924102947, 40.625008237149679 ], [ -74.066390351277121, 40.623063793002387 ] ] ] } },
{ "type": "Feature", "properties": { "anchoragename": "Upper Bay Anchorage 24", "location": "Port of New York", "anchoragetype": "unrestricted", "Port": "NY_NJ" }, "geometry": { "type": "Polygon", "coordinates": [ [ [ -74.066390351277121, 40.623063793002387 ], [ -74.054862568578386, 40.606952678154158 ], [ -74.053057012349484, 40.605841566897979 ], [ -74.049001455709899, 40.607091567467307 ], [ -74.050612568002293, 40.611147123802525 ], [ -74.055029236606302, 40.624174904251824 ], [ -74.066390351277121, 40.623063793002387 ] ] ] } },
{ "type": "Feature", "properties": { "anchoragename": "Lower Bay Anchorage 25", "location": "Port of New York", "anchoragetype": "temporary", "Port": "NY_NJ" }, "geometry": { "type": "Polygon", "coordinates": [ [ [ -74.038445896286973, 40.599508232777886 ], [ -74.03466811759786, 40.589980453503259 ], [ -74.03225144915929, 40.581397118712246 ], [ -74.017501443672373, 40.577786007638622 ], [ -74.006945885147744, 40.582647119937384 ], [ -74.014584777438202, 40.600841566822233 ], [ -74.024723669486306, 40.603341567235297 ], [ -74.038445896286973, 40.599508232777886 ] ] ] } },
{ "type": "Feature", "properties": { "anchoragename": "Skidaway River", "location": "Isle of Hope, GA", "anchoragetype": "unrestricted", "Port": "Savannah" }, "geometry": { "type": "Polygon", "coordinates": [ [ [ -81.055092515256192, 31.976195065968739 ], [ -81.054212093514238, 31.976445641173054 ], [ -81.053447734106953, 31.976612333039032 ], [ -81.053260712949637, 31.976660935472498 ], [ -81.053716555854052, 31.97738166991758 ], [ -81.053863076466769, 31.977610363325482 ], [ -81.054090996122341, 31.977963796778646 ], [ -81.054237485294038, 31.978137034482323 ], [ -81.054978044736174, 31.978954688529576 ], [ -81.056374748933194, 31.978587019541411 ], [ -81.056368399640746, 31.978574698885168 ], [ -81.056351100783331, 31.978543099049823 ], [ -81.056332299942753, 31.978509300091648 ], [ -81.056279000201997, 31.978432599361565 ], [ -81.056218100713934, 31.978358199028314 ], [ -81.05615419995452, 31.978286098335435 ], [ -81.056097298867783, 31.978229700026183 ], [ -81.05603800017758, 31.978175598337721 ], [ -81.055987700809865, 31.978116999315194 ], [ -81.055948599840505, 31.97804929896493 ], [ -81.05591880002757, 31.977979399440017 ], [ -81.055903898773636, 31.977904999501359 ], [ -81.055909200630452, 31.977855398746712 ], [ -81.055920399927103, 31.977805799489293 ], [ -81.055922001623244, 31.977758398573041 ], [ -81.055915699941522, 31.977735898254871 ], [ -81.055907399508314, 31.977713298871354 ], [ -81.055898799936102, 31.977690799304149 ], [ -81.055840500172479, 31.9775418998384 ], [ -81.055812000221778, 31.977467498782985 ], [ -81.055800400276496, 31.977429199806739 ], [ -81.055789100368543, 31.977390799468239 ], [ -81.055772900150714, 31.977354699599697 ], [ -81.055729199807075, 31.977307399796864 ], [ -81.055673599480897, 31.977266798741574 ], [ -81.055621300463358, 31.977223999287617 ], [ -81.055580300455489, 31.977181199813696 ], [ -81.055541900172017, 31.977138299735284 ], [ -81.055513399323019, 31.977090999058905 ], [ -81.055497200003501, 31.97703229875912 ], [ -81.05549350074115, 31.976969198600102 ], [ -81.055496100465575, 31.976905999336854 ], [ -81.055499399977606, 31.976885699484729 ], [ -81.055502998628654, 31.976863199714682 ], [ -81.055503400175567, 31.976842899091004 ], [ -81.055461998620757, 31.976793299286363 ], [ -81.055382599227741, 31.976757199182806 ], [ -81.055301499323903, 31.976723398042846 ], [ -81.055261800076536, 31.976703099674307 ], [ -81.055243300171583, 31.976691899679089 ], [ -81.055192300117952, 31.976635499628166 ], [ -81.055160199719609, 31.976567898008184 ], [ -81.055134700141949, 31.976495699133451 ], [ -81.05511940003602, 31.976452797972581 ], [ -81.055106800265847, 31.97640769915327 ], [ -81.055096899933091, 31.976362599549848 ], [ -81.055091200122604, 31.976288199062431 ], [ -81.055093199772443, 31.976211499524116 ], [ -81.055092515256192, 31.976195065968739 ] ] ] } },
{ "type": "Feature", "properties": { "anchoragename": "Smith Cove West", "location": "Puget Sound, WA", "anchoragetype": "general", "Port": "Seattle" }, "geometry": { "type": "Polygon", "coordinates": [ [ [ -122.385292686976754, 47.633200056434056 ], [ -122.409942086470465, 47.638282353846819 ], [ -122.412510674396643, 47.640364261660949 ], [ -122.413503803265755, 47.639016720146152 ], [ -122.419598246342744, 47.631005608201072 ], [ -122.385292682485186, 47.615616722294689 ], [ -122.385292686976754, 47.633200056434056 ] ] ] } },
{ "type": "Feature", "properties": { "anchoragename": "Smith Cove East", "location": "Puget Sound, WA", "anchoragetype": "general", "Port": "Seattle" }, "geometry": { "type": "Polygon", "coordinates": [ [ [ -122.378626014368834, 47.615616722900256 ], [ -122.356483457100239, 47.615616725322468 ], [ -122.357864021266536, 47.616487395186148 ], [ -122.359511970773809, 47.617627990155754 ], [ -122.360007882133118, 47.618379485108861 ], [ -122.361037850013716, 47.618947874037801 ], [ -122.362952830027353, 47.620477567971221 ], [ -122.363921763672607, 47.621049772913175 ], [ -122.365981700332085, 47.622430692686137 ], [ -122.36830866659966, 47.624109159527656 ], [ -122.370704296494296, 47.625188719299004 ], [ -122.373954419158565, 47.626417051150746 ], [ -122.376098279126836, 47.626684079706138 ], [ -122.377952223108494, 47.626680264909638 ], [ -122.378181104859735, 47.627946743880784 ], [ -122.378640179004222, 47.627944557736221 ], [ -122.37862601706378, 47.626727834511883 ], [ -122.378626014368834, 47.615616722900256 ] ] ] } },
{ "type": "Feature", "properties": { "anchoragename": "Elliott Bay East", "location": "Puget Sound, WA", "anchoragetype": "general", "Port": "Seattle" }, "geometry": { "type": "Polygon", "coordinates": [ [ [ -122.345987116417461, 47.598852836566145 ], [ -122.358348229374357, 47.598852835354627 ], [ -122.358348226679411, 47.588672279930158 ], [ -122.358001343130766, 47.587068447721158 ], [ -122.357192627609706, 47.587179075089082 ], [ -122.356971375250183, 47.58725155398006 ], [ -122.356055848245205, 47.58725155398006 ], [ -122.355308166959517, 47.58703411700612 ], [ -122.350013366419176, 47.588506589507517 ], [ -122.349906554036963, 47.589235197887106 ], [ -122.346671691054439, 47.590448272178861 ], [ -122.346618286210798, 47.59103192045135 ], [ -122.345987113722487, 47.591007006488525 ], [ -122.345987116417461, 47.598852836566145 ] ] ] } },
{ "type": "Feature", "properties": { "anchoragename": "Elliott Bay West", "location": "Puget Sound, WA", "anchoragetype": "general", "Port": "Seattle" }, "geometry": { "type": "Polygon", "coordinates": [ [ [ -122.363487119212266, 47.598852834748918 ], [ -122.387920456812168, 47.598852832325925 ], [ -122.385160851123985, 47.59560439112316 ], [ -122.384666083319999, 47.595571406008922 ], [ -122.383811591448691, 47.595090754500106 ], [ -122.382941839895665, 47.594747432319693 ], [ -122.38267481208419, 47.594346888140535 ], [ -122.382514593959996, 47.593931086692429 ], [ -122.381301519780109, 47.593618281256227 ], [ -122.381164190729379, 47.593252070238471 ], [ -122.381461737005992, 47.593252070238471 ], [ -122.381278630706703, 47.592290766240239 ], [ -122.381431219439165, 47.592069514704342 ], [ -122.381431219439165, 47.59170330314749 ], [ -122.380897161121283, 47.591707118678492 ], [ -122.380895743579757, 47.591672277260002 ], [ -122.361403784134581, 47.591672279683337 ], [ -122.361403785032905, 47.595977835081115 ], [ -122.363487119212266, 47.598852834748918 ] ] ] } }
]
}
