{
"type": "FeatureCollection",
"name": "port_mode_zones_v2",
"crs": { "type": "name", "properties": { "name": "urn:ogc:def:crs:OGC:1.3:CRS84" } },
"features": [
{ "type": "Feature", "properties": { "Port": "LA_Long_Beach", "zone_type": "anchor" }, "geometry": { "type": "MultiPolygon", "coordinates": [ [ [ [ -118.180827588465874, 33.758309675693724 ], [ -118.181008877884707, 33.7586642758097 ], [ -118.181154007199325, 33.759035145837707 ], [ -118.181261537751027, 33.759418609364118 ], [ -118.181330403595553, 33.759810865136657 ], [ -118.181359922069646, 33.760208024746035 ], [ -118.181443254286961, 33.763624691017412 ], [ -118.181449898092282, 33.763897075237196 ], [ -118.181439937392966, 33.764293067446438 ], [ -118.181390858778713, 33.76468613275263 ], [ -118.181303143554402, 33.765072416436908 ], [ -118.181177651927072, 33.765448130286501 ], [ -118.181015614569915, 33.765809589745082 ], [ -118.180818620553381, 33.766153250046486 ], [ -118.1805886017614, 33.766475740977597 ], [ -118.180327813945809, 33.766773899929412 ], [ -118.180038814604544, 33.767044802912146 ], [ -118.179724437900759, 33.767285793230279 ], [ -118.179387766868771, 33.76749450753627 ], [ -118.179032103179182, 33.767668899007447 ], [ -118.178660934760131, 33.767807257418866 ], [ -118.178277901591755, 33.767908225915143 ], [ -118.177886760009613, 33.767970814316868 ], [ -118.177491345866969, 33.76799440883115 ], [ -118.176965958088232, 33.767999696921329 ], [ -118.176577050993416, 33.76798467606389 ], [ -118.176334915307493, 33.76795155543752 ], [ -118.1760130963428, 33.767923875377612 ], [ -118.17587823567014, 33.767915037762215 ], [ -118.175665761692471, 33.76789541052478 ], [ -118.175193410864182, 33.767839035092159 ], [ -118.175079643452221, 33.767827703311838 ], [ -118.174766134479214, 33.767783888377814 ], [ -118.174457072008977, 33.767715419303883 ], [ -118.1743594885737, 33.767689710974913 ], [ -118.174292624500183, 33.767678577767676 ], [ -118.174135981434148, 33.767643101701275 ], [ -118.173983968585688, 33.767631804243543 ], [ -118.173625353340043, 33.76757205156607 ], [ -118.173489237858647, 33.767536420664449 ], [ -118.173323221672575, 33.767505667338533 ], [ -118.17304569238496, 33.767482154463274 ], [ -118.172822653452329, 33.767442971743293 ], [ -118.172651580950685, 33.76742412420154 ], [ -118.172470650058074, 33.767414818871273 ], [ -118.17223417328411, 33.767395611225233 ], [ -118.172028174318115, 33.767372711942137 ], [ -118.171861671710772, 33.767350655236406 ], [ -118.171743700812925, 33.76733249974869 ], [ -118.171567069476282, 33.767324958217699 ], [ -118.17111949106787, 33.767280537718264 ], [ -118.170997391156135, 33.7672614374125 ], [ -118.170635109648487, 33.76718101603354 ], [ -118.170474444481371, 33.767167329818754 ], [ -118.170397925118948, 33.76715331207091 ], [ -118.170356595623502, 33.76715291627837 ], [ -118.169798709209701, 33.767108419726178 ], [ -118.169722409004407, 33.767096918893451 ], [ -118.169581247418108, 33.767073050439116 ], [ -118.169459147506373, 33.767050150334846 ], [ -118.169372599078869, 33.767032927610053 ], [ -118.169310691674028, 33.767019896804257 ], [ -118.169211248364334, 33.767003331844698 ], [ -118.169183614146249, 33.766998629047784 ], [ -118.169113365100912, 33.766986420620874 ], [ -118.169059241538051, 33.766979967567089 ], [ -118.168777808096877, 33.766936200915168 ], [ -118.168539449155432, 33.766890387666137 ], [ -118.168362506449014, 33.7668618823784 ], [ -118.16798429311909, 33.766782034151049 ], [ -118.167920211198549, 33.766765233641038 ], [ -118.1677809608221, 33.766736029302415 ], [ -118.167634631269138, 33.766693984098346 ], [ -118.167563670184606, 33.766683636369983 ], [ -118.167232494149829, 33.766643867768579 ], [ -118.166886023168587, 33.766586738537306 ], [ -118.166770888552193, 33.766562520104401 ], [ -118.166762319954998, 33.766560853817566 ], [ -118.166648235664169, 33.766544571366886 ], [ -118.166426848913105, 33.766506022927203 ], [ -118.166271235757051, 33.766485517720668 ], [ -118.165956349137176, 33.766431150988126 ], [ -118.165749858791273, 33.7663869397974 ], [ -118.165638696379332, 33.766369832770224 ], [ -118.165351847535604, 33.766336225848882 ], [ -118.164972472234794, 33.766273164373622 ], [ -118.164690172165194, 33.766212164571961 ], [ -118.164564670021591, 33.766182922245562 ], [ -118.164128278015383, 33.766073801858752 ], [ -118.164105235005621, 33.76607081509799 ], [ -118.163713119451216, 33.765999977752735 ], [ -118.163572454150028, 33.765967256231185 ], [ -118.163141244977524, 33.765897686709117 ], [ -118.163044943102221, 33.765876678318712 ], [ -118.162635469338284, 33.765817089517405 ], [ -118.162391369227834, 33.765763689765713 ], [ -118.162041420687089, 33.765670349618503 ], [ -118.162039564917919, 33.765669763450141 ], [ -118.161582137042956, 33.765574494046248 ], [ -118.161299836973356, 33.765494393861658 ], [ -118.161286413818189, 33.765490559836628 ], [ -118.160708610246246, 33.765324432059074 ], [ -118.160632925069208, 33.76530405435458 ], [ -118.160417551203921, 33.765268150383619 ], [ -118.160070102428421, 33.765214996344952 ], [ -118.160053442163232, 33.76521241165004 ], [ -118.159786442199518, 33.765170412512127 ], [ -118.159589824863147, 33.765134429015951 ], [ -118.159078724788998, 33.765027628618846 ], [ -118.159016081012766, 33.765014013665144 ], [ -118.158542980573429, 33.76490721313499 ], [ -118.15845385307199, 33.764886017437114 ], [ -118.158020173832242, 33.764777620894691 ], [ -118.15768646010153, 33.764698586369185 ], [ -118.157275915564227, 33.764618377704345 ], [ -118.156869595930871, 33.764516649301186 ], [ -118.156533895509199, 33.764413648864107 ], [ -118.156522491081546, 33.764410131105635 ], [ -118.156345684193923, 33.764355305053058 ], [ -118.156014774721328, 33.764310420858145 ], [ -118.155640974951837, 33.764237920675484 ], [ -118.155420804033653, 33.764188737177861 ], [ -118.154818103648282, 33.764036136852596 ], [ -118.154435582160588, 33.76391863683515 ], [ -118.153948886042457, 33.763742045438498 ], [ -118.153591405256222, 33.763627268314778 ], [ -118.153117883824322, 33.763497539679015 ], [ -118.152897904739518, 33.763430417274868 ], [ -118.152690609503153, 33.763360590325874 ], [ -118.152417763193625, 33.763291159503154 ], [ -118.152139291428881, 33.763209433442775 ], [ -118.151880299881213, 33.763123103072218 ], [ -118.151661196304474, 33.763066408507342 ], [ -118.151188315115505, 33.762967391477609 ], [ -118.150888291679834, 33.762892354433319 ], [ -118.150513653760953, 33.762783105326378 ], [ -118.150208685496992, 33.76270833265464 ], [ -118.149926776315638, 33.762628158025109 ], [ -118.149539799117548, 33.762502606310456 ], [ -118.149137998840615, 33.76238334371147 ], [ -118.148970547042197, 33.76232960790734 ], [ -118.148600246057057, 33.762201732643533 ], [ -118.148438398149281, 33.762150524673309 ], [ -118.148265565934253, 33.762111630381938 ], [ -118.147844035631465, 33.762043385949362 ], [ -118.147691805502646, 33.762015708901579 ], [ -118.147295006166928, 33.761935609057566 ], [ -118.147167116285985, 33.761903309016084 ], [ -118.146955639597579, 33.761858490599494 ], [ -118.146696239381185, 33.761789790621719 ], [ -118.146477842249837, 33.761725243505531 ], [ -118.146279542744125, 33.761660443541302 ], [ -118.146043878943487, 33.761575174148852 ], [ -118.145789518800498, 33.761474020545805 ], [ -118.145345796128751, 33.76131967940443 ], [ -118.145295407047712, 33.761301773982559 ], [ -118.144920099570996, 33.761165578688448 ], [ -118.144697329143071, 33.761086582298802 ], [ -118.144629594012045, 33.761061873344623 ], [ -118.144358334407926, 33.760960141787962 ], [ -118.1439810682337, 33.760833277954767 ], [ -118.143564508447099, 33.760666655701556 ], [ -118.143221208278121, 33.760506454717905 ], [ -118.143152907568364, 33.760473791543703 ], [ -118.142893750867131, 33.760346828771084 ], [ -118.142764739321137, 33.760294182320216 ], [ -118.142464045480139, 33.760178009116771 ], [ -118.142252781428482, 33.760089352915976 ], [ -118.141902317589597, 33.759930328984666 ], [ -118.141305529849049, 33.759683451252933 ], [ -118.140927231943735, 33.75952807692704 ], [ -118.140675468419914, 33.759431654436305 ], [ -118.140417710663172, 33.759342625468612 ], [ -118.140196899274045, 33.759258984510076 ], [ -118.139845998459421, 33.759114084970832 ], [ -118.13976989781041, 33.759081735552357 ], [ -118.139525698885265, 33.758974936141918 ], [ -118.13926673168487, 33.758850412704959 ], [ -118.139002663219657, 33.758711545219661 ], [ -118.138953124838594, 33.758691562278763 ], [ -118.138464418761089, 33.758454671057983 ], [ -118.138426937338494, 33.758433245581877 ], [ -118.138337636847552, 33.758393585459956 ], [ -118.137820005118428, 33.758116550426905 ], [ -118.137688866482748, 33.758033442311479 ], [ -118.137590918156064, 33.757979030671251 ], [ -118.137519417803304, 33.757943267950402 ], [ -118.137486689428684, 33.757930005064502 ], [ -118.137134553129627, 33.757809704115296 ], [ -118.136665377353978, 33.757615352092891 ], [ -118.136376531391562, 33.757473592003372 ], [ -118.136045836101474, 33.75733855426077 ], [ -118.135989184882717, 33.757314912226519 ], [ -118.135729783767999, 33.757204312655325 ], [ -118.135679857192343, 33.757182623059435 ], [ -118.135627753192765, 33.757159564824754 ], [ -118.135358999716814, 33.757065497344556 ], [ -118.135175904215586, 33.757005514420797 ], [ -118.134883935551372, 33.756897105305889 ], [ -118.134601286382221, 33.756766308959421 ], [ -118.134440814668281, 33.756684320244112 ], [ -118.134327047216829, 33.756640222406695 ], [ -118.133879328867721, 33.756434112545257 ], [ -118.133654886790282, 33.756313507827862 ], [ -118.133363749183232, 33.756173858456627 ], [ -118.132966350901057, 33.755954685410423 ], [ -118.13279792501767, 33.755848910449338 ], [ -118.132643002526891, 33.755767360460595 ], [ -118.13245354707604, 33.75566096315584 ], [ -118.132162630423423, 33.755487027131103 ], [ -118.131926231540646, 33.75535667419129 ], [ -118.131877358510152, 33.7553292769664 ], [ -118.131746169490114, 33.755254522768318 ], [ -118.131580482046303, 33.755183533005699 ], [ -118.131511192825485, 33.755153066514488 ], [ -118.131217166148787, 33.755020449117694 ], [ -118.130727460007833, 33.754829618946296 ], [ -118.13007177504123, 33.754574318519026 ], [ -118.129970679649119, 33.754533359566821 ], [ -118.129535879780235, 33.754350259260896 ], [ -118.129405707943846, 33.754292694401094 ], [ -118.129011617326142, 33.754109968373683 ], [ -118.128823792219052, 33.754026080587508 ], [ -118.12842086067424, 33.753817157019071 ], [ -118.128383118072591, 33.753799336656392 ], [ -118.128150119355837, 33.75370028840144 ], [ -118.127650749111581, 33.753445303042255 ], [ -118.12762847049801, 33.753431880411505 ], [ -118.127490323696435, 33.753376401873915 ], [ -118.1272905785776, 33.753299785196624 ], [ -118.127188512850935, 33.753259018437085 ], [ -118.126647681396463, 33.753034337513533 ], [ -118.12628985130803, 33.752885856668364 ], [ -118.126167157922524, 33.75283252307527 ], [ -118.125995487602069, 33.752754460915483 ], [ -118.125902503174771, 33.75271702302183 ], [ -118.125523987972045, 33.752587859140014 ], [ -118.125122253799432, 33.752425995645289 ], [ -118.124784605443296, 33.752268198943639 ], [ -118.124726079380693, 33.752245720593628 ], [ -118.124482626775844, 33.752153446756196 ], [ -118.124202182518843, 33.752034755489511 ], [ -118.124037039747179, 33.751957323566543 ], [ -118.123867967473345, 33.7518868768041 ], [ -118.12355067309214, 33.751768718169643 ], [ -118.123461170364322, 33.751734160040726 ], [ -118.123003370030915, 33.751551058927589 ], [ -118.122799563863452, 33.751462906763159 ], [ -118.122550140695552, 33.751346702435725 ], [ -118.122218631756496, 33.751211049853758 ], [ -118.121919318434536, 33.751073932495011 ], [ -118.121639168832431, 33.750931365289119 ], [ -118.121540083441474, 33.750890833968022 ], [ -118.121265135115578, 33.750766052709416 ], [ -118.120982835944261, 33.750624852843167 ], [ -118.120960088551143, 33.750613384392373 ], [ -118.12054152532248, 33.75040068491213 ], [ -118.119963370888783, 33.750125747354396 ], [ -118.119746084085165, 33.750014159503856 ], [ -118.119331751535015, 33.749785128899454 ], [ -118.119047350517121, 33.749632255343819 ], [ -118.118809328965796, 33.749493541363755 ], [ -118.118427829735978, 33.749253240879909 ], [ -118.118327768705598, 33.749188108158215 ], [ -118.118106467837052, 33.749039308050754 ], [ -118.117990511918578, 33.748958327522267 ], [ -118.117685412607045, 33.748737127985756 ], [ -118.117523933320257, 33.748613675115344 ], [ -118.117111932693305, 33.748281775021113 ], [ -118.117050510935329, 33.74823127995078 ], [ -118.116814010572156, 33.748032880118295 ], [ -118.116794709437954, 33.748016584312971 ], [ -118.116717555222138, 33.747951025183362 ], [ -118.116389393253627, 33.747704126612298 ], [ -118.11621229458045, 33.747552787983487 ], [ -118.11593033318087, 33.747330290454777 ], [ -118.115872922463211, 33.747284123080284 ], [ -118.115598223039214, 33.747059024126898 ], [ -118.115476583678301, 33.746955215627864 ], [ -118.115339283373629, 33.746833215196325 ], [ -118.115036140979001, 33.746533461688543 ], [ -118.114766622537431, 33.746203147767403 ], [ -118.11453378956746, 33.745846025540509 ], [ -118.114340286869378, 33.745466151636847 ], [ -118.11430978726888, 33.74539745152687 ], [ -118.114159229517725, 33.745003536819716 ], [ -118.114115227956759, 33.744837864329995 ], [ -118.114009583469809, 33.744830077973759 ], [ -118.113831279146751, 33.744812914585836 ], [ -118.113630493082908, 33.744789038715176 ], [ -118.113422645788475, 33.744776939505826 ], [ -118.11303352901804, 33.744735110635375 ], [ -118.112899638787368, 33.744714049215936 ], [ -118.112820157452248, 33.744706982529081 ], [ -118.112611420634323, 33.744680314188898 ], [ -118.112573671642167, 33.744679324561993 ], [ -118.112167136585683, 33.744647877245022 ], [ -118.111765915219607, 33.744575206058855 ], [ -118.111722189421201, 33.744564959968145 ], [ -118.111686204692433, 33.744562201818134 ], [ -118.111351096669068, 33.744522237957248 ], [ -118.111076239740257, 33.744465636431805 ], [ -118.111062169919762, 33.744463495872957 ], [ -118.110764648095468, 33.744406630313449 ], [ -118.110703804263267, 33.744390144615927 ], [ -118.110701974909489, 33.744389862342857 ], [ -118.110297574029815, 33.744324962513538 ], [ -118.109915982180084, 33.744244468447526 ], [ -118.10977743830945, 33.744208107391231 ], [ -118.109726037026306, 33.744199254024302 ], [ -118.109378141287024, 33.744123247943271 ], [ -118.108944540426862, 33.744008076511527 ], [ -118.108779713184347, 33.743969252866485 ], [ -118.108552375731833, 33.743920549430158 ], [ -118.108315790235835, 33.743862275286645 ], [ -118.10798769045978, 33.743770775614863 ], [ -118.107716323808376, 33.743684577097007 ], [ -118.107522425117068, 33.743615296805572 ], [ -118.107329383250956, 33.743554659294723 ], [ -118.107163792324926, 33.743498640739929 ], [ -118.106858693013393, 33.743387940326976 ], [ -118.106778412099388, 33.743357834135352 ], [ -118.106473211278256, 33.743239634314115 ], [ -118.106128656924398, 33.743087163455733 ], [ -118.10567405652121, 33.74285981746899 ], [ -118.105311421601854, 33.742688811835158 ], [ -118.10530767713631, 33.742687043709608 ], [ -118.104888076762023, 33.742488643969963 ], [ -118.104542953111903, 33.74230429061042 ], [ -118.104217492280014, 33.742087100044408 ], [ -118.103914808448422, 33.741839150466582 ], [ -118.103724307934598, 33.741649113817701 ], [ -118.103082420132736, 33.741435175834155 ], [ -118.102974100966321, 33.741397339022392 ], [ -118.10237900032827, 33.741179839613004 ], [ -118.102097145513241, 33.741064482615734 ], [ -118.101824884195267, 33.740928015959348 ], [ -118.10170804356197, 33.740863773565927 ], [ -118.101449803785627, 33.740742561783172 ], [ -118.10139762900647, 33.740717610283653 ], [ -118.100802528368419, 33.740427711289819 ], [ -118.100720020541445, 33.740386333597719 ], [ -118.100239421864416, 33.740138332794352 ], [ -118.099948703089794, 33.739972560954449 ], [ -118.099498501605382, 33.739690260540144 ], [ -118.099289931650532, 33.739550161820596 ], [ -118.098748232262864, 33.739161062307979 ], [ -118.098593133509084, 33.739043838638445 ], [ -118.098507530470684, 33.73897580903013 ], [ -118.09420246369767, 33.738714896027084 ], [ -118.093818445632664, 33.738672934155652 ], [ -118.093440266200773, 33.738594124319938 ], [ -118.093071452650207, 33.738479201572744 ], [ -118.092715444874344, 33.738329237788996 ], [ -118.09237556332819, 33.738145631668473 ], [ -118.092295044299007, 33.738091497092192 ], [ -118.091975778459911, 33.738018170574797 ], [ -118.09161472159353, 33.73789815405857 ], [ -118.091266701217734, 33.7377443755069 ], [ -118.09, 33.737111024783253 ], [ -118.09, 33.725518677016417 ], [ -118.097638985928043, 33.723005852599549 ], [ -118.098015509847315, 33.722902068838138 ], [ -118.098400360411333, 33.722835500269724 ], [ -118.098789868519006, 33.722806781547938 ], [ -118.099180320665013, 33.722816186472272 ], [ -118.099567994343715, 33.722863625377762 ], [ -118.099949193538961, 33.722948645989788 ], [ -118.100320283961196, 33.723070437736013 ], [ -118.100677727696237, 33.723227839474255 ], [ -118.10095550654502, 33.723366727441594 ], [ -118.101305512754095, 33.723564304721819 ], [ -118.10132500700746, 33.723578058497218 ], [ -118.10141906316116, 33.7235617479122 ], [ -118.127280178582055, 33.720422857111501 ], [ -118.127689920503087, 33.720394366996295 ], [ -118.128100423900989, 33.720408045038369 ], [ -118.128507360527252, 33.720463747019757 ], [ -118.128906439740547, 33.720560885632239 ], [ -118.129293453746214, 33.720698436669792 ], [ -118.129664321962238, 33.720874949827561 ], [ -118.129732144215978, 33.720916247704473 ], [ -118.129890608658997, 33.720511919406434 ], [ -118.129814799594712, 33.720415957466791 ], [ -118.097592567221582, 33.675388177397565 ], [ -118.097385978787685, 33.675068349367329 ], [ -118.097210735197365, 33.674730328015947 ], [ -118.097068424253379, 33.674377176001698 ], [ -118.096960335370724, 33.674012093074964 ], [ -118.096887447893778, 33.673638387086726 ], [ -118.096850422222943, 33.673259444017589 ], [ -118.096849593831038, 33.672878697299012 ], [ -118.096884970223755, 33.672499596704469 ], [ -118.096956230871626, 33.672125577092672 ], [ -118.097062730114231, 33.671760027285842 ], [ -118.097203503010149, 33.671406259365142 ], [ -118.113036837203808, 33.636545142925591 ], [ -118.11321729972569, 33.636194762251229 ], [ -118.11343136764647, 33.635863841922365 ], [ -118.113676962723375, 33.635555594623966 ], [ -118.113951700637443, 33.635273012923669 ], [ -118.114252914141318, 33.635018840218898 ], [ -118.114577678953808, 33.634795544103092 ], [ -118.114922842149753, 33.634605292409447 ], [ -118.115285052769664, 33.634449932164884 ], [ -118.115660794351982, 33.634330971658507 ], [ -118.116046419072077, 33.634249565798591 ], [ -118.116438183156461, 33.634206504900398 ], [ -118.116832283228689, 33.634202207013487 ], [ -118.117224893233768, 33.634236713863189 ], [ -118.117612201582773, 33.634309690445484 ], [ -118.117990448157002, 33.63442042827937 ], [ -118.118355960812508, 33.634567852284995 ], [ -118.118705191030458, 33.634750531220924 ], [ -118.119034748367383, 33.634966691579095 ], [ -118.119341433370693, 33.635214234802625 ], [ -118.119622268640029, 33.635490757659298 ], [ -118.119874527732904, 33.635793575572954 ], [ -118.180013432899415, 33.715682469840161 ], [ -118.180230042544451, 33.716001063538073 ], [ -118.180414998135291, 33.716339017842799 ], [ -118.180566583958196, 33.716693197770191 ], [ -118.180683393849236, 33.717060317821435 ], [ -118.180764344238369, 33.717436972460554 ], [ -118.180808684201025, 33.717819667705342 ], [ -118.180816002423981, 33.718204853538779 ], [ -118.18078623102079, 33.718588956840279 ], [ -118.180719646161563, 33.71896841453119 ], [ -118.180616865511112, 33.719339706627203 ], [ -118.180478842499241, 33.719699388890966 ], [ -118.180306857476438, 33.720044124782049 ], [ -118.180163980430507, 33.720272468664291 ], [ -118.180377126598188, 33.720304159674811 ], [ -118.180757783404786, 33.720399636778581 ], [ -118.18112725194338, 33.720531956394439 ], [ -118.181481975721795, 33.720699844818064 ], [ -118.181818540180402, 33.720901685960925 ], [ -118.182133705560645, 33.721135536906715 ], [ -118.182424438090777, 33.721399146613813 ], [ -118.182687939188881, 33.721689977583701 ], [ -118.182921672401932, 33.722005230286904 ], [ -118.183123387821567, 33.722341870111094 ], [ -118.183291143741712, 33.722696656572232 ], [ -118.18342332534931, 33.723066174507338 ], [ -118.183518660268476, 33.723446866948741 ], [ -118.18357623080837, 33.723835069363325 ], [ -118.183595482796861, 33.724227044927218 ], [ -118.183595483695171, 33.730838156245085 ], [ -118.183574697500248, 33.731245412842512 ], [ -118.183512554838344, 33.731648436776815 ], [ -118.183409701565907, 33.732043039369806 ], [ -118.183267206649887, 33.732425119467372 ], [ -118.183086551057755, 33.732790706063241 ], [ -118.182869612365693, 33.73313599957018 ], [ -118.180046083613405, 33.737159162736084 ], [ -118.182963487936163, 33.737408208999582 ], [ -118.183350740121114, 33.737460422788054 ], [ -118.18373104987235, 33.737550172593508 ], [ -118.184100787833657, 33.73767660191934 ], [ -118.184456425537107, 33.737838504230467 ], [ -118.184794569075748, 33.738034334467478 ], [ -118.185111991492263, 33.738262223791409 ], [ -118.185405663574215, 33.738519997418344 ], [ -118.18567278276241, 33.738805195373722 ], [ -118.185910799896149, 33.739115095968288 ], [ -118.186117443540198, 33.739446741771566 ], [ -118.186290741661537, 33.739796967835133 ], [ -118.186429040448743, 33.740162431896181 ], [ -118.189790153559585, 33.750551322001776 ], [ -118.189890004349976, 33.750918853412415 ], [ -118.18995444829288, 33.751294215233017 ], [ -118.189982901165607, 33.751674004585396 ], [ -118.189975105025951, 33.752054778453136 ], [ -118.189931130550534, 33.752433084894612 ], [ -118.189851376394174, 33.752805494336876 ], [ -118.1897365655757, 33.753168630666799 ], [ -118.189587738923521, 33.75351920183752 ], [ -118.189406245639745, 33.753854029712841 ], [ -118.189193731068954, 33.754170078878879 ], [ -118.188952121782179, 33.754464484161929 ], [ -118.188683608111319, 33.754734576602964 ], [ -118.188390624292524, 33.754977907653341 ], [ -118.188075826398432, 33.755192271372323 ], [ -118.187742068259197, 33.755375724425285 ], [ -118.187392375590903, 33.755526603701163 ], [ -118.180892374604156, 33.757971048384363 ], [ -118.180658324899895, 33.75804688246609 ], [ -118.180827588465874, 33.758309675693724 ] ] ], [ [ [ -118.244390647301401, 33.735965968864193 ], [ -118.24453053317815, 33.736327585653676 ], [ -118.244634750625721, 33.736701047143754 ], [ -118.244702320425048, 33.737082844319183 ], [ -118.244732607695539, 33.73746938984327 ], [ -118.244725327860351, 33.737857051764216 ], [ -118.244680549320236, 33.738242187640616 ], [ -118.244598692810882, 33.738621178765612 ], [ -118.244480527449738, 33.738990464167941 ], [ -118.244327163509368, 33.739346574070559 ], [ -118.244140041985474, 33.739686162492397 ], [ -118.243920921057423, 33.740006038686943 ], [ -118.243671859568479, 33.740303197122245 ], [ -118.243395197681096, 33.740574845720658 ], [ -118.240339642920844, 33.743297068588241 ], [ -118.240019679442938, 33.743553941514762 ], [ -118.239675084202744, 33.743776684523624 ], [ -118.23930948321069, 33.743962953796952 ], [ -118.238926723510744, 33.744110789312515 ], [ -118.238530832699652, 33.744218635468066 ], [ -118.238125976546598, 33.744285357450217 ], [ -118.237716415158729, 33.744310253175563 ], [ -118.237306458154151, 33.744293060678309 ], [ -118.231207668694381, 33.74372284854914 ], [ -118.217751726564785, 33.747469359395076 ], [ -118.217368281456046, 33.747556067847881 ], [ -118.216978176695704, 33.747604717443537 ], [ -118.216585180415521, 33.747614838261882 ], [ -118.216193088677286, 33.747586332543094 ], [ -118.215805688805531, 33.74751947563194 ], [ -118.215426722804764, 33.747414913318153 ], [ -118.215059851214349, 33.747273655598576 ], [ -118.214708617750304, 33.74709706692132 ], [ -118.214376415075606, 33.74688685300616 ], [ -118.214066452029485, 33.74664504436852 ], [ -118.213781722632305, 33.746373976706153 ], [ -118.207576067829407, 33.739855432742687 ], [ -118.191614718194913, 33.730757734973004 ], [ -118.191285300633396, 33.730548032241117 ], [ -118.190977900748223, 33.730307207665568 ], [ -118.190695448274809, 33.730037556472624 ], [ -118.190440635182327, 33.72974164862633 ], [ -118.190215890017384, 33.729422304334953 ], [ -118.190023354758239, 33.729082567172462 ], [ -118.189864864400278, 33.728725675071082 ], [ -118.189741929467189, 33.728355029461603 ], [ -118.189655721614699, 33.727974162855347 ], [ -118.189607062463793, 33.727586705176847 ], [ -118.18959641577014, 33.727196349168167 ], [ -118.18962388300416, 33.726806815194493 ], [ -118.189689202383946, 33.726421815786409 ], [ -118.189791751370208, 33.726045020256969 ], [ -118.189930552599577, 33.725680019730497 ], [ -118.190104283199446, 33.72533029291673 ], [ -118.190311287395957, 33.724999172956267 ], [ -118.190549592294687, 33.724689815653399 ], [ -118.192693291555685, 33.722171488819292 ], [ -118.188345484548776, 33.722171489204626 ], [ -118.187947934290122, 33.722151684435232 ], [ -118.187554320730555, 33.722092466171368 ], [ -118.187168541589912, 33.72199442081611 ], [ -118.186794417008429, 33.721858519254013 ], [ -118.186435651718242, 33.721686107237012 ], [ -118.186095798357584, 33.721478892058272 ], [ -118.185778222291177, 33.721238925645856 ], [ -118.185486068284973, 33.720968584243721 ], [ -118.185222229365493, 33.720670544881195 ], [ -118.184989318171858, 33.720347758863952 ], [ -118.184789641084421, 33.720003422548992 ], [ -118.184625175386017, 33.719640945693044 ], [ -118.184497549682177, 33.719263917687762 ], [ -118.184408027773969, 33.718876072016137 ], [ -118.184357496143321, 33.71848124928205 ], [ -118.18434645517479, 33.718083359179055 ], [ -118.184375014200469, 33.717686341775028 ], [ -118.184442890417415, 33.717294128496029 ], [ -118.184549411688025, 33.71691060319575 ], [ -118.189771633743291, 33.701188378168382 ], [ -118.189906455964575, 33.70083828734596 ], [ -118.190073483599491, 33.700502367140444 ], [ -118.190271247424761, 33.700183572402857 ], [ -118.190498007852725, 33.699884707343671 ], [ -118.190751770233277, 33.699608400866154 ], [ -118.191030302399298, 33.699357083441782 ], [ -118.191331154301508, 33.699132965731124 ], [ -118.191651679559811, 33.698938019138204 ], [ -118.191989058741555, 33.698773958469488 ], [ -118.19234032416216, 33.698642226849941 ], [ -118.216895882946361, 33.690725558216101 ], [ -118.217266507335424, 33.690625426971884 ], [ -118.217645023999921, 33.690561287759635 ], [ -118.218027946122277, 33.690533731416558 ], [ -118.21841174630282, 33.690543011786012 ], [ -118.218792889053347, 33.690589043379148 ], [ -118.219167863365342, 33.690671402162408 ], [ -118.219533215052707, 33.690789329463655 ], [ -118.219885578570967, 33.690941738960873 ], [ -118.220221708019977, 33.691127226689176 ], [ -118.240777268269952, 33.703793893086022 ], [ -118.241102961776676, 33.704017507351452 ], [ -118.24140500789251, 33.704272159553362 ], [ -118.241680460165142, 33.704555365565874 ], [ -118.241926631564539, 33.70486436272143 ], [ -118.242141120694868, 33.705196136760492 ], [ -118.242321835219997, 33.705547451235617 ], [ -118.242467012274275, 33.705914879082862 ], [ -118.24257523565916, 33.706294836052784 ], [ -118.242645449658241, 33.706683615674621 ], [ -118.242676969335704, 33.707077425412891 ], [ -118.242669487217896, 33.70747242366344 ], [ -118.242623076292659, 33.707864757228208 ], [ -118.242538189297449, 33.708250598903085 ], [ -118.242415654302761, 33.708626184812161 ], [ -118.242256666634404, 33.708987851124299 ], [ -118.242062777213107, 33.70933206979366 ], [ -118.241835877425331, 33.70965548297572 ], [ -118.241578180672846, 33.709954935782989 ], [ -118.241292200781004, 33.710227507060807 ], [ -118.240980727476526, 33.710470537883175 ], [ -118.240646799173703, 33.710681657490497 ], [ -118.240293673334776, 33.710858806416283 ], [ -118.239924794693479, 33.711000256577186 ], [ -118.233645684131517, 33.713058554582879 ], [ -118.233900032452837, 33.713242619541958 ], [ -118.23419002055752, 33.713498592724918 ], [ -118.234453929077773, 33.713781378269438 ], [ -118.234689290215371, 33.714088331859017 ], [ -118.234893903117595, 33.714416583182697 ], [ -118.235065854457218, 33.714763062775241 ], [ -118.240786190110313, 33.727842078370919 ], [ -118.244390647301401, 33.735965968864193 ] ] ], [ [ [ -118.272185737956207, 33.730811860230837 ], [ -118.27218173441571, 33.731195255367396 ], [ -118.272141041537836, 33.731576505873974 ], [ -118.272064033208409, 33.731952108824267 ], [ -118.271951416979263, 33.732318613181683 ], [ -118.27180422756733, 33.732672651507414 ], [ -118.271623817347617, 33.733010970900445 ], [ -118.271411843927652, 33.733330462885164 ], [ -118.271170254917337, 33.733628191972038 ], [ -118.270901270034372, 33.733901422628826 ], [ -118.270607360709505, 33.734147644414676 ], [ -118.270291227379005, 33.734364595045982 ], [ -118.26995577467315, 33.734550281182244 ], [ -118.269865188987481, 33.734589616522371 ], [ -118.269825472727575, 33.734670887569337 ], [ -118.269625202636007, 33.734997293578665 ], [ -118.269394637047768, 33.735303052473924 ], [ -118.269135889226064, 33.73558536180299 ], [ -118.26808717620041, 33.736624954934989 ], [ -118.267797086808685, 33.736885739877856 ], [ -118.267482975447621, 33.737117029078782 ], [ -118.267147829328849, 33.737316622968194 ], [ -118.266794835705397, 33.737482623400204 ], [ -118.266427351560807, 33.737613451704036 ], [ -118.266048871683992, 33.737707863697288 ], [ -118.265662995433786, 33.737764961518103 ], [ -118.265273392508789, 33.737784202163922 ], [ -118.263392939243104, 33.737785266728849 ], [ -118.263004994777262, 33.737766630321481 ], [ -118.262620686507674, 33.737710457568397 ], [ -118.262243637698106, 33.737617278067113 ], [ -118.261877403170018, 33.737487970315257 ], [ -118.261525435787661, 33.737323753428136 ], [ -118.261191053904454, 33.73712617564486 ], [ -118.260877410077498, 33.736897099731543 ], [ -118.260587461345153, 33.736638685419102 ], [ -118.260323941348162, 33.736353369041304 ], [ -118.260089334556739, 33.736043840564946 ], [ -118.259885852846992, 33.735713018228857 ], [ -118.25971541464736, 33.735364021030641 ], [ -118.259579626851547, 33.735000139320789 ], [ -118.259479769668815, 33.734624803781152 ], [ -118.259416784554077, 33.734241553080466 ], [ -118.259391265331871, 33.733854000511698 ], [ -118.259390190048464, 33.733791432462603 ], [ -118.259389887386149, 33.733770691113783 ], [ -118.259384617360141, 33.733331478793829 ], [ -118.259233843876288, 33.733075128739848 ], [ -118.259168951376793, 33.732951375443918 ], [ -118.259022800194785, 33.732640974377688 ], [ -118.258903785798353, 33.732319190967054 ], [ -118.258889806215933, 33.732275752358433 ], [ -118.25878567335873, 33.731885669071666 ], [ -118.258721394156964, 33.731487075535867 ], [ -118.258697623489638, 33.731084032637483 ], [ -118.258714603533221, 33.73068064659325 ], [ -118.258772161294388, 33.730281027115879 ], [ -118.258869710372409, 33.729889245544157 ], [ -118.259006256933489, 33.729509293363989 ], [ -118.259180409835949, 33.729145041542957 ], [ -118.259390394803248, 33.728800201092788 ], [ -118.259634072500361, 33.72847828526141 ], [ -118.259655532354174, 33.728452725921201 ], [ -118.259921174535677, 33.728166033613455 ], [ -118.260213528091242, 33.727906634988841 ], [ -118.260529801807351, 33.727677006627317 ], [ -118.260866976095301, 33.727479340880521 ], [ -118.261221831820507, 33.727315524940522 ], [ -118.261590981036804, 33.72718712282208 ], [ -118.261865596917474, 33.727106408240431 ], [ -118.262269808772416, 33.726987603113955 ], [ -118.262304987548745, 33.72697743813842 ], [ -118.262334459428374, 33.726969068153345 ], [ -118.262448141706244, 33.726903162134398 ], [ -118.262811723819624, 33.726738369736744 ], [ -118.263189920592964, 33.726610636858695 ], [ -118.263578965458521, 33.726521235627821 ], [ -118.263618794386403, 33.726514154237087 ], [ -118.264121987625117, 33.726420930613806 ], [ -118.264372074964754, 33.726387454817285 ], [ -118.264412918889732, 33.726376259177684 ], [ -118.264789224256063, 33.726292376557403 ], [ -118.265157681080055, 33.726246862861856 ], [ -118.265421734030625, 33.726171643258311 ], [ -118.265495913699553, 33.726151281102723 ], [ -118.26599130570203, 33.726020406177398 ], [ -118.266326609381025, 33.725924604543081 ], [ -118.266721890124714, 33.72583306818342 ], [ -118.267124410389101, 33.725782046538733 ], [ -118.267156854057149, 33.7257812481242 ], [ -118.26730422699967, 33.725742941838369 ], [ -118.267689664385003, 33.725662773434827 ], [ -118.268081115683074, 33.725620882717806 ], [ -118.268474788979759, 33.725617675474702 ], [ -118.26886687083686, 33.725653182773463 ], [ -118.269253563232141, 33.725727060661654 ], [ -118.26963112035007, 33.725838593498253 ], [ -118.269995884866773, 33.725986700885926 ], [ -118.270344323377913, 33.726169948136636 ], [ -118.270673060626024, 33.726386560169175 ], [ -118.270978912196014, 33.726634438704075 ], [ -118.27125891536204, 33.726911182589198 ], [ -118.271510357786767, 33.727214111059268 ], [ -118.27173080379535, 33.727540289703931 ], [ -118.271918117969321, 33.727886558892806 ], [ -118.272070485831961, 33.728249564382253 ], [ -118.272186431424842, 33.728625789807268 ], [ -118.272264831605071, 33.729011590743859 ], [ -118.272304926925059, 33.729403230011869 ], [ -118.272306328989089, 33.729796913876349 ], [ -118.272269024215618, 33.73018882879672 ], [ -118.272184271550145, 33.730772777964951 ], [ -118.272185737956207, 33.730811860230837 ] ] ], [ [ [ -118.288100125366952, 33.716452469896929 ], [ -118.287979563630543, 33.716766164102808 ], [ -118.287880363572043, 33.716995064239903 ], [ -118.287821859593791, 33.717123776054272 ], [ -118.287631159835371, 33.717524376352245 ], [ -118.287571803774782, 33.717643886505044 ], [ -118.287457303610367, 33.717865086380804 ], [ -118.28730196964446, 33.718138311711328 ], [ -118.287172157378151, 33.718329883916581 ], [ -118.28700879345358, 33.718617304481555 ], [ -118.286805972655387, 33.718910041003561 ], [ -118.286538973590027, 33.71926094152645 ], [ -118.28630464503847, 33.719541340084866 ], [ -118.28613684423496, 33.719724440108138 ], [ -118.285823510408022, 33.720030812220052 ], [ -118.285478542341039, 33.72030106948791 ], [ -118.285106080555465, 33.720531968115786 ], [ -118.284777981677735, 33.720711267451634 ], [ -118.284472862552647, 33.72086153096717 ], [ -118.284156081313412, 33.72098533101186 ], [ -118.283829928225131, 33.721081772536117 ], [ -118.283723126622675, 33.721108472495175 ], [ -118.283361600037082, 33.721181328249607 ], [ -118.282994899985752, 33.721220577522232 ], [ -118.282626143635312, 33.721225886671093 ], [ -118.282464729428114, 33.721213297582693 ], [ -118.282447025669555, 33.721217723474147 ], [ -118.282105575524852, 33.72133333047833 ], [ -118.281588195211967, 33.721470687315325 ], [ -118.281565000587662, 33.721475209132898 ], [ -118.281514229622161, 33.721497483437744 ], [ -118.281264824463094, 33.721597058618919 ], [ -118.281198572812571, 33.721620963846725 ], [ -118.280823240151946, 33.721735916536318 ], [ -118.280438447487228, 33.72181352666562 ], [ -118.280047900581692, 33.721853046806757 ], [ -118.279655360615038, 33.721854096359202 ], [ -118.279264607961252, 33.721816665215201 ], [ -118.278879405781524, 33.721741113857085 ], [ -118.278503463782954, 33.721628169885641 ], [ -118.278140402492014, 33.721478921012917 ], [ -118.277793718386988, 33.721294804586961 ], [ -118.277466750224903, 33.721077593749385 ], [ -118.27716264688749, 33.720829380359028 ], [ -118.276884337055748, 33.720552554846222 ], [ -118.276634501005177, 33.72024978319164 ], [ -118.27641554479321, 33.719923981251469 ], [ -118.276229577087577, 33.719578286676089 ], [ -118.276078388858735, 33.719216028692827 ], [ -118.272490859872079, 33.709273448580056 ], [ -118.272377629845792, 33.708904891265156 ], [ -118.272300409668517, 33.708527144554459 ], [ -118.272259916790702, 33.708143718081637 ], [ -118.272256527430457, 33.707758174250849 ], [ -118.272290273078269, 33.70737409513859 ], [ -118.272360840204271, 33.706995049212686 ], [ -118.272467573171383, 33.706624558177772 ], [ -118.272609480326707, 33.706266064255253 ], [ -118.272785243215012, 33.705922898201692 ], [ -118.272993228828426, 33.70559824836289 ], [ -118.273231504778678, 33.705295131051024 ], [ -118.27349785725086, 33.705016362520205 ], [ -118.273789811571945, 33.704764532800702 ], [ -118.274104655202834, 33.70454198163511 ], [ -118.274439462940549, 33.704350776739808 ], [ -118.274791124096154, 33.7041926945939 ], [ -118.275156371396122, 33.70406920393399 ], [ -118.275531811338439, 33.703981452108202 ], [ -118.275913955721563, 33.703930254416186 ], [ -118.276299254053171, 33.7039160865342 ], [ -118.276684126537702, 33.70393908009563 ], [ -118.27706499733614, 33.703999021467965 ], [ -118.277438327789, 33.704095353737664 ], [ -118.277543861973953, 33.704133751613121 ], [ -118.277860578204937, 33.704159634664343 ], [ -118.278238706759609, 33.704227514024403 ], [ -118.278608579497401, 33.704331355101132 ], [ -118.278966784600954, 33.704470200033199 ], [ -118.279035485058955, 33.704500700522452 ], [ -118.279469052610821, 33.704725829586963 ], [ -118.279507252569957, 33.704748729420359 ], [ -118.27952266049013, 33.704759091433075 ], [ -118.279597945198063, 33.704792485526703 ], [ -118.279651346448446, 33.704819185989933 ], [ -118.279964242972142, 33.704993565490341 ], [ -118.279995162472858, 33.705014628807731 ], [ -118.280129038131619, 33.705085297679105 ], [ -118.280197637080008, 33.705123497255215 ], [ -118.28029600641004, 33.705180853318488 ], [ -118.28031516618185, 33.705189195919601 ], [ -118.280406765594734, 33.70523499600219 ], [ -118.280426311115491, 33.705245735355668 ], [ -118.280541178347548, 33.70529835528292 ], [ -118.280597946780972, 33.705326833269901 ], [ -118.280631811246494, 33.705343721245207 ], [ -118.280865769452092, 33.70547790663862 ], [ -118.281011491372865, 33.705506731566935 ], [ -118.281107858792865, 33.705527029618302 ], [ -118.281378491865468, 33.705587522248514 ], [ -118.281540111003622, 33.705609753180845 ], [ -118.281929210879056, 33.705678353656211 ], [ -118.282085627002573, 33.705709156538965 ], [ -118.282359317615857, 33.705768743123436 ], [ -118.282393024172919, 33.705772548380871 ], [ -118.282746243052983, 33.705828513069008 ], [ -118.28309305161909, 33.705915802484327 ], [ -118.283164729626577, 33.705937292840687 ], [ -118.283191117709322, 33.705938843922908 ], [ -118.283320818266674, 33.705954144292647 ], [ -118.283638258161446, 33.706004595408565 ], [ -118.283950622410956, 33.706080371245875 ], [ -118.284164221124271, 33.706141371681909 ], [ -118.284668609544553, 33.706322766918582 ], [ -118.284790710354599, 33.706376167578341 ], [ -118.285095090393398, 33.7065249478974 ], [ -118.285385788390244, 33.706698952109946 ], [ -118.285660718899678, 33.706896931922905 ], [ -118.28571411925175, 33.706938931461352 ], [ -118.286029176810672, 33.707214595426635 ], [ -118.286215146088253, 33.707415311081199 ], [ -118.286428171178329, 33.707605499069388 ], [ -118.286703933151401, 33.707907721389745 ], [ -118.286757332605148, 33.70797262143401 ], [ -118.286986219335773, 33.708279656515842 ], [ -118.287184695081905, 33.708607173011806 ], [ -118.28735094056924, 33.708952168830429 ], [ -118.287404341819638, 33.709078068798263 ], [ -118.287553746232135, 33.709492410933926 ], [ -118.287656689255897, 33.709920667653329 ], [ -118.287666057522515, 33.709994784570796 ], [ -118.287797800840323, 33.710080455875996 ], [ -118.288106893903901, 33.710328191139659 ], [ -118.288389968188554, 33.710605283601083 ], [ -118.288644247597475, 33.710909015826921 ], [ -118.28886723842389, 33.711236409128851 ], [ -118.289056753806747, 33.711584252775438 ], [ -118.289210935177209, 33.711949135479628 ], [ -118.289328270485456, 33.712327478853098 ], [ -118.289407609029396, 33.712715572499349 ], [ -118.289448172739498, 33.713109610401375 ], [ -118.289449563809242, 33.713505728247149 ], [ -118.289411768596494, 33.713900041326703 ], [ -118.289335157757208, 33.714288682629338 ], [ -118.289327558908226, 33.714319183515038 ], [ -118.289218903475572, 33.714681377340789 ], [ -118.289076531781078, 33.715031692443318 ], [ -118.288901716186075, 33.715366998092243 ], [ -118.288696018999744, 33.71568429769512 ], [ -118.288461278516863, 33.715980755577725 ], [ -118.288199592589251, 33.716253722326144 ], [ -118.288143937649679, 33.716301745837654 ], [ -118.288100125366952, 33.716452469896929 ] ] ] ] } },
{ "type": "Feature", "properties": { "Port": "LA_Long_Beach", "zone_type": "berth" }, "geometry": { "type": "MultiPolygon", "coordinates": [ [ [ [ -118.135988953120062, 33.65555 ], [ -118.136044054519388, 33.655552706958169 ], [ -118.136087684769677, 33.655559178894428 ], [ -118.136130470567693, 33.655569896178918 ], [ -118.136171999862896, 33.655584755598341 ], [ -118.136211872705317, 33.655603614048324 ], [ -118.136249705097711, 33.655626289911666 ], [ -118.136285132693686, 33.655652564807568 ], [ -118.136317814305812, 33.655682185694211 ], [ -118.136347435192434, 33.655714867306322 ], [ -118.136373710088307, 33.655750294902255 ], [ -118.136396385951713, 33.655788127294727 ], [ -118.13641524440169, 33.655828000137149 ], [ -118.136430103821084, 33.65586952943228 ], [ -118.136440821105566, 33.655912315230246 ], [ -118.136447293041826, 33.655955945480521 ], [ -118.13645, 33.656011046880025 ], [ -118.13645, 33.6566 ], [ -118.136452166872999, 33.656644107713149 ], [ -118.136458646623822, 33.656687790644902 ], [ -118.136469376848922, 33.656730628104761 ], [ -118.136484254210373, 33.656772207544563 ], [ -118.136503135431042, 33.65681212853157 ], [ -118.136525838674459, 33.656850006604856 ], [ -118.13655214529598, 33.65688547697787 ], [ -118.136581801948466, 33.656918198051528 ], [ -118.136614523022118, 33.656947854704008 ], [ -118.136649993395139, 33.656974161325536 ], [ -118.136687871468425, 33.656996864568953 ], [ -118.136727792455432, 33.657015745789629 ], [ -118.136769371895227, 33.65703062315108 ], [ -118.136812209355085, 33.657041353376179 ], [ -118.136855892286846, 33.657047833127002 ], [ -118.1369, 33.65705 ], [ -118.1396, 33.65705 ], [ -118.139644107713153, 33.657047833127002 ], [ -118.139687790644913, 33.657041353376179 ], [ -118.139730628104772, 33.65703062315108 ], [ -118.139772207544567, 33.657015745789629 ], [ -118.139812128531574, 33.656996864568953 ], [ -118.13985000660486, 33.656974161325536 ], [ -118.139885476977881, 33.656947854704008 ], [ -118.139918198051532, 33.656918198051528 ], [ -118.139947854704019, 33.65688547697787 ], [ -118.13997416132554, 33.656850006604856 ], [ -118.139996864568957, 33.65681212853157 ], [ -118.140015745789626, 33.656772207544563 ], [ -118.140030623151077, 33.656730628104761 ], [ -118.140041353376176, 33.656687790644902 ], [ -118.140047833126999, 33.656644107713149 ], [ -118.14005, 33.6566 ], [ -118.14005, 33.656011046880025 ], [ -118.140052706958173, 33.655955945480521 ], [ -118.140059178894433, 33.655912315230246 ], [ -118.140069896178915, 33.65586952943228 ], [ -118.140084755598309, 33.655828000137149 ], [ -118.140103614048286, 33.655788127294727 ], [ -118.140126289911692, 33.655750294902255 ], [ -118.140152564807565, 33.655714867306322 ], [ -118.140182185694187, 33.655682185694211 ], [ -118.140214867306312, 33.655652564807568 ], [ -118.140250294902287, 33.655626289911666 ], [ -118.140288127294681, 33.655603614048324 ], [ -118.140328000137103, 33.655584755598341 ], [ -118.140369529432306, 33.655569896178918 ], [ -118.140412315230321, 33.655559178894428 ], [ -118.14045594548061, 33.655552706958169 ], [ -118.140511046879936, 33.65555 ], [ -118.14348895312007, 33.65555 ], [ -118.143544054519396, 33.655552706958169 ], [ -118.143587684769685, 33.655559178894428 ], [ -118.1436304705677, 33.655569896178918 ], [ -118.143671999862903, 33.655584755598341 ], [ -118.143711872705325, 33.655603614048324 ], [ -118.143749705097719, 33.655626289911666 ], [ -118.143785132693694, 33.655652564807568 ], [ -118.14381781430582, 33.655682185694211 ], [ -118.143847435192441, 33.655714867306322 ], [ -118.143873710088315, 33.655750294902255 ], [ -118.14389638595172, 33.655788127294727 ], [ -118.143915244401697, 33.655828000137149 ], [ -118.143930103821091, 33.65586952943228 ], [ -118.143940821105573, 33.655912315230246 ], [ -118.143947293041833, 33.655955945480521 ], [ -118.14395, 33.656011046880025 ], [ -118.14395, 33.658988953119973 ], [ -118.143947293041833, 33.659044054519477 ], [ -118.143940821105573, 33.659087684769752 ], [ -118.143930103821091, 33.659130470567717 ], [ -118.143915244401697, 33.659171999862849 ], [ -118.14389638595172, 33.659211872705271 ], [ -118.143873710088315, 33.659249705097743 ], [ -118.143847435192441, 33.659285132693675 ], [ -118.14381781430582, 33.659317814305787 ], [ -118.143785132693694, 33.65934743519243 ], [ -118.143749705097719, 33.659373710088332 ], [ -118.143711872705325, 33.659396385951673 ], [ -118.143671999862903, 33.659415244401657 ], [ -118.1436304705677, 33.65943010382108 ], [ -118.143587684769685, 33.659440821105569 ], [ -118.143544054519396, 33.659447293041829 ], [ -118.14348895312007, 33.65945 ], [ -118.1429, 33.65945 ], [ -118.142855892286846, 33.659452166872995 ], [ -118.142812209355085, 33.659458646623818 ], [ -118.142769371895227, 33.659469376848918 ], [ -118.142727792455432, 33.659484254210369 ], [ -118.142687871468425, 33.659503135431045 ], [ -118.142649993395139, 33.659525838674462 ], [ -118.142614523022118, 33.65955214529599 ], [ -118.142581801948467, 33.65958180194847 ], [ -118.14255214529598, 33.659614523022128 ], [ -118.142525838674459, 33.659649993395142 ], [ -118.142503135431042, 33.659687871468428 ], [ -118.142484254210373, 33.659727792455435 ], [ -118.142469376848922, 33.659769371895237 ], [ -118.142458646623822, 33.659812209355096 ], [ -118.142452166872999, 33.659855892286849 ], [ -118.14245, 33.6599 ], [ -118.14245, 33.6611 ], [ -118.142452166872999, 33.661144107713149 ], [ -118.142458646623822, 33.661187790644902 ], [ -118.142469376848922, 33.661230628104761 ], [ -118.142484254210373, 33.661272207544563 ], [ -118.142503135431042, 33.66131212853157 ], [ -118.142525838674459, 33.661350006604856 ], [ -118.14255214529598, 33.66138547697787 ], [ -118.142581801948467, 33.661418198051528 ], [ -118.142614523022118, 33.661447854704008 ], [ -118.142649993395139, 33.661474161325536 ], [ -118.142687871468425, 33.661496864568953 ], [ -118.142727792455432, 33.661515745789629 ], [ -118.142769371895227, 33.66153062315108 ], [ -118.142812209355085, 33.66154135337618 ], [ -118.142855892286846, 33.661547833127003 ], [ -118.1429, 33.66155 ], [ -118.14348895312007, 33.66155 ], [ -118.143544054519396, 33.661552706958169 ], [ -118.143587684769685, 33.661559178894429 ], [ -118.1436304705677, 33.661569896178918 ], [ -118.143671999862903, 33.661584755598341 ], [ -118.143711872705325, 33.661603614048325 ], [ -118.143749705097719, 33.661626289911666 ], [ -118.143785132693694, 33.661652564807568 ], [ -118.14381781430582, 33.661682185694211 ], [ -118.143847435192441, 33.661714867306323 ], [ -118.143873710088315, 33.661750294902255 ], [ -118.14389638595172, 33.661788127294727 ], [ -118.143915244401697, 33.661828000137149 ], [ -118.143930103821091, 33.661869529432281 ], [ -118.143940821105573, 33.661912315230246 ], [ -118.143947293041833, 33.661955945480521 ], [ -118.14395, 33.662011046880025 ], [ -118.14395, 33.663488953119973 ], [ -118.143947293041833, 33.663544054519477 ], [ -118.143940821105573, 33.663587684769752 ], [ -118.143930103821091, 33.663630470567718 ], [ -118.143915244401697, 33.663671999862849 ], [ -118.14389638595172, 33.663711872705271 ], [ -118.143873710088315, 33.663749705097743 ], [ -118.143847435192498, 33.663785132693597 ], [ -118.143835955601617, 33.663797798470327 ], [ -118.143807368929671, 33.663832707327735 ], [ -118.143782421758686, 33.663870303401978 ], [ -118.143761364894104, 33.663910208722335 ], [ -118.143744410030337, 33.663952022102166 ], [ -118.143731727622452, 33.66399532317223 ], [ -118.143723445172569, 33.664039676606848 ], [ -118.143719645947982, 33.664084636500426 ], [ -118.143720368144059, 33.664129750850378 ], [ -118.143725604500219, 33.664174566101266 ], [ -118.14373530237296, 33.664218631704664 ], [ -118.143749364265091, 33.664261504648678 ], [ -118.143767648805891, 33.664302753911777 ], [ -118.143789972172428, 33.664341964796044 ], [ -118.143816109937575, 33.664378743096329 ], [ -118.143845799326286, 33.664412719063371 ], [ -118.143878741857407, 33.664443551121067 ], [ -118.143914606344453, 33.664470929300478 ], [ -118.143953032225127, 33.664494578356106 ], [ -118.143993633186312, 33.664514260533068 ], [ -118.144036001047738, 33.664529777957327 ], [ -118.144079709865736, 33.664540974625048 ], [ -118.144124320215326, 33.664547737970956 ], [ -118.144169383608045, 33.66455 ], [ -118.14648895312007, 33.66455 ], [ -118.146544054519396, 33.664552706958169 ], [ -118.146587684769685, 33.664559178894429 ], [ -118.1466304705677, 33.664569896178918 ], [ -118.146671999862903, 33.664584755598341 ], [ -118.146711872705325, 33.664603614048325 ], [ -118.146749705097719, 33.664626289911666 ], [ -118.146785132693694, 33.664652564807568 ], [ -118.14681781430582, 33.664682185694211 ], [ -118.146847435192441, 33.664714867306323 ], [ -118.146873710088315, 33.664750294902255 ], [ -118.14689638595172, 33.664788127294727 ], [ -118.146915244401697, 33.664828000137149 ], [ -118.146930103821092, 33.664869529432281 ], [ -118.146940821105574, 33.664912315230247 ], [ -118.146947293041833, 33.664955945480521 ], [ -118.14695, 33.665011046880025 ], [ -118.14695, 33.665830616391951 ], [ -118.146952077595927, 33.665873808056929 ], [ -118.146958291199667, 33.665916600900459 ], [ -118.146968583436305, 33.6659585997837 ], [ -118.146982859269798, 33.665999416899062 ], [ -118.147000986880528, 33.666038675351118 ], [ -118.147022798882503, 33.666076012636751 ], [ -118.147048093868946, 33.666111083992433 ], [ -118.147076638272011, 33.666143565577713 ], [ -118.147108168519551, 33.66617315746543 ], [ -118.14714239346884, 33.666199586411196 ], [ -118.147178997094926, 33.666222608376493 ], [ -118.147217641408716, 33.666242010782021 ], [ -118.147257969577907, 33.666257614470631 ], [ -118.147299609221875, 33.666269275361614 ], [ -118.14734217585017, 33.666276885781102 ], [ -118.147385276412763, 33.666280375456317 ], [ -118.147428512929409, 33.666279712164425 ], [ -118.147471486164534, 33.666274902030118 ], [ -118.147513799313586, 33.666265989469011 ], [ -118.147555061667134, 33.666253056777549 ], [ -118.147594892218521, 33.666236223373105 ], [ -118.147632923182002, 33.666215644691292 ], [ -118.147668803388797, 33.666191510750693 ], [ -118.147702201529711, 33.666164044398336 ], [ -118.14771486730632, 33.666152564807568 ], [ -118.147750294902281, 33.666126289911666 ], [ -118.147788127294675, 33.666103614048325 ], [ -118.147828000137096, 33.666084755598341 ], [ -118.147869529432299, 33.666069896178918 ], [ -118.147912315230315, 33.666059178894429 ], [ -118.147955945480604, 33.666052706958169 ], [ -118.14801104687993, 33.66605 ], [ -118.14948895312007, 33.66605 ], [ -118.149544054519396, 33.666052706958169 ], [ -118.149587684769685, 33.666059178894429 ], [ -118.149630470567701, 33.666069896178918 ], [ -118.149671999862903, 33.666084755598341 ], [ -118.149711872705325, 33.666103614048325 ], [ -118.149749705097719, 33.666126289911666 ], [ -118.149785132693694, 33.666152564807568 ], [ -118.14981781430582, 33.666182185694211 ], [ -118.149847435192441, 33.666214867306323 ], [ -118.149873710088315, 33.666250294902255 ], [ -118.14989638595172, 33.666288127294727 ], [ -118.149915244401697, 33.666328000137149 ], [ -118.149930103821092, 33.666369529432281 ], [ -118.149940821105574, 33.666412315230247 ], [ -118.149947293041834, 33.666455945480521 ], [ -118.14995, 33.666511046880025 ], [ -118.14995, 33.670988953119974 ], [ -118.149947293041834, 33.671044054519477 ], [ -118.149940821105574, 33.671087684769752 ], [ -118.149930103821092, 33.671130470567718 ], [ -118.149915244401697, 33.67117199986285 ], [ -118.14989638595172, 33.671211872705271 ], [ -118.149873710088315, 33.671249705097743 ], [ -118.149847435192441, 33.671285132693676 ], [ -118.14981781430582, 33.671317814305787 ], [ -118.149785132693694, 33.67134743519243 ], [ -118.149749705097719, 33.671373710088332 ], [ -118.149711872705325, 33.671396385951674 ], [ -118.149671999862903, 33.671415244401658 ], [ -118.149630470567701, 33.671430103821081 ], [ -118.149587684769685, 33.67144082110557 ], [ -118.149544054519396, 33.67144729304183 ], [ -118.14948895312007, 33.67145 ], [ -118.1489, 33.67145 ], [ -118.148855892286846, 33.671452166872996 ], [ -118.148812209355086, 33.671458646623819 ], [ -118.148769371895227, 33.671469376848918 ], [ -118.148727792455432, 33.67148425421037 ], [ -118.148687871468425, 33.671503135431045 ], [ -118.148649993395139, 33.671525838674462 ], [ -118.148614523022118, 33.67155214529599 ], [ -118.148581801948467, 33.67158180194847 ], [ -118.14855214529598, 33.671614523022129 ], [ -118.148525838674459, 33.671649993395143 ], [ -118.148503135431042, 33.671687871468428 ], [ -118.148484254210373, 33.671727792455435 ], [ -118.148469376848922, 33.671769371895238 ], [ -118.148458646623823, 33.671812209355096 ], [ -118.148452166873, 33.67185589228685 ], [ -118.14845, 33.6719 ], [ -118.14845, 33.672488953119974 ], [ -118.148447293041826, 33.672544054519477 ], [ -118.148440821105567, 33.672587684769752 ], [ -118.148430103821084, 33.672630470567718 ], [ -118.14841524440169, 33.67267199986285 ], [ -118.148396385951713, 33.672711872705271 ], [ -118.148373710088308, 33.672749705097743 ], [ -118.148347435192434, 33.672785132693676 ], [ -118.148317814305813, 33.672817814305787 ], [ -118.148285132693687, 33.672847435192431 ], [ -118.148249705097712, 33.672873710088332 ], [ -118.148211872705318, 33.672896385951674 ], [ -118.148171999862896, 33.672915244401658 ], [ -118.148130470567693, 33.672930103821081 ], [ -118.148087684769678, 33.67294082110557 ], [ -118.148044054519389, 33.67294729304183 ], [ -118.147988953120063, 33.67295 ], [ -118.14784520758073, 33.67295 ], [ -118.142648852223871, 33.666047129345323 ], [ -118.142687790644914, 33.66604135337618 ], [ -118.142730628104772, 33.66603062315108 ], [ -118.142772207544567, 33.666015745789629 ], [ -118.142812128531574, 33.665996864568953 ], [ -118.14285000660486, 33.665974161325536 ], [ -118.142885476977881, 33.665947854704008 ], [ -118.142918198051532, 33.665918198051529 ], [ -118.142947854704019, 33.66588547697787 ], [ -118.14297416132554, 33.665850006604856 ], [ -118.142996864568957, 33.66581212853157 ], [ -118.143015745789626, 33.665772207544563 ], [ -118.143030623151077, 33.665730628104761 ], [ -118.143041353376177, 33.665687790644903 ], [ -118.143047833127, 33.665644107713149 ], [ -118.14305, 33.6656 ], [ -118.14305, 33.665011046880025 ], [ -118.143052706958173, 33.664955945480521 ], [ -118.143059178894433, 33.664912315230247 ], [ -118.143069896178915, 33.664869529432281 ], [ -118.143084755598309, 33.664828000137149 ], [ -118.143103614048286, 33.664788127294727 ], [ -118.143126289911692, 33.664750294902255 ], [ -118.143152564807508, 33.664714867306401 ], [ -118.143164044398389, 33.664702201529671 ], [ -118.143192631070335, 33.664667292672263 ], [ -118.14321757824132, 33.66462969659802 ], [ -118.143238635105902, 33.664589791277663 ], [ -118.143255589969669, 33.664547977897833 ], [ -118.143268272377554, 33.664504676827768 ], [ -118.143276554827438, 33.664460323393151 ], [ -118.143280354052024, 33.664415363499572 ], [ -118.143279631855947, 33.66437024914962 ], [ -118.143274395499787, 33.664325433898732 ], [ -118.143264697627046, 33.664281368295335 ], [ -118.143250635734915, 33.66423849535132 ], [ -118.143232351194115, 33.664197246088222 ], [ -118.143210027827578, 33.664158035203954 ], [ -118.143183890062431, 33.66412125690367 ], [ -118.14315420067372, 33.664087280936627 ], [ -118.1431212581426, 33.664056448878931 ], [ -118.143085393655554, 33.66402907069952 ], [ -118.143046967774879, 33.664005421643893 ], [ -118.143006366813694, 33.663985739466931 ], [ -118.142963998952268, 33.663970222042671 ], [ -118.142920290134271, 33.66395902537495 ], [ -118.14287567978468, 33.663952262029042 ], [ -118.142830616391961, 33.66395 ], [ -118.1414, 33.66395 ], [ -118.141355892286853, 33.663952166872996 ], [ -118.141312209355092, 33.663958646623819 ], [ -118.141269371895234, 33.663969376848918 ], [ -118.141227792455439, 33.663984254210369 ], [ -118.141187871468432, 33.664003135431045 ], [ -118.141149993395146, 33.664025838674462 ], [ -118.141135405720021, 33.664036657631691 ], [ -118.134746804360915, 33.65555 ], [ -118.135988953120062, 33.65555 ] ] ], [ [ [ -118.15068218569418, 33.676682185694212 ], [ -118.150714867306306, 33.676652564807569 ], [ -118.150750294902281, 33.676626289911667 ], [ -118.150788127294675, 33.676603614048325 ], [ -118.150828000137096, 33.676584755598341 ], [ -118.150869529432299, 33.676569896178918 ], [ -118.150912315230315, 33.676559178894429 ], [ -118.150955945480604, 33.676552706958169 ], [ -118.15101104687993, 33.67655 ], [ -118.159988953120063, 33.67655 ], [ -118.160044054519389, 33.676552706958169 ], [ -118.160087684769678, 33.676559178894429 ], [ -118.160130470567694, 33.676569896178918 ], [ -118.160171999862897, 33.676584755598341 ], [ -118.160211872705318, 33.676603614048325 ], [ -118.160249705097712, 33.676626289911667 ], [ -118.160285132693687, 33.676652564807569 ], [ -118.160317814305813, 33.676682185694212 ], [ -118.160347435192435, 33.676714867306323 ], [ -118.160373710088308, 33.676750294902256 ], [ -118.160396385951714, 33.676788127294728 ], [ -118.16041524440169, 33.676828000137149 ], [ -118.160430103821085, 33.676869529432281 ], [ -118.160440821105567, 33.676912315230247 ], [ -118.160447293041827, 33.676955945480522 ], [ -118.16045, 33.677011046880025 ], [ -118.16045, 33.681488953119974 ], [ -118.160447293041827, 33.681544054519478 ], [ -118.160440821105567, 33.681587684769752 ], [ -118.160430103821085, 33.681630470567718 ], [ -118.16041524440169, 33.68167199986285 ], [ -118.160396385951714, 33.681711872705272 ], [ -118.160373710088308, 33.681749705097744 ], [ -118.160347435192435, 33.681785132693676 ], [ -118.160317814305813, 33.681817814305788 ], [ -118.160285132693687, 33.681847435192431 ], [ -118.160249705097712, 33.681873710088333 ], [ -118.160211872705318, 33.681896385951674 ], [ -118.160171999862897, 33.681915244401658 ], [ -118.160130470567694, 33.681930103821081 ], [ -118.160087684769678, 33.68194082110557 ], [ -118.160044054519389, 33.68194729304183 ], [ -118.159988953120063, 33.68195 ], [ -118.1594, 33.68195 ], [ -118.159355892286854, 33.681952166872996 ], [ -118.159312209355093, 33.681958646623819 ], [ -118.159269371895235, 33.681969376848919 ], [ -118.159227792455439, 33.68198425421037 ], [ -118.159187871468433, 33.682003135431046 ], [ -118.159149993395147, 33.682025838674463 ], [ -118.159114523022126, 33.682052145295991 ], [ -118.159081801948474, 33.68208180194847 ], [ -118.159052145295988, 33.682114523022129 ], [ -118.159025838674467, 33.682149993395143 ], [ -118.15900313543105, 33.682187871468429 ], [ -118.158984254210381, 33.682227792455436 ], [ -118.15896937684893, 33.682269371895238 ], [ -118.15895864662383, 33.682312209355096 ], [ -118.158952166873007, 33.68235589228685 ], [ -118.15895, 33.6824 ], [ -118.15895, 33.682988953119974 ], [ -118.158947293041834, 33.683044054519478 ], [ -118.158940821105574, 33.683087684769752 ], [ -118.158930103821092, 33.683130470567718 ], [ -118.158915244401697, 33.68317199986285 ], [ -118.158896385951721, 33.683211872705272 ], [ -118.158873710088315, 33.683249705097744 ], [ -118.158847435192442, 33.683285132693676 ], [ -118.15881781430582, 33.683317814305788 ], [ -118.158785132693694, 33.683347435192431 ], [ -118.158749705097719, 33.683373710088333 ], [ -118.158711872705325, 33.683396385951674 ], [ -118.158671999862904, 33.683415244401658 ], [ -118.158630470567701, 33.683430103821081 ], [ -118.158587684769685, 33.68344082110557 ], [ -118.158544054519396, 33.68344729304183 ], [ -118.15848895312007, 33.68345 ], [ -118.155749416420278, 33.68345 ], [ -118.150667186694236, 33.676698734540459 ], [ -118.15068218569418, 33.676682185694212 ] ] ], [ [ [ -118.140671999862903, 33.64958475559834 ], [ -118.140711872705324, 33.649603614048324 ], [ -118.140749705097718, 33.649626289911666 ], [ -118.140785132693694, 33.649652564807568 ], [ -118.140817814305819, 33.649682185694211 ], [ -118.140847435192441, 33.649714867306322 ], [ -118.140873710088314, 33.649750294902255 ], [ -118.14089638595172, 33.649788127294727 ], [ -118.140915244401697, 33.649828000137148 ], [ -118.140930103821091, 33.64986952943228 ], [ -118.140940821105573, 33.649912315230246 ], [ -118.140947293041833, 33.649955945480521 ], [ -118.14095, 33.650011046880024 ], [ -118.14095, 33.651488953119973 ], [ -118.140947293041833, 33.651544054519476 ], [ -118.140940821105573, 33.651587684769751 ], [ -118.140930103821091, 33.651630470567717 ], [ -118.140915244401697, 33.651671999862849 ], [ -118.14089638595172, 33.65171187270527 ], [ -118.140873710088314, 33.651749705097743 ], [ -118.140847435192441, 33.651785132693675 ], [ -118.140817814305819, 33.651817814305787 ], [ -118.140785132693694, 33.65184743519243 ], [ -118.140749705097718, 33.651873710088331 ], [ -118.140711872705324, 33.651896385951673 ], [ -118.140671999862903, 33.651915244401657 ], [ -118.1406304705677, 33.65193010382108 ], [ -118.140587684769685, 33.651940821105569 ], [ -118.140544054519395, 33.651947293041829 ], [ -118.140488953120069, 33.65195 ], [ -118.1384, 33.65195 ], [ -118.138355892286853, 33.651952166872995 ], [ -118.138312209355092, 33.651958646623818 ], [ -118.138269371895234, 33.651969376848918 ], [ -118.138227792455439, 33.651984254210369 ], [ -118.138187871468432, 33.652003135431045 ], [ -118.138149993395146, 33.652025838674462 ], [ -118.138114523022125, 33.65205214529599 ], [ -118.138081801948474, 33.652081801948469 ], [ -118.138052145295987, 33.652114523022128 ], [ -118.138025838674466, 33.652149993395142 ], [ -118.138003135431049, 33.652187871468428 ], [ -118.13798425421038, 33.652227792455434 ], [ -118.137969376848929, 33.652269371895237 ], [ -118.137958646623829, 33.652312209355095 ], [ -118.137952166873006, 33.652355892286849 ], [ -118.13795, 33.6524 ], [ -118.13795, 33.652988953119973 ], [ -118.137947293041833, 33.653044054519476 ], [ -118.137940821105573, 33.653087684769751 ], [ -118.137930103821091, 33.653130470567717 ], [ -118.137915244401697, 33.653171999862849 ], [ -118.13789638595172, 33.65321187270527 ], [ -118.137873710088314, 33.653249705097743 ], [ -118.137847435192441, 33.653285132693675 ], [ -118.137817814305819, 33.653317814305787 ], [ -118.137785132693693, 33.65334743519243 ], [ -118.137749705097718, 33.653373710088331 ], [ -118.137711872705324, 33.653396385951673 ], [ -118.137671999862903, 33.653415244401657 ], [ -118.1376304705677, 33.65343010382108 ], [ -118.137587684769684, 33.653440821105569 ], [ -118.137544054519395, 33.653447293041829 ], [ -118.137488953120069, 33.65345 ], [ -118.134511046879936, 33.65345 ], [ -118.13445594548061, 33.653447293041829 ], [ -118.134412315230321, 33.653440821105569 ], [ -118.134369529432306, 33.65343010382108 ], [ -118.134328000137103, 33.653415244401657 ], [ -118.134288127294681, 33.653396385951673 ], [ -118.134250294902287, 33.653373710088331 ], [ -118.134214867306312, 33.65334743519243 ], [ -118.134182185694186, 33.653317814305787 ], [ -118.134152564807565, 33.653285132693675 ], [ -118.134126289911691, 33.653249705097743 ], [ -118.134103614048286, 33.65321187270527 ], [ -118.134084755598309, 33.653171999862849 ], [ -118.134069896178914, 33.653130470567717 ], [ -118.134059178894432, 33.653087684769751 ], [ -118.134052706958173, 33.653044054519476 ], [ -118.13405, 33.652988953119973 ], [ -118.13405, 33.6524 ], [ -118.134047833126999, 33.652355892286849 ], [ -118.134041353376176, 33.652312209355095 ], [ -118.134030623151077, 33.652269371895237 ], [ -118.134015745789625, 33.652227792455434 ], [ -118.133996864568957, 33.652187871468428 ], [ -118.13397416132554, 33.652149993395142 ], [ -118.133947854704019, 33.652114523022128 ], [ -118.133918198051532, 33.652081801948469 ], [ -118.133885476977881, 33.65205214529599 ], [ -118.13385000660486, 33.652025838674462 ], [ -118.133812128531574, 33.652003135431045 ], [ -118.133772207544567, 33.651984254210369 ], [ -118.133730628104772, 33.651969376848918 ], [ -118.133687790644913, 33.651958646623818 ], [ -118.133644107713152, 33.651952166872995 ], [ -118.1336, 33.65195 ], [ -118.132036789901633, 33.65195 ], [ -118.13105, 33.650639142180133 ], [ -118.13105, 33.650011046880024 ], [ -118.131052706958172, 33.649955945480521 ], [ -118.131059178894432, 33.649912315230246 ], [ -118.131069896178914, 33.64986952943228 ], [ -118.131084755598309, 33.649828000137148 ], [ -118.131103614048286, 33.649788127294727 ], [ -118.131126289911691, 33.649750294902255 ], [ -118.131152564807564, 33.649714867306322 ], [ -118.131182185694186, 33.649682185694211 ], [ -118.131214867306312, 33.649652564807568 ], [ -118.131250294902287, 33.649626289911666 ], [ -118.131288127294681, 33.649603614048324 ], [ -118.131328000137103, 33.64958475559834 ], [ -118.131369529432305, 33.649569896178917 ], [ -118.131412315230321, 33.649559178894428 ], [ -118.13145594548061, 33.649552706958168 ], [ -118.131511046879936, 33.64955 ], [ -118.140488953120069, 33.64955 ], [ -118.140544054519395, 33.649552706958168 ], [ -118.140587684769685, 33.649559178894428 ], [ -118.1406304705677, 33.649569896178917 ], [ -118.140671999862903, 33.64958475559834 ] ] ], [ [ [ -118.158729086923572, 33.659388603426059 ], [ -118.158694896763805, 33.659416677555363 ], [ -118.158663628449276, 33.659447973182331 ], [ -118.158635584182264, 33.659482187840709 ], [ -118.158611035005237, 33.659518990852376 ], [ -118.158590218181288, 33.659558026523264 ], [ -118.15857333490105, 33.659598917581079 ], [ -118.158560548338187, 33.659641268821566 ], [ -118.158551982072382, 33.659684670928094 ], [ -118.15854771889498, 33.6597287044276 ], [ -118.158547800008733, 33.659772943744741 ], [ -118.15855222462973, 33.659816961314981 ], [ -118.158560949994836, 33.659860331716921 ], [ -118.158573891775077, 33.659902635783922 ], [ -118.158590924890618, 33.659943464655278 ], [ -118.158611884719647, 33.659982423727747 ], [ -118.158636568689445, 33.660019136469352 ], [ -118.158664738234137, 33.660053248058468 ], [ -118.15869612110049, 33.660084428813107 ], [ -118.1587304139791, 33.660112377377253 ], [ -118.158785716384713, 33.660153093834275 ], [ -118.15881781430582, 33.660182185694211 ], [ -118.158847435192442, 33.660214867306323 ], [ -118.158873710088315, 33.660250294902255 ], [ -118.158896385951721, 33.660288127294727 ], [ -118.158915244401697, 33.660328000137149 ], [ -118.158930103821092, 33.66036952943228 ], [ -118.158940821105574, 33.660412315230246 ], [ -118.158947293041834, 33.660455945480521 ], [ -118.15895, 33.660511046880025 ], [ -118.15895, 33.661988953119973 ], [ -118.158947293041834, 33.662044054519477 ], [ -118.158940821105574, 33.662087684769752 ], [ -118.158930103821092, 33.662130470567718 ], [ -118.158915244401697, 33.662171999862849 ], [ -118.158896385951721, 33.662211872705271 ], [ -118.158873710088315, 33.662249705097743 ], [ -118.158847435192442, 33.662285132693675 ], [ -118.15881781430582, 33.662317814305787 ], [ -118.158785132693694, 33.66234743519243 ], [ -118.158749705097719, 33.662373710088332 ], [ -118.158711872705325, 33.662396385951673 ], [ -118.158671999862904, 33.662415244401657 ], [ -118.158630470567701, 33.66243010382108 ], [ -118.158587684769685, 33.662440821105569 ], [ -118.158544054519396, 33.662447293041829 ], [ -118.15848895312007, 33.66245 ], [ -118.1549, 33.66245 ], [ -118.154855892286847, 33.662452166872995 ], [ -118.154812209355086, 33.662458646623818 ], [ -118.154769371895227, 33.662469376848918 ], [ -118.154727792455432, 33.662484254210369 ], [ -118.154687871468425, 33.662503135431045 ], [ -118.15464999339514, 33.662525838674462 ], [ -118.154614523022119, 33.66255214529599 ], [ -118.154581801948467, 33.66258180194847 ], [ -118.15455214529598, 33.662614523022128 ], [ -118.154525838674459, 33.662649993395142 ], [ -118.154503135431042, 33.662687871468428 ], [ -118.154484254210374, 33.662727792455435 ], [ -118.154469376848922, 33.662769371895237 ], [ -118.154458646623823, 33.662812209355096 ], [ -118.154452166873, 33.662855892286849 ], [ -118.15445, 33.6629 ], [ -118.15445, 33.663488953119973 ], [ -118.154447293041827, 33.663544054519477 ], [ -118.154440821105567, 33.663587684769752 ], [ -118.154430103821085, 33.663630470567718 ], [ -118.15441524440169, 33.663671999862849 ], [ -118.154396385951713, 33.663711872705271 ], [ -118.154373710088308, 33.663749705097743 ], [ -118.154347435192435, 33.663785132693675 ], [ -118.154317814305813, 33.663817814305787 ], [ -118.154285132693687, 33.66384743519243 ], [ -118.154249705097712, 33.663873710088332 ], [ -118.154211872705318, 33.663896385951674 ], [ -118.154171999862896, 33.663915244401657 ], [ -118.154130470567694, 33.66393010382108 ], [ -118.154087684769678, 33.66394082110557 ], [ -118.154044054519389, 33.663947293041829 ], [ -118.153988953120063, 33.66395 ], [ -118.152511046879937, 33.66395 ], [ -118.152455945480611, 33.663947293041829 ], [ -118.152412315230322, 33.66394082110557 ], [ -118.152369529432306, 33.66393010382108 ], [ -118.152328000137103, 33.663915244401657 ], [ -118.152288127294682, 33.663896385951674 ], [ -118.152250294902288, 33.663873710088332 ], [ -118.152214867306313, 33.66384743519243 ], [ -118.152182185694187, 33.663817814305787 ], [ -118.152152564807565, 33.663785132693675 ], [ -118.152126289911692, 33.663749705097743 ], [ -118.152103614048286, 33.663711872705271 ], [ -118.15208475559831, 33.663671999862849 ], [ -118.152069896178915, 33.663630470567718 ], [ -118.152059178894433, 33.663587684769752 ], [ -118.152052706958173, 33.663544054519477 ], [ -118.15205, 33.663488953119973 ], [ -118.15205, 33.6629 ], [ -118.152047833127, 33.662855892286849 ], [ -118.152041353376177, 33.662812209355096 ], [ -118.152030623151077, 33.662769371895237 ], [ -118.152015745789626, 33.662727792455435 ], [ -118.151996864568957, 33.662687871468428 ], [ -118.151974161325541, 33.662649993395142 ], [ -118.151947854704019, 33.662614523022128 ], [ -118.151918198051533, 33.66258180194847 ], [ -118.151885476977881, 33.66255214529599 ], [ -118.15185000660486, 33.662525838674462 ], [ -118.151812128531574, 33.662503135431045 ], [ -118.151772207544568, 33.662484254210369 ], [ -118.151730628104772, 33.662469376848918 ], [ -118.151687790644914, 33.662458646623818 ], [ -118.151644107713153, 33.662452166872995 ], [ -118.1516, 33.66245 ], [ -118.15101104687993, 33.66245 ], [ -118.150955945480604, 33.662447293041829 ], [ -118.150912315230315, 33.662440821105569 ], [ -118.150869529432299, 33.66243010382108 ], [ -118.150828000137096, 33.662415244401657 ], [ -118.150788127294675, 33.662396385951673 ], [ -118.150750294902281, 33.662373710088332 ], [ -118.150714867306306, 33.66234743519243 ], [ -118.15068218569418, 33.662317814305787 ], [ -118.150652564807558, 33.662285132693675 ], [ -118.150626289911685, 33.662249705097743 ], [ -118.150603614048279, 33.662211872705271 ], [ -118.150584755598302, 33.662171999862849 ], [ -118.150569896178908, 33.662130470567718 ], [ -118.150559178894426, 33.662087684769752 ], [ -118.150552706958166, 33.662044054519477 ], [ -118.15055, 33.661988953119973 ], [ -118.15055, 33.6599 ], [ -118.150547833126993, 33.659855892286849 ], [ -118.15054135337617, 33.659812209355096 ], [ -118.15053062315107, 33.659769371895237 ], [ -118.150515745789619, 33.659727792455435 ], [ -118.15049686456895, 33.659687871468428 ], [ -118.150474161325533, 33.659649993395142 ], [ -118.150447854704012, 33.659614523022128 ], [ -118.150418198051526, 33.65958180194847 ], [ -118.150385476977874, 33.65955214529599 ], [ -118.150350006604853, 33.659525838674462 ], [ -118.150312128531567, 33.659503135431045 ], [ -118.15027220754456, 33.659484254210369 ], [ -118.150230628104765, 33.659469376848918 ], [ -118.150187790644907, 33.659458646623818 ], [ -118.150144107713146, 33.659452166872995 ], [ -118.1501, 33.65945 ], [ -118.149511046879937, 33.65945 ], [ -118.149455945480611, 33.659447293041829 ], [ -118.149412315230322, 33.659440821105569 ], [ -118.149369529432306, 33.65943010382108 ], [ -118.149328000137103, 33.659415244401657 ], [ -118.149288127294682, 33.659396385951673 ], [ -118.149250294902288, 33.659373710088332 ], [ -118.149214867306313, 33.65934743519243 ], [ -118.149182185694187, 33.659317814305787 ], [ -118.149152564807565, 33.659285132693675 ], [ -118.149126289911692, 33.659249705097743 ], [ -118.149103614048286, 33.659211872705271 ], [ -118.149084755598309, 33.659171999862849 ], [ -118.149069896178915, 33.659130470567717 ], [ -118.149059178894433, 33.659087684769752 ], [ -118.149052706958173, 33.659044054519477 ], [ -118.14905, 33.658988953119973 ], [ -118.14905, 33.656011046880025 ], [ -118.149052706958173, 33.655955945480521 ], [ -118.149059178894433, 33.655912315230246 ], [ -118.149069896178915, 33.65586952943228 ], [ -118.149084755598309, 33.655828000137149 ], [ -118.149103614048286, 33.655788127294727 ], [ -118.149126289911692, 33.655750294902255 ], [ -118.149152564807565, 33.655714867306322 ], [ -118.149182185694187, 33.655682185694211 ], [ -118.149214867306313, 33.655652564807568 ], [ -118.149250294902288, 33.655626289911666 ], [ -118.149288127294682, 33.655603614048324 ], [ -118.149328000137103, 33.655584755598341 ], [ -118.149369529432306, 33.655569896178918 ], [ -118.149412315230322, 33.655559178894428 ], [ -118.149455945480611, 33.655552706958169 ], [ -118.149511046879937, 33.65555 ], [ -118.1546, 33.65555 ], [ -118.154644107713153, 33.655547833127002 ], [ -118.154687790644914, 33.655541353376179 ], [ -118.154730628104772, 33.65553062315108 ], [ -118.154772207544568, 33.655515745789629 ], [ -118.154812128531574, 33.655496864568953 ], [ -118.15485000660486, 33.655474161325536 ], [ -118.154885476977881, 33.655447854704008 ], [ -118.154918198051533, 33.655418198051528 ], [ -118.15494785470402, 33.65538547697787 ], [ -118.154974161325541, 33.655350006604856 ], [ -118.154996864568957, 33.65531212853157 ], [ -118.155015745789626, 33.655272207544563 ], [ -118.155030623151077, 33.655230628104761 ], [ -118.155041353376177, 33.655187790644902 ], [ -118.155047833127, 33.655144107713149 ], [ -118.15505, 33.6551 ], [ -118.15505, 33.654511046880025 ], [ -118.155052706958173, 33.654455945480521 ], [ -118.155059178894433, 33.654412315230246 ], [ -118.155069896178915, 33.65436952943228 ], [ -118.15508475559831, 33.654328000137149 ], [ -118.155103614048286, 33.654288127294727 ], [ -118.155126289911692, 33.654250294902255 ], [ -118.155152564807565, 33.654214867306322 ], [ -118.155182185694187, 33.654182185694211 ], [ -118.155214867306313, 33.654152564807568 ], [ -118.155250294902288, 33.654126289911666 ], [ -118.155288127294682, 33.654103614048324 ], [ -118.155328000137104, 33.65408475559834 ], [ -118.155369529432306, 33.654069896178918 ], [ -118.155412315230322, 33.654059178894428 ], [ -118.155455945480611, 33.654052706958169 ], [ -118.155511046879937, 33.65405 ], [ -118.156988953120063, 33.65405 ], [ -118.157044054519389, 33.654052706958169 ], [ -118.157087684769678, 33.654059178894428 ], [ -118.157130470567694, 33.654069896178918 ], [ -118.157171999862896, 33.65408475559834 ], [ -118.157211872705318, 33.654103614048324 ], [ -118.157249705097712, 33.654126289911666 ], [ -118.157285132693687, 33.654152564807568 ], [ -118.157317814305813, 33.654182185694211 ], [ -118.157347435192435, 33.654214867306322 ], [ -118.157373710088308, 33.654250294902255 ], [ -118.157396385951714, 33.654288127294727 ], [ -118.15741524440169, 33.654328000137149 ], [ -118.157430103821085, 33.65436952943228 ], [ -118.157440821105567, 33.654412315230246 ], [ -118.157447293041827, 33.654455945480521 ], [ -118.15745, 33.654511046880025 ], [ -118.15745, 33.6551 ], [ -118.157452166873, 33.655144107713149 ], [ -118.157458646623823, 33.655187790644902 ], [ -118.157469376848923, 33.655230628104761 ], [ -118.157484254210374, 33.655272207544563 ], [ -118.157503135431043, 33.65531212853157 ], [ -118.157525838674459, 33.655350006604856 ], [ -118.15755214529598, 33.65538547697787 ], [ -118.157581801948467, 33.655418198051528 ], [ -118.157614523022119, 33.655447854704008 ], [ -118.15764999339514, 33.655474161325536 ], [ -118.157687871468426, 33.655496864568953 ], [ -118.157727792455432, 33.655515745789629 ], [ -118.157769371895228, 33.65553062315108 ], [ -118.157812209355086, 33.655541353376179 ], [ -118.157855892286847, 33.655547833127002 ], [ -118.1579, 33.65555 ], [ -118.159988953120063, 33.65555 ], [ -118.160044054519389, 33.655552706958169 ], [ -118.160087684769678, 33.655559178894428 ], [ -118.160130470567694, 33.655569896178918 ], [ -118.160171999862897, 33.655584755598341 ], [ -118.160211872705318, 33.655603614048324 ], [ -118.160249705097712, 33.655626289911666 ], [ -118.160285132693687, 33.655652564807568 ], [ -118.160317814305813, 33.655682185694211 ], [ -118.160347435192435, 33.655714867306322 ], [ -118.160373710088308, 33.655750294902255 ], [ -118.160396385951714, 33.655788127294727 ], [ -118.16041524440169, 33.655828000137149 ], [ -118.160430103821085, 33.65586952943228 ], [ -118.160440821105567, 33.655912315230246 ], [ -118.160447293041827, 33.655955945480521 ], [ -118.16045, 33.656011046880025 ], [ -118.16045, 33.657488953119973 ], [ -118.160447293041827, 33.657544054519477 ], [ -118.160440821105567, 33.657587684769751 ], [ -118.160430103821085, 33.657630470567717 ], [ -118.16041524440169, 33.657671999862849 ], [ -118.160396385951714, 33.657711872705271 ], [ -118.160373710088308, 33.657749705097743 ], [ -118.160347435192435, 33.657785132693675 ], [ -118.160317814305813, 33.657817814305787 ], [ -118.160285132693687, 33.65784743519243 ], [ -118.160249705097712, 33.657873710088332 ], [ -118.160211872705318, 33.657896385951673 ], [ -118.160171999862897, 33.657915244401657 ], [ -118.160130470567694, 33.65793010382108 ], [ -118.160087684769678, 33.657940821105569 ], [ -118.160044054519389, 33.657947293041829 ], [ -118.159988953120063, 33.65795 ], [ -118.1594, 33.65795 ], [ -118.159355892286854, 33.657952166872995 ], [ -118.159312209355093, 33.657958646623818 ], [ -118.159269371895235, 33.657969376848918 ], [ -118.159227792455439, 33.657984254210369 ], [ -118.159187871468433, 33.658003135431045 ], [ -118.159149993395147, 33.658025838674462 ], [ -118.159114523022126, 33.65805214529599 ], [ -118.159081801948474, 33.65808180194847 ], [ -118.159052145295988, 33.658114523022128 ], [ -118.159025838674467, 33.658149993395142 ], [ -118.15900313543105, 33.658187871468428 ], [ -118.158984254210381, 33.658227792455435 ], [ -118.15896937684893, 33.658269371895237 ], [ -118.15895864662383, 33.658312209355095 ], [ -118.158952166873007, 33.658355892286849 ], [ -118.15895, 33.6584 ], [ -118.15895, 33.658988953119973 ], [ -118.158947293041834, 33.659044054519477 ], [ -118.158940821105574, 33.659087684769752 ], [ -118.158930103821092, 33.659130470567717 ], [ -118.158915244401697, 33.659171999862849 ], [ -118.158896385951721, 33.659211872705271 ], [ -118.158873710088315, 33.659249705097743 ], [ -118.158847435192442, 33.659285132693675 ], [ -118.15881781430582, 33.659317814305787 ], [ -118.158785132693694, 33.65934743519243 ], [ -118.158734515229298, 33.65938497566254 ], [ -118.158729086923572, 33.659388603426059 ] ] ], [ [ [ -118.163373710088308, 33.666250294902255 ], [ -118.163396385951714, 33.666288127294727 ], [ -118.163415244401691, 33.666328000137149 ], [ -118.163430103821085, 33.666369529432281 ], [ -118.163440821105567, 33.666412315230247 ], [ -118.163447293041827, 33.666455945480521 ], [ -118.16345, 33.666511046880025 ], [ -118.16345, 33.667330616391958 ], [ -118.16345226202904, 33.667375679784676 ], [ -118.163459025374948, 33.667420290134267 ], [ -118.163470222042662, 33.667463998952257 ], [ -118.163485739466935, 33.667506366813697 ], [ -118.16350542164389, 33.667546967774875 ], [ -118.163529070699525, 33.667585393655557 ], [ -118.163556448878936, 33.667621258142596 ], [ -118.163587280936625, 33.667654200673724 ], [ -118.163621256903667, 33.667683890062435 ], [ -118.163658035203952, 33.667710027827574 ], [ -118.163697246088219, 33.667732351194111 ], [ -118.163738495351325, 33.667750635734912 ], [ -118.163781368295332, 33.667764697627035 ], [ -118.163825433898737, 33.667774395499784 ], [ -118.163870249149625, 33.66777963185595 ], [ -118.163915363499584, 33.66778035405202 ], [ -118.163960323393155, 33.667776554827434 ], [ -118.164004676827787, 33.66776827237755 ], [ -118.164047977897852, 33.667755589969666 ], [ -118.164089791277675, 33.667738635105891 ], [ -118.164129696598025, 33.667717578241309 ], [ -118.164167292672275, 33.667692631070324 ], [ -118.164202201529676, 33.667664044398371 ], [ -118.164214867306313, 33.667652564807568 ], [ -118.164250294902288, 33.667626289911667 ], [ -118.164288127294682, 33.667603614048325 ], [ -118.164328000137104, 33.667584755598341 ], [ -118.164369529432307, 33.667569896178918 ], [ -118.164412315230322, 33.667559178894429 ], [ -118.164455945480611, 33.667552706958169 ], [ -118.164511046879937, 33.66755 ], [ -118.165988953120063, 33.66755 ], [ -118.166044054519389, 33.667552706958169 ], [ -118.166087684769678, 33.667559178894429 ], [ -118.166130470567694, 33.667569896178918 ], [ -118.166171999862897, 33.667584755598341 ], [ -118.166211872705318, 33.667603614048325 ], [ -118.166249705097712, 33.667626289911667 ], [ -118.166285132693687, 33.667652564807568 ], [ -118.166317814305813, 33.667682185694211 ], [ -118.166347435192435, 33.667714867306323 ], [ -118.166373710088308, 33.667750294902255 ], [ -118.166396385951714, 33.667788127294727 ], [ -118.166415244401691, 33.667828000137149 ], [ -118.166430103821085, 33.667869529432281 ], [ -118.166440821105567, 33.667912315230247 ], [ -118.166447293041827, 33.667955945480522 ], [ -118.16645, 33.668011046880025 ], [ -118.16645, 33.670988953119974 ], [ -118.166447293041827, 33.671044054519477 ], [ -118.166440821105567, 33.671087684769752 ], [ -118.166430103821085, 33.671130470567718 ], [ -118.166415244401691, 33.67117199986285 ], [ -118.166396385951714, 33.671211872705271 ], [ -118.166373710088308, 33.671249705097743 ], [ -118.166347435192435, 33.671285132693676 ], [ -118.166317814305813, 33.671317814305787 ], [ -118.166285132693687, 33.67134743519243 ], [ -118.166249705097712, 33.671373710088332 ], [ -118.166211872705318, 33.671396385951674 ], [ -118.166171999862897, 33.671415244401658 ], [ -118.166130470567694, 33.671430103821081 ], [ -118.166087684769678, 33.67144082110557 ], [ -118.166044054519389, 33.67144729304183 ], [ -118.165988953120063, 33.67145 ], [ -118.1639, 33.67145 ], [ -118.163855892286847, 33.671452166872996 ], [ -118.163812209355086, 33.671458646623819 ], [ -118.163769371895228, 33.671469376848918 ], [ -118.163727792455433, 33.67148425421037 ], [ -118.163687871468426, 33.671503135431045 ], [ -118.16364999339514, 33.671525838674462 ], [ -118.163614523022119, 33.67155214529599 ], [ -118.163581801948467, 33.67158180194847 ], [ -118.163552145295981, 33.671614523022129 ], [ -118.16352583867446, 33.671649993395143 ], [ -118.163503135431043, 33.671687871468428 ], [ -118.163484254210374, 33.671727792455435 ], [ -118.163469376848923, 33.671769371895238 ], [ -118.163458646623823, 33.671812209355096 ], [ -118.163452166873, 33.67185589228685 ], [ -118.16345, 33.6719 ], [ -118.16345, 33.672488953119974 ], [ -118.163447293041827, 33.672544054519477 ], [ -118.163440821105567, 33.672587684769752 ], [ -118.163430103821085, 33.672630470567718 ], [ -118.163415244401691, 33.67267199986285 ], [ -118.163396385951714, 33.672711872705271 ], [ -118.163373710088308, 33.672749705097743 ], [ -118.163347435192435, 33.672785132693676 ], [ -118.163317814305813, 33.672817814305787 ], [ -118.163285132693687, 33.672847435192431 ], [ -118.163249705097712, 33.672873710088332 ], [ -118.163211872705318, 33.672896385951674 ], [ -118.163171999862897, 33.672915244401658 ], [ -118.163130470567694, 33.672930103821081 ], [ -118.163087684769678, 33.67294082110557 ], [ -118.163044054519389, 33.67294729304183 ], [ -118.162988953120063, 33.67295 ], [ -118.16001104687993, 33.67295 ], [ -118.159955945480604, 33.67294729304183 ], [ -118.159912315230315, 33.67294082110557 ], [ -118.159869529432299, 33.672930103821081 ], [ -118.159828000137097, 33.672915244401658 ], [ -118.159788127294675, 33.672896385951674 ], [ -118.159750294902281, 33.672873710088332 ], [ -118.159714867306306, 33.672847435192431 ], [ -118.15968218569418, 33.672817814305787 ], [ -118.159652564807558, 33.672785132693676 ], [ -118.159615024337597, 33.6727345152295 ], [ -118.15961139657405, 33.672729086923724 ], [ -118.159583322444746, 33.67269489676395 ], [ -118.159552026817792, 33.672663628449406 ], [ -118.159517812159422, 33.672635584182373 ], [ -118.159481009147754, 33.672611035005325 ], [ -118.159441973476873, 33.672590218181362 ], [ -118.159401082419066, 33.672573334901109 ], [ -118.159358731178571, 33.672560548338232 ], [ -118.159315329072044, 33.67255198207242 ], [ -118.159271295572537, 33.672547718894997 ], [ -118.159227056255389, 33.672547800008751 ], [ -118.159183038685143, 33.672552224629733 ], [ -118.159139668283188, 33.672560949994832 ], [ -118.15909736421618, 33.672573891775059 ], [ -118.159056535344817, 33.672590924890585 ], [ -118.159017576272348, 33.672611884719615 ], [ -118.158980863530729, 33.672636568689398 ], [ -118.158946751941613, 33.672664738234097 ], [ -118.158915571186952, 33.672696121100444 ], [ -118.1588876226228, 33.672730413979046 ], [ -118.158846906165707, 33.672785716384723 ], [ -118.15881781430582, 33.672817814305787 ], [ -118.158785132693694, 33.672847435192431 ], [ -118.158749705097719, 33.672873710088332 ], [ -118.158711872705325, 33.672896385951674 ], [ -118.158671999862904, 33.672915244401658 ], [ -118.158630470567701, 33.672930103821081 ], [ -118.158587684769685, 33.67294082110557 ], [ -118.158544054519396, 33.67294729304183 ], [ -118.15848895312007, 33.67295 ], [ -118.15701104687993, 33.67295 ], [ -118.156955945480604, 33.67294729304183 ], [ -118.156912315230315, 33.67294082110557 ], [ -118.156869529432299, 33.672930103821081 ], [ -118.156828000137097, 33.672915244401658 ], [ -118.156788127294675, 33.672896385951674 ], [ -118.156750294902281, 33.672873710088332 ], [ -118.156714867306306, 33.672847435192431 ], [ -118.15668218569418, 33.672817814305787 ], [ -118.156652564807558, 33.672785132693676 ], [ -118.156626289911685, 33.672749705097743 ], [ -118.156603614048279, 33.672711872705271 ], [ -118.156584755598303, 33.67267199986285 ], [ -118.156569896178908, 33.672630470567718 ], [ -118.156559178894426, 33.672587684769752 ], [ -118.156552706958166, 33.672544054519477 ], [ -118.15655, 33.672488953119974 ], [ -118.15655, 33.6719 ], [ -118.156547833126993, 33.67185589228685 ], [ -118.15654135337617, 33.671812209355096 ], [ -118.15653062315107, 33.671769371895238 ], [ -118.156515745789619, 33.671727792455435 ], [ -118.15649686456895, 33.671687871468428 ], [ -118.156474161325534, 33.671649993395143 ], [ -118.156447854704012, 33.671614523022129 ], [ -118.156418198051526, 33.67158180194847 ], [ -118.156385476977874, 33.67155214529599 ], [ -118.156350006604853, 33.671525838674462 ], [ -118.156312128531567, 33.671503135431045 ], [ -118.156272207544561, 33.67148425421037 ], [ -118.156230628104765, 33.671469376848918 ], [ -118.156187790644907, 33.671458646623819 ], [ -118.156144107713146, 33.671452166872996 ], [ -118.1561, 33.67145 ], [ -118.155511046879937, 33.67145 ], [ -118.155455945480611, 33.67144729304183 ], [ -118.155412315230322, 33.67144082110557 ], [ -118.155369529432306, 33.671430103821081 ], [ -118.155328000137104, 33.671415244401658 ], [ -118.155288127294682, 33.671396385951674 ], [ -118.155250294902288, 33.671373710088332 ], [ -118.155214867306313, 33.67134743519243 ], [ -118.155182185694187, 33.671317814305787 ], [ -118.155152564807565, 33.671285132693676 ], [ -118.155126289911692, 33.671249705097743 ], [ -118.155103614048286, 33.671211872705271 ], [ -118.15508475559831, 33.67117199986285 ], [ -118.155069896178915, 33.671130470567718 ], [ -118.155059178894433, 33.671087684769752 ], [ -118.155052706958173, 33.671044054519477 ], [ -118.15505, 33.670988953119974 ], [ -118.15505, 33.668011046880025 ], [ -118.155052706958173, 33.667955945480522 ], [ -118.155059178894433, 33.667912315230247 ], [ -118.155069896178915, 33.667869529432281 ], [ -118.15508475559831, 33.667828000137149 ], [ -118.155103614048286, 33.667788127294727 ], [ -118.155126289911692, 33.667750294902255 ], [ -118.155152564807565, 33.667714867306323 ], [ -118.155182185694187, 33.667682185694211 ], [ -118.155214867306313, 33.667652564807568 ], [ -118.155250294902288, 33.667626289911667 ], [ -118.155288127294682, 33.667603614048325 ], [ -118.155328000137104, 33.667584755598341 ], [ -118.155369529432306, 33.667569896178918 ], [ -118.155412315230322, 33.667559178894429 ], [ -118.155455945480611, 33.667552706958169 ], [ -118.155511046879937, 33.66755 ], [ -118.1561, 33.66755 ], [ -118.156144107713146, 33.667547833127003 ], [ -118.156187790644907, 33.66754135337618 ], [ -118.156230628104765, 33.66753062315108 ], [ -118.156272207544561, 33.667515745789629 ], [ -118.156312128531567, 33.667496864568953 ], [ -118.156350006604853, 33.667474161325536 ], [ -118.156385476977874, 33.667447854704008 ], [ -118.156418198051526, 33.667418198051529 ], [ -118.156447854704012, 33.66738547697787 ], [ -118.156474161325534, 33.667350006604856 ], [ -118.15649686456895, 33.66731212853157 ], [ -118.156515745789619, 33.667272207544563 ], [ -118.15653062315107, 33.667230628104761 ], [ -118.15654135337617, 33.667187790644903 ], [ -118.156547833126993, 33.667144107713149 ], [ -118.15655, 33.6671 ], [ -118.15655, 33.666511046880025 ], [ -118.156552706958166, 33.666455945480521 ], [ -118.156559178894426, 33.666412315230247 ], [ -118.156569896178908, 33.666369529432281 ], [ -118.156584755598303, 33.666328000137149 ], [ -118.156603614048279, 33.666288127294727 ], [ -118.156626289911685, 33.666250294902255 ], [ -118.156652564807558, 33.666214867306323 ], [ -118.15668218569418, 33.666182185694211 ], [ -118.156714867306306, 33.666152564807568 ], [ -118.156750294902281, 33.666126289911666 ], [ -118.156788127294675, 33.666103614048325 ], [ -118.156828000137097, 33.666084755598341 ], [ -118.156869529432299, 33.666069896178918 ], [ -118.156912315230315, 33.666059178894429 ], [ -118.156955945480604, 33.666052706958169 ], [ -118.15701104687993, 33.66605 ], [ -118.1576, 33.66605 ], [ -118.157644107713153, 33.666047833127003 ], [ -118.157687790644914, 33.66604135337618 ], [ -118.157730628104773, 33.66603062315108 ], [ -118.157772207544568, 33.666015745789629 ], [ -118.157812128531575, 33.665996864568953 ], [ -118.15785000660486, 33.665974161325536 ], [ -118.157885476977881, 33.665947854704008 ], [ -118.157918198051533, 33.665918198051529 ], [ -118.15794785470402, 33.66588547697787 ], [ -118.157974161325541, 33.665850006604856 ], [ -118.157996864568958, 33.66581212853157 ], [ -118.158015745789626, 33.665772207544563 ], [ -118.158030623151078, 33.665730628104761 ], [ -118.158041353376177, 33.665687790644903 ], [ -118.158047833127, 33.665644107713149 ], [ -118.15805, 33.6656 ], [ -118.15805, 33.665011046880025 ], [ -118.158052706958173, 33.664955945480521 ], [ -118.158059178894433, 33.664912315230247 ], [ -118.158069896178915, 33.664869529432281 ], [ -118.15808475559831, 33.664828000137149 ], [ -118.158103614048287, 33.664788127294727 ], [ -118.158126289911692, 33.664750294902255 ], [ -118.158152564807565, 33.664714867306323 ], [ -118.158182185694187, 33.664682185694211 ], [ -118.158214867306313, 33.664652564807568 ], [ -118.158250294902288, 33.664626289911666 ], [ -118.158288127294682, 33.664603614048325 ], [ -118.158328000137104, 33.664584755598341 ], [ -118.158369529432306, 33.664569896178918 ], [ -118.158412315230322, 33.664559178894429 ], [ -118.158455945480611, 33.664552706958169 ], [ -118.158511046879937, 33.66455 ], [ -118.16148895312007, 33.66455 ], [ -118.161544054519396, 33.664552706958169 ], [ -118.161587684769685, 33.664559178894429 ], [ -118.161630470567701, 33.664569896178918 ], [ -118.161671999862904, 33.664584755598341 ], [ -118.161711872705325, 33.664603614048325 ], [ -118.161749705097719, 33.664626289911666 ], [ -118.161785132693694, 33.664652564807568 ], [ -118.16181781430582, 33.664682185694211 ], [ -118.161847435192442, 33.664714867306323 ], [ -118.161873710088315, 33.664750294902255 ], [ -118.161896385951721, 33.664788127294727 ], [ -118.161915244401698, 33.664828000137149 ], [ -118.161930103821092, 33.664869529432281 ], [ -118.161940821105574, 33.664912315230247 ], [ -118.161947293041834, 33.664955945480521 ], [ -118.16195, 33.665011046880025 ], [ -118.16195, 33.6656 ], [ -118.161952166873007, 33.665644107713149 ], [ -118.16195864662383, 33.665687790644903 ], [ -118.16196937684893, 33.665730628104761 ], [ -118.161984254210381, 33.665772207544563 ], [ -118.16200313543105, 33.66581212853157 ], [ -118.162025838674467, 33.665850006604856 ], [ -118.162052145295988, 33.66588547697787 ], [ -118.162081801948474, 33.665918198051529 ], [ -118.162114523022126, 33.665947854704008 ], [ -118.162149993395147, 33.665974161325536 ], [ -118.162187871468433, 33.665996864568953 ], [ -118.16222779245544, 33.666015745789629 ], [ -118.162269371895235, 33.66603062315108 ], [ -118.162312209355093, 33.66604135337618 ], [ -118.162355892286854, 33.666047833127003 ], [ -118.1624, 33.66605 ], [ -118.162988953120063, 33.66605 ], [ -118.163044054519389, 33.666052706958169 ], [ -118.163087684769678, 33.666059178894429 ], [ -118.163130470567694, 33.666069896178918 ], [ -118.163171999862897, 33.666084755598341 ], [ -118.163211872705318, 33.666103614048325 ], [ -118.163249705097712, 33.666126289911666 ], [ -118.163285132693687, 33.666152564807568 ], [ -118.163317814305813, 33.666182185694211 ], [ -118.163347435192435, 33.666214867306323 ], [ -118.163373710088308, 33.666250294902255 ] ] ], [ [ [ -118.155152564807565, 33.651785132693675 ], [ -118.155126289911692, 33.651749705097743 ], [ -118.155103614048286, 33.65171187270527 ], [ -118.15508475559831, 33.651671999862849 ], [ -118.155069896178915, 33.651630470567717 ], [ -118.155059178894433, 33.651587684769751 ], [ -118.155052706958173, 33.651544054519476 ], [ -118.15505, 33.651488953119973 ], [ -118.15505, 33.650011046880024 ], [ -118.155052706958173, 33.649955945480521 ], [ -118.155059178894433, 33.649912315230246 ], [ -118.155069896178915, 33.64986952943228 ], [ -118.15508475559831, 33.649828000137148 ], [ -118.155103614048286, 33.649788127294727 ], [ -118.155126289911692, 33.649750294902255 ], [ -118.155152564807565, 33.649714867306322 ], [ -118.155182185694187, 33.649682185694211 ], [ -118.155214867306313, 33.649652564807568 ], [ -118.155250294902288, 33.649626289911666 ], [ -118.155288127294682, 33.649603614048324 ], [ -118.155328000137104, 33.64958475559834 ], [ -118.155369529432306, 33.649569896178917 ], [ -118.155412315230322, 33.649559178894428 ], [ -118.155455945480611, 33.649552706958168 ], [ -118.155511046879937, 33.64955 ], [ -118.15848895312007, 33.64955 ], [ -118.158544054519396, 33.649552706958168 ], [ -118.158587684769685, 33.649559178894428 ], [ -118.158630470567701, 33.649569896178917 ], [ -118.158671999862904, 33.64958475559834 ], [ -118.158711872705325, 33.649603614048324 ], [ -118.158749705097719, 33.649626289911666 ], [ -118.158785132693694, 33.649652564807568 ], [ -118.15881781430582, 33.649682185694211 ], [ -118.158847435192442, 33.649714867306322 ], [ -118.158873710088315, 33.649750294902255 ], [ -118.158896385951721, 33.649788127294727 ], [ -118.158915244401697, 33.649828000137148 ], [ -118.158930103821092, 33.64986952943228 ], [ -118.158940821105574, 33.649912315230246 ], [ -118.158947293041834, 33.649955945480521 ], [ -118.15895, 33.650011046880024 ], [ -118.15895, 33.651488953119973 ], [ -118.158947293041834, 33.651544054519476 ], [ -118.158940821105574, 33.651587684769751 ], [ -118.158930103821092, 33.651630470567717 ], [ -118.158915244401697, 33.651671999862849 ], [ -118.158896385951721, 33.65171187270527 ], [ -118.158873710088315, 33.651749705097743 ], [ -118.158847435192442, 33.651785132693675 ], [ -118.15881781430582, 33.651817814305787 ], [ -118.158785132693694, 33.65184743519243 ], [ -118.158749705097719, 33.651873710088331 ], [ -118.158711872705325, 33.651896385951673 ], [ -118.158671999862904, 33.651915244401657 ], [ -118.158630470567701, 33.65193010382108 ], [ -118.158587684769685, 33.651940821105569 ], [ -118.158544054519396, 33.651947293041829 ], [ -118.15848895312007, 33.65195 ], [ -118.155511046879937, 33.65195 ], [ -118.155455945480611, 33.651947293041829 ], [ -118.155412315230322, 33.651940821105569 ], [ -118.155369529432306, 33.65193010382108 ], [ -118.155328000137104, 33.651915244401657 ], [ -118.155288127294682, 33.651896385951673 ], [ -118.155250294902288, 33.651873710088331 ], [ -118.155214867306313, 33.65184743519243 ], [ -118.155182185694187, 33.651817814305787 ], [ -118.155152564807565, 33.651785132693675 ] ] ], [ [ [ -118.191111396573376, 33.738729086922817 ], [ -118.19108332244403, 33.738694896763157 ], [ -118.191052026817047, 33.738663628448727 ], [ -118.191017812158648, 33.7386355841818 ], [ -118.190981009146995, 33.738611035004858 ], [ -118.190941973476114, 33.738590218181002 ], [ -118.190901082418335, 33.738573334900842 ], [ -118.190858731177883, 33.73856054833805 ], [ -118.190815329071398, 33.738551982072316 ], [ -118.190771295571935, 33.738547718894957 ], [ -118.190727056254843, 33.738547800008767 ], [ -118.190683038684654, 33.738552224629792 ], [ -118.190639668282785, 33.738560949994927 ], [ -118.190597364215833, 33.738573891775168 ], [ -118.190556535344541, 33.738590924890708 ], [ -118.190517576272129, 33.738611884719731 ], [ -118.190480863530581, 33.7386365686895 ], [ -118.190446751941508, 33.738664738234171 ], [ -118.190415571186904, 33.738696121100489 ], [ -118.190387622622794, 33.738730413979056 ], [ -118.190346906165786, 33.738785716384633 ], [ -118.190317814305814, 33.738817814305783 ], [ -118.190285132693688, 33.738847435192426 ], [ -118.190249705097713, 33.738873710088328 ], [ -118.190211872705319, 33.738896385951669 ], [ -118.190171999862898, 33.738915244401653 ], [ -118.190130470567695, 33.738930103821076 ], [ -118.190087684769679, 33.738940821105565 ], [ -118.19004405451939, 33.738947293041825 ], [ -118.189988953120064, 33.73895 ], [ -118.188511046879938, 33.73895 ], [ -118.188455945480612, 33.738947293041825 ], [ -118.188412315230323, 33.738940821105565 ], [ -118.188369529432308, 33.738930103821076 ], [ -118.188328000137105, 33.738915244401653 ], [ -118.188288127294683, 33.738896385951669 ], [ -118.188250294902289, 33.738873710088328 ], [ -118.188214867306314, 33.738847435192426 ], [ -118.188182185694188, 33.738817814305783 ], [ -118.188152564807567, 33.738785132693671 ], [ -118.188126289911693, 33.738749705097739 ], [ -118.188103614048288, 33.738711872705267 ], [ -118.188084755598311, 33.738671999862845 ], [ -118.188069896178916, 33.738630470567713 ], [ -118.188059178894434, 33.738587684769747 ], [ -118.188052706958175, 33.738544054519473 ], [ -118.18805, 33.738488953119969 ], [ -118.18805, 33.7379 ], [ -118.188047833127001, 33.737855892286845 ], [ -118.188041353376178, 33.737812209355091 ], [ -118.188030623151079, 33.737769371895233 ], [ -118.188015745789627, 33.737727792455431 ], [ -118.187996864568959, 33.737687871468424 ], [ -118.187974161325542, 33.737649993395138 ], [ -118.187947854704021, 33.737614523022124 ], [ -118.187918198051534, 33.737581801948465 ], [ -118.187885476977883, 33.737552145295986 ], [ -118.187850006604862, 33.737525838674458 ], [ -118.187812128531576, 33.737503135431041 ], [ -118.187772207544569, 33.737484254210365 ], [ -118.187730628104774, 33.737469376848914 ], [ -118.187687790644915, 33.737458646623814 ], [ -118.187644107713155, 33.737452166872991 ], [ -118.1876, 33.73745 ], [ -118.187011046879931, 33.73745 ], [ -118.186955945480605, 33.737447293041825 ], [ -118.186912315230316, 33.737440821105565 ], [ -118.1868695294323, 33.737430103821076 ], [ -118.186828000137098, 33.737415244401653 ], [ -118.186788127294676, 33.737396385951669 ], [ -118.186750294902282, 33.737373710088328 ], [ -118.186714867306307, 33.737347435192426 ], [ -118.186682185694181, 33.737317814305783 ], [ -118.186652564807559, 33.737285132693671 ], [ -118.186626289911686, 33.737249705097739 ], [ -118.186603614048281, 33.737211872705267 ], [ -118.186584755598304, 33.737171999862845 ], [ -118.186569896178909, 33.737130470567713 ], [ -118.186559178894427, 33.737087684769747 ], [ -118.186552706958167, 33.737044054519473 ], [ -118.18655, 33.736988953119969 ], [ -118.18655, 33.735511046880021 ], [ -118.186552706958167, 33.735455945480517 ], [ -118.186559178894427, 33.735412315230242 ], [ -118.186569896178909, 33.735369529432276 ], [ -118.186584755598304, 33.735328000137144 ], [ -118.186603614048281, 33.735288127294723 ], [ -118.186626289911686, 33.735250294902251 ], [ -118.186652564807559, 33.735214867306318 ], [ -118.186682185694181, 33.735182185694207 ], [ -118.186714867306307, 33.735152564807564 ], [ -118.186750294902282, 33.735126289911662 ], [ -118.186788127294676, 33.73510361404832 ], [ -118.186828000137098, 33.735084755598336 ], [ -118.1868695294323, 33.735069896178913 ], [ -118.186912315230316, 33.735059178894424 ], [ -118.186955945480605, 33.735052706958164 ], [ -118.187011046879931, 33.73505 ], [ -118.194488953120072, 33.73505 ], [ -118.194544054519397, 33.735052706958164 ], [ -118.194587684769687, 33.735059178894424 ], [ -118.194630470567702, 33.735069896178913 ], [ -118.194671999862905, 33.735084755598336 ], [ -118.194711872705327, 33.73510361404832 ], [ -118.19474970509772, 33.735126289911662 ], [ -118.194785132693696, 33.735152564807564 ], [ -118.194817814305821, 33.735182185694207 ], [ -118.194847435192443, 33.735214867306318 ], [ -118.194873710088316, 33.735250294902251 ], [ -118.194896385951722, 33.735288127294723 ], [ -118.194915244401699, 33.735328000137144 ], [ -118.194930103821093, 33.735369529432276 ], [ -118.194940821105575, 33.735412315230242 ], [ -118.194947293041835, 33.735455945480517 ], [ -118.19495, 33.735511046880021 ], [ -118.19495, 33.736988953119969 ], [ -118.194947293041835, 33.737044054519473 ], [ -118.194940821105575, 33.737087684769747 ], [ -118.194930103821093, 33.737130470567713 ], [ -118.194915244401699, 33.737171999862845 ], [ -118.194896385951722, 33.737211872705267 ], [ -118.194873710088316, 33.737249705097739 ], [ -118.194847435192443, 33.737285132693671 ], [ -118.194817814305821, 33.737317814305783 ], [ -118.194785132693696, 33.737347435192426 ], [ -118.19474970509772, 33.737373710088328 ], [ -118.194711872705327, 33.737396385951669 ], [ -118.194671999862905, 33.737415244401653 ], [ -118.194630470567702, 33.737430103821076 ], [ -118.194587684769687, 33.737440821105565 ], [ -118.194544054519397, 33.737447293041825 ], [ -118.194488953120072, 33.73745 ], [ -118.1939, 33.73745 ], [ -118.193855892286848, 33.737452166872991 ], [ -118.193812209355087, 33.737458646623814 ], [ -118.193769371895229, 33.737469376848914 ], [ -118.193727792455434, 33.737484254210365 ], [ -118.193687871468427, 33.737503135431041 ], [ -118.193649993395141, 33.737525838674458 ], [ -118.19361452302212, 33.737552145295986 ], [ -118.193581801948469, 33.737581801948465 ], [ -118.193552145295982, 33.737614523022124 ], [ -118.193525838674461, 33.737649993395138 ], [ -118.193503135431044, 33.737687871468424 ], [ -118.193484254210375, 33.737727792455431 ], [ -118.193469376848924, 33.737769371895233 ], [ -118.193458646623824, 33.737812209355091 ], [ -118.193452166873001, 33.737855892286845 ], [ -118.19345, 33.7379 ], [ -118.19345, 33.738488953119969 ], [ -118.193447293041828, 33.738544054519473 ], [ -118.193440821105568, 33.738587684769747 ], [ -118.193430103821086, 33.738630470567713 ], [ -118.193415244401692, 33.738671999862845 ], [ -118.193396385951715, 33.738711872705267 ], [ -118.193373710088309, 33.738749705097739 ], [ -118.193347435192436, 33.738785132693671 ], [ -118.193317814305814, 33.738817814305783 ], [ -118.193285132693688, 33.738847435192426 ], [ -118.193249705097713, 33.738873710088328 ], [ -118.193211872705319, 33.738896385951669 ], [ -118.193171999862898, 33.738915244401653 ], [ -118.193130470567695, 33.738930103821076 ], [ -118.193087684769679, 33.738940821105565 ], [ -118.19304405451939, 33.738947293041825 ], [ -118.192988953120064, 33.73895 ], [ -118.191511046879938, 33.73895 ], [ -118.191455945480612, 33.738947293041825 ], [ -118.191412315230323, 33.738940821105565 ], [ -118.191369529432308, 33.738930103821076 ], [ -118.191328000137105, 33.738915244401653 ], [ -118.191288127294683, 33.738896385951669 ], [ -118.191250294902289, 33.738873710088328 ], [ -118.191214867306314, 33.738847435192426 ], [ -118.191182185694188, 33.738817814305783 ], [ -118.191152564807567, 33.738785132693671 ], [ -118.191115024337023, 33.738734515228714 ], [ -118.191111396573376, 33.738729086922817 ] ] ], [ [ [ -118.200873710088317, 33.739750294902251 ], [ -118.200896385951722, 33.739788127294723 ], [ -118.200915244401699, 33.739828000137145 ], [ -118.200930103821094, 33.739869529432276 ], [ -118.200940821105576, 33.739912315230242 ], [ -118.200947293041835, 33.739955945480517 ], [ -118.20095, 33.740011046880021 ], [ -118.20095, 33.741488953119969 ], [ -118.200947293041835, 33.741544054519473 ], [ -118.200940821105576, 33.741587684769748 ], [ -118.200930103821094, 33.741630470567713 ], [ -118.200915244401699, 33.741671999862845 ], [ -118.200896385951722, 33.741711872705267 ], [ -118.200873710088317, 33.741749705097739 ], [ -118.2008474351925, 33.741785132693593 ], [ -118.200835955601619, 33.741797798470323 ], [ -118.200807368929674, 33.741832707327731 ], [ -118.200782421758689, 33.741870303401974 ], [ -118.200761364894106, 33.741910208722331 ], [ -118.200744410030339, 33.741952022102161 ], [ -118.200731727622454, 33.741995323172226 ], [ -118.200723445172571, 33.742039676606844 ], [ -118.200719645947984, 33.742084636500422 ], [ -118.200720368144061, 33.742129750850374 ], [ -118.200725604500221, 33.742174566101262 ], [ -118.200735302372962, 33.74221863170466 ], [ -118.200749364265093, 33.742261504648674 ], [ -118.200767648805893, 33.742302753911773 ], [ -118.20078997217243, 33.74234196479604 ], [ -118.200816109937577, 33.742378743096324 ], [ -118.200845799326288, 33.742412719063367 ], [ -118.200878741857409, 33.742443551121063 ], [ -118.200914606344455, 33.742470929300474 ], [ -118.200953032225129, 33.742494578356101 ], [ -118.200993633186314, 33.742514260533063 ], [ -118.20103600104774, 33.742529777957323 ], [ -118.201079709865738, 33.742540974625044 ], [ -118.201124320215328, 33.742547737970952 ], [ -118.201169383608047, 33.74255 ], [ -118.203488953120072, 33.74255 ], [ -118.203544054519398, 33.742552706958165 ], [ -118.203587684769687, 33.742559178894425 ], [ -118.203630470567703, 33.742569896178914 ], [ -118.203671999862905, 33.742584755598337 ], [ -118.203711872705327, 33.742603614048321 ], [ -118.203749705097721, 33.742626289911662 ], [ -118.203785132693696, 33.742652564807564 ], [ -118.203817814305822, 33.742682185694207 ], [ -118.203847435192444, 33.742714867306319 ], [ -118.203873710088317, 33.742750294902251 ], [ -118.203896385951722, 33.742788127294723 ], [ -118.203915244401699, 33.742828000137145 ], [ -118.203930103821094, 33.742869529432276 ], [ -118.203940821105576, 33.742912315230242 ], [ -118.203947293041836, 33.742955945480517 ], [ -118.20395, 33.743011046880021 ], [ -118.20395, 33.744488953119969 ], [ -118.203947293041836, 33.744544054519473 ], [ -118.203940821105576, 33.744587684769748 ], [ -118.203930103821094, 33.744630470567714 ], [ -118.203915244401699, 33.744671999862845 ], [ -118.203896385951722, 33.744711872705267 ], [ -118.203873710088317, 33.744749705097739 ], [ -118.203847435192444, 33.744785132693671 ], [ -118.203817814305822, 33.744817814305783 ], [ -118.203785132693696, 33.744847435192426 ], [ -118.203749705097721, 33.744873710088328 ], [ -118.203711872705327, 33.74489638595167 ], [ -118.203671999862905, 33.744915244401653 ], [ -118.203630470567703, 33.744930103821076 ], [ -118.203587684769687, 33.744940821105565 ], [ -118.203544054519398, 33.744947293041825 ], [ -118.203488953120072, 33.74495 ], [ -118.200511046879939, 33.74495 ], [ -118.200455945480613, 33.744947293041825 ], [ -118.200412315230324, 33.744940821105565 ], [ -118.200369529432308, 33.744930103821076 ], [ -118.200328000137105, 33.744915244401653 ], [ -118.200288127294684, 33.74489638595167 ], [ -118.20025029490229, 33.744873710088328 ], [ -118.200214867306315, 33.744847435192426 ], [ -118.200202201529677, 33.744835955601623 ], [ -118.200167292672276, 33.744807368929671 ], [ -118.200129696598026, 33.744782421758686 ], [ -118.200089791277676, 33.744761364894103 ], [ -118.200047977897853, 33.744744410030329 ], [ -118.200004676827788, 33.744731727622444 ], [ -118.199960323393157, 33.744723445172561 ], [ -118.199915363499585, 33.744719645947974 ], [ -118.199870249149626, 33.744720368144044 ], [ -118.199825433898738, 33.744725604500211 ], [ -118.199781368295334, 33.744735302372959 ], [ -118.199738495351326, 33.744749364265083 ], [ -118.19969724608822, 33.744767648805883 ], [ -118.199658035203953, 33.74478997217242 ], [ -118.199621256903669, 33.74481610993756 ], [ -118.199587280936626, 33.744845799326271 ], [ -118.199556448878937, 33.744878741857399 ], [ -118.199529070699526, 33.744914606344437 ], [ -118.199505421643892, 33.744953032225119 ], [ -118.199485739466937, 33.744993633186297 ], [ -118.199470222042663, 33.745036001047737 ], [ -118.199459025374949, 33.745079709865728 ], [ -118.199452262029041, 33.745124320215318 ], [ -118.19945, 33.745169383608037 ], [ -118.19945, 33.748988953119969 ], [ -118.199447293041828, 33.749044054519473 ], [ -118.199440821105568, 33.749087684769748 ], [ -118.199430103821086, 33.749130470567714 ], [ -118.199415244401692, 33.749171999862845 ], [ -118.199396385951715, 33.749211872705267 ], [ -118.19937371008831, 33.749249705097739 ], [ -118.199347435192436, 33.749285132693672 ], [ -118.199317814305815, 33.749317814305783 ], [ -118.199285132693689, 33.749347435192426 ], [ -118.199249705097714, 33.749373710088328 ], [ -118.19921187270532, 33.74939638595167 ], [ -118.199171999862898, 33.749415244401654 ], [ -118.199130470567695, 33.749430103821076 ], [ -118.19908768476968, 33.749440821105566 ], [ -118.199044054519391, 33.749447293041825 ], [ -118.198988953120065, 33.74945 ], [ -118.196011046879931, 33.74945 ], [ -118.195955945480605, 33.749447293041825 ], [ -118.195912315230316, 33.749440821105566 ], [ -118.195869529432301, 33.749430103821076 ], [ -118.195828000137098, 33.749415244401654 ], [ -118.195788127294676, 33.74939638595167 ], [ -118.195750294902282, 33.749373710088328 ], [ -118.195714867306307, 33.749347435192426 ], [ -118.195682185694181, 33.749317814305783 ], [ -118.19565256480756, 33.749285132693672 ], [ -118.195626289911687, 33.749249705097739 ], [ -118.195603614048281, 33.749211872705267 ], [ -118.195584755598304, 33.749171999862845 ], [ -118.19556989617891, 33.749130470567714 ], [ -118.195559178894428, 33.749087684769748 ], [ -118.195552706958168, 33.749044054519473 ], [ -118.19555, 33.748988953119969 ], [ -118.19555, 33.746011046880021 ], [ -118.195552706958168, 33.745955945480517 ], [ -118.195559178894428, 33.745912315230242 ], [ -118.19556989617891, 33.745869529432277 ], [ -118.195584755598304, 33.745828000137145 ], [ -118.195603614048281, 33.745788127294723 ], [ -118.195626289911687, 33.745750294902251 ], [ -118.195652564807503, 33.745714867306397 ], [ -118.195664044398384, 33.745702201529667 ], [ -118.19569263107033, 33.745667292672259 ], [ -118.195717578241315, 33.745629696598016 ], [ -118.195738635105897, 33.745589791277659 ], [ -118.195755589969664, 33.745547977897829 ], [ -118.195768272377549, 33.745504676827764 ], [ -118.195776554827432, 33.745460323393146 ], [ -118.195780354052019, 33.745415363499568 ], [ -118.195779631855942, 33.745370249149616 ], [ -118.195774395499782, 33.745325433898728 ], [ -118.195764697627041, 33.745281368295331 ], [ -118.19575063573491, 33.745238495351316 ], [ -118.19573235119411, 33.745197246088217 ], [ -118.195710027827573, 33.74515803520395 ], [ -118.195683890062426, 33.745121256903666 ], [ -118.195654200673715, 33.745087280936623 ], [ -118.195621258142594, 33.745056448878927 ], [ -118.195585393655549, 33.745029070699516 ], [ -118.195546967774874, 33.745005421643889 ], [ -118.195506366813689, 33.744985739466927 ], [ -118.195463998952263, 33.744970222042667 ], [ -118.195420290134265, 33.744959025374946 ], [ -118.195375679784675, 33.744952262029038 ], [ -118.195330616391956, 33.74495 ], [ -118.193011046879931, 33.74495 ], [ -118.192955945480605, 33.744947293041825 ], [ -118.192912315230316, 33.744940821105565 ], [ -118.192869529432301, 33.744930103821076 ], [ -118.192828000137098, 33.744915244401653 ], [ -118.192788127294676, 33.74489638595167 ], [ -118.192750294902282, 33.744873710088328 ], [ -118.192714867306307, 33.744847435192426 ], [ -118.192682185694181, 33.744817814305783 ], [ -118.19265256480756, 33.744785132693671 ], [ -118.192626289911686, 33.744749705097739 ], [ -118.192603614048281, 33.744711872705267 ], [ -118.192584755598304, 33.744671999862845 ], [ -118.19256989617891, 33.744630470567714 ], [ -118.192559178894427, 33.744587684769748 ], [ -118.192552706958168, 33.744544054519473 ], [ -118.19255, 33.744488953119969 ], [ -118.19255, 33.743011046880021 ], [ -118.192552706958168, 33.742955945480517 ], [ -118.192559178894427, 33.742912315230242 ], [ -118.19256989617891, 33.742869529432276 ], [ -118.192584755598304, 33.742828000137145 ], [ -118.192603614048281, 33.742788127294723 ], [ -118.192626289911686, 33.742750294902251 ], [ -118.19265256480756, 33.742714867306319 ], [ -118.192682185694181, 33.742682185694207 ], [ -118.192714867306307, 33.742652564807564 ], [ -118.192750294902282, 33.742626289911662 ], [ -118.192788127294676, 33.742603614048321 ], [ -118.192828000137098, 33.742584755598337 ], [ -118.192869529432301, 33.742569896178914 ], [ -118.192912315230316, 33.742559178894425 ], [ -118.192955945480605, 33.742552706958165 ], [ -118.193011046879931, 33.74255 ], [ -118.195330616391956, 33.74255 ], [ -118.195375679784675, 33.742547737970952 ], [ -118.195420290134265, 33.742540974625044 ], [ -118.195463998952263, 33.742529777957323 ], [ -118.195506366813689, 33.742514260533063 ], [ -118.195546967774874, 33.742494578356101 ], [ -118.195585393655549, 33.742470929300474 ], [ -118.195621258142594, 33.742443551121063 ], [ -118.195654200673715, 33.742412719063367 ], [ -118.195683890062426, 33.742378743096324 ], [ -118.195710027827573, 33.74234196479604 ], [ -118.19573235119411, 33.742302753911773 ], [ -118.19575063573491, 33.742261504648674 ], [ -118.195764697627041, 33.74221863170466 ], [ -118.195774395499782, 33.742174566101262 ], [ -118.195779631855942, 33.742129750850374 ], [ -118.195780354052019, 33.742084636500422 ], [ -118.195776554827432, 33.742039676606844 ], [ -118.195768272377549, 33.741995323172226 ], [ -118.195755589969664, 33.741952022102161 ], [ -118.195738635105897, 33.741910208722331 ], [ -118.195717578241315, 33.741870303401974 ], [ -118.19569263107033, 33.741832707327731 ], [ -118.195664044398384, 33.741797798470323 ], [ -118.195652564807503, 33.741785132693593 ], [ -118.195626289911687, 33.741749705097739 ], [ -118.195603614048281, 33.741711872705267 ], [ -118.195584755598304, 33.741671999862845 ], [ -118.19556989617891, 33.741630470567713 ], [ -118.195559178894428, 33.741587684769748 ], [ -118.195552706958168, 33.741544054519473 ], [ -118.19555, 33.741488953119969 ], [ -118.19555, 33.740011046880021 ], [ -118.195552706958168, 33.739955945480517 ], [ -118.195559178894428, 33.739912315230242 ], [ -118.19556989617891, 33.739869529432276 ], [ -118.195584755598304, 33.739828000137145 ], [ -118.195603614048281, 33.739788127294723 ], [ -118.195626289911687, 33.739750294902251 ], [ -118.19565256480756, 33.739714867306319 ], [ -118.195682185694181, 33.739682185694207 ], [ -118.195714867306307, 33.739652564807564 ], [ -118.195750294902282, 33.739626289911662 ], [ -118.195788127294676, 33.73960361404832 ], [ -118.195828000137098, 33.739584755598337 ], [ -118.195869529432301, 33.739569896178914 ], [ -118.195912315230316, 33.739559178894424 ], [ -118.195955945480605, 33.739552706958165 ], [ -118.196011046879931, 33.73955 ], [ -118.200488953120072, 33.73955 ], [ -118.200544054519398, 33.739552706958165 ], [ -118.200587684769687, 33.739559178894424 ], [ -118.200630470567702, 33.739569896178914 ], [ -118.200671999862905, 33.739584755598337 ], [ -118.200711872705327, 33.73960361404832 ], [ -118.200749705097721, 33.739626289911662 ], [ -118.200785132693696, 33.739652564807564 ], [ -118.200817814305822, 33.739682185694207 ], [ -118.200847435192443, 33.739714867306319 ], [ -118.200873710088317, 33.739750294902251 ] ], [ [ -118.20015256480751, 33.742714867306397 ], [ -118.200164044398392, 33.742702201529667 ], [ -118.200192631070337, 33.742667292672259 ], [ -118.200217578241322, 33.742629696598016 ], [ -118.200238635105904, 33.742589791277659 ], [ -118.200255589969672, 33.742547977897829 ], [ -118.200268272377556, 33.742504676827764 ], [ -118.20027655482744, 33.742460323393146 ], [ -118.200280354052026, 33.742415363499568 ], [ -118.200279631855949, 33.742370249149616 ], [ -118.20027439549979, 33.742325433898728 ], [ -118.200264697627048, 33.74228136829533 ], [ -118.200250635734918, 33.742238495351316 ], [ -118.200232351194117, 33.742197246088217 ], [ -118.20021002782758, 33.74215803520395 ], [ -118.200183890062434, 33.742121256903665 ], [ -118.200154200673722, 33.742087280936623 ], [ -118.200121258142602, 33.742056448878927 ], [ -118.200085393655556, 33.742029070699516 ], [ -118.200046967774881, 33.742005421643888 ], [ -118.200006366813696, 33.741985739466926 ], [ -118.199963998952271, 33.741970222042667 ], [ -118.199920290134273, 33.741959025374946 ], [ -118.199875679784682, 33.741952262029038 ], [ -118.199830616391964, 33.74195 ], [ -118.198169383608047, 33.74195 ], [ -118.198124320215328, 33.741952262029038 ], [ -118.198079709865738, 33.741959025374946 ], [ -118.19803600104774, 33.741970222042667 ], [ -118.197993633186314, 33.741985739466926 ], [ -118.197953032225129, 33.742005421643888 ], [ -118.197914606344455, 33.742029070699516 ], [ -118.197878741857409, 33.742056448878927 ], [ -118.197845799326288, 33.742087280936623 ], [ -118.197816109937577, 33.742121256903665 ], [ -118.19778997217243, 33.74215803520395 ], [ -118.197767648805893, 33.742197246088217 ], [ -118.197749364265093, 33.742238495351316 ], [ -118.197735302372962, 33.74228136829533 ], [ -118.197725604500221, 33.742325433898728 ], [ -118.197720368144061, 33.742370249149616 ], [ -118.197719645947984, 33.742415363499568 ], [ -118.197723445172571, 33.742460323393146 ], [ -118.197731727622454, 33.742504676827764 ], [ -118.197744410030339, 33.742547977897829 ], [ -118.197761364894106, 33.742589791277659 ], [ -118.197782421758689, 33.742629696598016 ], [ -118.197807368929674, 33.742667292672259 ], [ -118.197835955601619, 33.742702201529667 ], [ -118.1978474351925, 33.742714867306397 ], [ -118.197873710088317, 33.742750294902251 ], [ -118.197896385951722, 33.742788127294723 ], [ -118.197915244401699, 33.742828000137145 ], [ -118.197930103821093, 33.742869529432276 ], [ -118.197940821105576, 33.742912315230242 ], [ -118.197947293041835, 33.742955945480517 ], [ -118.19795, 33.743011046880021 ], [ -118.19795, 33.7436 ], [ -118.197952166873009, 33.743644107713145 ], [ -118.197958646623832, 33.743687790644898 ], [ -118.197969376848931, 33.743730628104757 ], [ -118.197984254210382, 33.743772207544559 ], [ -118.198003135431051, 33.743812128531566 ], [ -118.198025838674468, 33.743850006604852 ], [ -118.198052145295989, 33.743885476977866 ], [ -118.198081801948476, 33.743918198051524 ], [ -118.198114523022127, 33.743947854704004 ], [ -118.198149993395148, 33.743974161325532 ], [ -118.198187871468434, 33.743996864568949 ], [ -118.198227792455441, 33.744015745789625 ], [ -118.198269371895236, 33.744030623151076 ], [ -118.198312209355095, 33.744041353376176 ], [ -118.198355892286855, 33.744047833126999 ], [ -118.1984, 33.74405 ], [ -118.198988953120065, 33.74405 ], [ -118.199044054519391, 33.744052706958165 ], [ -118.19908768476968, 33.744059178894425 ], [ -118.199130470567695, 33.744069896178914 ], [ -118.199171999862898, 33.744084755598337 ], [ -118.19921187270532, 33.744103614048321 ], [ -118.199249705097714, 33.744126289911662 ], [ -118.199285132693689, 33.744152564807564 ], [ -118.199297798470326, 33.744164044398367 ], [ -118.199332707327727, 33.74419263107032 ], [ -118.199370303401977, 33.744217578241305 ], [ -118.199410208722327, 33.744238635105887 ], [ -118.19945202210215, 33.744255589969661 ], [ -118.199495323172215, 33.744268272377546 ], [ -118.199539676606847, 33.744276554827429 ], [ -118.199584636500418, 33.744280354052016 ], [ -118.199629750850377, 33.744279631855946 ], [ -118.199674566101265, 33.744274395499779 ], [ -118.19971863170467, 33.744264697627031 ], [ -118.199761504648677, 33.744250635734907 ], [ -118.199802753911783, 33.744232351194107 ], [ -118.19984196479605, 33.74421002782757 ], [ -118.199878743096335, 33.74418389006243 ], [ -118.199912719063377, 33.744154200673719 ], [ -118.199943551121066, 33.744121258142592 ], [ -118.199970929300477, 33.744085393655553 ], [ -118.199994578356112, 33.744046967774871 ], [ -118.200014260533067, 33.744006366813693 ], [ -118.20002977795734, 33.743963998952253 ], [ -118.200040974625054, 33.743920290134263 ], [ -118.200047737970962, 33.743875679784672 ], [ -118.20005, 33.743830616391953 ], [ -118.20005, 33.743011046880021 ], [ -118.200052706958175, 33.742955945480517 ], [ -118.200059178894435, 33.742912315230242 ], [ -118.200069896178917, 33.742869529432276 ], [ -118.200084755598311, 33.742828000137145 ], [ -118.200103614048288, 33.742788127294723 ], [ -118.200126289911694, 33.742750294902251 ], [ -118.20015256480751, 33.742714867306397 ] ] ], [ [ [ -118.208396385951716, 33.691788127294728 ], [ -118.208415244401692, 33.69182800013715 ], [ -118.208430103821087, 33.691869529432282 ], [ -118.208440821105569, 33.691912315230248 ], [ -118.208447293041829, 33.691955945480522 ], [ -118.20845, 33.692011046880026 ], [ -118.20845, 33.6926 ], [ -118.208452166873002, 33.69264410771315 ], [ -118.208458646623825, 33.692687790644904 ], [ -118.208469376848925, 33.692730628104762 ], [ -118.208484254210376, 33.692772207544564 ], [ -118.208503135431044, 33.692812128531571 ], [ -118.208525838674461, 33.692850006604857 ], [ -118.208552145295982, 33.692885476977871 ], [ -118.208581801948469, 33.69291819805153 ], [ -118.208614523022121, 33.692947854704009 ], [ -118.208649993395142, 33.692974161325537 ], [ -118.208687871468427, 33.692996864568954 ], [ -118.208727792455434, 33.69301574578963 ], [ -118.208769371895229, 33.693030623151081 ], [ -118.208812209355088, 33.693041353376181 ], [ -118.208855892286849, 33.693047833127004 ], [ -118.2089, 33.69305 ], [ -118.209488953120072, 33.69305 ], [ -118.209544054519398, 33.69305270695817 ], [ -118.209587684769687, 33.69305917889443 ], [ -118.209627011082304, 33.693069029622933 ], [ -118.197589195601878, 33.69695 ], [ -118.197511046879939, 33.69695 ], [ -118.197455945480613, 33.696947293041831 ], [ -118.197412315230324, 33.696940821105571 ], [ -118.197369529432308, 33.696930103821082 ], [ -118.197328000137105, 33.696915244401659 ], [ -118.197288127294684, 33.696896385951675 ], [ -118.19725029490229, 33.696873710088333 ], [ -118.197214867306315, 33.696847435192431 ], [ -118.197182185694189, 33.696817814305788 ], [ -118.197152564807567, 33.696785132693677 ], [ -118.197126289911694, 33.696749705097744 ], [ -118.197103614048288, 33.696711872705272 ], [ -118.197084755598311, 33.696671999862851 ], [ -118.197069896178917, 33.696630470567719 ], [ -118.197059178894435, 33.696587684769753 ], [ -118.197052706958175, 33.696544054519478 ], [ -118.19705, 33.696488953119974 ], [ -118.19705, 33.6959 ], [ -118.197047833127002, 33.695855892286851 ], [ -118.197041353376179, 33.695812209355097 ], [ -118.197030623151079, 33.695769371895238 ], [ -118.197015745789628, 33.695727792455436 ], [ -118.196996864568959, 33.695687871468429 ], [ -118.196974161325542, 33.695649993395143 ], [ -118.196947854704021, 33.69561452302213 ], [ -118.196918198051534, 33.695581801948471 ], [ -118.196885476977883, 33.695552145295991 ], [ -118.196850006604862, 33.695525838674463 ], [ -118.196812128531576, 33.695503135431046 ], [ -118.196772207544569, 33.695484254210371 ], [ -118.196730628104774, 33.695469376848919 ], [ -118.196687790644916, 33.69545864662382 ], [ -118.196644107713155, 33.695452166872997 ], [ -118.1966, 33.69545 ], [ -118.196011046879931, 33.69545 ], [ -118.195955945480605, 33.695447293041831 ], [ -118.195912315230316, 33.695440821105571 ], [ -118.195869529432301, 33.695430103821082 ], [ -118.195828000137098, 33.695415244401659 ], [ -118.195788127294676, 33.695396385951675 ], [ -118.195750294902282, 33.695373710088333 ], [ -118.195714867306307, 33.695347435192431 ], [ -118.195682185694181, 33.695317814305788 ], [ -118.19565256480756, 33.695285132693677 ], [ -118.195626289911687, 33.695249705097744 ], [ -118.195603614048281, 33.695211872705272 ], [ -118.195584755598304, 33.69517199986285 ], [ -118.19556989617891, 33.695130470567719 ], [ -118.195559178894428, 33.695087684769753 ], [ -118.195552706958168, 33.695044054519478 ], [ -118.19555, 33.694988953119974 ], [ -118.19555, 33.693511046880026 ], [ -118.195552706958168, 33.693455945480522 ], [ -118.195559178894428, 33.693412315230248 ], [ -118.19556989617891, 33.693369529432282 ], [ -118.195584755598304, 33.69332800013715 ], [ -118.195603614048281, 33.693288127294728 ], [ -118.195626289911687, 33.693250294902256 ], [ -118.19565256480756, 33.693214867306324 ], [ -118.195682185694181, 33.693182185694212 ], [ -118.195714867306307, 33.693152564807569 ], [ -118.195750294902282, 33.693126289911667 ], [ -118.195788127294676, 33.693103614048326 ], [ -118.195828000137098, 33.693084755598342 ], [ -118.195869529432301, 33.693069896178919 ], [ -118.195912315230316, 33.69305917889443 ], [ -118.195955945480605, 33.69305270695817 ], [ -118.196011046879931, 33.69305 ], [ -118.1966, 33.69305 ], [ -118.196644107713155, 33.693047833127004 ], [ -118.196687790644916, 33.693041353376181 ], [ -118.196730628104774, 33.693030623151081 ], [ -118.196772207544569, 33.69301574578963 ], [ -118.196812128531576, 33.692996864568954 ], [ -118.196850006604862, 33.692974161325537 ], [ -118.196885476977883, 33.692947854704009 ], [ -118.196918198051534, 33.69291819805153 ], [ -118.196947854704021, 33.692885476977871 ], [ -118.196974161325542, 33.692850006604857 ], [ -118.196996864568959, 33.692812128531571 ], [ -118.197015745789628, 33.692772207544564 ], [ -118.197030623151079, 33.692730628104762 ], [ -118.197041353376179, 33.692687790644904 ], [ -118.197047833127002, 33.69264410771315 ], [ -118.19705, 33.6926 ], [ -118.19705, 33.692011046880026 ], [ -118.197052706958175, 33.691955945480522 ], [ -118.197059178894435, 33.691912315230248 ], [ -118.197069896178917, 33.691869529432282 ], [ -118.197084755598311, 33.69182800013715 ], [ -118.197103614048288, 33.691788127294728 ], [ -118.197126289911694, 33.691750294902256 ], [ -118.197152564807567, 33.691714867306324 ], [ -118.197182185694189, 33.691682185694212 ], [ -118.197214867306315, 33.691652564807569 ], [ -118.19725029490229, 33.691626289911667 ], [ -118.197288127294684, 33.691603614048326 ], [ -118.197328000137105, 33.691584755598342 ], [ -118.197369529432308, 33.691569896178919 ], [ -118.197412315230324, 33.69155917889443 ], [ -118.197455945480613, 33.69155270695817 ], [ -118.197511046879939, 33.69155 ], [ -118.207988953120065, 33.69155 ], [ -118.208044054519391, 33.69155270695817 ], [ -118.20808768476968, 33.69155917889443 ], [ -118.208130470567696, 33.691569896178919 ], [ -118.208171999862898, 33.691584755598342 ], [ -118.20821187270532, 33.691603614048326 ], [ -118.208249705097714, 33.691626289911667 ], [ -118.208285132693689, 33.691652564807569 ], [ -118.208317814305815, 33.691682185694212 ], [ -118.208347435192437, 33.691714867306324 ], [ -118.20837371008831, 33.691750294902256 ], [ -118.208396385951716, 33.691788127294728 ] ] ], [ [ [ -118.209847435192444, 33.682714867306323 ], [ -118.209873710088317, 33.682750294902256 ], [ -118.209896385951723, 33.682788127294728 ], [ -118.209915244401699, 33.68282800013715 ], [ -118.209930103821094, 33.682869529432281 ], [ -118.209940821105576, 33.682912315230247 ], [ -118.209947293041836, 33.682955945480522 ], [ -118.20995, 33.683011046880026 ], [ -118.20995, 33.684488953119974 ], [ -118.209947293041836, 33.684544054519478 ], [ -118.209940821105576, 33.684587684769753 ], [ -118.209930103821094, 33.684630470567718 ], [ -118.209915244401699, 33.68467199986285 ], [ -118.209896385951723, 33.684711872705272 ], [ -118.209873710088317, 33.684749705097744 ], [ -118.209847435192444, 33.684785132693676 ], [ -118.209817814305822, 33.684817814305788 ], [ -118.209785132693696, 33.684847435192431 ], [ -118.209749705097721, 33.684873710088333 ], [ -118.209711872705327, 33.684896385951674 ], [ -118.209671999862906, 33.684915244401658 ], [ -118.209630470567703, 33.684930103821081 ], [ -118.209587684769687, 33.68494082110557 ], [ -118.209544054519398, 33.68494729304183 ], [ -118.209488953120072, 33.68495 ], [ -118.2089, 33.68495 ], [ -118.208855892286849, 33.684952166872996 ], [ -118.208812209355088, 33.684958646623819 ], [ -118.208769371895229, 33.684969376848919 ], [ -118.208727792455434, 33.68498425421037 ], [ -118.208687871468427, 33.685003135431046 ], [ -118.208649993395142, 33.685025838674463 ], [ -118.208614523022121, 33.685052145295991 ], [ -118.208581801948469, 33.685081801948471 ], [ -118.208552145295982, 33.685114523022129 ], [ -118.208525838674461, 33.685149993395143 ], [ -118.208503135431044, 33.685187871468429 ], [ -118.208484254210376, 33.685227792455436 ], [ -118.208469376848925, 33.685269371895238 ], [ -118.208458646623825, 33.685312209355097 ], [ -118.208452166873002, 33.68535589228685 ], [ -118.20845, 33.6854 ], [ -118.20845, 33.685988953119974 ], [ -118.208447293041829, 33.686044054519478 ], [ -118.208440821105569, 33.686087684769753 ], [ -118.208430103821087, 33.686130470567718 ], [ -118.208415244401692, 33.68617199986285 ], [ -118.208396385951716, 33.686211872705272 ], [ -118.20837371008831, 33.686249705097744 ], [ -118.208347435192437, 33.686285132693676 ], [ -118.208317814305815, 33.686317814305788 ], [ -118.208285132693689, 33.686347435192431 ], [ -118.208249705097714, 33.686373710088333 ], [ -118.20821187270532, 33.686396385951674 ], [ -118.208171999862898, 33.686415244401658 ], [ -118.208130470567696, 33.686430103821081 ], [ -118.20808768476968, 33.68644082110557 ], [ -118.208044054519391, 33.68644729304183 ], [ -118.207988953120065, 33.68645 ], [ -118.2074, 33.68645 ], [ -118.207355892286856, 33.686452166872996 ], [ -118.207312209355095, 33.686458646623819 ], [ -118.207269371895237, 33.686469376848919 ], [ -118.207227792455441, 33.68648425421037 ], [ -118.207187871468435, 33.686503135431046 ], [ -118.207149993395149, 33.686525838674463 ], [ -118.207114523022128, 33.686552145295991 ], [ -118.207081801948476, 33.686581801948471 ], [ -118.207052145295989, 33.686614523022129 ], [ -118.207025838674468, 33.686649993395143 ], [ -118.207003135431052, 33.686687871468429 ], [ -118.206984254210383, 33.686727792455436 ], [ -118.206969376848932, 33.686769371895238 ], [ -118.206958646623832, 33.686812209355097 ], [ -118.206952166873009, 33.68685589228685 ], [ -118.20695, 33.6869 ], [ -118.20695, 33.687488953119974 ], [ -118.206947293041836, 33.687544054519478 ], [ -118.206940821105576, 33.687587684769753 ], [ -118.206930103821094, 33.687630470567719 ], [ -118.206915244401699, 33.68767199986285 ], [ -118.206896385951723, 33.687711872705272 ], [ -118.206873710088317, 33.687749705097744 ], [ -118.206847435192444, 33.687785132693676 ], [ -118.206817814305822, 33.687817814305788 ], [ -118.206785132693696, 33.687847435192431 ], [ -118.206749705097721, 33.687873710088333 ], [ -118.206711872705327, 33.687896385951674 ], [ -118.206671999862905, 33.687915244401658 ], [ -118.206630470567703, 33.687930103821081 ], [ -118.206587684769687, 33.68794082110557 ], [ -118.206544054519398, 33.68794729304183 ], [ -118.206488953120072, 33.68795 ], [ -118.200511046879939, 33.68795 ], [ -118.200455945480613, 33.68794729304183 ], [ -118.200412315230324, 33.68794082110557 ], [ -118.200369529432308, 33.687930103821081 ], [ -118.200328000137105, 33.687915244401658 ], [ -118.200288127294684, 33.687896385951674 ], [ -118.20025029490229, 33.687873710088333 ], [ -118.200214867306315, 33.687847435192431 ], [ -118.200182185694189, 33.687817814305788 ], [ -118.200152564807567, 33.687785132693676 ], [ -118.200126289911694, 33.687749705097744 ], [ -118.200103614048288, 33.687711872705272 ], [ -118.200084755598311, 33.68767199986285 ], [ -118.200069896178917, 33.687630470567719 ], [ -118.200059178894435, 33.687587684769753 ], [ -118.200052706958175, 33.687544054519478 ], [ -118.20005, 33.687488953119974 ], [ -118.20005, 33.6869 ], [ -118.200047833127002, 33.68685589228685 ], [ -118.200041353376179, 33.686812209355097 ], [ -118.200030623151079, 33.686769371895238 ], [ -118.200015745789628, 33.686727792455436 ], [ -118.199996864568959, 33.686687871468429 ], [ -118.199974161325542, 33.686649993395143 ], [ -118.199947854704021, 33.686614523022129 ], [ -118.199918198051535, 33.686581801948471 ], [ -118.199885476977883, 33.686552145295991 ], [ -118.199850006604862, 33.686525838674463 ], [ -118.199812128531576, 33.686503135431046 ], [ -118.199772207544569, 33.68648425421037 ], [ -118.199730628104774, 33.686469376848919 ], [ -118.199687790644916, 33.686458646623819 ], [ -118.199644107713155, 33.686452166872996 ], [ -118.1996, 33.68645 ], [ -118.199011046879932, 33.68645 ], [ -118.198955945480606, 33.68644729304183 ], [ -118.198912315230316, 33.68644082110557 ], [ -118.198869529432301, 33.686430103821081 ], [ -118.198828000137098, 33.686415244401658 ], [ -118.198788127294677, 33.686396385951674 ], [ -118.198750294902283, 33.686373710088333 ], [ -118.198714867306307, 33.686347435192431 ], [ -118.198682185694182, 33.686317814305788 ], [ -118.19865256480756, 33.686285132693676 ], [ -118.198626289911687, 33.686249705097744 ], [ -118.198603614048281, 33.686211872705272 ], [ -118.198584755598304, 33.68617199986285 ], [ -118.19856989617891, 33.686130470567718 ], [ -118.198559178894428, 33.686087684769753 ], [ -118.198552706958168, 33.686044054519478 ], [ -118.19855, 33.685988953119974 ], [ -118.19855, 33.683011046880026 ], [ -118.198552706958168, 33.682955945480522 ], [ -118.198559178894428, 33.682912315230247 ], [ -118.19856989617891, 33.682869529432281 ], [ -118.198584755598304, 33.68282800013715 ], [ -118.198603614048281, 33.682788127294728 ], [ -118.198626289911687, 33.682750294902256 ], [ -118.19865256480756, 33.682714867306323 ], [ -118.198682185694182, 33.682682185694212 ], [ -118.198714867306307, 33.682652564807569 ], [ -118.198750294902283, 33.682626289911667 ], [ -118.198788127294677, 33.682603614048325 ], [ -118.198828000137098, 33.682584755598342 ], [ -118.198869529432301, 33.682569896178919 ], [ -118.198912315230316, 33.682559178894429 ], [ -118.198955945480606, 33.68255270695817 ], [ -118.199011046879932, 33.68255 ], [ -118.1996, 33.68255 ], [ -118.199644107713155, 33.682547833127003 ], [ -118.199687790644916, 33.68254135337618 ], [ -118.199730628104774, 33.682530623151081 ], [ -118.199772207544569, 33.68251574578963 ], [ -118.199812128531576, 33.682496864568954 ], [ -118.199850006604862, 33.682474161325537 ], [ -118.199885476977883, 33.682447854704009 ], [ -118.199918198051535, 33.682418198051529 ], [ -118.199947854704021, 33.682385476977871 ], [ -118.199974161325542, 33.682350006604857 ], [ -118.199996864568959, 33.682312128531571 ], [ -118.200015745789628, 33.682272207544564 ], [ -118.200030623151079, 33.682230628104762 ], [ -118.200041353376179, 33.682187790644903 ], [ -118.200047833127002, 33.68214410771315 ], [ -118.20005, 33.6821 ], [ -118.20005, 33.680011046880026 ], [ -118.200052706958175, 33.679955945480522 ], [ -118.200059178894435, 33.679912315230247 ], [ -118.200069896178917, 33.679869529432281 ], [ -118.200084755598311, 33.67982800013715 ], [ -118.200103614048288, 33.679788127294728 ], [ -118.200126289911694, 33.679750294902256 ], [ -118.200152564807567, 33.679714867306323 ], [ -118.200182185694189, 33.679682185694212 ], [ -118.200214867306315, 33.679652564807569 ], [ -118.20025029490229, 33.679626289911667 ], [ -118.200288127294684, 33.679603614048325 ], [ -118.200328000137105, 33.679584755598341 ], [ -118.200369529432308, 33.679569896178918 ], [ -118.200412315230324, 33.679559178894429 ], [ -118.200455945480613, 33.679552706958169 ], [ -118.200511046879939, 33.67955 ], [ -118.201988953120065, 33.67955 ], [ -118.202044054519391, 33.679552706958169 ], [ -118.20208768476968, 33.679559178894429 ], [ -118.202130470567695, 33.679569896178918 ], [ -118.202171999862898, 33.679584755598341 ], [ -118.20221187270532, 33.679603614048325 ], [ -118.202249705097714, 33.679626289911667 ], [ -118.202285132693689, 33.679652564807569 ], [ -118.202317814305815, 33.679682185694212 ], [ -118.202347435192436, 33.679714867306323 ], [ -118.20237371008831, 33.679750294902256 ], [ -118.202396385951715, 33.679788127294728 ], [ -118.202415244401692, 33.67982800013715 ], [ -118.202430103821087, 33.679869529432281 ], [ -118.202440821105569, 33.679912315230247 ], [ -118.202447293041828, 33.679955945480522 ], [ -118.20245, 33.680011046880026 ], [ -118.20245, 33.6806 ], [ -118.202452166873002, 33.68064410771315 ], [ -118.202458646623825, 33.680687790644903 ], [ -118.202469376848924, 33.680730628104762 ], [ -118.202484254210376, 33.680772207544564 ], [ -118.202503135431044, 33.680812128531571 ], [ -118.202525838674461, 33.680850006604857 ], [ -118.202552145295982, 33.68088547697787 ], [ -118.202581801948469, 33.680918198051529 ], [ -118.20261452302212, 33.680947854704009 ], [ -118.202649993395141, 33.680974161325537 ], [ -118.202687871468427, 33.680996864568954 ], [ -118.202727792455434, 33.68101574578963 ], [ -118.202769371895229, 33.681030623151081 ], [ -118.202812209355088, 33.68104135337618 ], [ -118.202855892286848, 33.681047833127003 ], [ -118.2029, 33.68105 ], [ -118.206488953120072, 33.68105 ], [ -118.206544054519398, 33.68105270695817 ], [ -118.206587684769687, 33.681059178894429 ], [ -118.206630470567703, 33.681069896178919 ], [ -118.206671999862905, 33.681084755598341 ], [ -118.206711872705327, 33.681103614048325 ], [ -118.206749705097721, 33.681126289911667 ], [ -118.206785132693696, 33.681152564807569 ], [ -118.206817814305822, 33.681182185694212 ], [ -118.206847435192444, 33.681214867306323 ], [ -118.206873710088317, 33.681250294902256 ], [ -118.206896385951723, 33.681288127294728 ], [ -118.206915244401699, 33.68132800013715 ], [ -118.206930103821094, 33.681369529432281 ], [ -118.206940821105576, 33.681412315230247 ], [ -118.206947293041836, 33.681455945480522 ], [ -118.20695, 33.681511046880026 ], [ -118.20695, 33.6821 ], [ -118.206952166873009, 33.68214410771315 ], [ -118.206958646623832, 33.682187790644903 ], [ -118.206969376848932, 33.682230628104762 ], [ -118.206984254210383, 33.682272207544564 ], [ -118.207003135431052, 33.682312128531571 ], [ -118.207025838674468, 33.682350006604857 ], [ -118.207052145295989, 33.682385476977871 ], [ -118.207081801948476, 33.682418198051529 ], [ -118.207114523022128, 33.682447854704009 ], [ -118.207149993395149, 33.682474161325537 ], [ -118.207187871468435, 33.682496864568954 ], [ -118.207227792455441, 33.68251574578963 ], [ -118.207269371895237, 33.682530623151081 ], [ -118.207312209355095, 33.68254135337618 ], [ -118.207355892286856, 33.682547833127003 ], [ -118.2074, 33.68255 ], [ -118.209488953120072, 33.68255 ], [ -118.209544054519398, 33.68255270695817 ], [ -118.209587684769687, 33.682559178894429 ], [ -118.209630470567703, 33.682569896178919 ], [ -118.209671999862906, 33.682584755598342 ], [ -118.209711872705327, 33.682603614048325 ], [ -118.209749705097721, 33.682626289911667 ], [ -118.209785132693696, 33.682652564807569 ], [ -118.209817814305822, 33.682682185694212 ], [ -118.209847435192444, 33.682714867306323 ] ] ], [ [ [ -118.20837371008831, 33.741250294902251 ], [ -118.208396385951716, 33.741288127294723 ], [ -118.208415244401692, 33.741328000137145 ], [ -118.208430103821087, 33.741369529432276 ], [ -118.208440821105569, 33.741412315230242 ], [ -118.208447293041829, 33.741455945480517 ], [ -118.20845, 33.741511046880021 ], [ -118.20845, 33.7421 ], [ -118.208452166873002, 33.742144107713145 ], [ -118.208458646623825, 33.742187790644898 ], [ -118.208469376848925, 33.742230628104757 ], [ -118.208484254210376, 33.742272207544559 ], [ -118.208503135431044, 33.742312128531566 ], [ -118.208525838674461, 33.742350006604852 ], [ -118.208552145295982, 33.742385476977866 ], [ -118.208581801948469, 33.742418198051524 ], [ -118.208614523022121, 33.742447854704004 ], [ -118.208649993395142, 33.742474161325532 ], [ -118.208687871468427, 33.742496864568949 ], [ -118.208727792455434, 33.742515745789625 ], [ -118.208769371895229, 33.742530623151076 ], [ -118.208812209355088, 33.742541353376176 ], [ -118.208855892286849, 33.742547833126999 ], [ -118.2089, 33.74255 ], [ -118.209488953120072, 33.74255 ], [ -118.209544054519398, 33.742552706958165 ], [ -118.209587684769687, 33.742559178894425 ], [ -118.209630470567703, 33.742569896178914 ], [ -118.209671999862906, 33.742584755598337 ], [ -118.209711872705327, 33.742603614048321 ], [ -118.209749705097721, 33.742626289911662 ], [ -118.209785132693696, 33.742652564807564 ], [ -118.209817814305822, 33.742682185694207 ], [ -118.209847435192444, 33.742714867306319 ], [ -118.209873710088317, 33.742750294902251 ], [ -118.209896385951723, 33.742788127294723 ], [ -118.209915244401699, 33.742828000137145 ], [ -118.209930103821094, 33.742869529432276 ], [ -118.209940821105576, 33.742912315230242 ], [ -118.209947293041836, 33.742955945480517 ], [ -118.20995, 33.743011046880021 ], [ -118.20995, 33.7436 ], [ -118.209952166873009, 33.743644107713145 ], [ -118.209958646623832, 33.743687790644898 ], [ -118.209969376848932, 33.743730628104757 ], [ -118.209984254210383, 33.743772207544559 ], [ -118.210003135431052, 33.743812128531566 ], [ -118.210025838674468, 33.743850006604852 ], [ -118.21005214529599, 33.743885476977866 ], [ -118.210081801948476, 33.743918198051524 ], [ -118.210114523022128, 33.743947854704004 ], [ -118.210149993395149, 33.743974161325532 ], [ -118.210187871468435, 33.743996864568949 ], [ -118.210227792455441, 33.744015745789625 ], [ -118.210269371895237, 33.744030623151076 ], [ -118.210312209355095, 33.744041353376176 ], [ -118.210355892286856, 33.744047833126999 ], [ -118.2104, 33.74405 ], [ -118.211569296469463, 33.74405 ], [ -118.21295, 33.745500318612649 ], [ -118.21295, 33.748988953119969 ], [ -118.212947293041836, 33.749044054519473 ], [ -118.212940821105576, 33.749087684769748 ], [ -118.212930103821094, 33.749130470567714 ], [ -118.2129152444017, 33.749171999862845 ], [ -118.212896385951723, 33.749211872705267 ], [ -118.212873710088317, 33.749249705097739 ], [ -118.212847435192444, 33.749285132693672 ], [ -118.212817814305822, 33.749317814305783 ], [ -118.212785132693696, 33.749347435192426 ], [ -118.212749705097721, 33.749373710088328 ], [ -118.212711872705327, 33.74939638595167 ], [ -118.212671999862906, 33.749415244401654 ], [ -118.212630470567703, 33.749430103821076 ], [ -118.212587684769687, 33.749440821105566 ], [ -118.212544054519398, 33.749447293041825 ], [ -118.212488953120072, 33.74945 ], [ -118.2119, 33.74945 ], [ -118.211855892286849, 33.749452166872992 ], [ -118.211812209355088, 33.749458646623815 ], [ -118.21176937189523, 33.749469376848914 ], [ -118.211727792455434, 33.749484254210365 ], [ -118.211687871468428, 33.749503135431041 ], [ -118.211649993395142, 33.749525838674458 ], [ -118.211614523022121, 33.749552145295986 ], [ -118.211581801948469, 33.749581801948466 ], [ -118.211552145295983, 33.749614523022125 ], [ -118.211525838674461, 33.749649993395138 ], [ -118.211503135431045, 33.749687871468424 ], [ -118.211484254210376, 33.749727792455431 ], [ -118.211469376848925, 33.749769371895233 ], [ -118.211458646623825, 33.749812209355092 ], [ -118.211452166873002, 33.749855892286845 ], [ -118.21145, 33.7499 ], [ -118.21145, 33.750488953119969 ], [ -118.211447293041829, 33.750544054519473 ], [ -118.211440821105569, 33.750587684769748 ], [ -118.211430103821087, 33.750630470567714 ], [ -118.211415244401692, 33.750671999862845 ], [ -118.211396385951716, 33.750711872705267 ], [ -118.21137371008831, 33.750749705097739 ], [ -118.211347435192437, 33.750785132693672 ], [ -118.211317814305815, 33.750817814305783 ], [ -118.211285132693689, 33.750847435192426 ], [ -118.211249705097714, 33.750873710088328 ], [ -118.21121187270532, 33.75089638595167 ], [ -118.211171999862898, 33.750915244401654 ], [ -118.211130470567696, 33.750930103821077 ], [ -118.21108768476968, 33.750940821105566 ], [ -118.211044054519391, 33.750947293041826 ], [ -118.210988953120065, 33.75095 ], [ -118.206511046879939, 33.75095 ], [ -118.206455945480613, 33.750947293041826 ], [ -118.206412315230324, 33.750940821105566 ], [ -118.206369529432308, 33.750930103821077 ], [ -118.206328000137106, 33.750915244401654 ], [ -118.206288127294684, 33.75089638595167 ], [ -118.20625029490229, 33.750873710088328 ], [ -118.206214867306315, 33.750847435192426 ], [ -118.206182185694189, 33.750817814305783 ], [ -118.206152564807567, 33.750785132693672 ], [ -118.206126289911694, 33.750749705097739 ], [ -118.206103614048288, 33.750711872705267 ], [ -118.206084755598312, 33.750671999862845 ], [ -118.206069896178917, 33.750630470567714 ], [ -118.206059178894435, 33.750587684769748 ], [ -118.206052706958175, 33.750544054519473 ], [ -118.20605, 33.750488953119969 ], [ -118.20605, 33.749011046880021 ], [ -118.206052706958175, 33.748955945480517 ], [ -118.206059178894435, 33.748912315230243 ], [ -118.206069896178917, 33.748869529432277 ], [ -118.206084755598312, 33.748828000137145 ], [ -118.206103614048288, 33.748788127294723 ], [ -118.206126289911694, 33.748750294902251 ], [ -118.206152564807567, 33.748714867306319 ], [ -118.206182185694189, 33.748682185694207 ], [ -118.206214867306315, 33.748652564807564 ], [ -118.206265484770711, 33.748615024337454 ], [ -118.206270913076438, 33.748611396573935 ], [ -118.206305103236204, 33.748583322444631 ], [ -118.206336371550734, 33.748552026817663 ], [ -118.206364415817745, 33.748517812159285 ], [ -118.206388964994773, 33.748481009147618 ], [ -118.206409781818721, 33.74844197347673 ], [ -118.206426665098959, 33.748401082418916 ], [ -118.206439451661822, 33.748358731178428 ], [ -118.206448017927627, 33.7483153290719 ], [ -118.20645228110503, 33.748271295572394 ], [ -118.206452199991276, 33.748227056255253 ], [ -118.206447775370279, 33.748183038685013 ], [ -118.206439050005173, 33.748139668283073 ], [ -118.206426108224932, 33.748097364216072 ], [ -118.206409075109391, 33.748056535344716 ], [ -118.206388115280362, 33.748017576272247 ], [ -118.206363431310564, 33.747980863530643 ], [ -118.206335261765872, 33.747946751941527 ], [ -118.206303878899519, 33.747915571186887 ], [ -118.206269586020909, 33.747887622622741 ], [ -118.206214283615296, 33.747846906165719 ], [ -118.206182185694189, 33.747817814305783 ], [ -118.206152564807567, 33.747785132693672 ], [ -118.206126289911694, 33.747749705097739 ], [ -118.206103614048288, 33.747711872705267 ], [ -118.206084755598312, 33.747671999862845 ], [ -118.206069896178917, 33.747630470567714 ], [ -118.206059178894435, 33.747587684769748 ], [ -118.206052706958175, 33.747544054519473 ], [ -118.20605, 33.747488953119969 ], [ -118.20605, 33.746011046880021 ], [ -118.206052706958175, 33.745955945480517 ], [ -118.206059178894435, 33.745912315230242 ], [ -118.206069896178917, 33.745869529432277 ], [ -118.206084755598312, 33.745828000137145 ], [ -118.206103614048288, 33.745788127294723 ], [ -118.206126289911694, 33.745750294902251 ], [ -118.206152564807567, 33.745714867306319 ], [ -118.206182185694189, 33.745682185694207 ], [ -118.206214867306315, 33.745652564807564 ], [ -118.206265484770071, 33.74561502433793 ], [ -118.206270913075798, 33.745611396574425 ], [ -118.206305103235636, 33.74558332244515 ], [ -118.206336371550236, 33.745552026818203 ], [ -118.206364415817333, 33.745517812159839 ], [ -118.206388964994446, 33.745481009148172 ], [ -118.206409781818465, 33.745441973477277 ], [ -118.206426665098775, 33.745401082419448 ], [ -118.206439451661694, 33.745358731178939 ], [ -118.206448017927556, 33.745315329072383 ], [ -118.206452281105015, 33.745271295572834 ], [ -118.20645219999129, 33.745227056255651 ], [ -118.206447775370322, 33.745183038685369 ], [ -118.206439050005244, 33.745139668283379 ], [ -118.206426108225017, 33.745097364216328 ], [ -118.206409075109491, 33.745056535344929 ], [ -118.206388115280461, 33.745017576272417 ], [ -118.206363431310663, 33.74498086353077 ], [ -118.206335261765943, 33.744946751941612 ], [ -118.206303878899561, 33.744915571186937 ], [ -118.206269586020923, 33.74488762262277 ], [ -118.206214283615381, 33.74484690616579 ], [ -118.206182185694189, 33.744817814305783 ], [ -118.206152564807567, 33.744785132693671 ], [ -118.206126289911694, 33.744749705097739 ], [ -118.206103614048288, 33.744711872705267 ], [ -118.206084755598312, 33.744671999862845 ], [ -118.206069896178917, 33.744630470567714 ], [ -118.206059178894435, 33.744587684769748 ], [ -118.206052706958175, 33.744544054519473 ], [ -118.20605, 33.744488953119969 ], [ -118.20605, 33.741511046880021 ], [ -118.206052706958175, 33.741455945480517 ], [ -118.206059178894435, 33.741412315230242 ], [ -118.206069896178917, 33.741369529432276 ], [ -118.206084755598312, 33.741328000137145 ], [ -118.206103614048288, 33.741288127294723 ], [ -118.206126289911694, 33.741250294902251 ], [ -118.206152564807567, 33.741214867306319 ], [ -118.206182185694189, 33.741182185694207 ], [ -118.206214867306315, 33.741152564807564 ], [ -118.20625029490229, 33.741126289911662 ], [ -118.206288127294684, 33.74110361404832 ], [ -118.206328000137106, 33.741084755598337 ], [ -118.206369529432308, 33.741069896178914 ], [ -118.206412315230324, 33.741059178894425 ], [ -118.206455945480613, 33.741052706958165 ], [ -118.206511046879939, 33.74105 ], [ -118.207988953120065, 33.74105 ], [ -118.208044054519391, 33.741052706958165 ], [ -118.20808768476968, 33.741059178894425 ], [ -118.208130470567696, 33.741069896178914 ], [ -118.208171999862898, 33.741084755598337 ], [ -118.20821187270532, 33.74110361404832 ], [ -118.208249705097714, 33.741126289911662 ], [ -118.208285132693689, 33.741152564807564 ], [ -118.208317814305815, 33.741182185694207 ], [ -118.208347435192437, 33.741214867306319 ], [ -118.20837371008831, 33.741250294902251 ] ] ], [ [ [ -118.217347435192437, 33.673714867306323 ], [ -118.21737371008831, 33.673750294902256 ], [ -118.217396385951716, 33.673788127294728 ], [ -118.217415244401693, 33.673828000137149 ], [ -118.217430103821087, 33.673869529432281 ], [ -118.217440821105569, 33.673912315230247 ], [ -118.217447293041829, 33.673955945480522 ], [ -118.21745, 33.674011046880025 ], [ -118.21745, 33.6746 ], [ -118.217452166873002, 33.674644107713149 ], [ -118.217458646623825, 33.674687790644903 ], [ -118.217469376848925, 33.674730628104761 ], [ -118.217484254210376, 33.674772207544564 ], [ -118.217503135431045, 33.67481212853157 ], [ -118.217525838674462, 33.674850006604856 ], [ -118.217552145295983, 33.67488547697787 ], [ -118.217581801948469, 33.674918198051529 ], [ -118.217614523022121, 33.674947854704008 ], [ -118.217649993395142, 33.674974161325537 ], [ -118.217687871468428, 33.674996864568953 ], [ -118.217727792455435, 33.675015745789629 ], [ -118.21776937189523, 33.675030623151081 ], [ -118.217812209355088, 33.67504135337618 ], [ -118.217855892286849, 33.675047833127003 ], [ -118.2179, 33.67505 ], [ -118.218488953120072, 33.67505 ], [ -118.218544054519398, 33.675052706958169 ], [ -118.218587684769687, 33.675059178894429 ], [ -118.218630470567703, 33.675069896178918 ], [ -118.218671999862906, 33.675084755598341 ], [ -118.218711872705327, 33.675103614048325 ], [ -118.218749705097721, 33.675126289911667 ], [ -118.218785132693696, 33.675152564807568 ], [ -118.218817814305822, 33.675182185694212 ], [ -118.218847435192444, 33.675214867306323 ], [ -118.218873710088317, 33.675250294902256 ], [ -118.218896385951723, 33.675288127294728 ], [ -118.2189152444017, 33.675328000137149 ], [ -118.218930103821094, 33.675369529432281 ], [ -118.218940821105576, 33.675412315230247 ], [ -118.218947293041836, 33.675455945480522 ], [ -118.21895, 33.675511046880025 ], [ -118.21895, 33.679988953119974 ], [ -118.218947293041836, 33.680044054519477 ], [ -118.218940821105576, 33.680087684769752 ], [ -118.218930103821094, 33.680130470567718 ], [ -118.2189152444017, 33.68017199986285 ], [ -118.218896385951723, 33.680211872705272 ], [ -118.218873710088317, 33.680249705097744 ], [ -118.218847435192444, 33.680285132693676 ], [ -118.218817814305822, 33.680317814305788 ], [ -118.218785132693696, 33.680347435192431 ], [ -118.218749705097721, 33.680373710088332 ], [ -118.218711872705327, 33.680396385951674 ], [ -118.218671999862906, 33.680415244401658 ], [ -118.218630470567703, 33.680430103821081 ], [ -118.218587684769687, 33.68044082110557 ], [ -118.218544054519398, 33.68044729304183 ], [ -118.218488953120072, 33.68045 ], [ -118.2179, 33.68045 ], [ -118.217855892286849, 33.680452166872996 ], [ -118.217812209355088, 33.680458646623819 ], [ -118.21776937189523, 33.680469376848919 ], [ -118.217727792455435, 33.68048425421037 ], [ -118.217687871468428, 33.680503135431046 ], [ -118.217649993395142, 33.680525838674463 ], [ -118.217614523022121, 33.680552145295991 ], [ -118.217581801948469, 33.68058180194847 ], [ -118.217552145295983, 33.680614523022129 ], [ -118.217525838674462, 33.680649993395143 ], [ -118.217503135431045, 33.680687871468429 ], [ -118.217484254210376, 33.680727792455436 ], [ -118.217469376848925, 33.680769371895238 ], [ -118.217458646623825, 33.680812209355096 ], [ -118.217452166873002, 33.68085589228685 ], [ -118.21745, 33.6809 ], [ -118.21745, 33.681488953119974 ], [ -118.217447293041829, 33.681544054519478 ], [ -118.217440821105569, 33.681587684769752 ], [ -118.217430103821087, 33.681630470567718 ], [ -118.217415244401693, 33.68167199986285 ], [ -118.217396385951716, 33.681711872705272 ], [ -118.21737371008831, 33.681749705097744 ], [ -118.217347435192437, 33.681785132693676 ], [ -118.217317814305815, 33.681817814305788 ], [ -118.217285132693689, 33.681847435192431 ], [ -118.217249705097714, 33.681873710088333 ], [ -118.21721187270532, 33.681896385951674 ], [ -118.217171999862899, 33.681915244401658 ], [ -118.217130470567696, 33.681930103821081 ], [ -118.21708768476968, 33.68194082110557 ], [ -118.217044054519391, 33.68194729304183 ], [ -118.216988953120065, 33.68195 ], [ -118.215511046879939, 33.68195 ], [ -118.215455945480613, 33.68194729304183 ], [ -118.215412315230324, 33.68194082110557 ], [ -118.215369529432309, 33.681930103821081 ], [ -118.215328000137106, 33.681915244401658 ], [ -118.215288127294684, 33.681896385951674 ], [ -118.21525029490229, 33.681873710088333 ], [ -118.215214867306315, 33.681847435192431 ], [ -118.215182185694189, 33.681817814305788 ], [ -118.215152564807568, 33.681785132693676 ], [ -118.215126289911694, 33.681749705097744 ], [ -118.215103614048289, 33.681711872705272 ], [ -118.215084755598312, 33.68167199986285 ], [ -118.215069896178917, 33.681630470567718 ], [ -118.215059178894435, 33.681587684769752 ], [ -118.215052706958176, 33.681544054519478 ], [ -118.21505, 33.681488953119974 ], [ -118.21505, 33.6809 ], [ -118.215047833127002, 33.68085589228685 ], [ -118.215041353376179, 33.680812209355096 ], [ -118.21503062315108, 33.680769371895238 ], [ -118.215015745789628, 33.680727792455436 ], [ -118.21499686456896, 33.680687871468429 ], [ -118.214974161325543, 33.680649993395143 ], [ -118.214947854704022, 33.680614523022129 ], [ -118.214918198051535, 33.68058180194847 ], [ -118.214885476977884, 33.680552145295991 ], [ -118.214850006604863, 33.680525838674463 ], [ -118.214812128531577, 33.680503135431046 ], [ -118.21477220754457, 33.68048425421037 ], [ -118.214730628104775, 33.680469376848919 ], [ -118.214687790644916, 33.680458646623819 ], [ -118.214644107713156, 33.680452166872996 ], [ -118.2146, 33.68045 ], [ -118.211011046879932, 33.68045 ], [ -118.210955945480606, 33.68044729304183 ], [ -118.210912315230317, 33.68044082110557 ], [ -118.210869529432301, 33.680430103821081 ], [ -118.210828000137099, 33.680415244401658 ], [ -118.210788127294677, 33.680396385951674 ], [ -118.210750294902283, 33.680373710088332 ], [ -118.210714867306308, 33.680347435192431 ], [ -118.210682185694182, 33.680317814305788 ], [ -118.21065256480756, 33.680285132693676 ], [ -118.210626289911687, 33.680249705097744 ], [ -118.210603614048281, 33.680211872705272 ], [ -118.210584755598305, 33.68017199986285 ], [ -118.21056989617891, 33.680130470567718 ], [ -118.210559178894428, 33.680087684769752 ], [ -118.210552706958168, 33.680044054519477 ], [ -118.21055, 33.679988953119974 ], [ -118.21055, 33.6794 ], [ -118.210547833126995, 33.67935589228685 ], [ -118.210541353376172, 33.679312209355096 ], [ -118.210530623151072, 33.679269371895238 ], [ -118.210515745789621, 33.679227792455436 ], [ -118.210496864568952, 33.679187871468429 ], [ -118.210474161325536, 33.679149993395143 ], [ -118.210447854704015, 33.679114523022129 ], [ -118.210418198051528, 33.67908180194847 ], [ -118.210385476977876, 33.679052145295991 ], [ -118.210350006604855, 33.679025838674463 ], [ -118.210312128531569, 33.679003135431046 ], [ -118.210272207544563, 33.67898425421037 ], [ -118.210230628104767, 33.678969376848919 ], [ -118.210187790644909, 33.678958646623819 ], [ -118.210144107713148, 33.678952166872996 ], [ -118.2101, 33.67895 ], [ -118.209511046879939, 33.67895 ], [ -118.209455945480613, 33.67894729304183 ], [ -118.209412315230324, 33.67894082110557 ], [ -118.209369529432308, 33.678930103821081 ], [ -118.209328000137106, 33.678915244401658 ], [ -118.209288127294684, 33.678896385951674 ], [ -118.20925029490229, 33.678873710088332 ], [ -118.209214867306315, 33.678847435192431 ], [ -118.209182185694189, 33.678817814305788 ], [ -118.209152564807567, 33.678785132693676 ], [ -118.209126289911694, 33.678749705097744 ], [ -118.209103614048288, 33.678711872705271 ], [ -118.209084755598312, 33.67867199986285 ], [ -118.209069896178917, 33.678630470567718 ], [ -118.209059178894435, 33.678587684769752 ], [ -118.209052706958175, 33.678544054519477 ], [ -118.20905, 33.678488953119974 ], [ -118.20905, 33.674011046880025 ], [ -118.209052706958175, 33.673955945480522 ], [ -118.209059178894435, 33.673912315230247 ], [ -118.209069896178917, 33.673869529432281 ], [ -118.209084755598312, 33.673828000137149 ], [ -118.209103614048288, 33.673788127294728 ], [ -118.209126289911694, 33.673750294902256 ], [ -118.209152564807567, 33.673714867306323 ], [ -118.209182185694189, 33.673682185694211 ], [ -118.209214867306315, 33.673652564807568 ], [ -118.20925029490229, 33.673626289911667 ], [ -118.209288127294684, 33.673603614048325 ], [ -118.209328000137106, 33.673584755598341 ], [ -118.209369529432308, 33.673569896178918 ], [ -118.209412315230324, 33.673559178894429 ], [ -118.209455945480613, 33.673552706958169 ], [ -118.209511046879939, 33.67355 ], [ -118.216988953120065, 33.67355 ], [ -118.217044054519391, 33.673552706958169 ], [ -118.21708768476968, 33.673559178894429 ], [ -118.217130470567696, 33.673569896178918 ], [ -118.217171999862899, 33.673584755598341 ], [ -118.21721187270532, 33.673603614048325 ], [ -118.217249705097714, 33.673626289911667 ], [ -118.217285132693689, 33.673652564807568 ], [ -118.217317814305815, 33.673682185694211 ], [ -118.217347435192437, 33.673714867306323 ] ] ], [ [ [ -118.238396385951717, 33.766788127294724 ], [ -118.238415244401693, 33.766828000137146 ], [ -118.238430103821088, 33.766869529432277 ], [ -118.23844082110557, 33.766912315230243 ], [ -118.23844729304183, 33.766955945480518 ], [ -118.23845, 33.767011046880022 ], [ -118.23845, 33.76848895311997 ], [ -118.23844729304183, 33.768544054519474 ], [ -118.23844082110557, 33.768587684769749 ], [ -118.238430103821088, 33.768630470567714 ], [ -118.238415244401693, 33.768671999862846 ], [ -118.238396385951717, 33.768711872705268 ], [ -118.238373710088311, 33.76874970509774 ], [ -118.238347435192438, 33.768785132693672 ], [ -118.238317814305816, 33.768817814305784 ], [ -118.23828513269369, 33.768847435192427 ], [ -118.238249705097715, 33.768873710088329 ], [ -118.238211872705321, 33.76889638595167 ], [ -118.238171999862899, 33.768915244401654 ], [ -118.238130470567697, 33.768930103821077 ], [ -118.238087684769681, 33.768940821105566 ], [ -118.238044054519392, 33.768947293041826 ], [ -118.237988953120066, 33.76895 ], [ -118.2359, 33.76895 ], [ -118.23585589228685, 33.768952166872992 ], [ -118.235812209355089, 33.768958646623815 ], [ -118.235769371895231, 33.768969376848915 ], [ -118.235727792455435, 33.768984254210366 ], [ -118.235687871468429, 33.769003135431042 ], [ -118.235649993395143, 33.769025838674459 ], [ -118.235614523022122, 33.769052145295987 ], [ -118.23558180194847, 33.769081801948467 ], [ -118.235552145295983, 33.769114523022125 ], [ -118.235525838674462, 33.769149993395139 ], [ -118.235503135431046, 33.769187871468425 ], [ -118.235484254210377, 33.769227792455432 ], [ -118.235469376848926, 33.769269371895234 ], [ -118.235458646623826, 33.769312209355093 ], [ -118.235452166873003, 33.769355892286846 ], [ -118.23545, 33.7694 ], [ -118.23545, 33.76998895311997 ], [ -118.23544729304183, 33.770044054519474 ], [ -118.23544082110557, 33.770087684769749 ], [ -118.235430103821088, 33.770130470567715 ], [ -118.235415244401693, 33.770171999862846 ], [ -118.235396385951717, 33.770211872705268 ], [ -118.235373710088311, 33.77024970509774 ], [ -118.235347435192438, 33.770285132693672 ], [ -118.235317814305816, 33.770317814305784 ], [ -118.23528513269369, 33.770347435192427 ], [ -118.235249705097715, 33.770373710088329 ], [ -118.235211872705321, 33.77039638595167 ], [ -118.235171999862899, 33.770415244401654 ], [ -118.235130470567697, 33.770430103821077 ], [ -118.235087684769681, 33.770440821105566 ], [ -118.235044054519392, 33.770447293041826 ], [ -118.234988953120066, 33.77045 ], [ -118.22751104687994, 33.77045 ], [ -118.227455945480614, 33.770447293041826 ], [ -118.227412315230325, 33.770440821105566 ], [ -118.227369529432309, 33.770430103821077 ], [ -118.227328000137106, 33.770415244401654 ], [ -118.227288127294685, 33.77039638595167 ], [ -118.227250294902291, 33.770373710088329 ], [ -118.227214867306316, 33.770347435192427 ], [ -118.227202201529678, 33.770335955601624 ], [ -118.227167292672277, 33.770307368929672 ], [ -118.227129696598027, 33.770282421758687 ], [ -118.227089791277677, 33.770261364894104 ], [ -118.227047977897854, 33.77024441003033 ], [ -118.227004676827789, 33.770231727622445 ], [ -118.226960323393158, 33.770223445172562 ], [ -118.226915363499586, 33.770219645947975 ], [ -118.226870249149627, 33.770220368144045 ], [ -118.226825433898739, 33.770225604500212 ], [ -118.226781368295335, 33.77023530237296 ], [ -118.226738495351327, 33.770249364265084 ], [ -118.226697246088222, 33.770267648805884 ], [ -118.226658035203954, 33.770289972172421 ], [ -118.22662125690367, 33.770316109937561 ], [ -118.226587280936627, 33.770345799326272 ], [ -118.226556448878938, 33.7703787418574 ], [ -118.226529070699527, 33.770414606344438 ], [ -118.226505421643893, 33.77045303222512 ], [ -118.226485739466938, 33.770493633186298 ], [ -118.226470222042664, 33.770536001047738 ], [ -118.22645902537495, 33.770579709865729 ], [ -118.226452262029042, 33.770624320215319 ], [ -118.22645, 33.770669383608038 ], [ -118.22645, 33.77148895311997 ], [ -118.226447293041829, 33.771544054519474 ], [ -118.22644082110557, 33.771587684769749 ], [ -118.226430103821087, 33.771630470567715 ], [ -118.226415244401693, 33.771671999862846 ], [ -118.226396385951716, 33.771711872705268 ], [ -118.226373710088311, 33.77174970509774 ], [ -118.226347435192437, 33.771785132693672 ], [ -118.226317814305816, 33.771817814305784 ], [ -118.22628513269369, 33.771847435192427 ], [ -118.226249705097715, 33.771873710088329 ], [ -118.226211872705321, 33.771896385951671 ], [ -118.226171999862899, 33.771915244401654 ], [ -118.226130470567696, 33.771930103821077 ], [ -118.226087684769681, 33.771940821105566 ], [ -118.226044054519392, 33.771947293041826 ], [ -118.225988953120066, 33.77195 ], [ -118.2239, 33.77195 ], [ -118.223855892286849, 33.771952166872993 ], [ -118.223812209355088, 33.771958646623816 ], [ -118.22376937189523, 33.771969376848915 ], [ -118.223727792455435, 33.771984254210366 ], [ -118.223687871468428, 33.772003135431042 ], [ -118.223649993395142, 33.772025838674459 ], [ -118.223614523022121, 33.772052145295987 ], [ -118.22358180194847, 33.772081801948467 ], [ -118.223552145295983, 33.772114523022125 ], [ -118.223525838674462, 33.772149993395139 ], [ -118.223503135431045, 33.772187871468425 ], [ -118.223484254210376, 33.772227792455432 ], [ -118.223469376848925, 33.772269371895234 ], [ -118.223458646623826, 33.772312209355093 ], [ -118.223452166873003, 33.772355892286846 ], [ -118.22345, 33.7724 ], [ -118.22345, 33.77298895311997 ], [ -118.223447293041829, 33.773044054519474 ], [ -118.223440821105569, 33.773087684769749 ], [ -118.223430103821087, 33.773130470567715 ], [ -118.223415244401693, 33.773171999862846 ], [ -118.223396385951716, 33.773211872705268 ], [ -118.22337371008831, 33.77324970509774 ], [ -118.223347435192437, 33.773285132693672 ], [ -118.223317814305815, 33.773317814305784 ], [ -118.22328513269369, 33.773347435192427 ], [ -118.223249705097714, 33.773373710088329 ], [ -118.223211872705321, 33.773396385951671 ], [ -118.223171999862899, 33.773415244401654 ], [ -118.223130470567696, 33.773430103821077 ], [ -118.223087684769681, 33.773440821105567 ], [ -118.223044054519391, 33.773447293041826 ], [ -118.222988953120066, 33.77345 ], [ -118.2209, 33.77345 ], [ -118.220855892286849, 33.773452166872993 ], [ -118.220812209355088, 33.773458646623816 ], [ -118.22076937189523, 33.773469376848915 ], [ -118.220727792455435, 33.773484254210366 ], [ -118.220687871468428, 33.773503135431042 ], [ -118.220649993395142, 33.773525838674459 ], [ -118.220614523022121, 33.773552145295987 ], [ -118.22058180194847, 33.773581801948467 ], [ -118.220552145295983, 33.773614523022125 ], [ -118.220525838674462, 33.773649993395139 ], [ -118.220503135431045, 33.773687871468425 ], [ -118.220484254210376, 33.773727792455432 ], [ -118.220469376848925, 33.773769371895234 ], [ -118.220458646623825, 33.773812209355093 ], [ -118.220452166873002, 33.773855892286846 ], [ -118.22045, 33.7739 ], [ -118.22045, 33.77448895311997 ], [ -118.220447293041829, 33.774544054519474 ], [ -118.220440821105569, 33.774587684769749 ], [ -118.220430103821087, 33.774630470567715 ], [ -118.220415244401693, 33.774671999862846 ], [ -118.220396385951716, 33.774711872705268 ], [ -118.22037371008831, 33.77474970509774 ], [ -118.220347435192437, 33.774785132693673 ], [ -118.220317814305815, 33.774817814305784 ], [ -118.220285132693689, 33.774847435192427 ], [ -118.220249705097714, 33.774873710088329 ], [ -118.22021187270532, 33.774896385951671 ], [ -118.220171999862899, 33.774915244401654 ], [ -118.220130470567696, 33.774930103821077 ], [ -118.22008768476968, 33.774940821105567 ], [ -118.220044054519391, 33.774947293041826 ], [ -118.219988953120065, 33.77495 ], [ -118.2179, 33.77495 ], [ -118.217855892286849, 33.774952166872993 ], [ -118.217812209355088, 33.774958646623816 ], [ -118.21776937189523, 33.774969376848915 ], [ -118.217727792455435, 33.774984254210366 ], [ -118.217687871468428, 33.775003135431042 ], [ -118.217649993395142, 33.775025838674459 ], [ -118.217614523022121, 33.775052145295987 ], [ -118.217581801948469, 33.775081801948467 ], [ -118.217552145295983, 33.775114523022125 ], [ -118.217525838674462, 33.775149993395139 ], [ -118.217503135431045, 33.775187871468425 ], [ -118.217484254210376, 33.775227792455432 ], [ -118.217469376848925, 33.775269371895234 ], [ -118.217458646623825, 33.775312209355093 ], [ -118.217452166873002, 33.775355892286846 ], [ -118.21745, 33.7754 ], [ -118.21745, 33.77598895311997 ], [ -118.217447293041829, 33.776044054519474 ], [ -118.217440821105569, 33.776087684769749 ], [ -118.217430103821087, 33.776130470567715 ], [ -118.217415244401693, 33.776171999862846 ], [ -118.217396385951716, 33.776211872705268 ], [ -118.21737371008831, 33.77624970509774 ], [ -118.217347435192437, 33.776285132693673 ], [ -118.217317814305815, 33.776317814305784 ], [ -118.217285132693689, 33.776347435192427 ], [ -118.217249705097714, 33.776373710088329 ], [ -118.21721187270532, 33.776396385951671 ], [ -118.217171999862899, 33.776415244401655 ], [ -118.217130470567696, 33.776430103821077 ], [ -118.21708768476968, 33.776440821105567 ], [ -118.217044054519391, 33.776447293041826 ], [ -118.216988953120065, 33.77645 ], [ -118.211011046879932, 33.77645 ], [ -118.210955945480606, 33.776447293041826 ], [ -118.210912315230317, 33.776440821105567 ], [ -118.210869529432301, 33.776430103821077 ], [ -118.210828000137099, 33.776415244401655 ], [ -118.210788127294677, 33.776396385951671 ], [ -118.210750294902283, 33.776373710088329 ], [ -118.210714867306308, 33.776347435192427 ], [ -118.210682185694182, 33.776317814305784 ], [ -118.21065256480756, 33.776285132693673 ], [ -118.210626289911687, 33.77624970509774 ], [ -118.210603614048281, 33.776211872705268 ], [ -118.210584755598305, 33.776171999862846 ], [ -118.21056989617891, 33.776130470567715 ], [ -118.210559178894428, 33.776087684769749 ], [ -118.210552706958168, 33.776044054519474 ], [ -118.21055, 33.77598895311997 ], [ -118.21055, 33.774511046880022 ], [ -118.210552706958168, 33.774455945480518 ], [ -118.210559178894428, 33.774412315230244 ], [ -118.21056989617891, 33.774369529432278 ], [ -118.210584755598305, 33.774328000137146 ], [ -118.210603614048281, 33.774288127294724 ], [ -118.210626289911687, 33.774250294902252 ], [ -118.210652564807503, 33.774214867306398 ], [ -118.210664044398385, 33.774202201529668 ], [ -118.21069263107033, 33.77416729267226 ], [ -118.210717578241315, 33.774129696598017 ], [ -118.210738635105898, 33.77408979127766 ], [ -118.210755589969665, 33.77404797789783 ], [ -118.21076827237755, 33.774004676827765 ], [ -118.210776554827433, 33.773960323393148 ], [ -118.210780354052019, 33.773915363499569 ], [ -118.210779631855942, 33.773870249149617 ], [ -118.210774395499783, 33.773825433898729 ], [ -118.210764697627042, 33.773781368295332 ], [ -118.210750635734911, 33.773738495351317 ], [ -118.21073235119411, 33.773697246088219 ], [ -118.210710027827574, 33.773658035203951 ], [ -118.210683890062427, 33.773621256903667 ], [ -118.210654200673716, 33.773587280936624 ], [ -118.210621258142595, 33.773556448878928 ], [ -118.210585393655549, 33.773529070699517 ], [ -118.210546967774874, 33.77350542164389 ], [ -118.210506366813689, 33.773485739466928 ], [ -118.210463998952264, 33.773470222042668 ], [ -118.210420290134266, 33.773459025374947 ], [ -118.210375679784676, 33.773452262029039 ], [ -118.210330616391957, 33.77345 ], [ -118.209511046879939, 33.77345 ], [ -118.209455945480613, 33.773447293041826 ], [ -118.209412315230324, 33.773440821105567 ], [ -118.209369529432308, 33.773430103821077 ], [ -118.209328000137106, 33.773415244401654 ], [ -118.209288127294684, 33.773396385951671 ], [ -118.20925029490229, 33.773373710088329 ], [ -118.209214867306315, 33.773347435192427 ], [ -118.209182185694189, 33.773317814305784 ], [ -118.209152564807567, 33.773285132693672 ], [ -118.209126289911694, 33.77324970509774 ], [ -118.209103614048288, 33.773211872705268 ], [ -118.209084755598312, 33.773171999862846 ], [ -118.209069896178917, 33.773130470567715 ], [ -118.209059178894435, 33.773087684769749 ], [ -118.209052706958175, 33.773044054519474 ], [ -118.20905, 33.77298895311997 ], [ -118.20905, 33.770011046880022 ], [ -118.209052706958175, 33.769955945480518 ], [ -118.209059178894435, 33.769912315230243 ], [ -118.209069896178917, 33.769869529432277 ], [ -118.209084755598312, 33.769828000137146 ], [ -118.209103614048288, 33.769788127294724 ], [ -118.209126289911694, 33.769750294902252 ], [ -118.209152564807567, 33.76971486730632 ], [ -118.209182185694189, 33.769682185694208 ], [ -118.209214867306315, 33.769652564807565 ], [ -118.20925029490229, 33.769626289911663 ], [ -118.209288127294684, 33.769603614048322 ], [ -118.209328000137106, 33.769584755598338 ], [ -118.209369529432308, 33.769569896178915 ], [ -118.209412315230324, 33.769559178894426 ], [ -118.209455945480613, 33.769552706958166 ], [ -118.209511046879939, 33.76955 ], [ -118.210988953120065, 33.76955 ], [ -118.211044054519391, 33.769552706958166 ], [ -118.21108768476968, 33.769559178894426 ], [ -118.211130470567696, 33.769569896178915 ], [ -118.211171999862898, 33.769584755598338 ], [ -118.21121187270532, 33.769603614048322 ], [ -118.211249705097714, 33.769626289911663 ], [ -118.211285132693689, 33.769652564807565 ], [ -118.211317814305815, 33.769682185694208 ], [ -118.211347435192437, 33.76971486730632 ], [ -118.21138497566298, 33.769765484771277 ], [ -118.211388603426627, 33.769770913077174 ], [ -118.211416677555974, 33.769805103236834 ], [ -118.211447973182956, 33.769836371551264 ], [ -118.211482187841355, 33.769864415818191 ], [ -118.211518990853008, 33.769888964995133 ], [ -118.211558026523889, 33.769909781818988 ], [ -118.211598917581668, 33.769926665099149 ], [ -118.21164126882212, 33.769939451661941 ], [ -118.211684670928605, 33.769948017927675 ], [ -118.211728704428069, 33.769952281105034 ], [ -118.21177294374516, 33.769952199991224 ], [ -118.21181696131535, 33.769947775370198 ], [ -118.211860331717219, 33.769939050005064 ], [ -118.21190263578417, 33.769926108224823 ], [ -118.211943464655462, 33.769909075109283 ], [ -118.211982423727875, 33.76988811528026 ], [ -118.212019136469422, 33.76986343131049 ], [ -118.212053248058496, 33.76983526176582 ], [ -118.2120844288131, 33.769803878899502 ], [ -118.21211237737721, 33.769769586020935 ], [ -118.212153093834218, 33.769714283615357 ], [ -118.212182185694189, 33.769682185694208 ], [ -118.212214867306315, 33.769652564807565 ], [ -118.21225029490229, 33.769626289911663 ], [ -118.212288127294684, 33.769603614048322 ], [ -118.212328000137106, 33.769584755598338 ], [ -118.212369529432308, 33.769569896178915 ], [ -118.212412315230324, 33.769559178894426 ], [ -118.212455945480613, 33.769552706958166 ], [ -118.212511046879939, 33.76955 ], [ -118.213988953120065, 33.76955 ], [ -118.214044054519391, 33.769552706958166 ], [ -118.21408768476968, 33.769559178894426 ], [ -118.214130470567696, 33.769569896178915 ], [ -118.214171999862899, 33.769584755598338 ], [ -118.21421187270532, 33.769603614048322 ], [ -118.214249705097714, 33.769626289911663 ], [ -118.214285132693689, 33.769652564807565 ], [ -118.214317814305815, 33.769682185694208 ], [ -118.214347435192437, 33.76971486730632 ], [ -118.21437371008831, 33.769750294902252 ], [ -118.214396385951716, 33.769788127294724 ], [ -118.214415244401692, 33.769828000137146 ], [ -118.214430103821087, 33.769869529432277 ], [ -118.214440821105569, 33.769912315230243 ], [ -118.214447293041829, 33.769955945480518 ], [ -118.21445, 33.770011046880022 ], [ -118.21445, 33.77148895311997 ], [ -118.214447293041829, 33.771544054519474 ], [ -118.214440821105569, 33.771587684769749 ], [ -118.214430103821087, 33.771630470567715 ], [ -118.214415244401692, 33.771671999862846 ], [ -118.214396385951716, 33.771711872705268 ], [ -118.21437371008831, 33.77174970509774 ], [ -118.214347435192437, 33.771785132693672 ], [ -118.214317814305815, 33.771817814305784 ], [ -118.214285132693689, 33.771847435192427 ], [ -118.214249705097714, 33.771873710088329 ], [ -118.21421187270532, 33.771896385951671 ], [ -118.214171999862899, 33.771915244401654 ], [ -118.214130470567696, 33.771930103821077 ], [ -118.21408768476968, 33.771940821105566 ], [ -118.214044054519391, 33.771947293041826 ], [ -118.213988953120065, 33.77195 ], [ -118.2134, 33.77195 ], [ -118.213355892286856, 33.771952166872993 ], [ -118.213312209355095, 33.771958646623816 ], [ -118.213269371895237, 33.771969376848915 ], [ -118.213227792455442, 33.771984254210366 ], [ -118.213187871468435, 33.772003135431042 ], [ -118.213149993395149, 33.772025838674459 ], [ -118.213114523022128, 33.772052145295987 ], [ -118.213081801948476, 33.772081801948467 ], [ -118.21305214529599, 33.772114523022125 ], [ -118.213025838674469, 33.772149993395139 ], [ -118.213003135431052, 33.772187871468425 ], [ -118.212984254210383, 33.772227792455432 ], [ -118.212969376848932, 33.772269371895234 ], [ -118.212958646623832, 33.772312209355093 ], [ -118.212952166873009, 33.772355892286846 ], [ -118.21295, 33.7724 ], [ -118.21295, 33.77298895311997 ], [ -118.212947293041836, 33.773044054519474 ], [ -118.212940821105576, 33.773087684769749 ], [ -118.212930103821094, 33.773130470567715 ], [ -118.2129152444017, 33.773171999862846 ], [ -118.212896385951723, 33.773211872705268 ], [ -118.212873710088317, 33.77324970509774 ], [ -118.212847435192501, 33.773285132693594 ], [ -118.212835955601619, 33.773297798470324 ], [ -118.212807368929674, 33.773332707327732 ], [ -118.212782421758689, 33.773370303401975 ], [ -118.212761364894106, 33.773410208722332 ], [ -118.212744410030339, 33.773452022102163 ], [ -118.212731727622455, 33.773495323172227 ], [ -118.212723445172571, 33.773539676606845 ], [ -118.212719645947985, 33.773584636500424 ], [ -118.212720368144062, 33.773629750850375 ], [ -118.212725604500221, 33.773674566101263 ], [ -118.212735302372963, 33.773718631704661 ], [ -118.212749364265093, 33.773761504648675 ], [ -118.212767648805894, 33.773802753911774 ], [ -118.21278997217243, 33.773841964796041 ], [ -118.212816109937577, 33.773878743096326 ], [ -118.212845799326288, 33.773912719063368 ], [ -118.212878741857409, 33.773943551121064 ], [ -118.212914606344455, 33.773970929300475 ], [ -118.21295303222513, 33.773994578356103 ], [ -118.212993633186315, 33.774014260533065 ], [ -118.21303600104774, 33.774029777957324 ], [ -118.213079709865738, 33.774040974625045 ], [ -118.213124320215329, 33.774047737970953 ], [ -118.213169383608047, 33.77405 ], [ -118.2161, 33.77405 ], [ -118.216144107713149, 33.774047833127 ], [ -118.216187790644909, 33.774041353376177 ], [ -118.216230628104768, 33.774030623151077 ], [ -118.216272207544563, 33.774015745789626 ], [ -118.21631212853157, 33.77399686456895 ], [ -118.216350006604856, 33.773974161325533 ], [ -118.216385476977877, 33.773947854704005 ], [ -118.216418198051528, 33.773918198051526 ], [ -118.216447854704015, 33.773885476977867 ], [ -118.216474161325536, 33.773850006604853 ], [ -118.216496864568953, 33.773812128531567 ], [ -118.216515745789621, 33.77377220754456 ], [ -118.216530623151073, 33.773730628104758 ], [ -118.216541353376172, 33.7736877906449 ], [ -118.216547833126995, 33.773644107713146 ], [ -118.21655, 33.7736 ], [ -118.21655, 33.773011046880022 ], [ -118.216552706958169, 33.772955945480518 ], [ -118.216559178894428, 33.772912315230244 ], [ -118.21656989617891, 33.772869529432278 ], [ -118.216584755598305, 33.772828000137146 ], [ -118.216603614048282, 33.772788127294724 ], [ -118.216626289911687, 33.772750294902252 ], [ -118.216652564807561, 33.77271486730632 ], [ -118.216682185694182, 33.772682185694208 ], [ -118.216714867306308, 33.772652564807565 ], [ -118.216750294902283, 33.772626289911663 ], [ -118.216788127294677, 33.772603614048322 ], [ -118.216828000137099, 33.772584755598338 ], [ -118.216869529432302, 33.772569896178915 ], [ -118.216912315230317, 33.772559178894426 ], [ -118.216955945480606, 33.772552706958166 ], [ -118.217011046879932, 33.77255 ], [ -118.2191, 33.77255 ], [ -118.219144107713149, 33.772547833127 ], [ -118.219187790644909, 33.772541353376177 ], [ -118.219230628104768, 33.772530623151077 ], [ -118.219272207544563, 33.772515745789626 ], [ -118.21931212853157, 33.77249686456895 ], [ -118.219350006604856, 33.772474161325533 ], [ -118.219385476977877, 33.772447854704005 ], [ -118.219418198051528, 33.772418198051525 ], [ -118.219447854704015, 33.772385476977867 ], [ -118.219474161325536, 33.772350006604853 ], [ -118.219496864568953, 33.772312128531567 ], [ -118.219515745789622, 33.77227220754456 ], [ -118.219530623151073, 33.772230628104758 ], [ -118.219541353376172, 33.7721877906449 ], [ -118.219547833126995, 33.772144107713146 ], [ -118.21955, 33.7721 ], [ -118.21955, 33.771511046880022 ], [ -118.219552706958169, 33.771455945480518 ], [ -118.219559178894428, 33.771412315230243 ], [ -118.219569896178911, 33.771369529432278 ], [ -118.219584755598305, 33.771328000137146 ], [ -118.219603614048282, 33.771288127294724 ], [ -118.219626289911687, 33.771250294902252 ], [ -118.219652564807504, 33.771214867306398 ], [ -118.219664044398385, 33.771202201529668 ], [ -118.21969263107033, 33.77116729267226 ], [ -118.219717578241315, 33.771129696598017 ], [ -118.219738635105898, 33.77108979127766 ], [ -118.219755589969665, 33.77104797789783 ], [ -118.21976827237755, 33.771004676827765 ], [ -118.219776554827433, 33.770960323393147 ], [ -118.21978035405202, 33.770915363499569 ], [ -118.219779631855943, 33.770870249149617 ], [ -118.219774395499783, 33.770825433898729 ], [ -118.219764697627042, 33.770781368295332 ], [ -118.219750635734911, 33.770738495351317 ], [ -118.219732351194111, 33.770697246088218 ], [ -118.219710027827574, 33.770658035203951 ], [ -118.219683890062427, 33.770621256903667 ], [ -118.219654200673716, 33.770587280936624 ], [ -118.219621258142595, 33.770556448878928 ], [ -118.219585393655549, 33.770529070699517 ], [ -118.219546967774875, 33.77050542164389 ], [ -118.21950636681369, 33.770485739466928 ], [ -118.219463998952264, 33.770470222042668 ], [ -118.219420290134266, 33.770459025374947 ], [ -118.219375679784676, 33.770452262029039 ], [ -118.219330616391957, 33.77045 ], [ -118.217011046879932, 33.77045 ], [ -118.216955945480606, 33.770447293041826 ], [ -118.216912315230317, 33.770440821105566 ], [ -118.216869529432302, 33.770430103821077 ], [ -118.216828000137099, 33.770415244401654 ], [ -118.216788127294677, 33.77039638595167 ], [ -118.216750294902283, 33.770373710088329 ], [ -118.216714867306308, 33.770347435192427 ], [ -118.216682185694182, 33.770317814305784 ], [ -118.216652564807561, 33.770285132693672 ], [ -118.216626289911687, 33.77024970509774 ], [ -118.216603614048282, 33.770211872705268 ], [ -118.216584755598305, 33.770171999862846 ], [ -118.21656989617891, 33.770130470567715 ], [ -118.216559178894428, 33.770087684769749 ], [ -118.216552706958169, 33.770044054519474 ], [ -118.21655, 33.76998895311997 ], [ -118.21655, 33.768511046880022 ], [ -118.216552706958169, 33.768455945480518 ], [ -118.216559178894428, 33.768412315230243 ], [ -118.21656989617891, 33.768369529432277 ], [ -118.216584755598305, 33.768328000137146 ], [ -118.216603614048282, 33.768288127294724 ], [ -118.216626289911687, 33.768250294902252 ], [ -118.216652564807561, 33.76821486730632 ], [ -118.216682185694182, 33.768182185694208 ], [ -118.216714867306308, 33.768152564807565 ], [ -118.216750294902283, 33.768126289911663 ], [ -118.216788127294677, 33.768103614048322 ], [ -118.216828000137099, 33.768084755598338 ], [ -118.216869529432302, 33.768069896178915 ], [ -118.216912315230317, 33.768059178894426 ], [ -118.216955945480606, 33.768052706958166 ], [ -118.217011046879932, 33.76805 ], [ -118.219988953120065, 33.76805 ], [ -118.220044054519391, 33.768052706958166 ], [ -118.22008768476968, 33.768059178894426 ], [ -118.220130470567696, 33.768069896178915 ], [ -118.220171999862899, 33.768084755598338 ], [ -118.22021187270532, 33.768103614048322 ], [ -118.220249705097714, 33.768126289911663 ], [ -118.220285132693689, 33.768152564807565 ], [ -118.220317814305815, 33.768182185694208 ], [ -118.220347435192437, 33.76821486730632 ], [ -118.22037371008831, 33.768250294902252 ], [ -118.220396385951716, 33.768288127294724 ], [ -118.220415244401693, 33.768328000137146 ], [ -118.220430103821087, 33.768369529432277 ], [ -118.220440821105569, 33.768412315230243 ], [ -118.220447293041829, 33.768455945480518 ], [ -118.22045, 33.768511046880022 ], [ -118.22045, 33.76998895311997 ], [ -118.220447293041829, 33.770044054519474 ], [ -118.220440821105569, 33.770087684769749 ], [ -118.220430103821087, 33.770130470567715 ], [ -118.220415244401693, 33.770171999862846 ], [ -118.220396385951716, 33.770211872705268 ], [ -118.22037371008831, 33.77024970509774 ], [ -118.220347435192494, 33.770285132693594 ], [ -118.220335955601612, 33.770297798470324 ], [ -118.220307368929667, 33.770332707327732 ], [ -118.220282421758682, 33.770370303401975 ], [ -118.2202613648941, 33.770410208722332 ], [ -118.220244410030332, 33.770452022102162 ], [ -118.220231727622448, 33.770495323172227 ], [ -118.220223445172564, 33.770539676606845 ], [ -118.220219645947978, 33.770584636500423 ], [ -118.220220368144055, 33.770629750850375 ], [ -118.220225604500214, 33.770674566101263 ], [ -118.220235302372956, 33.770718631704661 ], [ -118.220249364265086, 33.770761504648675 ], [ -118.220267648805887, 33.770802753911774 ], [ -118.220289972172424, 33.770841964796041 ], [ -118.220316109937571, 33.770878743096326 ], [ -118.220345799326282, 33.770912719063368 ], [ -118.220378741857402, 33.770943551121064 ], [ -118.220414606344448, 33.770970929300475 ], [ -118.220453032225123, 33.770994578356103 ], [ -118.220493633186308, 33.771014260533065 ], [ -118.220536001047734, 33.771029777957324 ], [ -118.220579709865731, 33.771040974625045 ], [ -118.220624320215322, 33.771047737970953 ], [ -118.22066938360804, 33.77105 ], [ -118.2221, 33.77105 ], [ -118.222144107713149, 33.771047833127 ], [ -118.222187790644909, 33.771041353376177 ], [ -118.222230628104768, 33.771030623151077 ], [ -118.222272207544563, 33.771015745789626 ], [ -118.22231212853157, 33.77099686456895 ], [ -118.222350006604856, 33.770974161325533 ], [ -118.222385476977877, 33.770947854704005 ], [ -118.222418198051528, 33.770918198051525 ], [ -118.222447854704015, 33.770885476977867 ], [ -118.222474161325536, 33.770850006604853 ], [ -118.222496864568953, 33.770812128531567 ], [ -118.222515745789622, 33.77077220754456 ], [ -118.222530623151073, 33.770730628104758 ], [ -118.222541353376172, 33.770687790644899 ], [ -118.222547833126995, 33.770644107713146 ], [ -118.22255, 33.7706 ], [ -118.22255, 33.770011046880022 ], [ -118.222552706958169, 33.769955945480518 ], [ -118.222559178894429, 33.769912315230243 ], [ -118.222569896178911, 33.769869529432277 ], [ -118.222584755598305, 33.769828000137146 ], [ -118.222603614048282, 33.769788127294724 ], [ -118.222626289911688, 33.769750294902252 ], [ -118.222652564807561, 33.76971486730632 ], [ -118.222682185694183, 33.769682185694208 ], [ -118.222714867306308, 33.769652564807565 ], [ -118.222750294902283, 33.769626289911663 ], [ -118.222788127294677, 33.769603614048322 ], [ -118.222828000137099, 33.769584755598338 ], [ -118.222869529432302, 33.769569896178915 ], [ -118.222912315230317, 33.769559178894426 ], [ -118.222955945480606, 33.769552706958166 ], [ -118.223011046879932, 33.76955 ], [ -118.225988953120066, 33.76955 ], [ -118.226044054519392, 33.769552706958166 ], [ -118.226087684769681, 33.769559178894426 ], [ -118.226130470567696, 33.769569896178915 ], [ -118.226171999862899, 33.769584755598338 ], [ -118.226211872705321, 33.769603614048322 ], [ -118.226249705097715, 33.769626289911663 ], [ -118.22628513269369, 33.769652564807565 ], [ -118.226297798470327, 33.769664044398368 ], [ -118.226332707327728, 33.76969263107032 ], [ -118.226370303401978, 33.769717578241305 ], [ -118.226410208722328, 33.769738635105888 ], [ -118.226452022102151, 33.769755589969662 ], [ -118.226495323172216, 33.769768272377547 ], [ -118.226539676606848, 33.76977655482743 ], [ -118.226584636500419, 33.769780354052017 ], [ -118.226629750850378, 33.769779631855947 ], [ -118.226674566101266, 33.76977439549978 ], [ -118.226718631704671, 33.769764697627032 ], [ -118.226761504648678, 33.769750635734908 ], [ -118.226802753911784, 33.769732351194108 ], [ -118.226841964796051, 33.769710027827571 ], [ -118.226878743096336, 33.769683890062431 ], [ -118.226912719063378, 33.76965420067372 ], [ -118.226943551121067, 33.769621258142593 ], [ -118.226970929300478, 33.769585393655554 ], [ -118.226994578356113, 33.769546967774872 ], [ -118.227014260533068, 33.769506366813694 ], [ -118.227029777957341, 33.769463998952254 ], [ -118.227040974625055, 33.769420290134263 ], [ -118.227047737970963, 33.769375679784673 ], [ -118.22705, 33.769330616391954 ], [ -118.22705, 33.768511046880022 ], [ -118.227052706958176, 33.768455945480518 ], [ -118.227059178894436, 33.768412315230243 ], [ -118.227069896178918, 33.768369529432277 ], [ -118.227084755598312, 33.768328000137146 ], [ -118.227103614048289, 33.768288127294724 ], [ -118.227126289911695, 33.768250294902252 ], [ -118.227152564807568, 33.76821486730632 ], [ -118.22718218569419, 33.768182185694208 ], [ -118.227214867306316, 33.768152564807565 ], [ -118.227250294902291, 33.768126289911663 ], [ -118.227288127294685, 33.768103614048322 ], [ -118.227328000137106, 33.768084755598338 ], [ -118.227369529432309, 33.768069896178915 ], [ -118.227412315230325, 33.768059178894426 ], [ -118.227455945480614, 33.768052706958166 ], [ -118.22751104687994, 33.76805 ], [ -118.2311, 33.76805 ], [ -118.231144107713149, 33.768047833127 ], [ -118.23118779064491, 33.768041353376177 ], [ -118.231230628104768, 33.768030623151077 ], [ -118.231272207544563, 33.768015745789626 ], [ -118.23131212853157, 33.76799686456895 ], [ -118.231350006604856, 33.767974161325533 ], [ -118.231385476977877, 33.767947854704005 ], [ -118.231418198051529, 33.767918198051525 ], [ -118.231447854704015, 33.767885476977867 ], [ -118.231474161325536, 33.767850006604853 ], [ -118.231496864568953, 33.767812128531567 ], [ -118.231515745789622, 33.76777220754456 ], [ -118.231530623151073, 33.767730628104758 ], [ -118.231541353376173, 33.767687790644899 ], [ -118.231547833126996, 33.767644107713146 ], [ -118.23155, 33.7676 ], [ -118.23155, 33.767011046880022 ], [ -118.231552706958169, 33.766955945480518 ], [ -118.231559178894429, 33.766912315230243 ], [ -118.231569896178911, 33.766869529432277 ], [ -118.231584755598305, 33.766828000137146 ], [ -118.231603614048282, 33.766788127294724 ], [ -118.231626289911688, 33.766750294902252 ], [ -118.231652564807561, 33.76671486730632 ], [ -118.231682185694183, 33.766682185694208 ], [ -118.231714867306309, 33.766652564807565 ], [ -118.231750294902284, 33.766626289911663 ], [ -118.231788127294678, 33.766603614048321 ], [ -118.231828000137099, 33.766584755598338 ], [ -118.231869529432302, 33.766569896178915 ], [ -118.231912315230318, 33.766559178894425 ], [ -118.231955945480607, 33.766552706958166 ], [ -118.232011046879933, 33.76655 ], [ -118.237988953120066, 33.76655 ], [ -118.238044054519392, 33.766552706958166 ], [ -118.238087684769681, 33.766559178894425 ], [ -118.238130470567697, 33.766569896178915 ], [ -118.238171999862899, 33.766584755598338 ], [ -118.238211872705321, 33.766603614048321 ], [ -118.238249705097715, 33.766626289911663 ], [ -118.23828513269369, 33.766652564807565 ], [ -118.238317814305816, 33.766682185694208 ], [ -118.238347435192438, 33.76671486730632 ], [ -118.238373710088311, 33.766750294902252 ], [ -118.238396385951717, 33.766788127294724 ] ] ], [ [ [ -118.21737371008831, 33.685750294902256 ], [ -118.217396385951716, 33.685788127294728 ], [ -118.217415244401693, 33.68582800013715 ], [ -118.217430103821087, 33.685869529432281 ], [ -118.217440821105569, 33.685912315230247 ], [ -118.217447293041829, 33.685955945480522 ], [ -118.21745, 33.686011046880026 ], [ -118.21745, 33.6866 ], [ -118.217452166873002, 33.68664410771315 ], [ -118.217458646623825, 33.686687790644903 ], [ -118.217469376848925, 33.686730628104762 ], [ -118.217484254210376, 33.686772207544564 ], [ -118.217503135431045, 33.686812128531571 ], [ -118.217525838674462, 33.686850006604857 ], [ -118.217552145295983, 33.686885476977871 ], [ -118.217581801948469, 33.686918198051529 ], [ -118.217614523022121, 33.686947854704009 ], [ -118.217649993395142, 33.686974161325537 ], [ -118.217687871468428, 33.686996864568954 ], [ -118.217727792455435, 33.68701574578963 ], [ -118.21776937189523, 33.687030623151081 ], [ -118.217812209355088, 33.687041353376181 ], [ -118.217855892286849, 33.687047833127004 ], [ -118.2179, 33.68705 ], [ -118.219988953120065, 33.68705 ], [ -118.220044054519391, 33.68705270695817 ], [ -118.22008768476968, 33.68705917889443 ], [ -118.220130470567696, 33.687069896178919 ], [ -118.220171999862899, 33.687084755598342 ], [ -118.22021187270532, 33.687103614048326 ], [ -118.220249705097714, 33.687126289911667 ], [ -118.220285132693689, 33.687152564807569 ], [ -118.220317814305815, 33.687182185694212 ], [ -118.220347435192437, 33.687214867306324 ], [ -118.22037371008831, 33.687250294902256 ], [ -118.220396385951716, 33.687288127294728 ], [ -118.220415244401693, 33.68732800013715 ], [ -118.220430103821087, 33.687369529432281 ], [ -118.220440821105569, 33.687412315230247 ], [ -118.220447293041829, 33.687455945480522 ], [ -118.22045, 33.687511046880026 ], [ -118.22045, 33.69126790387417 ], [ -118.220221708019977, 33.691127226689176 ], [ -118.219885578570967, 33.690941738960873 ], [ -118.219533215052707, 33.690789329463655 ], [ -118.219167863365342, 33.690671402162408 ], [ -118.218792889053347, 33.690589043379148 ], [ -118.21841174630282, 33.690543011786012 ], [ -118.218027946122277, 33.690533731416558 ], [ -118.217645023999921, 33.690561287759635 ], [ -118.217266507335424, 33.690625426971884 ], [ -118.216895882946361, 33.690725558216101 ], [ -118.212134406939185, 33.692260649642364 ], [ -118.212126289911694, 33.692249705097744 ], [ -118.212103614048289, 33.692211872705272 ], [ -118.212084755598312, 33.69217199986285 ], [ -118.212069896178917, 33.692130470567719 ], [ -118.212059178894435, 33.692087684769753 ], [ -118.212052706958175, 33.692044054519478 ], [ -118.21205, 33.691988953119974 ], [ -118.21205, 33.689011046880026 ], [ -118.212052706958175, 33.688955945480522 ], [ -118.212059178894435, 33.688912315230247 ], [ -118.212069896178917, 33.688869529432282 ], [ -118.212084755598312, 33.68882800013715 ], [ -118.212103614048289, 33.688788127294728 ], [ -118.212126289911694, 33.688750294902256 ], [ -118.212152564807568, 33.688714867306324 ], [ -118.212182185694189, 33.688682185694212 ], [ -118.212214867306315, 33.688652564807569 ], [ -118.21225029490229, 33.688626289911667 ], [ -118.212288127294684, 33.688603614048326 ], [ -118.212328000137106, 33.688584755598342 ], [ -118.212369529432308, 33.688569896178919 ], [ -118.212412315230324, 33.68855917889443 ], [ -118.212455945480613, 33.68855270695817 ], [ -118.212511046879939, 33.68855 ], [ -118.2131, 33.68855 ], [ -118.213144107713148, 33.688547833127004 ], [ -118.213187790644909, 33.688541353376181 ], [ -118.213230628104768, 33.688530623151081 ], [ -118.213272207544563, 33.68851574578963 ], [ -118.21331212853157, 33.688496864568954 ], [ -118.213350006604855, 33.688474161325537 ], [ -118.213385476977876, 33.688447854704009 ], [ -118.213418198051528, 33.688418198051529 ], [ -118.213447854704015, 33.688385476977871 ], [ -118.213474161325536, 33.688350006604857 ], [ -118.213496864568953, 33.688312128531571 ], [ -118.213515745789621, 33.688272207544564 ], [ -118.213530623151073, 33.688230628104762 ], [ -118.213541353376172, 33.688187790644903 ], [ -118.213547833126995, 33.68814410771315 ], [ -118.21355, 33.6881 ], [ -118.21355, 33.687511046880026 ], [ -118.213552706958168, 33.687455945480522 ], [ -118.213559178894428, 33.687412315230247 ], [ -118.21356989617891, 33.687369529432281 ], [ -118.213584755598305, 33.68732800013715 ], [ -118.213603614048282, 33.687288127294728 ], [ -118.213626289911687, 33.687250294902256 ], [ -118.21365256480756, 33.687214867306324 ], [ -118.213682185694182, 33.687182185694212 ], [ -118.213714867306308, 33.687152564807569 ], [ -118.213750294902283, 33.687126289911667 ], [ -118.213788127294677, 33.687103614048326 ], [ -118.213828000137099, 33.687084755598342 ], [ -118.213869529432301, 33.687069896178919 ], [ -118.213912315230317, 33.68705917889443 ], [ -118.213955945480606, 33.68705270695817 ], [ -118.214011046879932, 33.68705 ], [ -118.2146, 33.68705 ], [ -118.214644107713156, 33.687047833127004 ], [ -118.214687790644916, 33.687041353376181 ], [ -118.214730628104775, 33.687030623151081 ], [ -118.21477220754457, 33.68701574578963 ], [ -118.214812128531577, 33.686996864568954 ], [ -118.214850006604863, 33.686974161325537 ], [ -118.214885476977884, 33.686947854704009 ], [ -118.214918198051535, 33.686918198051529 ], [ -118.214947854704022, 33.686885476977871 ], [ -118.214974161325543, 33.686850006604857 ], [ -118.21499686456896, 33.686812128531571 ], [ -118.215015745789628, 33.686772207544564 ], [ -118.21503062315108, 33.686730628104762 ], [ -118.215041353376179, 33.686687790644903 ], [ -118.215047833127002, 33.68664410771315 ], [ -118.21505, 33.6866 ], [ -118.21505, 33.686011046880026 ], [ -118.215052706958176, 33.685955945480522 ], [ -118.215059178894435, 33.685912315230247 ], [ -118.215069896178917, 33.685869529432281 ], [ -118.215084755598312, 33.68582800013715 ], [ -118.215103614048289, 33.685788127294728 ], [ -118.215126289911694, 33.685750294902256 ], [ -118.215152564807568, 33.685714867306324 ], [ -118.215182185694189, 33.685682185694212 ], [ -118.215214867306315, 33.685652564807569 ], [ -118.21525029490229, 33.685626289911667 ], [ -118.215288127294684, 33.685603614048325 ], [ -118.215328000137106, 33.685584755598342 ], [ -118.215369529432309, 33.685569896178919 ], [ -118.215412315230324, 33.68555917889443 ], [ -118.215455945480613, 33.68555270695817 ], [ -118.215511046879939, 33.68555 ], [ -118.216988953120065, 33.68555 ], [ -118.217044054519391, 33.68555270695817 ], [ -118.21708768476968, 33.68555917889443 ], [ -118.217130470567696, 33.685569896178919 ], [ -118.217171999862899, 33.685584755598342 ], [ -118.21721187270532, 33.685603614048325 ], [ -118.217249705097714, 33.685626289911667 ], [ -118.217285132693689, 33.685652564807569 ], [ -118.217317814305815, 33.685682185694212 ], [ -118.217347435192437, 33.685714867306324 ], [ -118.21737371008831, 33.685750294902256 ] ] ], [ [ [ -118.221873710088317, 33.759250294902252 ], [ -118.221896385951723, 33.759288127294724 ], [ -118.2219152444017, 33.759328000137145 ], [ -118.221930103821094, 33.759369529432277 ], [ -118.221940821105576, 33.759412315230243 ], [ -118.221947293041836, 33.759455945480518 ], [ -118.22195, 33.759511046880021 ], [ -118.22195, 33.76098895311997 ], [ -118.221947293041836, 33.761044054519473 ], [ -118.221940821105576, 33.761087684769748 ], [ -118.221930103821094, 33.761130470567714 ], [ -118.2219152444017, 33.761171999862846 ], [ -118.221896385951723, 33.761211872705267 ], [ -118.221873710088317, 33.76124970509774 ], [ -118.221847435192444, 33.761285132693672 ], [ -118.221817814305822, 33.761317814305784 ], [ -118.221785132693697, 33.761347435192427 ], [ -118.221749705097722, 33.761373710088328 ], [ -118.221711872705328, 33.76139638595167 ], [ -118.221671999862906, 33.761415244401654 ], [ -118.221630470567703, 33.761430103821077 ], [ -118.221587684769688, 33.761440821105566 ], [ -118.221544054519399, 33.761447293041826 ], [ -118.221488953120073, 33.76145 ], [ -118.218511046879939, 33.76145 ], [ -118.218455945480613, 33.761447293041826 ], [ -118.218412315230324, 33.761440821105566 ], [ -118.218369529432309, 33.761430103821077 ], [ -118.218328000137106, 33.761415244401654 ], [ -118.218288127294684, 33.76139638595167 ], [ -118.21825029490229, 33.761373710088328 ], [ -118.218214867306315, 33.761347435192427 ], [ -118.218182185694189, 33.761317814305784 ], [ -118.218152564807568, 33.761285132693672 ], [ -118.218126289911694, 33.76124970509774 ], [ -118.218103614048289, 33.761211872705267 ], [ -118.218084755598312, 33.761171999862846 ], [ -118.218069896178918, 33.761130470567714 ], [ -118.218059178894435, 33.761087684769748 ], [ -118.218052706958176, 33.761044054519473 ], [ -118.21805, 33.76098895311997 ], [ -118.21805, 33.7604 ], [ -118.218047833127002, 33.760355892286846 ], [ -118.218041353376179, 33.760312209355092 ], [ -118.21803062315108, 33.760269371895234 ], [ -118.218015745789629, 33.760227792455431 ], [ -118.21799686456896, 33.760187871468425 ], [ -118.217974161325543, 33.760149993395139 ], [ -118.217947854704022, 33.760114523022125 ], [ -118.217918198051535, 33.760081801948466 ], [ -118.217885476977884, 33.760052145295987 ], [ -118.217850006604863, 33.760025838674458 ], [ -118.217812128531577, 33.760003135431042 ], [ -118.21777220754457, 33.759984254210366 ], [ -118.217730628104775, 33.759969376848915 ], [ -118.217687790644916, 33.759958646623815 ], [ -118.217644107713156, 33.759952166872992 ], [ -118.2176, 33.75995 ], [ -118.217011046879932, 33.75995 ], [ -118.216955945480606, 33.759947293041826 ], [ -118.216912315230317, 33.759940821105566 ], [ -118.216869529432302, 33.759930103821077 ], [ -118.216828000137099, 33.759915244401654 ], [ -118.216788127294677, 33.75989638595167 ], [ -118.216750294902283, 33.759873710088328 ], [ -118.216714867306322, 33.759847435192427 ], [ -118.216702201529714, 33.759835955601659 ], [ -118.216668803388799, 33.759808489249302 ], [ -118.216632923182004, 33.759784355308703 ], [ -118.216594892218524, 33.75976377662689 ], [ -118.216555061667137, 33.759746943222446 ], [ -118.216513799313589, 33.759734010530984 ], [ -118.216471486164536, 33.759725097969877 ], [ -118.216428512929411, 33.75972028783557 ], [ -118.216385276412765, 33.759719624543678 ], [ -118.216342175850173, 33.759723114218893 ], [ -118.216299609221878, 33.759730724638381 ], [ -118.21625796957791, 33.759742385529364 ], [ -118.216217641408718, 33.759757989217974 ], [ -118.216178997094929, 33.759777391623501 ], [ -118.216142393468843, 33.759800413588799 ], [ -118.216108168519554, 33.759826842534565 ], [ -118.216076638272014, 33.759856434422282 ], [ -118.216048093868949, 33.759888916007561 ], [ -118.216022798882506, 33.759923987363244 ], [ -118.21600098688053, 33.759961324648877 ], [ -118.215982859269801, 33.760000583100933 ], [ -118.215968583436307, 33.760041400216295 ], [ -118.215958291199669, 33.760083399099535 ], [ -118.215952077595929, 33.760126191943066 ], [ -118.21595, 33.760169383608044 ], [ -118.21595, 33.76248895311997 ], [ -118.215947293041836, 33.762544054519473 ], [ -118.215940821105576, 33.762587684769748 ], [ -118.215930103821094, 33.762630470567714 ], [ -118.2159152444017, 33.762671999862846 ], [ -118.215896385951723, 33.762711872705268 ], [ -118.215873710088317, 33.76274970509774 ], [ -118.215847435192444, 33.762785132693672 ], [ -118.215817814305822, 33.762817814305784 ], [ -118.215785132693696, 33.762847435192427 ], [ -118.215749705097721, 33.762873710088328 ], [ -118.215711872705327, 33.76289638595167 ], [ -118.215671999862906, 33.762915244401654 ], [ -118.215630470567703, 33.762930103821077 ], [ -118.215587684769687, 33.762940821105566 ], [ -118.215544054519398, 33.762947293041826 ], [ -118.215488953120072, 33.76295 ], [ -118.214011046879932, 33.76295 ], [ -118.213955945480606, 33.762947293041826 ], [ -118.213912315230317, 33.762940821105566 ], [ -118.213869529432301, 33.762930103821077 ], [ -118.213828000137099, 33.762915244401654 ], [ -118.213788127294677, 33.76289638595167 ], [ -118.213750294902283, 33.762873710088328 ], [ -118.213714867306308, 33.762847435192427 ], [ -118.213682185694182, 33.762817814305784 ], [ -118.21365256480756, 33.762785132693672 ], [ -118.213626289911687, 33.76274970509774 ], [ -118.213603614048282, 33.762711872705268 ], [ -118.213584755598305, 33.762671999862846 ], [ -118.21356989617891, 33.762630470567714 ], [ -118.213559178894428, 33.762587684769748 ], [ -118.213552706958168, 33.762544054519473 ], [ -118.21355, 33.76248895311997 ], [ -118.21355, 33.7619 ], [ -118.213547833126995, 33.761855892286846 ], [ -118.213541353376172, 33.761812209355092 ], [ -118.213530623151073, 33.761769371895234 ], [ -118.213515745789621, 33.761727792455432 ], [ -118.213496864568953, 33.761687871468425 ], [ -118.213474161325536, 33.761649993395139 ], [ -118.213447854704015, 33.761614523022125 ], [ -118.213418198051528, 33.761581801948466 ], [ -118.213385476977876, 33.761552145295987 ], [ -118.213350006604855, 33.761525838674459 ], [ -118.21331212853157, 33.761503135431042 ], [ -118.213272207544563, 33.761484254210366 ], [ -118.213230628104768, 33.761469376848915 ], [ -118.213187790644909, 33.761458646623815 ], [ -118.213144107713148, 33.761452166872992 ], [ -118.2131, 33.76145 ], [ -118.212511046879939, 33.76145 ], [ -118.212455945480613, 33.761447293041826 ], [ -118.212412315230324, 33.761440821105566 ], [ -118.212369529432308, 33.761430103821077 ], [ -118.212328000137106, 33.761415244401654 ], [ -118.212288127294684, 33.76139638595167 ], [ -118.21225029490229, 33.761373710088328 ], [ -118.212214867306315, 33.761347435192427 ], [ -118.212182185694189, 33.761317814305784 ], [ -118.212152564807568, 33.761285132693672 ], [ -118.212126289911694, 33.76124970509774 ], [ -118.212103614048289, 33.761211872705267 ], [ -118.212084755598312, 33.761171999862846 ], [ -118.212069896178917, 33.761130470567714 ], [ -118.212059178894435, 33.761087684769748 ], [ -118.212052706958175, 33.761044054519473 ], [ -118.21205, 33.76098895311997 ], [ -118.21205, 33.759511046880021 ], [ -118.212052706958175, 33.759455945480518 ], [ -118.212059178894435, 33.759412315230243 ], [ -118.212069896178917, 33.759369529432277 ], [ -118.212084755598312, 33.759328000137145 ], [ -118.212103614048289, 33.759288127294724 ], [ -118.212126289911694, 33.759250294902252 ], [ -118.212152564807568, 33.759214867306319 ], [ -118.212182185694189, 33.759182185694208 ], [ -118.212214867306315, 33.759152564807565 ], [ -118.212265484770711, 33.759115024337454 ], [ -118.212270913076438, 33.759111396573935 ], [ -118.212305103236204, 33.759083322444631 ], [ -118.212336371550734, 33.759052026817663 ], [ -118.212364415817746, 33.759017812159286 ], [ -118.212388964994773, 33.758981009147618 ], [ -118.212409781818721, 33.75894197347673 ], [ -118.21242666509896, 33.758901082418916 ], [ -118.212439451661822, 33.758858731178428 ], [ -118.212448017927628, 33.758815329071901 ], [ -118.21245228110503, 33.758771295572394 ], [ -118.212452199991276, 33.758727056255253 ], [ -118.212447775370279, 33.758683038685014 ], [ -118.212439050005173, 33.758639668283074 ], [ -118.212426108224932, 33.758597364216072 ], [ -118.212409075109392, 33.758556535344717 ], [ -118.212388115280362, 33.758517576272247 ], [ -118.212363431310564, 33.758480863530643 ], [ -118.212335261765872, 33.758446751941527 ], [ -118.212303878899519, 33.758415571186887 ], [ -118.212269586020909, 33.758387622622742 ], [ -118.212214283615296, 33.75834690616572 ], [ -118.212182185694189, 33.758317814305784 ], [ -118.212152564807568, 33.758285132693672 ], [ -118.212126289911694, 33.758249705097739 ], [ -118.212103614048289, 33.758211872705267 ], [ -118.212084755598312, 33.758171999862846 ], [ -118.212069896178917, 33.758130470567714 ], [ -118.212059178894435, 33.758087684769748 ], [ -118.212052706958175, 33.758044054519473 ], [ -118.21205, 33.75798895311997 ], [ -118.21205, 33.752011046880021 ], [ -118.212052706958175, 33.751955945480518 ], [ -118.212059178894435, 33.751912315230243 ], [ -118.212069896178917, 33.751869529432277 ], [ -118.212084755598312, 33.751828000137145 ], [ -118.212103614048289, 33.751788127294724 ], [ -118.212126289911694, 33.751750294902251 ], [ -118.212152564807568, 33.751714867306319 ], [ -118.212182185694189, 33.751682185694207 ], [ -118.212214867306315, 33.751652564807564 ], [ -118.21225029490229, 33.751626289911663 ], [ -118.212288127294684, 33.751603614048321 ], [ -118.212328000137106, 33.751584755598337 ], [ -118.212369529432308, 33.751569896178914 ], [ -118.212412315230324, 33.751559178894425 ], [ -118.212455945480613, 33.751552706958165 ], [ -118.212511046879939, 33.75155 ], [ -118.215488953120072, 33.75155 ], [ -118.215544054519398, 33.751552706958165 ], [ -118.215587684769687, 33.751559178894425 ], [ -118.215630470567703, 33.751569896178914 ], [ -118.215671999862906, 33.751584755598337 ], [ -118.215711872705327, 33.751603614048321 ], [ -118.215749705097721, 33.751626289911663 ], [ -118.215785132693696, 33.751652564807564 ], [ -118.215817814305822, 33.751682185694207 ], [ -118.215847435192444, 33.751714867306319 ], [ -118.215873710088317, 33.751750294902251 ], [ -118.215896385951723, 33.751788127294724 ], [ -118.2159152444017, 33.751828000137145 ], [ -118.215930103821094, 33.751869529432277 ], [ -118.215940821105576, 33.751912315230243 ], [ -118.215947293041836, 33.751955945480518 ], [ -118.21595, 33.752011046880021 ], [ -118.21595, 33.754330616391947 ], [ -118.215952077595929, 33.754373808056926 ], [ -118.215958291199669, 33.754416600900456 ], [ -118.215968583436307, 33.754458599783696 ], [ -118.215982859269801, 33.754499416899058 ], [ -118.21600098688053, 33.754538675351114 ], [ -118.216022798882506, 33.754576012636747 ], [ -118.216048093868949, 33.75461108399243 ], [ -118.216076638272014, 33.754643565577709 ], [ -118.216108168519554, 33.754673157465426 ], [ -118.216142393468843, 33.754699586411192 ], [ -118.216178997094929, 33.75472260837649 ], [ -118.216217641408718, 33.754742010782017 ], [ -118.21625796957791, 33.754757614470627 ], [ -118.216299609221878, 33.75476927536161 ], [ -118.216342175850173, 33.754776885781098 ], [ -118.216385276412765, 33.754780375456313 ], [ -118.216428512929411, 33.754779712164421 ], [ -118.216471486164536, 33.754774902030114 ], [ -118.216513799313589, 33.754765989469007 ], [ -118.216555061667137, 33.754753056777545 ], [ -118.216594892218524, 33.754736223373101 ], [ -118.216632923182004, 33.754715644691288 ], [ -118.216668803388799, 33.754691510750689 ], [ -118.216702201529714, 33.754664044398332 ], [ -118.216714867306322, 33.754652564807564 ], [ -118.216750294902283, 33.754626289911663 ], [ -118.216788127294677, 33.754603614048321 ], [ -118.216828000137099, 33.754584755598337 ], [ -118.216869529432302, 33.754569896178914 ], [ -118.216912315230317, 33.754559178894425 ], [ -118.216955945480606, 33.754552706958165 ], [ -118.217011046879932, 33.75455 ], [ -118.218488953120072, 33.75455 ], [ -118.218544054519398, 33.754552706958165 ], [ -118.218587684769687, 33.754559178894425 ], [ -118.218630470567703, 33.754569896178914 ], [ -118.218671999862906, 33.754584755598337 ], [ -118.218711872705327, 33.754603614048321 ], [ -118.218749705097721, 33.754626289911663 ], [ -118.218785132693696, 33.754652564807564 ], [ -118.218817814305822, 33.754682185694207 ], [ -118.218847435192444, 33.754714867306319 ], [ -118.218873710088317, 33.754750294902252 ], [ -118.218896385951723, 33.754788127294724 ], [ -118.2189152444017, 33.754828000137145 ], [ -118.218930103821094, 33.754869529432277 ], [ -118.218940821105576, 33.754912315230243 ], [ -118.218947293041836, 33.754955945480518 ], [ -118.21895, 33.755011046880021 ], [ -118.21895, 33.7586 ], [ -118.218952166873009, 33.758644107713145 ], [ -118.218958646623832, 33.758687790644899 ], [ -118.218969376848932, 33.758730628104757 ], [ -118.218984254210383, 33.75877220754456 ], [ -118.219003135431052, 33.758812128531567 ], [ -118.219025838674469, 33.758850006604852 ], [ -118.21905214529599, 33.758885476977866 ], [ -118.219081801948477, 33.758918198051525 ], [ -118.219114523022128, 33.758947854704004 ], [ -118.219149993395149, 33.758974161325533 ], [ -118.219187871468435, 33.75899686456895 ], [ -118.219227792455442, 33.759015745789625 ], [ -118.219269371895237, 33.759030623151077 ], [ -118.219312209355095, 33.759041353376176 ], [ -118.219355892286856, 33.759047833126999 ], [ -118.2194, 33.75905 ], [ -118.221488953120073, 33.75905 ], [ -118.221544054519399, 33.759052706958165 ], [ -118.221587684769688, 33.759059178894425 ], [ -118.221630470567703, 33.759069896178914 ], [ -118.221671999862906, 33.759084755598337 ], [ -118.221711872705328, 33.759103614048321 ], [ -118.221749705097722, 33.759126289911663 ], [ -118.221785132693697, 33.759152564807565 ], [ -118.221817814305822, 33.759182185694208 ], [ -118.221847435192444, 33.759214867306319 ], [ -118.221873710088317, 33.759250294902252 ] ], [ [ -118.215729086923574, 33.758388603426056 ], [ -118.215694896763807, 33.75841667755536 ], [ -118.215663628449278, 33.758447973182328 ], [ -118.215635584182266, 33.758482187840706 ], [ -118.215611035005239, 33.758518990852373 ], [ -118.215590218181291, 33.758558026523261 ], [ -118.215573334901052, 33.758598917581075 ], [ -118.215560548338189, 33.758641268821563 ], [ -118.215551982072384, 33.758684670928091 ], [ -118.215547718894982, 33.758728704427597 ], [ -118.215547800008736, 33.758772943744738 ], [ -118.215552224629732, 33.758816961314977 ], [ -118.215560949994838, 33.758860331716917 ], [ -118.21557389177508, 33.758902635783919 ], [ -118.21559092489062, 33.758943464655275 ], [ -118.21561188471965, 33.758982423727744 ], [ -118.215636568689447, 33.759019136469348 ], [ -118.215664738234139, 33.759053248058464 ], [ -118.215696121100493, 33.759084428813104 ], [ -118.215730413979102, 33.759112377377249 ], [ -118.215785716384715, 33.759153093834264 ], [ -118.215797798470291, 33.759164044398332 ], [ -118.215831196611205, 33.759191510750689 ], [ -118.215867076818, 33.759215644691288 ], [ -118.215905107781481, 33.759236223373101 ], [ -118.215944938332868, 33.759253056777546 ], [ -118.215986200686416, 33.759265989469007 ], [ -118.216028513835468, 33.759274902030114 ], [ -118.216071487070593, 33.759279712164421 ], [ -118.216114723587239, 33.759280375456314 ], [ -118.216157824149832, 33.759276885781098 ], [ -118.216200390778127, 33.759269275361611 ], [ -118.216242030422094, 33.759257614470627 ], [ -118.216282358591286, 33.759242010782017 ], [ -118.216321002905076, 33.75922260837649 ], [ -118.216357606531162, 33.759199586411192 ], [ -118.21639183148045, 33.759173157465426 ], [ -118.21642336172799, 33.759143565577709 ], [ -118.216451906131056, 33.75911108399243 ], [ -118.216477201117499, 33.759076012636747 ], [ -118.216499013119474, 33.759038675351114 ], [ -118.216517140730204, 33.758999416899059 ], [ -118.216531416563697, 33.758958599783696 ], [ -118.216541708800335, 33.758916600900456 ], [ -118.216547922404075, 33.758873808056926 ], [ -118.21655, 33.758830616391947 ], [ -118.21655, 33.758669383608044 ], [ -118.216547922404075, 33.758626191943065 ], [ -118.216541708800335, 33.758583399099535 ], [ -118.216531416563697, 33.758541400216295 ], [ -118.216517140730204, 33.758500583100933 ], [ -118.216499013119474, 33.758461324648877 ], [ -118.216477201117499, 33.758423987363244 ], [ -118.216451906131056, 33.758388916007561 ], [ -118.21642336172799, 33.758356434422282 ], [ -118.21639183148045, 33.758326842534565 ], [ -118.216357606531162, 33.758300413588799 ], [ -118.216321002905076, 33.758277391623501 ], [ -118.216282358591286, 33.758257989217974 ], [ -118.216242030422094, 33.758242385529364 ], [ -118.216200390778127, 33.758230724638381 ], [ -118.216157824149832, 33.758223114218893 ], [ -118.216114723587239, 33.758219624543678 ], [ -118.216071487070593, 33.75822028783557 ], [ -118.216028513835468, 33.758225097969877 ], [ -118.215986200686416, 33.758234010530984 ], [ -118.215944938332868, 33.758246943222446 ], [ -118.215905107781481, 33.75826377662689 ], [ -118.215867076818, 33.758284355308703 ], [ -118.215831196611205, 33.758308489249302 ], [ -118.215797798470291, 33.758335955601659 ], [ -118.215785132693682, 33.758347435192427 ], [ -118.2157345152293, 33.758384975662544 ], [ -118.215729086923574, 33.758388603426056 ] ] ], [ [ [ -118.223396385951716, 33.751788127294724 ], [ -118.223415244401693, 33.751828000137145 ], [ -118.223430103821087, 33.751869529432277 ], [ -118.223440821105569, 33.751912315230243 ], [ -118.223447293041829, 33.751955945480518 ], [ -118.22345, 33.752011046880021 ], [ -118.22345, 33.75348895311997 ], [ -118.223447293041829, 33.753544054519473 ], [ -118.223440821105569, 33.753587684769748 ], [ -118.223430103821087, 33.753630470567714 ], [ -118.223415244401693, 33.753671999862846 ], [ -118.223396385951716, 33.753711872705267 ], [ -118.22337371008831, 33.753749705097739 ], [ -118.223347435192437, 33.753785132693672 ], [ -118.223317814305815, 33.753817814305783 ], [ -118.22328513269369, 33.753847435192426 ], [ -118.223249705097714, 33.753873710088328 ], [ -118.223211872705321, 33.75389638595167 ], [ -118.223171999862899, 33.753915244401654 ], [ -118.223130470567696, 33.753930103821077 ], [ -118.223087684769681, 33.753940821105566 ], [ -118.223044054519391, 33.753947293041826 ], [ -118.222988953120066, 33.75395 ], [ -118.221511046879939, 33.75395 ], [ -118.221455945480614, 33.753947293041826 ], [ -118.221412315230324, 33.753940821105566 ], [ -118.221369529432309, 33.753930103821077 ], [ -118.221328000137106, 33.753915244401654 ], [ -118.221288127294685, 33.75389638595167 ], [ -118.221250294902291, 33.753873710088328 ], [ -118.221214867306315, 33.753847435192426 ], [ -118.22118218569419, 33.753817814305783 ], [ -118.221152564807568, 33.753785132693672 ], [ -118.221126289911695, 33.753749705097739 ], [ -118.221103614048289, 33.753711872705267 ], [ -118.221084755598312, 33.753671999862846 ], [ -118.221069896178918, 33.753630470567714 ], [ -118.221059178894436, 33.753587684769748 ], [ -118.221052706958176, 33.753544054519473 ], [ -118.22105, 33.75348895311997 ], [ -118.22105, 33.752011046880021 ], [ -118.221052706958176, 33.751955945480518 ], [ -118.221059178894436, 33.751912315230243 ], [ -118.221069896178918, 33.751869529432277 ], [ -118.221084755598312, 33.751828000137145 ], [ -118.221103614048289, 33.751788127294724 ], [ -118.221126289911695, 33.751750294902251 ], [ -118.221152564807568, 33.751714867306319 ], [ -118.22118218569419, 33.751682185694207 ], [ -118.221214867306315, 33.751652564807564 ], [ -118.221250294902291, 33.751626289911663 ], [ -118.221288127294685, 33.751603614048321 ], [ -118.221328000137106, 33.751584755598337 ], [ -118.221369529432309, 33.751569896178914 ], [ -118.221412315230324, 33.751559178894425 ], [ -118.221455945480614, 33.751552706958165 ], [ -118.221511046879939, 33.75155 ], [ -118.222988953120066, 33.75155 ], [ -118.223044054519391, 33.751552706958165 ], [ -118.223087684769681, 33.751559178894425 ], [ -118.223130470567696, 33.751569896178914 ], [ -118.223171999862899, 33.751584755598337 ], [ -118.223211872705321, 33.751603614048321 ], [ -118.223249705097714, 33.751626289911663 ], [ -118.22328513269369, 33.751652564807564 ], [ -118.223317814305815, 33.751682185694207 ], [ -118.223347435192437, 33.751714867306319 ], [ -118.22337371008831, 33.751750294902251 ], [ -118.223396385951716, 33.751788127294724 ] ] ], [ [ [ -118.2279152444017, 33.744671999862845 ], [ -118.227896385951723, 33.744711872705267 ], [ -118.227873710088318, 33.744749705097739 ], [ -118.227847435192444, 33.744785132693671 ], [ -118.227817814305823, 33.744817814305783 ], [ -118.227785132693697, 33.744847435192426 ], [ -118.227749705097722, 33.744873710088328 ], [ -118.227711872705328, 33.74489638595167 ], [ -118.227671999862906, 33.744915244401653 ], [ -118.227630470567703, 33.744930103821076 ], [ -118.227587684769688, 33.744940821105565 ], [ -118.227544054519399, 33.744947293041825 ], [ -118.227488953120073, 33.74495 ], [ -118.226800240133244, 33.74495 ], [ -118.227928139191917, 33.744635961338439 ], [ -118.2279152444017, 33.744671999862845 ] ] ], [ [ [ -118.226345799326282, 33.745087280936623 ], [ -118.226316109937571, 33.745121256903666 ], [ -118.226289972172424, 33.74515803520395 ], [ -118.226267648805887, 33.745197246088217 ], [ -118.226249364265087, 33.745238495351316 ], [ -118.226235302372956, 33.745281368295331 ], [ -118.226225604500215, 33.745325433898728 ], [ -118.226220368144055, 33.745370249149616 ], [ -118.226219645947978, 33.745415363499568 ], [ -118.226223445172565, 33.745460323393146 ], [ -118.226231727622448, 33.745504676827764 ], [ -118.226244410030333, 33.745547977897829 ], [ -118.2262613648941, 33.745589791277659 ], [ -118.226282421758683, 33.745629696598016 ], [ -118.226307368929668, 33.745667292672259 ], [ -118.226335955601613, 33.745702201529667 ], [ -118.226347435192494, 33.745714867306397 ], [ -118.226373710088311, 33.745750294902251 ], [ -118.226396385951716, 33.745788127294723 ], [ -118.226415244401693, 33.745828000137145 ], [ -118.226430103821087, 33.745869529432277 ], [ -118.22644082110557, 33.745912315230242 ], [ -118.226447293041829, 33.745955945480517 ], [ -118.22645, 33.746011046880021 ], [ -118.22645, 33.747488953119969 ], [ -118.226447293041829, 33.747544054519473 ], [ -118.22644082110557, 33.747587684769748 ], [ -118.226430103821087, 33.747630470567714 ], [ -118.226415244401693, 33.747671999862845 ], [ -118.226396385951716, 33.747711872705267 ], [ -118.226373710088311, 33.747749705097739 ], [ -118.226347435192437, 33.747785132693672 ], [ -118.226317814305816, 33.747817814305783 ], [ -118.22628513269369, 33.747847435192426 ], [ -118.226249705097715, 33.747873710088328 ], [ -118.226211872705321, 33.74789638595167 ], [ -118.226171999862899, 33.747915244401653 ], [ -118.226130470567696, 33.747930103821076 ], [ -118.226087684769681, 33.747940821105566 ], [ -118.226044054519392, 33.747947293041825 ], [ -118.225988953120066, 33.74795 ], [ -118.22451104687994, 33.74795 ], [ -118.224455945480614, 33.747947293041825 ], [ -118.224412315230325, 33.747940821105566 ], [ -118.224369529432309, 33.747930103821076 ], [ -118.224328000137106, 33.747915244401653 ], [ -118.224288127294685, 33.74789638595167 ], [ -118.224250294902291, 33.747873710088328 ], [ -118.224214867306316, 33.747847435192426 ], [ -118.22418218569419, 33.747817814305783 ], [ -118.224152564807568, 33.747785132693672 ], [ -118.224126289911695, 33.747749705097739 ], [ -118.224103614048289, 33.747711872705267 ], [ -118.224084755598312, 33.747671999862845 ], [ -118.224069896178918, 33.747630470567714 ], [ -118.224059178894436, 33.747587684769748 ], [ -118.224052706958176, 33.747544054519473 ], [ -118.22405, 33.747488953119969 ], [ -118.22405, 33.7469 ], [ -118.224047833127003, 33.746855892286845 ], [ -118.22404135337618, 33.746812209355092 ], [ -118.22403062315108, 33.746769371895233 ], [ -118.224015745789629, 33.746727792455431 ], [ -118.22399686456896, 33.746687871468424 ], [ -118.223974161325543, 33.746649993395138 ], [ -118.223947854704022, 33.746614523022124 ], [ -118.223918198051535, 33.746581801948466 ], [ -118.223885476977884, 33.746552145295986 ], [ -118.223850006604863, 33.746525838674458 ], [ -118.223812128531577, 33.746503135431041 ], [ -118.22377220754457, 33.746484254210365 ], [ -118.223730628104775, 33.746469376848914 ], [ -118.223687790644917, 33.746458646623815 ], [ -118.223644107713156, 33.746452166872992 ], [ -118.2236, 33.74645 ], [ -118.223011046879932, 33.74645 ], [ -118.222955945480606, 33.746447293041825 ], [ -118.222912315230317, 33.746440821105566 ], [ -118.222869529432302, 33.746430103821076 ], [ -118.222828000137099, 33.746415244401653 ], [ -118.222788127294677, 33.74639638595167 ], [ -118.222750294902283, 33.746373710088328 ], [ -118.222714867306308, 33.746347435192426 ], [ -118.222682185694183, 33.746317814305783 ], [ -118.222652564807561, 33.746285132693671 ], [ -118.222626289911688, 33.746249705097739 ], [ -118.222603614048282, 33.746211872705267 ], [ -118.222584755598305, 33.746171999862845 ], [ -118.222569896178911, 33.746130470567714 ], [ -118.22256928165281, 33.746128017241972 ], [ -118.226362151857103, 33.745071976035732 ], [ -118.226345799326282, 33.745087280936623 ] ] ], [ [ [ -118.242873710088318, 33.750250294902251 ], [ -118.242896385951724, 33.750288127294723 ], [ -118.242915244401701, 33.750328000137145 ], [ -118.242930103821095, 33.750369529432277 ], [ -118.242940821105577, 33.750412315230243 ], [ -118.242947293041837, 33.750455945480518 ], [ -118.24295, 33.750511046880021 ], [ -118.24295, 33.751988953119969 ], [ -118.242947293041837, 33.752044054519473 ], [ -118.242940821105577, 33.752087684769748 ], [ -118.242930103821095, 33.752130470567714 ], [ -118.242915244401701, 33.752171999862846 ], [ -118.242896385951724, 33.752211872705267 ], [ -118.242873710088318, 33.752249705097739 ], [ -118.242847435192445, 33.752285132693672 ], [ -118.242817814305823, 33.752317814305783 ], [ -118.242785132693697, 33.752347435192426 ], [ -118.242749705097722, 33.752373710088328 ], [ -118.242711872705328, 33.75239638595167 ], [ -118.242671999862907, 33.752415244401654 ], [ -118.242630470567704, 33.752430103821077 ], [ -118.242587684769688, 33.752440821105566 ], [ -118.242544054519399, 33.752447293041826 ], [ -118.242488953120073, 33.75245 ], [ -118.2419, 33.75245 ], [ -118.24185589228685, 33.752452166872992 ], [ -118.241812209355089, 33.752458646623815 ], [ -118.241769371895231, 33.752469376848914 ], [ -118.241727792455436, 33.752484254210366 ], [ -118.241687871468429, 33.752503135431041 ], [ -118.241649993395143, 33.752525838674458 ], [ -118.241614523022122, 33.752552145295986 ], [ -118.24158180194847, 33.752581801948466 ], [ -118.241552145295984, 33.752614523022125 ], [ -118.241525838674463, 33.752649993395138 ], [ -118.241503135431046, 33.752687871468424 ], [ -118.241484254210377, 33.752727792455431 ], [ -118.241469376848926, 33.752769371895234 ], [ -118.241458646623826, 33.752812209355092 ], [ -118.241452166873003, 33.752855892286846 ], [ -118.24145, 33.7529 ], [ -118.24145, 33.75348895311997 ], [ -118.24144729304183, 33.753544054519473 ], [ -118.24144082110557, 33.753587684769748 ], [ -118.241430103821088, 33.753630470567714 ], [ -118.241415244401693, 33.753671999862846 ], [ -118.241396385951717, 33.753711872705267 ], [ -118.241373710088311, 33.753749705097739 ], [ -118.241347435192438, 33.753785132693672 ], [ -118.241317814305816, 33.753817814305783 ], [ -118.24128513269369, 33.753847435192426 ], [ -118.241249705097715, 33.753873710088328 ], [ -118.241211872705321, 33.75389638595167 ], [ -118.2411719998629, 33.753915244401654 ], [ -118.241130470567697, 33.753930103821077 ], [ -118.241087684769681, 33.753940821105566 ], [ -118.241044054519392, 33.753947293041826 ], [ -118.240988953120066, 33.75395 ], [ -118.2374, 33.75395 ], [ -118.237355892286857, 33.753952166872992 ], [ -118.237312209355096, 33.753958646623815 ], [ -118.237269371895238, 33.753969376848914 ], [ -118.237227792455442, 33.753984254210366 ], [ -118.237187871468436, 33.754003135431041 ], [ -118.23714999339515, 33.754025838674458 ], [ -118.237114523022129, 33.754052145295987 ], [ -118.237081801948477, 33.754081801948466 ], [ -118.237052145295991, 33.754114523022125 ], [ -118.237025838674469, 33.754149993395139 ], [ -118.237003135431053, 33.754187871468424 ], [ -118.236984254210384, 33.754227792455431 ], [ -118.236969376848933, 33.754269371895234 ], [ -118.236958646623833, 33.754312209355092 ], [ -118.23695216687301, 33.754355892286846 ], [ -118.23695, 33.7544 ], [ -118.23695, 33.75498895311997 ], [ -118.236947293041837, 33.755044054519473 ], [ -118.236940821105577, 33.755087684769748 ], [ -118.236930103821095, 33.755130470567714 ], [ -118.2369152444017, 33.755171999862846 ], [ -118.236896385951724, 33.755211872705267 ], [ -118.236873710088318, 33.755249705097739 ], [ -118.236847435192445, 33.755285132693672 ], [ -118.236817814305823, 33.755317814305783 ], [ -118.236785132693697, 33.755347435192427 ], [ -118.236749705097722, 33.755373710088328 ], [ -118.236711872705328, 33.75539638595167 ], [ -118.236671999862907, 33.755415244401654 ], [ -118.236630470567704, 33.755430103821077 ], [ -118.236587684769688, 33.755440821105566 ], [ -118.236544054519399, 33.755447293041826 ], [ -118.236488953120073, 33.75545 ], [ -118.2314, 33.75545 ], [ -118.231355892286857, 33.755452166872992 ], [ -118.231312209355096, 33.755458646623815 ], [ -118.231269371895237, 33.755469376848914 ], [ -118.231227792455442, 33.755484254210366 ], [ -118.231187871468435, 33.755503135431042 ], [ -118.23114999339515, 33.755525838674458 ], [ -118.231114523022129, 33.755552145295987 ], [ -118.231081801948477, 33.755581801948466 ], [ -118.23105214529599, 33.755614523022125 ], [ -118.231025838674469, 33.755649993395139 ], [ -118.231003135431052, 33.755687871468425 ], [ -118.230984254210384, 33.755727792455431 ], [ -118.230969376848932, 33.755769371895234 ], [ -118.230958646623833, 33.755812209355092 ], [ -118.23095216687301, 33.755855892286846 ], [ -118.23095, 33.7559 ], [ -118.23095, 33.75648895311997 ], [ -118.230947293041837, 33.756544054519473 ], [ -118.230940821105577, 33.756587684769748 ], [ -118.230930103821095, 33.756630470567714 ], [ -118.2309152444017, 33.756671999862846 ], [ -118.230896385951723, 33.756711872705267 ], [ -118.230873710088318, 33.756749705097739 ], [ -118.230847435192445, 33.756785132693672 ], [ -118.230817814305823, 33.756817814305784 ], [ -118.230785132693697, 33.756847435192427 ], [ -118.230749705097722, 33.756873710088328 ], [ -118.230711872705328, 33.75689638595167 ], [ -118.230671999862906, 33.756915244401654 ], [ -118.230630470567704, 33.756930103821077 ], [ -118.230587684769688, 33.756940821105566 ], [ -118.230544054519399, 33.756947293041826 ], [ -118.230488953120073, 33.75695 ], [ -118.229011046879933, 33.75695 ], [ -118.228955945480607, 33.756947293041826 ], [ -118.228912315230318, 33.756940821105566 ], [ -118.228869529432302, 33.756930103821077 ], [ -118.228828000137099, 33.756915244401654 ], [ -118.228788127294678, 33.75689638595167 ], [ -118.228750294902284, 33.756873710088328 ], [ -118.228714867306309, 33.756847435192427 ], [ -118.228682185694183, 33.756817814305784 ], [ -118.228652564807561, 33.756785132693672 ], [ -118.228626289911688, 33.756749705097739 ], [ -118.228603614048282, 33.756711872705267 ], [ -118.228584755598305, 33.756671999862846 ], [ -118.228569896178911, 33.756630470567714 ], [ -118.228559178894429, 33.756587684769748 ], [ -118.228552706958169, 33.756544054519473 ], [ -118.22855, 33.75648895311997 ], [ -118.22855, 33.753511046880021 ], [ -118.228552706958169, 33.753455945480518 ], [ -118.228559178894429, 33.753412315230243 ], [ -118.228569896178911, 33.753369529432277 ], [ -118.228584755598305, 33.753328000137145 ], [ -118.228603614048282, 33.753288127294724 ], [ -118.228626289911688, 33.753250294902251 ], [ -118.228652564807561, 33.753214867306319 ], [ -118.228682185694183, 33.753182185694207 ], [ -118.228714867306309, 33.753152564807564 ], [ -118.228750294902284, 33.753126289911663 ], [ -118.228788127294678, 33.753103614048321 ], [ -118.228828000137099, 33.753084755598337 ], [ -118.228869529432302, 33.753069896178914 ], [ -118.228912315230318, 33.753059178894425 ], [ -118.228955945480607, 33.753052706958165 ], [ -118.229011046879933, 33.75305 ], [ -118.2341, 33.75305 ], [ -118.234144107713149, 33.753047833126999 ], [ -118.23418779064491, 33.753041353376176 ], [ -118.234230628104768, 33.753030623151076 ], [ -118.234272207544564, 33.753015745789625 ], [ -118.23431212853157, 33.752996864568949 ], [ -118.234350006604856, 33.752974161325533 ], [ -118.234385476977877, 33.752947854704004 ], [ -118.234418198051529, 33.752918198051525 ], [ -118.234447854704015, 33.752885476977866 ], [ -118.234474161325537, 33.752850006604852 ], [ -118.234496864568953, 33.752812128531566 ], [ -118.234515745789622, 33.75277220754456 ], [ -118.234530623151073, 33.752730628104757 ], [ -118.234541353376173, 33.752687790644899 ], [ -118.234547833126996, 33.752644107713145 ], [ -118.23455, 33.7526 ], [ -118.23455, 33.752011046880021 ], [ -118.234552706958169, 33.751955945480518 ], [ -118.234559178894429, 33.751912315230243 ], [ -118.234569896178911, 33.751869529432277 ], [ -118.234584755598306, 33.751828000137145 ], [ -118.234603614048282, 33.751788127294724 ], [ -118.234626289911688, 33.751750294902251 ], [ -118.234652564807561, 33.751714867306319 ], [ -118.234682185694183, 33.751682185694207 ], [ -118.234714867306309, 33.751652564807564 ], [ -118.234750294902284, 33.751626289911663 ], [ -118.234788127294678, 33.751603614048321 ], [ -118.234828000137099, 33.751584755598337 ], [ -118.234869529432302, 33.751569896178914 ], [ -118.234912315230318, 33.751559178894425 ], [ -118.234955945480607, 33.751552706958165 ], [ -118.235011046879933, 33.75155 ], [ -118.2386, 33.75155 ], [ -118.238644107713156, 33.751547833126999 ], [ -118.238687790644917, 33.751541353376176 ], [ -118.238730628104776, 33.751530623151076 ], [ -118.238772207544571, 33.751515745789625 ], [ -118.238812128531578, 33.751496864568949 ], [ -118.238850006604864, 33.751474161325532 ], [ -118.238885476977885, 33.751447854704004 ], [ -118.238918198051536, 33.751418198051525 ], [ -118.238947854704023, 33.751385476977866 ], [ -118.238974161325544, 33.751350006604852 ], [ -118.238996864568961, 33.751312128531566 ], [ -118.239015745789629, 33.751272207544559 ], [ -118.239030623151081, 33.751230628104757 ], [ -118.23904135337618, 33.751187790644899 ], [ -118.239047833127003, 33.751144107713145 ], [ -118.23905, 33.7511 ], [ -118.23905, 33.750511046880021 ], [ -118.239052706958176, 33.750455945480518 ], [ -118.239059178894436, 33.750412315230243 ], [ -118.239069896178918, 33.750369529432277 ], [ -118.239084755598313, 33.750328000137145 ], [ -118.23910361404829, 33.750288127294723 ], [ -118.239126289911695, 33.750250294902251 ], [ -118.239152564807569, 33.750214867306319 ], [ -118.23918218569419, 33.750182185694207 ], [ -118.239214867306316, 33.750152564807564 ], [ -118.239250294902291, 33.750126289911663 ], [ -118.239288127294685, 33.750103614048321 ], [ -118.239328000137107, 33.750084755598337 ], [ -118.239369529432309, 33.750069896178914 ], [ -118.239412315230325, 33.750059178894425 ], [ -118.239455945480614, 33.750052706958165 ], [ -118.23951104687994, 33.75005 ], [ -118.242488953120073, 33.75005 ], [ -118.242544054519399, 33.750052706958165 ], [ -118.242587684769688, 33.750059178894425 ], [ -118.242630470567704, 33.750069896178914 ], [ -118.242671999862907, 33.750084755598337 ], [ -118.242711872705328, 33.750103614048321 ], [ -118.242749705097722, 33.750126289911663 ], [ -118.242785132693697, 33.750152564807564 ], [ -118.242817814305823, 33.750182185694207 ], [ -118.242847435192445, 33.750214867306319 ], [ -118.242873710088318, 33.750250294902251 ] ] ], [ [ [ -118.242873710088318, 33.763750294902252 ], [ -118.242896385951724, 33.763788127294724 ], [ -118.242915244401701, 33.763828000137146 ], [ -118.242930103821095, 33.763869529432277 ], [ -118.242940821105577, 33.763912315230243 ], [ -118.242947293041837, 33.763955945480518 ], [ -118.24295, 33.764011046880022 ], [ -118.24295, 33.76548895311997 ], [ -118.242947293041837, 33.765544054519474 ], [ -118.242940821105577, 33.765587684769748 ], [ -118.242930103821095, 33.765630470567714 ], [ -118.242915244401701, 33.765671999862846 ], [ -118.242896385951724, 33.765711872705268 ], [ -118.242873710088318, 33.76574970509774 ], [ -118.242847435192445, 33.765785132693672 ], [ -118.242817814305823, 33.765817814305784 ], [ -118.242785132693697, 33.765847435192427 ], [ -118.242749705097722, 33.765873710088329 ], [ -118.242711872705328, 33.76589638595167 ], [ -118.242671999862907, 33.765915244401654 ], [ -118.242630470567704, 33.765930103821077 ], [ -118.242587684769688, 33.765940821105566 ], [ -118.242544054519399, 33.765947293041826 ], [ -118.242488953120073, 33.76595 ], [ -118.23951104687994, 33.76595 ], [ -118.239455945480614, 33.765947293041826 ], [ -118.239412315230325, 33.765940821105566 ], [ -118.239369529432309, 33.765930103821077 ], [ -118.239328000137107, 33.765915244401654 ], [ -118.239288127294685, 33.76589638595167 ], [ -118.239250294902291, 33.765873710088329 ], [ -118.239214867306316, 33.765847435192427 ], [ -118.23918218569419, 33.765817814305784 ], [ -118.239152564807569, 33.765785132693672 ], [ -118.239126289911695, 33.76574970509774 ], [ -118.23910361404829, 33.765711872705268 ], [ -118.239084755598313, 33.765671999862846 ], [ -118.239069896178918, 33.765630470567714 ], [ -118.239059178894436, 33.765587684769748 ], [ -118.239052706958176, 33.765544054519474 ], [ -118.23905, 33.76548895311997 ], [ -118.23905, 33.764011046880022 ], [ -118.239052706958176, 33.763955945480518 ], [ -118.239059178894436, 33.763912315230243 ], [ -118.239069896178918, 33.763869529432277 ], [ -118.239084755598313, 33.763828000137146 ], [ -118.23910361404829, 33.763788127294724 ], [ -118.239126289911695, 33.763750294902252 ], [ -118.239152564807569, 33.763714867306319 ], [ -118.23918218569419, 33.763682185694208 ], [ -118.239214867306316, 33.763652564807565 ], [ -118.239250294902291, 33.763626289911663 ], [ -118.239288127294685, 33.763603614048321 ], [ -118.239328000137107, 33.763584755598337 ], [ -118.239369529432309, 33.763569896178915 ], [ -118.239412315230325, 33.763559178894425 ], [ -118.239455945480614, 33.763552706958166 ], [ -118.23951104687994, 33.76355 ], [ -118.242488953120073, 33.76355 ], [ -118.242544054519399, 33.763552706958166 ], [ -118.242587684769688, 33.763559178894425 ], [ -118.242630470567704, 33.763569896178915 ], [ -118.242671999862907, 33.763584755598337 ], [ -118.242711872705328, 33.763603614048321 ], [ -118.242749705097722, 33.763626289911663 ], [ -118.242785132693697, 33.763652564807565 ], [ -118.242817814305823, 33.763682185694208 ], [ -118.242847435192445, 33.763714867306319 ], [ -118.242873710088318, 33.763750294902252 ] ] ], [ [ [ -118.260873710088319, 33.72475029490225 ], [ -118.260896385951725, 33.724788127294723 ], [ -118.260915244401701, 33.724828000137144 ], [ -118.260930103821096, 33.724869529432276 ], [ -118.260940821105578, 33.724912315230242 ], [ -118.260947293041838, 33.724955945480517 ], [ -118.26095, 33.72501104688002 ], [ -118.26095, 33.727441013644899 ], [ -118.260866976095301, 33.727479340880521 ], [ -118.260529801807351, 33.727677006627317 ], [ -118.260213528091242, 33.727906634988841 ], [ -118.259921174535677, 33.728166033613455 ], [ -118.259658058127059, 33.72845 ], [ -118.259011046879934, 33.72845 ], [ -118.258955945480608, 33.728447293041825 ], [ -118.258912315230319, 33.728440821105565 ], [ -118.258869529432303, 33.728430103821076 ], [ -118.2588280001371, 33.728415244401653 ], [ -118.258788127294679, 33.728396385951669 ], [ -118.258750294902285, 33.728373710088327 ], [ -118.258714867306324, 33.728347435192426 ], [ -118.258702201529715, 33.728335955601658 ], [ -118.258668803388801, 33.728308489249301 ], [ -118.258632923182006, 33.728284355308702 ], [ -118.258594892218525, 33.728263776626889 ], [ -118.258555061667138, 33.728246943222445 ], [ -118.25851379931359, 33.728234010530983 ], [ -118.258471486164538, 33.728225097969876 ], [ -118.258428512929413, 33.728220287835569 ], [ -118.258385276412767, 33.728219624543677 ], [ -118.258342175850174, 33.728223114218892 ], [ -118.258299609221879, 33.728230724638379 ], [ -118.258257969577912, 33.728242385529363 ], [ -118.25821764140872, 33.728257989217973 ], [ -118.25817899709493, 33.7282773916235 ], [ -118.258142393468844, 33.728300413588798 ], [ -118.258108168519556, 33.728326842534564 ], [ -118.258076638272016, 33.728356434422281 ], [ -118.25804809386895, 33.72838891600756 ], [ -118.258022798882507, 33.728423987363243 ], [ -118.258000986880532, 33.728461324648876 ], [ -118.257982859269802, 33.728500583100931 ], [ -118.257968583436309, 33.728541400216294 ], [ -118.257958291199671, 33.728583399099534 ], [ -118.257952077595931, 33.728626191943064 ], [ -118.25795, 33.728669383608043 ], [ -118.25795, 33.7301 ], [ -118.257952166873011, 33.730144107713144 ], [ -118.257958646623834, 33.730187790644898 ], [ -118.257969376848934, 33.730230628104756 ], [ -118.257984254210385, 33.730272207544559 ], [ -118.258003135431053, 33.730312128531565 ], [ -118.25802583867447, 33.730350006604851 ], [ -118.258052145295991, 33.730385476977865 ], [ -118.258081801948478, 33.730418198051524 ], [ -118.25811452302213, 33.730447854704003 ], [ -118.258149993395151, 33.730474161325532 ], [ -118.258187871468436, 33.730496864568948 ], [ -118.258227792455443, 33.730515745789624 ], [ -118.258269371895238, 33.730530623151076 ], [ -118.258312209355097, 33.730541353376175 ], [ -118.258355892286858, 33.730547833126998 ], [ -118.2584, 33.73055 ], [ -118.258733420747689, 33.73055 ], [ -118.258714603533221, 33.73068064659325 ], [ -118.258697623489638, 33.731084032637483 ], [ -118.258721394156964, 33.731487075535867 ], [ -118.25878567335873, 33.731885669071666 ], [ -118.258889806215933, 33.732275752358433 ], [ -118.258903785798353, 33.732319190967054 ], [ -118.259022800194785, 33.732640974377688 ], [ -118.259154831577192, 33.732921387312501 ], [ -118.259130470567698, 33.732930103821076 ], [ -118.259087684769682, 33.732940821105565 ], [ -118.259044054519393, 33.732947293041825 ], [ -118.258988953120067, 33.73295 ], [ -118.2569, 33.73295 ], [ -118.25685589228685, 33.732952166872991 ], [ -118.25681220935509, 33.732958646623814 ], [ -118.256769371895231, 33.732969376848914 ], [ -118.256727792455436, 33.732984254210365 ], [ -118.256687871468429, 33.733003135431041 ], [ -118.256649993395143, 33.733025838674457 ], [ -118.256614523022122, 33.733052145295986 ], [ -118.256581801948471, 33.733081801948465 ], [ -118.256552145295984, 33.733114523022124 ], [ -118.256525838674463, 33.733149993395138 ], [ -118.256503135431046, 33.733187871468424 ], [ -118.256484254210378, 33.73322779245543 ], [ -118.256469376848926, 33.733269371895233 ], [ -118.256458646623827, 33.733312209355091 ], [ -118.256452166873004, 33.733355892286845 ], [ -118.25645, 33.7334 ], [ -118.25645, 33.733988953119969 ], [ -118.25644729304183, 33.734044054519472 ], [ -118.256440821105571, 33.734087684769747 ], [ -118.256430103821089, 33.734130470567713 ], [ -118.256415244401694, 33.734171999862845 ], [ -118.256396385951717, 33.734211872705266 ], [ -118.256373710088312, 33.734249705097739 ], [ -118.256347435192438, 33.734285132693671 ], [ -118.256317814305817, 33.734317814305783 ], [ -118.256285132693691, 33.734347435192426 ], [ -118.256249705097716, 33.734373710088327 ], [ -118.256211872705322, 33.734396385951669 ], [ -118.2561719998629, 33.734415244401653 ], [ -118.256130470567697, 33.734430103821076 ], [ -118.256087684769682, 33.734440821105565 ], [ -118.256044054519393, 33.734447293041825 ], [ -118.255988953120067, 33.73445 ], [ -118.2524, 33.73445 ], [ -118.252355892286857, 33.734452166872991 ], [ -118.252312209355097, 33.734458646623814 ], [ -118.252269371895238, 33.734469376848914 ], [ -118.252227792455443, 33.734484254210365 ], [ -118.252187871468436, 33.734503135431041 ], [ -118.25214999339515, 33.734525838674458 ], [ -118.252114523022129, 33.734552145295986 ], [ -118.252081801948478, 33.734581801948465 ], [ -118.252052145295991, 33.734614523022124 ], [ -118.25202583867447, 33.734649993395138 ], [ -118.252003135431053, 33.734687871468424 ], [ -118.251984254210385, 33.734727792455431 ], [ -118.251969376848933, 33.734769371895233 ], [ -118.251958646623834, 33.734812209355091 ], [ -118.251952166873011, 33.734855892286845 ], [ -118.25195, 33.7349 ], [ -118.25195, 33.735488953119969 ], [ -118.251947293041837, 33.735544054519472 ], [ -118.251940821105578, 33.735587684769747 ], [ -118.251930103821095, 33.735630470567713 ], [ -118.251915244401701, 33.735671999862845 ], [ -118.251896385951724, 33.735711872705267 ], [ -118.251873710088319, 33.735749705097739 ], [ -118.251847435192445, 33.735785132693671 ], [ -118.251817814305824, 33.735817814305783 ], [ -118.251785132693698, 33.735847435192426 ], [ -118.251749705097723, 33.735873710088327 ], [ -118.251711872705329, 33.735896385951669 ], [ -118.251671999862907, 33.735915244401653 ], [ -118.251630470567704, 33.735930103821076 ], [ -118.251587684769689, 33.735940821105565 ], [ -118.2515440545194, 33.735947293041825 ], [ -118.251488953120074, 33.73595 ], [ -118.248511046879941, 33.73595 ], [ -118.248455945480615, 33.735947293041825 ], [ -118.248412315230325, 33.735940821105565 ], [ -118.24836952943231, 33.735930103821076 ], [ -118.248328000137107, 33.735915244401653 ], [ -118.248288127294686, 33.735896385951669 ], [ -118.248250294902292, 33.735873710088327 ], [ -118.248214867306316, 33.735847435192426 ], [ -118.248182185694191, 33.735817814305783 ], [ -118.248152564807569, 33.735785132693671 ], [ -118.248126289911696, 33.735749705097739 ], [ -118.24810361404829, 33.735711872705267 ], [ -118.248084755598313, 33.735671999862845 ], [ -118.248069896178919, 33.735630470567713 ], [ -118.248059178894437, 33.735587684769747 ], [ -118.248052706958177, 33.735544054519472 ], [ -118.24805, 33.735488953119969 ], [ -118.24805, 33.734669383608036 ], [ -118.248047737970964, 33.734624320215318 ], [ -118.248040974625056, 33.734579709865727 ], [ -118.248029777957342, 33.734536001047736 ], [ -118.248014260533068, 33.734493633186297 ], [ -118.247994578356113, 33.734453032225119 ], [ -118.247970929300479, 33.734414606344437 ], [ -118.247943551121068, 33.734378741857398 ], [ -118.247912719063379, 33.73434579932627 ], [ -118.247878743096337, 33.734316109937559 ], [ -118.247841964796052, 33.734289972172419 ], [ -118.247802753911785, 33.734267648805883 ], [ -118.247761504648679, 33.734249364265082 ], [ -118.247718631704672, 33.734235302372959 ], [ -118.247674566101267, 33.73422560450021 ], [ -118.247629750850379, 33.734220368144044 ], [ -118.24758463650042, 33.734219645947974 ], [ -118.247539676606849, 33.73422344517256 ], [ -118.247495323172217, 33.734231727622443 ], [ -118.247452022102152, 33.734244410030328 ], [ -118.247410208722329, 33.734261364894103 ], [ -118.247370303401979, 33.734282421758685 ], [ -118.247332707327729, 33.73430736892967 ], [ -118.247297798470328, 33.734335955601622 ], [ -118.24728513269369, 33.734347435192426 ], [ -118.247249705097715, 33.734373710088327 ], [ -118.247211872705321, 33.734396385951669 ], [ -118.2471719998629, 33.734415244401653 ], [ -118.247130470567697, 33.734430103821076 ], [ -118.247087684769681, 33.734440821105565 ], [ -118.247044054519392, 33.734447293041825 ], [ -118.246988953120066, 33.73445 ], [ -118.243718033006743, 33.73445 ], [ -118.242653186395899, 33.73205 ], [ -118.2446, 33.73205 ], [ -118.244644107713157, 33.732047833126998 ], [ -118.244687790644917, 33.732041353376175 ], [ -118.244730628104776, 33.732030623151076 ], [ -118.244772207544571, 33.732015745789624 ], [ -118.244812128531578, 33.731996864568949 ], [ -118.244850006604864, 33.731974161325532 ], [ -118.244885476977885, 33.731947854704003 ], [ -118.244918198051536, 33.731918198051524 ], [ -118.244947854704023, 33.731885476977865 ], [ -118.244974161325544, 33.731850006604851 ], [ -118.244996864568961, 33.731812128531566 ], [ -118.24501574578963, 33.731772207544559 ], [ -118.245030623151081, 33.731730628104756 ], [ -118.24504135337618, 33.731687790644898 ], [ -118.245047833127003, 33.731644107713144 ], [ -118.24505, 33.7316 ], [ -118.24505, 33.73101104688002 ], [ -118.245052706958177, 33.730955945480517 ], [ -118.245059178894437, 33.730912315230242 ], [ -118.245069896178919, 33.730869529432276 ], [ -118.245084755598313, 33.730828000137144 ], [ -118.24510361404829, 33.730788127294723 ], [ -118.245126289911695, 33.730750294902251 ], [ -118.245152564807569, 33.730714867306318 ], [ -118.24518218569419, 33.730682185694207 ], [ -118.245214867306316, 33.730652564807563 ], [ -118.245250294902291, 33.730626289911662 ], [ -118.245288127294685, 33.73060361404832 ], [ -118.245328000137107, 33.730584755598336 ], [ -118.24536952943231, 33.730569896178913 ], [ -118.245412315230325, 33.730559178894424 ], [ -118.245455945480614, 33.730552706958164 ], [ -118.24551104687994, 33.73055 ], [ -118.2506, 33.73055 ], [ -118.250644107713157, 33.730547833126998 ], [ -118.250687790644918, 33.730541353376175 ], [ -118.250730628104776, 33.730530623151076 ], [ -118.250772207544571, 33.730515745789624 ], [ -118.250812128531578, 33.730496864568948 ], [ -118.250850006604864, 33.730474161325532 ], [ -118.250885476977885, 33.730447854704003 ], [ -118.250918198051536, 33.730418198051524 ], [ -118.250947854704023, 33.730385476977865 ], [ -118.250974161325544, 33.730350006604851 ], [ -118.250996864568961, 33.730312128531565 ], [ -118.25101574578963, 33.730272207544559 ], [ -118.251030623151081, 33.730230628104756 ], [ -118.251041353376181, 33.730187790644898 ], [ -118.251047833127004, 33.730144107713144 ], [ -118.25105, 33.7301 ], [ -118.25105, 33.72951104688002 ], [ -118.251052706958177, 33.729455945480517 ], [ -118.251059178894437, 33.729412315230242 ], [ -118.251069896178919, 33.729369529432276 ], [ -118.251084755598313, 33.729328000137144 ], [ -118.25110361404829, 33.729288127294723 ], [ -118.251126289911696, 33.729250294902251 ], [ -118.251152564807569, 33.729214867306318 ], [ -118.251182185694191, 33.729182185694206 ], [ -118.251214867306317, 33.729152564807563 ], [ -118.251250294902292, 33.729126289911662 ], [ -118.251288127294686, 33.72910361404832 ], [ -118.251328000137107, 33.729084755598336 ], [ -118.25136952943231, 33.729069896178913 ], [ -118.251412315230326, 33.729059178894424 ], [ -118.251455945480615, 33.729052706958164 ], [ -118.251511046879941, 33.72905 ], [ -118.2551, 33.72905 ], [ -118.25514410771315, 33.729047833126998 ], [ -118.255187790644911, 33.729041353376175 ], [ -118.255230628104769, 33.729030623151075 ], [ -118.255272207544564, 33.729015745789624 ], [ -118.255312128531571, 33.728996864568948 ], [ -118.255350006604857, 33.728974161325532 ], [ -118.255385476977878, 33.728947854704003 ], [ -118.25541819805153, 33.728918198051524 ], [ -118.255447854704016, 33.728885476977865 ], [ -118.255474161325537, 33.728850006604851 ], [ -118.255496864568954, 33.728812128531565 ], [ -118.255515745789623, 33.728772207544559 ], [ -118.255530623151074, 33.728730628104756 ], [ -118.255541353376174, 33.728687790644898 ], [ -118.255547833126997, 33.728644107713144 ], [ -118.25555, 33.7286 ], [ -118.25555, 33.72801104688002 ], [ -118.25555270695817, 33.727955945480517 ], [ -118.25555917889443, 33.727912315230242 ], [ -118.255569896178912, 33.727869529432276 ], [ -118.255584755598306, 33.727828000137144 ], [ -118.255603614048283, 33.727788127294723 ], [ -118.255626289911689, 33.727750294902251 ], [ -118.255652564807562, 33.727714867306318 ], [ -118.255682185694184, 33.727682185694206 ], [ -118.25571486730631, 33.727652564807563 ], [ -118.255750294902285, 33.727626289911662 ], [ -118.255788127294679, 33.72760361404832 ], [ -118.2558280001371, 33.727584755598336 ], [ -118.255869529432303, 33.727569896178913 ], [ -118.255912315230319, 33.727559178894424 ], [ -118.255955945480608, 33.727552706958164 ], [ -118.256011046879934, 33.72755 ], [ -118.257488953120074, 33.72755 ], [ -118.2575440545194, 33.727552706958164 ], [ -118.257587684769689, 33.727559178894424 ], [ -118.257630470567705, 33.727569896178913 ], [ -118.257671999862907, 33.727584755598336 ], [ -118.257711872705329, 33.72760361404832 ], [ -118.257749705097723, 33.727626289911662 ], [ -118.257785132693684, 33.727652564807563 ], [ -118.257797798470293, 33.727664044398331 ], [ -118.257831196611207, 33.727691510750688 ], [ -118.257867076818002, 33.727715644691287 ], [ -118.257905107781482, 33.7277362233731 ], [ -118.257944938332869, 33.727753056777544 ], [ -118.257986200686418, 33.727765989469006 ], [ -118.25802851383547, 33.727774902030113 ], [ -118.258071487070595, 33.72777971216442 ], [ -118.258114723587241, 33.727780375456312 ], [ -118.258157824149833, 33.727776885781097 ], [ -118.258200390778129, 33.727769275361609 ], [ -118.258242030422096, 33.727757614470626 ], [ -118.258282358591288, 33.727742010782016 ], [ -118.258321002905078, 33.727722608376489 ], [ -118.258357606531163, 33.727699586411191 ], [ -118.258391831480452, 33.727673157465425 ], [ -118.258423361727992, 33.727643565577708 ], [ -118.258451906131057, 33.727611083992429 ], [ -118.2584772011175, 33.727576012636746 ], [ -118.258499013119476, 33.727538675351113 ], [ -118.258517140730206, 33.727499416899057 ], [ -118.258531416563699, 33.727458599783695 ], [ -118.258541708800337, 33.727416600900455 ], [ -118.258547922404077, 33.727373808056925 ], [ -118.25855, 33.727330616391946 ], [ -118.25855, 33.72501104688002 ], [ -118.25855270695817, 33.724955945480517 ], [ -118.25855917889443, 33.724912315230242 ], [ -118.258569896178912, 33.724869529432276 ], [ -118.258584755598307, 33.724828000137144 ], [ -118.258603614048283, 33.724788127294723 ], [ -118.258626289911689, 33.72475029490225 ], [ -118.258652564807562, 33.724714867306318 ], [ -118.258682185694184, 33.724682185694206 ], [ -118.25871486730631, 33.724652564807563 ], [ -118.258750294902285, 33.724626289911662 ], [ -118.258788127294679, 33.72460361404832 ], [ -118.2588280001371, 33.724584755598336 ], [ -118.258869529432303, 33.724569896178913 ], [ -118.258912315230319, 33.724559178894424 ], [ -118.258955945480608, 33.724552706958164 ], [ -118.259011046879934, 33.72455 ], [ -118.260488953120074, 33.72455 ], [ -118.2605440545194, 33.724552706958164 ], [ -118.260587684769689, 33.724559178894424 ], [ -118.260630470567705, 33.724569896178913 ], [ -118.260671999862907, 33.724584755598336 ], [ -118.260711872705329, 33.72460361404832 ], [ -118.260749705097723, 33.724626289911662 ], [ -118.260785132693698, 33.724652564807563 ], [ -118.260817814305824, 33.724682185694206 ], [ -118.260847435192446, 33.724714867306318 ], [ -118.260873710088319, 33.72475029490225 ] ] ], [ [ [ -118.245873710088318, 33.774250294902252 ], [ -118.245896385951724, 33.774288127294724 ], [ -118.245915244401701, 33.774328000137146 ], [ -118.245930103821095, 33.774369529432278 ], [ -118.245940821105577, 33.774412315230244 ], [ -118.245947293041837, 33.774455945480518 ], [ -118.24595, 33.774511046880022 ], [ -118.24595, 33.77598895311997 ], [ -118.245947293041837, 33.776044054519474 ], [ -118.245940821105577, 33.776087684769749 ], [ -118.245930103821095, 33.776130470567715 ], [ -118.245915244401701, 33.776171999862846 ], [ -118.245896385951724, 33.776211872705268 ], [ -118.245873710088318, 33.77624970509774 ], [ -118.245847435192445, 33.776285132693673 ], [ -118.245817814305823, 33.776317814305784 ], [ -118.245785132693698, 33.776347435192427 ], [ -118.245749705097722, 33.776373710088329 ], [ -118.245711872705328, 33.776396385951671 ], [ -118.245671999862907, 33.776415244401655 ], [ -118.245630470567704, 33.776430103821077 ], [ -118.245587684769689, 33.776440821105567 ], [ -118.245544054519399, 33.776447293041826 ], [ -118.245488953120073, 33.77645 ], [ -118.244011046879933, 33.77645 ], [ -118.243955945480607, 33.776447293041826 ], [ -118.243912315230318, 33.776440821105567 ], [ -118.243869529432303, 33.776430103821077 ], [ -118.2438280001371, 33.776415244401655 ], [ -118.243788127294678, 33.776396385951671 ], [ -118.243750294902284, 33.776373710088329 ], [ -118.243714867306309, 33.776347435192427 ], [ -118.243682185694183, 33.776317814305784 ], [ -118.243652564807562, 33.776285132693673 ], [ -118.243626289911688, 33.77624970509774 ], [ -118.243603614048283, 33.776211872705268 ], [ -118.243584755598306, 33.776171999862846 ], [ -118.243569896178911, 33.776130470567715 ], [ -118.243559178894429, 33.776087684769749 ], [ -118.24355270695817, 33.776044054519474 ], [ -118.24355, 33.77598895311997 ], [ -118.24355, 33.774511046880022 ], [ -118.24355270695817, 33.774455945480518 ], [ -118.243559178894429, 33.774412315230244 ], [ -118.243569896178911, 33.774369529432278 ], [ -118.243584755598306, 33.774328000137146 ], [ -118.243603614048283, 33.774288127294724 ], [ -118.243626289911688, 33.774250294902252 ], [ -118.243652564807562, 33.77421486730632 ], [ -118.243682185694183, 33.774182185694208 ], [ -118.243714867306309, 33.774152564807565 ], [ -118.243750294902284, 33.774126289911663 ], [ -118.243788127294678, 33.774103614048322 ], [ -118.2438280001371, 33.774084755598338 ], [ -118.243869529432303, 33.774069896178915 ], [ -118.243912315230318, 33.774059178894426 ], [ -118.243955945480607, 33.774052706958166 ], [ -118.244011046879933, 33.77405 ], [ -118.245488953120073, 33.77405 ], [ -118.245544054519399, 33.774052706958166 ], [ -118.245587684769689, 33.774059178894426 ], [ -118.245630470567704, 33.774069896178915 ], [ -118.245671999862907, 33.774084755598338 ], [ -118.245711872705328, 33.774103614048322 ], [ -118.245749705097722, 33.774126289911663 ], [ -118.245785132693698, 33.774152564807565 ], [ -118.245817814305823, 33.774182185694208 ], [ -118.245847435192445, 33.77421486730632 ], [ -118.245873710088318, 33.774250294902252 ] ] ], [ [ [ -118.276611396574054, 33.76722908692372 ], [ -118.27658332244475, 33.767194896763947 ], [ -118.276552026817797, 33.767163628449403 ], [ -118.276517812159426, 33.76713558418237 ], [ -118.276481009147759, 33.767111035005321 ], [ -118.276441973476878, 33.767090218181359 ], [ -118.276401082419071, 33.767073334901106 ], [ -118.276358731178576, 33.767060548338229 ], [ -118.276315329072048, 33.767051982072417 ], [ -118.276271295572542, 33.767047718894993 ], [ -118.276227056255394, 33.767047800008747 ], [ -118.276183038685147, 33.76705222462973 ], [ -118.276139668283193, 33.767060949994828 ], [ -118.276097364216184, 33.767073891775055 ], [ -118.276056535344821, 33.767090924890582 ], [ -118.276017576272352, 33.767111884719611 ], [ -118.275980863530734, 33.767136568689395 ], [ -118.275946751941618, 33.767164738234094 ], [ -118.275915571186957, 33.76719612110044 ], [ -118.275887622622804, 33.767230413979043 ], [ -118.275846906165711, 33.76728571638472 ], [ -118.275817814305825, 33.767317814305784 ], [ -118.275785132693699, 33.767347435192427 ], [ -118.275749705097724, 33.767373710088329 ], [ -118.27571187270533, 33.76739638595167 ], [ -118.275671999862908, 33.767415244401654 ], [ -118.275630470567705, 33.767430103821077 ], [ -118.27558768476969, 33.767440821105566 ], [ -118.275544054519401, 33.767447293041826 ], [ -118.275488953120075, 33.76745 ], [ -118.271011046879934, 33.76745 ], [ -118.270955945480608, 33.767447293041826 ], [ -118.270912315230319, 33.767440821105566 ], [ -118.270869529432304, 33.767430103821077 ], [ -118.270828000137101, 33.767415244401654 ], [ -118.270788127294679, 33.76739638595167 ], [ -118.270750294902285, 33.767373710088329 ], [ -118.27071486730631, 33.767347435192427 ], [ -118.270682185694184, 33.767317814305784 ], [ -118.270652564807563, 33.767285132693672 ], [ -118.270626289911689, 33.76724970509774 ], [ -118.270603614048284, 33.767211872705268 ], [ -118.270584755598307, 33.767171999862846 ], [ -118.270569896178912, 33.767130470567714 ], [ -118.27055917889443, 33.767087684769749 ], [ -118.270552706958171, 33.767044054519474 ], [ -118.27055, 33.76698895311997 ], [ -118.27055, 33.762511046880022 ], [ -118.270552706958171, 33.762455945480518 ], [ -118.27055917889443, 33.762412315230243 ], [ -118.270569896178912, 33.762369529432277 ], [ -118.270584755598307, 33.762328000137146 ], [ -118.270603614048284, 33.762288127294724 ], [ -118.270626289911689, 33.762250294902252 ], [ -118.270652564807563, 33.762214867306319 ], [ -118.270682185694184, 33.762182185694208 ], [ -118.27071486730631, 33.762152564807565 ], [ -118.270750294902285, 33.762126289911663 ], [ -118.270788127294679, 33.762103614048321 ], [ -118.270828000137101, 33.762084755598337 ], [ -118.270869529432304, 33.762069896178915 ], [ -118.270912315230319, 33.762059178894425 ], [ -118.270955945480608, 33.762052706958166 ], [ -118.271011046879934, 33.76205 ], [ -118.2716, 33.76205 ], [ -118.271644107713158, 33.762047833126999 ], [ -118.271687790644918, 33.762041353376176 ], [ -118.271730628104777, 33.762030623151077 ], [ -118.271772207544572, 33.762015745789625 ], [ -118.271812128531579, 33.76199686456895 ], [ -118.271850006604865, 33.761974161325533 ], [ -118.271885476977886, 33.761947854704005 ], [ -118.271918198051537, 33.761918198051525 ], [ -118.271947854704024, 33.761885476977866 ], [ -118.271974161325545, 33.761850006604853 ], [ -118.271996864568962, 33.761812128531567 ], [ -118.272015745789631, 33.76177220754456 ], [ -118.272030623151082, 33.761730628104758 ], [ -118.272041353376181, 33.761687790644899 ], [ -118.272047833127004, 33.761644107713146 ], [ -118.27205, 33.7616 ], [ -118.27205, 33.758011046880021 ], [ -118.272052706958178, 33.757955945480518 ], [ -118.272059178894438, 33.757912315230243 ], [ -118.27206989617892, 33.757869529432277 ], [ -118.272084755598314, 33.757828000137145 ], [ -118.272103614048291, 33.757788127294724 ], [ -118.272126289911697, 33.757750294902252 ], [ -118.27215256480757, 33.757714867306319 ], [ -118.272182185694192, 33.757682185694208 ], [ -118.272214867306317, 33.757652564807564 ], [ -118.272265484770713, 33.757615024337454 ], [ -118.27227091307644, 33.757611396573935 ], [ -118.272305103236206, 33.757583322444631 ], [ -118.272336371550736, 33.757552026817663 ], [ -118.272364415817748, 33.757517812159286 ], [ -118.272388964994775, 33.757481009147618 ], [ -118.272409781818723, 33.75744197347673 ], [ -118.272426665098962, 33.757401082418916 ], [ -118.272439451661825, 33.757358731178428 ], [ -118.27244801792763, 33.757315329071901 ], [ -118.272452281105032, 33.757271295572394 ], [ -118.272452199991278, 33.757227056255253 ], [ -118.272447775370281, 33.757183038685014 ], [ -118.272439050005175, 33.757139668283074 ], [ -118.272426108224934, 33.757097364216072 ], [ -118.272409075109394, 33.757056535344717 ], [ -118.272388115280364, 33.757017576272247 ], [ -118.272363431310566, 33.756980863530643 ], [ -118.272335261765875, 33.756946751941527 ], [ -118.272303878899521, 33.756915571186887 ], [ -118.272269586020911, 33.756887622622742 ], [ -118.272214283615298, 33.75684690616572 ], [ -118.272182185694192, 33.756817814305784 ], [ -118.27215256480757, 33.756785132693672 ], [ -118.272115024337026, 33.756734515228715 ], [ -118.272111396573379, 33.756729086922817 ], [ -118.272083322444033, 33.756694896763157 ], [ -118.27205202681705, 33.756663628448727 ], [ -118.272017812158651, 33.756635584181801 ], [ -118.271981009146998, 33.756611035004859 ], [ -118.271941973476117, 33.756590218181003 ], [ -118.271901082418339, 33.756573334900843 ], [ -118.271858731177886, 33.756560548338051 ], [ -118.271815329071401, 33.756551982072317 ], [ -118.271771295571938, 33.756547718894957 ], [ -118.271727056254846, 33.756547800008768 ], [ -118.271683038684657, 33.756552224629793 ], [ -118.271639668282788, 33.756560949994928 ], [ -118.271597364215836, 33.756573891775169 ], [ -118.271556535344544, 33.756590924890709 ], [ -118.271517576272132, 33.756611884719732 ], [ -118.271480863530584, 33.756636568689501 ], [ -118.271446751941511, 33.756664738234171 ], [ -118.271415571186907, 33.756696121100489 ], [ -118.271387622622797, 33.756730413979056 ], [ -118.271346906165789, 33.756785716384634 ], [ -118.271317814305817, 33.756817814305784 ], [ -118.271285132693691, 33.756847435192427 ], [ -118.271249705097716, 33.756873710088328 ], [ -118.271211872705322, 33.75689638595167 ], [ -118.271171999862901, 33.756915244401654 ], [ -118.271130470567698, 33.756930103821077 ], [ -118.271087684769682, 33.756940821105566 ], [ -118.271044054519393, 33.756947293041826 ], [ -118.270988953120067, 33.75695 ], [ -118.2704, 33.75695 ], [ -118.270355892286858, 33.756952166872992 ], [ -118.270312209355097, 33.756958646623815 ], [ -118.270269371895239, 33.756969376848915 ], [ -118.270227792455444, 33.756984254210366 ], [ -118.270187871468437, 33.757003135431042 ], [ -118.270149993395151, 33.757025838674458 ], [ -118.27011452302213, 33.757052145295987 ], [ -118.270081801948479, 33.757081801948466 ], [ -118.270052145295992, 33.757114523022125 ], [ -118.270025838674471, 33.757149993395139 ], [ -118.270003135431054, 33.757187871468425 ], [ -118.269984254210385, 33.757227792455431 ], [ -118.269969376848934, 33.757269371895234 ], [ -118.269958646623834, 33.757312209355092 ], [ -118.269952166873011, 33.757355892286846 ], [ -118.26995, 33.7574 ], [ -118.26995, 33.75948895311997 ], [ -118.269947293041838, 33.759544054519473 ], [ -118.269940821105578, 33.759587684769748 ], [ -118.269930103821096, 33.759630470567714 ], [ -118.269915244401702, 33.759671999862846 ], [ -118.269896385951725, 33.759711872705267 ], [ -118.269873710088319, 33.75974970509774 ], [ -118.269847435192446, 33.759785132693672 ], [ -118.269817814305824, 33.759817814305784 ], [ -118.269785132693698, 33.759847435192427 ], [ -118.269749705097723, 33.759873710088328 ], [ -118.269711872705329, 33.75989638595167 ], [ -118.269671999862908, 33.759915244401654 ], [ -118.269630470567705, 33.759930103821077 ], [ -118.269587684769689, 33.759940821105566 ], [ -118.2695440545194, 33.759947293041826 ], [ -118.269488953120074, 33.75995 ], [ -118.2689, 33.75995 ], [ -118.268855892286851, 33.759952166872992 ], [ -118.26881220935509, 33.759958646623815 ], [ -118.268769371895232, 33.759969376848915 ], [ -118.268727792455437, 33.759984254210366 ], [ -118.26868787146843, 33.760003135431042 ], [ -118.268649993395144, 33.760025838674458 ], [ -118.268614523022123, 33.760052145295987 ], [ -118.268581801948471, 33.760081801948466 ], [ -118.268552145295985, 33.760114523022125 ], [ -118.268525838674464, 33.760149993395139 ], [ -118.268503135431047, 33.760187871468425 ], [ -118.268484254210378, 33.760227792455431 ], [ -118.268469376848927, 33.760269371895234 ], [ -118.268458646623827, 33.760312209355092 ], [ -118.268452166873004, 33.760355892286846 ], [ -118.26845, 33.7604 ], [ -118.26845, 33.76248895311997 ], [ -118.268447293041831, 33.762544054519473 ], [ -118.268440821105571, 33.762587684769748 ], [ -118.268430103821089, 33.762630470567714 ], [ -118.268415244401695, 33.762671999862846 ], [ -118.268396385951718, 33.762711872705268 ], [ -118.268373710088312, 33.76274970509774 ], [ -118.268347435192439, 33.762785132693672 ], [ -118.268317814305817, 33.762817814305784 ], [ -118.268285132693691, 33.762847435192427 ], [ -118.268249705097716, 33.762873710088328 ], [ -118.268211872705322, 33.76289638595167 ], [ -118.268171999862901, 33.762915244401654 ], [ -118.268130470567698, 33.762930103821077 ], [ -118.268087684769682, 33.762940821105566 ], [ -118.268044054519393, 33.762947293041826 ], [ -118.267988953120067, 33.76295 ], [ -118.266511046879941, 33.76295 ], [ -118.266455945480615, 33.762947293041826 ], [ -118.266412315230326, 33.762940821105566 ], [ -118.266369529432311, 33.762930103821077 ], [ -118.266328000137108, 33.762915244401654 ], [ -118.266288127294686, 33.76289638595167 ], [ -118.266250294902292, 33.762873710088328 ], [ -118.266214867306317, 33.762847435192427 ], [ -118.266182185694191, 33.762817814305784 ], [ -118.26615256480757, 33.762785132693672 ], [ -118.266126289911696, 33.76274970509774 ], [ -118.266103614048291, 33.762711872705268 ], [ -118.266084755598314, 33.762671999862846 ], [ -118.266069896178919, 33.762630470567714 ], [ -118.266059178894437, 33.762587684769748 ], [ -118.266052706958178, 33.762544054519473 ], [ -118.26605, 33.76248895311997 ], [ -118.26605, 33.759511046880021 ], [ -118.266052706958178, 33.759455945480518 ], [ -118.266059178894437, 33.759412315230243 ], [ -118.266069896178919, 33.759369529432277 ], [ -118.266084755598314, 33.759328000137145 ], [ -118.266103614048291, 33.759288127294724 ], [ -118.266126289911696, 33.759250294902252 ], [ -118.26615256480757, 33.759214867306319 ], [ -118.266182185694191, 33.759182185694208 ], [ -118.266214867306317, 33.759152564807565 ], [ -118.266265484770074, 33.75911502433793 ], [ -118.2662709130758, 33.759111396574426 ], [ -118.266305103235638, 33.75908332244515 ], [ -118.266336371550238, 33.759052026818203 ], [ -118.266364415817335, 33.75901781215984 ], [ -118.266388964994448, 33.758981009148172 ], [ -118.266409781818467, 33.758941973477278 ], [ -118.266426665098777, 33.758901082419449 ], [ -118.266439451661697, 33.75885873117894 ], [ -118.266448017927559, 33.758815329072384 ], [ -118.266452281105018, 33.758771295572835 ], [ -118.266452199991292, 33.758727056255651 ], [ -118.266447775370324, 33.758683038685369 ], [ -118.266439050005246, 33.758639668283379 ], [ -118.266426108225019, 33.758597364216328 ], [ -118.266409075109493, 33.75855653534493 ], [ -118.266388115280463, 33.758517576272418 ], [ -118.266363431310666, 33.758480863530771 ], [ -118.266335261765946, 33.758446751941612 ], [ -118.266303878899564, 33.758415571186937 ], [ -118.266269586020925, 33.75838762262277 ], [ -118.266214283615383, 33.758346906165791 ], [ -118.266182185694191, 33.758317814305784 ], [ -118.26615256480757, 33.758285132693672 ], [ -118.266126289911696, 33.758249705097739 ], [ -118.266103614048291, 33.758211872705267 ], [ -118.266084755598314, 33.758171999862846 ], [ -118.266069896178919, 33.758130470567714 ], [ -118.266059178894437, 33.758087684769748 ], [ -118.266052706958178, 33.758044054519473 ], [ -118.26605, 33.75798895311997 ], [ -118.26605, 33.757169383608037 ], [ -118.266047737970965, 33.757124320215318 ], [ -118.266040974625056, 33.757079709865728 ], [ -118.266029777957343, 33.757036001047737 ], [ -118.266014260533069, 33.756993633186298 ], [ -118.265994578356114, 33.75695303222512 ], [ -118.265970929300479, 33.756914606344438 ], [ -118.265943551121069, 33.756878741857399 ], [ -118.26591271906338, 33.756845799326271 ], [ -118.265878743096337, 33.75681610993756 ], [ -118.265841964796053, 33.75678997217242 ], [ -118.265802753911785, 33.756767648805884 ], [ -118.26576150464868, 33.756749364265083 ], [ -118.265718631704672, 33.756735302372959 ], [ -118.265674566101268, 33.756725604500211 ], [ -118.26562975085038, 33.756720368144045 ], [ -118.265584636500421, 33.756719645947975 ], [ -118.265539676606849, 33.756723445172561 ], [ -118.265495323172217, 33.756731727622444 ], [ -118.265452022102153, 33.756744410030329 ], [ -118.265410208722329, 33.756761364894103 ], [ -118.26537030340198, 33.756782421758686 ], [ -118.26533270732773, 33.756807368929671 ], [ -118.265297798470328, 33.756835955601623 ], [ -118.265285132693691, 33.756847435192427 ], [ -118.265249705097716, 33.756873710088328 ], [ -118.265211872705322, 33.75689638595167 ], [ -118.265171999862901, 33.756915244401654 ], [ -118.265130470567698, 33.756930103821077 ], [ -118.265087684769682, 33.756940821105566 ], [ -118.265044054519393, 33.756947293041826 ], [ -118.264988953120067, 33.75695 ], [ -118.2644, 33.75695 ], [ -118.264355892286858, 33.756952166872992 ], [ -118.264312209355097, 33.756958646623815 ], [ -118.264269371895239, 33.756969376848915 ], [ -118.264227792455443, 33.756984254210366 ], [ -118.264187871468437, 33.757003135431042 ], [ -118.264149993395151, 33.757025838674458 ], [ -118.26411452302213, 33.757052145295987 ], [ -118.264081801948478, 33.757081801948466 ], [ -118.264052145295992, 33.757114523022125 ], [ -118.26402583867447, 33.757149993395139 ], [ -118.264003135431054, 33.757187871468425 ], [ -118.263984254210385, 33.757227792455431 ], [ -118.263969376848934, 33.757269371895234 ], [ -118.263958646623834, 33.757312209355092 ], [ -118.263952166873011, 33.757355892286846 ], [ -118.26395, 33.7574 ], [ -118.26395, 33.75798895311997 ], [ -118.263947293041838, 33.758044054519473 ], [ -118.263940821105578, 33.758087684769748 ], [ -118.263930103821096, 33.758130470567714 ], [ -118.263915244401701, 33.758171999862846 ], [ -118.263896385951725, 33.758211872705267 ], [ -118.263873710088319, 33.758249705097739 ], [ -118.263847435192446, 33.758285132693672 ], [ -118.263817814305824, 33.758317814305784 ], [ -118.263785132693698, 33.758347435192427 ], [ -118.263749705097723, 33.758373710088328 ], [ -118.263711872705329, 33.75839638595167 ], [ -118.263671999862908, 33.758415244401654 ], [ -118.263630470567705, 33.758430103821077 ], [ -118.263587684769689, 33.758440821105566 ], [ -118.2635440545194, 33.758447293041826 ], [ -118.263488953120074, 33.75845 ], [ -118.2629, 33.75845 ], [ -118.262855892286851, 33.758452166872992 ], [ -118.26281220935509, 33.758458646623815 ], [ -118.262769371895232, 33.758469376848915 ], [ -118.262727792455436, 33.758484254210366 ], [ -118.26268787146843, 33.758503135431042 ], [ -118.262649993395144, 33.758525838674458 ], [ -118.262614523022123, 33.758552145295987 ], [ -118.262581801948471, 33.758581801948466 ], [ -118.262552145295984, 33.758614523022125 ], [ -118.262525838674463, 33.758649993395139 ], [ -118.262503135431047, 33.758687871468425 ], [ -118.262484254210378, 33.758727792455431 ], [ -118.262469376848927, 33.758769371895234 ], [ -118.262458646623827, 33.758812209355092 ], [ -118.262452166873004, 33.758855892286846 ], [ -118.26245, 33.7589 ], [ -118.26245, 33.75948895311997 ], [ -118.262447293041831, 33.759544054519473 ], [ -118.262440821105571, 33.759587684769748 ], [ -118.262430103821089, 33.759630470567714 ], [ -118.262415244401694, 33.759671999862846 ], [ -118.262396385951718, 33.759711872705267 ], [ -118.262373710088312, 33.75974970509774 ], [ -118.262347435192439, 33.759785132693672 ], [ -118.262317814305817, 33.759817814305784 ], [ -118.262285132693691, 33.759847435192427 ], [ -118.262249705097716, 33.759873710088328 ], [ -118.262211872705322, 33.75989638595167 ], [ -118.2621719998629, 33.759915244401654 ], [ -118.262130470567698, 33.759930103821077 ], [ -118.262087684769682, 33.759940821105566 ], [ -118.262044054519393, 33.759947293041826 ], [ -118.261988953120067, 33.75995 ], [ -118.2584, 33.75995 ], [ -118.258355892286858, 33.759952166872992 ], [ -118.258312209355097, 33.759958646623815 ], [ -118.258269371895238, 33.759969376848915 ], [ -118.258227792455443, 33.759984254210366 ], [ -118.258187871468436, 33.760003135431042 ], [ -118.258149993395151, 33.760025838674458 ], [ -118.25811452302213, 33.760052145295987 ], [ -118.258081801948478, 33.760081801948466 ], [ -118.258052145295991, 33.760114523022125 ], [ -118.25802583867447, 33.760149993395139 ], [ -118.258003135431053, 33.760187871468425 ], [ -118.257984254210385, 33.760227792455431 ], [ -118.257969376848934, 33.760269371895234 ], [ -118.257958646623834, 33.760312209355092 ], [ -118.257952166873011, 33.760355892286846 ], [ -118.25795, 33.7604 ], [ -118.25795, 33.76098895311997 ], [ -118.257947293041838, 33.761044054519473 ], [ -118.257940821105578, 33.761087684769748 ], [ -118.257930103821096, 33.761130470567714 ], [ -118.257915244401701, 33.761171999862846 ], [ -118.257896385951724, 33.761211872705267 ], [ -118.257873710088319, 33.76124970509774 ], [ -118.257847435192446, 33.761285132693672 ], [ -118.257817814305824, 33.761317814305784 ], [ -118.257785132693698, 33.761347435192427 ], [ -118.257749705097723, 33.761373710088328 ], [ -118.257711872705329, 33.76139638595167 ], [ -118.257671999862907, 33.761415244401654 ], [ -118.257630470567705, 33.761430103821077 ], [ -118.257587684769689, 33.761440821105566 ], [ -118.2575440545194, 33.761447293041826 ], [ -118.257488953120074, 33.76145 ], [ -118.254511046879941, 33.76145 ], [ -118.254455945480615, 33.761447293041826 ], [ -118.254412315230326, 33.761440821105566 ], [ -118.25436952943231, 33.761430103821077 ], [ -118.254328000137107, 33.761415244401654 ], [ -118.254288127294686, 33.76139638595167 ], [ -118.254250294902292, 33.761373710088328 ], [ -118.254214867306317, 33.761347435192427 ], [ -118.254202201529679, 33.761335955601623 ], [ -118.254167292672278, 33.761307368929671 ], [ -118.254129696598028, 33.761282421758686 ], [ -118.254089791277679, 33.761261364894104 ], [ -118.254047977897855, 33.761244410030329 ], [ -118.25400467682779, 33.761231727622445 ], [ -118.253960323393159, 33.761223445172561 ], [ -118.253915363499587, 33.761219645947975 ], [ -118.253870249149628, 33.761220368144045 ], [ -118.25382543389874, 33.761225604500211 ], [ -118.253781368295336, 33.76123530237296 ], [ -118.253738495351328, 33.761249364265083 ], [ -118.253697246088223, 33.761267648805884 ], [ -118.253658035203955, 33.76128997217242 ], [ -118.253621256903671, 33.76131610993756 ], [ -118.253587280936628, 33.761345799326271 ], [ -118.253556448878939, 33.761378741857399 ], [ -118.253529070699528, 33.761414606344438 ], [ -118.253505421643894, 33.76145303222512 ], [ -118.253485739466939, 33.761493633186298 ], [ -118.253470222042665, 33.761536001047737 ], [ -118.253459025374951, 33.761579709865728 ], [ -118.253452262029043, 33.761624320215319 ], [ -118.25345, 33.761669383608037 ], [ -118.25345, 33.76248895311997 ], [ -118.25344729304183, 33.762544054519473 ], [ -118.253440821105571, 33.762587684769748 ], [ -118.253430103821088, 33.762630470567714 ], [ -118.253415244401694, 33.762671999862846 ], [ -118.253396385951717, 33.762711872705268 ], [ -118.253373710088312, 33.76274970509774 ], [ -118.253347435192438, 33.762785132693672 ], [ -118.253317814305817, 33.762817814305784 ], [ -118.253285132693691, 33.762847435192427 ], [ -118.253249705097716, 33.762873710088328 ], [ -118.253211872705322, 33.76289638595167 ], [ -118.2531719998629, 33.762915244401654 ], [ -118.253130470567697, 33.762930103821077 ], [ -118.253087684769682, 33.762940821105566 ], [ -118.253044054519393, 33.762947293041826 ], [ -118.252988953120067, 33.76295 ], [ -118.2509, 33.76295 ], [ -118.25085589228685, 33.762952166872992 ], [ -118.25081220935509, 33.762958646623815 ], [ -118.250769371895231, 33.762969376848915 ], [ -118.250727792455436, 33.762984254210366 ], [ -118.250687871468429, 33.763003135431042 ], [ -118.250649993395143, 33.763025838674459 ], [ -118.250614523022122, 33.763052145295987 ], [ -118.250581801948471, 33.763081801948466 ], [ -118.250552145295984, 33.763114523022125 ], [ -118.250525838674463, 33.763149993395139 ], [ -118.250503135431046, 33.763187871468425 ], [ -118.250484254210377, 33.763227792455432 ], [ -118.250469376848926, 33.763269371895234 ], [ -118.250458646623827, 33.763312209355092 ], [ -118.250452166873004, 33.763355892286846 ], [ -118.25045, 33.7634 ], [ -118.25045, 33.76398895311997 ], [ -118.25044729304183, 33.764044054519474 ], [ -118.25044082110557, 33.764087684769748 ], [ -118.250430103821088, 33.764130470567714 ], [ -118.250415244401694, 33.764171999862846 ], [ -118.250396385951717, 33.764211872705268 ], [ -118.250373710088311, 33.76424970509774 ], [ -118.250347435192438, 33.764285132693672 ], [ -118.250317814305816, 33.764317814305784 ], [ -118.250285132693691, 33.764347435192427 ], [ -118.250249705097715, 33.764373710088329 ], [ -118.250211872705322, 33.76439638595167 ], [ -118.2501719998629, 33.764415244401654 ], [ -118.250130470567697, 33.764430103821077 ], [ -118.250087684769682, 33.764440821105566 ], [ -118.250044054519392, 33.764447293041826 ], [ -118.249988953120067, 33.76445 ], [ -118.24551104687994, 33.76445 ], [ -118.245455945480614, 33.764447293041826 ], [ -118.245412315230325, 33.764440821105566 ], [ -118.24536952943231, 33.764430103821077 ], [ -118.245328000137107, 33.764415244401654 ], [ -118.245288127294685, 33.76439638595167 ], [ -118.245250294902291, 33.764373710088329 ], [ -118.245214867306316, 33.764347435192427 ], [ -118.24518218569419, 33.764317814305784 ], [ -118.245152564807569, 33.764285132693672 ], [ -118.245126289911695, 33.76424970509774 ], [ -118.24510361404829, 33.764211872705268 ], [ -118.245084755598313, 33.764171999862846 ], [ -118.245069896178919, 33.764130470567714 ], [ -118.245059178894437, 33.764087684769748 ], [ -118.245052706958177, 33.764044054519474 ], [ -118.24505, 33.76398895311997 ], [ -118.24505, 33.762511046880022 ], [ -118.245052706958177, 33.762455945480518 ], [ -118.245059178894437, 33.762412315230243 ], [ -118.245069896178919, 33.762369529432277 ], [ -118.245084755598313, 33.762328000137146 ], [ -118.24510361404829, 33.762288127294724 ], [ -118.245126289911695, 33.762250294902252 ], [ -118.245152564807569, 33.762214867306319 ], [ -118.24518218569419, 33.762182185694208 ], [ -118.245214867306316, 33.762152564807565 ], [ -118.245250294902291, 33.762126289911663 ], [ -118.245288127294685, 33.762103614048321 ], [ -118.245328000137107, 33.762084755598337 ], [ -118.24536952943231, 33.762069896178915 ], [ -118.245412315230325, 33.762059178894425 ], [ -118.245455945480614, 33.762052706958166 ], [ -118.24551104687994, 33.76205 ], [ -118.2491, 33.76205 ], [ -118.24914410771315, 33.762047833126999 ], [ -118.24918779064491, 33.762041353376176 ], [ -118.249230628104769, 33.762030623151077 ], [ -118.249272207544564, 33.762015745789625 ], [ -118.249312128531571, 33.76199686456895 ], [ -118.249350006604857, 33.761974161325533 ], [ -118.249385476977878, 33.761947854704005 ], [ -118.249418198051529, 33.761918198051525 ], [ -118.249447854704016, 33.761885476977866 ], [ -118.249474161325537, 33.761850006604853 ], [ -118.249496864568954, 33.761812128531567 ], [ -118.249515745789623, 33.76177220754456 ], [ -118.249530623151074, 33.761730628104758 ], [ -118.249541353376173, 33.761687790644899 ], [ -118.249547833126996, 33.761644107713146 ], [ -118.24955, 33.7616 ], [ -118.24955, 33.761011046880022 ], [ -118.24955270695817, 33.760955945480518 ], [ -118.24955917889443, 33.760912315230243 ], [ -118.249569896178912, 33.760869529432277 ], [ -118.249584755598306, 33.760828000137145 ], [ -118.249603614048283, 33.760788127294724 ], [ -118.249626289911689, 33.760750294902252 ], [ -118.249652564807562, 33.760714867306319 ], [ -118.249682185694184, 33.760682185694208 ], [ -118.249714867306309, 33.760652564807565 ], [ -118.249750294902285, 33.760626289911663 ], [ -118.249788127294678, 33.760603614048321 ], [ -118.2498280001371, 33.760584755598337 ], [ -118.249869529432303, 33.760569896178914 ], [ -118.249912315230318, 33.760559178894425 ], [ -118.249955945480608, 33.760552706958165 ], [ -118.250011046879933, 33.76055 ], [ -118.252988953120067, 33.76055 ], [ -118.253044054519393, 33.760552706958165 ], [ -118.253087684769682, 33.760559178894425 ], [ -118.253130470567697, 33.760569896178914 ], [ -118.2531719998629, 33.760584755598337 ], [ -118.253211872705322, 33.760603614048321 ], [ -118.253249705097716, 33.760626289911663 ], [ -118.253285132693691, 33.760652564807565 ], [ -118.253297798470328, 33.760664044398368 ], [ -118.253332707327729, 33.76069263107032 ], [ -118.253370303401979, 33.760717578241305 ], [ -118.253410208722329, 33.760738635105888 ], [ -118.253452022102152, 33.760755589969662 ], [ -118.253495323172217, 33.760768272377547 ], [ -118.253539676606849, 33.76077655482743 ], [ -118.25358463650042, 33.760780354052017 ], [ -118.253629750850379, 33.760779631855947 ], [ -118.253674566101267, 33.76077439549978 ], [ -118.253718631704672, 33.760764697627032 ], [ -118.253761504648679, 33.760750635734908 ], [ -118.253802753911785, 33.760732351194108 ], [ -118.253841964796052, 33.760710027827571 ], [ -118.253878743096337, 33.760683890062431 ], [ -118.253912719063379, 33.76065420067372 ], [ -118.253943551121068, 33.760621258142592 ], [ -118.253970929300479, 33.760585393655553 ], [ -118.253994578356114, 33.760546967774872 ], [ -118.254014260533069, 33.760506366813694 ], [ -118.254029777957342, 33.760463998952254 ], [ -118.254040974625056, 33.760420290134263 ], [ -118.254047737970964, 33.760375679784673 ], [ -118.25405, 33.760330616391954 ], [ -118.25405, 33.759511046880021 ], [ -118.254052706958177, 33.759455945480518 ], [ -118.254059178894437, 33.759412315230243 ], [ -118.254069896178919, 33.759369529432277 ], [ -118.254084755598313, 33.759328000137145 ], [ -118.25410361404829, 33.759288127294724 ], [ -118.254126289911696, 33.759250294902252 ], [ -118.254152564807569, 33.759214867306319 ], [ -118.254182185694191, 33.759182185694208 ], [ -118.254214867306317, 33.759152564807565 ], [ -118.254250294902292, 33.759126289911663 ], [ -118.254288127294686, 33.759103614048321 ], [ -118.254328000137107, 33.759084755598337 ], [ -118.25436952943231, 33.759069896178914 ], [ -118.254412315230326, 33.759059178894425 ], [ -118.254455945480615, 33.759052706958165 ], [ -118.254511046879941, 33.75905 ], [ -118.2566, 33.75905 ], [ -118.256644107713157, 33.759047833126999 ], [ -118.256687790644918, 33.759041353376176 ], [ -118.256730628104776, 33.759030623151077 ], [ -118.256772207544572, 33.759015745789625 ], [ -118.256812128531578, 33.75899686456895 ], [ -118.256850006604864, 33.758974161325533 ], [ -118.256885476977885, 33.758947854704004 ], [ -118.256918198051537, 33.758918198051525 ], [ -118.256947854704023, 33.758885476977866 ], [ -118.256974161325545, 33.758850006604852 ], [ -118.256996864568961, 33.758812128531567 ], [ -118.25701574578963, 33.75877220754456 ], [ -118.257030623151081, 33.758730628104757 ], [ -118.257041353376181, 33.758687790644899 ], [ -118.257047833127004, 33.758644107713145 ], [ -118.25705, 33.7586 ], [ -118.25705, 33.758011046880021 ], [ -118.257052706958177, 33.757955945480518 ], [ -118.257059178894437, 33.757912315230243 ], [ -118.257069896178919, 33.757869529432277 ], [ -118.257084755598314, 33.757828000137145 ], [ -118.25710361404829, 33.757788127294724 ], [ -118.257126289911696, 33.757750294902252 ], [ -118.257152564807569, 33.757714867306319 ], [ -118.257182185694191, 33.757682185694208 ], [ -118.257214867306317, 33.757652564807564 ], [ -118.257250294902292, 33.757626289911663 ], [ -118.257288127294686, 33.757603614048321 ], [ -118.257328000137107, 33.757584755598337 ], [ -118.25736952943231, 33.757569896178914 ], [ -118.257412315230326, 33.757559178894425 ], [ -118.257455945480615, 33.757552706958165 ], [ -118.257511046879941, 33.75755 ], [ -118.2581, 33.75755 ], [ -118.25814410771315, 33.757547833126999 ], [ -118.258187790644911, 33.757541353376176 ], [ -118.258230628104769, 33.757530623151077 ], [ -118.258272207544564, 33.757515745789625 ], [ -118.258312128531571, 33.757496864568949 ], [ -118.258350006604857, 33.757474161325533 ], [ -118.258385476977878, 33.757447854704004 ], [ -118.25841819805153, 33.757418198051525 ], [ -118.258447854704016, 33.757385476977866 ], [ -118.258474161325537, 33.757350006604852 ], [ -118.258496864568954, 33.757312128531566 ], [ -118.258515745789623, 33.75727220754456 ], [ -118.258530623151074, 33.757230628104757 ], [ -118.258541353376174, 33.757187790644899 ], [ -118.258547833126997, 33.757144107713145 ], [ -118.25855, 33.7571 ], [ -118.25855, 33.756511046880021 ], [ -118.25855270695817, 33.756455945480518 ], [ -118.25855917889443, 33.756412315230243 ], [ -118.258569896178912, 33.756369529432277 ], [ -118.258584755598307, 33.756328000137145 ], [ -118.258603614048283, 33.756288127294724 ], [ -118.258626289911689, 33.756250294902252 ], [ -118.258652564807562, 33.756214867306319 ], [ -118.258682185694184, 33.756182185694207 ], [ -118.25871486730631, 33.756152564807564 ], [ -118.258750294902285, 33.756126289911663 ], [ -118.258788127294679, 33.756103614048321 ], [ -118.2588280001371, 33.756084755598337 ], [ -118.258869529432303, 33.756069896178914 ], [ -118.258912315230319, 33.756059178894425 ], [ -118.258955945480608, 33.756052706958165 ], [ -118.259011046879934, 33.75605 ], [ -118.260488953120074, 33.75605 ], [ -118.2605440545194, 33.756052706958165 ], [ -118.260587684769689, 33.756059178894425 ], [ -118.260630470567705, 33.756069896178914 ], [ -118.260671999862907, 33.756084755598337 ], [ -118.260711872705329, 33.756103614048321 ], [ -118.260749705097723, 33.756126289911663 ], [ -118.260785132693698, 33.756152564807564 ], [ -118.260817814305824, 33.756182185694207 ], [ -118.260847435192446, 33.756214867306319 ], [ -118.260884975662407, 33.756265484770495 ], [ -118.260888603425954, 33.756270913076271 ], [ -118.260916677555258, 33.756305103236045 ], [ -118.260947973182212, 33.756336371550589 ], [ -118.260982187840582, 33.756364415817622 ], [ -118.26101899085225, 33.75638896499467 ], [ -118.261058026523131, 33.756409781818633 ], [ -118.261098917580938, 33.756426665098886 ], [ -118.261141268821433, 33.756439451661763 ], [ -118.26118467092796, 33.756448017927575 ], [ -118.261228704427467, 33.756452281104998 ], [ -118.261272943744615, 33.756452199991244 ], [ -118.261316961314861, 33.756447775370262 ], [ -118.261360331716816, 33.756439050005163 ], [ -118.261402635783824, 33.756426108224936 ], [ -118.261443464655187, 33.75640907510941 ], [ -118.261482423727657, 33.75638811528038 ], [ -118.261519136469275, 33.756363431310596 ], [ -118.261553248058391, 33.756335261765898 ], [ -118.261584428813052, 33.756303878899551 ], [ -118.261612377377205, 33.756269586020949 ], [ -118.261653093834298, 33.756214283615272 ], [ -118.261682185694184, 33.756182185694207 ], [ -118.26171486730631, 33.756152564807564 ], [ -118.261765484770706, 33.756115024337454 ], [ -118.261770913076433, 33.756111396573935 ], [ -118.261805103236199, 33.756083322444631 ], [ -118.261836371550729, 33.756052026817663 ], [ -118.26186441581774, 33.756017812159286 ], [ -118.261888964994768, 33.755981009147618 ], [ -118.261909781818716, 33.75594197347673 ], [ -118.261926665098954, 33.755901082418916 ], [ -118.261939451661817, 33.755858731178428 ], [ -118.261948017927622, 33.755815329071901 ], [ -118.261952281105025, 33.755771295572394 ], [ -118.261952199991271, 33.755727056255253 ], [ -118.261947775370274, 33.755683038685014 ], [ -118.261939050005168, 33.755639668283074 ], [ -118.261926108224927, 33.755597364216072 ], [ -118.261909075109386, 33.755556535344716 ], [ -118.261888115280357, 33.755517576272247 ], [ -118.261863431310559, 33.755480863530643 ], [ -118.261835261765867, 33.755446751941527 ], [ -118.261803878899514, 33.755415571186887 ], [ -118.261769586020904, 33.755387622622742 ], [ -118.261714283615291, 33.75534690616572 ], [ -118.261682185694184, 33.755317814305783 ], [ -118.261652564807562, 33.755285132693672 ], [ -118.261626289911689, 33.755249705097739 ], [ -118.261603614048283, 33.755211872705267 ], [ -118.261584755598307, 33.755171999862846 ], [ -118.261569896178912, 33.755130470567714 ], [ -118.26155917889443, 33.755087684769748 ], [ -118.26155270695817, 33.755044054519473 ], [ -118.26155, 33.75498895311997 ], [ -118.26155, 33.753511046880021 ], [ -118.26155270695817, 33.753455945480518 ], [ -118.26155917889443, 33.753412315230243 ], [ -118.261569896178912, 33.753369529432277 ], [ -118.261584755598307, 33.753328000137145 ], [ -118.261603614048283, 33.753288127294724 ], [ -118.261626289911689, 33.753250294902251 ], [ -118.261652564807562, 33.753214867306319 ], [ -118.261682185694184, 33.753182185694207 ], [ -118.26171486730631, 33.753152564807564 ], [ -118.261750294902285, 33.753126289911663 ], [ -118.261788127294679, 33.753103614048321 ], [ -118.261828000137101, 33.753084755598337 ], [ -118.261869529432303, 33.753069896178914 ], [ -118.261912315230319, 33.753059178894425 ], [ -118.261955945480608, 33.753052706958165 ], [ -118.262011046879934, 33.75305 ], [ -118.264988953120067, 33.75305 ], [ -118.265044054519393, 33.753052706958165 ], [ -118.265087684769682, 33.753059178894425 ], [ -118.265130470567698, 33.753069896178914 ], [ -118.265171999862901, 33.753084755598337 ], [ -118.265211872705322, 33.753103614048321 ], [ -118.265249705097716, 33.753126289911663 ], [ -118.265285132693691, 33.753152564807564 ], [ -118.265317814305817, 33.753182185694207 ], [ -118.265347435192439, 33.753214867306319 ], [ -118.265384975662187, 33.753265484770203 ], [ -118.265388603425663, 33.753270913075887 ], [ -118.265416677554938, 33.753305103235711 ], [ -118.265447973181878, 33.753336371550297 ], [ -118.265482187840249, 33.75336441581738 ], [ -118.265518990851902, 33.753388964994471 ], [ -118.265558026522797, 33.753409781818483 ], [ -118.265598917580604, 33.753426665098779 ], [ -118.265641268821113, 33.753439451661691 ], [ -118.265684670927655, 33.753448017927532 ], [ -118.26572870442719, 33.753452281104991 ], [ -118.265772943744366, 33.753452199991266 ], [ -118.265816961314627, 33.753447775370304 ], [ -118.26586033171661, 33.75343905000522 ], [ -118.265902635783647, 33.753426108225007 ], [ -118.265943464655038, 33.753409075109481 ], [ -118.265982423727536, 33.753388115280458 ], [ -118.266019136469183, 33.753363431310667 ], [ -118.266053248058327, 33.753335261765962 ], [ -118.266084428813002, 33.753303878899601 ], [ -118.266112377377169, 33.753269586020984 ], [ -118.266153093834248, 33.753214283615328 ], [ -118.266182185694191, 33.753182185694207 ], [ -118.266214867306317, 33.753152564807564 ], [ -118.266250294902292, 33.753126289911663 ], [ -118.266288127294686, 33.753103614048321 ], [ -118.266328000137108, 33.753084755598337 ], [ -118.266369529432311, 33.753069896178914 ], [ -118.266412315230326, 33.753059178894425 ], [ -118.266455945480615, 33.753052706958165 ], [ -118.266511046879941, 33.75305 ], [ -118.270988953120067, 33.75305 ], [ -118.271044054519393, 33.753052706958165 ], [ -118.271087684769682, 33.753059178894425 ], [ -118.271130470567698, 33.753069896178914 ], [ -118.271171999862901, 33.753084755598337 ], [ -118.271211872705322, 33.753103614048321 ], [ -118.271249705097716, 33.753126289911663 ], [ -118.271285132693691, 33.753152564807564 ], [ -118.271317814305817, 33.753182185694207 ], [ -118.271347435192439, 33.753214867306319 ], [ -118.271373710088312, 33.753250294902251 ], [ -118.271396385951718, 33.753288127294724 ], [ -118.271415244401695, 33.753328000137145 ], [ -118.271430103821089, 33.753369529432277 ], [ -118.271440821105571, 33.753412315230243 ], [ -118.271447293041831, 33.753455945480518 ], [ -118.27145, 33.753511046880021 ], [ -118.27145, 33.754330616391954 ], [ -118.271452262029044, 33.754375679784673 ], [ -118.271459025374952, 33.754420290134263 ], [ -118.271470222042666, 33.754463998952254 ], [ -118.271485739466939, 33.754506366813693 ], [ -118.271505421643894, 33.754546967774871 ], [ -118.271529070699529, 33.754585393655553 ], [ -118.27155644887894, 33.754621258142592 ], [ -118.271587280936629, 33.75465420067372 ], [ -118.271621256903671, 33.754683890062431 ], [ -118.271658035203956, 33.754710027827571 ], [ -118.271697246088223, 33.754732351194107 ], [ -118.271738495351329, 33.754750635734908 ], [ -118.271781368295336, 33.754764697627031 ], [ -118.271825433898741, 33.75477439549978 ], [ -118.271870249149629, 33.754779631855946 ], [ -118.271915363499588, 33.754780354052016 ], [ -118.271960323393159, 33.75477655482743 ], [ -118.272004676827791, 33.754768272377547 ], [ -118.272047977897856, 33.754755589969662 ], [ -118.272089791277679, 33.754738635105888 ], [ -118.272129696598029, 33.754717578241305 ], [ -118.272167292672279, 33.75469263107032 ], [ -118.27220220152968, 33.754664044398368 ], [ -118.272214867306317, 33.754652564807564 ], [ -118.272250294902292, 33.754626289911663 ], [ -118.272288127294686, 33.754603614048321 ], [ -118.272328000137108, 33.754584755598337 ], [ -118.272369529432311, 33.754569896178914 ], [ -118.272412315230326, 33.754559178894425 ], [ -118.272455945480615, 33.754552706958165 ], [ -118.272511046879941, 33.75455 ], [ -118.2731, 33.75455 ], [ -118.273144107713151, 33.754547833126999 ], [ -118.273187790644911, 33.754541353376176 ], [ -118.27323062810477, 33.754530623151076 ], [ -118.273272207544565, 33.754515745789625 ], [ -118.273312128531572, 33.754496864568949 ], [ -118.273350006604858, 33.754474161325533 ], [ -118.273385476977879, 33.754447854704004 ], [ -118.27341819805153, 33.754418198051525 ], [ -118.273447854704017, 33.754385476977866 ], [ -118.273474161325538, 33.754350006604852 ], [ -118.273496864568955, 33.754312128531566 ], [ -118.273515745789624, 33.75427220754456 ], [ -118.273530623151075, 33.754230628104757 ], [ -118.273541353376174, 33.754187790644899 ], [ -118.273547833126997, 33.754144107713145 ], [ -118.27355, 33.7541 ], [ -118.27355, 33.7529 ], [ -118.273547833126997, 33.752855892286846 ], [ -118.273541353376174, 33.752812209355092 ], [ -118.273530623151075, 33.752769371895234 ], [ -118.273515745789624, 33.752727792455431 ], [ -118.273496864568955, 33.752687871468424 ], [ -118.273474161325538, 33.752649993395138 ], [ -118.273447854704017, 33.752614523022125 ], [ -118.27341819805153, 33.752581801948466 ], [ -118.273385476977879, 33.752552145295986 ], [ -118.273350006604858, 33.752525838674458 ], [ -118.273312128531572, 33.752503135431041 ], [ -118.273272207544565, 33.752484254210366 ], [ -118.27323062810477, 33.752469376848914 ], [ -118.273187790644911, 33.752458646623815 ], [ -118.273144107713151, 33.752452166872992 ], [ -118.2731, 33.75245 ], [ -118.272511046879941, 33.75245 ], [ -118.272455945480615, 33.752447293041826 ], [ -118.272412315230326, 33.752440821105566 ], [ -118.272369529432311, 33.752430103821077 ], [ -118.272328000137108, 33.752415244401654 ], [ -118.272288127294686, 33.75239638595167 ], [ -118.272250294902292, 33.752373710088328 ], [ -118.272214867306317, 33.752347435192426 ], [ -118.272182185694192, 33.752317814305783 ], [ -118.27215256480757, 33.752285132693672 ], [ -118.272126289911697, 33.752249705097739 ], [ -118.272103614048291, 33.752211872705267 ], [ -118.272084755598314, 33.752171999862846 ], [ -118.27206989617892, 33.752130470567714 ], [ -118.272059178894438, 33.752087684769748 ], [ -118.272052706958178, 33.752044054519473 ], [ -118.27205, 33.751988953119969 ], [ -118.27205, 33.7499 ], [ -118.272047833127004, 33.749855892286845 ], [ -118.272041353376181, 33.749812209355092 ], [ -118.272030623151082, 33.749769371895233 ], [ -118.272015745789631, 33.749727792455431 ], [ -118.271996864568962, 33.749687871468424 ], [ -118.271974161325545, 33.749649993395138 ], [ -118.271947854704024, 33.749614523022125 ], [ -118.271918198051537, 33.749581801948466 ], [ -118.271885476977886, 33.749552145295986 ], [ -118.271850006604865, 33.749525838674458 ], [ -118.271812128531579, 33.749503135431041 ], [ -118.271772207544572, 33.749484254210365 ], [ -118.271730628104777, 33.749469376848914 ], [ -118.271687790644918, 33.749458646623815 ], [ -118.271644107713158, 33.749452166872992 ], [ -118.2716, 33.74945 ], [ -118.269511046879941, 33.74945 ], [ -118.269455945480615, 33.749447293041825 ], [ -118.269412315230326, 33.749440821105566 ], [ -118.269369529432311, 33.749430103821076 ], [ -118.269328000137108, 33.749415244401654 ], [ -118.269288127294686, 33.74939638595167 ], [ -118.269250294902292, 33.749373710088328 ], [ -118.269214867306317, 33.749347435192426 ], [ -118.269182185694191, 33.749317814305783 ], [ -118.26915256480757, 33.749285132693672 ], [ -118.269126289911696, 33.749249705097739 ], [ -118.269103614048291, 33.749211872705267 ], [ -118.269084755598314, 33.749171999862845 ], [ -118.26906989617892, 33.749130470567714 ], [ -118.269059178894437, 33.749087684769748 ], [ -118.269052706958178, 33.749044054519473 ], [ -118.26905, 33.748988953119969 ], [ -118.26905, 33.746011046880021 ], [ -118.269052706958178, 33.745955945480517 ], [ -118.269059178894437, 33.745912315230242 ], [ -118.26906989617892, 33.745869529432277 ], [ -118.269084755598314, 33.745828000137145 ], [ -118.269103614048291, 33.745788127294723 ], [ -118.269126289911696, 33.745750294902251 ], [ -118.26915256480757, 33.745714867306319 ], [ -118.269182185694191, 33.745682185694207 ], [ -118.269214867306317, 33.745652564807564 ], [ -118.269250294902292, 33.745626289911662 ], [ -118.269288127294686, 33.745603614048321 ], [ -118.269328000137108, 33.745584755598337 ], [ -118.269369529432311, 33.745569896178914 ], [ -118.269412315230326, 33.745559178894425 ], [ -118.269455945480615, 33.745552706958165 ], [ -118.269511046879941, 33.74555 ], [ -118.2701, 33.74555 ], [ -118.270144107713151, 33.745547833126999 ], [ -118.270187790644911, 33.745541353376176 ], [ -118.27023062810477, 33.745530623151076 ], [ -118.270272207544565, 33.745515745789625 ], [ -118.270312128531572, 33.745496864568949 ], [ -118.270350006604858, 33.745474161325532 ], [ -118.270385476977879, 33.745447854704004 ], [ -118.27041819805153, 33.745418198051524 ], [ -118.270447854704017, 33.745385476977866 ], [ -118.270474161325538, 33.745350006604852 ], [ -118.270496864568955, 33.745312128531566 ], [ -118.270515745789623, 33.745272207544559 ], [ -118.270530623151075, 33.745230628104757 ], [ -118.270541353376174, 33.745187790644898 ], [ -118.270547833126997, 33.745144107713145 ], [ -118.27055, 33.7451 ], [ -118.27055, 33.744511046880021 ], [ -118.270552706958171, 33.744455945480517 ], [ -118.27055917889443, 33.744412315230242 ], [ -118.270569896178912, 33.744369529432277 ], [ -118.270584755598307, 33.744328000137145 ], [ -118.270603614048284, 33.744288127294723 ], [ -118.270626289911689, 33.744250294902251 ], [ -118.270652564807563, 33.744214867306319 ], [ -118.270682185694184, 33.744182185694207 ], [ -118.27071486730631, 33.744152564807564 ], [ -118.270750294902285, 33.744126289911662 ], [ -118.270788127294679, 33.744103614048321 ], [ -118.270828000137101, 33.744084755598337 ], [ -118.270869529432304, 33.744069896178914 ], [ -118.270912315230319, 33.744059178894425 ], [ -118.270955945480608, 33.744052706958165 ], [ -118.271011046879934, 33.74405 ], [ -118.2716, 33.74405 ], [ -118.271644107713158, 33.744047833126999 ], [ -118.271687790644918, 33.744041353376176 ], [ -118.271730628104777, 33.744030623151076 ], [ -118.271772207544572, 33.744015745789625 ], [ -118.271812128531579, 33.743996864568949 ], [ -118.271850006604865, 33.743974161325532 ], [ -118.271885476977886, 33.743947854704004 ], [ -118.271918198051537, 33.743918198051524 ], [ -118.271947854704024, 33.743885476977866 ], [ -118.271974161325545, 33.743850006604852 ], [ -118.271996864568962, 33.743812128531566 ], [ -118.272015745789631, 33.743772207544559 ], [ -118.272030623151082, 33.743730628104757 ], [ -118.272041353376181, 33.743687790644898 ], [ -118.272047833127004, 33.743644107713145 ], [ -118.27205, 33.7436 ], [ -118.27205, 33.741511046880021 ], [ -118.272052706958178, 33.741455945480517 ], [ -118.272059178894438, 33.741412315230242 ], [ -118.27206989617892, 33.741369529432276 ], [ -118.272084755598314, 33.741328000137145 ], [ -118.272103614048291, 33.741288127294723 ], [ -118.272126289911697, 33.741250294902251 ], [ -118.27215256480757, 33.741214867306319 ], [ -118.272182185694192, 33.741182185694207 ], [ -118.272214867306317, 33.741152564807564 ], [ -118.272250294902292, 33.741126289911662 ], [ -118.272288127294686, 33.74110361404832 ], [ -118.272328000137108, 33.741084755598337 ], [ -118.272369529432311, 33.741069896178914 ], [ -118.272412315230326, 33.741059178894425 ], [ -118.272455945480615, 33.741052706958165 ], [ -118.272511046879941, 33.74105 ], [ -118.273988953120067, 33.74105 ], [ -118.274044054519393, 33.741052706958165 ], [ -118.274087684769682, 33.741059178894425 ], [ -118.274130470567698, 33.741069896178914 ], [ -118.274171999862901, 33.741084755598337 ], [ -118.274211872705322, 33.74110361404832 ], [ -118.274249705097716, 33.741126289911662 ], [ -118.274285132693691, 33.741152564807564 ], [ -118.274317814305817, 33.741182185694207 ], [ -118.274347435192439, 33.741214867306319 ], [ -118.274373710088312, 33.741250294902251 ], [ -118.274396385951718, 33.741288127294723 ], [ -118.274415244401695, 33.741328000137145 ], [ -118.274430103821089, 33.741369529432276 ], [ -118.274440821105571, 33.741412315230242 ], [ -118.274447293041831, 33.741455945480517 ], [ -118.27445, 33.741511046880021 ], [ -118.27445, 33.745988953119969 ], [ -118.274447293041831, 33.746044054519473 ], [ -118.274440821105571, 33.746087684769748 ], [ -118.274430103821089, 33.746130470567714 ], [ -118.274415244401695, 33.746171999862845 ], [ -118.274396385951718, 33.746211872705267 ], [ -118.274373710088312, 33.746249705097739 ], [ -118.274347435192439, 33.746285132693671 ], [ -118.274317814305817, 33.746317814305783 ], [ -118.274285132693691, 33.746347435192426 ], [ -118.274249705097716, 33.746373710088328 ], [ -118.274211872705322, 33.74639638595167 ], [ -118.274171999862901, 33.746415244401653 ], [ -118.274130470567698, 33.746430103821076 ], [ -118.274087684769682, 33.746440821105566 ], [ -118.274044054519393, 33.746447293041825 ], [ -118.273988953120067, 33.74645 ], [ -118.2734, 33.74645 ], [ -118.273355892286858, 33.746452166872992 ], [ -118.273312209355097, 33.746458646623815 ], [ -118.273269371895239, 33.746469376848914 ], [ -118.273227792455444, 33.746484254210365 ], [ -118.273187871468437, 33.746503135431041 ], [ -118.273149993395151, 33.746525838674458 ], [ -118.27311452302213, 33.746552145295986 ], [ -118.273081801948479, 33.746581801948466 ], [ -118.273052145295992, 33.746614523022124 ], [ -118.273025838674471, 33.746649993395138 ], [ -118.273003135431054, 33.746687871468424 ], [ -118.272984254210385, 33.746727792455431 ], [ -118.272969376848934, 33.746769371895233 ], [ -118.272958646623835, 33.746812209355092 ], [ -118.272952166873011, 33.746855892286845 ], [ -118.27295, 33.7469 ], [ -118.27295, 33.7481 ], [ -118.272952166873011, 33.748144107713145 ], [ -118.272958646623835, 33.748187790644899 ], [ -118.272969376848934, 33.748230628104757 ], [ -118.272984254210385, 33.748272207544559 ], [ -118.273003135431054, 33.748312128531566 ], [ -118.273025838674471, 33.748350006604852 ], [ -118.273052145295992, 33.748385476977866 ], [ -118.273081801948479, 33.748418198051525 ], [ -118.27311452302213, 33.748447854704004 ], [ -118.273149993395151, 33.748474161325532 ], [ -118.273187871468437, 33.748496864568949 ], [ -118.273227792455444, 33.748515745789625 ], [ -118.273269371895239, 33.748530623151076 ], [ -118.273312209355097, 33.748541353376176 ], [ -118.273355892286858, 33.748547833126999 ], [ -118.2734, 33.74855 ], [ -118.273988953120067, 33.74855 ], [ -118.274044054519393, 33.748552706958165 ], [ -118.274087684769682, 33.748559178894425 ], [ -118.274130470567698, 33.748569896178914 ], [ -118.274171999862901, 33.748584755598337 ], [ -118.274211872705322, 33.748603614048321 ], [ -118.274249705097716, 33.748626289911662 ], [ -118.274285132693691, 33.748652564807564 ], [ -118.274317814305817, 33.748682185694207 ], [ -118.274347435192439, 33.748714867306319 ], [ -118.274373710088312, 33.748750294902251 ], [ -118.274396385951718, 33.748788127294723 ], [ -118.274415244401695, 33.748828000137145 ], [ -118.274430103821089, 33.748869529432277 ], [ -118.274440821105571, 33.748912315230243 ], [ -118.274447293041831, 33.748955945480517 ], [ -118.27445, 33.749011046880021 ], [ -118.27445, 33.7511 ], [ -118.274452166873004, 33.751144107713145 ], [ -118.274458646623827, 33.751187790644899 ], [ -118.274469376848927, 33.751230628104757 ], [ -118.274484254210378, 33.751272207544559 ], [ -118.274503135431047, 33.751312128531566 ], [ -118.274525838674464, 33.751350006604852 ], [ -118.274552145295985, 33.751385476977866 ], [ -118.274581801948472, 33.751418198051525 ], [ -118.274614523022123, 33.751447854704004 ], [ -118.274649993395144, 33.751474161325532 ], [ -118.27468787146843, 33.751496864568949 ], [ -118.274727792455437, 33.751515745789625 ], [ -118.274769371895232, 33.751530623151076 ], [ -118.27481220935509, 33.751541353376176 ], [ -118.274855892286851, 33.751547833126999 ], [ -118.2749, 33.75155 ], [ -118.275488953120075, 33.75155 ], [ -118.275544054519401, 33.751552706958165 ], [ -118.27558768476969, 33.751559178894425 ], [ -118.275630470567705, 33.751569896178914 ], [ -118.275671999862908, 33.751584755598337 ], [ -118.27571187270533, 33.751603614048321 ], [ -118.275749705097724, 33.751626289911663 ], [ -118.275785132693699, 33.751652564807564 ], [ -118.275817814305825, 33.751682185694207 ], [ -118.275847435192446, 33.751714867306319 ], [ -118.27587371008832, 33.751750294902251 ], [ -118.275896385951725, 33.751788127294724 ], [ -118.275915244401702, 33.751828000137145 ], [ -118.275930103821096, 33.751869529432277 ], [ -118.275940821105578, 33.751912315230243 ], [ -118.275947293041838, 33.751955945480518 ], [ -118.27595, 33.752011046880021 ], [ -118.27595, 33.7526 ], [ -118.275952166873012, 33.752644107713145 ], [ -118.275958646623835, 33.752687790644899 ], [ -118.275969376848934, 33.752730628104757 ], [ -118.275984254210385, 33.75277220754456 ], [ -118.276003135431054, 33.752812128531566 ], [ -118.276025838674471, 33.752850006604852 ], [ -118.276052145295992, 33.752885476977866 ], [ -118.276081801948479, 33.752918198051525 ], [ -118.27611452302213, 33.752947854704004 ], [ -118.276149993395151, 33.752974161325533 ], [ -118.276187871468437, 33.752996864568949 ], [ -118.276227792455444, 33.753015745789625 ], [ -118.276269371895239, 33.753030623151076 ], [ -118.276312209355098, 33.753041353376176 ], [ -118.276355892286858, 33.753047833126999 ], [ -118.2764, 33.75305 ], [ -118.276988953120068, 33.75305 ], [ -118.277044054519394, 33.753052706958165 ], [ -118.277087684769683, 33.753059178894425 ], [ -118.277130470567698, 33.753069896178914 ], [ -118.277171999862901, 33.753084755598337 ], [ -118.277211872705323, 33.753103614048321 ], [ -118.277249705097717, 33.753126289911663 ], [ -118.277285132693692, 33.753152564807564 ], [ -118.277317814305817, 33.753182185694207 ], [ -118.277347435192439, 33.753214867306319 ], [ -118.277373710088312, 33.753250294902251 ], [ -118.277396385951718, 33.753288127294724 ], [ -118.277415244401695, 33.753328000137145 ], [ -118.277430103821089, 33.753369529432277 ], [ -118.277440821105571, 33.753412315230243 ], [ -118.277447293041831, 33.753455945480518 ], [ -118.27745, 33.753511046880021 ], [ -118.27745, 33.75498895311997 ], [ -118.277447293041831, 33.755044054519473 ], [ -118.277440821105571, 33.755087684769748 ], [ -118.277430103821089, 33.755130470567714 ], [ -118.277415244401695, 33.755171999862846 ], [ -118.277396385951718, 33.755211872705267 ], [ -118.277373710088312, 33.755249705097739 ], [ -118.277347435192439, 33.755285132693672 ], [ -118.277317814305817, 33.755317814305783 ], [ -118.277285132693692, 33.755347435192427 ], [ -118.277249705097717, 33.755373710088328 ], [ -118.277211872705323, 33.75539638595167 ], [ -118.277171999862901, 33.755415244401654 ], [ -118.277130470567698, 33.755430103821077 ], [ -118.277087684769683, 33.755440821105566 ], [ -118.277044054519394, 33.755447293041826 ], [ -118.276988953120068, 33.75545 ], [ -118.2764, 33.75545 ], [ -118.276355892286858, 33.755452166872992 ], [ -118.276312209355098, 33.755458646623815 ], [ -118.276269371895239, 33.755469376848914 ], [ -118.276227792455444, 33.755484254210366 ], [ -118.276187871468437, 33.755503135431042 ], [ -118.276149993395151, 33.755525838674458 ], [ -118.27611452302213, 33.755552145295987 ], [ -118.276081801948479, 33.755581801948466 ], [ -118.276052145295992, 33.755614523022125 ], [ -118.276025838674471, 33.755649993395139 ], [ -118.276003135431054, 33.755687871468425 ], [ -118.275984254210385, 33.755727792455431 ], [ -118.275969376848934, 33.755769371895234 ], [ -118.275958646623835, 33.755812209355092 ], [ -118.275952166873012, 33.755855892286846 ], [ -118.27595, 33.7559 ], [ -118.27595, 33.75648895311997 ], [ -118.275947293041838, 33.756544054519473 ], [ -118.275940821105578, 33.756587684769748 ], [ -118.275930103821096, 33.756630470567714 ], [ -118.275915244401702, 33.756671999862846 ], [ -118.275896385951725, 33.756711872705267 ], [ -118.27587371008832, 33.756749705097739 ], [ -118.275847435192503, 33.756785132693594 ], [ -118.275835955601622, 33.756797798470323 ], [ -118.275807368929676, 33.756832707327732 ], [ -118.275782421758691, 33.756870303401975 ], [ -118.275761364894109, 33.756910208722331 ], [ -118.275744410030342, 33.756952022102162 ], [ -118.275731727622457, 33.756995323172227 ], [ -118.275723445172574, 33.757039676606844 ], [ -118.275719645947987, 33.757084636500423 ], [ -118.275720368144064, 33.757129750850375 ], [ -118.275725604500224, 33.757174566101263 ], [ -118.275735302372965, 33.75721863170466 ], [ -118.275749364265096, 33.757261504648675 ], [ -118.275767648805896, 33.757302753911773 ], [ -118.275789972172433, 33.757341964796041 ], [ -118.27581610993758, 33.757378743096325 ], [ -118.275845799326291, 33.757412719063367 ], [ -118.275878741857412, 33.757443551121064 ], [ -118.275914606344458, 33.757470929300474 ], [ -118.275953032225132, 33.757494578356102 ], [ -118.275993633186317, 33.757514260533064 ], [ -118.276036001047743, 33.757529777957323 ], [ -118.276079709865741, 33.757540974625044 ], [ -118.276124320215331, 33.757547737970953 ], [ -118.27616938360805, 33.75755 ], [ -118.278488953120075, 33.75755 ], [ -118.278544054519401, 33.757552706958165 ], [ -118.27858768476969, 33.757559178894425 ], [ -118.278630470567705, 33.757569896178914 ], [ -118.278671999862908, 33.757584755598337 ], [ -118.27871187270533, 33.757603614048321 ], [ -118.278749705097724, 33.757626289911663 ], [ -118.278785132693699, 33.757652564807564 ], [ -118.278817814305825, 33.757682185694208 ], [ -118.278847435192446, 33.757714867306319 ], [ -118.27887371008832, 33.757750294902252 ], [ -118.278896385951725, 33.757788127294724 ], [ -118.278915244401702, 33.757828000137145 ], [ -118.278930103821097, 33.757869529432277 ], [ -118.278940821105579, 33.757912315230243 ], [ -118.278947293041838, 33.757955945480518 ], [ -118.27895, 33.758011046880021 ], [ -118.27895, 33.75948895311997 ], [ -118.278947293041838, 33.759544054519473 ], [ -118.278940821105579, 33.759587684769748 ], [ -118.278930103821097, 33.759630470567714 ], [ -118.278915244401702, 33.759671999862846 ], [ -118.278896385951725, 33.759711872705267 ], [ -118.27887371008832, 33.75974970509774 ], [ -118.278847435192446, 33.759785132693672 ], [ -118.278817814305825, 33.759817814305784 ], [ -118.278785132693699, 33.759847435192427 ], [ -118.278749705097724, 33.759873710088328 ], [ -118.27871187270533, 33.75989638595167 ], [ -118.278671999862908, 33.759915244401654 ], [ -118.278630470567705, 33.759930103821077 ], [ -118.27858768476969, 33.759940821105566 ], [ -118.278544054519401, 33.759947293041826 ], [ -118.278488953120075, 33.75995 ], [ -118.2779, 33.75995 ], [ -118.277855892286851, 33.759952166872992 ], [ -118.277812209355091, 33.759958646623815 ], [ -118.277769371895232, 33.759969376848915 ], [ -118.277727792455437, 33.759984254210366 ], [ -118.27768787146843, 33.760003135431042 ], [ -118.277649993395144, 33.760025838674458 ], [ -118.277614523022123, 33.760052145295987 ], [ -118.277581801948472, 33.760081801948466 ], [ -118.277552145295985, 33.760114523022125 ], [ -118.277525838674464, 33.760149993395139 ], [ -118.277503135431047, 33.760187871468425 ], [ -118.277484254210378, 33.760227792455431 ], [ -118.277469376848927, 33.760269371895234 ], [ -118.277458646623828, 33.760312209355092 ], [ -118.277452166873005, 33.760355892286846 ], [ -118.27745, 33.7604 ], [ -118.27745, 33.76398895311997 ], [ -118.277447293041831, 33.764044054519474 ], [ -118.277440821105571, 33.764087684769748 ], [ -118.277430103821089, 33.764130470567714 ], [ -118.277415244401695, 33.764171999862846 ], [ -118.277396385951718, 33.764211872705268 ], [ -118.277373710088312, 33.76424970509774 ], [ -118.277347435192496, 33.764285132693594 ], [ -118.277335955601615, 33.764297798470324 ], [ -118.277307368929669, 33.764332707327732 ], [ -118.277282421758684, 33.764370303401975 ], [ -118.277261364894102, 33.764410208722332 ], [ -118.277244410030335, 33.764452022102162 ], [ -118.27723172762245, 33.764495323172227 ], [ -118.277223445172567, 33.764539676606844 ], [ -118.27721964594798, 33.764584636500423 ], [ -118.277220368144057, 33.764629750850375 ], [ -118.277225604500217, 33.764674566101263 ], [ -118.277235302372958, 33.76471863170466 ], [ -118.277249364265089, 33.764761504648675 ], [ -118.277267648805889, 33.764802753911773 ], [ -118.277289972172426, 33.764841964796041 ], [ -118.277316109937573, 33.764878743096325 ], [ -118.277345799326284, 33.764912719063368 ], [ -118.277378741857405, 33.764943551121064 ], [ -118.27741460634445, 33.764970929300475 ], [ -118.277453032225125, 33.764994578356102 ], [ -118.27749363318631, 33.765014260533064 ], [ -118.277536001047736, 33.765029777957324 ], [ -118.277579709865734, 33.765040974625045 ], [ -118.277624320215324, 33.765047737970953 ], [ -118.277669383608043, 33.76505 ], [ -118.278488953120075, 33.76505 ], [ -118.278544054519401, 33.765052706958166 ], [ -118.27858768476969, 33.765059178894425 ], [ -118.278630470567705, 33.765069896178915 ], [ -118.278671999862908, 33.765084755598338 ], [ -118.27871187270533, 33.765103614048321 ], [ -118.278749705097724, 33.765126289911663 ], [ -118.278785132693699, 33.765152564807565 ], [ -118.278817814305825, 33.765182185694208 ], [ -118.278847435192446, 33.765214867306319 ], [ -118.27887371008832, 33.765250294902252 ], [ -118.278896385951725, 33.765288127294724 ], [ -118.278915244401702, 33.765328000137146 ], [ -118.278930103821097, 33.765369529432277 ], [ -118.278940821105579, 33.765412315230243 ], [ -118.278947293041838, 33.765455945480518 ], [ -118.27895, 33.765511046880022 ], [ -118.27895, 33.76698895311997 ], [ -118.278947293041838, 33.767044054519474 ], [ -118.278940821105579, 33.767087684769749 ], [ -118.278930103821097, 33.767130470567714 ], [ -118.278915244401702, 33.767171999862846 ], [ -118.278896385951725, 33.767211872705268 ], [ -118.27887371008832, 33.76724970509774 ], [ -118.278847435192446, 33.767285132693672 ], [ -118.278817814305825, 33.767317814305784 ], [ -118.278785132693699, 33.767347435192427 ], [ -118.278749705097724, 33.767373710088329 ], [ -118.27871187270533, 33.76739638595167 ], [ -118.278671999862908, 33.767415244401654 ], [ -118.278630470567705, 33.767430103821077 ], [ -118.27858768476969, 33.767440821105566 ], [ -118.278544054519401, 33.767447293041826 ], [ -118.278488953120075, 33.76745 ], [ -118.277011046879934, 33.76745 ], [ -118.276955945480609, 33.767447293041826 ], [ -118.276912315230319, 33.767440821105566 ], [ -118.276869529432304, 33.767430103821077 ], [ -118.276828000137101, 33.767415244401654 ], [ -118.276788127294679, 33.76739638595167 ], [ -118.276750294902286, 33.767373710088329 ], [ -118.27671486730631, 33.767347435192427 ], [ -118.276682185694185, 33.767317814305784 ], [ -118.276652564807563, 33.767285132693672 ], [ -118.276615024337602, 33.767234515229497 ], [ -118.276611396574054, 33.76722908692372 ] ], [ [ -118.26627091307644, 33.756111396573935 ], [ -118.266305103236206, 33.756083322444631 ], [ -118.266336371550736, 33.756052026817663 ], [ -118.266364415817748, 33.756017812159286 ], [ -118.266388964994775, 33.755981009147618 ], [ -118.266409781818723, 33.75594197347673 ], [ -118.266426665098962, 33.755901082418916 ], [ -118.266439451661824, 33.755858731178428 ], [ -118.26644801792763, 33.755815329071901 ], [ -118.266452281105032, 33.755771295572394 ], [ -118.266452199991278, 33.755727056255253 ], [ -118.266447775370281, 33.755683038685014 ], [ -118.266439050005175, 33.755639668283074 ], [ -118.266426108224934, 33.755597364216072 ], [ -118.266409075109394, 33.755556535344716 ], [ -118.266388115280364, 33.755517576272247 ], [ -118.266363431310566, 33.755480863530643 ], [ -118.266335261765875, 33.755446751941527 ], [ -118.266303878899521, 33.755415571186887 ], [ -118.266269586020911, 33.755387622622742 ], [ -118.266214283615298, 33.75534690616572 ], [ -118.26620220152968, 33.755335955601623 ], [ -118.266167292672279, 33.755307368929671 ], [ -118.266129696598028, 33.755282421758686 ], [ -118.266089791277679, 33.755261364894103 ], [ -118.266047977897856, 33.755244410030329 ], [ -118.266004676827791, 33.755231727622444 ], [ -118.265960323393159, 33.755223445172561 ], [ -118.265915363499587, 33.755219645947975 ], [ -118.265870249149629, 33.755220368144045 ], [ -118.26582543389874, 33.755225604500211 ], [ -118.265781368295336, 33.755235302372959 ], [ -118.265738495351329, 33.755249364265083 ], [ -118.265697246088223, 33.755267648805884 ], [ -118.265658035203955, 33.75528997217242 ], [ -118.265621256903671, 33.75531610993756 ], [ -118.265587280936629, 33.755345799326271 ], [ -118.265556448878939, 33.755378741857399 ], [ -118.265529070699529, 33.755414606344438 ], [ -118.265505421643894, 33.75545303222512 ], [ -118.265485739466939, 33.755493633186298 ], [ -118.265470222042666, 33.755536001047737 ], [ -118.265459025374952, 33.755579709865728 ], [ -118.265452262029044, 33.755624320215318 ], [ -118.26545, 33.755669383608037 ], [ -118.26545, 33.755830616391954 ], [ -118.265452262029044, 33.755875679784673 ], [ -118.265459025374952, 33.755920290134263 ], [ -118.265470222042666, 33.755963998952254 ], [ -118.265485739466939, 33.756006366813693 ], [ -118.265505421643894, 33.756046967774871 ], [ -118.265529070699529, 33.756085393655553 ], [ -118.265556448878939, 33.756121258142592 ], [ -118.265587280936629, 33.75615420067372 ], [ -118.265621256903671, 33.756183890062431 ], [ -118.265658035203955, 33.756210027827571 ], [ -118.265697246088223, 33.756232351194107 ], [ -118.265738495351329, 33.756250635734908 ], [ -118.265781368295336, 33.756264697627032 ], [ -118.26582543389874, 33.75627439549978 ], [ -118.265870249149629, 33.756279631855946 ], [ -118.265915363499587, 33.756280354052016 ], [ -118.265960323393159, 33.75627655482743 ], [ -118.266004676827791, 33.756268272377547 ], [ -118.266047977897856, 33.756255589969662 ], [ -118.266089791277679, 33.756238635105888 ], [ -118.266129696598028, 33.756217578241305 ], [ -118.266167292672279, 33.75619263107032 ], [ -118.26620220152968, 33.756164044398368 ], [ -118.266214867306317, 33.756152564807564 ], [ -118.266265484770713, 33.756115024337454 ], [ -118.26627091307644, 33.756111396573935 ] ], [ [ -118.275111396574346, 33.764229086924104 ], [ -118.27508332244507, 33.76419489676428 ], [ -118.27505202681813, 33.764163628449694 ], [ -118.27501781215976, 33.764135584182611 ], [ -118.274981009148107, 33.76411103500552 ], [ -118.274941973477212, 33.764090218181508 ], [ -118.274901082419404, 33.764073334901212 ], [ -118.274858731178895, 33.7640605483383 ], [ -118.274815329072354, 33.764051982072459 ], [ -118.274771295572819, 33.764047718895 ], [ -118.274727056255642, 33.764047800008726 ], [ -118.274683038685382, 33.764052224629687 ], [ -118.274639668283399, 33.764060949994771 ], [ -118.274597364216362, 33.764073891774984 ], [ -118.274556535344971, 33.76409092489051 ], [ -118.274517576272473, 33.764111884719533 ], [ -118.274480863530826, 33.764136568689324 ], [ -118.274446751941682, 33.76416473823403 ], [ -118.274415571187006, 33.76419612110039 ], [ -118.274387622622839, 33.764230413979007 ], [ -118.274346906165817, 33.764285716384585 ], [ -118.274335955601615, 33.764297798470324 ], [ -118.274307368929669, 33.764332707327732 ], [ -118.274282421758684, 33.764370303401975 ], [ -118.274261364894102, 33.764410208722332 ], [ -118.274244410030335, 33.764452022102162 ], [ -118.27423172762245, 33.764495323172227 ], [ -118.274223445172566, 33.764539676606844 ], [ -118.27421964594798, 33.764584636500423 ], [ -118.274220368144057, 33.764629750850375 ], [ -118.274225604500216, 33.764674566101263 ], [ -118.274235302372958, 33.76471863170466 ], [ -118.274249364265089, 33.764761504648675 ], [ -118.274267648805889, 33.764802753911773 ], [ -118.274289972172426, 33.764841964796041 ], [ -118.274316109937573, 33.764878743096325 ], [ -118.274345799326284, 33.764912719063368 ], [ -118.274378741857404, 33.764943551121064 ], [ -118.27441460634445, 33.764970929300475 ], [ -118.274453032225125, 33.764994578356102 ], [ -118.27449363318631, 33.765014260533064 ], [ -118.274536001047736, 33.765029777957324 ], [ -118.274579709865733, 33.765040974625045 ], [ -118.274624320215324, 33.765047737970953 ], [ -118.274669383608042, 33.76505 ], [ -118.274830616391966, 33.76505 ], [ -118.274875679784685, 33.765047737970953 ], [ -118.274920290134276, 33.765040974625045 ], [ -118.274963998952273, 33.765029777957324 ], [ -118.275006366813699, 33.765014260533064 ], [ -118.275046967774884, 33.764994578356102 ], [ -118.275085393655559, 33.764970929300475 ], [ -118.275121258142605, 33.764943551121064 ], [ -118.275154200673725, 33.764912719063368 ], [ -118.275183890062436, 33.764878743096325 ], [ -118.275210027827583, 33.764841964796041 ], [ -118.27523235119412, 33.764802753911773 ], [ -118.27525063573492, 33.764761504648675 ], [ -118.275264697627051, 33.76471863170466 ], [ -118.275274395499792, 33.764674566101263 ], [ -118.275279631855952, 33.764629750850375 ], [ -118.275280354052029, 33.764584636500423 ], [ -118.275276554827443, 33.764539676606844 ], [ -118.275268272377559, 33.764495323172227 ], [ -118.275255589969674, 33.764452022102162 ], [ -118.275238635105907, 33.764410208722332 ], [ -118.275217578241325, 33.764370303401975 ], [ -118.27519263107034, 33.764332707327732 ], [ -118.275164044398394, 33.764297798470324 ], [ -118.275152564807513, 33.764285132693594 ], [ -118.275115024337822, 33.764234515229788 ], [ -118.275111396574346, 33.764229086924104 ] ], [ [ -118.27519263107034, 33.757667292672259 ], [ -118.275217578241325, 33.757629696598016 ], [ -118.275238635105907, 33.75758979127766 ], [ -118.275255589969674, 33.757547977897829 ], [ -118.275268272377559, 33.757504676827764 ], [ -118.275276554827443, 33.757460323393147 ], [ -118.275280354052029, 33.757415363499568 ], [ -118.275279631855952, 33.757370249149616 ], [ -118.275274395499792, 33.757325433898728 ], [ -118.275264697627051, 33.757281368295331 ], [ -118.27525063573492, 33.757238495351316 ], [ -118.27523235119412, 33.757197246088218 ], [ -118.275210027827583, 33.75715803520395 ], [ -118.275183890062436, 33.757121256903666 ], [ -118.275154200673725, 33.757087280936624 ], [ -118.275121258142605, 33.757056448878927 ], [ -118.275085393655559, 33.757029070699517 ], [ -118.275046967774884, 33.757005421643889 ], [ -118.275006366813699, 33.756985739466927 ], [ -118.274963998952273, 33.756970222042668 ], [ -118.274920290134276, 33.756959025374947 ], [ -118.274875679784685, 33.756952262029039 ], [ -118.274830616391966, 33.75695 ], [ -118.274669383608042, 33.75695 ], [ -118.274624320215324, 33.756952262029039 ], [ -118.274579709865733, 33.756959025374947 ], [ -118.274536001047736, 33.756970222042668 ], [ -118.27449363318631, 33.756985739466927 ], [ -118.274453032225125, 33.757005421643889 ], [ -118.27441460634445, 33.757029070699517 ], [ -118.274378741857404, 33.757056448878927 ], [ -118.274345799326284, 33.757087280936624 ], [ -118.274316109937573, 33.757121256903666 ], [ -118.274289972172426, 33.75715803520395 ], [ -118.274267648805889, 33.757197246088218 ], [ -118.274249364265089, 33.757238495351316 ], [ -118.274235302372958, 33.757281368295331 ], [ -118.274225604500216, 33.757325433898728 ], [ -118.274220368144057, 33.757370249149616 ], [ -118.27421964594798, 33.757415363499568 ], [ -118.274223445172566, 33.757460323393147 ], [ -118.27423172762245, 33.757504676827764 ], [ -118.274244410030335, 33.757547977897829 ], [ -118.274261364894102, 33.75758979127766 ], [ -118.274282421758684, 33.757629696598016 ], [ -118.274307368929669, 33.757667292672259 ], [ -118.274335955601615, 33.757702201529668 ], [ -118.274347435192496, 33.757714867306397 ], [ -118.274384975662983, 33.757765484771276 ], [ -118.27438860342663, 33.757770913077174 ], [ -118.274416677555976, 33.757805103236834 ], [ -118.274447973182959, 33.757836371551264 ], [ -118.274482187841357, 33.75786441581819 ], [ -118.274518990853011, 33.757888964995132 ], [ -118.274558026523891, 33.757909781818988 ], [ -118.27459891758167, 33.757926665099149 ], [ -118.274641268822123, 33.75793945166194 ], [ -118.274684670928607, 33.757948017927674 ], [ -118.274728704428071, 33.757952281105034 ], [ -118.274772943745162, 33.757952199991223 ], [ -118.274816961315352, 33.757947775370198 ], [ -118.274860331717221, 33.757939050005064 ], [ -118.274902635784173, 33.757926108224822 ], [ -118.274943464655465, 33.757909075109282 ], [ -118.274982423727877, 33.757888115280259 ], [ -118.275019136469425, 33.75786343131049 ], [ -118.275053248058498, 33.75783526176582 ], [ -118.275084428813102, 33.757803878899502 ], [ -118.275112377377212, 33.757769586020935 ], [ -118.275153093834163, 33.757714283615435 ], [ -118.275164044398394, 33.757702201529668 ], [ -118.27519263107034, 33.757667292672259 ] ], [ [ -118.276664044398387, 33.765202201529668 ], [ -118.276692631070333, 33.76516729267226 ], [ -118.276717578241318, 33.765129696598017 ], [ -118.2767386351059, 33.76508979127766 ], [ -118.276755589969667, 33.765047977897829 ], [ -118.276768272377552, 33.765004676827765 ], [ -118.276776554827435, 33.764960323393147 ], [ -118.276780354052022, 33.764915363499568 ], [ -118.276779631855945, 33.764870249149617 ], [ -118.276774395499785, 33.764825433898729 ], [ -118.276764697627044, 33.764781368295331 ], [ -118.276750635734913, 33.764738495351317 ], [ -118.276732351194113, 33.764697246088218 ], [ -118.276710027827576, 33.764658035203951 ], [ -118.276683890062429, 33.764621256903666 ], [ -118.276654200673718, 33.764587280936624 ], [ -118.276621258142598, 33.764556448878928 ], [ -118.276585393655552, 33.764529070699517 ], [ -118.276546967774877, 33.764505421643889 ], [ -118.276506366813692, 33.764485739466927 ], [ -118.276463998952266, 33.764470222042668 ], [ -118.276420290134268, 33.764459025374947 ], [ -118.276375679784678, 33.764452262029039 ], [ -118.276330616391959, 33.76445 ], [ -118.27616938360805, 33.76445 ], [ -118.276124320215331, 33.764452262029039 ], [ -118.276079709865741, 33.764459025374947 ], [ -118.276036001047743, 33.764470222042668 ], [ -118.275993633186317, 33.764485739466927 ], [ -118.275953032225132, 33.764505421643889 ], [ -118.275914606344458, 33.764529070699517 ], [ -118.275878741857412, 33.764556448878928 ], [ -118.275845799326291, 33.764587280936624 ], [ -118.27581610993758, 33.764621256903666 ], [ -118.275789972172433, 33.764658035203951 ], [ -118.275767648805896, 33.764697246088218 ], [ -118.275749364265096, 33.764738495351317 ], [ -118.275735302372965, 33.764781368295331 ], [ -118.275725604500224, 33.764825433898729 ], [ -118.275720368144064, 33.764870249149617 ], [ -118.275719645947987, 33.764915363499568 ], [ -118.275723445172574, 33.764960323393147 ], [ -118.275731727622457, 33.765004676827765 ], [ -118.275744410030342, 33.765047977897829 ], [ -118.275761364894109, 33.76508979127766 ], [ -118.275782421758691, 33.765129696598017 ], [ -118.275807368929676, 33.76516729267226 ], [ -118.275835955601622, 33.765202201529668 ], [ -118.275847435192503, 33.765214867306398 ], [ -118.275884975662407, 33.765265484770495 ], [ -118.275888603425955, 33.765270913076272 ], [ -118.275916677555259, 33.765305103236045 ], [ -118.275947973182213, 33.765336371550589 ], [ -118.275982187840583, 33.765364415817622 ], [ -118.276018990852251, 33.765388964994671 ], [ -118.276058026523131, 33.765409781818633 ], [ -118.276098917580939, 33.765426665098886 ], [ -118.276141268821434, 33.765439451661763 ], [ -118.276184670927961, 33.765448017927575 ], [ -118.276228704427467, 33.765452281104999 ], [ -118.276272943744615, 33.765452199991245 ], [ -118.276316961314862, 33.765447775370262 ], [ -118.276360331716816, 33.765439050005163 ], [ -118.276402635783825, 33.765426108224936 ], [ -118.276443464655188, 33.76540907510941 ], [ -118.276482423727657, 33.765388115280381 ], [ -118.276519136469275, 33.765363431310597 ], [ -118.276553248058391, 33.765335261765898 ], [ -118.276584428813052, 33.765303878899552 ], [ -118.276612377377205, 33.765269586020949 ], [ -118.276653093834227, 33.76521428361535 ], [ -118.276664044398387, 33.765202201529668 ] ] ], [ [ [ -118.254873710088319, 33.765250294902252 ], [ -118.254896385951724, 33.765288127294724 ], [ -118.254915244401701, 33.765328000137146 ], [ -118.254930103821096, 33.765369529432277 ], [ -118.254940821105578, 33.765412315230243 ], [ -118.254947293041837, 33.765455945480518 ], [ -118.25495, 33.765511046880022 ], [ -118.25495, 33.76848895311997 ], [ -118.254947293041837, 33.768544054519474 ], [ -118.254940821105578, 33.768587684769749 ], [ -118.254930103821096, 33.768630470567714 ], [ -118.254915244401701, 33.768671999862846 ], [ -118.254896385951724, 33.768711872705268 ], [ -118.254873710088319, 33.76874970509774 ], [ -118.254847435192445, 33.768785132693672 ], [ -118.254817814305824, 33.768817814305784 ], [ -118.254785132693698, 33.768847435192427 ], [ -118.254749705097723, 33.768873710088329 ], [ -118.254711872705329, 33.76889638595167 ], [ -118.254671999862907, 33.768915244401654 ], [ -118.254630470567704, 33.768930103821077 ], [ -118.254587684769689, 33.768940821105566 ], [ -118.2545440545194, 33.768947293041826 ], [ -118.254488953120074, 33.76895 ], [ -118.2539, 33.76895 ], [ -118.25385589228685, 33.768952166872992 ], [ -118.25381220935509, 33.768958646623815 ], [ -118.253769371895231, 33.768969376848915 ], [ -118.253727792455436, 33.768984254210366 ], [ -118.253687871468429, 33.769003135431042 ], [ -118.253649993395143, 33.769025838674459 ], [ -118.253614523022122, 33.769052145295987 ], [ -118.253581801948471, 33.769081801948467 ], [ -118.253552145295984, 33.769114523022125 ], [ -118.253525838674463, 33.769149993395139 ], [ -118.253503135431046, 33.769187871468425 ], [ -118.253484254210377, 33.769227792455432 ], [ -118.253469376848926, 33.769269371895234 ], [ -118.253458646623827, 33.769312209355093 ], [ -118.253452166873004, 33.769355892286846 ], [ -118.25345, 33.7694 ], [ -118.25345, 33.76998895311997 ], [ -118.25344729304183, 33.770044054519474 ], [ -118.253440821105571, 33.770087684769749 ], [ -118.253430103821088, 33.770130470567715 ], [ -118.253415244401694, 33.770171999862846 ], [ -118.253396385951717, 33.770211872705268 ], [ -118.253373710088312, 33.77024970509774 ], [ -118.253347435192438, 33.770285132693672 ], [ -118.253317814305817, 33.770317814305784 ], [ -118.253285132693691, 33.770347435192427 ], [ -118.253249705097716, 33.770373710088329 ], [ -118.253211872705322, 33.77039638595167 ], [ -118.2531719998629, 33.770415244401654 ], [ -118.253130470567697, 33.770430103821077 ], [ -118.253087684769682, 33.770440821105566 ], [ -118.253044054519393, 33.770447293041826 ], [ -118.252988953120067, 33.77045 ], [ -118.250011046879933, 33.77045 ], [ -118.249955945480608, 33.770447293041826 ], [ -118.249912315230318, 33.770440821105566 ], [ -118.249869529432303, 33.770430103821077 ], [ -118.2498280001371, 33.770415244401654 ], [ -118.249788127294678, 33.77039638595167 ], [ -118.249750294902285, 33.770373710088329 ], [ -118.249714867306309, 33.770347435192427 ], [ -118.249682185694184, 33.770317814305784 ], [ -118.249652564807562, 33.770285132693672 ], [ -118.249626289911689, 33.77024970509774 ], [ -118.249603614048283, 33.770211872705268 ], [ -118.249584755598306, 33.770171999862846 ], [ -118.249569896178912, 33.770130470567715 ], [ -118.24955917889443, 33.770087684769749 ], [ -118.24955270695817, 33.770044054519474 ], [ -118.24955, 33.76998895311997 ], [ -118.24955, 33.768511046880022 ], [ -118.24955270695817, 33.768455945480518 ], [ -118.24955917889443, 33.768412315230243 ], [ -118.249569896178912, 33.768369529432277 ], [ -118.249584755598306, 33.768328000137146 ], [ -118.249603614048283, 33.768288127294724 ], [ -118.249626289911689, 33.768250294902252 ], [ -118.249652564807562, 33.76821486730632 ], [ -118.249682185694184, 33.768182185694208 ], [ -118.249714867306309, 33.768152564807565 ], [ -118.249750294902285, 33.768126289911663 ], [ -118.249788127294678, 33.768103614048322 ], [ -118.2498280001371, 33.768084755598338 ], [ -118.249869529432303, 33.768069896178915 ], [ -118.249912315230318, 33.768059178894426 ], [ -118.249955945480608, 33.768052706958166 ], [ -118.250011046879933, 33.76805 ], [ -118.2521, 33.76805 ], [ -118.25214410771315, 33.768047833127 ], [ -118.252187790644911, 33.768041353376177 ], [ -118.252230628104769, 33.768030623151077 ], [ -118.252272207544564, 33.768015745789626 ], [ -118.252312128531571, 33.76799686456895 ], [ -118.252350006604857, 33.767974161325533 ], [ -118.252385476977878, 33.767947854704005 ], [ -118.252418198051529, 33.767918198051525 ], [ -118.252447854704016, 33.767885476977867 ], [ -118.252474161325537, 33.767850006604853 ], [ -118.252496864568954, 33.767812128531567 ], [ -118.252515745789623, 33.76777220754456 ], [ -118.252530623151074, 33.767730628104758 ], [ -118.252541353376174, 33.767687790644899 ], [ -118.252547833126997, 33.767644107713146 ], [ -118.25255, 33.7676 ], [ -118.25255, 33.765511046880022 ], [ -118.25255270695817, 33.765455945480518 ], [ -118.25255917889443, 33.765412315230243 ], [ -118.252569896178912, 33.765369529432277 ], [ -118.252584755598306, 33.765328000137146 ], [ -118.252603614048283, 33.765288127294724 ], [ -118.252626289911689, 33.765250294902252 ], [ -118.252652564807562, 33.765214867306319 ], [ -118.252682185694184, 33.765182185694208 ], [ -118.25271486730631, 33.765152564807565 ], [ -118.252750294902285, 33.765126289911663 ], [ -118.252788127294679, 33.765103614048321 ], [ -118.2528280001371, 33.765084755598338 ], [ -118.252869529432303, 33.765069896178915 ], [ -118.252912315230319, 33.765059178894425 ], [ -118.252955945480608, 33.765052706958166 ], [ -118.253011046879934, 33.76505 ], [ -118.254488953120074, 33.76505 ], [ -118.2545440545194, 33.765052706958166 ], [ -118.254587684769689, 33.765059178894425 ], [ -118.254630470567704, 33.765069896178915 ], [ -118.254671999862907, 33.765084755598338 ], [ -118.254711872705329, 33.765103614048321 ], [ -118.254749705097723, 33.765126289911663 ], [ -118.254785132693698, 33.765152564807565 ], [ -118.254817814305824, 33.765182185694208 ], [ -118.254847435192445, 33.765214867306319 ], [ -118.254873710088319, 33.765250294902252 ] ] ], [ [ [ -118.260873710088319, 33.762250294902252 ], [ -118.260896385951725, 33.762288127294724 ], [ -118.260915244401701, 33.762328000137146 ], [ -118.260930103821096, 33.762369529432277 ], [ -118.260940821105578, 33.762412315230243 ], [ -118.260947293041838, 33.762455945480518 ], [ -118.26095, 33.762511046880022 ], [ -118.26095, 33.76698895311997 ], [ -118.260947293041838, 33.767044054519474 ], [ -118.260940821105578, 33.767087684769749 ], [ -118.260930103821096, 33.767130470567714 ], [ -118.260915244401701, 33.767171999862846 ], [ -118.260896385951725, 33.767211872705268 ], [ -118.260873710088319, 33.76724970509774 ], [ -118.260847435192446, 33.767285132693672 ], [ -118.260817814305824, 33.767317814305784 ], [ -118.260785132693698, 33.767347435192427 ], [ -118.260749705097723, 33.767373710088329 ], [ -118.260711872705329, 33.76739638595167 ], [ -118.260671999862907, 33.767415244401654 ], [ -118.260630470567705, 33.767430103821077 ], [ -118.260587684769689, 33.767440821105566 ], [ -118.2605440545194, 33.767447293041826 ], [ -118.260488953120074, 33.76745 ], [ -118.259011046879934, 33.76745 ], [ -118.258955945480608, 33.767447293041826 ], [ -118.258912315230319, 33.767440821105566 ], [ -118.258869529432303, 33.767430103821077 ], [ -118.2588280001371, 33.767415244401654 ], [ -118.258788127294679, 33.76739638595167 ], [ -118.258750294902285, 33.767373710088329 ], [ -118.25871486730631, 33.767347435192427 ], [ -118.258682185694184, 33.767317814305784 ], [ -118.258652564807562, 33.767285132693672 ], [ -118.258626289911689, 33.76724970509774 ], [ -118.258603614048283, 33.767211872705268 ], [ -118.258584755598307, 33.767171999862846 ], [ -118.258569896178912, 33.767130470567714 ], [ -118.25855917889443, 33.767087684769749 ], [ -118.25855270695817, 33.767044054519474 ], [ -118.25855, 33.76698895311997 ], [ -118.25855, 33.762511046880022 ], [ -118.25855270695817, 33.762455945480518 ], [ -118.25855917889443, 33.762412315230243 ], [ -118.258569896178912, 33.762369529432277 ], [ -118.258584755598307, 33.762328000137146 ], [ -118.258603614048283, 33.762288127294724 ], [ -118.258626289911689, 33.762250294902252 ], [ -118.258652564807562, 33.762214867306319 ], [ -118.258682185694184, 33.762182185694208 ], [ -118.25871486730631, 33.762152564807565 ], [ -118.258750294902285, 33.762126289911663 ], [ -118.258788127294679, 33.762103614048321 ], [ -118.2588280001371, 33.762084755598337 ], [ -118.258869529432303, 33.762069896178915 ], [ -118.258912315230319, 33.762059178894425 ], [ -118.258955945480608, 33.762052706958166 ], [ -118.259011046879934, 33.76205 ], [ -118.260488953120074, 33.76205 ], [ -118.2605440545194, 33.762052706958166 ], [ -118.260587684769689, 33.762059178894425 ], [ -118.260630470567705, 33.762069896178915 ], [ -118.260671999862907, 33.762084755598337 ], [ -118.260711872705329, 33.762103614048321 ], [ -118.260749705097723, 33.762126289911663 ], [ -118.260785132693698, 33.762152564807565 ], [ -118.260817814305824, 33.762182185694208 ], [ -118.260847435192446, 33.762214867306319 ], [ -118.260873710088319, 33.762250294902252 ] ] ], [ [ [ -118.274396385951718, 33.732288127294723 ], [ -118.274415244401695, 33.732328000137144 ], [ -118.274430103821089, 33.732369529432276 ], [ -118.274440821105571, 33.732412315230242 ], [ -118.274447293041831, 33.732455945480517 ], [ -118.27445, 33.73251104688002 ], [ -118.27445, 33.7331 ], [ -118.274452166873004, 33.733144107713144 ], [ -118.274458646623827, 33.733187790644898 ], [ -118.274469376848927, 33.733230628104756 ], [ -118.274484254210378, 33.733272207544559 ], [ -118.274503135431047, 33.733312128531566 ], [ -118.274525838674464, 33.733350006604852 ], [ -118.274552145295985, 33.733385476977865 ], [ -118.274581801948472, 33.733418198051524 ], [ -118.274614523022123, 33.733447854704004 ], [ -118.274649993395144, 33.733474161325532 ], [ -118.27468787146843, 33.733496864568949 ], [ -118.274727792455437, 33.733515745789624 ], [ -118.274769371895232, 33.733530623151076 ], [ -118.27481220935509, 33.733541353376175 ], [ -118.274855892286851, 33.733547833126998 ], [ -118.2749, 33.73355 ], [ -118.275488953120075, 33.73355 ], [ -118.275544054519401, 33.733552706958164 ], [ -118.27558768476969, 33.733559178894424 ], [ -118.275630470567705, 33.733569896178913 ], [ -118.275671999862908, 33.733584755598336 ], [ -118.27571187270533, 33.73360361404832 ], [ -118.275749705097724, 33.733626289911662 ], [ -118.275785132693699, 33.733652564807564 ], [ -118.275817814305825, 33.733682185694207 ], [ -118.275847435192446, 33.733714867306318 ], [ -118.27587371008832, 33.733750294902251 ], [ -118.275896385951725, 33.733788127294723 ], [ -118.275915244401702, 33.733828000137144 ], [ -118.275930103821096, 33.733869529432276 ], [ -118.275940821105578, 33.733912315230242 ], [ -118.275947293041838, 33.733955945480517 ], [ -118.27595, 33.734011046880021 ], [ -118.27595, 33.735488953119969 ], [ -118.275947293041838, 33.735544054519472 ], [ -118.275940821105578, 33.735587684769747 ], [ -118.275930103821096, 33.735630470567713 ], [ -118.275915244401702, 33.735671999862845 ], [ -118.275896385951725, 33.735711872705267 ], [ -118.27587371008832, 33.735749705097739 ], [ -118.275847435192446, 33.735785132693671 ], [ -118.275817814305825, 33.735817814305783 ], [ -118.275785132693699, 33.735847435192426 ], [ -118.275749705097724, 33.735873710088327 ], [ -118.27571187270533, 33.735896385951669 ], [ -118.275671999862908, 33.735915244401653 ], [ -118.275630470567705, 33.735930103821076 ], [ -118.27558768476969, 33.735940821105565 ], [ -118.275544054519401, 33.735947293041825 ], [ -118.275488953120075, 33.73595 ], [ -118.2734, 33.73595 ], [ -118.273355892286858, 33.735952166872991 ], [ -118.273312209355097, 33.735958646623814 ], [ -118.273269371895239, 33.735969376848914 ], [ -118.273227792455444, 33.735984254210365 ], [ -118.273187871468437, 33.736003135431041 ], [ -118.273149993395151, 33.736025838674458 ], [ -118.27311452302213, 33.736052145295986 ], [ -118.273081801948479, 33.736081801948465 ], [ -118.273052145295992, 33.736114523022124 ], [ -118.273025838674471, 33.736149993395138 ], [ -118.273003135431054, 33.736187871468424 ], [ -118.272984254210385, 33.736227792455431 ], [ -118.272969376848934, 33.736269371895233 ], [ -118.272958646623835, 33.736312209355091 ], [ -118.272952166873011, 33.736355892286845 ], [ -118.27295, 33.7364 ], [ -118.27295, 33.736988953119969 ], [ -118.272947293041838, 33.737044054519473 ], [ -118.272940821105578, 33.737087684769747 ], [ -118.272930103821096, 33.737130470567713 ], [ -118.272915244401702, 33.737171999862845 ], [ -118.272896385951725, 33.737211872705267 ], [ -118.272873710088319, 33.737249705097739 ], [ -118.272847435192446, 33.737285132693671 ], [ -118.272817814305824, 33.737317814305783 ], [ -118.272785132693699, 33.737347435192426 ], [ -118.272749705097723, 33.737373710088328 ], [ -118.272711872705329, 33.737396385951669 ], [ -118.272671999862908, 33.737415244401653 ], [ -118.272630470567705, 33.737430103821076 ], [ -118.27258768476969, 33.737440821105565 ], [ -118.2725440545194, 33.737447293041825 ], [ -118.272488953120074, 33.73745 ], [ -118.269511046879941, 33.73745 ], [ -118.269455945480615, 33.737447293041825 ], [ -118.269412315230326, 33.737440821105565 ], [ -118.269369529432311, 33.737430103821076 ], [ -118.269328000137108, 33.737415244401653 ], [ -118.269288127294686, 33.737396385951669 ], [ -118.269250294902292, 33.737373710088328 ], [ -118.269214867306317, 33.737347435192426 ], [ -118.269182185694191, 33.737317814305783 ], [ -118.26915256480757, 33.737285132693671 ], [ -118.269126289911696, 33.737249705097739 ], [ -118.269103614048291, 33.737211872705267 ], [ -118.269084755598314, 33.737171999862845 ], [ -118.26906989617892, 33.737130470567713 ], [ -118.269059178894437, 33.737087684769747 ], [ -118.269052706958178, 33.737044054519473 ], [ -118.26905, 33.736988953119969 ], [ -118.26905, 33.735670504112981 ], [ -118.269135889226064, 33.73558536180299 ], [ -118.269394637047768, 33.735303052473924 ], [ -118.269625202636007, 33.734997293578665 ], [ -118.269825472727575, 33.734670887569337 ], [ -118.269865188987481, 33.734589616522371 ], [ -118.26995577467315, 33.734550281182244 ], [ -118.270291227379005, 33.734364595045982 ], [ -118.270607360709505, 33.734147644414676 ], [ -118.270901270034372, 33.733901422628826 ], [ -118.271170254917337, 33.733628191972038 ], [ -118.271233702937607, 33.73355 ], [ -118.2716, 33.73355 ], [ -118.271644107713158, 33.733547833126998 ], [ -118.271687790644918, 33.733541353376175 ], [ -118.271730628104777, 33.733530623151076 ], [ -118.271772207544572, 33.733515745789624 ], [ -118.271812128531579, 33.733496864568949 ], [ -118.271850006604865, 33.733474161325532 ], [ -118.271885476977886, 33.733447854704004 ], [ -118.271918198051537, 33.733418198051524 ], [ -118.271947854704024, 33.733385476977865 ], [ -118.271974161325545, 33.733350006604852 ], [ -118.271996864568962, 33.733312128531566 ], [ -118.272015745789631, 33.733272207544559 ], [ -118.272030623151082, 33.733230628104756 ], [ -118.272041353376181, 33.733187790644898 ], [ -118.272047833127004, 33.733144107713144 ], [ -118.27205, 33.7331 ], [ -118.27205, 33.73251104688002 ], [ -118.272052706958178, 33.732455945480517 ], [ -118.272059178894438, 33.732412315230242 ], [ -118.27206989617892, 33.732369529432276 ], [ -118.272084755598314, 33.732328000137144 ], [ -118.272103614048291, 33.732288127294723 ], [ -118.272126289911697, 33.732250294902251 ], [ -118.27215256480757, 33.732214867306318 ], [ -118.272182185694192, 33.732182185694207 ], [ -118.272214867306317, 33.732152564807564 ], [ -118.272250294902292, 33.732126289911662 ], [ -118.272288127294686, 33.73210361404832 ], [ -118.272328000137108, 33.732084755598336 ], [ -118.272369529432311, 33.732069896178913 ], [ -118.272412315230326, 33.732059178894424 ], [ -118.272455945480615, 33.732052706958164 ], [ -118.272511046879941, 33.73205 ], [ -118.273988953120067, 33.73205 ], [ -118.274044054519393, 33.732052706958164 ], [ -118.274087684769682, 33.732059178894424 ], [ -118.274130470567698, 33.732069896178913 ], [ -118.274171999862901, 33.732084755598336 ], [ -118.274211872705322, 33.73210361404832 ], [ -118.274249705097716, 33.732126289911662 ], [ -118.274285132693691, 33.732152564807564 ], [ -118.274317814305817, 33.732182185694207 ], [ -118.274347435192439, 33.732214867306318 ], [ -118.274373710088312, 33.732250294902251 ], [ -118.274396385951718, 33.732288127294723 ] ] ], [ [ [ -118.274536001047736, 33.714970222042666 ], [ -118.27449363318631, 33.714985739466925 ], [ -118.274453032225125, 33.715005421643887 ], [ -118.27441460634445, 33.715029070699515 ], [ -118.274378741857404, 33.715056448878926 ], [ -118.274345799326284, 33.715087280936622 ], [ -118.274316109937573, 33.715121256903664 ], [ -118.274289972172426, 33.715158035203949 ], [ -118.274267648805889, 33.715197246088216 ], [ -118.274249364265089, 33.715238495351315 ], [ -118.274235302372958, 33.715281368295329 ], [ -118.274225604500216, 33.715325433898727 ], [ -118.274220368144057, 33.715370249149615 ], [ -118.27421964594798, 33.715415363499567 ], [ -118.274223445172566, 33.715460323393145 ], [ -118.27423172762245, 33.715504676827763 ], [ -118.274244410030335, 33.715547977897828 ], [ -118.274261364894102, 33.715589791277658 ], [ -118.274282421758684, 33.715629696598015 ], [ -118.274307368929669, 33.715667292672258 ], [ -118.274335955601615, 33.715702201529666 ], [ -118.274347435192496, 33.715714867306396 ], [ -118.274373710088312, 33.71575029490225 ], [ -118.274396385951718, 33.715788127294722 ], [ -118.274415244401695, 33.715828000137144 ], [ -118.274430103821089, 33.715869529432275 ], [ -118.274440821105571, 33.715912315230241 ], [ -118.274447293041831, 33.715955945480516 ], [ -118.27445, 33.71601104688002 ], [ -118.27445, 33.717488953119968 ], [ -118.274447293041831, 33.717544054519472 ], [ -118.274440821105571, 33.717587684769747 ], [ -118.274430103821089, 33.717630470567713 ], [ -118.274415244401695, 33.717671999862844 ], [ -118.274396385951718, 33.717711872705266 ], [ -118.274373710088312, 33.717749705097738 ], [ -118.274347435192439, 33.71778513269367 ], [ -118.274317814305817, 33.717817814305782 ], [ -118.274285132693691, 33.717847435192425 ], [ -118.274249705097716, 33.717873710088327 ], [ -118.274211872705322, 33.717896385951668 ], [ -118.274171999862901, 33.717915244401652 ], [ -118.274130470567698, 33.717930103821075 ], [ -118.274087684769682, 33.717940821105564 ], [ -118.274044054519393, 33.717947293041824 ], [ -118.273988953120067, 33.71795 ], [ -118.272511046879941, 33.71795 ], [ -118.272455945480615, 33.717947293041824 ], [ -118.272412315230326, 33.717940821105564 ], [ -118.272369529432311, 33.717930103821075 ], [ -118.272328000137108, 33.717915244401652 ], [ -118.272288127294686, 33.717896385951668 ], [ -118.272250294902292, 33.717873710088327 ], [ -118.272214867306317, 33.717847435192425 ], [ -118.272182185694192, 33.717817814305782 ], [ -118.27215256480757, 33.71778513269367 ], [ -118.272126289911697, 33.717749705097738 ], [ -118.272103614048291, 33.717711872705266 ], [ -118.272084755598314, 33.717671999862844 ], [ -118.27206989617892, 33.717630470567713 ], [ -118.272059178894438, 33.717587684769747 ], [ -118.272052706958178, 33.717544054519472 ], [ -118.27205, 33.717488953119968 ], [ -118.27205, 33.71601104688002 ], [ -118.272052706958178, 33.715955945480516 ], [ -118.272059178894438, 33.715912315230241 ], [ -118.27206989617892, 33.715869529432275 ], [ -118.272084755598314, 33.715828000137144 ], [ -118.272103614048291, 33.715788127294722 ], [ -118.272126289911697, 33.71575029490225 ], [ -118.27215256480757, 33.715714867306318 ], [ -118.272182185694192, 33.715682185694206 ], [ -118.272214867306317, 33.715652564807563 ], [ -118.272265484770074, 33.715615024337929 ], [ -118.272270913075801, 33.715611396574424 ], [ -118.272305103235638, 33.715583322445148 ], [ -118.272336371550239, 33.715552026818202 ], [ -118.272364415817336, 33.715517812159838 ], [ -118.272388964994448, 33.715481009148171 ], [ -118.272409781818467, 33.715441973477276 ], [ -118.272426665098777, 33.715401082419447 ], [ -118.272439451661697, 33.715358731178938 ], [ -118.272448017927559, 33.715315329072382 ], [ -118.272452281105018, 33.715271295572833 ], [ -118.272452199991292, 33.71522705625565 ], [ -118.272447775370324, 33.715183038685367 ], [ -118.272439050005246, 33.715139668283378 ], [ -118.272426108225019, 33.715097364216327 ], [ -118.272409075109493, 33.715056535344928 ], [ -118.272388115280464, 33.715017576272416 ], [ -118.272363431310666, 33.714980863530769 ], [ -118.272335261765946, 33.714946751941611 ], [ -118.272303878899564, 33.714915571186935 ], [ -118.272269586020926, 33.714887622622769 ], [ -118.272214283615384, 33.714846906165789 ], [ -118.272182185694192, 33.714817814305782 ], [ -118.27215256480757, 33.71478513269367 ], [ -118.272126289911697, 33.714749705097738 ], [ -118.272103614048291, 33.714711872705266 ], [ -118.272084755598314, 33.714671999862844 ], [ -118.27206989617892, 33.714630470567712 ], [ -118.272059178894438, 33.714587684769747 ], [ -118.272052706958178, 33.714544054519472 ], [ -118.27205, 33.714488953119968 ], [ -118.27205, 33.713011046880027 ], [ -118.272052706958178, 33.712955945480523 ], [ -118.272059178894438, 33.712912315230248 ], [ -118.27206989617892, 33.712869529432282 ], [ -118.272084755598314, 33.712828000137151 ], [ -118.272103614048291, 33.712788127294729 ], [ -118.272126289911697, 33.712750294902257 ], [ -118.27215256480757, 33.712714867306325 ], [ -118.272182185694192, 33.712682185694213 ], [ -118.272214867306317, 33.71265256480757 ], [ -118.272250294902292, 33.712626289911668 ], [ -118.272288127294686, 33.712603614048327 ], [ -118.272328000137108, 33.712584755598343 ], [ -118.272369529432311, 33.71256989617892 ], [ -118.272412315230326, 33.712559178894431 ], [ -118.272455945480615, 33.712552706958171 ], [ -118.272511046879941, 33.71255 ], [ -118.273673120720062, 33.71255 ], [ -118.274545517154309, 33.714967784349582 ], [ -118.274536001047736, 33.714970222042666 ] ] ], [ [ [ -118.277396385951718, 33.723288127294722 ], [ -118.277415244401695, 33.723328000137144 ], [ -118.277430103821089, 33.723369529432276 ], [ -118.277440821105571, 33.723412315230242 ], [ -118.277447293041831, 33.723455945480517 ], [ -118.27745, 33.72351104688002 ], [ -118.27745, 33.726488953119969 ], [ -118.277447293041831, 33.726544054519472 ], [ -118.277440821105571, 33.726587684769747 ], [ -118.277430103821089, 33.726630470567713 ], [ -118.277415244401695, 33.726671999862845 ], [ -118.277396385951718, 33.726711872705266 ], [ -118.277373710088312, 33.726749705097738 ], [ -118.277347435192439, 33.726785132693671 ], [ -118.277317814305817, 33.726817814305782 ], [ -118.277285132693692, 33.726847435192425 ], [ -118.277234515229296, 33.726884975662536 ], [ -118.277229086923569, 33.726888603426055 ], [ -118.277194896763802, 33.726916677555359 ], [ -118.277163628449273, 33.726947973182327 ], [ -118.277135584182261, 33.726982187840704 ], [ -118.277111035005234, 33.727018990852372 ], [ -118.277090218181286, 33.72705802652326 ], [ -118.277073334901047, 33.727098917581074 ], [ -118.277060548338184, 33.727141268821562 ], [ -118.277051982072379, 33.727184670928089 ], [ -118.277047718894977, 33.727228704427596 ], [ -118.277047800008731, 33.727272943744737 ], [ -118.277052224629728, 33.727316961314976 ], [ -118.277060949994834, 33.727360331716916 ], [ -118.277073891775075, 33.727402635783918 ], [ -118.277090924890615, 33.727443464655273 ], [ -118.277111884719645, 33.727482423727743 ], [ -118.277136568689443, 33.727519136469347 ], [ -118.277164738234134, 33.727553248058463 ], [ -118.277196121100488, 33.727584428813103 ], [ -118.277230413979098, 33.727612377377248 ], [ -118.277285716384711, 33.72765309383427 ], [ -118.277317814305817, 33.727682185694206 ], [ -118.277347435192439, 33.727714867306318 ], [ -118.277373710088312, 33.727750294902251 ], [ -118.277396385951718, 33.727788127294723 ], [ -118.277415244401695, 33.727828000137144 ], [ -118.277430103821089, 33.727869529432276 ], [ -118.277440821105571, 33.727912315230242 ], [ -118.277447293041831, 33.727955945480517 ], [ -118.27745, 33.72801104688002 ], [ -118.27745, 33.729488953119969 ], [ -118.277447293041831, 33.729544054519472 ], [ -118.277440821105571, 33.729587684769747 ], [ -118.277430103821089, 33.729630470567713 ], [ -118.277415244401695, 33.729671999862845 ], [ -118.277396385951718, 33.729711872705266 ], [ -118.277373710088312, 33.729749705097738 ], [ -118.277347435192439, 33.729785132693671 ], [ -118.277317814305817, 33.729817814305783 ], [ -118.277285132693692, 33.729847435192426 ], [ -118.277249705097717, 33.729873710088327 ], [ -118.277211872705323, 33.729896385951669 ], [ -118.277171999862901, 33.729915244401653 ], [ -118.277130470567698, 33.729930103821076 ], [ -118.277087684769683, 33.729940821105565 ], [ -118.277044054519394, 33.729947293041825 ], [ -118.276988953120068, 33.72995 ], [ -118.274011046879934, 33.72995 ], [ -118.273955945480608, 33.729947293041825 ], [ -118.273912315230319, 33.729940821105565 ], [ -118.273869529432304, 33.729930103821076 ], [ -118.273828000137101, 33.729915244401653 ], [ -118.273788127294679, 33.729896385951669 ], [ -118.273750294902285, 33.729873710088327 ], [ -118.27371486730631, 33.729847435192426 ], [ -118.273682185694184, 33.729817814305783 ], [ -118.273652564807563, 33.729785132693671 ], [ -118.273626289911689, 33.729749705097738 ], [ -118.273603614048284, 33.729711872705266 ], [ -118.273584755598307, 33.729671999862845 ], [ -118.273569896178913, 33.729630470567713 ], [ -118.27355917889443, 33.729587684769747 ], [ -118.273552706958171, 33.729544054519472 ], [ -118.27355, 33.729488953119969 ], [ -118.27355, 33.72801104688002 ], [ -118.273552706958171, 33.727955945480517 ], [ -118.27355917889443, 33.727912315230242 ], [ -118.273569896178913, 33.727869529432276 ], [ -118.273584755598307, 33.727828000137144 ], [ -118.273603614048284, 33.727788127294723 ], [ -118.273626289911689, 33.727750294902251 ], [ -118.273652564807563, 33.727714867306318 ], [ -118.273682185694184, 33.727682185694206 ], [ -118.27371486730631, 33.727652564807563 ], [ -118.273750294902285, 33.727626289911662 ], [ -118.273788127294679, 33.72760361404832 ], [ -118.273828000137101, 33.727584755598336 ], [ -118.273869529432304, 33.727569896178913 ], [ -118.273912315230319, 33.727559178894424 ], [ -118.273955945480608, 33.727552706958164 ], [ -118.274011046879934, 33.72755 ], [ -118.274830616391966, 33.72755 ], [ -118.274875679784685, 33.727547737970951 ], [ -118.274920290134276, 33.727540974625043 ], [ -118.274963998952273, 33.727529777957322 ], [ -118.275006366813699, 33.727514260533063 ], [ -118.275046967774884, 33.727494578356101 ], [ -118.275085393655559, 33.727470929300473 ], [ -118.275121258142605, 33.727443551121063 ], [ -118.275154200673725, 33.727412719063366 ], [ -118.275183890062436, 33.727378743096324 ], [ -118.275210027827583, 33.72734196479604 ], [ -118.27523235119412, 33.727302753911772 ], [ -118.27525063573492, 33.727261504648673 ], [ -118.275264697627051, 33.727218631704659 ], [ -118.275274395499792, 33.727174566101262 ], [ -118.275279631855952, 33.727129750850374 ], [ -118.275280354052029, 33.727084636500422 ], [ -118.275276554827443, 33.727039676606843 ], [ -118.275268272377559, 33.726995323172225 ], [ -118.275255589969674, 33.726952022102161 ], [ -118.275238635105907, 33.72691020872233 ], [ -118.275217578241325, 33.726870303401974 ], [ -118.27519263107034, 33.726832707327731 ], [ -118.275164044398394, 33.726797798470322 ], [ -118.275152564807513, 33.726785132693593 ], [ -118.275126289911697, 33.726749705097738 ], [ -118.275103614048291, 33.726711872705266 ], [ -118.275084755598314, 33.726671999862845 ], [ -118.27506989617892, 33.726630470567713 ], [ -118.275059178894438, 33.726587684769747 ], [ -118.275052706958178, 33.726544054519472 ], [ -118.27505, 33.726488953119969 ], [ -118.27505, 33.72351104688002 ], [ -118.275052706958178, 33.723455945480517 ], [ -118.275059178894438, 33.723412315230242 ], [ -118.27506989617892, 33.723369529432276 ], [ -118.275084755598314, 33.723328000137144 ], [ -118.275103614048291, 33.723288127294722 ], [ -118.275126289911697, 33.72325029490225 ], [ -118.27515256480757, 33.723214867306318 ], [ -118.275182185694192, 33.723182185694206 ], [ -118.275214867306318, 33.723152564807563 ], [ -118.275250294902293, 33.723126289911662 ], [ -118.275288127294687, 33.72310361404832 ], [ -118.275328000137108, 33.723084755598336 ], [ -118.275369529432311, 33.723069896178913 ], [ -118.275412315230326, 33.723059178894424 ], [ -118.275455945480616, 33.723052706958164 ], [ -118.275511046879942, 33.72305 ], [ -118.276988953120068, 33.72305 ], [ -118.277044054519394, 33.723052706958164 ], [ -118.277087684769683, 33.723059178894424 ], [ -118.277130470567698, 33.723069896178913 ], [ -118.277171999862901, 33.723084755598336 ], [ -118.277211872705323, 33.72310361404832 ], [ -118.277249705097717, 33.723126289911662 ], [ -118.277285132693692, 33.723152564807563 ], [ -118.277317814305817, 33.723182185694206 ], [ -118.277347435192439, 33.723214867306318 ], [ -118.277373710088312, 33.72325029490225 ], [ -118.277396385951718, 33.723288127294722 ] ] ], [ [ [ -118.283373710088313, 33.754750294902252 ], [ -118.283396385951718, 33.754788127294724 ], [ -118.283415244401695, 33.754828000137145 ], [ -118.28343010382109, 33.754869529432277 ], [ -118.283440821105572, 33.754912315230243 ], [ -118.283447293041831, 33.754955945480518 ], [ -118.28345, 33.755011046880021 ], [ -118.28345, 33.75648895311997 ], [ -118.283447293041831, 33.756544054519473 ], [ -118.283440821105572, 33.756587684769748 ], [ -118.28343010382109, 33.756630470567714 ], [ -118.283415244401695, 33.756671999862846 ], [ -118.283396385951718, 33.756711872705267 ], [ -118.283373710088313, 33.756749705097739 ], [ -118.283347435192439, 33.756785132693672 ], [ -118.283317814305818, 33.756817814305784 ], [ -118.283285132693692, 33.756847435192427 ], [ -118.283249705097717, 33.756873710088328 ], [ -118.283211872705323, 33.75689638595167 ], [ -118.283171999862901, 33.756915244401654 ], [ -118.283130470567698, 33.756930103821077 ], [ -118.283087684769683, 33.756940821105566 ], [ -118.283044054519394, 33.756947293041826 ], [ -118.282988953120068, 33.75695 ], [ -118.281511046879942, 33.75695 ], [ -118.281455945480616, 33.756947293041826 ], [ -118.281412315230327, 33.756940821105566 ], [ -118.281369529432311, 33.756930103821077 ], [ -118.281328000137108, 33.756915244401654 ], [ -118.281288127294687, 33.75689638595167 ], [ -118.281250294902293, 33.756873710088328 ], [ -118.281214867306318, 33.756847435192427 ], [ -118.281182185694192, 33.756817814305784 ], [ -118.28115256480757, 33.756785132693672 ], [ -118.281126289911697, 33.756749705097739 ], [ -118.281103614048291, 33.756711872705267 ], [ -118.281084755598314, 33.756671999862846 ], [ -118.28106989617892, 33.756630470567714 ], [ -118.281059178894438, 33.756587684769748 ], [ -118.281052706958178, 33.756544054519473 ], [ -118.28105, 33.75648895311997 ], [ -118.28105, 33.755011046880021 ], [ -118.281052706958178, 33.754955945480518 ], [ -118.281059178894438, 33.754912315230243 ], [ -118.28106989617892, 33.754869529432277 ], [ -118.281084755598314, 33.754828000137145 ], [ -118.281103614048291, 33.754788127294724 ], [ -118.281126289911697, 33.754750294902252 ], [ -118.28115256480757, 33.754714867306319 ], [ -118.281182185694192, 33.754682185694207 ], [ -118.281214867306318, 33.754652564807564 ], [ -118.281250294902293, 33.754626289911663 ], [ -118.281288127294687, 33.754603614048321 ], [ -118.281328000137108, 33.754584755598337 ], [ -118.281369529432311, 33.754569896178914 ], [ -118.281412315230327, 33.754559178894425 ], [ -118.281455945480616, 33.754552706958165 ], [ -118.281511046879942, 33.75455 ], [ -118.282988953120068, 33.75455 ], [ -118.283044054519394, 33.754552706958165 ], [ -118.283087684769683, 33.754559178894425 ], [ -118.283130470567698, 33.754569896178914 ], [ -118.283171999862901, 33.754584755598337 ], [ -118.283211872705323, 33.754603614048321 ], [ -118.283249705097717, 33.754626289911663 ], [ -118.283285132693692, 33.754652564807564 ], [ -118.283317814305818, 33.754682185694207 ], [ -118.283347435192439, 33.754714867306319 ], [ -118.283373710088313, 33.754750294902252 ] ] ] ] } },
{ "type": "Feature", "properties": { "Port": "NY_NJ", "zone_type": "anchor" }, "geometry": { "type": "MultiPolygon", "coordinates": [ [ [ [ -73.956640960032146, 40.58257502083729 ], [ -73.956666338395436, 40.582976560084489 ], [ -73.95665125061943, 40.583378617527373 ], [ -73.956595849352624, 40.583777125404332 ], [ -73.956500695109852, 40.584168051866016 ], [ -73.956366750601219, 40.584547441767008 ], [ -73.956195370992134, 40.584911456681468 ], [ -73.955988290192522, 40.585256413737916 ], [ -73.955747603314265, 40.585578822880152 ], [ -73.955475745474189, 40.585875422177438 ], [ -73.955175467157076, 40.586143210826641 ], [ -73.954849806388069, 40.586379479512445 ], [ -73.954502057995782, 40.586581837818493 ], [ -73.95413574027738, 40.586748238412085 ], [ -73.953754559402668, 40.586876997757805 ], [ -73.953362371917393, 40.586966813150454 ], [ -73.952963145725207, 40.587016775894973 ], [ -73.94885203547183, 40.587322331249084 ], [ -73.948455963779651, 40.587332093865392 ], [ -73.948060869138246, 40.587302626623419 ], [ -73.947670627625897, 40.587234218611719 ], [ -73.947289067709264, 40.587127540947485 ], [ -73.946919932684153, 40.586983640192585 ], [ -73.946566843951913, 40.586803928086198 ], [ -73.9462332654916, 40.586590167695022 ], [ -73.945922469876663, 40.58634445611662 ], [ -73.94572730823451, 40.586155945537655 ], [ -73.945712792655726, 40.586157655471759 ], [ -73.945312042875244, 40.586164475129607 ], [ -73.944912622460137, 40.586131155071108 ], [ -73.943236670904739, 40.585906332270831 ], [ -73.943110033406739, 40.586022536549123 ], [ -73.942791575041809, 40.586261103125125 ], [ -73.942450989910157, 40.586466849351012 ], [ -73.942091648309002, 40.586637739242619 ], [ -73.941717106142278, 40.586772081740413 ], [ -73.941331069732755, 40.586868547443601 ], [ -73.940937359145735, 40.586926181765314 ], [ -73.940539870387184, 40.586944414378841 ], [ -73.933456536692589, 40.586916637011761 ], [ -73.93306552195763, 40.586895938376479 ], [ -73.932678404456013, 40.586837108142703 ], [ -73.932298893764354, 40.586740710054684 ], [ -73.931930626566526, 40.586607667852853 ], [ -73.931577131804971, 40.586439256422068 ], [ -73.931241796864398, 40.586237089574922 ], [ -73.930927835111888, 40.58600310458732 ], [ -73.930638255104711, 40.585739543634396 ], [ -73.9303758317606, 40.585448932304729 ], [ -73.93014307976695, 40.585134055398768 ], [ -73.929942229483629, 40.584797930243276 ], [ -73.929775205570508, 40.584443777777658 ], [ -73.929643608544197, 40.584074991689079 ], [ -73.929548699441085, 40.583695105892282 ], [ -73.929491387733322, 40.583307760665626 ], [ -73.929472222613754, 40.582916667767897 ], [ -73.929472222613754, 40.582750000594004 ], [ -73.929492701637699, 40.582345757101727 ], [ -73.929553929014276, 40.581945652865535 ], [ -73.929655277805068, 40.581553784757524 ], [ -73.929788553331946, 40.581193512016597 ], [ -73.929808043021666, 40.58092553682885 ], [ -73.92987777844057, 40.580527843221731 ], [ -73.929987250761812, 40.580139205801146 ], [ -73.930135344577167, 40.579763584375172 ], [ -73.930320550965817, 40.57940480613253 ], [ -73.930540982868763, 40.579066526647544 ], [ -73.930794394315882, 40.578752192633694 ], [ -73.931078203310093, 40.578465006825198 ], [ -73.931389518135134, 40.578207895344498 ], [ -73.931725166819149, 40.577983477888161 ], [ -73.932081729453799, 40.577794041034906 ], [ -73.932455573039448, 40.577641514947757 ], [ -73.932842888501725, 40.57752745370771 ], [ -73.933239729501906, 40.577453019479279 ], [ -73.933642052646078, 40.577418970669257 ], [ -73.942642053390443, 40.577113414064492 ], [ -73.943026794717383, 40.577118869434358 ], [ -73.943409231774638, 40.577161266921848 ], [ -73.943785825689289, 40.577240214202739 ], [ -73.946452491678173, 40.577934659571284 ], [ -73.946838526786848, 40.578056351740898 ], [ -73.947210287178123, 40.578216433909674 ], [ -73.947563966209387, 40.578413266915341 ], [ -73.947895942382232, 40.578644835285246 ], [ -73.947932182487264, 40.57867600424516 ], [ -73.948200003531184, 40.578646365951634 ], [ -73.952283336977644, 40.578396365361399 ], [ -73.952688251372535, 40.578392109728114 ], [ -73.95309152117629, 40.578428814536771 ], [ -73.953489013534366, 40.578506103623234 ], [ -73.953876654801505, 40.578623184901033 ], [ -73.954250472290042, 40.578778858478955 ], [ -73.954606634983378, 40.578971528957972 ], [ -73.954941492797616, 40.57919922178143 ], [ -73.955251613988949, 40.579459603471051 ], [ -73.955533820323424, 40.579750005541264 ], [ -73.955785219648632, 40.580067451846794 ], [ -73.956003235533487, 40.580408689083256 ], [ -73.956185633672504, 40.580770220128244 ], [ -73.956330544783668, 40.581148339881054 ], [ -73.9564364837656, 40.581539173233921 ], [ -73.956575372291681, 40.582178062304614 ], [ -73.956640960032146, 40.58257502083729 ] ] ], [ [ [ -73.941022414108872, 40.764419835862171 ], [ -73.941370751126044, 40.764586777522716 ], [ -73.941701361398344, 40.76478653999019 ], [ -73.942011161815628, 40.765017260377263 ], [ -73.942297263330332, 40.765276787098138 ], [ -73.94255699789926, 40.76556269993322 ], [ -73.942787943364536, 40.76587233259886 ], [ -73.942987946041399, 40.766202797611861 ], [ -73.943155140802418, 40.766551013216692 ], [ -73.943287968470827, 40.766913732124479 ], [ -73.943385190360587, 40.767287571795613 ], [ -73.943445899827751, 40.767669045983681 ], [ -73.943469530725466, 40.768054597246461 ], [ -73.943455862683493, 40.768440630120956 ], [ -73.943405023163336, 40.768823544652875 ], [ -73.943317486269535, 40.769199769968061 ], [ -73.943194068328495, 40.769565797572746 ], [ -73.943035920275719, 40.769918214072028 ], [ -73.942994363488708, 40.77 ], [ -73.930561576153679, 40.77 ], [ -73.930697452087458, 40.769635184779318 ], [ -73.930848181951589, 40.769283036648709 ], [ -73.93090388763946, 40.769181124596983 ], [ -73.930921708031732, 40.769110391479572 ], [ -73.931049402653471, 40.768751711586759 ], [ -73.931068702059036, 40.768704711338209 ], [ -73.931207262996665, 40.76840345482465 ], [ -73.931370300083003, 40.768114710077718 ], [ -73.931438201040379, 40.768005309616541 ], [ -73.931773459601445, 40.767542551161135 ], [ -73.931859859565463, 40.767439651728317 ], [ -73.932107715620447, 40.767170488758893 ], [ -73.932379130477401, 40.766925100691687 ], [ -73.932429915550628, 40.766883243423514 ], [ -73.932476382359809, 40.766841679354926 ], [ -73.932610068531076, 40.766560115256084 ], [ -73.932807388437624, 40.766230464435807 ], [ -73.933035424086555, 40.765921264578679 ], [ -73.933292071780471, 40.765635368146327 ], [ -73.933539971764603, 40.76538456793304 ], [ -73.933834695254234, 40.765114783590782 ], [ -73.934154863291994, 40.764875748124226 ], [ -73.934497281290689, 40.764669846592319 ], [ -73.934858532656449, 40.764499133448709 ], [ -73.935235012879019, 40.764365312042763 ], [ -73.935622965496904, 40.764269717623769 ], [ -73.93601851957888, 40.764213304018078 ], [ -73.93641772834745, 40.764196634111912 ], [ -73.936816608559226, 40.764219874235032 ], [ -73.937211180249122, 40.764282792501071 ], [ -73.937318377326363, 40.764311086565172 ], [ -73.937633206425204, 40.764174558302983 ], [ -73.938013533860357, 40.764053013765967 ], [ -73.938404083888457, 40.763969991431892 ], [ -73.938800965117068, 40.763926318525087 ], [ -73.939200223070415, 40.76392243019702 ], [ -73.939597879591361, 40.763958365190518 ], [ -73.939989972479225, 40.764033765453718 ], [ -73.940372594968693, 40.764147879707679 ], [ -73.940741934656344, 40.764299570932003 ], [ -73.940848140039307, 40.764356160290554 ], [ -73.941022414108872, 40.764419835862171 ] ] ], [ [ [ -74.016184025203998, 40.574009182440228 ], [ -74.016551927383091, 40.573900339251281 ], [ -74.016928565043983, 40.573827243932975 ], [ -74.017310473147191, 40.573790568957008 ], [ -74.017694138165552, 40.573790651730533 ], [ -74.01807603040838, 40.573827491492032 ], [ -74.018452636494416, 40.573900749318341 ], [ -74.033202641981333, 40.577511860391965 ], [ -74.033570759953022, 40.577620954119759 ], [ -74.033926722761251, 40.577764838662667 ], [ -74.03426725082538, 40.577942188373875 ], [ -74.034589206769212, 40.578151369283027 ], [ -74.034889624326468, 40.57839045415043 ], [ -74.035165735669779, 40.578657240223187 ], [ -74.035414996911442, 40.578949269529822 ], [ -74.035635111540898, 40.579263851526157 ], [ -74.035824051583191, 40.579598087884065 ], [ -74.03598007628311, 40.57994889919452 ], [ -74.036101748143338, 40.580313053339012 ], [ -74.038462517123804, 40.588697848787234 ], [ -74.042164271901811, 40.598033891302187 ], [ -74.042291325189382, 40.598407016833342 ], [ -74.042381038112566, 40.598790835529201 ], [ -74.042432539529742, 40.599181620385494 ], [ -74.042445329345398, 40.599575576754262 ], [ -74.042419283366272, 40.599968879191138 ], [ -74.042354654507292, 40.600357708601635 ], [ -74.042252070335664, 40.600738289325804 ], [ -74.04211252697705, 40.60110692580114 ], [ -74.0419373794428, 40.601460038447655 ], [ -74.041728328472416, 40.601794198426788 ], [ -74.041487404018739, 40.602106160936557 ], [ -74.041216945536519, 40.602392896719593 ], [ -74.04091957926552, 40.602651621478266 ], [ -74.040598192728865, 40.602879822911078 ], [ -74.04025590669427, 40.603075285107955 ], [ -74.039896044870403, 40.603236110067442 ], [ -74.039522101632485, 40.603360736126916 ], [ -74.025799874831819, 40.607194070584328 ], [ -74.025398726333933, 40.607284193042098 ], [ -74.024990445768694, 40.607332661122335 ], [ -74.024579346675765, 40.607338962753175 ], [ -74.024169772372957, 40.607303031357034 ], [ -74.023766050068431, 40.607225246554002 ], [ -74.013627158020327, 40.604725246140937 ], [ -74.013231020136089, 40.604605519686835 ], [ -74.012849372501719, 40.604445504905279 ], [ -74.012486300169655, 40.604246914550941 ], [ -74.012145689367387, 40.60401187428095 ], [ -74.011831185900263, 40.603742899902421 ], [ -74.011546156127835, 40.603442870443914 ], [ -74.01129365093125, 40.603114997339141 ], [ -74.011076373057421, 40.602762790052608 ], [ -74.010896648189615, 40.602390018515294 ], [ -74.003257755899156, 40.584195571630445 ], [ -74.003126261044841, 40.583834752756268 ], [ -74.00302997385181, 40.583462986790721 ], [ -74.002969781854247, 40.583083700513477 ], [ -74.002946239876223, 40.582700390023213 ], [ -74.002959564917646, 40.582316588512079 ], [ -74.003009634153969, 40.581935833698253 ], [ -74.003095986068374, 40.581561635216751 ], [ -74.003217824705885, 40.581197442269143 ], [ -74.003374027010011, 40.580846611830239 ], [ -74.003563153174738, 40.580512377704977 ], [ -74.003783459915979, 40.580197820720564 ], [ -74.00403291654041, 40.579905840328749 ], [ -74.004309223663569, 40.579639127879901 ], [ -74.004609834404562, 40.579400141815299 ], [ -74.004931977862171, 40.579191085006265 ], [ -74.005272684655765, 40.579013884449061 ], [ -74.015828243180394, 40.574152772150299 ], [ -74.016184025203998, 40.574009182440228 ] ] ], [ [ [ -74.070737385387872, 40.628008148217489 ], [ -74.071051898005564, 40.628227000855212 ], [ -74.071344027597974, 40.6284749423099 ], [ -74.071611093608396, 40.628749697491472 ], [ -74.071850645461396, 40.629048745269337 ], [ -74.072060485049178, 40.629369341606058 ], [ -74.072238686901215, 40.629708544736424 ], [ -74.072383615852203, 40.630063242160837 ], [ -74.072493942046194, 40.630430179205355 ], [ -74.072568653139228, 40.630805988886308 ], [ -74.074374210266441, 40.642889323669756 ], [ -74.074413447162641, 40.643286924609541 ], [ -74.074412824287464, 40.643686456402229 ], [ -74.074372347855089, 40.644083933067911 ], [ -74.074292421683836, 40.644475389129923 ], [ -74.07417384316733, 40.644856919176924 ], [ -74.074017795319293, 40.645224716825723 ], [ -74.073825834970947, 40.645575112696143 ], [ -74.073599877239246, 40.645904611019084 ], [ -74.073342176420297, 40.64620992451249 ], [ -74.073055303499217, 40.646488007177332 ], [ -74.07274212050028, 40.646736084686438 ], [ -74.072405751933658, 40.646951682062884 ], [ -74.072049553623273, 40.64713264837193 ], [ -74.071677079226987, 40.647277178180111 ], [ -74.071292044783149, 40.64738382956736 ], [ -74.070898291637022, 40.647451538512492 ], [ -74.070499748117086, 40.647479629508595 ], [ -74.063694189678031, 40.647618519223009 ], [ -74.063304921086072, 40.647607503152784 ], [ -74.06291856848955, 40.647558686540428 ], [ -74.062538793820224, 40.647472532080137 ], [ -74.062169196662893, 40.647349856362148 ], [ -74.061813280137756, 40.647191822132896 ], [ -74.061474417697028, 40.646999927274308 ], [ -74.061155821150734, 40.646775990606514 ], [ -74.060860510224472, 40.646522134648706 ], [ -74.060591283937768, 40.646240765501439 ], [ -74.058281435512399, 40.643578567804411 ], [ -74.058306333075635, 40.643934363826752 ], [ -74.058292805763998, 40.644345101921743 ], [ -74.058237206249856, 40.644752284270169 ], [ -74.058140121416571, 40.645151612839122 ], [ -74.054751232397123, 40.656512725686639 ], [ -74.05475021410949, 40.656515604476503 ], [ -74.054749430064476, 40.656518750638988 ], [ -74.054637626232179, 40.656891428396129 ], [ -74.05465239672003, 40.656887777833312 ], [ -74.055045582362695, 40.65683118726799 ], [ -74.055442442177849, 40.656813874590767 ], [ -74.055839062199041, 40.656836010545163 ], [ -74.056231530824704, 40.656897376818868 ], [ -74.056615977395779, 40.656997368196812 ], [ -74.056988610369444, 40.657134998530019 ], [ -74.057812614647546, 40.657486766326691 ], [ -74.05783934995776, 40.657139587926522 ], [ -74.057910515582037, 40.656743107932478 ], [ -74.058021196849893, 40.656355795928143 ], [ -74.058170271308484, 40.655981579763932 ], [ -74.058356227147783, 40.655624254481324 ], [ -74.060717338379305, 40.651596476002474 ], [ -74.060944924115191, 40.651250611227702 ], [ -74.061207042015667, 40.650930124229745 ], [ -74.061500883852602, 40.65063844858031 ], [ -74.061823301520079, 40.65037870917763 ], [ -74.062170840761965, 40.650153688767553 ], [ -74.06253977817947, 40.649965798130275 ], [ -74.062926161122121, 40.649817050252217 ], [ -74.063325850035014, 40.649709038759674 ], [ -74.06373456280825, 40.649642920845302 ], [ -74.072651231335257, 40.648670698191125 ], [ -74.073035702370916, 40.648647432481816 ], [ -74.073420628651846, 40.648661253796149 ], [ -74.073802440966674, 40.648712033976622 ], [ -74.074177598978125, 40.648799302166324 ], [ -74.074542624050622, 40.648922249174952 ], [ -74.074894131505843, 40.649079734981967 ], [ -74.075228862006938, 40.649270299307403 ], [ -74.075543711780568, 40.649492175152247 ], [ -74.07583576139659, 40.649743305182845 ], [ -74.076102302838251, 40.650021360807429 ], [ -74.076340864612192, 40.650323763767901 ], [ -74.076549234665222, 40.650647710046606 ], [ -74.076725480895533, 40.650990195866441 ], [ -74.07686796906799, 40.651348045543251 ], [ -74.076975377967514, 40.65171794093223 ], [ -74.077046711649984, 40.652096452195245 ], [ -74.07708130867708, 40.652480069603875 ], [ -74.077078848249442, 40.65286523608318 ], [ -74.077039353181277, 40.653248380194547 ], [ -74.076963189688811, 40.653625949251676 ], [ -74.076851063994525, 40.653994442262693 ], [ -74.076704015778844, 40.65435044239296 ], [ -74.076523408539614, 40.654690648647502 ], [ -74.076310916949254, 40.655011906479324 ], [ -74.072116472681941, 40.66073412976084 ], [ -74.071861606812973, 40.661047350047063 ], [ -74.071576459509274, 40.661333277614929 ], [ -74.071263936841746, 40.661588998441502 ], [ -74.070927223876524, 40.661811906355041 ], [ -74.07056975221451, 40.661999729595685 ], [ -74.070195165018305, 40.662150553968061 ], [ -74.06980727988298, 40.662262842349733 ], [ -74.069410049929189, 40.66233545035675 ], [ -74.06813709183912, 40.662502251753509 ], [ -74.068293714149419, 40.66272332757508 ], [ -74.068491402643787, 40.663071654807027 ], [ -74.068653266276712, 40.663438005411848 ], [ -74.068777682237808, 40.663818706436203 ], [ -74.068863403159071, 40.664209941052484 ], [ -74.068909569620757, 40.664607786825535 ], [ -74.068915718767727, 40.665008255038138 ], [ -74.068881788949938, 40.665407330681077 ], [ -74.068808120340535, 40.665801012706709 ], [ -74.068695451525343, 40.666185354142677 ], [ -74.068544912097991, 40.666556501663386 ], [ -74.06835801133478, 40.666910734222633 ], [ -74.068136623063069, 40.66724450036002 ], [ -74.064303288065219, 40.672438946394401 ], [ -74.064053958931538, 40.672744114235364 ], [ -74.06377581176632, 40.673023267566968 ], [ -74.063471546203857, 40.673273696989305 ], [ -74.063144115377796, 40.67349297189029 ], [ -74.062796697258605, 40.673678964036704 ], [ -74.06243266380902, 40.673829868230285 ], [ -74.06205554825641, 40.673944219828627 ], [ -74.061669010800145, 40.674020908960635 ], [ -74.061276803086486, 40.674059191298724 ], [ -74.060882731795928, 40.674058695283058 ], [ -74.060785972944004, 40.67404900495098 ], [ -74.060770648954161, 40.674166173546169 ], [ -74.060681334857506, 40.674550021608013 ], [ -74.060554681359648, 40.674923217580563 ], [ -74.060391917920441, 40.675282138749211 ], [ -74.060194624528791, 40.675623300968766 ], [ -74.059964716365187, 40.675943392484974 ], [ -74.059704425210555, 40.676239306082614 ], [ -74.059416277781793, 40.676508169248081 ], [ -74.059103071204206, 40.676747372053654 ], [ -74.058767845859023, 40.676954592492784 ], [ -74.05610640255891, 40.678423709588721 ], [ -74.056112197160672, 40.678590797480339 ], [ -74.056088215266726, 40.678976777499038 ], [ -74.056027072115853, 40.679358637710607 ], [ -74.055929339227276, 40.679732808779185 ], [ -74.055795930132916, 40.680095793241136 ], [ -74.055628091838486, 40.680444198196618 ], [ -74.05542739316742, 40.680774767023799 ], [ -74.052126286934381, 40.685662592696303 ], [ -74.052209790152034, 40.685720282252099 ], [ -74.052506115310152, 40.685970683273204 ], [ -74.052776789204614, 40.68624861296496 ], [ -74.053019265652267, 40.686551456890172 ], [ -74.053231263718516, 40.686876366247702 ], [ -74.053410789173725, 40.687220284670637 ], [ -74.053556153252572, 40.687579976977041 ], [ -74.053665988539947, 40.687952059602743 ], [ -74.053739261834039, 40.688333032429959 ], [ -74.053775283865477, 40.688719311712283 ], [ -74.053773715781148, 40.689107263786404 ], [ -74.053734572331749, 40.689493239253338 ], [ -74.053658221733045, 40.689873607307703 ], [ -74.053545382202103, 40.690244789892098 ], [ -74.053397115201108, 40.690603295355267 ], [ -74.053214815452478, 40.690945751297477 ], [ -74.053000197818847, 40.691268936294087 ], [ -74.048500196997509, 40.697380048536495 ], [ -74.048245249506138, 40.697692049886079 ], [ -74.047960207550446, 40.69797682023038 ], [ -74.047647963291965, 40.698231470163719 ], [ -74.047311684898858, 40.698453415895436 ], [ -74.046954784400185, 40.698640405466115 ], [ -74.046580883066, 40.698790541596999 ], [ -74.04619377466436, 40.69890230094061 ], [ -74.045797386968076, 40.698974549537297 ], [ -74.045395741901714, 40.699006554320889 ], [ -74.04511530196055, 40.699000592405433 ], [ -74.044997156581744, 40.699139061973163 ], [ -74.044715500218871, 40.699410340684679 ], [ -74.044408700458476, 40.699652820277841 ], [ -74.044079689586184, 40.699864183216846 ], [ -74.04382963100494, 40.699992220765182 ], [ -74.043744693746817, 40.700283701677421 ], [ -74.043672447484823, 40.700463596296842 ], [ -74.043675179921507, 40.700475833245129 ], [ -74.043722559776938, 40.700857550381969 ], [ -74.043733056496379, 40.701242053492663 ], [ -74.043706573016166, 40.701625787057175 ], [ -74.043643354230369, 40.702005202671472 ], [ -74.043543984726369, 40.702376791859862 ], [ -74.043409383379071, 40.702737118518002 ], [ -74.043240794854086, 40.703082850686734 ], [ -74.043039778098148, 40.703410791362906 ], [ -74.042808191923555, 40.70371790806221 ], [ -74.042548177819597, 40.704001360860737 ], [ -74.042262140150044, 40.704258528655863 ], [ -74.041952723919948, 40.704487033403758 ], [ -74.0409702598499, 40.705142009806124 ], [ -74.040647584266864, 40.705335840708798 ], [ -74.040308117308541, 40.70549848183191 ], [ -74.039954865165967, 40.705628492887158 ], [ -74.039590956106565, 40.705724722545789 ], [ -74.039219612771362, 40.705786318634345 ], [ -74.038844123636565, 40.705812735681135 ], [ -74.038467813891955, 40.705803739746791 ], [ -74.032606701023482, 40.705387072975512 ], [ -74.032215735219324, 40.705339844679145 ], [ -74.031831308275173, 40.70525440056516 ], [ -74.031457146363863, 40.705131568826118 ], [ -74.031096876161286, 40.704972540045276 ], [ -74.030753989693849, 40.704778855656528 ], [ -74.030431810490896, 40.704552393003574 ], [ -74.03013346137044, 40.704295347143223 ], [ -74.029861834170319, 40.704010209569148 ], [ -74.029619561718178, 40.703699744062313 ], [ -74.029408992312014, 40.703366959902247 ], [ -74.029232166958607, 40.703015082698677 ], [ -74.029090799590435, 40.702647523126345 ], [ -74.028986260452868, 40.702267843866025 ], [ -74.028919562822693, 40.701879725072196 ], [ -74.028891353186552, 40.70148692870201 ], [ -74.028901904974774, 40.701093262051451 ], [ -74.029124126616495, 40.698176595226997 ], [ -74.029171245695437, 40.697797843666521 ], [ -74.029254248768765, 40.697425307169013 ], [ -74.029372380130084, 40.697062377515174 ], [ -74.029524564245378, 40.696712359019642 ], [ -74.029709415545298, 40.696378438446636 ], [ -74.029808582131508, 40.696233810237764 ], [ -74.029724787479807, 40.695949084917672 ], [ -74.029651625363783, 40.695565869655326 ], [ -74.029616143351731, 40.695177349823993 ], [ -74.029618678980967, 40.694787221379627 ], [ -74.029659208130298, 40.694399195580779 ], [ -74.029737345249373, 40.694016963683708 ], [ -74.029852347026448, 40.693644161827777 ], [ -74.030003119459479, 40.693284336445188 ], [ -74.03089200872131, 40.691423224647536 ], [ -74.031173255489335, 40.69092833956411 ], [ -74.032173255572033, 40.689428339308577 ], [ -74.032403692858779, 40.68911655537778 ], [ -74.032597292357664, 40.688901717860148 ], [ -74.032760222120174, 40.688547739793279 ], [ -74.03295938267253, 40.68820776165618 ], [ -74.03726493955736, 40.681624427506051 ], [ -74.037489675909256, 40.681314298062063 ], [ -74.037557615595773, 40.681237282283313 ], [ -74.037735708997474, 40.680932204727114 ], [ -74.040402376783007, 40.676848870320271 ], [ -74.040646557655691, 40.676514203440419 ], [ -74.040924043679439, 40.676206587241765 ], [ -74.040973235876322, 40.676162277090057 ], [ -74.040992151515383, 40.676108656364129 ], [ -74.0411178298679, 40.675838503195976 ], [ -74.037704642367785, 40.677054159654304 ], [ -74.03726247478572, 40.677183482069459 ], [ -74.036808370120795, 40.677261105590269 ], [ -74.030863924136682, 40.677927772702283 ], [ -74.030499974885899, 40.677951855324061 ], [ -74.030135345021819, 40.677942685153006 ], [ -74.029773066419651, 40.677900338438533 ], [ -74.029416151404007, 40.677825167291005 ], [ -74.025443928778387, 40.67679738908096 ], [ -74.025429959312618, 40.676793023450017 ], [ -74.025415245250258, 40.67678985438458 ], [ -74.023331911969194, 40.676234298646477 ], [ -74.022968686292941, 40.676118639972763 ], [ -74.022618119614293, 40.675968930839744 ], [ -74.022283395732074, 40.675786530885375 ], [ -74.021967554562963, 40.675573096641187 ], [ -74.021673464533478, 40.675330566487922 ], [ -74.021403796529185, 40.675061143051401 ], [ -74.02116099963817, 40.674767273198569 ], [ -74.020947278908736, 40.674451625815401 ], [ -74.020764575323426, 40.674117067568446 ], [ -74.020614548171324, 40.673766636870134 ], [ -74.020498559978591, 40.673403516284324 ], [ -74.020417664134186, 40.673031003622732 ], [ -74.018945441266197, 40.664253225028666 ], [ -74.018899841783835, 40.663867122827135 ], [ -74.018891941092917, 40.663478417537867 ], [ -74.018921813832378, 40.663090781313734 ], [ -74.018989177790274, 40.662707876207996 ], [ -74.019093396569971, 40.662333319578394 ], [ -74.019233485602143, 40.661970649913428 ], [ -74.019408121446276, 40.661623293403821 ], [ -74.019615654293261, 40.661294531574768 ], [ -74.019854123551468, 40.660987470284937 ], [ -74.020121276368698, 40.660705010385009 ], [ -74.035811512419272, 40.645653491556573 ], [ -74.038973979298518, 40.642601988872649 ], [ -74.038982018881072, 40.642594968425939 ], [ -74.038989552811529, 40.642587042051247 ], [ -74.038997539034952, 40.642579418838054 ], [ -74.043174659951575, 40.632634260745313 ], [ -74.043343140099864, 40.632282284934121 ], [ -74.043545114759723, 40.631948400569691 ], [ -74.043778661731594, 40.631635785240626 ], [ -74.044041558341164, 40.6313474141174 ], [ -74.044331302592667, 40.631086031637587 ], [ -74.044645136980435, 40.630854125386946 ], [ -74.044980074732166, 40.63065390242496 ], [ -74.045332928234117, 40.630487268280234 ], [ -74.045700339367798, 40.630355808815452 ], [ -74.046078811469229, 40.630260775134708 ], [ -74.04646474260683, 40.630203071676718 ], [ -74.046854459861137, 40.630183247607192 ], [ -74.050965571911135, 40.630174914308803 ], [ -74.051348405177947, 40.630192497144861 ], [ -74.051727798690592, 40.630246636122102 ], [ -74.052100269842711, 40.630336834276974 ], [ -74.052462399571056, 40.630462263644162 ], [ -74.052810863740476, 40.630621772856813 ], [ -74.053027148296223, 40.630747085432439 ], [ -74.051240299578652, 40.625457074740829 ], [ -74.046857284525117, 40.61252856165936 ], [ -74.045284047639825, 40.608568346814579 ], [ -74.045158436836601, 40.608201164664258 ], [ -74.04506899864198, 40.607823538374468 ], [ -74.045016574897446, 40.607439022371672 ], [ -74.045001659044161, 40.60705123593209 ], [ -74.045024391478321, 40.606663829115121 ], [ -74.04508455822976, 40.60628044840692 ], [ -74.045181592975908, 40.605904702397709 ], [ -74.045314582372313, 40.605540127815701 ], [ -74.045482274649586, 40.605190156237519 ], [ -74.045683091395745, 40.604858081788244 ], [ -74.045915142413051, 40.60454703013535 ], [ -74.04617624350962, 40.604259929068178 ], [ -74.046463937058235, 40.603999480939976 ], [ -74.0467755151289, 40.603768137231867 ], [ -74.047108044977321, 40.603568075478137 ], [ -74.047458396649574, 40.603401178770113 ], [ -74.047823272442912, 40.603269018031476 ], [ -74.051878829082497, 40.602019017462148 ], [ -74.052244838208495, 40.601924888054278 ], [ -74.052618097157492, 40.601865720641612 ], [ -74.052995274056244, 40.601842043378468 ], [ -74.053373002058095, 40.601854067618476 ], [ -74.05374790939706, 40.601901686028 ], [ -74.054116649485607, 40.601984473544199 ], [ -74.054475930787774, 40.602101691169366 ], [ -74.054822546200896, 40.602252292567492 ], [ -74.055153401683611, 40.602434933404368 ], [ -74.056958957912514, 40.603546044660547 ], [ -74.057287051240721, 40.603771187336939 ], [ -74.057591152122342, 40.604027813739584 ], [ -74.057868251204397, 40.604313384318367 ], [ -74.058115606341104, 40.604625073094375 ], [ -74.06964338903984, 40.620736187942605 ], [ -74.071034174062618, 40.622683283182447 ], [ -74.071249607297503, 40.623019127307138 ], [ -74.071430509790517, 40.623374763417232 ], [ -74.07157508153071, 40.623746652872207 ], [ -74.071681884004363, 40.624131095307952 ], [ -74.071749854508482, 40.624524265456046 ], [ -74.07177831672486, 40.624922251205817 ], [ -74.071766987449521, 40.625321092530534 ], [ -74.071715979410726, 40.625716820890347 ], [ -74.071625800147231, 40.626105498719944 ], [ -74.071497346958239, 40.62648325860799 ], [ -74.071331897975085, 40.626846341778567 ], [ -74.071131099443662, 40.627191135491621 ], [ -74.070896949343904, 40.627514208990327 ], [ -74.070631777509632, 40.627812347637757 ], [ -74.070539758777457, 40.627897057096526 ], [ -74.070737385387872, 40.628008148217489 ] ] ] ] } },
{ "type": "Feature", "properties": { "Port": "NY_NJ", "zone_type": "berth" }, "geometry": { "type": "MultiPolygon", "coordinates": [ [ [ [ -73.970828000137089, 40.702415244401656 ], [ -73.970788127294668, 40.702396385951673 ], [ -73.970750294902274, 40.702373710088331 ], [ -73.970714867306299, 40.702347435192429 ], [ -73.970682185694173, 40.702317814305786 ], [ -73.970652564807551, 40.702285132693675 ], [ -73.970626289911678, 40.702249705097742 ], [ -73.970603614048272, 40.70221187270527 ], [ -73.970584755598296, 40.702171999862848 ], [ -73.970569896178901, 40.702130470567717 ], [ -73.970559178894419, 40.702087684769751 ], [ -73.970552706958159, 40.702044054519476 ], [ -73.97055, 40.701988953119972 ], [ -73.97055, 40.700511046880024 ], [ -73.970552706958159, 40.70045594548052 ], [ -73.970559178894419, 40.700412315230245 ], [ -73.970569896178901, 40.70036952943228 ], [ -73.970584755598296, 40.700328000137148 ], [ -73.970603614048272, 40.700288127294726 ], [ -73.970626289911678, 40.700250294902254 ], [ -73.970652564807551, 40.700214867306322 ], [ -73.970682185694173, 40.70018218569421 ], [ -73.970714867306299, 40.700152564807567 ], [ -73.970750294902274, 40.700126289911665 ], [ -73.970788127294668, 40.700103614048324 ], [ -73.970828000137089, 40.70008475559834 ], [ -73.970869529432292, 40.700069896178917 ], [ -73.970912315230308, 40.700059178894428 ], [ -73.970955945480597, 40.700052706958168 ], [ -73.971011046879923, 40.70005 ], [ -73.973988953120056, 40.70005 ], [ -73.974044054519382, 40.700052706958168 ], [ -73.974087684769671, 40.700059178894428 ], [ -73.974130470567687, 40.700069896178917 ], [ -73.974171999862889, 40.70008475559834 ], [ -73.974211872705311, 40.700103614048324 ], [ -73.974249705097705, 40.700126289911665 ], [ -73.97428513269368, 40.700152564807567 ], [ -73.974317814305806, 40.70018218569421 ], [ -73.974347435192428, 40.700214867306322 ], [ -73.974373710088301, 40.700250294902254 ], [ -73.974396385951707, 40.700288127294726 ], [ -73.974415244401683, 40.700328000137148 ], [ -73.974430103821078, 40.70036952943228 ], [ -73.97444082110556, 40.700412315230245 ], [ -73.97444729304182, 40.70045594548052 ], [ -73.97445, 40.700511046880024 ], [ -73.97445, 40.703488953119972 ], [ -73.97444729304182, 40.703544054519476 ], [ -73.97444082110556, 40.703587684769751 ], [ -73.974430103821078, 40.703630470567717 ], [ -73.974415244401683, 40.703671999862848 ], [ -73.974396385951707, 40.70371187270527 ], [ -73.974373710088301, 40.703749705097742 ], [ -73.974347435192428, 40.703785132693675 ], [ -73.974317814305806, 40.703817814305786 ], [ -73.97428513269368, 40.703847435192429 ], [ -73.974249705097705, 40.703873710088331 ], [ -73.974211872705311, 40.703896385951673 ], [ -73.974171999862889, 40.703915244401657 ], [ -73.974130470567687, 40.703930103821079 ], [ -73.974087684769671, 40.703940821105569 ], [ -73.974044054519382, 40.703947293041828 ], [ -73.973988953120056, 40.70395 ], [ -73.97251104687993, 40.70395 ], [ -73.972455945480604, 40.703947293041828 ], [ -73.972412315230315, 40.703940821105569 ], [ -73.972369529432299, 40.703930103821079 ], [ -73.972328000137097, 40.703915244401657 ], [ -73.972288127294675, 40.703896385951673 ], [ -73.972250294902281, 40.703873710088331 ], [ -73.972214867306306, 40.703847435192429 ], [ -73.97218218569418, 40.703817814305786 ], [ -73.972152564807558, 40.703785132693675 ], [ -73.972126289911685, 40.703749705097742 ], [ -73.972103614048279, 40.70371187270527 ], [ -73.972084755598303, 40.703671999862848 ], [ -73.972069896178908, 40.703630470567717 ], [ -73.972059178894426, 40.703587684769751 ], [ -73.972052706958166, 40.703544054519476 ], [ -73.97205, 40.703488953119972 ], [ -73.97205, 40.7029 ], [ -73.972047833126993, 40.702855892286848 ], [ -73.97204135337617, 40.702812209355095 ], [ -73.97203062315107, 40.702769371895236 ], [ -73.972015745789619, 40.702727792455434 ], [ -73.971996864568951, 40.702687871468427 ], [ -73.971974161325534, 40.702649993395141 ], [ -73.971947854704013, 40.702614523022127 ], [ -73.971918198051526, 40.702581801948469 ], [ -73.971885476977874, 40.702552145295989 ], [ -73.971850006604853, 40.702525838674461 ], [ -73.971812128531568, 40.702503135431044 ], [ -73.971772207544561, 40.702484254210368 ], [ -73.971730628104766, 40.702469376848917 ], [ -73.971687790644907, 40.702458646623818 ], [ -73.971644107713146, 40.702452166872995 ], [ -73.9716, 40.70245 ], [ -73.971011046879923, 40.70245 ], [ -73.970955945480597, 40.702447293041828 ], [ -73.970912315230308, 40.702440821105569 ], [ -73.970869529432292, 40.702430103821079 ], [ -73.970828000137089, 40.702415244401656 ] ] ], [ [ [ -73.978817814305813, 40.70468218569421 ], [ -73.978847435192435, 40.704714867306322 ], [ -73.978873710088308, 40.704750294902254 ], [ -73.978896385951714, 40.704788127294727 ], [ -73.978915244401691, 40.704828000137148 ], [ -73.978930103821085, 40.70486952943228 ], [ -73.978940821105567, 40.704912315230246 ], [ -73.978947293041827, 40.704955945480521 ], [ -73.97895, 40.705011046880024 ], [ -73.97895, 40.706488953119973 ], [ -73.978947293041827, 40.706544054519476 ], [ -73.978940821105567, 40.706587684769751 ], [ -73.978930103821085, 40.706630470567717 ], [ -73.978915244401691, 40.706671999862849 ], [ -73.978896385951714, 40.70671187270527 ], [ -73.978873710088308, 40.706749705097742 ], [ -73.978847435192435, 40.706785132693675 ], [ -73.978817814305813, 40.706817814305786 ], [ -73.978785132693687, 40.706847435192429 ], [ -73.978749705097712, 40.706873710088331 ], [ -73.978711872705318, 40.706896385951673 ], [ -73.978671999862897, 40.706915244401657 ], [ -73.978630470567694, 40.70693010382108 ], [ -73.978587684769678, 40.706940821105569 ], [ -73.978544054519389, 40.706947293041829 ], [ -73.978488953120063, 40.70695 ], [ -73.977011046879923, 40.70695 ], [ -73.976955945480597, 40.706947293041829 ], [ -73.976912315230308, 40.706940821105569 ], [ -73.976869529432292, 40.70693010382108 ], [ -73.97682800013709, 40.706915244401657 ], [ -73.976788127294668, 40.706896385951673 ], [ -73.976750294902274, 40.706873710088331 ], [ -73.976714867306313, 40.706847435192429 ], [ -73.976702201529704, 40.706835955601662 ], [ -73.97666880338879, 40.706808489249305 ], [ -73.976632923181995, 40.706784355308706 ], [ -73.976594892218515, 40.706763776626893 ], [ -73.976555061667128, 40.706746943222448 ], [ -73.97651379931358, 40.706734010530987 ], [ -73.976471486164527, 40.70672509796988 ], [ -73.976428512929402, 40.706720287835573 ], [ -73.976385276412756, 40.70671962454368 ], [ -73.976342175850164, 40.706723114218896 ], [ -73.976299609221869, 40.706730724638383 ], [ -73.976257969577901, 40.706742385529367 ], [ -73.976217641408709, 40.706757989217977 ], [ -73.97617899709492, 40.706777391623504 ], [ -73.976142393468834, 40.706800413588802 ], [ -73.976108168519545, 40.706826842534568 ], [ -73.976076638272005, 40.706856434422285 ], [ -73.97604809386894, 40.706888916007564 ], [ -73.976022798882497, 40.706923987363247 ], [ -73.976000986880521, 40.70696132464888 ], [ -73.975982859269791, 40.707000583100935 ], [ -73.975968583436298, 40.707041400216298 ], [ -73.97595829119966, 40.707083399099538 ], [ -73.97595207759592, 40.707126191943068 ], [ -73.97595, 40.707169383608047 ], [ -73.97595, 40.707988953119973 ], [ -73.975947293041827, 40.708044054519476 ], [ -73.975940821105567, 40.708087684769751 ], [ -73.975930103821085, 40.708130470567717 ], [ -73.975915244401691, 40.708171999862849 ], [ -73.975896385951714, 40.70821187270527 ], [ -73.975873710088308, 40.708249705097742 ], [ -73.975847435192435, 40.708285132693675 ], [ -73.975817814305813, 40.708317814305786 ], [ -73.975785132693687, 40.708347435192429 ], [ -73.975749705097712, 40.708373710088331 ], [ -73.975711872705318, 40.708396385951673 ], [ -73.975671999862897, 40.708415244401657 ], [ -73.975630470567694, 40.70843010382108 ], [ -73.975587684769678, 40.708440821105569 ], [ -73.975544054519389, 40.708447293041829 ], [ -73.975488953120063, 40.70845 ], [ -73.9749, 40.70845 ], [ -73.97485589228684, 40.708452166872995 ], [ -73.974812209355079, 40.708458646623818 ], [ -73.974769371895221, 40.708469376848917 ], [ -73.974727792455425, 40.708484254210369 ], [ -73.974687871468419, 40.708503135431044 ], [ -73.974649993395133, 40.708525838674461 ], [ -73.974614523022112, 40.70855214529599 ], [ -73.97458180194846, 40.708581801948469 ], [ -73.974552145295974, 40.708614523022128 ], [ -73.974525838674452, 40.708649993395142 ], [ -73.974503135431036, 40.708687871468427 ], [ -73.974484254210367, 40.708727792455434 ], [ -73.974469376848916, 40.708769371895237 ], [ -73.974458646623816, 40.708812209355095 ], [ -73.974452166872993, 40.708855892286849 ], [ -73.97445, 40.7089 ], [ -73.97445, 40.709488953119973 ], [ -73.97444729304182, 40.709544054519476 ], [ -73.97444082110556, 40.709587684769751 ], [ -73.974430103821078, 40.709630470567717 ], [ -73.974415244401683, 40.709671999862849 ], [ -73.974396385951707, 40.70971187270527 ], [ -73.974373710088301, 40.709749705097742 ], [ -73.974347435192428, 40.709785132693675 ], [ -73.974317814305806, 40.709817814305786 ], [ -73.97428513269368, 40.70984743519243 ], [ -73.974249705097705, 40.709873710088331 ], [ -73.974211872705311, 40.709896385951673 ], [ -73.974171999862889, 40.709915244401657 ], [ -73.974130470567687, 40.70993010382108 ], [ -73.974087684769671, 40.709940821105569 ], [ -73.974044054519382, 40.709947293041829 ], [ -73.973988953120056, 40.70995 ], [ -73.97251104687993, 40.70995 ], [ -73.972455945480604, 40.709947293041829 ], [ -73.972412315230315, 40.709940821105569 ], [ -73.972369529432299, 40.70993010382108 ], [ -73.972328000137097, 40.709915244401657 ], [ -73.972288127294675, 40.709896385951673 ], [ -73.972250294902281, 40.709873710088331 ], [ -73.972214867306306, 40.70984743519243 ], [ -73.97218218569418, 40.709817814305786 ], [ -73.972152564807558, 40.709785132693675 ], [ -73.972126289911685, 40.709749705097742 ], [ -73.972103614048279, 40.70971187270527 ], [ -73.972084755598303, 40.709671999862849 ], [ -73.972069896178908, 40.709630470567717 ], [ -73.972059178894426, 40.709587684769751 ], [ -73.972052706958166, 40.709544054519476 ], [ -73.97205, 40.709488953119973 ], [ -73.97205, 40.706511046880024 ], [ -73.972052706958166, 40.706455945480521 ], [ -73.972059178894426, 40.706412315230246 ], [ -73.972069896178908, 40.70636952943228 ], [ -73.972084755598303, 40.706328000137148 ], [ -73.972103614048279, 40.706288127294727 ], [ -73.972126289911685, 40.706250294902254 ], [ -73.972152564807558, 40.706214867306322 ], [ -73.97218218569418, 40.70618218569421 ], [ -73.972214867306306, 40.706152564807567 ], [ -73.972250294902281, 40.706126289911666 ], [ -73.972288127294675, 40.706103614048324 ], [ -73.972328000137097, 40.70608475559834 ], [ -73.972369529432299, 40.706069896178917 ], [ -73.972412315230315, 40.706059178894428 ], [ -73.972455945480604, 40.706052706958168 ], [ -73.97251104687993, 40.70605 ], [ -73.975488953120063, 40.70605 ], [ -73.975544054519389, 40.706052706958168 ], [ -73.975587684769678, 40.706059178894428 ], [ -73.975630470567694, 40.706069896178917 ], [ -73.975671999862897, 40.70608475559834 ], [ -73.975711872705318, 40.706103614048324 ], [ -73.975749705097712, 40.706126289911666 ], [ -73.975785132693673, 40.706152564807567 ], [ -73.975797798470282, 40.706164044398335 ], [ -73.975831196611196, 40.706191510750692 ], [ -73.975867076817991, 40.706215644691291 ], [ -73.975905107781472, 40.706236223373104 ], [ -73.975944938332859, 40.706253056777548 ], [ -73.975986200686407, 40.70626598946901 ], [ -73.976028513835459, 40.706274902030117 ], [ -73.976071487070584, 40.706279712164424 ], [ -73.97611472358723, 40.706280375456316 ], [ -73.976157824149823, 40.706276885781101 ], [ -73.976200390778118, 40.706269275361613 ], [ -73.976242030422085, 40.70625761447063 ], [ -73.976282358591277, 40.70624201078202 ], [ -73.976321002905067, 40.706222608376493 ], [ -73.976357606531153, 40.706199586411195 ], [ -73.976391831480441, 40.706173157465429 ], [ -73.976423361727981, 40.706143565577712 ], [ -73.976451906131047, 40.706111083992432 ], [ -73.97647720111749, 40.70607601263675 ], [ -73.976499013119465, 40.706038675351117 ], [ -73.976517140730195, 40.705999416899061 ], [ -73.976531416563688, 40.705958599783699 ], [ -73.976541708800326, 40.705916600900458 ], [ -73.976547922404066, 40.705873808056928 ], [ -73.97655, 40.70583061639195 ], [ -73.97655, 40.705011046880024 ], [ -73.976552706958159, 40.704955945480521 ], [ -73.976559178894419, 40.704912315230246 ], [ -73.976569896178901, 40.70486952943228 ], [ -73.976584755598296, 40.704828000137148 ], [ -73.976603614048273, 40.704788127294727 ], [ -73.976626289911678, 40.704750294902254 ], [ -73.976652564807551, 40.704714867306322 ], [ -73.976682185694173, 40.70468218569421 ], [ -73.976714867306299, 40.704652564807567 ], [ -73.976750294902274, 40.704626289911666 ], [ -73.976788127294668, 40.704603614048324 ], [ -73.97682800013709, 40.70458475559834 ], [ -73.976869529432292, 40.704569896178917 ], [ -73.976912315230308, 40.704559178894428 ], [ -73.976955945480597, 40.704552706958168 ], [ -73.977011046879923, 40.70455 ], [ -73.978488953120063, 40.70455 ], [ -73.978544054519389, 40.704552706958168 ], [ -73.978587684769678, 40.704559178894428 ], [ -73.978630470567694, 40.704569896178917 ], [ -73.978671999862897, 40.70458475559834 ], [ -73.978711872705318, 40.704603614048324 ], [ -73.978749705097712, 40.704626289911666 ], [ -73.978785132693687, 40.704652564807567 ], [ -73.978817814305813, 40.70468218569421 ] ] ], [ [ [ -73.974317814305806, 40.734682185694211 ], [ -73.974347435192428, 40.734714867306323 ], [ -73.974373710088301, 40.734750294902256 ], [ -73.974396385951707, 40.734788127294728 ], [ -73.974415244401683, 40.734828000137149 ], [ -73.974430103821078, 40.734869529432281 ], [ -73.97444082110556, 40.734912315230247 ], [ -73.97444729304182, 40.734955945480522 ], [ -73.97445, 40.735011046880025 ], [ -73.97445, 40.736488953119974 ], [ -73.97444729304182, 40.736544054519477 ], [ -73.97444082110556, 40.736587684769752 ], [ -73.974430103821078, 40.736630470567718 ], [ -73.974415244401683, 40.73667199986285 ], [ -73.974396385951707, 40.736711872705271 ], [ -73.974373710088301, 40.736749705097743 ], [ -73.974347435192428, 40.736785132693676 ], [ -73.974317814305806, 40.736817814305788 ], [ -73.97428513269368, 40.736847435192431 ], [ -73.974249705097705, 40.736873710088332 ], [ -73.974211872705311, 40.736896385951674 ], [ -73.974171999862889, 40.736915244401658 ], [ -73.974130470567687, 40.736930103821081 ], [ -73.974087684769671, 40.73694082110557 ], [ -73.974044054519382, 40.73694729304183 ], [ -73.973988953120056, 40.73695 ], [ -73.97251104687993, 40.73695 ], [ -73.972455945480604, 40.73694729304183 ], [ -73.972412315230315, 40.73694082110557 ], [ -73.972369529432299, 40.736930103821081 ], [ -73.972328000137097, 40.736915244401658 ], [ -73.972288127294675, 40.736896385951674 ], [ -73.972250294902281, 40.736873710088332 ], [ -73.972214867306306, 40.736847435192431 ], [ -73.97218218569418, 40.736817814305788 ], [ -73.972152564807558, 40.736785132693676 ], [ -73.972126289911685, 40.736749705097743 ], [ -73.972103614048279, 40.736711872705271 ], [ -73.972084755598303, 40.73667199986285 ], [ -73.972069896178908, 40.736630470567718 ], [ -73.972059178894426, 40.736587684769752 ], [ -73.972052706958166, 40.736544054519477 ], [ -73.97205, 40.736488953119974 ], [ -73.97205, 40.735011046880025 ], [ -73.972052706958166, 40.734955945480522 ], [ -73.972059178894426, 40.734912315230247 ], [ -73.972069896178908, 40.734869529432281 ], [ -73.972084755598303, 40.734828000137149 ], [ -73.972103614048279, 40.734788127294728 ], [ -73.972126289911685, 40.734750294902256 ], [ -73.972152564807558, 40.734714867306323 ], [ -73.97218218569418, 40.734682185694211 ], [ -73.972214867306306, 40.734652564807568 ], [ -73.972250294902281, 40.734626289911667 ], [ -73.972288127294675, 40.734603614048325 ], [ -73.972328000137097, 40.734584755598341 ], [ -73.972369529432299, 40.734569896178918 ], [ -73.972412315230315, 40.734559178894429 ], [ -73.972455945480604, 40.734552706958169 ], [ -73.97251104687993, 40.73455 ], [ -73.973988953120056, 40.73455 ], [ -73.974044054519382, 40.734552706958169 ], [ -73.974087684769671, 40.734559178894429 ], [ -73.974130470567687, 40.734569896178918 ], [ -73.974171999862889, 40.734584755598341 ], [ -73.974211872705311, 40.734603614048325 ], [ -73.974249705097705, 40.734626289911667 ], [ -73.97428513269368, 40.734652564807568 ], [ -73.974317814305806, 40.734682185694211 ] ] ], [ [ [ -73.989317814305807, 40.70768218569421 ], [ -73.989347435192428, 40.707714867306322 ], [ -73.989373710088302, 40.707750294902254 ], [ -73.989396385951707, 40.707788127294727 ], [ -73.989415244401684, 40.707828000137148 ], [ -73.989430103821078, 40.70786952943228 ], [ -73.989440821105561, 40.707912315230246 ], [ -73.98944729304182, 40.707955945480521 ], [ -73.98945, 40.708011046880024 ], [ -73.98945, 40.709488953119973 ], [ -73.98944729304182, 40.709544054519476 ], [ -73.989440821105561, 40.709587684769751 ], [ -73.989430103821078, 40.709630470567717 ], [ -73.989415244401684, 40.709671999862849 ], [ -73.989396385951707, 40.70971187270527 ], [ -73.989373710088302, 40.709749705097742 ], [ -73.989347435192428, 40.709785132693675 ], [ -73.989317814305807, 40.709817814305786 ], [ -73.989285132693681, 40.70984743519243 ], [ -73.989249705097706, 40.709873710088331 ], [ -73.989211872705312, 40.709896385951673 ], [ -73.98917199986289, 40.709915244401657 ], [ -73.989130470567687, 40.70993010382108 ], [ -73.989087684769672, 40.709940821105569 ], [ -73.989044054519383, 40.709947293041829 ], [ -73.988988953120057, 40.70995 ], [ -73.987511046879931, 40.70995 ], [ -73.987455945480605, 40.709947293041829 ], [ -73.987412315230316, 40.709940821105569 ], [ -73.9873695294323, 40.70993010382108 ], [ -73.987328000137097, 40.709915244401657 ], [ -73.987288127294676, 40.709896385951673 ], [ -73.987250294902282, 40.709873710088331 ], [ -73.987214867306307, 40.70984743519243 ], [ -73.987182185694181, 40.709817814305786 ], [ -73.987152564807559, 40.709785132693675 ], [ -73.987126289911686, 40.709749705097742 ], [ -73.98710361404828, 40.70971187270527 ], [ -73.987084755598303, 40.709671999862849 ], [ -73.987069896178909, 40.709630470567717 ], [ -73.987059178894427, 40.709587684769751 ], [ -73.987052706958167, 40.709544054519476 ], [ -73.98705, 40.709488953119973 ], [ -73.98705, 40.708011046880024 ], [ -73.987052706958167, 40.707955945480521 ], [ -73.987059178894427, 40.707912315230246 ], [ -73.987069896178909, 40.70786952943228 ], [ -73.987084755598303, 40.707828000137148 ], [ -73.98710361404828, 40.707788127294727 ], [ -73.987126289911686, 40.707750294902254 ], [ -73.987152564807559, 40.707714867306322 ], [ -73.987182185694181, 40.70768218569421 ], [ -73.987214867306307, 40.707652564807567 ], [ -73.987250294902282, 40.707626289911666 ], [ -73.987288127294676, 40.707603614048324 ], [ -73.987328000137097, 40.70758475559834 ], [ -73.9873695294323, 40.707569896178917 ], [ -73.987412315230316, 40.707559178894428 ], [ -73.987455945480605, 40.707552706958168 ], [ -73.987511046879931, 40.70755 ], [ -73.988988953120057, 40.70755 ], [ -73.989044054519383, 40.707552706958168 ], [ -73.989087684769672, 40.707559178894428 ], [ -73.989130470567687, 40.707569896178917 ], [ -73.98917199986289, 40.70758475559834 ], [ -73.989211872705312, 40.707603614048324 ], [ -73.989249705097706, 40.707626289911666 ], [ -73.989285132693681, 40.707652564807567 ], [ -73.989317814305807, 40.70768218569421 ] ] ], [ [ [ -74.007317814305807, 40.68818218569421 ], [ -74.007347435192429, 40.688214867306321 ], [ -74.007373710088302, 40.688250294902254 ], [ -74.007396385951708, 40.688288127294726 ], [ -74.007415244401685, 40.688328000137147 ], [ -74.007430103821079, 40.688369529432279 ], [ -74.007440821105561, 40.688412315230245 ], [ -74.007447293041821, 40.68845594548052 ], [ -74.00745, 40.688511046880024 ], [ -74.00745, 40.689988953119972 ], [ -74.007447293041821, 40.690044054519475 ], [ -74.007440821105561, 40.69008768476975 ], [ -74.007430103821079, 40.690130470567716 ], [ -74.007415244401685, 40.690171999862848 ], [ -74.007396385951708, 40.69021187270527 ], [ -74.007373710088302, 40.690249705097742 ], [ -74.007347435192429, 40.690285132693674 ], [ -74.007317814305807, 40.690317814305786 ], [ -74.007285132693681, 40.690347435192429 ], [ -74.007249705097706, 40.69037371008833 ], [ -74.007211872705312, 40.690396385951672 ], [ -74.007171999862891, 40.690415244401656 ], [ -74.007130470567688, 40.690430103821079 ], [ -74.007087684769672, 40.690440821105568 ], [ -74.007044054519383, 40.690447293041828 ], [ -74.006988953120057, 40.69045 ], [ -74.004011046879924, 40.69045 ], [ -74.003955945480598, 40.690447293041828 ], [ -74.003912315230309, 40.690440821105568 ], [ -74.003869529432293, 40.690430103821079 ], [ -74.003828000137091, 40.690415244401656 ], [ -74.003788127294669, 40.690396385951672 ], [ -74.003750294902275, 40.69037371008833 ], [ -74.0037148673063, 40.690347435192429 ], [ -74.003682185694174, 40.690317814305786 ], [ -74.003652564807552, 40.690285132693674 ], [ -74.003626289911679, 40.690249705097742 ], [ -74.003603614048274, 40.69021187270527 ], [ -74.003584755598297, 40.690171999862848 ], [ -74.003569896178902, 40.690130470567716 ], [ -74.00355917889442, 40.69008768476975 ], [ -74.00355270695816, 40.690044054519475 ], [ -74.00355, 40.689988953119972 ], [ -74.00355, 40.688511046880024 ], [ -74.00355270695816, 40.68845594548052 ], [ -74.00355917889442, 40.688412315230245 ], [ -74.003569896178902, 40.688369529432279 ], [ -74.003584755598297, 40.688328000137147 ], [ -74.003603614048274, 40.688288127294726 ], [ -74.003626289911679, 40.688250294902254 ], [ -74.003652564807552, 40.688214867306321 ], [ -74.003682185694174, 40.68818218569421 ], [ -74.0037148673063, 40.688152564807567 ], [ -74.003750294902275, 40.688126289911665 ], [ -74.003788127294669, 40.688103614048323 ], [ -74.003828000137091, 40.688084755598339 ], [ -74.003869529432293, 40.688069896178916 ], [ -74.003912315230309, 40.688059178894427 ], [ -74.003955945480598, 40.688052706958167 ], [ -74.004011046879924, 40.68805 ], [ -74.006988953120057, 40.68805 ], [ -74.007044054519383, 40.688052706958167 ], [ -74.007087684769672, 40.688059178894427 ], [ -74.007130470567688, 40.688069896178916 ], [ -74.007171999862891, 40.688084755598339 ], [ -74.007211872705312, 40.688103614048323 ], [ -74.007249705097706, 40.688126289911665 ], [ -74.007285132693681, 40.688152564807567 ], [ -74.007317814305807, 40.68818218569421 ] ] ], [ [ [ -74.013285132693682, 40.745152564807569 ], [ -74.013317814305807, 40.745182185694212 ], [ -74.013347435192429, 40.745214867306323 ], [ -74.013373710088302, 40.745250294902256 ], [ -74.013396385951708, 40.745288127294728 ], [ -74.013415244401685, 40.74532800013715 ], [ -74.013430103821079, 40.745369529432281 ], [ -74.013440821105561, 40.745412315230247 ], [ -74.013447293041821, 40.745455945480522 ], [ -74.01345, 40.745511046880026 ], [ -74.01345, 40.746988953119974 ], [ -74.013447293041821, 40.747044054519478 ], [ -74.013440821105561, 40.747087684769753 ], [ -74.013430103821079, 40.747130470567718 ], [ -74.013415244401685, 40.74717199986285 ], [ -74.013396385951708, 40.747211872705272 ], [ -74.013373710088302, 40.747249705097744 ], [ -74.013347435192429, 40.747285132693676 ], [ -74.013317814305807, 40.747317814305788 ], [ -74.013285132693682, 40.747347435192431 ], [ -74.013249705097707, 40.747373710088333 ], [ -74.013211872705313, 40.747396385951674 ], [ -74.013171999862891, 40.747415244401658 ], [ -74.013130470567688, 40.747430103821081 ], [ -74.013087684769673, 40.74744082110557 ], [ -74.013044054519384, 40.74744729304183 ], [ -74.012988953120058, 40.74745 ], [ -74.0124, 40.74745 ], [ -74.012355892286848, 40.747452166872996 ], [ -74.012312209355088, 40.747458646623819 ], [ -74.012269371895229, 40.747469376848919 ], [ -74.012227792455434, 40.74748425421037 ], [ -74.012187871468427, 40.747503135431046 ], [ -74.012149993395141, 40.747525838674463 ], [ -74.01211452302212, 40.747552145295991 ], [ -74.012081801948469, 40.747581801948471 ], [ -74.012052145295982, 40.747614523022129 ], [ -74.012025838674461, 40.747649993395143 ], [ -74.012003135431044, 40.747687871468429 ], [ -74.011984254210375, 40.747727792455436 ], [ -74.011969376848924, 40.747769371895238 ], [ -74.011958646623825, 40.747812209355097 ], [ -74.011952166873002, 40.74785589228685 ], [ -74.01195, 40.7479 ], [ -74.01195, 40.748488953119974 ], [ -74.011947293041828, 40.748544054519478 ], [ -74.011940821105568, 40.748587684769753 ], [ -74.011930103821086, 40.748630470567718 ], [ -74.011915244401692, 40.74867199986285 ], [ -74.011896385951715, 40.748711872705272 ], [ -74.01187371008831, 40.748749705097744 ], [ -74.011847435192436, 40.748785132693676 ], [ -74.011817814305815, 40.748817814305788 ], [ -74.011785132693689, 40.748847435192431 ], [ -74.011749705097714, 40.748873710088333 ], [ -74.01171187270532, 40.748896385951674 ], [ -74.011671999862898, 40.748915244401658 ], [ -74.011630470567695, 40.748930103821081 ], [ -74.01158768476968, 40.74894082110557 ], [ -74.011544054519391, 40.74894729304183 ], [ -74.011488953120065, 40.74895 ], [ -74.008511046879931, 40.74895 ], [ -74.008455945480605, 40.74894729304183 ], [ -74.008412315230316, 40.74894082110557 ], [ -74.008369529432301, 40.748930103821081 ], [ -74.008328000137098, 40.748915244401658 ], [ -74.008288127294676, 40.748896385951674 ], [ -74.008250294902282, 40.748873710088333 ], [ -74.008214867306307, 40.748847435192431 ], [ -74.008182185694181, 40.748817814305788 ], [ -74.00815256480756, 40.748785132693676 ], [ -74.008126289911687, 40.748749705097744 ], [ -74.008103614048281, 40.748711872705272 ], [ -74.008084755598304, 40.74867199986285 ], [ -74.00806989617891, 40.748630470567718 ], [ -74.008059178894428, 40.748587684769753 ], [ -74.008052706958168, 40.748544054519478 ], [ -74.00805, 40.748488953119974 ], [ -74.00805, 40.747011046880026 ], [ -74.008052706958168, 40.746955945480522 ], [ -74.008059178894428, 40.746912315230247 ], [ -74.00806989617891, 40.746869529432281 ], [ -74.008084755598304, 40.74682800013715 ], [ -74.008103614048281, 40.746788127294728 ], [ -74.008126289911687, 40.746750294902256 ], [ -74.00815256480756, 40.746714867306324 ], [ -74.008182185694181, 40.746682185694212 ], [ -74.008214867306307, 40.746652564807569 ], [ -74.008250294902282, 40.746626289911667 ], [ -74.008288127294676, 40.746603614048325 ], [ -74.008328000137098, 40.746584755598342 ], [ -74.008369529432301, 40.746569896178919 ], [ -74.008412315230316, 40.746559178894429 ], [ -74.008455945480605, 40.74655270695817 ], [ -74.008511046879931, 40.74655 ], [ -74.0091, 40.74655 ], [ -74.009144107713141, 40.746547833127003 ], [ -74.009187790644901, 40.74654135337618 ], [ -74.00923062810476, 40.746530623151081 ], [ -74.009272207544555, 40.74651574578963 ], [ -74.009312128531562, 40.746496864568954 ], [ -74.009350006604848, 40.746474161325537 ], [ -74.009385476977869, 40.746447854704009 ], [ -74.00941819805152, 40.746418198051529 ], [ -74.009447854704007, 40.746385476977871 ], [ -74.009474161325528, 40.746350006604857 ], [ -74.009496864568945, 40.746312128531571 ], [ -74.009515745789614, 40.746272207544564 ], [ -74.009530623151065, 40.746230628104762 ], [ -74.009541353376164, 40.746187790644903 ], [ -74.009547833126987, 40.74614410771315 ], [ -74.00955, 40.7461 ], [ -74.00955, 40.745511046880026 ], [ -74.009552706958161, 40.745455945480522 ], [ -74.00955917889442, 40.745412315230247 ], [ -74.009569896178903, 40.745369529432281 ], [ -74.009584755598297, 40.74532800013715 ], [ -74.009603614048274, 40.745288127294728 ], [ -74.009626289911679, 40.745250294902256 ], [ -74.009652564807553, 40.745214867306323 ], [ -74.009682185694174, 40.745182185694212 ], [ -74.0097148673063, 40.745152564807569 ], [ -74.009750294902275, 40.745126289911667 ], [ -74.009788127294669, 40.745103614048325 ], [ -74.009828000137091, 40.745084755598342 ], [ -74.009869529432294, 40.745069896178919 ], [ -74.009912315230309, 40.745059178894429 ], [ -74.009955945480598, 40.74505270695817 ], [ -74.010011046879924, 40.74505 ], [ -74.012988953120058, 40.74505 ], [ -74.013044054519384, 40.74505270695817 ], [ -74.013087684769673, 40.745059178894429 ], [ -74.013130470567688, 40.745069896178919 ], [ -74.013171999862891, 40.745084755598342 ], [ -74.013211872705313, 40.745103614048325 ], [ -74.013249705097707, 40.745126289911667 ], [ -74.013285132693682, 40.745152564807569 ] ] ], [ [ [ -74.013317814305807, 40.680682185694209 ], [ -74.013347435192429, 40.680714867306321 ], [ -74.013373710088302, 40.680750294902253 ], [ -74.013396385951708, 40.680788127294726 ], [ -74.013415244401685, 40.680828000137147 ], [ -74.013430103821079, 40.680869529432279 ], [ -74.013440821105561, 40.680912315230245 ], [ -74.013447293041821, 40.68095594548052 ], [ -74.01345, 40.681011046880023 ], [ -74.01345, 40.682488953119972 ], [ -74.013447293041821, 40.682544054519475 ], [ -74.013440821105561, 40.68258768476975 ], [ -74.013430103821079, 40.682630470567716 ], [ -74.013415244401685, 40.682671999862848 ], [ -74.013396385951708, 40.682711872705269 ], [ -74.013373710088302, 40.682749705097741 ], [ -74.013347435192429, 40.682785132693674 ], [ -74.013317814305807, 40.682817814305785 ], [ -74.013285132693682, 40.682847435192429 ], [ -74.013234515229286, 40.682884975662539 ], [ -74.013229086923559, 40.682888603426058 ], [ -74.013194896763792, 40.682916677555362 ], [ -74.013163628449263, 40.68294797318233 ], [ -74.013135584182251, 40.682982187840707 ], [ -74.013111035005224, 40.683018990852375 ], [ -74.013090218181276, 40.683058026523263 ], [ -74.013073334901037, 40.683098917581077 ], [ -74.013060548338174, 40.683141268821565 ], [ -74.013051982072369, 40.683184670928092 ], [ -74.013047718894967, 40.683228704427599 ], [ -74.013047800008721, 40.68327294374474 ], [ -74.013052224629718, 40.683316961314979 ], [ -74.013060949994824, 40.683360331716919 ], [ -74.013073891775065, 40.683402635783921 ], [ -74.013090924890605, 40.683443464655277 ], [ -74.013111884719635, 40.683482423727746 ], [ -74.013136568689433, 40.68351913646935 ], [ -74.013164738234124, 40.683553248058466 ], [ -74.013196121100478, 40.683584428813106 ], [ -74.013230413979088, 40.683612377377251 ], [ -74.013285716384701, 40.683653093834273 ], [ -74.013317814305807, 40.683682185694209 ], [ -74.013347435192429, 40.683714867306321 ], [ -74.013373710088302, 40.683750294902254 ], [ -74.013396385951708, 40.683788127294726 ], [ -74.013415244401685, 40.683828000137147 ], [ -74.013430103821079, 40.683869529432279 ], [ -74.013440821105561, 40.683912315230245 ], [ -74.013447293041821, 40.68395594548052 ], [ -74.01345, 40.684011046880023 ], [ -74.01345, 40.685488953119972 ], [ -74.013447293041821, 40.685544054519475 ], [ -74.013440821105561, 40.68558768476975 ], [ -74.013430103821079, 40.685630470567716 ], [ -74.013415244401685, 40.685671999862848 ], [ -74.013396385951708, 40.685711872705269 ], [ -74.013373710088302, 40.685749705097741 ], [ -74.013347435192429, 40.685785132693674 ], [ -74.013317814305807, 40.685817814305786 ], [ -74.013285132693682, 40.685847435192429 ], [ -74.013249705097707, 40.68587371008833 ], [ -74.013211872705313, 40.685896385951672 ], [ -74.013171999862891, 40.685915244401656 ], [ -74.013130470567688, 40.685930103821079 ], [ -74.013087684769673, 40.685940821105568 ], [ -74.013044054519384, 40.685947293041828 ], [ -74.012988953120058, 40.68595 ], [ -74.0124, 40.68595 ], [ -74.012355892286848, 40.685952166872994 ], [ -74.012312209355088, 40.685958646623817 ], [ -74.012269371895229, 40.685969376848917 ], [ -74.012227792455434, 40.685984254210368 ], [ -74.012187871468427, 40.686003135431044 ], [ -74.012149993395141, 40.68602583867446 ], [ -74.01211452302212, 40.686052145295989 ], [ -74.012081801948469, 40.686081801948468 ], [ -74.012052145295982, 40.686114523022127 ], [ -74.012025838674461, 40.686149993395141 ], [ -74.012003135431044, 40.686187871468427 ], [ -74.011984254210375, 40.686227792455433 ], [ -74.011969376848924, 40.686269371895236 ], [ -74.011958646623825, 40.686312209355094 ], [ -74.011952166873002, 40.686355892286848 ], [ -74.01195, 40.6864 ], [ -74.01195, 40.686988953119972 ], [ -74.011947293041828, 40.687044054519475 ], [ -74.011940821105568, 40.68708768476975 ], [ -74.011930103821086, 40.687130470567716 ], [ -74.011915244401692, 40.687171999862848 ], [ -74.011896385951715, 40.687211872705269 ], [ -74.01187371008831, 40.687249705097742 ], [ -74.011847435192436, 40.687285132693674 ], [ -74.011817814305815, 40.687317814305786 ], [ -74.011785132693689, 40.687347435192429 ], [ -74.011749705097714, 40.68737371008833 ], [ -74.01171187270532, 40.687396385951672 ], [ -74.011671999862898, 40.687415244401656 ], [ -74.011630470567695, 40.687430103821079 ], [ -74.01158768476968, 40.687440821105568 ], [ -74.011544054519391, 40.687447293041828 ], [ -74.011488953120065, 40.68745 ], [ -74.010011046879924, 40.68745 ], [ -74.009955945480598, 40.687447293041828 ], [ -74.009912315230309, 40.687440821105568 ], [ -74.009869529432294, 40.687430103821079 ], [ -74.009828000137091, 40.687415244401656 ], [ -74.009788127294669, 40.687396385951672 ], [ -74.009750294902275, 40.68737371008833 ], [ -74.0097148673063, 40.687347435192429 ], [ -74.009682185694174, 40.687317814305786 ], [ -74.009652564807553, 40.687285132693674 ], [ -74.009626289911679, 40.687249705097742 ], [ -74.009603614048274, 40.687211872705269 ], [ -74.009584755598297, 40.687171999862848 ], [ -74.009569896178903, 40.687130470567716 ], [ -74.00955917889442, 40.68708768476975 ], [ -74.009552706958161, 40.687044054519475 ], [ -74.00955, 40.686988953119972 ], [ -74.00955, 40.684011046880023 ], [ -74.009552706958161, 40.68395594548052 ], [ -74.00955917889442, 40.683912315230245 ], [ -74.009569896178903, 40.683869529432279 ], [ -74.009584755598297, 40.683828000137147 ], [ -74.009603614048274, 40.683788127294726 ], [ -74.009626289911679, 40.683750294902254 ], [ -74.009652564807553, 40.683714867306321 ], [ -74.009682185694174, 40.683682185694209 ], [ -74.0097148673063, 40.683652564807566 ], [ -74.009765484770696, 40.683615024337456 ], [ -74.009770913076423, 40.683611396573937 ], [ -74.009805103236189, 40.683583322444633 ], [ -74.009836371550719, 40.683552026817665 ], [ -74.009864415817731, 40.683517812159288 ], [ -74.009888964994758, 40.68348100914762 ], [ -74.009909781818706, 40.683441973476732 ], [ -74.009926665098945, 40.683401082418918 ], [ -74.009939451661808, 40.68335873117843 ], [ -74.009948017927613, 40.683315329071903 ], [ -74.009952281105015, 40.683271295572396 ], [ -74.009952199991261, 40.683227056255255 ], [ -74.009947775370264, 40.683183038685016 ], [ -74.009939050005158, 40.683139668283076 ], [ -74.009926108224917, 40.683097364216074 ], [ -74.009909075109377, 40.683056535344718 ], [ -74.009888115280347, 40.683017576272249 ], [ -74.009863431310549, 40.682980863530645 ], [ -74.009835261765858, 40.682946751941529 ], [ -74.009803878899504, 40.682915571186889 ], [ -74.009769586020894, 40.682887622622744 ], [ -74.009714283615281, 40.682846906165722 ], [ -74.009682185694174, 40.682817814305785 ], [ -74.009652564807553, 40.682785132693674 ], [ -74.009626289911679, 40.682749705097741 ], [ -74.009603614048274, 40.682711872705269 ], [ -74.009584755598297, 40.682671999862848 ], [ -74.009569896178903, 40.682630470567716 ], [ -74.00955917889442, 40.68258768476975 ], [ -74.009552706958161, 40.682544054519475 ], [ -74.00955, 40.682488953119972 ], [ -74.00955, 40.681011046880023 ], [ -74.009552706958161, 40.68095594548052 ], [ -74.00955917889442, 40.680912315230245 ], [ -74.009569896178903, 40.680869529432279 ], [ -74.009584755598297, 40.680828000137147 ], [ -74.009603614048274, 40.680788127294726 ], [ -74.009626289911679, 40.680750294902253 ], [ -74.009652564807553, 40.680714867306321 ], [ -74.009682185694174, 40.680682185694209 ], [ -74.0097148673063, 40.680652564807566 ], [ -74.009750294902275, 40.680626289911665 ], [ -74.009788127294669, 40.680603614048323 ], [ -74.009828000137091, 40.680584755598339 ], [ -74.009869529432294, 40.680569896178916 ], [ -74.009912315230309, 40.680559178894427 ], [ -74.009955945480598, 40.680552706958167 ], [ -74.010011046879924, 40.68055 ], [ -74.012988953120058, 40.68055 ], [ -74.013044054519384, 40.680552706958167 ], [ -74.013087684769673, 40.680559178894427 ], [ -74.013130470567688, 40.680569896178916 ], [ -74.013171999862891, 40.680584755598339 ], [ -74.013211872705313, 40.680603614048323 ], [ -74.013249705097707, 40.680626289911665 ], [ -74.013285132693682, 40.680652564807566 ], [ -74.013317814305807, 40.680682185694209 ] ] ], [ [ [ -74.014817814305815, 40.730182185694211 ], [ -74.014847435192436, 40.730214867306323 ], [ -74.01487371008831, 40.730250294902255 ], [ -74.014896385951715, 40.730288127294727 ], [ -74.014915244401692, 40.730328000137149 ], [ -74.014930103821087, 40.730369529432281 ], [ -74.014940821105569, 40.730412315230247 ], [ -74.014947293041828, 40.730455945480522 ], [ -74.01495, 40.730511046880025 ], [ -74.01495, 40.731988953119973 ], [ -74.014947293041828, 40.732044054519477 ], [ -74.014940821105569, 40.732087684769752 ], [ -74.014930103821087, 40.732130470567718 ], [ -74.014915244401692, 40.73217199986285 ], [ -74.014896385951715, 40.732211872705271 ], [ -74.01487371008831, 40.732249705097743 ], [ -74.014847435192436, 40.732285132693676 ], [ -74.014817814305815, 40.732317814305787 ], [ -74.014785132693689, 40.73234743519243 ], [ -74.014749705097714, 40.732373710088332 ], [ -74.01471187270532, 40.732396385951674 ], [ -74.014671999862898, 40.732415244401658 ], [ -74.014630470567695, 40.732430103821081 ], [ -74.01458768476968, 40.73244082110557 ], [ -74.014544054519391, 40.73244729304183 ], [ -74.014488953120065, 40.73245 ], [ -74.013011046879924, 40.73245 ], [ -74.012955945480599, 40.73244729304183 ], [ -74.012912315230309, 40.73244082110557 ], [ -74.012869529432294, 40.732430103821081 ], [ -74.012828000137091, 40.732415244401658 ], [ -74.012788127294669, 40.732396385951674 ], [ -74.012750294902276, 40.732373710088332 ], [ -74.0127148673063, 40.73234743519243 ], [ -74.012682185694175, 40.732317814305787 ], [ -74.012652564807553, 40.732285132693676 ], [ -74.01262628991168, 40.732249705097743 ], [ -74.012603614048274, 40.732211872705271 ], [ -74.012584755598297, 40.73217199986285 ], [ -74.012569896178903, 40.732130470567718 ], [ -74.012559178894421, 40.732087684769752 ], [ -74.012552706958161, 40.732044054519477 ], [ -74.01255, 40.731988953119973 ], [ -74.01255, 40.730511046880025 ], [ -74.012552706958161, 40.730455945480522 ], [ -74.012559178894421, 40.730412315230247 ], [ -74.012569896178903, 40.730369529432281 ], [ -74.012584755598297, 40.730328000137149 ], [ -74.012603614048274, 40.730288127294727 ], [ -74.01262628991168, 40.730250294902255 ], [ -74.012652564807553, 40.730214867306323 ], [ -74.012682185694175, 40.730182185694211 ], [ -74.0127148673063, 40.730152564807568 ], [ -74.012750294902276, 40.730126289911667 ], [ -74.012788127294669, 40.730103614048325 ], [ -74.012828000137091, 40.730084755598341 ], [ -74.012869529432294, 40.730069896178918 ], [ -74.012912315230309, 40.730059178894429 ], [ -74.012955945480599, 40.730052706958169 ], [ -74.013011046879924, 40.73005 ], [ -74.014488953120065, 40.73005 ], [ -74.014544054519391, 40.730052706958169 ], [ -74.01458768476968, 40.730059178894429 ], [ -74.014630470567695, 40.730069896178918 ], [ -74.014671999862898, 40.730084755598341 ], [ -74.01471187270532, 40.730103614048325 ], [ -74.014749705097714, 40.730126289911667 ], [ -74.014785132693689, 40.730152564807568 ], [ -74.014817814305815, 40.730182185694211 ] ] ], [ [ [ -74.016317814305808, 40.69268218569421 ], [ -74.016347435192429, 40.692714867306321 ], [ -74.016373710088303, 40.692750294902254 ], [ -74.016396385951708, 40.692788127294726 ], [ -74.016415244401685, 40.692828000137148 ], [ -74.016430103821079, 40.692869529432279 ], [ -74.016440821105562, 40.692912315230245 ], [ -74.016447293041821, 40.69295594548052 ], [ -74.01645, 40.693011046880024 ], [ -74.01645, 40.694488953119972 ], [ -74.016447293041821, 40.694544054519476 ], [ -74.016440821105562, 40.694587684769751 ], [ -74.016430103821079, 40.694630470567716 ], [ -74.016415244401685, 40.694671999862848 ], [ -74.016396385951708, 40.69471187270527 ], [ -74.016373710088303, 40.694749705097742 ], [ -74.016347435192429, 40.694785132693674 ], [ -74.016317814305808, 40.694817814305786 ], [ -74.016285132693682, 40.694847435192429 ], [ -74.016249705097707, 40.694873710088331 ], [ -74.016211872705313, 40.694896385951672 ], [ -74.016171999862891, 40.694915244401656 ], [ -74.016130470567688, 40.694930103821079 ], [ -74.016087684769673, 40.694940821105568 ], [ -74.016044054519384, 40.694947293041828 ], [ -74.015988953120058, 40.69495 ], [ -74.014511046879932, 40.69495 ], [ -74.014455945480606, 40.694947293041828 ], [ -74.014412315230317, 40.694940821105568 ], [ -74.014369529432301, 40.694930103821079 ], [ -74.014328000137098, 40.694915244401656 ], [ -74.014288127294677, 40.694896385951672 ], [ -74.014250294902283, 40.694873710088331 ], [ -74.014214867306308, 40.694847435192429 ], [ -74.014182185694182, 40.694817814305786 ], [ -74.01415256480756, 40.694785132693674 ], [ -74.014126289911687, 40.694749705097742 ], [ -74.014103614048281, 40.69471187270527 ], [ -74.014084755598304, 40.694671999862848 ], [ -74.01406989617891, 40.694630470567716 ], [ -74.014059178894428, 40.694587684769751 ], [ -74.014052706958168, 40.694544054519476 ], [ -74.01405, 40.694488953119972 ], [ -74.01405, 40.693011046880024 ], [ -74.014052706958168, 40.69295594548052 ], [ -74.014059178894428, 40.692912315230245 ], [ -74.01406989617891, 40.692869529432279 ], [ -74.014084755598304, 40.692828000137148 ], [ -74.014103614048281, 40.692788127294726 ], [ -74.014126289911687, 40.692750294902254 ], [ -74.01415256480756, 40.692714867306321 ], [ -74.014182185694182, 40.69268218569421 ], [ -74.014214867306308, 40.692652564807567 ], [ -74.014250294902283, 40.692626289911665 ], [ -74.014288127294677, 40.692603614048323 ], [ -74.014328000137098, 40.69258475559834 ], [ -74.014369529432301, 40.692569896178917 ], [ -74.014412315230317, 40.692559178894427 ], [ -74.014455945480606, 40.692552706958168 ], [ -74.014511046879932, 40.69255 ], [ -74.015988953120058, 40.69255 ], [ -74.016044054519384, 40.692552706958168 ], [ -74.016087684769673, 40.692559178894427 ], [ -74.016130470567688, 40.692569896178917 ], [ -74.016171999862891, 40.69258475559834 ], [ -74.016211872705313, 40.692603614048323 ], [ -74.016249705097707, 40.692626289911665 ], [ -74.016285132693682, 40.692652564807567 ], [ -74.016317814305808, 40.69268218569421 ] ] ], [ [ [ -74.019317814305808, 40.671682185694209 ], [ -74.019347435192429, 40.671714867306321 ], [ -74.019373710088303, 40.671750294902253 ], [ -74.019396385951708, 40.671788127294725 ], [ -74.019415244401685, 40.671828000137147 ], [ -74.01943010382108, 40.671869529432279 ], [ -74.019440821105562, 40.671912315230244 ], [ -74.019447293041821, 40.671955945480519 ], [ -74.01945, 40.672011046880023 ], [ -74.01945, 40.673488953119971 ], [ -74.019447293041821, 40.673544054519475 ], [ -74.019440821105562, 40.67358768476975 ], [ -74.01943010382108, 40.673630470567716 ], [ -74.019415244401685, 40.673671999862847 ], [ -74.019396385951708, 40.673711872705269 ], [ -74.019373710088303, 40.673749705097741 ], [ -74.019347435192429, 40.673785132693673 ], [ -74.019317814305808, 40.673817814305785 ], [ -74.019285132693682, 40.673847435192428 ], [ -74.019249705097707, 40.67387371008833 ], [ -74.019211872705313, 40.673896385951672 ], [ -74.019171999862891, 40.673915244401655 ], [ -74.019130470567688, 40.673930103821078 ], [ -74.019087684769673, 40.673940821105568 ], [ -74.019044054519384, 40.673947293041827 ], [ -74.018988953120058, 40.67395 ], [ -74.016011046879925, 40.67395 ], [ -74.015955945480599, 40.673947293041827 ], [ -74.01591231523031, 40.673940821105568 ], [ -74.015869529432294, 40.673930103821078 ], [ -74.015828000137091, 40.673915244401655 ], [ -74.01578812729467, 40.673896385951672 ], [ -74.015750294902276, 40.67387371008833 ], [ -74.015714867306301, 40.673847435192428 ], [ -74.015682185694175, 40.673817814305785 ], [ -74.015652564807553, 40.673785132693673 ], [ -74.01562628991168, 40.673749705097741 ], [ -74.015603614048274, 40.673711872705269 ], [ -74.015584755598297, 40.673671999862847 ], [ -74.015569896178903, 40.673630470567716 ], [ -74.015559178894421, 40.67358768476975 ], [ -74.015552706958161, 40.673544054519475 ], [ -74.01555, 40.673488953119971 ], [ -74.01555, 40.672011046880023 ], [ -74.015552706958161, 40.671955945480519 ], [ -74.015559178894421, 40.671912315230244 ], [ -74.015569896178903, 40.671869529432279 ], [ -74.015584755598297, 40.671828000137147 ], [ -74.015603614048274, 40.671788127294725 ], [ -74.01562628991168, 40.671750294902253 ], [ -74.015652564807553, 40.671714867306321 ], [ -74.015682185694175, 40.671682185694209 ], [ -74.015714867306301, 40.671652564807566 ], [ -74.015750294902276, 40.671626289911664 ], [ -74.01578812729467, 40.671603614048323 ], [ -74.015828000137091, 40.671584755598339 ], [ -74.015869529432294, 40.671569896178916 ], [ -74.01591231523031, 40.671559178894427 ], [ -74.015955945480599, 40.671552706958167 ], [ -74.016011046879925, 40.67155 ], [ -74.018988953120058, 40.67155 ], [ -74.019044054519384, 40.671552706958167 ], [ -74.019087684769673, 40.671559178894427 ], [ -74.019130470567688, 40.671569896178916 ], [ -74.019171999862891, 40.671584755598339 ], [ -74.019211872705313, 40.671603614048323 ], [ -74.019249705097707, 40.671626289911664 ], [ -74.019285132693682, 40.671652564807566 ], [ -74.019317814305808, 40.671682185694209 ] ] ], [ [ [ -74.017785132693689, 40.710652564807567 ], [ -74.017817814305815, 40.71068218569421 ], [ -74.017847435192436, 40.710714867306322 ], [ -74.01787371008831, 40.710750294902255 ], [ -74.017896385951715, 40.710788127294727 ], [ -74.017915244401692, 40.710828000137148 ], [ -74.017930103821087, 40.71086952943228 ], [ -74.017940821105569, 40.710912315230246 ], [ -74.017947293041829, 40.710955945480521 ], [ -74.01795, 40.711011046880024 ], [ -74.01795, 40.712488953119973 ], [ -74.017947293041829, 40.712544054519476 ], [ -74.017940821105569, 40.712587684769751 ], [ -74.017930103821087, 40.712630470567717 ], [ -74.017915244401692, 40.712671999862849 ], [ -74.017896385951715, 40.71271187270527 ], [ -74.01787371008831, 40.712749705097742 ], [ -74.017847435192436, 40.712785132693675 ], [ -74.017817814305815, 40.712817814305787 ], [ -74.017785132693689, 40.71284743519243 ], [ -74.017749705097714, 40.712873710088331 ], [ -74.01771187270532, 40.712896385951673 ], [ -74.017671999862898, 40.712915244401657 ], [ -74.017630470567696, 40.71293010382108 ], [ -74.01758768476968, 40.712940821105569 ], [ -74.017544054519391, 40.712947293041829 ], [ -74.017488953120065, 40.71295 ], [ -74.016011046879925, 40.71295 ], [ -74.015955945480599, 40.712947293041829 ], [ -74.01591231523031, 40.712940821105569 ], [ -74.015869529432294, 40.71293010382108 ], [ -74.015828000137091, 40.712915244401657 ], [ -74.01578812729467, 40.712896385951673 ], [ -74.015750294902276, 40.712873710088331 ], [ -74.015714867306301, 40.71284743519243 ], [ -74.015682185694175, 40.712817814305787 ], [ -74.015652564807553, 40.712785132693675 ], [ -74.01562628991168, 40.712749705097742 ], [ -74.015603614048274, 40.71271187270527 ], [ -74.015584755598297, 40.712671999862849 ], [ -74.015569896178903, 40.712630470567717 ], [ -74.015559178894421, 40.712587684769751 ], [ -74.015552706958161, 40.712544054519476 ], [ -74.01555, 40.712488953119973 ], [ -74.01555, 40.711011046880024 ], [ -74.015552706958161, 40.710955945480521 ], [ -74.015559178894421, 40.710912315230246 ], [ -74.015569896178903, 40.71086952943228 ], [ -74.015584755598297, 40.710828000137148 ], [ -74.015603614048274, 40.710788127294727 ], [ -74.01562628991168, 40.710750294902255 ], [ -74.015652564807553, 40.710714867306322 ], [ -74.015682185694175, 40.71068218569421 ], [ -74.015714867306301, 40.710652564807567 ], [ -74.015750294902276, 40.710626289911666 ], [ -74.01578812729467, 40.710603614048324 ], [ -74.015828000137091, 40.71058475559834 ], [ -74.015869529432294, 40.710569896178917 ], [ -74.01591231523031, 40.710559178894428 ], [ -74.015955945480599, 40.710552706958168 ], [ -74.016011046879925, 40.71055 ], [ -74.017488953120065, 40.71055 ], [ -74.017544054519391, 40.710552706958168 ], [ -74.01758768476968, 40.710559178894428 ], [ -74.017630470567696, 40.710569896178917 ], [ -74.017671999862898, 40.71058475559834 ], [ -74.01771187270532, 40.710603614048324 ], [ -74.017749705097714, 40.710626289911666 ], [ -74.017785132693689, 40.710652564807567 ] ] ], [ [ [ -74.028317814305808, 40.646182185694215 ], [ -74.02834743519243, 40.646214867306327 ], [ -74.028373710088303, 40.646250294902259 ], [ -74.028396385951709, 40.646288127294731 ], [ -74.028415244401685, 40.646328000137153 ], [ -74.02843010382108, 40.646369529432285 ], [ -74.028440821105562, 40.646412315230251 ], [ -74.028447293041822, 40.646455945480525 ], [ -74.02845, 40.646511046880029 ], [ -74.02845, 40.647988953119977 ], [ -74.028447293041822, 40.648044054519481 ], [ -74.028440821105562, 40.648087684769756 ], [ -74.02843010382108, 40.648130470567722 ], [ -74.028415244401685, 40.648171999862853 ], [ -74.028396385951709, 40.648211872705275 ], [ -74.028373710088303, 40.648249705097747 ], [ -74.02834743519243, 40.64828513269368 ], [ -74.028317814305808, 40.648317814305791 ], [ -74.028285132693682, 40.648347435192434 ], [ -74.028249705097707, 40.648373710088336 ], [ -74.028211872705313, 40.648396385951678 ], [ -74.028171999862892, 40.648415244401662 ], [ -74.028130470567689, 40.648430103821084 ], [ -74.028087684769673, 40.648440821105574 ], [ -74.028044054519384, 40.648447293041833 ], [ -74.027988953120058, 40.64845 ], [ -74.026511046879932, 40.64845 ], [ -74.026455945480606, 40.648447293041833 ], [ -74.026412315230317, 40.648440821105574 ], [ -74.026369529432301, 40.648430103821084 ], [ -74.026328000137099, 40.648415244401662 ], [ -74.026288127294677, 40.648396385951678 ], [ -74.026250294902283, 40.648373710088336 ], [ -74.026214867306308, 40.648347435192434 ], [ -74.026182185694182, 40.648317814305791 ], [ -74.02615256480756, 40.64828513269368 ], [ -74.026126289911687, 40.648249705097747 ], [ -74.026103614048282, 40.648211872705275 ], [ -74.026084755598305, 40.648171999862853 ], [ -74.02606989617891, 40.648130470567722 ], [ -74.026059178894428, 40.648087684769756 ], [ -74.026052706958168, 40.648044054519481 ], [ -74.02605, 40.647988953119977 ], [ -74.02605, 40.646511046880029 ], [ -74.026052706958168, 40.646455945480525 ], [ -74.026059178894428, 40.646412315230251 ], [ -74.02606989617891, 40.646369529432285 ], [ -74.026084755598305, 40.646328000137153 ], [ -74.026103614048282, 40.646288127294731 ], [ -74.026126289911687, 40.646250294902259 ], [ -74.02615256480756, 40.646214867306327 ], [ -74.026182185694182, 40.646182185694215 ], [ -74.026214867306308, 40.646152564807572 ], [ -74.026250294902283, 40.64612628991167 ], [ -74.026288127294677, 40.646103614048329 ], [ -74.026328000137099, 40.646084755598345 ], [ -74.026369529432301, 40.646069896178922 ], [ -74.026412315230317, 40.646059178894433 ], [ -74.026455945480606, 40.646052706958173 ], [ -74.026511046879932, 40.64605 ], [ -74.027988953120058, 40.64605 ], [ -74.028044054519384, 40.646052706958173 ], [ -74.028087684769673, 40.646059178894433 ], [ -74.028130470567689, 40.646069896178922 ], [ -74.028171999862892, 40.646084755598345 ], [ -74.028211872705313, 40.646103614048329 ], [ -74.028249705097707, 40.64612628991167 ], [ -74.028285132693682, 40.646152564807572 ], [ -74.028317814305808, 40.646182185694215 ] ] ], [ [ [ -74.035749705097714, 40.64312628991167 ], [ -74.03578513269369, 40.643152564807572 ], [ -74.035817814305815, 40.643182185694215 ], [ -74.035847435192437, 40.643214867306327 ], [ -74.03587371008831, 40.643250294902259 ], [ -74.035896385951716, 40.643288127294731 ], [ -74.035915244401693, 40.643328000137153 ], [ -74.035930103821087, 40.643369529432285 ], [ -74.035940821105569, 40.64341231523025 ], [ -74.035947293041829, 40.643455945480525 ], [ -74.03595, 40.643511046880029 ], [ -74.03595, 40.644988953119977 ], [ -74.035947293041829, 40.645044054519481 ], [ -74.035940821105569, 40.645087684769756 ], [ -74.035930103821087, 40.645130470567722 ], [ -74.035915244401693, 40.645171999862853 ], [ -74.035896385951716, 40.645211872705275 ], [ -74.03587371008831, 40.645249705097747 ], [ -74.035847435192437, 40.645285132693679 ], [ -74.035817814305815, 40.645317814305791 ], [ -74.03578513269369, 40.645347435192434 ], [ -74.035749705097714, 40.645373710088336 ], [ -74.035711872705321, 40.645396385951678 ], [ -74.035671999862899, 40.645415244401661 ], [ -74.035630470567696, 40.645430103821084 ], [ -74.035587684769681, 40.645440821105574 ], [ -74.035544054519391, 40.645447293041833 ], [ -74.035488953120066, 40.64545 ], [ -74.032511046879932, 40.64545 ], [ -74.032455945480606, 40.645447293041833 ], [ -74.032412315230317, 40.645440821105574 ], [ -74.032369529432302, 40.645430103821084 ], [ -74.032328000137099, 40.645415244401661 ], [ -74.032288127294677, 40.645396385951678 ], [ -74.032250294902283, 40.645373710088336 ], [ -74.032214867306308, 40.645347435192434 ], [ -74.032182185694182, 40.645317814305791 ], [ -74.032152564807561, 40.645285132693679 ], [ -74.032126289911687, 40.645249705097747 ], [ -74.032103614048282, 40.645211872705275 ], [ -74.032084755598305, 40.645171999862853 ], [ -74.032069896178911, 40.645130470567722 ], [ -74.032059178894428, 40.645087684769756 ], [ -74.032052706958169, 40.645044054519481 ], [ -74.03205, 40.644988953119977 ], [ -74.03205, 40.643511046880029 ], [ -74.032052706958169, 40.643455945480525 ], [ -74.032059178894428, 40.64341231523025 ], [ -74.032069896178911, 40.643369529432285 ], [ -74.032084755598305, 40.643328000137153 ], [ -74.032103614048282, 40.643288127294731 ], [ -74.032126289911687, 40.643250294902259 ], [ -74.032152564807561, 40.643214867306327 ], [ -74.032182185694182, 40.643182185694215 ], [ -74.032214867306308, 40.643152564807572 ], [ -74.032250294902283, 40.64312628991167 ], [ -74.032288127294677, 40.643103614048329 ], [ -74.032328000137099, 40.643084755598345 ], [ -74.032369529432302, 40.643069896178922 ], [ -74.032412315230317, 40.643059178894433 ], [ -74.032455945480606, 40.643052706958173 ], [ -74.032511046879932, 40.64305 ], [ -74.035488953120066, 40.64305 ], [ -74.035544054519391, 40.643052706958173 ], [ -74.035587684769681, 40.643059178894433 ], [ -74.035630470567696, 40.643069896178922 ], [ -74.035671999862899, 40.643084755598345 ], [ -74.035711872705321, 40.643103614048329 ], [ -74.035749705097714, 40.64312628991167 ] ] ], [ [ [ -74.043317814305809, 40.70918218569421 ], [ -74.04334743519243, 40.709214867306322 ], [ -74.043373710088304, 40.709250294902255 ], [ -74.043396385951709, 40.709288127294727 ], [ -74.043415244401686, 40.709328000137148 ], [ -74.04343010382108, 40.70936952943228 ], [ -74.043440821105563, 40.709412315230246 ], [ -74.043447293041822, 40.709455945480521 ], [ -74.04345, 40.709511046880024 ], [ -74.04345, 40.710988953119973 ], [ -74.043447293041822, 40.711044054519476 ], [ -74.043440821105563, 40.711087684769751 ], [ -74.04343010382108, 40.711130470567717 ], [ -74.043415244401686, 40.711171999862849 ], [ -74.043396385951709, 40.71121187270527 ], [ -74.043373710088304, 40.711249705097742 ], [ -74.04334743519243, 40.711285132693675 ], [ -74.043317814305809, 40.711317814305787 ], [ -74.043285132693683, 40.71134743519243 ], [ -74.043249705097708, 40.711373710088331 ], [ -74.043211872705314, 40.711396385951673 ], [ -74.043171999862892, 40.711415244401657 ], [ -74.043130470567689, 40.71143010382108 ], [ -74.043087684769674, 40.711440821105569 ], [ -74.043044054519385, 40.711447293041829 ], [ -74.042988953120059, 40.71145 ], [ -74.041511046879933, 40.71145 ], [ -74.041455945480607, 40.711447293041829 ], [ -74.041412315230318, 40.711440821105569 ], [ -74.041369529432302, 40.71143010382108 ], [ -74.041328000137099, 40.711415244401657 ], [ -74.041288127294678, 40.711396385951673 ], [ -74.041250294902284, 40.711373710088331 ], [ -74.041214867306309, 40.71134743519243 ], [ -74.041182185694183, 40.711317814305787 ], [ -74.041152564807561, 40.711285132693675 ], [ -74.041126289911688, 40.711249705097742 ], [ -74.041103614048282, 40.71121187270527 ], [ -74.041084755598305, 40.711171999862849 ], [ -74.041069896178911, 40.711130470567717 ], [ -74.041059178894429, 40.711087684769751 ], [ -74.041052706958169, 40.711044054519476 ], [ -74.04105, 40.710988953119973 ], [ -74.04105, 40.709511046880024 ], [ -74.041052706958169, 40.709455945480521 ], [ -74.041059178894429, 40.709412315230246 ], [ -74.041069896178911, 40.70936952943228 ], [ -74.041084755598305, 40.709328000137148 ], [ -74.041103614048282, 40.709288127294727 ], [ -74.041126289911688, 40.709250294902255 ], [ -74.041152564807561, 40.709214867306322 ], [ -74.041182185694183, 40.70918218569421 ], [ -74.041214867306309, 40.709152564807567 ], [ -74.041250294902284, 40.709126289911666 ], [ -74.041288127294678, 40.709103614048324 ], [ -74.041328000137099, 40.70908475559834 ], [ -74.041369529432302, 40.709069896178917 ], [ -74.041412315230318, 40.709059178894428 ], [ -74.041455945480607, 40.709052706958168 ], [ -74.041511046879933, 40.70905 ], [ -74.042988953120059, 40.70905 ], [ -74.043044054519385, 40.709052706958168 ], [ -74.043087684769674, 40.709059178894428 ], [ -74.043130470567689, 40.709069896178917 ], [ -74.043171999862892, 40.70908475559834 ], [ -74.043211872705314, 40.709103614048324 ], [ -74.043249705097708, 40.709126289911666 ], [ -74.043285132693683, 40.709152564807567 ], [ -74.043317814305809, 40.70918218569421 ] ] ], [ [ [ -74.07331781430581, 40.659682185694216 ], [ -74.073347435192431, 40.659714867306327 ], [ -74.073373710088305, 40.65975029490226 ], [ -74.07339638595171, 40.659788127294732 ], [ -74.073415244401687, 40.659828000137153 ], [ -74.073430103821082, 40.659869529432285 ], [ -74.073440821105564, 40.659912315230251 ], [ -74.073447293041824, 40.659955945480526 ], [ -74.07345, 40.66001104688003 ], [ -74.07345, 40.6606 ], [ -74.073452166872997, 40.660644107713154 ], [ -74.07345864662382, 40.660687790644907 ], [ -74.073469376848919, 40.660730628104766 ], [ -74.073484254210371, 40.660772207544568 ], [ -74.073503135431039, 40.660812128531575 ], [ -74.073525838674456, 40.660850006604861 ], [ -74.073552145295977, 40.660885476977874 ], [ -74.073581801948464, 40.660918198051533 ], [ -74.073614523022115, 40.660947854704013 ], [ -74.073649993395136, 40.660974161325541 ], [ -74.073687871468422, 40.660996864568958 ], [ -74.073727792455429, 40.661015745789634 ], [ -74.073769371895224, 40.661030623151085 ], [ -74.073812209355083, 40.661041353376184 ], [ -74.073855892286844, 40.661047833127007 ], [ -74.0739, 40.66105 ], [ -74.074488953120067, 40.66105 ], [ -74.074544054519393, 40.661052706958174 ], [ -74.074587684769682, 40.661059178894433 ], [ -74.074630470567698, 40.661069896178923 ], [ -74.0746719998629, 40.661084755598345 ], [ -74.074711872705322, 40.661103614048329 ], [ -74.074749705097716, 40.661126289911671 ], [ -74.074785132693691, 40.661152564807573 ], [ -74.074817814305817, 40.661182185694216 ], [ -74.074847435192439, 40.661214867306327 ], [ -74.074873710088312, 40.66125029490226 ], [ -74.074896385951718, 40.661288127294732 ], [ -74.074915244401694, 40.661328000137154 ], [ -74.074930103821089, 40.661369529432285 ], [ -74.074940821105571, 40.661412315230251 ], [ -74.074947293041831, 40.661455945480526 ], [ -74.07495, 40.66151104688003 ], [ -74.07495, 40.662988953119978 ], [ -74.074947293041831, 40.663044054519482 ], [ -74.074940821105571, 40.663087684769756 ], [ -74.074930103821089, 40.663130470567722 ], [ -74.074915244401694, 40.663171999862854 ], [ -74.074896385951718, 40.663211872705276 ], [ -74.074873710088312, 40.663249705097748 ], [ -74.074847435192439, 40.66328513269368 ], [ -74.074817814305817, 40.663317814305792 ], [ -74.074785132693691, 40.663347435192435 ], [ -74.074749705097716, 40.663373710088337 ], [ -74.074711872705322, 40.663396385951678 ], [ -74.0746719998629, 40.663415244401662 ], [ -74.074630470567698, 40.663430103821085 ], [ -74.074587684769682, 40.663440821105574 ], [ -74.074544054519393, 40.663447293041834 ], [ -74.074488953120067, 40.66345 ], [ -74.0739, 40.66345 ], [ -74.073855892286844, 40.663452166873 ], [ -74.073812209355083, 40.663458646623823 ], [ -74.073769371895224, 40.663469376848923 ], [ -74.073727792455429, 40.663484254210374 ], [ -74.073687871468422, 40.66350313543105 ], [ -74.073649993395136, 40.663525838674467 ], [ -74.073614523022115, 40.663552145295995 ], [ -74.073581801948464, 40.663581801948474 ], [ -74.073552145295977, 40.663614523022133 ], [ -74.073525838674456, 40.663649993395147 ], [ -74.073503135431039, 40.663687871468433 ], [ -74.073484254210371, 40.66372779245544 ], [ -74.073469376848919, 40.663769371895242 ], [ -74.07345864662382, 40.6638122093551 ], [ -74.073452166872997, 40.663855892286854 ], [ -74.07345, 40.6639 ], [ -74.07345, 40.664488953119971 ], [ -74.073447293041824, 40.664544054519475 ], [ -74.073440821105564, 40.664587684769749 ], [ -74.073430103821082, 40.664630470567715 ], [ -74.073415244401687, 40.664671999862847 ], [ -74.07339638595171, 40.664711872705269 ], [ -74.073373710088305, 40.664749705097741 ], [ -74.073347435192431, 40.664785132693673 ], [ -74.07331781430581, 40.664817814305785 ], [ -74.073285132693684, 40.664847435192428 ], [ -74.073249705097709, 40.66487371008833 ], [ -74.073211872705315, 40.664896385951671 ], [ -74.073171999862893, 40.664915244401655 ], [ -74.073130470567691, 40.664930103821078 ], [ -74.073087684769675, 40.664940821105567 ], [ -74.073044054519386, 40.664947293041827 ], [ -74.07298895312006, 40.66495 ], [ -74.0724, 40.66495 ], [ -74.072355892286851, 40.664952166872993 ], [ -74.07231220935509, 40.664958646623816 ], [ -74.072269371895231, 40.664969376848916 ], [ -74.072227792455436, 40.664984254210367 ], [ -74.072187871468429, 40.665003135431043 ], [ -74.072149993395143, 40.66502583867446 ], [ -74.072114523022123, 40.665052145295988 ], [ -74.072081801948471, 40.665081801948467 ], [ -74.072052145295984, 40.665114523022126 ], [ -74.072025838674463, 40.66514999339514 ], [ -74.072003135431046, 40.665187871468426 ], [ -74.071984254210378, 40.665227792455433 ], [ -74.071969376848926, 40.665269371895235 ], [ -74.071958646623827, 40.665312209355093 ], [ -74.071952166873004, 40.665355892286847 ], [ -74.07195, 40.6654 ], [ -74.07195, 40.667488953119971 ], [ -74.071947293041831, 40.667544054519475 ], [ -74.071940821105571, 40.66758768476975 ], [ -74.071930103821089, 40.667630470567715 ], [ -74.071915244401694, 40.667671999862847 ], [ -74.071896385951717, 40.667711872705269 ], [ -74.071873710088312, 40.667749705097741 ], [ -74.071847435192439, 40.667785132693673 ], [ -74.071817814305817, 40.667817814305785 ], [ -74.071785132693691, 40.667847435192428 ], [ -74.071749705097716, 40.66787371008833 ], [ -74.071711872705322, 40.667896385951671 ], [ -74.0716719998629, 40.667915244401655 ], [ -74.071630470567698, 40.667930103821078 ], [ -74.071587684769682, 40.667940821105567 ], [ -74.071544054519393, 40.667947293041827 ], [ -74.071488953120067, 40.66795 ], [ -74.070011046879927, 40.66795 ], [ -74.069955945480601, 40.667947293041827 ], [ -74.069912315230312, 40.667940821105567 ], [ -74.069869529432296, 40.667930103821078 ], [ -74.069828000137093, 40.667915244401655 ], [ -74.069788127294672, 40.667896385951671 ], [ -74.069750294902278, 40.66787371008833 ], [ -74.069714867306303, 40.667847435192428 ], [ -74.069682185694177, 40.667817814305785 ], [ -74.069652564807555, 40.667785132693673 ], [ -74.069626289911682, 40.667749705097741 ], [ -74.069603614048276, 40.667711872705269 ], [ -74.069584755598299, 40.667671999862847 ], [ -74.069569896178905, 40.667630470567715 ], [ -74.069559178894423, 40.66758768476975 ], [ -74.069552706958163, 40.667544054519475 ], [ -74.06955, 40.667488953119971 ], [ -74.06955, 40.664511046880023 ], [ -74.069552706958163, 40.664455945480519 ], [ -74.069559178894423, 40.664412315230244 ], [ -74.069569896178905, 40.664369529432278 ], [ -74.069584755598299, 40.664328000137147 ], [ -74.069603614048276, 40.664288127294725 ], [ -74.069626289911682, 40.664250294902253 ], [ -74.069652564807555, 40.66421486730632 ], [ -74.069682185694177, 40.664182185694209 ], [ -74.069714867306303, 40.664152564807566 ], [ -74.069750294902278, 40.664126289911664 ], [ -74.069788127294672, 40.664103614048322 ], [ -74.069828000137093, 40.664084755598338 ], [ -74.069869529432296, 40.664069896178916 ], [ -74.069912315230312, 40.664059178894426 ], [ -74.069955945480601, 40.664052706958167 ], [ -74.070011046879927, 40.66405 ], [ -74.0706, 40.66405 ], [ -74.07064410771315, 40.664047833127 ], [ -74.070687790644911, 40.664041353376177 ], [ -74.070730628104769, 40.664030623151078 ], [ -74.070772207544564, 40.664015745789627 ], [ -74.070812128531571, 40.663996864568951 ], [ -74.070850006604857, 40.663974161325534 ], [ -74.070885476977878, 40.663947854704006 ], [ -74.07091819805153, 40.663918198051526 ], [ -74.070947854704016, 40.663885476977867 ], [ -74.070974161325537, 40.663850006604854 ], [ -74.070996864568954, 40.663812128531568 ], [ -74.071015745789623, 40.663772207544561 ], [ -74.071030623151074, 40.663730628104759 ], [ -74.071041353376174, 40.6636877906449 ], [ -74.071047833126997, 40.663644107713147 ], [ -74.07105, 40.6636 ], [ -74.07105, 40.6624 ], [ -74.071047833126997, 40.662355892286854 ], [ -74.071041353376174, 40.6623122093551 ], [ -74.071030623151074, 40.662269371895242 ], [ -74.071015745789623, 40.66222779245544 ], [ -74.070996864568954, 40.662187871468433 ], [ -74.070974161325537, 40.662149993395147 ], [ -74.070947854704016, 40.662114523022133 ], [ -74.07091819805153, 40.662081801948474 ], [ -74.070885476977878, 40.662052145295995 ], [ -74.070850006604857, 40.662025838674467 ], [ -74.070812128531571, 40.66200313543105 ], [ -74.070772207544564, 40.661984254210374 ], [ -74.070730628104769, 40.661969376848923 ], [ -74.070687790644911, 40.661958646623823 ], [ -74.070656715749266, 40.661954037098489 ], [ -74.070927223876524, 40.661811906355041 ], [ -74.071263936841746, 40.661588998441502 ], [ -74.071576459509274, 40.661333277614929 ], [ -74.071861606812973, 40.661047350047063 ], [ -74.072116472681941, 40.66073412976084 ], [ -74.072984451095707, 40.65955 ], [ -74.07298895312006, 40.65955 ], [ -74.073044054519386, 40.659552706958173 ], [ -74.073087684769675, 40.659559178894433 ], [ -74.073130470567691, 40.659569896178922 ], [ -74.073171999862893, 40.659584755598345 ], [ -74.073211872705315, 40.659603614048329 ], [ -74.073249705097709, 40.659626289911671 ], [ -74.073285132693684, 40.659652564807573 ], [ -74.07331781430581, 40.659682185694216 ] ] ], [ [ [ -74.071817814305817, 40.673182185694209 ], [ -74.071847435192439, 40.673214867306321 ], [ -74.071873710088312, 40.673250294902253 ], [ -74.071896385951717, 40.673288127294725 ], [ -74.071915244401694, 40.673328000137147 ], [ -74.071930103821089, 40.673369529432279 ], [ -74.071940821105571, 40.673412315230244 ], [ -74.071947293041831, 40.673455945480519 ], [ -74.07195, 40.673511046880023 ], [ -74.07195, 40.674330616391948 ], [ -74.071952077595924, 40.674373808056927 ], [ -74.071958291199664, 40.674416600900457 ], [ -74.071968583436302, 40.674458599783698 ], [ -74.071982859269795, 40.67449941689906 ], [ -74.072000986880525, 40.674538675351116 ], [ -74.0720227988825, 40.674576012636749 ], [ -74.072048093868943, 40.674611083992431 ], [ -74.072076638272009, 40.674643565577711 ], [ -74.072108168519549, 40.674673157465428 ], [ -74.072142393468837, 40.674699586411194 ], [ -74.072178997094923, 40.674722608376491 ], [ -74.072217641408713, 40.674742010782019 ], [ -74.072257969577905, 40.674757614470629 ], [ -74.072299609221872, 40.674769275361612 ], [ -74.072342175850167, 40.6747768857811 ], [ -74.07238527641276, 40.674780375456315 ], [ -74.072428512929406, 40.674779712164423 ], [ -74.072471486164531, 40.674774902030116 ], [ -74.072513799313583, 40.674765989469009 ], [ -74.072555061667131, 40.674753056777547 ], [ -74.072594892218518, 40.674736223373102 ], [ -74.072632923181999, 40.67471564469129 ], [ -74.072668803388794, 40.674691510750691 ], [ -74.072702201529708, 40.674664044398334 ], [ -74.072714867306317, 40.674652564807566 ], [ -74.072750294902278, 40.674626289911664 ], [ -74.072788127294672, 40.674603614048323 ], [ -74.072828000137093, 40.674584755598339 ], [ -74.072869529432296, 40.674569896178916 ], [ -74.072912315230312, 40.674559178894427 ], [ -74.072955945480601, 40.674552706958167 ], [ -74.073011046879927, 40.67455 ], [ -74.07598895312006, 40.67455 ], [ -74.076044054519386, 40.674552706958167 ], [ -74.076087684769675, 40.674559178894427 ], [ -74.076130470567691, 40.674569896178916 ], [ -74.076171999862893, 40.674584755598339 ], [ -74.076211872705315, 40.674603614048323 ], [ -74.076249705097709, 40.674626289911664 ], [ -74.076285132693684, 40.674652564807566 ], [ -74.07631781430581, 40.674682185694209 ], [ -74.076347435192432, 40.674714867306321 ], [ -74.076373710088305, 40.674750294902253 ], [ -74.07639638595171, 40.674788127294725 ], [ -74.076415244401687, 40.674828000137147 ], [ -74.076430103821082, 40.674869529432279 ], [ -74.076440821105564, 40.674912315230245 ], [ -74.076447293041824, 40.674955945480519 ], [ -74.07645, 40.675011046880023 ], [ -74.07645, 40.677988953119971 ], [ -74.076447293041824, 40.678044054519475 ], [ -74.076440821105564, 40.67808768476975 ], [ -74.076430103821082, 40.678130470567716 ], [ -74.076415244401687, 40.678171999862847 ], [ -74.07639638595171, 40.678211872705269 ], [ -74.076373710088305, 40.678249705097741 ], [ -74.076347435192432, 40.678285132693674 ], [ -74.07631781430581, 40.678317814305785 ], [ -74.076285132693684, 40.678347435192428 ], [ -74.076249705097709, 40.67837371008833 ], [ -74.076211872705315, 40.678396385951672 ], [ -74.076171999862893, 40.678415244401656 ], [ -74.076130470567691, 40.678430103821078 ], [ -74.076087684769675, 40.678440821105568 ], [ -74.076044054519386, 40.678447293041827 ], [ -74.07598895312006, 40.67845 ], [ -74.074511046879934, 40.67845 ], [ -74.074455945480608, 40.678447293041827 ], [ -74.074412315230319, 40.678440821105568 ], [ -74.074369529432303, 40.678430103821078 ], [ -74.074328000137101, 40.678415244401656 ], [ -74.074288127294679, 40.678396385951672 ], [ -74.074250294902285, 40.67837371008833 ], [ -74.07421486730631, 40.678347435192428 ], [ -74.074182185694184, 40.678317814305785 ], [ -74.074152564807562, 40.678285132693674 ], [ -74.074126289911689, 40.678249705097741 ], [ -74.074103614048283, 40.678211872705269 ], [ -74.074084755598307, 40.678171999862847 ], [ -74.074069896178912, 40.678130470567716 ], [ -74.07405917889443, 40.67808768476975 ], [ -74.07405270695817, 40.678044054519475 ], [ -74.07405, 40.677988953119971 ], [ -74.07405, 40.6774 ], [ -74.074047833126997, 40.677355892286847 ], [ -74.074041353376174, 40.677312209355094 ], [ -74.074030623151074, 40.677269371895235 ], [ -74.074015745789623, 40.677227792455433 ], [ -74.073996864568954, 40.677187871468426 ], [ -74.073974161325538, 40.67714999339514 ], [ -74.073947854704016, 40.677114523022126 ], [ -74.07391819805153, 40.677081801948468 ], [ -74.073885476977878, 40.677052145295988 ], [ -74.073850006604857, 40.67702583867446 ], [ -74.073812128531571, 40.677003135431043 ], [ -74.073772207544565, 40.676984254210367 ], [ -74.073730628104769, 40.676969376848916 ], [ -74.073687790644911, 40.676958646623817 ], [ -74.07364410771315, 40.676952166872994 ], [ -74.0736, 40.67695 ], [ -74.073011046879927, 40.67695 ], [ -74.072955945480601, 40.676947293041827 ], [ -74.072912315230312, 40.676940821105568 ], [ -74.072869529432296, 40.676930103821078 ], [ -74.072828000137093, 40.676915244401656 ], [ -74.072788127294672, 40.676896385951672 ], [ -74.072750294902278, 40.67687371008833 ], [ -74.072714867306303, 40.676847435192428 ], [ -74.072682185694177, 40.676817814305785 ], [ -74.072652564807555, 40.676785132693674 ], [ -74.072626289911682, 40.676749705097741 ], [ -74.072603614048276, 40.676711872705269 ], [ -74.072584755598299, 40.676671999862847 ], [ -74.072569896178905, 40.676630470567716 ], [ -74.072559178894423, 40.67658768476975 ], [ -74.072552706958163, 40.676544054519475 ], [ -74.07255, 40.676488953119971 ], [ -74.07255, 40.675669383608046 ], [ -74.07254792240407, 40.675626191943067 ], [ -74.07254170880033, 40.675583399099537 ], [ -74.072531416563692, 40.675541400216296 ], [ -74.072517140730199, 40.675500583100934 ], [ -74.072499013119469, 40.675461324648879 ], [ -74.072477201117493, 40.675423987363246 ], [ -74.07245190613105, 40.675388916007563 ], [ -74.072423361727985, 40.675356434422284 ], [ -74.072391831480445, 40.675326842534567 ], [ -74.072357606531156, 40.675300413588801 ], [ -74.07232100290507, 40.675277391623503 ], [ -74.072282358591281, 40.675257989217975 ], [ -74.072242030422089, 40.675242385529366 ], [ -74.072200390778121, 40.675230724638382 ], [ -74.072157824149826, 40.675223114218895 ], [ -74.072114723587234, 40.675219624543679 ], [ -74.072071487070588, 40.675220287835572 ], [ -74.072028513835463, 40.675225097969879 ], [ -74.07198620068641, 40.675234010530986 ], [ -74.071944938332862, 40.675246943222447 ], [ -74.071905107781475, 40.675263776626892 ], [ -74.071867076817995, 40.675284355308705 ], [ -74.0718311966112, 40.675308489249304 ], [ -74.071797798470286, 40.67533595560166 ], [ -74.071785132693677, 40.675347435192428 ], [ -74.071749705097716, 40.67537371008833 ], [ -74.071711872705322, 40.675396385951672 ], [ -74.0716719998629, 40.675415244401655 ], [ -74.071630470567698, 40.675430103821078 ], [ -74.071587684769682, 40.675440821105568 ], [ -74.071544054519393, 40.675447293041827 ], [ -74.071488953120067, 40.67545 ], [ -74.070011046879927, 40.67545 ], [ -74.069955945480601, 40.675447293041827 ], [ -74.069912315230312, 40.675440821105568 ], [ -74.069869529432296, 40.675430103821078 ], [ -74.069828000137093, 40.675415244401655 ], [ -74.069788127294672, 40.675396385951672 ], [ -74.069750294902278, 40.67537371008833 ], [ -74.069714867306303, 40.675347435192428 ], [ -74.069682185694177, 40.675317814305785 ], [ -74.069652564807555, 40.675285132693674 ], [ -74.069626289911682, 40.675249705097741 ], [ -74.069603614048276, 40.675211872705269 ], [ -74.069584755598299, 40.675171999862847 ], [ -74.069569896178905, 40.675130470567716 ], [ -74.069559178894423, 40.67508768476975 ], [ -74.069552706958163, 40.675044054519475 ], [ -74.06955, 40.674988953119971 ], [ -74.06955, 40.673511046880023 ], [ -74.069552706958163, 40.673455945480519 ], [ -74.069559178894423, 40.673412315230244 ], [ -74.069569896178905, 40.673369529432279 ], [ -74.069584755598299, 40.673328000137147 ], [ -74.069603614048276, 40.673288127294725 ], [ -74.069626289911682, 40.673250294902253 ], [ -74.069652564807555, 40.673214867306321 ], [ -74.069682185694177, 40.673182185694209 ], [ -74.069714867306303, 40.673152564807566 ], [ -74.069750294902278, 40.673126289911664 ], [ -74.069788127294672, 40.673103614048323 ], [ -74.069828000137093, 40.673084755598339 ], [ -74.069869529432296, 40.673069896178916 ], [ -74.069912315230312, 40.673059178894427 ], [ -74.069955945480601, 40.673052706958167 ], [ -74.070011046879927, 40.67305 ], [ -74.071488953120067, 40.67305 ], [ -74.071544054519393, 40.673052706958167 ], [ -74.071587684769682, 40.673059178894427 ], [ -74.071630470567698, 40.673069896178916 ], [ -74.0716719998629, 40.673084755598339 ], [ -74.071711872705322, 40.673103614048323 ], [ -74.071749705097716, 40.673126289911664 ], [ -74.071785132693691, 40.673152564807566 ], [ -74.071817814305817, 40.673182185694209 ] ] ], [ [ [ -74.074488953120067, 40.63555 ], [ -74.074544054519393, 40.635552706958173 ], [ -74.074587684769682, 40.635559178894432 ], [ -74.074630470567698, 40.635569896178922 ], [ -74.0746719998629, 40.635584755598344 ], [ -74.074711872705322, 40.635603614048328 ], [ -74.074749705097716, 40.63562628991167 ], [ -74.074785132693691, 40.635652564807572 ], [ -74.074817814305817, 40.635682185694215 ], [ -74.074847435192439, 40.635714867306326 ], [ -74.074873710088312, 40.635750294902259 ], [ -74.074896385951718, 40.635788127294731 ], [ -74.074915244401694, 40.635828000137153 ], [ -74.074930103821089, 40.635869529432284 ], [ -74.074940821105571, 40.63591231523025 ], [ -74.074947293041831, 40.635955945480525 ], [ -74.07495, 40.636011046880029 ], [ -74.07495, 40.637488953119977 ], [ -74.074947293041831, 40.637544054519481 ], [ -74.074940821105571, 40.637587684769755 ], [ -74.074930103821089, 40.637630470567721 ], [ -74.074915244401694, 40.637671999862853 ], [ -74.074896385951718, 40.637711872705275 ], [ -74.074873710088312, 40.637749705097747 ], [ -74.074847435192439, 40.637785132693679 ], [ -74.074817814305817, 40.637817814305791 ], [ -74.074785132693691, 40.637847435192434 ], [ -74.074749705097716, 40.637873710088336 ], [ -74.074711872705322, 40.637896385951677 ], [ -74.0746719998629, 40.637915244401661 ], [ -74.074630470567698, 40.637930103821084 ], [ -74.074587684769682, 40.637940821105573 ], [ -74.074544054519393, 40.637947293041833 ], [ -74.074488953120067, 40.63795 ], [ -74.073636149853868, 40.63795 ], [ -74.07327752889509, 40.63555 ], [ -74.074488953120067, 40.63555 ] ] ], [ [ [ -74.074817814305817, 40.682182185694209 ], [ -74.074847435192439, 40.682214867306321 ], [ -74.074873710088312, 40.682250294902254 ], [ -74.074896385951718, 40.682288127294726 ], [ -74.074915244401694, 40.682328000137147 ], [ -74.074930103821089, 40.682369529432279 ], [ -74.074940821105571, 40.682412315230245 ], [ -74.074947293041831, 40.68245594548052 ], [ -74.07495, 40.682511046880023 ], [ -74.07495, 40.683988953119972 ], [ -74.074947293041831, 40.684044054519475 ], [ -74.074940821105571, 40.68408768476975 ], [ -74.074930103821089, 40.684130470567716 ], [ -74.074915244401694, 40.684171999862848 ], [ -74.074896385951718, 40.684211872705269 ], [ -74.074873710088312, 40.684249705097741 ], [ -74.074847435192439, 40.684285132693674 ], [ -74.074817814305817, 40.684317814305786 ], [ -74.074785132693691, 40.684347435192429 ], [ -74.074749705097716, 40.68437371008833 ], [ -74.074711872705322, 40.684396385951672 ], [ -74.0746719998629, 40.684415244401656 ], [ -74.074630470567698, 40.684430103821079 ], [ -74.074587684769682, 40.684440821105568 ], [ -74.074544054519393, 40.684447293041828 ], [ -74.074488953120067, 40.68445 ], [ -74.073011046879927, 40.68445 ], [ -74.072955945480601, 40.684447293041828 ], [ -74.072912315230312, 40.684440821105568 ], [ -74.072869529432296, 40.684430103821079 ], [ -74.072828000137093, 40.684415244401656 ], [ -74.072788127294672, 40.684396385951672 ], [ -74.072750294902278, 40.68437371008833 ], [ -74.072714867306303, 40.684347435192429 ], [ -74.072682185694177, 40.684317814305786 ], [ -74.072652564807555, 40.684285132693674 ], [ -74.072626289911682, 40.684249705097741 ], [ -74.072603614048276, 40.684211872705269 ], [ -74.072584755598299, 40.684171999862848 ], [ -74.072569896178905, 40.684130470567716 ], [ -74.072559178894423, 40.68408768476975 ], [ -74.072552706958163, 40.684044054519475 ], [ -74.07255, 40.683988953119972 ], [ -74.07255, 40.682511046880023 ], [ -74.072552706958163, 40.68245594548052 ], [ -74.072559178894423, 40.682412315230245 ], [ -74.072569896178905, 40.682369529432279 ], [ -74.072584755598299, 40.682328000137147 ], [ -74.072603614048276, 40.682288127294726 ], [ -74.072626289911682, 40.682250294902254 ], [ -74.072652564807555, 40.682214867306321 ], [ -74.072682185694177, 40.682182185694209 ], [ -74.072714867306303, 40.682152564807566 ], [ -74.072750294902278, 40.682126289911665 ], [ -74.072788127294672, 40.682103614048323 ], [ -74.072828000137093, 40.682084755598339 ], [ -74.072869529432296, 40.682069896178916 ], [ -74.072912315230312, 40.682059178894427 ], [ -74.072955945480601, 40.682052706958167 ], [ -74.073011046879927, 40.68205 ], [ -74.074488953120067, 40.68205 ], [ -74.074544054519393, 40.682052706958167 ], [ -74.074587684769682, 40.682059178894427 ], [ -74.074630470567698, 40.682069896178916 ], [ -74.0746719998629, 40.682084755598339 ], [ -74.074711872705322, 40.682103614048323 ], [ -74.074749705097716, 40.682126289911665 ], [ -74.074785132693691, 40.682152564807566 ], [ -74.074817814305817, 40.682182185694209 ] ] ], [ [ [ -74.079285132693684, 40.668652564807566 ], [ -74.07931781430581, 40.668682185694209 ], [ -74.079347435192432, 40.668714867306321 ], [ -74.079373710088305, 40.668750294902253 ], [ -74.079396385951711, 40.668788127294725 ], [ -74.079415244401687, 40.668828000137147 ], [ -74.079430103821082, 40.668869529432278 ], [ -74.079440821105564, 40.668912315230244 ], [ -74.079447293041824, 40.668955945480519 ], [ -74.07945, 40.669011046880023 ], [ -74.07945, 40.6696 ], [ -74.079452166872997, 40.669644107713147 ], [ -74.07945864662382, 40.6696877906449 ], [ -74.07946937684892, 40.669730628104759 ], [ -74.079484254210371, 40.669772207544561 ], [ -74.07950313543104, 40.669812128531568 ], [ -74.079525838674456, 40.669850006604854 ], [ -74.079552145295978, 40.669885476977868 ], [ -74.079581801948464, 40.669918198051526 ], [ -74.079614523022116, 40.669947854704006 ], [ -74.079649993395137, 40.669974161325534 ], [ -74.079687871468423, 40.669996864568951 ], [ -74.079727792455429, 40.670015745789627 ], [ -74.079769371895225, 40.670030623151078 ], [ -74.079812209355083, 40.670041353376178 ], [ -74.079855892286844, 40.670047833127001 ], [ -74.0799, 40.67005 ], [ -74.0811, 40.67005 ], [ -74.081144107713143, 40.670047833127001 ], [ -74.081187790644904, 40.670041353376178 ], [ -74.081230628104763, 40.670030623151078 ], [ -74.081272207544558, 40.670015745789627 ], [ -74.081312128531565, 40.669996864568951 ], [ -74.08135000660485, 40.669974161325534 ], [ -74.081385476977871, 40.669947854704006 ], [ -74.081418198051523, 40.669918198051526 ], [ -74.08144785470401, 40.669885476977868 ], [ -74.081474161325531, 40.669850006604854 ], [ -74.081496864568948, 40.669812128531568 ], [ -74.081515745789616, 40.669772207544561 ], [ -74.081530623151068, 40.669730628104759 ], [ -74.081541353376167, 40.6696877906449 ], [ -74.08154783312699, 40.669644107713147 ], [ -74.08155, 40.6696 ], [ -74.08155, 40.669011046880023 ], [ -74.081552706958163, 40.668955945480519 ], [ -74.081559178894423, 40.668912315230244 ], [ -74.081569896178905, 40.668869529432278 ], [ -74.0815847555983, 40.668828000137147 ], [ -74.081603614048277, 40.668788127294725 ], [ -74.081626289911682, 40.668750294902253 ], [ -74.081652564807555, 40.668714867306321 ], [ -74.081682185694177, 40.668682185694209 ], [ -74.081714867306303, 40.668652564807566 ], [ -74.081750294902278, 40.668626289911664 ], [ -74.081788127294672, 40.668603614048322 ], [ -74.081828000137094, 40.668584755598339 ], [ -74.081869529432296, 40.668569896178916 ], [ -74.081912315230312, 40.668559178894427 ], [ -74.081955945480601, 40.668552706958167 ], [ -74.082011046879927, 40.66855 ], [ -74.083488953120067, 40.66855 ], [ -74.083544054519393, 40.668552706958167 ], [ -74.083587684769682, 40.668559178894427 ], [ -74.083630470567698, 40.668569896178916 ], [ -74.083671999862901, 40.668584755598339 ], [ -74.083711872705322, 40.668603614048322 ], [ -74.083749705097716, 40.668626289911664 ], [ -74.083785132693691, 40.668652564807566 ], [ -74.083817814305817, 40.668682185694209 ], [ -74.083847435192439, 40.668714867306321 ], [ -74.083873710088312, 40.668750294902253 ], [ -74.083896385951718, 40.668788127294725 ], [ -74.083915244401695, 40.668828000137147 ], [ -74.083930103821089, 40.668869529432278 ], [ -74.083940821105571, 40.668912315230244 ], [ -74.083947293041831, 40.668955945480519 ], [ -74.08395, 40.669011046880023 ], [ -74.08395, 40.6711 ], [ -74.083952166873004, 40.671144107713147 ], [ -74.083958646623827, 40.6711877906449 ], [ -74.083969376848927, 40.671230628104759 ], [ -74.083984254210378, 40.671272207544561 ], [ -74.084003135431047, 40.671312128531568 ], [ -74.084025838674464, 40.671350006604854 ], [ -74.084052145295985, 40.671385476977868 ], [ -74.084081801948471, 40.671418198051526 ], [ -74.084114523022123, 40.671447854704006 ], [ -74.084149993395144, 40.671474161325534 ], [ -74.08418787146843, 40.671496864568951 ], [ -74.084227792455437, 40.671515745789627 ], [ -74.084269371895232, 40.671530623151078 ], [ -74.08431220935509, 40.671541353376178 ], [ -74.084355892286851, 40.671547833127001 ], [ -74.0844, 40.67155 ], [ -74.086488953120067, 40.67155 ], [ -74.086544054519393, 40.671552706958167 ], [ -74.086587684769682, 40.671559178894427 ], [ -74.086630470567698, 40.671569896178916 ], [ -74.086671999862901, 40.671584755598339 ], [ -74.086711872705322, 40.671603614048323 ], [ -74.086749705097716, 40.671626289911664 ], [ -74.086785132693691, 40.671652564807566 ], [ -74.086817814305817, 40.671682185694209 ], [ -74.086847435192439, 40.671714867306321 ], [ -74.086873710088312, 40.671750294902253 ], [ -74.086896385951718, 40.671788127294725 ], [ -74.086915244401695, 40.671828000137147 ], [ -74.086930103821089, 40.671869529432279 ], [ -74.086940821105571, 40.671912315230244 ], [ -74.086947293041831, 40.671955945480519 ], [ -74.08695, 40.672011046880023 ], [ -74.08695, 40.673488953119971 ], [ -74.086947293041831, 40.673544054519475 ], [ -74.086940821105571, 40.67358768476975 ], [ -74.086930103821089, 40.673630470567716 ], [ -74.086915244401695, 40.673671999862847 ], [ -74.086896385951718, 40.673711872705269 ], [ -74.086873710088312, 40.673749705097741 ], [ -74.086847435192439, 40.673785132693673 ], [ -74.086817814305817, 40.673817814305785 ], [ -74.086785132693691, 40.673847435192428 ], [ -74.086749705097716, 40.67387371008833 ], [ -74.086711872705322, 40.673896385951672 ], [ -74.086671999862901, 40.673915244401655 ], [ -74.086630470567698, 40.673930103821078 ], [ -74.086587684769682, 40.673940821105568 ], [ -74.086544054519393, 40.673947293041827 ], [ -74.086488953120067, 40.67395 ], [ -74.082011046879927, 40.67395 ], [ -74.081955945480601, 40.673947293041827 ], [ -74.081912315230312, 40.673940821105568 ], [ -74.081869529432296, 40.673930103821078 ], [ -74.081828000137094, 40.673915244401655 ], [ -74.081788127294672, 40.673896385951672 ], [ -74.081750294902278, 40.67387371008833 ], [ -74.081714867306303, 40.673847435192428 ], [ -74.081682185694177, 40.673817814305785 ], [ -74.081652564807555, 40.673785132693673 ], [ -74.081626289911682, 40.673749705097741 ], [ -74.081603614048277, 40.673711872705269 ], [ -74.0815847555983, 40.673671999862847 ], [ -74.081569896178905, 40.673630470567716 ], [ -74.081559178894423, 40.67358768476975 ], [ -74.081552706958163, 40.673544054519475 ], [ -74.08155, 40.673488953119971 ], [ -74.08155, 40.6729 ], [ -74.08154783312699, 40.672855892286847 ], [ -74.081541353376167, 40.672812209355094 ], [ -74.081530623151068, 40.672769371895235 ], [ -74.081515745789616, 40.672727792455433 ], [ -74.081496864568948, 40.672687871468426 ], [ -74.081474161325531, 40.67264999339514 ], [ -74.08144785470401, 40.672614523022126 ], [ -74.081418198051523, 40.672581801948468 ], [ -74.081385476977871, 40.672552145295988 ], [ -74.08135000660485, 40.67252583867446 ], [ -74.081312128531565, 40.672503135431043 ], [ -74.081272207544558, 40.672484254210367 ], [ -74.081230628104763, 40.672469376848916 ], [ -74.081187790644904, 40.672458646623816 ], [ -74.081144107713143, 40.672452166872993 ], [ -74.0811, 40.67245 ], [ -74.077511046879934, 40.67245 ], [ -74.077455945480608, 40.672447293041827 ], [ -74.077412315230319, 40.672440821105567 ], [ -74.077369529432303, 40.672430103821078 ], [ -74.077328000137101, 40.672415244401655 ], [ -74.077288127294679, 40.672396385951672 ], [ -74.077250294902285, 40.67237371008833 ], [ -74.07721486730631, 40.672347435192428 ], [ -74.077182185694184, 40.672317814305785 ], [ -74.077152564807562, 40.672285132693673 ], [ -74.077126289911689, 40.672249705097741 ], [ -74.077103614048283, 40.672211872705269 ], [ -74.077084755598307, 40.672171999862847 ], [ -74.077069896178912, 40.672130470567716 ], [ -74.07705917889443, 40.67208768476975 ], [ -74.07705270695817, 40.672044054519475 ], [ -74.07705, 40.671988953119971 ], [ -74.07705, 40.669011046880023 ], [ -74.07705270695817, 40.668955945480519 ], [ -74.07705917889443, 40.668912315230244 ], [ -74.077069896178912, 40.668869529432278 ], [ -74.077084755598307, 40.668828000137147 ], [ -74.077103614048283, 40.668788127294725 ], [ -74.077126289911689, 40.668750294902253 ], [ -74.077152564807562, 40.668714867306321 ], [ -74.077182185694184, 40.668682185694209 ], [ -74.07721486730631, 40.668652564807566 ], [ -74.077250294902285, 40.668626289911664 ], [ -74.077288127294679, 40.668603614048322 ], [ -74.077328000137101, 40.668584755598339 ], [ -74.077369529432303, 40.668569896178916 ], [ -74.077412315230319, 40.668559178894427 ], [ -74.077455945480608, 40.668552706958167 ], [ -74.077511046879934, 40.66855 ], [ -74.07898895312006, 40.66855 ], [ -74.079044054519386, 40.668552706958167 ], [ -74.079087684769675, 40.668559178894427 ], [ -74.079130470567691, 40.668569896178916 ], [ -74.079171999862893, 40.668584755598339 ], [ -74.079211872705315, 40.668603614048322 ], [ -74.079249705097709, 40.668626289911664 ], [ -74.079285132693684, 40.668652564807566 ] ] ], [ [ [ -74.092817814305818, 40.649182185694215 ], [ -74.092847435192439, 40.649214867306327 ], [ -74.092873710088313, 40.649250294902259 ], [ -74.092896385951718, 40.649288127294732 ], [ -74.092915244401695, 40.649328000137153 ], [ -74.092930103821089, 40.649369529432285 ], [ -74.092940821105572, 40.649412315230251 ], [ -74.092947293041831, 40.649455945480526 ], [ -74.09295, 40.649511046880029 ], [ -74.09295, 40.650988953119978 ], [ -74.092947293041831, 40.651044054519481 ], [ -74.092940821105572, 40.651087684769756 ], [ -74.092930103821089, 40.651130470567722 ], [ -74.092915244401695, 40.651171999862854 ], [ -74.092896385951718, 40.651211872705275 ], [ -74.092873710088313, 40.651249705097747 ], [ -74.092847435192439, 40.65128513269368 ], [ -74.092817814305818, 40.651317814305791 ], [ -74.092785132693692, 40.651347435192434 ], [ -74.092749705097717, 40.651373710088336 ], [ -74.092711872705323, 40.651396385951678 ], [ -74.092671999862901, 40.651415244401662 ], [ -74.092630470567698, 40.651430103821085 ], [ -74.092587684769683, 40.651440821105574 ], [ -74.092544054519394, 40.651447293041834 ], [ -74.092488953120068, 40.65145 ], [ -74.0904, 40.65145 ], [ -74.090355892286851, 40.651452166873 ], [ -74.090312209355091, 40.651458646623823 ], [ -74.090269371895232, 40.651469376848922 ], [ -74.090227792455437, 40.651484254210374 ], [ -74.09018787146843, 40.651503135431049 ], [ -74.090149993395144, 40.651525838674466 ], [ -74.090114523022123, 40.651552145295994 ], [ -74.090081801948472, 40.651581801948474 ], [ -74.090052145295985, 40.651614523022133 ], [ -74.090025838674464, 40.651649993395147 ], [ -74.090003135431047, 40.651687871468432 ], [ -74.089984254210378, 40.651727792455439 ], [ -74.089969376848927, 40.651769371895242 ], [ -74.089958646623828, 40.6518122093551 ], [ -74.089952166873005, 40.651855892286854 ], [ -74.08995, 40.6519 ], [ -74.08995, 40.652488953119978 ], [ -74.089947293041831, 40.652544054519481 ], [ -74.089940821105571, 40.652587684769756 ], [ -74.089930103821089, 40.652630470567722 ], [ -74.089915244401695, 40.652671999862854 ], [ -74.089896385951718, 40.652711872705275 ], [ -74.089873710088312, 40.652749705097747 ], [ -74.089847435192439, 40.65278513269368 ], [ -74.089817814305817, 40.652817814305791 ], [ -74.089785132693692, 40.652847435192434 ], [ -74.089749705097717, 40.652873710088336 ], [ -74.089711872705323, 40.652896385951678 ], [ -74.089671999862901, 40.652915244401662 ], [ -74.089630470567698, 40.652930103821085 ], [ -74.089587684769683, 40.652940821105574 ], [ -74.089544054519394, 40.652947293041834 ], [ -74.089488953120068, 40.65295 ], [ -74.0874, 40.65295 ], [ -74.087355892286851, 40.652952166873 ], [ -74.08731220935509, 40.652958646623823 ], [ -74.087269371895232, 40.652969376848922 ], [ -74.087227792455437, 40.652984254210374 ], [ -74.08718787146843, 40.653003135431049 ], [ -74.087149993395144, 40.653025838674466 ], [ -74.087114523022123, 40.653052145295995 ], [ -74.087081801948472, 40.653081801948474 ], [ -74.087052145295985, 40.653114523022133 ], [ -74.087025838674464, 40.653149993395147 ], [ -74.087003135431047, 40.653187871468432 ], [ -74.086984254210378, 40.653227792455439 ], [ -74.086969376848927, 40.653269371895242 ], [ -74.086958646623827, 40.6533122093551 ], [ -74.086952166873004, 40.653355892286854 ], [ -74.08695, 40.6534 ], [ -74.08695, 40.653988953119978 ], [ -74.086947293041831, 40.654044054519481 ], [ -74.086940821105571, 40.654087684769756 ], [ -74.086930103821089, 40.654130470567722 ], [ -74.086915244401695, 40.654171999862854 ], [ -74.086896385951718, 40.654211872705275 ], [ -74.086873710088312, 40.654249705097747 ], [ -74.086847435192439, 40.65428513269368 ], [ -74.086817814305817, 40.654317814305792 ], [ -74.086785132693691, 40.654347435192435 ], [ -74.086749705097716, 40.654373710088336 ], [ -74.086711872705322, 40.654396385951678 ], [ -74.086671999862901, 40.654415244401662 ], [ -74.086630470567698, 40.654430103821085 ], [ -74.086587684769682, 40.654440821105574 ], [ -74.086544054519393, 40.654447293041834 ], [ -74.086488953120067, 40.65445 ], [ -74.0859, 40.65445 ], [ -74.085855892286844, 40.654452166873 ], [ -74.085812209355083, 40.654458646623823 ], [ -74.085769371895225, 40.654469376848922 ], [ -74.08572779245543, 40.654484254210374 ], [ -74.085687871468423, 40.65450313543105 ], [ -74.085649993395137, 40.654525838674466 ], [ -74.085614523022116, 40.654552145295995 ], [ -74.085581801948464, 40.654581801948474 ], [ -74.085552145295978, 40.654614523022133 ], [ -74.085525838674457, 40.654649993395147 ], [ -74.08550313543104, 40.654687871468433 ], [ -74.085484254210371, 40.654727792455439 ], [ -74.08546937684892, 40.654769371895242 ], [ -74.08545864662382, 40.6548122093551 ], [ -74.085452166872997, 40.654855892286854 ], [ -74.08545, 40.6549 ], [ -74.08545, 40.655488953119978 ], [ -74.085447293041824, 40.655544054519481 ], [ -74.085440821105564, 40.655587684769756 ], [ -74.085430103821082, 40.655630470567722 ], [ -74.085415244401688, 40.655671999862854 ], [ -74.085396385951711, 40.655711872705275 ], [ -74.085373710088305, 40.655749705097747 ], [ -74.085347435192432, 40.65578513269368 ], [ -74.08531781430581, 40.655817814305792 ], [ -74.085285132693684, 40.655847435192435 ], [ -74.085249705097709, 40.655873710088336 ], [ -74.085211872705315, 40.655896385951678 ], [ -74.085171999862894, 40.655915244401662 ], [ -74.085130470567691, 40.655930103821085 ], [ -74.085087684769675, 40.655940821105574 ], [ -74.085044054519386, 40.655947293041834 ], [ -74.08498895312006, 40.65595 ], [ -74.083511046879934, 40.65595 ], [ -74.083455945480608, 40.655947293041834 ], [ -74.083412315230319, 40.655940821105574 ], [ -74.083369529432304, 40.655930103821085 ], [ -74.083328000137101, 40.655915244401662 ], [ -74.083288127294679, 40.655896385951678 ], [ -74.083250294902285, 40.655873710088336 ], [ -74.08321486730631, 40.655847435192435 ], [ -74.083182185694184, 40.655817814305792 ], [ -74.083152564807563, 40.65578513269368 ], [ -74.083126289911689, 40.655749705097747 ], [ -74.083103614048284, 40.655711872705275 ], [ -74.083084755598307, 40.655671999862854 ], [ -74.083069896178912, 40.655630470567722 ], [ -74.08305917889443, 40.655587684769756 ], [ -74.083052706958171, 40.655544054519481 ], [ -74.08305, 40.655488953119978 ], [ -74.08305, 40.654011046880029 ], [ -74.083052706958171, 40.653955945480526 ], [ -74.08305917889443, 40.653912315230251 ], [ -74.083069896178912, 40.653869529432285 ], [ -74.083084755598307, 40.653828000137153 ], [ -74.083103614048284, 40.653788127294732 ], [ -74.083126289911689, 40.65375029490226 ], [ -74.083152564807563, 40.653714867306327 ], [ -74.083182185694184, 40.653682185694215 ], [ -74.08321486730631, 40.653652564807572 ], [ -74.083250294902285, 40.653626289911671 ], [ -74.083288127294679, 40.653603614048329 ], [ -74.083328000137101, 40.653584755598345 ], [ -74.083369529432304, 40.653569896178922 ], [ -74.083412315230319, 40.653559178894433 ], [ -74.083455945480608, 40.653552706958173 ], [ -74.083511046879934, 40.65355 ], [ -74.0841, 40.65355 ], [ -74.084144107713144, 40.653547833127007 ], [ -74.084187790644904, 40.653541353376184 ], [ -74.084230628104763, 40.653530623151084 ], [ -74.084272207544558, 40.653515745789633 ], [ -74.084312128531565, 40.653496864568957 ], [ -74.084350006604851, 40.653474161325541 ], [ -74.084385476977872, 40.653447854704012 ], [ -74.084418198051523, 40.653418198051533 ], [ -74.08444785470401, 40.653385476977874 ], [ -74.084474161325531, 40.65335000660486 ], [ -74.084496864568948, 40.653312128531574 ], [ -74.084515745789616, 40.653272207544568 ], [ -74.084530623151068, 40.653230628104765 ], [ -74.084541353376167, 40.653187790644907 ], [ -74.08454783312699, 40.653144107713153 ], [ -74.08455, 40.6531 ], [ -74.08455, 40.652511046880029 ], [ -74.084552706958164, 40.652455945480526 ], [ -74.084559178894423, 40.652412315230251 ], [ -74.084569896178905, 40.652369529432285 ], [ -74.0845847555983, 40.652328000137153 ], [ -74.084603614048277, 40.652288127294732 ], [ -74.084626289911682, 40.652250294902259 ], [ -74.084652564807556, 40.652214867306327 ], [ -74.084682185694177, 40.652182185694215 ], [ -74.084714867306303, 40.652152564807572 ], [ -74.084750294902278, 40.652126289911671 ], [ -74.084788127294672, 40.652103614048329 ], [ -74.084828000137094, 40.652084755598345 ], [ -74.084869529432297, 40.652069896178922 ], [ -74.084912315230312, 40.652059178894433 ], [ -74.084955945480601, 40.652052706958173 ], [ -74.085011046879927, 40.65205 ], [ -74.0856, 40.65205 ], [ -74.085644107713151, 40.652047833127007 ], [ -74.085687790644911, 40.652041353376184 ], [ -74.08573062810477, 40.652030623151084 ], [ -74.085772207544565, 40.652015745789633 ], [ -74.085812128531572, 40.651996864568957 ], [ -74.085850006604858, 40.651974161325541 ], [ -74.085885476977879, 40.651947854704012 ], [ -74.08591819805153, 40.651918198051533 ], [ -74.085947854704017, 40.651885476977874 ], [ -74.085974161325538, 40.65185000660486 ], [ -74.085996864568955, 40.651812128531574 ], [ -74.086015745789624, 40.651772207544568 ], [ -74.086030623151075, 40.651730628104765 ], [ -74.086041353376174, 40.651687790644907 ], [ -74.086047833126997, 40.651644107713153 ], [ -74.08605, 40.6516 ], [ -74.08605, 40.651011046880029 ], [ -74.086052706958171, 40.650955945480526 ], [ -74.08605917889443, 40.650912315230251 ], [ -74.086069896178913, 40.650869529432285 ], [ -74.086084755598307, 40.650828000137153 ], [ -74.086103614048284, 40.650788127294732 ], [ -74.086126289911689, 40.650750294902259 ], [ -74.086152564807563, 40.650714867306327 ], [ -74.086182185694184, 40.650682185694215 ], [ -74.08621486730631, 40.650652564807572 ], [ -74.086250294902285, 40.650626289911671 ], [ -74.086288127294679, 40.650603614048329 ], [ -74.086328000137101, 40.650584755598345 ], [ -74.086369529432304, 40.650569896178922 ], [ -74.086412315230319, 40.650559178894433 ], [ -74.086455945480608, 40.650552706958173 ], [ -74.086511046879934, 40.65055 ], [ -74.0886, 40.65055 ], [ -74.088644107713151, 40.650547833127007 ], [ -74.088687790644912, 40.650541353376184 ], [ -74.08873062810477, 40.650530623151084 ], [ -74.088772207544565, 40.650515745789633 ], [ -74.088812128531572, 40.650496864568957 ], [ -74.088850006604858, 40.65047416132554 ], [ -74.088885476977879, 40.650447854704012 ], [ -74.08891819805153, 40.650418198051533 ], [ -74.088947854704017, 40.650385476977874 ], [ -74.088974161325538, 40.65035000660486 ], [ -74.088996864568955, 40.650312128531574 ], [ -74.089015745789624, 40.650272207544567 ], [ -74.089030623151075, 40.650230628104765 ], [ -74.089041353376174, 40.650187790644907 ], [ -74.089047833126997, 40.650144107713153 ], [ -74.08905, 40.6501 ], [ -74.08905, 40.649511046880029 ], [ -74.089052706958171, 40.649455945480526 ], [ -74.089059178894431, 40.649412315230251 ], [ -74.089069896178913, 40.649369529432285 ], [ -74.089084755598307, 40.649328000137153 ], [ -74.089103614048284, 40.649288127294732 ], [ -74.08912628991169, 40.649250294902259 ], [ -74.089152564807563, 40.649214867306327 ], [ -74.089182185694185, 40.649182185694215 ], [ -74.08921486730631, 40.649152564807572 ], [ -74.089250294902286, 40.649126289911671 ], [ -74.089288127294679, 40.649103614048329 ], [ -74.089328000137101, 40.649084755598345 ], [ -74.089369529432304, 40.649069896178922 ], [ -74.089412315230319, 40.649059178894433 ], [ -74.089455945480609, 40.649052706958173 ], [ -74.089511046879934, 40.64905 ], [ -74.092488953120068, 40.64905 ], [ -74.092544054519394, 40.649052706958173 ], [ -74.092587684769683, 40.649059178894433 ], [ -74.092630470567698, 40.649069896178922 ], [ -74.092671999862901, 40.649084755598345 ], [ -74.092711872705323, 40.649103614048329 ], [ -74.092749705097717, 40.649126289911671 ], [ -74.092785132693692, 40.649152564807572 ], [ -74.092817814305818, 40.649182185694215 ] ] ], [ [ [ -74.098785132693692, 40.644652564807572 ], [ -74.098817814305818, 40.644682185694215 ], [ -74.09884743519244, 40.644714867306327 ], [ -74.098873710088313, 40.644750294902259 ], [ -74.098896385951718, 40.644788127294731 ], [ -74.098915244401695, 40.644828000137153 ], [ -74.09893010382109, 40.644869529432285 ], [ -74.098940821105572, 40.64491231523025 ], [ -74.098947293041832, 40.644955945480525 ], [ -74.09895, 40.645011046880029 ], [ -74.09895, 40.646488953119977 ], [ -74.098947293041832, 40.646544054519481 ], [ -74.098940821105572, 40.646587684769756 ], [ -74.09893010382109, 40.646630470567722 ], [ -74.098915244401695, 40.646671999862853 ], [ -74.098896385951718, 40.646711872705275 ], [ -74.098873710088313, 40.646749705097747 ], [ -74.098847435192496, 40.646785132693601 ], [ -74.098835955601615, 40.646797798470331 ], [ -74.09880736892967, 40.646832707327739 ], [ -74.098782421758685, 40.646870303401982 ], [ -74.098761364894102, 40.646910208722339 ], [ -74.098744410030335, 40.64695202210217 ], [ -74.09873172762245, 40.646995323172234 ], [ -74.098723445172567, 40.647039676606852 ], [ -74.09871964594798, 40.647084636500431 ], [ -74.098720368144058, 40.647129750850382 ], [ -74.098725604500217, 40.64717456610127 ], [ -74.098735302372958, 40.647218631704668 ], [ -74.098749364265089, 40.647261504648682 ], [ -74.09876764880589, 40.647302753911781 ], [ -74.098789972172426, 40.647341964796048 ], [ -74.098816109937573, 40.647378743096333 ], [ -74.098845799326284, 40.647412719063375 ], [ -74.098878741857405, 40.647443551121071 ], [ -74.098914606344451, 40.647470929300482 ], [ -74.098953032225126, 40.64749457835611 ], [ -74.098993633186311, 40.647514260533072 ], [ -74.099036001047736, 40.647529777957331 ], [ -74.099079709865734, 40.647540974625052 ], [ -74.099124320215324, 40.64754773797096 ], [ -74.099169383608043, 40.64755 ], [ -74.099988953120061, 40.64755 ], [ -74.100044054519387, 40.647552706958173 ], [ -74.100087684769676, 40.647559178894433 ], [ -74.100130470567692, 40.647569896178922 ], [ -74.100171999862894, 40.647584755598345 ], [ -74.100211872705316, 40.647603614048329 ], [ -74.10024970509771, 40.64762628991167 ], [ -74.100285132693685, 40.647652564807572 ], [ -74.100317814305811, 40.647682185694215 ], [ -74.100347435192432, 40.647714867306327 ], [ -74.100373710088306, 40.647750294902259 ], [ -74.100396385951711, 40.647788127294731 ], [ -74.100415244401688, 40.647828000137153 ], [ -74.100430103821083, 40.647869529432285 ], [ -74.100440821105565, 40.647912315230251 ], [ -74.100447293041825, 40.647955945480525 ], [ -74.10045, 40.648011046880029 ], [ -74.10045, 40.649488953119977 ], [ -74.100447293041825, 40.649544054519481 ], [ -74.100440821105565, 40.649587684769756 ], [ -74.100430103821083, 40.649630470567722 ], [ -74.100415244401688, 40.649671999862854 ], [ -74.100396385951711, 40.649711872705275 ], [ -74.100373710088306, 40.649749705097747 ], [ -74.100347435192432, 40.64978513269368 ], [ -74.100317814305811, 40.649817814305791 ], [ -74.100285132693685, 40.649847435192434 ], [ -74.10024970509771, 40.649873710088336 ], [ -74.100211872705316, 40.649896385951678 ], [ -74.100171999862894, 40.649915244401662 ], [ -74.100130470567692, 40.649930103821085 ], [ -74.100087684769676, 40.649940821105574 ], [ -74.100044054519387, 40.649947293041834 ], [ -74.099988953120061, 40.64995 ], [ -74.097011046879928, 40.64995 ], [ -74.096955945480602, 40.649947293041834 ], [ -74.096912315230313, 40.649940821105574 ], [ -74.096869529432297, 40.649930103821085 ], [ -74.096828000137094, 40.649915244401662 ], [ -74.096788127294673, 40.649896385951678 ], [ -74.096750294902279, 40.649873710088336 ], [ -74.096714867306304, 40.649847435192434 ], [ -74.096682185694178, 40.649817814305791 ], [ -74.096652564807556, 40.64978513269368 ], [ -74.096626289911683, 40.649749705097747 ], [ -74.096603614048277, 40.649711872705275 ], [ -74.0965847555983, 40.649671999862854 ], [ -74.096569896178906, 40.649630470567722 ], [ -74.096559178894424, 40.649587684769756 ], [ -74.096552706958164, 40.649544054519481 ], [ -74.09655, 40.649488953119977 ], [ -74.09655, 40.648011046880029 ], [ -74.096552706958164, 40.647955945480525 ], [ -74.096559178894424, 40.647912315230251 ], [ -74.096569896178906, 40.647869529432285 ], [ -74.0965847555983, 40.647828000137153 ], [ -74.096603614048277, 40.647788127294731 ], [ -74.096626289911683, 40.647750294902259 ], [ -74.096652564807499, 40.647714867306405 ], [ -74.096664044398381, 40.647702201529675 ], [ -74.096692631070326, 40.647667292672267 ], [ -74.096717578241311, 40.647629696598024 ], [ -74.096738635105893, 40.647589791277667 ], [ -74.096755589969661, 40.647547977897837 ], [ -74.096768272377545, 40.647504676827772 ], [ -74.096776554827429, 40.647460323393155 ], [ -74.096780354052015, 40.647415363499576 ], [ -74.096779631855938, 40.647370249149624 ], [ -74.096774395499779, 40.647325433898736 ], [ -74.096764697627037, 40.647281368295339 ], [ -74.096750635734907, 40.647238495351324 ], [ -74.096732351194106, 40.647197246088226 ], [ -74.096710027827569, 40.647158035203958 ], [ -74.096683890062423, 40.647121256903674 ], [ -74.096654200673711, 40.647087280936631 ], [ -74.096621258142591, 40.647056448878935 ], [ -74.096585393655545, 40.647029070699524 ], [ -74.09654696777487, 40.647005421643897 ], [ -74.096506366813685, 40.646985739466935 ], [ -74.09646399895226, 40.646970222042675 ], [ -74.096420290134262, 40.646959025374954 ], [ -74.096375679784671, 40.646952262029046 ], [ -74.096330616391953, 40.64695 ], [ -74.095511046879935, 40.64695 ], [ -74.095455945480609, 40.646947293041833 ], [ -74.09541231523032, 40.646940821105574 ], [ -74.095369529432304, 40.646930103821084 ], [ -74.095328000137101, 40.646915244401661 ], [ -74.09528812729468, 40.646896385951678 ], [ -74.095250294902286, 40.646873710088336 ], [ -74.095214867306311, 40.646847435192434 ], [ -74.095182185694185, 40.646817814305791 ], [ -74.095152564807563, 40.64678513269368 ], [ -74.09512628991169, 40.646749705097747 ], [ -74.095103614048284, 40.646711872705275 ], [ -74.095084755598307, 40.646671999862853 ], [ -74.095069896178913, 40.646630470567722 ], [ -74.095059178894431, 40.646587684769756 ], [ -74.095052706958171, 40.646544054519481 ], [ -74.09505, 40.646488953119977 ], [ -74.09505, 40.645011046880029 ], [ -74.095052706958171, 40.644955945480525 ], [ -74.095059178894431, 40.64491231523025 ], [ -74.095069896178913, 40.644869529432285 ], [ -74.095084755598307, 40.644828000137153 ], [ -74.095103614048284, 40.644788127294731 ], [ -74.09512628991169, 40.644750294902259 ], [ -74.095152564807563, 40.644714867306327 ], [ -74.095182185694185, 40.644682185694215 ], [ -74.095214867306311, 40.644652564807572 ], [ -74.095250294902286, 40.64462628991167 ], [ -74.09528812729468, 40.644603614048329 ], [ -74.095328000137101, 40.644584755598345 ], [ -74.095369529432304, 40.644569896178922 ], [ -74.09541231523032, 40.644559178894433 ], [ -74.095455945480609, 40.644552706958173 ], [ -74.095511046879935, 40.64455 ], [ -74.098488953120068, 40.64455 ], [ -74.098544054519394, 40.644552706958173 ], [ -74.098587684769683, 40.644559178894433 ], [ -74.098630470567699, 40.644569896178922 ], [ -74.098671999862901, 40.644584755598345 ], [ -74.098711872705323, 40.644603614048329 ], [ -74.098749705097717, 40.64462628991167 ], [ -74.098785132693692, 40.644652564807572 ] ] ] ] } },
{ "type": "Feature", "properties": { "Port": "Houston", "zone_type": "berth" }, "geometry": { "type": "MultiPolygon", "coordinates": [ [ [ [ -94.987171999862881, 29.681084755598334 ], [ -94.987211872705373, 29.681103614048343 ], [ -94.987249705097753, 29.681126289911688 ], [ -94.987285132693614, 29.681152564807505 ], [ -94.987317814305769, 29.681182185694166 ], [ -94.987347435192518, 29.681214867306423 ], [ -94.987373710088278, 29.681250294902192 ], [ -94.987396385951655, 29.681288127294653 ], [ -94.987415244401703, 29.68132800013721 ], [ -94.987430103821055, 29.681369529432189 ], [ -94.987440821105579, 29.681412315230361 ], [ -94.987447293041825, 29.681455945480536 ], [ -94.98745, 29.681511046880029 ], [ -94.98745, 29.68298895311997 ], [ -94.987447293041825, 29.683044054519463 ], [ -94.987440821105579, 29.683087684769639 ], [ -94.987430103821055, 29.683130470567811 ], [ -94.987415244401703, 29.68317199986279 ], [ -94.987396385951655, 29.683211872705346 ], [ -94.987373710088278, 29.683249705097808 ], [ -94.987347435192518, 29.683285132693577 ], [ -94.987317814305769, 29.683317814305834 ], [ -94.987285132693614, 29.683347435192495 ], [ -94.987249705097753, 29.683373710088311 ], [ -94.987211872705373, 29.683396385951657 ], [ -94.987171999862881, 29.683415244401665 ], [ -94.987130470567706, 29.683430103821081 ], [ -94.987087684769676, 29.68344082110557 ], [ -94.987044054519373, 29.683447293041837 ], [ -94.98698895312009, 29.68345 ], [ -94.9864, 29.68345 ], [ -94.986355892286852, 29.683452166873 ], [ -94.986312209355091, 29.683458646623819 ], [ -94.986269371895233, 29.683469376848922 ], [ -94.986227792455438, 29.68348425421037 ], [ -94.986187871468431, 29.683503135431046 ], [ -94.986149993395145, 29.683525838674466 ], [ -94.986114523022124, 29.683552145295987 ], [ -94.986081801948473, 29.683581801948467 ], [ -94.986052145295986, 29.683614523022129 ], [ -94.986025838674465, 29.683649993395143 ], [ -94.986003135431048, 29.683687871468429 ], [ -94.985984254210379, 29.683727792455436 ], [ -94.985969376848928, 29.683769371895238 ], [ -94.985958646623828, 29.683812209355093 ], [ -94.985952166873005, 29.683855892286854 ], [ -94.98595, 29.6839 ], [ -94.98595, 29.68448895311997 ], [ -94.985947293041832, 29.684544054519463 ], [ -94.985940821105586, 29.684587684769639 ], [ -94.985930103821062, 29.684630470567811 ], [ -94.98591524440171, 29.68467199986279 ], [ -94.985896385951662, 29.684711872705346 ], [ -94.985873710088285, 29.684749705097808 ], [ -94.985847435192525, 29.684785132693577 ], [ -94.985817814305776, 29.684817814305834 ], [ -94.985785132693621, 29.684847435192495 ], [ -94.98574970509776, 29.684873710088311 ], [ -94.98571187270538, 29.684896385951657 ], [ -94.985671999862888, 29.684915244401665 ], [ -94.985630470567713, 29.684930103821081 ], [ -94.985587684769683, 29.68494082110557 ], [ -94.98554405451938, 29.684947293041837 ], [ -94.985488953120097, 29.68495 ], [ -94.9840110468799, 29.68495 ], [ -94.983955945480616, 29.684947293041837 ], [ -94.983912315230313, 29.68494082110557 ], [ -94.983869529432283, 29.684930103821081 ], [ -94.983828000137109, 29.684915244401665 ], [ -94.983788127294616, 29.684896385951657 ], [ -94.983750294902237, 29.684873710088311 ], [ -94.983714867306375, 29.684847435192495 ], [ -94.983682185694221, 29.684817814305834 ], [ -94.983652564807471, 29.684785132693577 ], [ -94.983626289911712, 29.684749705097808 ], [ -94.983603614048334, 29.684711872705346 ], [ -94.983584755598287, 29.68467199986279 ], [ -94.983569896178935, 29.684630470567811 ], [ -94.98355917889441, 29.684587684769639 ], [ -94.983552706958164, 29.684544054519463 ], [ -94.98355, 29.68448895311997 ], [ -94.98355, 29.683011046880029 ], [ -94.983552706958164, 29.682955945480536 ], [ -94.98355917889441, 29.682912315230361 ], [ -94.983569896178935, 29.682869529432189 ], [ -94.983584755598287, 29.68282800013721 ], [ -94.983603614048334, 29.682788127294653 ], [ -94.983626289911712, 29.682750294902192 ], [ -94.983652564807471, 29.682714867306423 ], [ -94.983682185694221, 29.682682185694166 ], [ -94.983714867306375, 29.682652564807505 ], [ -94.983750294902237, 29.682626289911688 ], [ -94.983788127294616, 29.682603614048343 ], [ -94.983828000137109, 29.682584755598334 ], [ -94.983869529432283, 29.682569896178919 ], [ -94.983912315230313, 29.682559178894429 ], [ -94.983955945480616, 29.682552706958163 ], [ -94.9840110468799, 29.68255 ], [ -94.9846, 29.68255 ], [ -94.984644107713152, 29.682547833127 ], [ -94.984687790644912, 29.68254135337618 ], [ -94.984730628104771, 29.682530623151077 ], [ -94.984772207544566, 29.68251574578963 ], [ -94.984812128531573, 29.682496864568954 ], [ -94.984850006604859, 29.682474161325533 ], [ -94.98488547697788, 29.682447854704012 ], [ -94.984918198051531, 29.682418198051533 ], [ -94.984947854704018, 29.682385476977871 ], [ -94.984974161325539, 29.682350006604857 ], [ -94.984996864568956, 29.682312128531571 ], [ -94.985015745789624, 29.682272207544564 ], [ -94.985030623151076, 29.682230628104762 ], [ -94.985041353376175, 29.682187790644907 ], [ -94.985047833126998, 29.682144107713146 ], [ -94.98505, 29.6821 ], [ -94.98505, 29.681511046880029 ], [ -94.985052706958172, 29.681455945480536 ], [ -94.985059178894417, 29.681412315230361 ], [ -94.985069896178942, 29.681369529432189 ], [ -94.985084755598294, 29.68132800013721 ], [ -94.985103614048342, 29.681288127294653 ], [ -94.985126289911719, 29.681250294902192 ], [ -94.985152564807478, 29.681214867306423 ], [ -94.985182185694228, 29.681182185694166 ], [ -94.985214867306382, 29.681152564807505 ], [ -94.985250294902244, 29.681126289911688 ], [ -94.985288127294623, 29.681103614048343 ], [ -94.985328000137116, 29.681084755598334 ], [ -94.98536952943229, 29.681069896178919 ], [ -94.98541231523032, 29.681059178894429 ], [ -94.985455945480624, 29.681052706958162 ], [ -94.985511046879907, 29.68105 ], [ -94.98698895312009, 29.68105 ], [ -94.987044054519373, 29.681052706958162 ], [ -94.987087684769676, 29.681059178894429 ], [ -94.987130470567706, 29.681069896178919 ], [ -94.987171999862881, 29.681084755598334 ] ] ], [ [ [ -95.008130470567707, 29.678069896178918 ], [ -95.008171999862881, 29.678084755598334 ], [ -95.008211872705374, 29.678103614048343 ], [ -95.008249705097754, 29.678126289911688 ], [ -95.008285132693615, 29.678152564807505 ], [ -95.008317814305769, 29.678182185694165 ], [ -95.008347435192519, 29.678214867306423 ], [ -95.008373710088279, 29.678250294902192 ], [ -95.008396385951656, 29.678288127294653 ], [ -95.008415244401704, 29.67832800013721 ], [ -95.008430103821055, 29.678369529432189 ], [ -95.00844082110558, 29.678412315230361 ], [ -95.008447293041826, 29.678455945480536 ], [ -95.00845, 29.678511046880029 ], [ -95.00845, 29.6791 ], [ -95.008452166872999, 29.679144107713146 ], [ -95.008458646623822, 29.679187790644907 ], [ -95.008469376848922, 29.679230628104762 ], [ -95.008484254210373, 29.679272207544564 ], [ -95.008503135431042, 29.679312128531571 ], [ -95.008525838674458, 29.679350006604857 ], [ -95.00855214529598, 29.67938547697787 ], [ -95.008581801948466, 29.679418198051533 ], [ -95.008614523022118, 29.679447854704012 ], [ -95.008649993395139, 29.679474161325533 ], [ -95.008687871468425, 29.679496864568954 ], [ -95.008727792455431, 29.679515745789629 ], [ -95.008769371895227, 29.679530623151077 ], [ -95.008812209355085, 29.67954135337618 ], [ -95.008855892286846, 29.679547833127 ], [ -95.0089, 29.67955 ], [ -95.009488953120098, 29.67955 ], [ -95.009544054519381, 29.679552706958162 ], [ -95.009587684769684, 29.679559178894429 ], [ -95.009630470567714, 29.679569896178918 ], [ -95.009671999862888, 29.679584755598334 ], [ -95.009711872705381, 29.679603614048343 ], [ -95.009749705097761, 29.679626289911688 ], [ -95.009785132693622, 29.679652564807505 ], [ -95.009817814305777, 29.679682185694165 ], [ -95.009847435192526, 29.679714867306423 ], [ -95.009873710088286, 29.679750294902192 ], [ -95.009896385951663, 29.679788127294653 ], [ -95.009915244401711, 29.67982800013721 ], [ -95.009930103821063, 29.679869529432189 ], [ -95.009940821105587, 29.679912315230361 ], [ -95.009947293041833, 29.679955945480536 ], [ -95.00995, 29.680011046880029 ], [ -95.00995, 29.6821 ], [ -95.009952166873006, 29.682144107713146 ], [ -95.009958646623829, 29.682187790644907 ], [ -95.009969376848929, 29.682230628104762 ], [ -95.00998425421038, 29.682272207544564 ], [ -95.010003135431049, 29.682312128531571 ], [ -95.010025838674466, 29.682350006604857 ], [ -95.010052145295987, 29.682385476977871 ], [ -95.010081801948473, 29.682418198051533 ], [ -95.010114523022125, 29.682447854704012 ], [ -95.010149993395146, 29.682474161325533 ], [ -95.010187871468432, 29.682496864568954 ], [ -95.010227792455439, 29.68251574578963 ], [ -95.010269371895234, 29.682530623151077 ], [ -95.010312209355092, 29.68254135337618 ], [ -95.010355892286853, 29.682547833127 ], [ -95.0104, 29.68255 ], [ -95.010988953120091, 29.68255 ], [ -95.011044054519374, 29.682552706958163 ], [ -95.011087684769677, 29.682559178894429 ], [ -95.011130470567707, 29.682569896178919 ], [ -95.011171999862881, 29.682584755598334 ], [ -95.011211872705374, 29.682603614048343 ], [ -95.011249705097754, 29.682626289911688 ], [ -95.011285132693615, 29.682652564807505 ], [ -95.01131781430577, 29.682682185694166 ], [ -95.011347435192519, 29.682714867306423 ], [ -95.011373710088279, 29.682750294902192 ], [ -95.011396385951656, 29.682788127294653 ], [ -95.011415244401704, 29.68282800013721 ], [ -95.011430103821056, 29.682869529432189 ], [ -95.01144082110558, 29.682912315230361 ], [ -95.011447293041826, 29.682955945480536 ], [ -95.01145, 29.683011046880029 ], [ -95.01145, 29.685988953119971 ], [ -95.011447293041826, 29.686044054519463 ], [ -95.01144082110558, 29.686087684769639 ], [ -95.011430103821056, 29.686130470567811 ], [ -95.011415244401704, 29.68617199986279 ], [ -95.011396385951656, 29.686211872705346 ], [ -95.011373710088279, 29.686249705097808 ], [ -95.011347435192519, 29.686285132693577 ], [ -95.01131781430577, 29.686317814305834 ], [ -95.011285132693615, 29.686347435192495 ], [ -95.011249705097754, 29.686373710088311 ], [ -95.011211872705374, 29.686396385951657 ], [ -95.011171999862881, 29.686415244401665 ], [ -95.011130470567707, 29.686430103821081 ], [ -95.011087684769677, 29.68644082110557 ], [ -95.011044054519374, 29.686447293041837 ], [ -95.010988953120091, 29.68645 ], [ -95.008011046879901, 29.68645 ], [ -95.007955945480617, 29.686447293041837 ], [ -95.007912315230314, 29.68644082110557 ], [ -95.007869529432284, 29.686430103821081 ], [ -95.00782800013711, 29.686415244401665 ], [ -95.007788127294617, 29.686396385951657 ], [ -95.007750294902237, 29.686373710088311 ], [ -95.007714867306376, 29.686347435192495 ], [ -95.007682185694222, 29.686317814305834 ], [ -95.007652564807472, 29.686285132693577 ], [ -95.007626289911713, 29.686249705097808 ], [ -95.007603614048335, 29.686211872705346 ], [ -95.007584755598288, 29.68617199986279 ], [ -95.007569896178936, 29.686130470567811 ], [ -95.007559178894411, 29.686087684769639 ], [ -95.007552706958165, 29.686044054519463 ], [ -95.00755, 29.685988953119971 ], [ -95.00755, 29.6824 ], [ -95.007547833126992, 29.682355892286854 ], [ -95.007541353376169, 29.682312209355093 ], [ -95.007530623151069, 29.682269371895238 ], [ -95.007515745789618, 29.682227792455436 ], [ -95.007496864568949, 29.682187871468429 ], [ -95.007474161325533, 29.682149993395143 ], [ -95.007447854704012, 29.682114523022129 ], [ -95.007418198051525, 29.682081801948467 ], [ -95.007385476977873, 29.682052145295987 ], [ -95.007350006604852, 29.682025838674466 ], [ -95.007312128531566, 29.682003135431046 ], [ -95.00727220754456, 29.68198425421037 ], [ -95.007230628104764, 29.681969376848922 ], [ -95.007187790644906, 29.681958646623819 ], [ -95.007144107713145, 29.681952166873 ], [ -95.0071, 29.68195 ], [ -94.9999, 29.68195 ], [ -94.999855892286845, 29.681952166873 ], [ -94.999812209355085, 29.681958646623819 ], [ -94.999769371895226, 29.681969376848922 ], [ -94.999727792455431, 29.68198425421037 ], [ -94.999687871468424, 29.682003135431046 ], [ -94.999649993395138, 29.682025838674466 ], [ -94.999614523022117, 29.682052145295987 ], [ -94.999581801948466, 29.682081801948467 ], [ -94.999552145295979, 29.682114523022129 ], [ -94.999525838674458, 29.682149993395143 ], [ -94.999503135431041, 29.682187871468429 ], [ -94.999484254210373, 29.682227792455436 ], [ -94.999469376848921, 29.682269371895238 ], [ -94.999458646623822, 29.682312209355093 ], [ -94.999452166872999, 29.682355892286854 ], [ -94.99945, 29.6824 ], [ -94.99945, 29.68298895311997 ], [ -94.999447293041825, 29.683044054519463 ], [ -94.99944082110558, 29.683087684769639 ], [ -94.999430103821055, 29.683130470567811 ], [ -94.999415244401703, 29.68317199986279 ], [ -94.999396385951655, 29.683211872705346 ], [ -94.999373710088278, 29.683249705097808 ], [ -94.999347435192519, 29.683285132693577 ], [ -94.999317814305769, 29.683317814305834 ], [ -94.999285132693615, 29.683347435192495 ], [ -94.999249705097753, 29.683373710088311 ], [ -94.999211872705374, 29.683396385951657 ], [ -94.999171999862881, 29.683415244401665 ], [ -94.999130470567707, 29.683430103821081 ], [ -94.999087684769677, 29.68344082110557 ], [ -94.999044054519374, 29.683447293041837 ], [ -94.99898895312009, 29.68345 ], [ -94.9900110468799, 29.68345 ], [ -94.989955945480617, 29.683447293041837 ], [ -94.989912315230313, 29.68344082110557 ], [ -94.989869529432283, 29.683430103821081 ], [ -94.989828000137109, 29.683415244401665 ], [ -94.989788127294617, 29.683396385951657 ], [ -94.989750294902237, 29.683373710088311 ], [ -94.989714867306375, 29.683347435192495 ], [ -94.989682185694221, 29.683317814305834 ], [ -94.989652564807471, 29.683285132693577 ], [ -94.989626289911712, 29.683249705097808 ], [ -94.989603614048335, 29.683211872705346 ], [ -94.989584755598287, 29.68317199986279 ], [ -94.989569896178935, 29.683130470567811 ], [ -94.98955917889441, 29.683087684769639 ], [ -94.989552706958165, 29.683044054519463 ], [ -94.98955, 29.68298895311997 ], [ -94.98955, 29.681511046880029 ], [ -94.989552706958165, 29.681455945480536 ], [ -94.98955917889441, 29.681412315230361 ], [ -94.989569896178935, 29.681369529432189 ], [ -94.989584755598287, 29.68132800013721 ], [ -94.989603614048335, 29.681288127294653 ], [ -94.989626289911712, 29.681250294902192 ], [ -94.989652564807471, 29.681214867306423 ], [ -94.989682185694221, 29.681182185694166 ], [ -94.989714867306375, 29.681152564807505 ], [ -94.989750294902237, 29.681126289911688 ], [ -94.989788127294617, 29.681103614048343 ], [ -94.989828000137109, 29.681084755598334 ], [ -94.989869529432283, 29.681069896178919 ], [ -94.989912315230313, 29.681059178894429 ], [ -94.989955945480617, 29.681052706958162 ], [ -94.9900110468799, 29.68105 ], [ -94.9936, 29.68105 ], [ -94.993644107713152, 29.681047833127 ], [ -94.993687790644913, 29.68104135337618 ], [ -94.993730628104771, 29.681030623151077 ], [ -94.993772207544566, 29.68101574578963 ], [ -94.993812128531573, 29.680996864568954 ], [ -94.993850006604859, 29.680974161325533 ], [ -94.99388547697788, 29.680947854704012 ], [ -94.993918198051531, 29.680918198051533 ], [ -94.993947854704018, 29.68088547697787 ], [ -94.993974161325539, 29.680850006604857 ], [ -94.993996864568956, 29.680812128531571 ], [ -94.994015745789625, 29.680772207544564 ], [ -94.994030623151076, 29.680730628104762 ], [ -94.994041353376176, 29.680687790644907 ], [ -94.994047833126999, 29.680644107713146 ], [ -94.99405, 29.6806 ], [ -94.99405, 29.680011046880029 ], [ -94.994052706958172, 29.679955945480536 ], [ -94.994059178894418, 29.679912315230361 ], [ -94.994069896178942, 29.679869529432189 ], [ -94.994084755598294, 29.67982800013721 ], [ -94.994103614048342, 29.679788127294653 ], [ -94.994126289911719, 29.679750294902192 ], [ -94.994152564807479, 29.679714867306423 ], [ -94.994182185694228, 29.679682185694165 ], [ -94.994214867306383, 29.679652564807505 ], [ -94.994250294902244, 29.679626289911688 ], [ -94.994288127294624, 29.679603614048343 ], [ -94.994328000137116, 29.679584755598334 ], [ -94.994369529432291, 29.679569896178918 ], [ -94.994412315230321, 29.679559178894429 ], [ -94.994455945480624, 29.679552706958162 ], [ -94.994511046879907, 29.67955 ], [ -95.0056, 29.67955 ], [ -95.005644107713152, 29.679547833127 ], [ -95.005687790644913, 29.67954135337618 ], [ -95.005730628104772, 29.679530623151077 ], [ -95.005772207544567, 29.679515745789629 ], [ -95.005812128531574, 29.679496864568954 ], [ -95.005850006604859, 29.679474161325533 ], [ -95.00588547697788, 29.679447854704012 ], [ -95.005918198051532, 29.679418198051533 ], [ -95.005947854704019, 29.67938547697787 ], [ -95.00597416132554, 29.679350006604857 ], [ -95.005996864568957, 29.679312128531571 ], [ -95.006015745789625, 29.679272207544564 ], [ -95.006030623151076, 29.679230628104762 ], [ -95.006041353376176, 29.679187790644907 ], [ -95.006047833126999, 29.679144107713146 ], [ -95.00605, 29.6791 ], [ -95.00605, 29.678511046880029 ], [ -95.006052706958172, 29.678455945480536 ], [ -95.006059178894418, 29.678412315230361 ], [ -95.006069896178943, 29.678369529432189 ], [ -95.006084755598295, 29.67832800013721 ], [ -95.006103614048342, 29.678288127294653 ], [ -95.00612628991172, 29.678250294902192 ], [ -95.006152564807479, 29.678214867306423 ], [ -95.006182185694229, 29.678182185694165 ], [ -95.006214867306383, 29.678152564807505 ], [ -95.006250294902244, 29.678126289911688 ], [ -95.006288127294624, 29.678103614048343 ], [ -95.006328000137117, 29.678084755598334 ], [ -95.006369529432291, 29.678069896178918 ], [ -95.006412315230321, 29.678059178894429 ], [ -95.006455945480624, 29.678052706958162 ], [ -95.006511046879908, 29.67805 ], [ -95.007988953120091, 29.67805 ], [ -95.008044054519374, 29.678052706958162 ], [ -95.008087684769677, 29.678059178894429 ], [ -95.008130470567707, 29.678069896178918 ] ] ], [ [ [ -95.020171999862882, 29.721584755598336 ], [ -95.020211872705374, 29.721603614048345 ], [ -95.020249705097754, 29.72162628991169 ], [ -95.020285132693616, 29.721652564807506 ], [ -95.02031781430577, 29.721682185694167 ], [ -95.020347435192519, 29.721714867306424 ], [ -95.020373710088279, 29.721750294902193 ], [ -95.020396385951656, 29.721788127294655 ], [ -95.020415244401704, 29.721828000137211 ], [ -95.020430103821056, 29.72186952943219 ], [ -95.020440821105581, 29.721912315230362 ], [ -95.020447293041826, 29.721955945480538 ], [ -95.02045, 29.722011046880031 ], [ -95.02045, 29.723488953119972 ], [ -95.020447293041826, 29.723544054519465 ], [ -95.020440821105581, 29.72358768476964 ], [ -95.020430103821056, 29.723630470567812 ], [ -95.020415244401704, 29.723671999862791 ], [ -95.020396385951656, 29.723711872705348 ], [ -95.020373710088279, 29.723749705097809 ], [ -95.020347435192491, 29.723785132693621 ], [ -95.020335955601638, 29.723797798470311 ], [ -95.020308489249274, 29.723831196611226 ], [ -95.020284355308689, 29.723867076818028 ], [ -95.020263776626877, 29.723905107781505 ], [ -95.020246943222432, 29.723944938332888 ], [ -95.02023401053097, 29.723986200686436 ], [ -95.02022509796987, 29.724028513835492 ], [ -95.020220287835556, 29.724071487070606 ], [ -95.020219624543671, 29.724114723587263 ], [ -95.020223114218879, 29.724157824149849 ], [ -95.020230724638381, 29.724200390778137 ], [ -95.020242385529357, 29.724242030422108 ], [ -95.020257989217967, 29.724282358591296 ], [ -95.020277391623495, 29.724321002905086 ], [ -95.020300413588799, 29.724357606531168 ], [ -95.020326842534573, 29.724391831480457 ], [ -95.020356434422283, 29.724423361727997 ], [ -95.020388916007562, 29.724451906131065 ], [ -95.020423987363245, 29.724477201117498 ], [ -95.020461324648878, 29.724499013119473 ], [ -95.020500583100926, 29.72451714073021 ], [ -95.020541400216288, 29.724531416563703 ], [ -95.020583399099536, 29.724541708800338 ], [ -95.020626191943052, 29.724547922404078 ], [ -95.020669383608038, 29.72455 ], [ -95.021488953120098, 29.72455 ], [ -95.021544054519381, 29.724552706958164 ], [ -95.021587684769685, 29.724559178894431 ], [ -95.021630470567715, 29.72456989617892 ], [ -95.021671999862889, 29.724584755598336 ], [ -95.021711872705382, 29.724603614048345 ], [ -95.021749705097761, 29.72462628991169 ], [ -95.021785132693623, 29.724652564807506 ], [ -95.021817814305777, 29.724682185694167 ], [ -95.021847435192527, 29.724714867306425 ], [ -95.021873710088286, 29.724750294902194 ], [ -95.021896385951663, 29.724788127294655 ], [ -95.021915244401711, 29.724828000137212 ], [ -95.021930103821063, 29.724869529432191 ], [ -95.021940821105588, 29.724912315230362 ], [ -95.021947293041833, 29.724955945480538 ], [ -95.02195, 29.725011046880031 ], [ -95.02195, 29.726488953119972 ], [ -95.021947293041833, 29.726544054519465 ], [ -95.021940821105588, 29.72658768476964 ], [ -95.021930103821063, 29.726630470567812 ], [ -95.021915244401711, 29.726671999862791 ], [ -95.021896385951663, 29.726711872705348 ], [ -95.021873710088286, 29.726749705097809 ], [ -95.021847435192498, 29.726785132693621 ], [ -95.021835955601645, 29.726797798470312 ], [ -95.021808489249281, 29.726831196611226 ], [ -95.021784355308696, 29.726867076818028 ], [ -95.021763776626884, 29.726905107781505 ], [ -95.021746943222439, 29.726944938332888 ], [ -95.021734010530977, 29.726986200686436 ], [ -95.021725097969878, 29.727028513835492 ], [ -95.021720287835564, 29.727071487070607 ], [ -95.021719624543678, 29.727114723587263 ], [ -95.021723114218887, 29.727157824149849 ], [ -95.021730724638388, 29.727200390778137 ], [ -95.021742385529365, 29.727242030422108 ], [ -95.021757989217974, 29.727282358591296 ], [ -95.021777391623502, 29.727321002905086 ], [ -95.021800413588807, 29.727357606531168 ], [ -95.02182684253458, 29.727391831480457 ], [ -95.02185643442229, 29.727423361727997 ], [ -95.021888916007569, 29.727451906131066 ], [ -95.021923987363252, 29.727477201117498 ], [ -95.021961324648885, 29.727499013119473 ], [ -95.022000583100933, 29.72751714073021 ], [ -95.022041400216295, 29.727531416563703 ], [ -95.022083399099543, 29.727541708800338 ], [ -95.022126191943059, 29.727547922404078 ], [ -95.022169383608045, 29.72755 ], [ -95.022988953120091, 29.72755 ], [ -95.023044054519374, 29.727552706958164 ], [ -95.023087684769678, 29.727559178894431 ], [ -95.023130470567708, 29.72756989617892 ], [ -95.023171999862882, 29.727584755598336 ], [ -95.023211872705375, 29.727603614048345 ], [ -95.023249705097754, 29.72762628991169 ], [ -95.023285132693616, 29.727652564807507 ], [ -95.02331781430577, 29.727682185694167 ], [ -95.02334743519252, 29.727714867306425 ], [ -95.023373710088279, 29.727750294902194 ], [ -95.023396385951656, 29.727788127294655 ], [ -95.023415244401704, 29.727828000137212 ], [ -95.023430103821056, 29.727869529432191 ], [ -95.023440821105581, 29.727912315230363 ], [ -95.023447293041826, 29.727955945480538 ], [ -95.02345, 29.728011046880031 ], [ -95.02345, 29.730988953119972 ], [ -95.023447293041826, 29.731044054519465 ], [ -95.023440821105581, 29.731087684769641 ], [ -95.023430103821056, 29.731130470567813 ], [ -95.023415244401704, 29.731171999862791 ], [ -95.023396385951656, 29.731211872705348 ], [ -95.023373710088279, 29.73124970509781 ], [ -95.02334743519252, 29.731285132693579 ], [ -95.02331781430577, 29.731317814305836 ], [ -95.023285132693616, 29.731347435192497 ], [ -95.023249705097754, 29.731373710088313 ], [ -95.023211872705375, 29.731396385951658 ], [ -95.023171999862882, 29.731415244401667 ], [ -95.023130470567708, 29.731430103821083 ], [ -95.023087684769678, 29.731440821105572 ], [ -95.023044054519374, 29.731447293041839 ], [ -95.022988953120091, 29.73145 ], [ -95.021511046879908, 29.73145 ], [ -95.021455945480625, 29.731447293041839 ], [ -95.021412315230322, 29.731440821105572 ], [ -95.021369529432292, 29.731430103821083 ], [ -95.021328000137117, 29.731415244401667 ], [ -95.021288127294625, 29.731396385951658 ], [ -95.021250294902245, 29.731373710088313 ], [ -95.021214867306384, 29.731347435192497 ], [ -95.021182185694229, 29.731317814305836 ], [ -95.02115256480748, 29.731285132693579 ], [ -95.02112628991172, 29.73124970509781 ], [ -95.021103614048343, 29.731211872705348 ], [ -95.021084755598295, 29.731171999862791 ], [ -95.021069896178943, 29.731130470567813 ], [ -95.021059178894419, 29.731087684769641 ], [ -95.021052706958173, 29.731044054519465 ], [ -95.02105, 29.730988953119972 ], [ -95.02105, 29.7304 ], [ -95.021047833127, 29.730355892286855 ], [ -95.021041353376177, 29.730312209355095 ], [ -95.021030623151077, 29.73026937189524 ], [ -95.021015745789626, 29.730227792455437 ], [ -95.020996864568957, 29.730187871468431 ], [ -95.02097416132554, 29.730149993395145 ], [ -95.020947854704019, 29.730114523022131 ], [ -95.020918198051532, 29.730081801948469 ], [ -95.020885476977881, 29.730052145295989 ], [ -95.02085000660486, 29.730025838674468 ], [ -95.020812128531574, 29.730003135431048 ], [ -95.020772207544567, 29.729984254210372 ], [ -95.020730628104772, 29.729969376848924 ], [ -95.020687790644914, 29.729958646623821 ], [ -95.020644107713153, 29.729952166873002 ], [ -95.0206, 29.72995 ], [ -95.020011046879901, 29.72995 ], [ -95.019955945480618, 29.729947293041839 ], [ -95.019912315230314, 29.729940821105572 ], [ -95.019869529432285, 29.729930103821083 ], [ -95.01982800013711, 29.729915244401667 ], [ -95.019788127294618, 29.729896385951658 ], [ -95.019750294902238, 29.729873710088313 ], [ -95.019714867306377, 29.729847435192497 ], [ -95.019682185694222, 29.729817814305836 ], [ -95.019652564807473, 29.729785132693578 ], [ -95.019626289911713, 29.729749705097809 ], [ -95.019603614048336, 29.729711872705348 ], [ -95.019584755598288, 29.729671999862791 ], [ -95.019569896178936, 29.729630470567812 ], [ -95.019559178894411, 29.729587684769641 ], [ -95.019552706958166, 29.729544054519465 ], [ -95.01955, 29.729488953119972 ], [ -95.01955, 29.728011046880031 ], [ -95.019552706958166, 29.727955945480538 ], [ -95.019559178894411, 29.727912315230363 ], [ -95.019569896178936, 29.727869529432191 ], [ -95.019584755598288, 29.727828000137212 ], [ -95.019603614048336, 29.727788127294655 ], [ -95.019626289911713, 29.727750294902194 ], [ -95.019652564807473, 29.727714867306425 ], [ -95.019682185694222, 29.727682185694167 ], [ -95.019714867306377, 29.727652564807507 ], [ -95.019765484770602, 29.727615024337517 ], [ -95.019770913076542, 29.727611396573856 ], [ -95.01980510323628, 29.727583322444545 ], [ -95.019836371550795, 29.727552026817577 ], [ -95.019864415817793, 29.727517812159196 ], [ -95.019888964994806, 29.727481009147532 ], [ -95.01990978181874, 29.727441973476651 ], [ -95.019926665098964, 29.727401082418847 ], [ -95.019939451661827, 29.727358731178366 ], [ -95.019948017927604, 29.72731532907185 ], [ -95.01995228110502, 29.727271295572351 ], [ -95.019952199991238, 29.727227056255217 ], [ -95.019947775370241, 29.727183038684988 ], [ -95.019939050005135, 29.727139668283062 ], [ -95.019926108224908, 29.727097364216068 ], [ -95.019909075109368, 29.72705653534473 ], [ -95.019888115280338, 29.727017576272267 ], [ -95.019863431310554, 29.726980863530674 ], [ -95.019835261765863, 29.726946751941565 ], [ -95.019803878899523, 29.726915571186925 ], [ -95.019769586020928, 29.726887622622787 ], [ -95.019714283615343, 29.726846906165768 ], [ -95.019682185694222, 29.726817814305836 ], [ -95.019652564807473, 29.726785132693578 ], [ -95.019626289911713, 29.726749705097809 ], [ -95.019603614048336, 29.726711872705348 ], [ -95.019584755598288, 29.726671999862791 ], [ -95.019569896178936, 29.726630470567812 ], [ -95.019559178894411, 29.72658768476964 ], [ -95.019552706958166, 29.726544054519465 ], [ -95.01955, 29.726488953119972 ], [ -95.01955, 29.725011046880031 ], [ -95.019552706958166, 29.724955945480538 ], [ -95.019559178894411, 29.724912315230362 ], [ -95.019569896178936, 29.724869529432191 ], [ -95.019584755598288, 29.724828000137212 ], [ -95.019603614048336, 29.724788127294655 ], [ -95.019626289911713, 29.724750294902194 ], [ -95.019652564807501, 29.724714867306382 ], [ -95.019664044398354, 29.724702201529691 ], [ -95.019691510750718, 29.724668803388777 ], [ -95.019715644691303, 29.724632923181975 ], [ -95.019736223373116, 29.724594892218498 ], [ -95.01975305677756, 29.724555061667115 ], [ -95.019765989469022, 29.724513799313566 ], [ -95.019774902030122, 29.724471486164511 ], [ -95.019779712164436, 29.724428512929396 ], [ -95.019780375456321, 29.72438527641274 ], [ -95.019776885781113, 29.724342175850154 ], [ -95.019769275361611, 29.724299609221866 ], [ -95.019757614470635, 29.724257969577895 ], [ -95.019742010782025, 29.724217641408707 ], [ -95.019722608376497, 29.724178997094917 ], [ -95.019699586411193, 29.724142393468835 ], [ -95.019673157465419, 29.724108168519546 ], [ -95.019643565577709, 29.724076638272006 ], [ -95.01961108399243, 29.724048093868937 ], [ -95.019576012636747, 29.724022798882505 ], [ -95.019538675351114, 29.724000986880529 ], [ -95.019499416899066, 29.723982859269793 ], [ -95.019458599783704, 29.723968583436299 ], [ -95.019416600900456, 29.723958291199665 ], [ -95.01937380805694, 29.723952077595925 ], [ -95.019330616391954, 29.72395 ], [ -95.018511046879908, 29.72395 ], [ -95.018455945480625, 29.723947293041839 ], [ -95.018412315230321, 29.723940821105572 ], [ -95.018369529432292, 29.723930103821083 ], [ -95.018328000137117, 29.723915244401667 ], [ -95.018288127294625, 29.723896385951658 ], [ -95.018250294902245, 29.723873710088313 ], [ -95.018214867306384, 29.723847435192496 ], [ -95.018182185694229, 29.723817814305836 ], [ -95.01815256480748, 29.723785132693578 ], [ -95.01812628991172, 29.723749705097809 ], [ -95.018103614048343, 29.723711872705348 ], [ -95.018084755598295, 29.723671999862791 ], [ -95.018069896178943, 29.723630470567812 ], [ -95.018059178894418, 29.72358768476964 ], [ -95.018052706958173, 29.723544054519465 ], [ -95.01805, 29.723488953119972 ], [ -95.01805, 29.722011046880031 ], [ -95.018052706958173, 29.721955945480538 ], [ -95.018059178894418, 29.721912315230362 ], [ -95.018069896178943, 29.72186952943219 ], [ -95.018084755598295, 29.721828000137211 ], [ -95.018103614048343, 29.721788127294655 ], [ -95.01812628991172, 29.721750294902193 ], [ -95.01815256480748, 29.721714867306424 ], [ -95.018182185694229, 29.721682185694167 ], [ -95.018214867306384, 29.721652564807506 ], [ -95.018250294902245, 29.72162628991169 ], [ -95.018288127294625, 29.721603614048345 ], [ -95.018328000137117, 29.721584755598336 ], [ -95.018369529432292, 29.72156989617892 ], [ -95.018412315230321, 29.721559178894431 ], [ -95.018455945480625, 29.721552706958164 ], [ -95.018511046879908, 29.72155 ], [ -95.019988953120091, 29.72155 ], [ -95.020044054519374, 29.721552706958164 ], [ -95.020087684769678, 29.721559178894431 ], [ -95.020130470567707, 29.72156989617892 ], [ -95.020171999862882, 29.721584755598336 ] ] ] ] } },
{ "type": "Feature", "properties": { "Port": "Savannah", "zone_type": "anchor" }, "geometry": { "type": "Polygon", "coordinates": [ [ [ -81.058819663160918, 31.974606294563593 ], [ -81.059030523409717, 31.974956261422779 ], [ -81.059167102291113, 31.975246315187292 ], [ -81.059224458164877, 31.975333129102577 ], [ -81.059422276121325, 31.9757170015124 ], [ -81.059438476339153, 31.975753101380942 ], [ -81.059543772068992, 31.976038012156977 ], [ -81.059547327793226, 31.976036650106874 ], [ -81.05957055266397, 31.976097280208073 ], [ -81.059623475955036, 31.976232447990508 ], [ -81.059628086796224, 31.976244366409635 ], [ -81.05982789054022, 31.976564860230166 ], [ -81.059846691380798, 31.97659865918834 ], [ -81.059859757794086, 31.976622337226765 ], [ -81.059877056651501, 31.97665393706211 ], [ -81.059924029047139, 31.97674235079478 ], [ -81.059930378339587, 31.976754671451022 ], [ -81.060094666023673, 31.977116571704887 ], [ -81.060222228306216, 31.977492989160595 ], [ -81.060311805810755, 31.977880207584189 ], [ -81.060362514170833, 31.978274404107648 ], [ -81.060373852761103, 31.978671686970682 ], [ -81.060345709639734, 31.979068133942683 ], [ -81.060278362653619, 31.979459831045496 ], [ -81.060172476695314, 31.979842911194712 ], [ -81.060029097138724, 31.980213592377996 ], [ -81.059849639518589, 31.98056821499355 ], [ -81.05963587555533, 31.980903277980023 ], [ -81.059389915663573, 31.98121547338123 ], [ -81.059114188116723, 31.981501719004434 ], [ -81.058811415073549, 31.981759188849697 ], [ -81.058484585703255, 31.981985341009974 ], [ -81.058136926674479, 31.982177942766452 ], [ -81.05777187029959, 31.982335092631359 ], [ -81.057393020648675, 31.982455239120682 ], [ -81.055996316451655, 31.982822908108847 ], [ -81.055607840325763, 31.98290479707433 ], [ -81.055213159945637, 31.982947772655699 ], [ -81.054816163394108, 31.98295141149109 ], [ -81.054420761571109, 31.982915677733544 ], [ -81.054030849666589, 31.982840923404126 ], [ -81.053650268788076, 31.982727884924103 ], [ -81.053282768121136, 31.982577675860291 ], [ -81.052931967995292, 31.982391775955065 ], [ -81.052601324219395, 31.982172016549089 ], [ -81.052294094037677, 31.981920562540392 ], [ -81.052013304041907, 31.981639891057462 ], [ -81.051272744599771, 31.980822237010209 ], [ -81.051183100668979, 31.980719811004253 ], [ -81.051036611497281, 31.980546573300575 ], [ -81.05072936796229, 31.980131619675831 ], [ -81.050501448306719, 31.979778186222667 ], [ -81.050495039937701, 31.979768216411049 ], [ -81.050348519324984, 31.979539523003147 ], [ -81.050335960909422, 31.979519794754996 ], [ -81.049880118005007, 31.978799060309914 ], [ -81.049685389830188, 31.978454553210909 ], [ -81.049525656069662, 31.978092490607093 ], [ -81.049402480159586, 31.977716416281318 ], [ -81.04931706771653, 31.97733001115984 ], [ -81.049270254737223, 31.976937057284303 ], [ -81.049262499415988, 31.976541400793991 ], [ -81.049293877660091, 31.976146914280751 ], [ -81.049364082346699, 31.97575745888496 ], [ -81.049472426329018, 31.975376846503622 ], [ -81.049617849161834, 31.975008802480406 ], [ -81.049798927481007, 31.974656929142881 ], [ -81.05001388893487, 31.974324670543776 ], [ -81.050260629531763, 31.974015278751416 ], [ -81.050536734233248, 31.97373178201925 ], [ -81.050839500592033, 31.973476955146019 ], [ -81.051165965202841, 31.973253292316691 ], [ -81.051512932707539, 31.973062982689971 ], [ -81.051877007070502, 31.972907888971317 ], [ -81.052254624818261, 31.972789529181252 ], [ -81.052441645975577, 31.972740926747786 ], [ -81.052595443860326, 31.972704187527988 ], [ -81.053237520417142, 31.972564163164666 ], [ -81.053997565686927, 31.972347848085548 ], [ -81.054388526279212, 31.97225750333174 ], [ -81.054786571304376, 31.972206783343555 ], [ -81.055187695126875, 31.97219619853005 ], [ -81.055587861128402, 31.972225855409082 ], [ -81.055983042329473, 31.972295455535406 ], [ -81.056369261913972, 31.972404298503982 ], [ -81.056742633248987, 31.972551288998364 ], [ -81.057099398997067, 31.972734947813159 ], [ -81.057435968927294, 31.972953426739672 ], [ -81.057748956044733, 31.973204527164949 ], [ -81.05803521067476, 31.973485722196987 ], [ -81.058291852159044, 31.97379418209357 ], [ -81.058516297844406, 31.974126802738724 ], [ -81.05865944600373, 31.97439309633155 ], [ -81.058819663160918, 31.974606294563593 ] ] ] } },
{ "type": "Feature", "properties": { "Port": "Savannah", "zone_type": "berth" }, "geometry": { "type": "MultiPolygon", "coordinates": [ [ [ [ -80.991749705097718, 32.080126289911668 ], [ -80.991785132693693, 32.08015256480757 ], [ -80.991817814305819, 32.080182185694213 ], [ -80.99184743519244, 32.080214867306324 ], [ -80.991873710088313, 32.080250294902257 ], [ -80.991896385951719, 32.080288127294729 ], [ -80.991915244401696, 32.08032800013715 ], [ -80.99193010382109, 32.080369529432282 ], [ -80.991940821105572, 32.080412315230248 ], [ -80.991947293041832, 32.080455945480523 ], [ -80.99195, 32.080511046880027 ], [ -80.99195, 32.0811 ], [ -80.991952166873006, 32.081144107713151 ], [ -80.991958646623829, 32.081187790644904 ], [ -80.991969376848928, 32.081230628104763 ], [ -80.991984254210379, 32.081272207544565 ], [ -80.992003135431048, 32.081312128531572 ], [ -80.992025838674465, 32.081350006604858 ], [ -80.992052145295986, 32.081385476977871 ], [ -80.992081801948473, 32.08141819805153 ], [ -80.992114523022124, 32.08144785470401 ], [ -80.992149993395145, 32.081474161325538 ], [ -80.992187871468431, 32.081496864568955 ], [ -80.992227792455438, 32.081515745789631 ], [ -80.992269371895233, 32.081530623151082 ], [ -80.992312209355092, 32.081541353376181 ], [ -80.992355892286852, 32.081547833127004 ], [ -80.9924, 32.08155 ], [ -80.992988953120062, 32.08155 ], [ -80.993044054519387, 32.081552706958171 ], [ -80.993087684769677, 32.08155917889443 ], [ -80.993130470567692, 32.08156989617892 ], [ -80.993171999862895, 32.081584755598342 ], [ -80.993211872705317, 32.081603614048326 ], [ -80.99324970509771, 32.081626289911668 ], [ -80.993285132693686, 32.08165256480757 ], [ -80.993317814305811, 32.081682185694213 ], [ -80.993347435192433, 32.081714867306324 ], [ -80.993373710088306, 32.081750294902257 ], [ -80.993396385951712, 32.081788127294729 ], [ -80.993415244401689, 32.081828000137151 ], [ -80.993430103821083, 32.081869529432282 ], [ -80.993440821105565, 32.081912315230248 ], [ -80.993447293041825, 32.081955945480523 ], [ -80.99345, 32.082011046880027 ], [ -80.99345, 32.083488953119975 ], [ -80.993447293041825, 32.083544054519479 ], [ -80.993440821105565, 32.083587684769753 ], [ -80.993430103821083, 32.083630470567719 ], [ -80.993415244401689, 32.083671999862851 ], [ -80.993396385951712, 32.083711872705273 ], [ -80.993373710088306, 32.083749705097745 ], [ -80.993347435192433, 32.083785132693677 ], [ -80.993317814305811, 32.083817814305789 ], [ -80.993285132693686, 32.083847435192432 ], [ -80.99324970509771, 32.083873710088334 ], [ -80.993211872705317, 32.083896385951675 ], [ -80.993171999862895, 32.083915244401659 ], [ -80.993130470567692, 32.083930103821082 ], [ -80.993087684769677, 32.083940821105571 ], [ -80.993044054519387, 32.083947293041831 ], [ -80.992988953120062, 32.08395 ], [ -80.990011046879928, 32.08395 ], [ -80.989955945480602, 32.083947293041831 ], [ -80.989912315230313, 32.083940821105571 ], [ -80.989869529432298, 32.083930103821082 ], [ -80.989828000137095, 32.083915244401659 ], [ -80.989788127294673, 32.083896385951675 ], [ -80.989750294902279, 32.083873710088334 ], [ -80.989714867306304, 32.083847435192432 ], [ -80.989682185694178, 32.083817814305789 ], [ -80.989652564807557, 32.083785132693677 ], [ -80.989626289911683, 32.083749705097745 ], [ -80.989603614048278, 32.083711872705273 ], [ -80.989584755598301, 32.083671999862851 ], [ -80.989569896178907, 32.083630470567719 ], [ -80.989559178894424, 32.083587684769753 ], [ -80.989552706958165, 32.083544054519479 ], [ -80.98955, 32.083488953119975 ], [ -80.98955, 32.0829 ], [ -80.989547833126991, 32.082855892286851 ], [ -80.989541353376168, 32.082812209355097 ], [ -80.989530623151069, 32.082769371895239 ], [ -80.989515745789618, 32.082727792455437 ], [ -80.989496864568949, 32.08268787146843 ], [ -80.989474161325532, 32.082649993395144 ], [ -80.989447854704011, 32.08261452302213 ], [ -80.989418198051524, 32.082581801948471 ], [ -80.989385476977873, 32.082552145295992 ], [ -80.989350006604852, 32.082525838674464 ], [ -80.989312128531566, 32.082503135431047 ], [ -80.989272207544559, 32.082484254210371 ], [ -80.989230628104764, 32.08246937684892 ], [ -80.989187790644905, 32.08245864662382 ], [ -80.989144107713145, 32.082452166872997 ], [ -80.9891, 32.08245 ], [ -80.988511046879935, 32.08245 ], [ -80.988455945480609, 32.082447293041831 ], [ -80.98841231523032, 32.082440821105571 ], [ -80.988369529432305, 32.082430103821082 ], [ -80.988328000137102, 32.082415244401659 ], [ -80.98828812729468, 32.082396385951675 ], [ -80.988250294902286, 32.082373710088333 ], [ -80.988214867306311, 32.082347435192432 ], [ -80.988182185694185, 32.082317814305789 ], [ -80.988152564807564, 32.082285132693677 ], [ -80.98812628991169, 32.082249705097745 ], [ -80.988103614048285, 32.082211872705273 ], [ -80.988084755598308, 32.082171999862851 ], [ -80.988069896178914, 32.082130470567719 ], [ -80.988059178894432, 32.082087684769753 ], [ -80.988052706958172, 32.082044054519478 ], [ -80.98805, 32.081988953119975 ], [ -80.98805, 32.080511046880027 ], [ -80.988052706958172, 32.080455945480523 ], [ -80.988059178894432, 32.080412315230248 ], [ -80.988069896178914, 32.080369529432282 ], [ -80.988084755598308, 32.08032800013715 ], [ -80.988103614048285, 32.080288127294729 ], [ -80.98812628991169, 32.080250294902257 ], [ -80.988152564807564, 32.080214867306324 ], [ -80.988182185694185, 32.080182185694213 ], [ -80.988214867306311, 32.08015256480757 ], [ -80.988250294902286, 32.080126289911668 ], [ -80.98828812729468, 32.080103614048326 ], [ -80.988328000137102, 32.080084755598342 ], [ -80.988369529432305, 32.080069896178919 ], [ -80.98841231523032, 32.08005917889443 ], [ -80.988455945480609, 32.08005270695817 ], [ -80.988511046879935, 32.08005 ], [ -80.991488953120069, 32.08005 ], [ -80.991544054519395, 32.08005270695817 ], [ -80.991587684769684, 32.08005917889443 ], [ -80.991630470567699, 32.080069896178919 ], [ -80.991671999862902, 32.080084755598342 ], [ -80.991711872705324, 32.080103614048326 ], [ -80.991749705097718, 32.080126289911668 ] ] ], [ [ [ -81.04874970509772, 32.078626289911668 ], [ -81.048785132693695, 32.07865256480757 ], [ -81.048817814305821, 32.078682185694213 ], [ -81.048847435192442, 32.078714867306324 ], [ -81.048873710088316, 32.078750294902257 ], [ -81.048896385951721, 32.078788127294729 ], [ -81.048915244401698, 32.07882800013715 ], [ -81.048930103821093, 32.078869529432282 ], [ -81.048940821105575, 32.078912315230248 ], [ -81.048947293041834, 32.078955945480523 ], [ -81.04895, 32.079011046880026 ], [ -81.04895, 32.080488953119975 ], [ -81.048947293041834, 32.080544054519478 ], [ -81.048940821105575, 32.080587684769753 ], [ -81.048930103821093, 32.080630470567719 ], [ -81.048915244401698, 32.080671999862851 ], [ -81.048896385951721, 32.080711872705272 ], [ -81.048873710088316, 32.080749705097745 ], [ -81.048847435192442, 32.080785132693677 ], [ -81.048817814305821, 32.080817814305789 ], [ -81.048785132693695, 32.080847435192432 ], [ -81.04874970509772, 32.080873710088333 ], [ -81.048711872705326, 32.080896385951675 ], [ -81.048671999862904, 32.080915244401659 ], [ -81.048630470567701, 32.080930103821082 ], [ -81.048587684769686, 32.080940821105571 ], [ -81.048544054519397, 32.080947293041831 ], [ -81.048488953120071, 32.08095 ], [ -81.045511046879938, 32.08095 ], [ -81.045455945480612, 32.080947293041831 ], [ -81.045412315230323, 32.080940821105571 ], [ -81.045369529432307, 32.080930103821082 ], [ -81.045328000137104, 32.080915244401659 ], [ -81.045288127294683, 32.080896385951675 ], [ -81.045250294902289, 32.080873710088333 ], [ -81.045214867306314, 32.080847435192432 ], [ -81.045182185694188, 32.080817814305789 ], [ -81.045152564807566, 32.080785132693677 ], [ -81.045126289911693, 32.080749705097745 ], [ -81.045103614048287, 32.080711872705272 ], [ -81.04508475559831, 32.080671999862851 ], [ -81.045069896178916, 32.080630470567719 ], [ -81.045059178894434, 32.080587684769753 ], [ -81.045052706958174, 32.080544054519478 ], [ -81.04505, 32.080488953119975 ], [ -81.04505, 32.079011046880026 ], [ -81.045052706958174, 32.078955945480523 ], [ -81.045059178894434, 32.078912315230248 ], [ -81.045069896178916, 32.078869529432282 ], [ -81.04508475559831, 32.07882800013715 ], [ -81.045103614048287, 32.078788127294729 ], [ -81.045126289911693, 32.078750294902257 ], [ -81.045152564807566, 32.078714867306324 ], [ -81.045182185694188, 32.078682185694213 ], [ -81.045214867306314, 32.07865256480757 ], [ -81.045250294902289, 32.078626289911668 ], [ -81.045288127294683, 32.078603614048326 ], [ -81.045328000137104, 32.078584755598342 ], [ -81.045369529432307, 32.078569896178919 ], [ -81.045412315230323, 32.07855917889443 ], [ -81.045455945480612, 32.07855270695817 ], [ -81.045511046879938, 32.07855 ], [ -81.048488953120071, 32.07855 ], [ -81.048544054519397, 32.07855270695817 ], [ -81.048587684769686, 32.07855917889443 ], [ -81.048630470567701, 32.078569896178919 ], [ -81.048671999862904, 32.078584755598342 ], [ -81.048711872705326, 32.078603614048326 ], [ -81.04874970509772, 32.078626289911668 ] ] ], [ [ [ -81.053249705097713, 32.078626289911668 ], [ -81.053285132693688, 32.07865256480757 ], [ -81.053317814305814, 32.078682185694213 ], [ -81.053347435192435, 32.078714867306324 ], [ -81.053373710088309, 32.078750294902257 ], [ -81.053396385951714, 32.078788127294729 ], [ -81.053415244401691, 32.07882800013715 ], [ -81.053430103821086, 32.078869529432282 ], [ -81.053440821105568, 32.078912315230248 ], [ -81.053447293041827, 32.078955945480523 ], [ -81.05345, 32.079011046880026 ], [ -81.05345, 32.080488953119975 ], [ -81.053447293041827, 32.080544054519478 ], [ -81.053440821105568, 32.080587684769753 ], [ -81.053430103821086, 32.080630470567719 ], [ -81.053415244401691, 32.080671999862851 ], [ -81.053396385951714, 32.080711872705272 ], [ -81.053373710088309, 32.080749705097745 ], [ -81.053347435192435, 32.080785132693677 ], [ -81.053317814305814, 32.080817814305789 ], [ -81.053285132693688, 32.080847435192432 ], [ -81.053249705097713, 32.080873710088333 ], [ -81.053211872705319, 32.080896385951675 ], [ -81.053171999862897, 32.080915244401659 ], [ -81.053130470567694, 32.080930103821082 ], [ -81.053087684769679, 32.080940821105571 ], [ -81.05304405451939, 32.080947293041831 ], [ -81.052988953120064, 32.08095 ], [ -81.051511046879938, 32.08095 ], [ -81.051455945480612, 32.080947293041831 ], [ -81.051412315230323, 32.080940821105571 ], [ -81.051369529432307, 32.080930103821082 ], [ -81.051328000137104, 32.080915244401659 ], [ -81.051288127294683, 32.080896385951675 ], [ -81.051250294902289, 32.080873710088333 ], [ -81.051214867306314, 32.080847435192432 ], [ -81.051182185694188, 32.080817814305789 ], [ -81.051152564807566, 32.080785132693677 ], [ -81.051126289911693, 32.080749705097745 ], [ -81.051103614048287, 32.080711872705272 ], [ -81.05108475559831, 32.080671999862851 ], [ -81.051069896178916, 32.080630470567719 ], [ -81.051059178894434, 32.080587684769753 ], [ -81.051052706958174, 32.080544054519478 ], [ -81.05105, 32.080488953119975 ], [ -81.05105, 32.079011046880026 ], [ -81.051052706958174, 32.078955945480523 ], [ -81.051059178894434, 32.078912315230248 ], [ -81.051069896178916, 32.078869529432282 ], [ -81.05108475559831, 32.07882800013715 ], [ -81.051103614048287, 32.078788127294729 ], [ -81.051126289911693, 32.078750294902257 ], [ -81.051152564807566, 32.078714867306324 ], [ -81.051182185694188, 32.078682185694213 ], [ -81.051214867306314, 32.07865256480757 ], [ -81.051250294902289, 32.078626289911668 ], [ -81.051288127294683, 32.078603614048326 ], [ -81.051328000137104, 32.078584755598342 ], [ -81.051369529432307, 32.078569896178919 ], [ -81.051412315230323, 32.07855917889443 ], [ -81.051455945480612, 32.07855270695817 ], [ -81.051511046879938, 32.07855 ], [ -81.052988953120064, 32.07855 ], [ -81.05304405451939, 32.07855270695817 ], [ -81.053087684769679, 32.07855917889443 ], [ -81.053130470567694, 32.078569896178919 ], [ -81.053171999862897, 32.078584755598342 ], [ -81.053211872705319, 32.078603614048326 ], [ -81.053249705097713, 32.078626289911668 ] ] ], [ [ [ -81.072749705097721, 32.077126289911668 ], [ -81.072785132693696, 32.077152564807569 ], [ -81.072817814305822, 32.077182185694213 ], [ -81.072847435192443, 32.077214867306324 ], [ -81.072873710088317, 32.077250294902257 ], [ -81.072896385951722, 32.077288127294729 ], [ -81.072915244401699, 32.07732800013715 ], [ -81.072930103821093, 32.077369529432282 ], [ -81.072940821105576, 32.077412315230248 ], [ -81.072947293041835, 32.077455945480523 ], [ -81.07295, 32.077511046880026 ], [ -81.07295, 32.078988953119975 ], [ -81.072947293041835, 32.079044054519478 ], [ -81.072940821105576, 32.079087684769753 ], [ -81.072930103821093, 32.079130470567719 ], [ -81.072915244401699, 32.079171999862851 ], [ -81.072896385951722, 32.079211872705272 ], [ -81.072873710088317, 32.079249705097745 ], [ -81.072847435192443, 32.079285132693677 ], [ -81.072817814305822, 32.079317814305789 ], [ -81.072785132693696, 32.079347435192432 ], [ -81.072749705097721, 32.079373710088333 ], [ -81.072711872705327, 32.079396385951675 ], [ -81.072671999862905, 32.079415244401659 ], [ -81.072630470567702, 32.079430103821082 ], [ -81.072587684769687, 32.079440821105571 ], [ -81.072544054519398, 32.079447293041831 ], [ -81.072488953120072, 32.07945 ], [ -81.0674, 32.07945 ], [ -81.067355892286855, 32.079452166872997 ], [ -81.067312209355094, 32.07945864662382 ], [ -81.067269371895236, 32.07946937684892 ], [ -81.067227792455441, 32.079484254210371 ], [ -81.067187871468434, 32.079503135431047 ], [ -81.067149993395148, 32.079525838674464 ], [ -81.067114523022127, 32.079552145295992 ], [ -81.067081801948476, 32.079581801948471 ], [ -81.067052145295989, 32.07961452302213 ], [ -81.067025838674468, 32.079649993395144 ], [ -81.067003135431051, 32.07968787146843 ], [ -81.066984254210382, 32.079727792455436 ], [ -81.066969376848931, 32.079769371895239 ], [ -81.066958646623831, 32.079812209355097 ], [ -81.066952166873008, 32.079855892286851 ], [ -81.06695, 32.0799 ], [ -81.06695, 32.080488953119975 ], [ -81.066947293041835, 32.080544054519478 ], [ -81.066940821105575, 32.080587684769753 ], [ -81.066930103821093, 32.080630470567719 ], [ -81.066915244401699, 32.080671999862851 ], [ -81.066896385951722, 32.080711872705272 ], [ -81.066873710088316, 32.080749705097745 ], [ -81.066847435192443, 32.080785132693677 ], [ -81.066817814305821, 32.080817814305789 ], [ -81.066785132693695, 32.080847435192432 ], [ -81.06674970509772, 32.080873710088333 ], [ -81.066711872705326, 32.080896385951675 ], [ -81.066671999862905, 32.080915244401659 ], [ -81.066630470567702, 32.080930103821082 ], [ -81.066587684769686, 32.080940821105571 ], [ -81.066544054519397, 32.080947293041831 ], [ -81.066488953120071, 32.08095 ], [ -81.065011046879931, 32.08095 ], [ -81.064955945480605, 32.080947293041831 ], [ -81.064912315230316, 32.080940821105571 ], [ -81.064869529432301, 32.080930103821082 ], [ -81.064828000137098, 32.080915244401659 ], [ -81.064788127294676, 32.080896385951675 ], [ -81.064750294902282, 32.080873710088333 ], [ -81.064714867306307, 32.080847435192432 ], [ -81.064682185694181, 32.080817814305789 ], [ -81.06465256480756, 32.080785132693677 ], [ -81.064615024337598, 32.080734515229501 ], [ -81.064611396574051, 32.080729086923725 ], [ -81.064583322444747, 32.080694896763951 ], [ -81.064552026817793, 32.080663628449408 ], [ -81.064517812159423, 32.080635584182374 ], [ -81.064481009147755, 32.080611035005326 ], [ -81.064441973476875, 32.080590218181364 ], [ -81.064401082419067, 32.080573334901111 ], [ -81.064358731178572, 32.080560548338234 ], [ -81.064315329072045, 32.080551982072421 ], [ -81.064271295572539, 32.080547718894998 ], [ -81.06422705625539, 32.080547800008752 ], [ -81.064183038685144, 32.080552224629734 ], [ -81.06413966828319, 32.080560949994833 ], [ -81.064097364216181, 32.08057389177506 ], [ -81.064056535344818, 32.080590924890586 ], [ -81.064017576272349, 32.080611884719616 ], [ -81.06398086353073, 32.0806365686894 ], [ -81.063946751941614, 32.080664738234098 ], [ -81.063915571186953, 32.080696121100445 ], [ -81.063887622622801, 32.080730413979047 ], [ -81.063846906165708, 32.080785716384725 ], [ -81.063817814305821, 32.080817814305789 ], [ -81.063785132693695, 32.080847435192432 ], [ -81.06374970509772, 32.080873710088333 ], [ -81.063711872705326, 32.080896385951675 ], [ -81.063671999862905, 32.080915244401659 ], [ -81.063630470567702, 32.080930103821082 ], [ -81.063587684769686, 32.080940821105571 ], [ -81.063544054519397, 32.080947293041831 ], [ -81.063488953120071, 32.08095 ], [ -81.062011046879931, 32.08095 ], [ -81.061955945480605, 32.080947293041831 ], [ -81.061912315230316, 32.080940821105571 ], [ -81.0618695294323, 32.080930103821082 ], [ -81.061828000137098, 32.080915244401659 ], [ -81.061788127294676, 32.080896385951675 ], [ -81.061750294902282, 32.080873710088333 ], [ -81.061714867306307, 32.080847435192432 ], [ -81.061682185694181, 32.080817814305789 ], [ -81.061652564807559, 32.080785132693677 ], [ -81.061626289911686, 32.080749705097745 ], [ -81.061603614048281, 32.080711872705272 ], [ -81.061584755598304, 32.080671999862851 ], [ -81.061569896178909, 32.080630470567719 ], [ -81.061559178894427, 32.080587684769753 ], [ -81.061552706958167, 32.080544054519478 ], [ -81.06155, 32.080488953119975 ], [ -81.06155, 32.079011046880026 ], [ -81.061552706958167, 32.078955945480523 ], [ -81.061559178894427, 32.078912315230248 ], [ -81.061569896178909, 32.078869529432282 ], [ -81.061584755598304, 32.07882800013715 ], [ -81.061603614048281, 32.078788127294729 ], [ -81.061626289911686, 32.078750294902257 ], [ -81.061652564807559, 32.078714867306324 ], [ -81.061682185694181, 32.078682185694213 ], [ -81.061714867306307, 32.07865256480757 ], [ -81.061750294902282, 32.078626289911668 ], [ -81.061788127294676, 32.078603614048326 ], [ -81.061828000137098, 32.078584755598342 ], [ -81.0618695294323, 32.078569896178919 ], [ -81.061912315230316, 32.07855917889443 ], [ -81.061955945480605, 32.07855270695817 ], [ -81.062011046879931, 32.07855 ], [ -81.063488953120071, 32.07855 ], [ -81.063544054519397, 32.07855270695817 ], [ -81.063587684769686, 32.07855917889443 ], [ -81.063630470567702, 32.078569896178919 ], [ -81.063671999862905, 32.078584755598342 ], [ -81.063711872705326, 32.078603614048326 ], [ -81.06374970509772, 32.078626289911668 ], [ -81.063785132693695, 32.07865256480757 ], [ -81.063817814305821, 32.078682185694213 ], [ -81.063847435192443, 32.078714867306324 ], [ -81.063884975662404, 32.0787654847705 ], [ -81.063888603425951, 32.078770913076276 ], [ -81.063916677555255, 32.07880510323605 ], [ -81.063947973182209, 32.078836371550594 ], [ -81.06398218784058, 32.078864415817627 ], [ -81.064018990852247, 32.078888964994675 ], [ -81.064058026523128, 32.078909781818638 ], [ -81.064098917580935, 32.078926665098891 ], [ -81.06414126882143, 32.078939451661768 ], [ -81.064184670927958, 32.07894801792758 ], [ -81.064228704427464, 32.078952281105003 ], [ -81.064272943744612, 32.078952199991249 ], [ -81.064316961314859, 32.078947775370267 ], [ -81.064360331716813, 32.078939050005168 ], [ -81.064402635783821, 32.078926108224941 ], [ -81.064443464655184, 32.078909075109415 ], [ -81.064482423727654, 32.078888115280385 ], [ -81.064519136469272, 32.078863431310602 ], [ -81.064553248058388, 32.078835261765903 ], [ -81.064584428813049, 32.078803878899556 ], [ -81.064612377377202, 32.078769586020954 ], [ -81.064653093834295, 32.078714283615277 ], [ -81.064682185694181, 32.078682185694213 ], [ -81.064714867306307, 32.07865256480757 ], [ -81.064750294902282, 32.078626289911668 ], [ -81.064788127294676, 32.078603614048326 ], [ -81.064828000137098, 32.078584755598342 ], [ -81.064869529432301, 32.078569896178919 ], [ -81.064912315230316, 32.07855917889443 ], [ -81.064955945480605, 32.07855270695817 ], [ -81.065011046879931, 32.07855 ], [ -81.0656, 32.07855 ], [ -81.065644107713155, 32.078547833127004 ], [ -81.065687790644915, 32.078541353376181 ], [ -81.065730628104774, 32.078530623151082 ], [ -81.065772207544569, 32.07851574578963 ], [ -81.065812128531576, 32.078496864568955 ], [ -81.065850006604862, 32.078474161325538 ], [ -81.065885476977883, 32.07844785470401 ], [ -81.065918198051534, 32.07841819805153 ], [ -81.065947854704021, 32.078385476977871 ], [ -81.065974161325542, 32.078350006604857 ], [ -81.065996864568959, 32.078312128531572 ], [ -81.066015745789628, 32.078272207544565 ], [ -81.066030623151079, 32.078230628104762 ], [ -81.066041353376178, 32.078187790644904 ], [ -81.066047833127001, 32.07814410771315 ], [ -81.06605, 32.0781 ], [ -81.06605, 32.077511046880026 ], [ -81.066052706958175, 32.077455945480523 ], [ -81.066059178894434, 32.077412315230248 ], [ -81.066069896178917, 32.077369529432282 ], [ -81.066084755598311, 32.07732800013715 ], [ -81.066103614048288, 32.077288127294729 ], [ -81.066126289911693, 32.077250294902257 ], [ -81.066152564807567, 32.077214867306324 ], [ -81.066182185694188, 32.077182185694213 ], [ -81.066214867306314, 32.077152564807569 ], [ -81.066250294902289, 32.077126289911668 ], [ -81.066288127294683, 32.077103614048326 ], [ -81.066328000137105, 32.077084755598342 ], [ -81.066369529432308, 32.077069896178919 ], [ -81.066412315230323, 32.07705917889443 ], [ -81.066455945480612, 32.07705270695817 ], [ -81.066511046879938, 32.07705 ], [ -81.072488953120072, 32.07705 ], [ -81.072544054519398, 32.07705270695817 ], [ -81.072587684769687, 32.07705917889443 ], [ -81.072630470567702, 32.077069896178919 ], [ -81.072671999862905, 32.077084755598342 ], [ -81.072711872705327, 32.077103614048326 ], [ -81.072749705097721, 32.077126289911668 ] ] ], [ [ [ -81.107452166873003, 32.094644107713151 ], [ -81.107458646623826, 32.094687790644905 ], [ -81.107469376848925, 32.094730628104763 ], [ -81.107484254210377, 32.094772207544565 ], [ -81.107503135431045, 32.094812128531572 ], [ -81.107525838674462, 32.094850006604858 ], [ -81.107552145295983, 32.094885476977872 ], [ -81.10758180194847, 32.094918198051531 ], [ -81.107614523022121, 32.09494785470401 ], [ -81.107649993395142, 32.094974161325538 ], [ -81.107687871468428, 32.094996864568955 ], [ -81.107727792455435, 32.095015745789631 ], [ -81.10776937189523, 32.095030623151082 ], [ -81.107812209355089, 32.095041353376182 ], [ -81.10785589228685, 32.095047833127005 ], [ -81.1079, 32.09505 ], [ -81.109988953120066, 32.09505 ], [ -81.110044054519392, 32.095052706958171 ], [ -81.110087684769681, 32.095059178894431 ], [ -81.110130470567697, 32.09506989617892 ], [ -81.110171999862899, 32.095084755598343 ], [ -81.110211872705321, 32.095103614048327 ], [ -81.110249705097715, 32.095126289911668 ], [ -81.11028513269369, 32.09515256480757 ], [ -81.110317814305816, 32.095182185694213 ], [ -81.110347435192438, 32.095214867306325 ], [ -81.110373710088311, 32.095250294902257 ], [ -81.110396385951717, 32.095288127294729 ], [ -81.110415244401693, 32.095328000137151 ], [ -81.110430103821088, 32.095369529432283 ], [ -81.11044082110557, 32.095412315230249 ], [ -81.11044729304183, 32.095455945480523 ], [ -81.11045, 32.095511046880027 ], [ -81.11045, 32.096988953119975 ], [ -81.11044729304183, 32.097044054519479 ], [ -81.11044082110557, 32.097087684769754 ], [ -81.110430103821088, 32.09713047056772 ], [ -81.110415244401693, 32.097171999862852 ], [ -81.110396385951717, 32.097211872705273 ], [ -81.110373710088311, 32.097249705097745 ], [ -81.110347435192438, 32.097285132693678 ], [ -81.110317814305816, 32.097317814305789 ], [ -81.11028513269369, 32.097347435192432 ], [ -81.110249705097715, 32.097373710088334 ], [ -81.110211872705321, 32.097396385951676 ], [ -81.110171999862899, 32.09741524440166 ], [ -81.110130470567697, 32.097430103821083 ], [ -81.110087684769681, 32.097440821105572 ], [ -81.110044054519392, 32.097447293041832 ], [ -81.109988953120066, 32.09745 ], [ -81.107011046879933, 32.09745 ], [ -81.106955945480607, 32.097447293041832 ], [ -81.106912315230318, 32.097440821105572 ], [ -81.106869529432302, 32.097430103821083 ], [ -81.106828000137099, 32.09741524440166 ], [ -81.106788127294678, 32.097396385951676 ], [ -81.106750294902284, 32.097373710088334 ], [ -81.106714867306309, 32.097347435192432 ], [ -81.106682185694183, 32.097317814305789 ], [ -81.106652564807561, 32.097285132693678 ], [ -81.106626289911688, 32.097249705097745 ], [ -81.106603614048282, 32.097211872705273 ], [ -81.106584755598305, 32.097171999862852 ], [ -81.106569896178911, 32.09713047056772 ], [ -81.106559178894429, 32.097087684769754 ], [ -81.106552706958169, 32.097044054519479 ], [ -81.10655, 32.096988953119975 ], [ -81.10655, 32.0964 ], [ -81.106547833126996, 32.096355892286851 ], [ -81.106541353376173, 32.096312209355098 ], [ -81.106530623151073, 32.096269371895239 ], [ -81.106515745789622, 32.096227792455437 ], [ -81.106496864568953, 32.09618787146843 ], [ -81.106474161325536, 32.096149993395144 ], [ -81.106447854704015, 32.096114523022131 ], [ -81.106418198051529, 32.096081801948472 ], [ -81.106385476977877, 32.096052145295992 ], [ -81.106350006604856, 32.096025838674464 ], [ -81.10631212853157, 32.096003135431047 ], [ -81.106272207544563, 32.095984254210371 ], [ -81.106230628104768, 32.09596937684892 ], [ -81.10618779064491, 32.095958646623821 ], [ -81.106144107713149, 32.095952166872998 ], [ -81.1061, 32.09595 ], [ -81.10551104687994, 32.09595 ], [ -81.105455945480614, 32.095947293041831 ], [ -81.105412315230325, 32.095940821105572 ], [ -81.105369529432309, 32.095930103821082 ], [ -81.105328000137106, 32.09591524440166 ], [ -81.105288127294685, 32.095896385951676 ], [ -81.105250294902291, 32.095873710088334 ], [ -81.105214867306316, 32.095847435192432 ], [ -81.10518218569419, 32.095817814305789 ], [ -81.105152564807568, 32.095785132693678 ], [ -81.105126289911695, 32.095749705097745 ], [ -81.105103614048289, 32.095711872705273 ], [ -81.105084755598313, 32.095671999862851 ], [ -81.105069896178918, 32.09563047056772 ], [ -81.105059178894436, 32.095587684769754 ], [ -81.105052706958176, 32.095544054519479 ], [ -81.10505, 32.095488953119975 ], [ -81.10505, 32.0949 ], [ -81.105047833127003, 32.094855892286851 ], [ -81.10504135337618, 32.094812209355098 ], [ -81.10503062315108, 32.094769371895239 ], [ -81.105015745789629, 32.094727792455437 ], [ -81.10499686456896, 32.09468787146843 ], [ -81.104974161325543, 32.094649993395144 ], [ -81.104947854704022, 32.09461452302213 ], [ -81.104918198051536, 32.094581801948472 ], [ -81.104885476977884, 32.094552145295992 ], [ -81.104850006604863, 32.094525838674464 ], [ -81.104812128531577, 32.094503135431047 ], [ -81.104772207544571, 32.094484254210371 ], [ -81.104730628104775, 32.09446937684892 ], [ -81.104687790644917, 32.094458646623821 ], [ -81.104644107713156, 32.094452166872998 ], [ -81.1046, 32.09445 ], [ -81.104011046879933, 32.09445 ], [ -81.103955945480607, 32.094447293041831 ], [ -81.103912315230318, 32.094440821105572 ], [ -81.103869529432302, 32.094430103821082 ], [ -81.103828000137099, 32.094415244401659 ], [ -81.103788127294678, 32.094396385951676 ], [ -81.103750294902284, 32.094373710088334 ], [ -81.103714867306309, 32.094347435192432 ], [ -81.103682185694183, 32.094317814305789 ], [ -81.103652564807561, 32.094285132693678 ], [ -81.103626289911688, 32.094249705097745 ], [ -81.103603614048282, 32.094211872705273 ], [ -81.103584755598305, 32.094171999862851 ], [ -81.103569896178911, 32.09413047056772 ], [ -81.103559178894429, 32.094087684769754 ], [ -81.103552706958169, 32.094044054519479 ], [ -81.10355, 32.093988953119975 ], [ -81.10355, 32.0934 ], [ -81.103547833126996, 32.093355892286851 ], [ -81.103541353376173, 32.093312209355098 ], [ -81.103530623151073, 32.093269371895239 ], [ -81.103515745789622, 32.093227792455437 ], [ -81.103496864568953, 32.09318787146843 ], [ -81.103474161325536, 32.093149993395144 ], [ -81.103447854704015, 32.09311452302213 ], [ -81.103418198051529, 32.093081801948472 ], [ -81.103385476977877, 32.093052145295992 ], [ -81.103350006604856, 32.093025838674464 ], [ -81.10331212853157, 32.093003135431047 ], [ -81.103272207544563, 32.092984254210371 ], [ -81.103230628104768, 32.09296937684892 ], [ -81.10318779064491, 32.092958646623821 ], [ -81.103144107713149, 32.092952166872998 ], [ -81.1031, 32.09295 ], [ -81.10251104687994, 32.09295 ], [ -81.102455945480614, 32.092947293041831 ], [ -81.102412315230325, 32.092940821105572 ], [ -81.102369529432309, 32.092930103821082 ], [ -81.102328000137106, 32.092915244401659 ], [ -81.102288127294685, 32.092896385951676 ], [ -81.102250294902291, 32.092873710088334 ], [ -81.102214867306316, 32.092847435192432 ], [ -81.10218218569419, 32.092817814305789 ], [ -81.102152564807568, 32.092785132693677 ], [ -81.102126289911695, 32.092749705097745 ], [ -81.102103614048289, 32.092711872705273 ], [ -81.102084755598312, 32.092671999862851 ], [ -81.102069896178918, 32.09263047056772 ], [ -81.102059178894436, 32.092587684769754 ], [ -81.102052706958176, 32.092544054519479 ], [ -81.10205, 32.092488953119975 ], [ -81.10205, 32.0919 ], [ -81.102047833127003, 32.091855892286851 ], [ -81.10204135337618, 32.091812209355098 ], [ -81.10203062315108, 32.091769371895239 ], [ -81.102015745789629, 32.091727792455437 ], [ -81.10199686456896, 32.09168787146843 ], [ -81.101974161325543, 32.091649993395144 ], [ -81.101947854704022, 32.09161452302213 ], [ -81.101918198051536, 32.091581801948472 ], [ -81.101885476977884, 32.091552145295992 ], [ -81.101850006604863, 32.091525838674464 ], [ -81.101812128531577, 32.091503135431047 ], [ -81.10177220754457, 32.091484254210371 ], [ -81.101730628104775, 32.09146937684892 ], [ -81.101687790644917, 32.091458646623821 ], [ -81.101644107713156, 32.091452166872998 ], [ -81.1016, 32.09145 ], [ -81.101011046879933, 32.09145 ], [ -81.100955945480607, 32.091447293041831 ], [ -81.100912315230318, 32.091440821105572 ], [ -81.100869529432302, 32.091430103821082 ], [ -81.100828000137099, 32.091415244401659 ], [ -81.100788127294678, 32.091396385951676 ], [ -81.100750294902284, 32.091373710088334 ], [ -81.100714867306309, 32.091347435192432 ], [ -81.100682185694183, 32.091317814305789 ], [ -81.100652564807561, 32.091285132693677 ], [ -81.100626289911688, 32.091249705097745 ], [ -81.100603614048282, 32.091211872705273 ], [ -81.100584755598305, 32.091171999862851 ], [ -81.100569896178911, 32.09113047056772 ], [ -81.100559178894429, 32.091087684769754 ], [ -81.100552706958169, 32.091044054519479 ], [ -81.10055, 32.090988953119975 ], [ -81.10055, 32.0904 ], [ -81.100547833126996, 32.090355892286851 ], [ -81.100541353376173, 32.090312209355098 ], [ -81.100530623151073, 32.090269371895239 ], [ -81.100515745789622, 32.090227792455437 ], [ -81.100496864568953, 32.09018787146843 ], [ -81.100474161325536, 32.090149993395144 ], [ -81.100447854704015, 32.09011452302213 ], [ -81.100418198051528, 32.090081801948472 ], [ -81.100385476977877, 32.090052145295992 ], [ -81.100350006604856, 32.090025838674464 ], [ -81.10031212853157, 32.090003135431047 ], [ -81.100272207544563, 32.089984254210371 ], [ -81.100230628104768, 32.08996937684892 ], [ -81.10018779064491, 32.08995864662382 ], [ -81.100144107713149, 32.089952166872997 ], [ -81.1001, 32.08995 ], [ -81.09951104687994, 32.08995 ], [ -81.099455945480614, 32.089947293041831 ], [ -81.099412315230325, 32.089940821105571 ], [ -81.099369529432309, 32.089930103821082 ], [ -81.099328000137106, 32.089915244401659 ], [ -81.099288127294685, 32.089896385951675 ], [ -81.099250294902291, 32.089873710088334 ], [ -81.099214867306316, 32.089847435192432 ], [ -81.09918218569419, 32.089817814305789 ], [ -81.099152564807568, 32.089785132693677 ], [ -81.099126289911695, 32.089749705097745 ], [ -81.099103614048289, 32.089711872705273 ], [ -81.099084755598312, 32.089671999862851 ], [ -81.099069896178918, 32.08963047056772 ], [ -81.099059178894436, 32.089587684769754 ], [ -81.099052706958176, 32.089544054519479 ], [ -81.09905, 32.089488953119975 ], [ -81.09905, 32.0889 ], [ -81.099047833127003, 32.088855892286851 ], [ -81.09904135337618, 32.088812209355098 ], [ -81.09903062315108, 32.088769371895239 ], [ -81.099015745789629, 32.088727792455437 ], [ -81.09899686456896, 32.08868787146843 ], [ -81.098974161325543, 32.088649993395144 ], [ -81.098947854704022, 32.08861452302213 ], [ -81.098918198051535, 32.088581801948472 ], [ -81.098885476977884, 32.088552145295992 ], [ -81.098850006604863, 32.088525838674464 ], [ -81.098812128531577, 32.088503135431047 ], [ -81.09877220754457, 32.088484254210371 ], [ -81.098730628104775, 32.08846937684892 ], [ -81.098687790644917, 32.08845864662382 ], [ -81.098644107713156, 32.088452166872997 ], [ -81.0986, 32.08845 ], [ -81.098011046879932, 32.08845 ], [ -81.097955945480606, 32.088447293041831 ], [ -81.097912315230317, 32.088440821105571 ], [ -81.097869529432302, 32.088430103821082 ], [ -81.097828000137099, 32.088415244401659 ], [ -81.097788127294677, 32.088396385951675 ], [ -81.097750294902283, 32.088373710088334 ], [ -81.097714867306308, 32.088347435192432 ], [ -81.097682185694183, 32.088317814305789 ], [ -81.097652564807561, 32.088285132693677 ], [ -81.097626289911688, 32.088249705097745 ], [ -81.097603614048282, 32.088211872705273 ], [ -81.097584755598305, 32.088171999862851 ], [ -81.097569896178911, 32.088130470567719 ], [ -81.097559178894429, 32.088087684769754 ], [ -81.097552706958169, 32.088044054519479 ], [ -81.09755, 32.087988953119975 ], [ -81.09755, 32.0874 ], [ -81.097547833126995, 32.087355892286851 ], [ -81.097541353376172, 32.087312209355098 ], [ -81.097530623151073, 32.087269371895239 ], [ -81.097515745789622, 32.087227792455437 ], [ -81.097496864568953, 32.08718787146843 ], [ -81.097474161325536, 32.087149993395144 ], [ -81.097447854704015, 32.08711452302213 ], [ -81.097418198051528, 32.087081801948472 ], [ -81.097385476977877, 32.087052145295992 ], [ -81.097350006604856, 32.087025838674464 ], [ -81.09731212853157, 32.087003135431047 ], [ -81.097272207544563, 32.086984254210371 ], [ -81.097230628104768, 32.08696937684892 ], [ -81.097187790644909, 32.08695864662382 ], [ -81.097144107713149, 32.086952166872997 ], [ -81.0971, 32.08695 ], [ -81.096511046879939, 32.08695 ], [ -81.096455945480614, 32.086947293041831 ], [ -81.096412315230324, 32.086940821105571 ], [ -81.096369529432309, 32.086930103821082 ], [ -81.096328000137106, 32.086915244401659 ], [ -81.096288127294685, 32.086896385951675 ], [ -81.096250294902291, 32.086873710088334 ], [ -81.096214867306315, 32.086847435192432 ], [ -81.09618218569419, 32.086817814305789 ], [ -81.096152564807568, 32.086785132693677 ], [ -81.096126289911695, 32.086749705097745 ], [ -81.096103614048289, 32.086711872705273 ], [ -81.096084755598312, 32.086671999862851 ], [ -81.096069896178918, 32.086630470567719 ], [ -81.096059178894436, 32.086587684769754 ], [ -81.096052706958176, 32.086544054519479 ], [ -81.09605, 32.086488953119975 ], [ -81.09605, 32.085011046880027 ], [ -81.096052706958176, 32.084955945480523 ], [ -81.096059178894436, 32.084912315230248 ], [ -81.096069896178918, 32.084869529432282 ], [ -81.096084755598312, 32.084828000137151 ], [ -81.096103614048289, 32.084788127294729 ], [ -81.096126289911695, 32.084750294902257 ], [ -81.096152564807568, 32.084714867306324 ], [ -81.09618218569419, 32.084682185694213 ], [ -81.096214867306315, 32.08465256480757 ], [ -81.096250294902291, 32.084626289911668 ], [ -81.096288127294685, 32.084603614048326 ], [ -81.096328000137106, 32.084584755598343 ], [ -81.096369529432309, 32.08456989617892 ], [ -81.096412315230324, 32.08455917889443 ], [ -81.096455945480614, 32.084552706958171 ], [ -81.096511046879939, 32.08455 ], [ -81.097988953120066, 32.08455 ], [ -81.098044054519391, 32.084552706958171 ], [ -81.098087684769681, 32.08455917889443 ], [ -81.098130470567696, 32.08456989617892 ], [ -81.098171999862899, 32.084584755598343 ], [ -81.098211872705321, 32.084603614048326 ], [ -81.098249705097714, 32.084626289911668 ], [ -81.09828513269369, 32.08465256480757 ], [ -81.098317814305815, 32.084682185694213 ], [ -81.098347435192437, 32.084714867306324 ], [ -81.09837371008831, 32.084750294902257 ], [ -81.098396385951716, 32.084788127294729 ], [ -81.098415244401693, 32.084828000137151 ], [ -81.098430103821087, 32.084869529432282 ], [ -81.098440821105569, 32.084912315230248 ], [ -81.098447293041829, 32.084955945480523 ], [ -81.09845, 32.085011046880027 ], [ -81.09845, 32.0856 ], [ -81.098452166873003, 32.085644107713151 ], [ -81.098458646623826, 32.085687790644904 ], [ -81.098469376848925, 32.085730628104763 ], [ -81.098484254210376, 32.085772207544565 ], [ -81.098503135431045, 32.085812128531572 ], [ -81.098525838674462, 32.085850006604858 ], [ -81.098552145295983, 32.085885476977872 ], [ -81.09858180194847, 32.08591819805153 ], [ -81.098614523022121, 32.08594785470401 ], [ -81.098649993395142, 32.085974161325538 ], [ -81.098687871468428, 32.085996864568955 ], [ -81.098727792455435, 32.086015745789631 ], [ -81.09876937189523, 32.086030623151082 ], [ -81.098812209355088, 32.086041353376181 ], [ -81.098855892286849, 32.086047833127004 ], [ -81.0989, 32.08605 ], [ -81.099488953120073, 32.08605 ], [ -81.099544054519399, 32.086052706958171 ], [ -81.099587684769688, 32.08605917889443 ], [ -81.099630470567703, 32.08606989617892 ], [ -81.099671999862906, 32.086084755598343 ], [ -81.099711872705328, 32.086103614048326 ], [ -81.099749705097722, 32.086126289911668 ], [ -81.099785132693697, 32.08615256480757 ], [ -81.099817814305823, 32.086182185694213 ], [ -81.099847435192444, 32.086214867306325 ], [ -81.099873710088318, 32.086250294902257 ], [ -81.099896385951723, 32.086288127294729 ], [ -81.0999152444017, 32.086328000137151 ], [ -81.099930103821094, 32.086369529432282 ], [ -81.099940821105577, 32.086412315230248 ], [ -81.099947293041836, 32.086455945480523 ], [ -81.09995, 32.086511046880027 ], [ -81.09995, 32.0871 ], [ -81.09995216687301, 32.087144107713151 ], [ -81.099958646623833, 32.087187790644904 ], [ -81.099969376848932, 32.087230628104763 ], [ -81.099984254210383, 32.087272207544565 ], [ -81.100003135431052, 32.087312128531572 ], [ -81.100025838674469, 32.087350006604858 ], [ -81.10005214529599, 32.087385476977872 ], [ -81.100081801948477, 32.08741819805153 ], [ -81.100114523022128, 32.08744785470401 ], [ -81.100149993395149, 32.087474161325538 ], [ -81.100187871468435, 32.087496864568955 ], [ -81.100227792455442, 32.087515745789631 ], [ -81.100269371895237, 32.087530623151082 ], [ -81.100312209355096, 32.087541353376182 ], [ -81.100355892286856, 32.087547833127005 ], [ -81.1004, 32.08755 ], [ -81.102488953120073, 32.08755 ], [ -81.102544054519399, 32.087552706958171 ], [ -81.102587684769688, 32.087559178894431 ], [ -81.102630470567703, 32.08756989617892 ], [ -81.102671999862906, 32.087584755598343 ], [ -81.102711872705328, 32.087603614048327 ], [ -81.102749705097722, 32.087626289911668 ], [ -81.102785132693697, 32.08765256480757 ], [ -81.102817814305823, 32.087682185694213 ], [ -81.102847435192444, 32.087714867306325 ], [ -81.102873710088318, 32.087750294902257 ], [ -81.102896385951723, 32.087788127294729 ], [ -81.1029152444017, 32.087828000137151 ], [ -81.102930103821095, 32.087869529432282 ], [ -81.102940821105577, 32.087912315230248 ], [ -81.102947293041836, 32.087955945480523 ], [ -81.10295, 32.088011046880027 ], [ -81.10295, 32.0886 ], [ -81.10295216687301, 32.088644107713151 ], [ -81.102958646623833, 32.088687790644904 ], [ -81.102969376848932, 32.088730628104763 ], [ -81.102984254210384, 32.088772207544565 ], [ -81.103003135431052, 32.088812128531572 ], [ -81.103025838674469, 32.088850006604858 ], [ -81.10305214529599, 32.088885476977872 ], [ -81.103081801948477, 32.08891819805153 ], [ -81.103114523022128, 32.08894785470401 ], [ -81.103149993395149, 32.088974161325538 ], [ -81.103187871468435, 32.088996864568955 ], [ -81.103227792455442, 32.089015745789631 ], [ -81.103269371895237, 32.089030623151082 ], [ -81.103312209355096, 32.089041353376182 ], [ -81.103355892286856, 32.089047833127005 ], [ -81.1034, 32.08905 ], [ -81.103988953120066, 32.08905 ], [ -81.104044054519392, 32.089052706958171 ], [ -81.104087684769681, 32.089059178894431 ], [ -81.104130470567696, 32.08906989617892 ], [ -81.104171999862899, 32.089084755598343 ], [ -81.104211872705321, 32.089103614048327 ], [ -81.104249705097715, 32.089126289911668 ], [ -81.10428513269369, 32.08915256480757 ], [ -81.104317814305816, 32.089182185694213 ], [ -81.104347435192437, 32.089214867306325 ], [ -81.104373710088311, 32.089250294902257 ], [ -81.104396385951716, 32.089288127294729 ], [ -81.104415244401693, 32.089328000137151 ], [ -81.104430103821088, 32.089369529432282 ], [ -81.10444082110557, 32.089412315230248 ], [ -81.104447293041829, 32.089455945480523 ], [ -81.10445, 32.089511046880027 ], [ -81.10445, 32.0916 ], [ -81.104452166873003, 32.091644107713151 ], [ -81.104458646623826, 32.091687790644905 ], [ -81.104469376848925, 32.091730628104763 ], [ -81.104484254210377, 32.091772207544565 ], [ -81.104503135431045, 32.091812128531572 ], [ -81.104525838674462, 32.091850006604858 ], [ -81.104552145295983, 32.091885476977872 ], [ -81.10458180194847, 32.09191819805153 ], [ -81.104614523022121, 32.09194785470401 ], [ -81.104649993395142, 32.091974161325538 ], [ -81.104687871468428, 32.091996864568955 ], [ -81.104727792455435, 32.092015745789631 ], [ -81.10476937189523, 32.092030623151082 ], [ -81.104812209355089, 32.092041353376182 ], [ -81.104855892286849, 32.092047833127005 ], [ -81.1049, 32.09205 ], [ -81.106988953120066, 32.09205 ], [ -81.107044054519392, 32.092052706958171 ], [ -81.107087684769681, 32.092059178894431 ], [ -81.107130470567697, 32.09206989617892 ], [ -81.107171999862899, 32.092084755598343 ], [ -81.107211872705321, 32.092103614048327 ], [ -81.107249705097715, 32.092126289911668 ], [ -81.10728513269369, 32.09215256480757 ], [ -81.107317814305816, 32.092182185694213 ], [ -81.107347435192438, 32.092214867306325 ], [ -81.107373710088311, 32.092250294902257 ], [ -81.107396385951716, 32.092288127294729 ], [ -81.107415244401693, 32.092328000137151 ], [ -81.107430103821088, 32.092369529432283 ], [ -81.10744082110557, 32.092412315230249 ], [ -81.10744729304183, 32.092455945480523 ], [ -81.10745, 32.092511046880027 ], [ -81.10745, 32.0946 ], [ -81.107452166873003, 32.094644107713151 ] ] ], [ [ [ -81.114749705097722, 32.098126289911669 ], [ -81.114785132693697, 32.09815256480757 ], [ -81.114817814305823, 32.098182185694213 ], [ -81.114847435192445, 32.098214867306325 ], [ -81.114873710088318, 32.098250294902257 ], [ -81.114896385951724, 32.09828812729473 ], [ -81.114915244401701, 32.098328000137151 ], [ -81.114930103821095, 32.098369529432283 ], [ -81.114940821105577, 32.098412315230249 ], [ -81.114947293041837, 32.098455945480524 ], [ -81.11495, 32.098511046880027 ], [ -81.11495, 32.0991 ], [ -81.11495216687301, 32.099144107713151 ], [ -81.114958646623833, 32.099187790644905 ], [ -81.114969376848933, 32.099230628104763 ], [ -81.114984254210384, 32.099272207544566 ], [ -81.115003135431053, 32.099312128531572 ], [ -81.11502583867447, 32.099350006604858 ], [ -81.115052145295991, 32.099385476977872 ], [ -81.115081801948477, 32.099418198051531 ], [ -81.115114523022129, 32.09944785470401 ], [ -81.11514999339515, 32.099474161325539 ], [ -81.115187871468436, 32.099496864568955 ], [ -81.115227792455443, 32.099515745789631 ], [ -81.115269371895238, 32.099530623151082 ], [ -81.115312209355096, 32.099541353376182 ], [ -81.115355892286857, 32.099547833127005 ], [ -81.1154, 32.09955 ], [ -81.115988953120066, 32.09955 ], [ -81.116044054519392, 32.099552706958171 ], [ -81.116087684769681, 32.099559178894431 ], [ -81.116130470567697, 32.09956989617892 ], [ -81.1161719998629, 32.099584755598343 ], [ -81.116211872705321, 32.099603614048327 ], [ -81.116249705097715, 32.099626289911669 ], [ -81.11628513269369, 32.09965256480757 ], [ -81.116317814305816, 32.099682185694213 ], [ -81.116347435192438, 32.099714867306325 ], [ -81.116373710088311, 32.099750294902258 ], [ -81.116396385951717, 32.09978812729473 ], [ -81.116415244401693, 32.099828000137151 ], [ -81.116430103821088, 32.099869529432283 ], [ -81.11644082110557, 32.099912315230249 ], [ -81.11644729304183, 32.099955945480524 ], [ -81.11645, 32.100011046880027 ], [ -81.11645, 32.1006 ], [ -81.116452166873003, 32.100644107713151 ], [ -81.116458646623826, 32.100687790644905 ], [ -81.116469376848926, 32.100730628104763 ], [ -81.116484254210377, 32.100772207544566 ], [ -81.116503135431046, 32.100812128531572 ], [ -81.116525838674463, 32.100850006604858 ], [ -81.116552145295984, 32.100885476977872 ], [ -81.11658180194847, 32.100918198051531 ], [ -81.116614523022122, 32.10094785470401 ], [ -81.116649993395143, 32.100974161325539 ], [ -81.116687871468429, 32.100996864568955 ], [ -81.116727792455436, 32.101015745789631 ], [ -81.116769371895231, 32.101030623151082 ], [ -81.116812209355089, 32.101041353376182 ], [ -81.11685589228685, 32.101047833127005 ], [ -81.1169, 32.10105 ], [ -81.117488953120073, 32.10105 ], [ -81.117544054519399, 32.101052706958171 ], [ -81.117587684769688, 32.101059178894431 ], [ -81.117630470567704, 32.10106989617892 ], [ -81.117671999862907, 32.101084755598343 ], [ -81.117711872705328, 32.101103614048327 ], [ -81.117749705097722, 32.101126289911669 ], [ -81.117785132693697, 32.10115256480757 ], [ -81.117817814305823, 32.101182185694213 ], [ -81.117847435192445, 32.101214867306325 ], [ -81.117873710088318, 32.101250294902258 ], [ -81.117896385951724, 32.10128812729473 ], [ -81.117915244401701, 32.101328000137151 ], [ -81.117930103821095, 32.101369529432283 ], [ -81.117940821105577, 32.101412315230249 ], [ -81.117947293041837, 32.101455945480524 ], [ -81.11795, 32.101511046880027 ], [ -81.11795, 32.104488953119976 ], [ -81.117947293041837, 32.104544054519479 ], [ -81.117940821105577, 32.104587684769754 ], [ -81.117930103821095, 32.10463047056772 ], [ -81.117915244401701, 32.104671999862852 ], [ -81.117896385951724, 32.104711872705273 ], [ -81.117873710088318, 32.104749705097746 ], [ -81.117847435192445, 32.104785132693678 ], [ -81.117817814305823, 32.10481781430579 ], [ -81.117785132693697, 32.104847435192433 ], [ -81.117749705097722, 32.104873710088334 ], [ -81.117711872705328, 32.104896385951676 ], [ -81.117671999862907, 32.10491524440166 ], [ -81.117630470567704, 32.104930103821083 ], [ -81.117587684769688, 32.104940821105572 ], [ -81.117544054519399, 32.104947293041832 ], [ -81.117488953120073, 32.10495 ], [ -81.116011046879933, 32.10495 ], [ -81.115955945480607, 32.104947293041832 ], [ -81.115912315230318, 32.104940821105572 ], [ -81.115869529432302, 32.104930103821083 ], [ -81.1158280001371, 32.10491524440166 ], [ -81.115788127294678, 32.104896385951676 ], [ -81.115750294902284, 32.104873710088334 ], [ -81.115714867306309, 32.104847435192433 ], [ -81.115682185694183, 32.10481781430579 ], [ -81.115652564807561, 32.104785132693678 ], [ -81.115626289911688, 32.104749705097746 ], [ -81.115603614048283, 32.104711872705273 ], [ -81.115584755598306, 32.104671999862852 ], [ -81.115569896178911, 32.10463047056772 ], [ -81.115559178894429, 32.104587684769754 ], [ -81.115552706958169, 32.104544054519479 ], [ -81.11555, 32.104488953119976 ], [ -81.11555, 32.1039 ], [ -81.115547833126996, 32.103855892286852 ], [ -81.115541353376173, 32.103812209355098 ], [ -81.115530623151074, 32.10376937189524 ], [ -81.115515745789622, 32.103727792455437 ], [ -81.115496864568954, 32.103687871468431 ], [ -81.115474161325537, 32.103649993395145 ], [ -81.115447854704016, 32.103614523022131 ], [ -81.115418198051529, 32.103581801948472 ], [ -81.115385476977877, 32.103552145295993 ], [ -81.115350006604857, 32.103525838674464 ], [ -81.115312128531571, 32.103503135431048 ], [ -81.115272207544564, 32.103484254210372 ], [ -81.115230628104769, 32.103469376848921 ], [ -81.11518779064491, 32.103458646623821 ], [ -81.115144107713149, 32.103452166872998 ], [ -81.1151, 32.10345 ], [ -81.11451104687994, 32.10345 ], [ -81.114455945480614, 32.103447293041832 ], [ -81.114412315230325, 32.103440821105572 ], [ -81.114369529432309, 32.103430103821083 ], [ -81.114328000137107, 32.10341524440166 ], [ -81.114288127294685, 32.103396385951676 ], [ -81.114250294902291, 32.103373710088334 ], [ -81.114214867306316, 32.103347435192433 ], [ -81.11418218569419, 32.10331781430579 ], [ -81.114152564807569, 32.103285132693678 ], [ -81.114126289911695, 32.103249705097745 ], [ -81.11410361404829, 32.103211872705273 ], [ -81.114084755598313, 32.103171999862852 ], [ -81.114069896178918, 32.10313047056772 ], [ -81.114059178894436, 32.103087684769754 ], [ -81.114052706958176, 32.103044054519479 ], [ -81.11405, 32.102988953119976 ], [ -81.11405, 32.1024 ], [ -81.114047833127003, 32.102355892286852 ], [ -81.11404135337618, 32.102312209355098 ], [ -81.114030623151081, 32.10226937189524 ], [ -81.114015745789629, 32.102227792455437 ], [ -81.113996864568961, 32.102187871468431 ], [ -81.113974161325544, 32.102149993395145 ], [ -81.113947854704023, 32.102114523022131 ], [ -81.113918198051536, 32.102081801948472 ], [ -81.113885476977885, 32.102052145295993 ], [ -81.113850006604864, 32.102025838674464 ], [ -81.113812128531578, 32.102003135431048 ], [ -81.113772207544571, 32.101984254210372 ], [ -81.113730628104776, 32.10196937684892 ], [ -81.113687790644917, 32.101958646623821 ], [ -81.113644107713156, 32.101952166872998 ], [ -81.1136, 32.10195 ], [ -81.113011046879933, 32.10195 ], [ -81.112955945480607, 32.101947293041832 ], [ -81.112912315230318, 32.101940821105572 ], [ -81.112869529432302, 32.101930103821083 ], [ -81.1128280001371, 32.10191524440166 ], [ -81.112788127294678, 32.101896385951676 ], [ -81.112750294902284, 32.101873710088334 ], [ -81.112714867306309, 32.101847435192433 ], [ -81.112682185694183, 32.10181781430579 ], [ -81.112652564807561, 32.101785132693678 ], [ -81.112626289911688, 32.101749705097745 ], [ -81.112603614048282, 32.101711872705273 ], [ -81.112584755598306, 32.101671999862852 ], [ -81.112569896178911, 32.10163047056772 ], [ -81.112559178894429, 32.101587684769754 ], [ -81.112552706958169, 32.101544054519479 ], [ -81.11255, 32.101488953119976 ], [ -81.11255, 32.1009 ], [ -81.112547833126996, 32.100855892286852 ], [ -81.112541353376173, 32.100812209355098 ], [ -81.112530623151073, 32.10076937189524 ], [ -81.112515745789622, 32.100727792455437 ], [ -81.112496864568953, 32.100687871468431 ], [ -81.112474161325537, 32.100649993395145 ], [ -81.112447854704016, 32.100614523022131 ], [ -81.112418198051529, 32.100581801948472 ], [ -81.112385476977877, 32.100552145295993 ], [ -81.112350006604856, 32.100525838674464 ], [ -81.11231212853157, 32.100503135431047 ], [ -81.112272207544564, 32.100484254210372 ], [ -81.112230628104768, 32.10046937684892 ], [ -81.11218779064491, 32.100458646623821 ], [ -81.112144107713149, 32.100452166872998 ], [ -81.1121, 32.10045 ], [ -81.11151104687994, 32.10045 ], [ -81.111455945480614, 32.100447293041832 ], [ -81.111412315230325, 32.100440821105572 ], [ -81.111369529432309, 32.100430103821083 ], [ -81.111328000137107, 32.10041524440166 ], [ -81.111288127294685, 32.100396385951676 ], [ -81.111250294902291, 32.100373710088334 ], [ -81.111214867306316, 32.100347435192432 ], [ -81.11118218569419, 32.100317814305789 ], [ -81.111152564807568, 32.100285132693678 ], [ -81.111126289911695, 32.100249705097745 ], [ -81.11110361404829, 32.100211872705273 ], [ -81.111084755598313, 32.100171999862852 ], [ -81.111069896178918, 32.10013047056772 ], [ -81.111059178894436, 32.100087684769754 ], [ -81.111052706958176, 32.100044054519479 ], [ -81.11105, 32.099988953119976 ], [ -81.11105, 32.098511046880027 ], [ -81.111052706958176, 32.098455945480524 ], [ -81.111059178894436, 32.098412315230249 ], [ -81.111069896178918, 32.098369529432283 ], [ -81.111084755598313, 32.098328000137151 ], [ -81.11110361404829, 32.09828812729473 ], [ -81.111126289911695, 32.098250294902257 ], [ -81.111152564807568, 32.098214867306325 ], [ -81.11118218569419, 32.098182185694213 ], [ -81.111214867306316, 32.09815256480757 ], [ -81.111250294902291, 32.098126289911669 ], [ -81.111288127294685, 32.098103614048327 ], [ -81.111328000137107, 32.098084755598343 ], [ -81.111369529432309, 32.09806989617892 ], [ -81.111412315230325, 32.098059178894431 ], [ -81.111455945480614, 32.098052706958171 ], [ -81.11151104687994, 32.09805 ], [ -81.114488953120073, 32.09805 ], [ -81.114544054519399, 32.098052706958171 ], [ -81.114587684769688, 32.098059178894431 ], [ -81.114630470567704, 32.09806989617892 ], [ -81.114671999862907, 32.098084755598343 ], [ -81.114711872705328, 32.098103614048327 ], [ -81.114749705097722, 32.098126289911669 ] ] ], [ [ [ -81.125285132693691, 32.108652564807571 ], [ -81.125317814305816, 32.108682185694214 ], [ -81.125347435192438, 32.108714867306325 ], [ -81.125373710088311, 32.108750294902258 ], [ -81.125396385951717, 32.10878812729473 ], [ -81.125415244401694, 32.108828000137152 ], [ -81.125430103821088, 32.108869529432283 ], [ -81.12544082110557, 32.108912315230249 ], [ -81.12544729304183, 32.108955945480524 ], [ -81.12545, 32.109011046880028 ], [ -81.12545, 32.1096 ], [ -81.125452166873004, 32.109644107713152 ], [ -81.125458646623827, 32.109687790644905 ], [ -81.125469376848926, 32.109730628104764 ], [ -81.125484254210377, 32.109772207544566 ], [ -81.125503135431046, 32.109812128531573 ], [ -81.125525838674463, 32.109850006604859 ], [ -81.125552145295984, 32.109885476977873 ], [ -81.125581801948471, 32.109918198051531 ], [ -81.125614523022122, 32.109947854704011 ], [ -81.125649993395143, 32.109974161325539 ], [ -81.125687871468429, 32.109996864568956 ], [ -81.125727792455436, 32.110015745789632 ], [ -81.125769371895231, 32.110030623151083 ], [ -81.12581220935509, 32.110041353376182 ], [ -81.12585589228685, 32.110047833127005 ], [ -81.1259, 32.11005 ], [ -81.126488953120074, 32.11005 ], [ -81.1265440545194, 32.110052706958172 ], [ -81.126587684769689, 32.110059178894431 ], [ -81.126630470567704, 32.110069896178921 ], [ -81.126671999862907, 32.110084755598344 ], [ -81.126711872705329, 32.110103614048327 ], [ -81.126749705097723, 32.110126289911669 ], [ -81.126785132693698, 32.110152564807571 ], [ -81.126817814305824, 32.110182185694214 ], [ -81.126847435192445, 32.110214867306325 ], [ -81.126873710088319, 32.110250294902258 ], [ -81.126896385951724, 32.11028812729473 ], [ -81.126915244401701, 32.110328000137152 ], [ -81.126930103821095, 32.110369529432283 ], [ -81.126940821105578, 32.110412315230249 ], [ -81.126947293041837, 32.110455945480524 ], [ -81.12695, 32.110511046880028 ], [ -81.12695, 32.1111 ], [ -81.126952166873011, 32.111144107713152 ], [ -81.126958646623834, 32.111187790644905 ], [ -81.126969376848933, 32.111230628104764 ], [ -81.126984254210385, 32.111272207544566 ], [ -81.127003135431053, 32.111312128531573 ], [ -81.12702583867447, 32.111350006604859 ], [ -81.127052145295991, 32.111385476977873 ], [ -81.127081801948478, 32.111418198051531 ], [ -81.127114523022129, 32.111447854704011 ], [ -81.12714999339515, 32.111474161325539 ], [ -81.127187871468436, 32.111496864568956 ], [ -81.127227792455443, 32.111515745789632 ], [ -81.127269371895238, 32.111530623151083 ], [ -81.127312209355097, 32.111541353376182 ], [ -81.127355892286857, 32.111547833127005 ], [ -81.1274, 32.11155 ], [ -81.127988953120067, 32.11155 ], [ -81.128044054519393, 32.111552706958172 ], [ -81.128087684769682, 32.111559178894431 ], [ -81.128130470567697, 32.111569896178921 ], [ -81.1281719998629, 32.111584755598344 ], [ -81.128211872705322, 32.111603614048327 ], [ -81.128249705097716, 32.111626289911669 ], [ -81.128285132693691, 32.111652564807571 ], [ -81.128317814305817, 32.111682185694214 ], [ -81.128347435192438, 32.111714867306326 ], [ -81.128373710088312, 32.111750294902258 ], [ -81.128396385951717, 32.11178812729473 ], [ -81.128415244401694, 32.111828000137152 ], [ -81.128430103821088, 32.111869529432283 ], [ -81.128440821105571, 32.111912315230249 ], [ -81.12844729304183, 32.111955945480524 ], [ -81.12845, 32.112011046880028 ], [ -81.12845, 32.113488953119976 ], [ -81.12844729304183, 32.11354405451948 ], [ -81.128440821105571, 32.113587684769755 ], [ -81.128430103821088, 32.11363047056772 ], [ -81.128415244401694, 32.113671999862852 ], [ -81.128396385951717, 32.113711872705274 ], [ -81.128373710088312, 32.113749705097746 ], [ -81.128347435192438, 32.113785132693678 ], [ -81.128317814305817, 32.11381781430579 ], [ -81.128285132693691, 32.113847435192433 ], [ -81.128249705097716, 32.113873710088335 ], [ -81.128211872705322, 32.113896385951676 ], [ -81.1281719998629, 32.11391524440166 ], [ -81.128130470567697, 32.113930103821083 ], [ -81.128087684769682, 32.113940821105572 ], [ -81.128044054519393, 32.113947293041832 ], [ -81.127988953120067, 32.11395 ], [ -81.125011046879933, 32.11395 ], [ -81.124955945480608, 32.113947293041832 ], [ -81.124912315230318, 32.113940821105572 ], [ -81.124869529432303, 32.113930103821083 ], [ -81.1248280001371, 32.11391524440166 ], [ -81.124788127294678, 32.113896385951676 ], [ -81.124750294902285, 32.113873710088335 ], [ -81.124714867306309, 32.113847435192433 ], [ -81.124682185694184, 32.11381781430579 ], [ -81.124652564807562, 32.113785132693678 ], [ -81.124626289911689, 32.113749705097746 ], [ -81.124603614048283, 32.113711872705274 ], [ -81.124584755598306, 32.113671999862852 ], [ -81.124569896178912, 32.11363047056772 ], [ -81.12455917889443, 32.113587684769755 ], [ -81.12455270695817, 32.11354405451948 ], [ -81.12455, 32.113488953119976 ], [ -81.12455, 32.1114 ], [ -81.124547833126996, 32.111355892286852 ], [ -81.124541353376173, 32.111312209355098 ], [ -81.124530623151074, 32.11126937189524 ], [ -81.124515745789623, 32.111227792455438 ], [ -81.124496864568954, 32.111187871468431 ], [ -81.124474161325537, 32.111149993395145 ], [ -81.124447854704016, 32.111114523022131 ], [ -81.124418198051529, 32.111081801948473 ], [ -81.124385476977878, 32.111052145295993 ], [ -81.124350006604857, 32.111025838674465 ], [ -81.124312128531571, 32.111003135431048 ], [ -81.124272207544564, 32.110984254210372 ], [ -81.124230628104769, 32.110969376848921 ], [ -81.12418779064491, 32.110958646623821 ], [ -81.12414410771315, 32.110952166872998 ], [ -81.1241, 32.11095 ], [ -81.122011046879933, 32.11095 ], [ -81.121955945480607, 32.110947293041832 ], [ -81.121912315230318, 32.110940821105572 ], [ -81.121869529432303, 32.110930103821083 ], [ -81.1218280001371, 32.11091524440166 ], [ -81.121788127294678, 32.110896385951676 ], [ -81.121750294902284, 32.110873710088335 ], [ -81.121714867306309, 32.110847435192433 ], [ -81.121682185694183, 32.11081781430579 ], [ -81.121652564807562, 32.110785132693678 ], [ -81.121626289911688, 32.110749705097746 ], [ -81.121603614048283, 32.110711872705274 ], [ -81.121584755598306, 32.110671999862852 ], [ -81.121569896178912, 32.11063047056772 ], [ -81.121559178894429, 32.110587684769754 ], [ -81.12155270695817, 32.11054405451948 ], [ -81.12155, 32.110488953119976 ], [ -81.12155, 32.109011046880028 ], [ -81.12155270695817, 32.108955945480524 ], [ -81.121559178894429, 32.108912315230249 ], [ -81.121569896178912, 32.108869529432283 ], [ -81.121584755598306, 32.108828000137152 ], [ -81.121603614048283, 32.10878812729473 ], [ -81.121626289911688, 32.108750294902258 ], [ -81.121652564807562, 32.108714867306325 ], [ -81.121682185694183, 32.108682185694214 ], [ -81.121714867306309, 32.108652564807571 ], [ -81.121750294902284, 32.108626289911669 ], [ -81.121788127294678, 32.108603614048327 ], [ -81.1218280001371, 32.108584755598343 ], [ -81.121869529432303, 32.108569896178921 ], [ -81.121912315230318, 32.108559178894431 ], [ -81.121955945480607, 32.108552706958172 ], [ -81.122011046879933, 32.10855 ], [ -81.124988953120067, 32.10855 ], [ -81.125044054519392, 32.108552706958172 ], [ -81.125087684769682, 32.108559178894431 ], [ -81.125130470567697, 32.108569896178921 ], [ -81.1251719998629, 32.108584755598343 ], [ -81.125211872705322, 32.108603614048327 ], [ -81.125249705097715, 32.108626289911669 ], [ -81.125285132693691, 32.108652564807571 ] ] ], [ [ [ -81.137249705097716, 32.12212628991167 ], [ -81.137285132693691, 32.122152564807571 ], [ -81.137317814305817, 32.122182185694214 ], [ -81.137347435192439, 32.122214867306326 ], [ -81.137373710088312, 32.122250294902258 ], [ -81.137396385951718, 32.12228812729473 ], [ -81.137415244401694, 32.122328000137152 ], [ -81.137430103821089, 32.122369529432284 ], [ -81.137440821105571, 32.12241231523025 ], [ -81.137447293041831, 32.122455945480525 ], [ -81.13745, 32.122511046880028 ], [ -81.13745, 32.1261 ], [ -81.137452166873004, 32.126144107713152 ], [ -81.137458646623827, 32.126187790644906 ], [ -81.137469376848927, 32.126230628104764 ], [ -81.137484254210378, 32.126272207544567 ], [ -81.137503135431047, 32.126312128531573 ], [ -81.137525838674463, 32.126350006604859 ], [ -81.137552145295984, 32.126385476977873 ], [ -81.137581801948471, 32.126418198051532 ], [ -81.137614523022123, 32.126447854704011 ], [ -81.137649993395144, 32.12647416132554 ], [ -81.13768787146843, 32.126496864568956 ], [ -81.137727792455436, 32.126515745789632 ], [ -81.137769371895232, 32.126530623151083 ], [ -81.13781220935509, 32.126541353376183 ], [ -81.137855892286851, 32.126547833127006 ], [ -81.1379, 32.12655 ], [ -81.138488953120074, 32.12655 ], [ -81.1385440545194, 32.126552706958172 ], [ -81.138587684769689, 32.126559178894432 ], [ -81.138630470567705, 32.126569896178921 ], [ -81.138671999862908, 32.126584755598344 ], [ -81.138711872705329, 32.126603614048328 ], [ -81.138749705097723, 32.12662628991167 ], [ -81.138785132693698, 32.126652564807571 ], [ -81.138817814305824, 32.126682185694214 ], [ -81.138847435192446, 32.126714867306326 ], [ -81.138873710088319, 32.126750294902259 ], [ -81.138896385951725, 32.126788127294731 ], [ -81.138915244401701, 32.126828000137152 ], [ -81.138930103821096, 32.126869529432284 ], [ -81.138940821105578, 32.12691231523025 ], [ -81.138947293041838, 32.126955945480525 ], [ -81.13895, 32.127011046880028 ], [ -81.13895, 32.1276 ], [ -81.138952166873011, 32.127644107713152 ], [ -81.138958646623834, 32.127687790644906 ], [ -81.138969376848934, 32.127730628104764 ], [ -81.138984254210385, 32.127772207544567 ], [ -81.139003135431054, 32.127812128531573 ], [ -81.13902583867447, 32.127850006604859 ], [ -81.139052145295992, 32.127885476977873 ], [ -81.139081801948478, 32.127918198051532 ], [ -81.13911452302213, 32.127947854704011 ], [ -81.139149993395151, 32.12797416132554 ], [ -81.139187871468437, 32.127996864568956 ], [ -81.139227792455443, 32.128015745789632 ], [ -81.139269371895239, 32.128030623151083 ], [ -81.139312209355097, 32.128041353376183 ], [ -81.139355892286858, 32.128047833127006 ], [ -81.1394, 32.12805 ], [ -81.139988953120067, 32.12805 ], [ -81.140044054519393, 32.128052706958172 ], [ -81.140087684769682, 32.128059178894432 ], [ -81.140130470567698, 32.128069896178921 ], [ -81.140171999862901, 32.128084755598344 ], [ -81.140211872705322, 32.128103614048328 ], [ -81.140249705097716, 32.12812628991167 ], [ -81.140285132693691, 32.128152564807571 ], [ -81.140317814305817, 32.128182185694214 ], [ -81.140347435192439, 32.128214867306326 ], [ -81.140373710088312, 32.128250294902259 ], [ -81.140396385951718, 32.128288127294731 ], [ -81.140415244401694, 32.128328000137152 ], [ -81.140430103821089, 32.128369529432284 ], [ -81.140440821105571, 32.12841231523025 ], [ -81.140447293041831, 32.128455945480525 ], [ -81.14045, 32.128511046880028 ], [ -81.14045, 32.1291 ], [ -81.140452166873004, 32.129144107713152 ], [ -81.140458646623827, 32.129187790644906 ], [ -81.140469376848927, 32.129230628104764 ], [ -81.140484254210378, 32.129272207544567 ], [ -81.140503135431047, 32.129312128531573 ], [ -81.140525838674463, 32.129350006604859 ], [ -81.140552145295985, 32.129385476977873 ], [ -81.140581801948471, 32.129418198051532 ], [ -81.140614523022123, 32.129447854704011 ], [ -81.140649993395144, 32.12947416132554 ], [ -81.14068787146843, 32.129496864568956 ], [ -81.140727792455436, 32.129515745789632 ], [ -81.140769371895232, 32.129530623151084 ], [ -81.14081220935509, 32.129541353376183 ], [ -81.140855892286851, 32.129547833127006 ], [ -81.1409, 32.12955 ], [ -81.141488953120074, 32.12955 ], [ -81.1415440545194, 32.129552706958172 ], [ -81.141587684769689, 32.129559178894432 ], [ -81.141630470567705, 32.129569896178921 ], [ -81.141671999862908, 32.129584755598344 ], [ -81.141711872705329, 32.129603614048328 ], [ -81.141749705097723, 32.12962628991167 ], [ -81.141785132693698, 32.129652564807571 ], [ -81.141817814305824, 32.129682185694215 ], [ -81.141847435192446, 32.129714867306326 ], [ -81.141873710088319, 32.129750294902259 ], [ -81.141896385951725, 32.129788127294731 ], [ -81.141915244401702, 32.129828000137152 ], [ -81.141930103821096, 32.129869529432284 ], [ -81.141940821105578, 32.12991231523025 ], [ -81.141947293041838, 32.129955945480525 ], [ -81.14195, 32.130011046880028 ], [ -81.14195, 32.1306 ], [ -81.141952166873011, 32.130644107713152 ], [ -81.141958646623834, 32.130687790644906 ], [ -81.141969376848934, 32.130730628104764 ], [ -81.141984254210385, 32.130772207544567 ], [ -81.142003135431054, 32.130812128531574 ], [ -81.142025838674471, 32.130850006604859 ], [ -81.142052145295992, 32.130885476977873 ], [ -81.142081801948478, 32.130918198051532 ], [ -81.14211452302213, 32.130947854704011 ], [ -81.142149993395151, 32.13097416132554 ], [ -81.142187871468437, 32.130996864568957 ], [ -81.142227792455444, 32.131015745789632 ], [ -81.142269371895239, 32.131030623151084 ], [ -81.142312209355097, 32.131041353376183 ], [ -81.142355892286858, 32.131047833127006 ], [ -81.1424, 32.13105 ], [ -81.142988953120067, 32.13105 ], [ -81.143044054519393, 32.131052706958172 ], [ -81.143087684769682, 32.131059178894432 ], [ -81.143130470567698, 32.131069896178921 ], [ -81.143171999862901, 32.131084755598344 ], [ -81.143211872705322, 32.131103614048328 ], [ -81.143249705097716, 32.13112628991167 ], [ -81.143285132693691, 32.131152564807572 ], [ -81.143317814305817, 32.131182185694215 ], [ -81.143347435192439, 32.131214867306326 ], [ -81.143373710088312, 32.131250294902259 ], [ -81.143396385951718, 32.131288127294731 ], [ -81.143415244401695, 32.131328000137152 ], [ -81.143430103821089, 32.131369529432284 ], [ -81.143440821105571, 32.13141231523025 ], [ -81.143447293041831, 32.131455945480525 ], [ -81.14345, 32.131511046880028 ], [ -81.14345, 32.1351 ], [ -81.143452166873004, 32.135144107713153 ], [ -81.143458646623827, 32.135187790644906 ], [ -81.143469376848927, 32.135230628104765 ], [ -81.143484254210378, 32.135272207544567 ], [ -81.143503135431047, 32.135312128531574 ], [ -81.143525838674464, 32.13535000660486 ], [ -81.143552145295985, 32.135385476977874 ], [ -81.143581801948471, 32.135418198051532 ], [ -81.143614523022123, 32.135447854704012 ], [ -81.143649993395144, 32.13547416132554 ], [ -81.14368787146843, 32.135496864568957 ], [ -81.143727792455437, 32.135515745789633 ], [ -81.143769371895232, 32.135530623151084 ], [ -81.14381220935509, 32.135541353376183 ], [ -81.143855892286851, 32.135547833127006 ], [ -81.1439, 32.13555 ], [ -81.144488953120074, 32.13555 ], [ -81.1445440545194, 32.135552706958173 ], [ -81.144587684769689, 32.135559178894432 ], [ -81.144630470567705, 32.135569896178922 ], [ -81.144671999862908, 32.135584755598344 ], [ -81.144711872705329, 32.135603614048328 ], [ -81.144749705097723, 32.13562628991167 ], [ -81.144785132693698, 32.135652564807572 ], [ -81.144817814305824, 32.135682185694215 ], [ -81.144847435192446, 32.135714867306326 ], [ -81.144873710088319, 32.135750294902259 ], [ -81.144896385951725, 32.135788127294731 ], [ -81.144915244401702, 32.135828000137153 ], [ -81.144930103821096, 32.135869529432284 ], [ -81.144940821105578, 32.13591231523025 ], [ -81.144947293041838, 32.135955945480525 ], [ -81.14495, 32.136011046880029 ], [ -81.14495, 32.14198895311997 ], [ -81.144947293041838, 32.142044054519474 ], [ -81.144940821105578, 32.142087684769749 ], [ -81.144930103821096, 32.142130470567714 ], [ -81.144915244401702, 32.142171999862846 ], [ -81.144896385951725, 32.142211872705268 ], [ -81.144873710088319, 32.14224970509774 ], [ -81.144847435192446, 32.142285132693672 ], [ -81.144817814305824, 32.142317814305784 ], [ -81.144785132693698, 32.142347435192427 ], [ -81.144749705097723, 32.142373710088329 ], [ -81.144711872705329, 32.14239638595167 ], [ -81.144671999862908, 32.142415244401654 ], [ -81.144630470567705, 32.142430103821077 ], [ -81.144587684769689, 32.142440821105566 ], [ -81.1445440545194, 32.142447293041826 ], [ -81.144488953120074, 32.14245 ], [ -81.143669383608042, 32.14245 ], [ -81.143624320215324, 32.142452262029039 ], [ -81.143579709865733, 32.142459025374947 ], [ -81.143536001047735, 32.142470222042668 ], [ -81.14349363318631, 32.142485739466927 ], [ -81.143453032225125, 32.142505421643889 ], [ -81.14341460634445, 32.142529070699517 ], [ -81.143378741857404, 32.142556448878928 ], [ -81.143345799326283, 32.142587280936624 ], [ -81.143316109937572, 32.142621256903666 ], [ -81.143289972172425, 32.142658035203951 ], [ -81.143267648805889, 32.142697246088218 ], [ -81.143249364265088, 32.142738495351317 ], [ -81.143235302372958, 32.142781368295331 ], [ -81.143225604500216, 32.142825433898729 ], [ -81.143220368144057, 32.142870249149617 ], [ -81.14321964594798, 32.142915363499569 ], [ -81.143223445172566, 32.142960323393147 ], [ -81.14323172762245, 32.143004676827765 ], [ -81.143244410030334, 32.14304797789783 ], [ -81.143261364894101, 32.14308979127766 ], [ -81.143282421758684, 32.143129696598017 ], [ -81.143307368929669, 32.14316729267226 ], [ -81.143335955601614, 32.143202201529668 ], [ -81.143347435192496, 32.143214867306398 ], [ -81.143373710088312, 32.143250294902252 ], [ -81.143396385951718, 32.143288127294724 ], [ -81.143415244401695, 32.143328000137146 ], [ -81.143430103821089, 32.143369529432277 ], [ -81.143440821105571, 32.143412315230243 ], [ -81.143447293041831, 32.143455945480518 ], [ -81.14345, 32.143511046880022 ], [ -81.14345, 32.14498895311997 ], [ -81.143447293041831, 32.145044054519474 ], [ -81.143440821105571, 32.145087684769749 ], [ -81.143430103821089, 32.145130470567715 ], [ -81.143415244401695, 32.145171999862846 ], [ -81.143396385951718, 32.145211872705268 ], [ -81.143373710088312, 32.14524970509774 ], [ -81.143347435192439, 32.145285132693672 ], [ -81.143317814305817, 32.145317814305784 ], [ -81.143285132693691, 32.145347435192427 ], [ -81.143249705097716, 32.145373710088329 ], [ -81.143211872705322, 32.14539638595167 ], [ -81.143171999862901, 32.145415244401654 ], [ -81.143130470567698, 32.145430103821077 ], [ -81.143087684769682, 32.145440821105566 ], [ -81.143044054519393, 32.145447293041826 ], [ -81.142988953120067, 32.14545 ], [ -81.141511046879941, 32.14545 ], [ -81.141455945480615, 32.145447293041826 ], [ -81.141412315230326, 32.145440821105566 ], [ -81.141369529432311, 32.145430103821077 ], [ -81.141328000137108, 32.145415244401654 ], [ -81.141288127294686, 32.14539638595167 ], [ -81.141250294902292, 32.145373710088329 ], [ -81.141214867306317, 32.145347435192427 ], [ -81.141182185694191, 32.145317814305784 ], [ -81.14115256480757, 32.145285132693672 ], [ -81.141126289911696, 32.14524970509774 ], [ -81.141103614048291, 32.145211872705268 ], [ -81.141084755598314, 32.145171999862846 ], [ -81.141069896178919, 32.145130470567715 ], [ -81.141059178894437, 32.145087684769749 ], [ -81.141052706958178, 32.145044054519474 ], [ -81.14105, 32.14498895311997 ], [ -81.14105, 32.143511046880022 ], [ -81.141052706958178, 32.143455945480518 ], [ -81.141059178894437, 32.143412315230243 ], [ -81.141069896178919, 32.143369529432277 ], [ -81.141084755598314, 32.143328000137146 ], [ -81.141103614048291, 32.143288127294724 ], [ -81.141126289911696, 32.143250294902252 ], [ -81.14115256480757, 32.14321486730632 ], [ -81.141182185694191, 32.143182185694208 ], [ -81.141214867306317, 32.143152564807565 ], [ -81.141250294902292, 32.143126289911663 ], [ -81.141288127294686, 32.143103614048322 ], [ -81.141328000137108, 32.143084755598338 ], [ -81.141369529432311, 32.143069896178915 ], [ -81.141412315230326, 32.143059178894426 ], [ -81.141455945480615, 32.143052706958166 ], [ -81.141511046879941, 32.14305 ], [ -81.142330616391959, 32.14305 ], [ -81.142375679784678, 32.143047737970953 ], [ -81.142420290134268, 32.143040974625045 ], [ -81.142463998952266, 32.143029777957324 ], [ -81.142506366813691, 32.143014260533064 ], [ -81.142546967774877, 32.142994578356102 ], [ -81.142585393655551, 32.142970929300475 ], [ -81.142621258142597, 32.142943551121064 ], [ -81.142654200673718, 32.142912719063368 ], [ -81.142683890062429, 32.142878743096325 ], [ -81.142710027827576, 32.142841964796041 ], [ -81.142732351194113, 32.142802753911774 ], [ -81.142750635734913, 32.142761504648675 ], [ -81.142764697627044, 32.14271863170466 ], [ -81.142774395499785, 32.142674566101263 ], [ -81.142779631855944, 32.142629750850375 ], [ -81.142780354052022, 32.142584636500423 ], [ -81.142776554827435, 32.142539676606845 ], [ -81.142768272377552, 32.142495323172227 ], [ -81.142755589969667, 32.142452022102162 ], [ -81.1427386351059, 32.142410208722332 ], [ -81.142717578241317, 32.142370303401975 ], [ -81.142692631070332, 32.142332707327732 ], [ -81.142664044398387, 32.142297798470324 ], [ -81.142652564807506, 32.142285132693594 ], [ -81.142626289911689, 32.14224970509774 ], [ -81.142603614048284, 32.142211872705268 ], [ -81.142584755598307, 32.142171999862846 ], [ -81.142569896178912, 32.142130470567714 ], [ -81.14255917889443, 32.142087684769749 ], [ -81.14255270695817, 32.142044054519474 ], [ -81.14255, 32.14198895311997 ], [ -81.14255, 32.1414 ], [ -81.142547833126997, 32.141355892286846 ], [ -81.142541353376174, 32.141312209355092 ], [ -81.142530623151075, 32.141269371895234 ], [ -81.142515745789623, 32.141227792455432 ], [ -81.142496864568955, 32.141187871468425 ], [ -81.142474161325538, 32.141149993395139 ], [ -81.142447854704017, 32.141114523022125 ], [ -81.14241819805153, 32.141081801948467 ], [ -81.142385476977879, 32.141052145295987 ], [ -81.142350006604858, 32.141025838674459 ], [ -81.142312128531572, 32.141003135431042 ], [ -81.142272207544565, 32.140984254210366 ], [ -81.14223062810477, 32.140969376848915 ], [ -81.142187790644911, 32.140958646623815 ], [ -81.14214410771315, 32.140952166872992 ], [ -81.1421, 32.14095 ], [ -81.141511046879941, 32.14095 ], [ -81.141455945480615, 32.140947293041826 ], [ -81.141412315230326, 32.140940821105566 ], [ -81.141369529432311, 32.140930103821077 ], [ -81.141328000137108, 32.140915244401654 ], [ -81.141288127294686, 32.14089638595167 ], [ -81.141250294902292, 32.140873710088329 ], [ -81.141214867306317, 32.140847435192427 ], [ -81.141182185694191, 32.140817814305784 ], [ -81.14115256480757, 32.140785132693672 ], [ -81.141126289911696, 32.14074970509774 ], [ -81.141103614048291, 32.140711872705268 ], [ -81.141084755598314, 32.140671999862846 ], [ -81.141069896178919, 32.140630470567714 ], [ -81.141059178894437, 32.140587684769748 ], [ -81.141052706958178, 32.140544054519474 ], [ -81.14105, 32.14048895311997 ], [ -81.14105, 32.1339 ], [ -81.141047833127004, 32.133855892286853 ], [ -81.141041353376181, 32.133812209355099 ], [ -81.141030623151082, 32.133769371895241 ], [ -81.14101574578963, 32.133727792455439 ], [ -81.140996864568962, 32.133687871468432 ], [ -81.140974161325545, 32.133649993395146 ], [ -81.140947854704024, 32.133614523022132 ], [ -81.140918198051537, 32.133581801948473 ], [ -81.140885476977886, 32.133552145295994 ], [ -81.140850006604865, 32.133525838674466 ], [ -81.140812128531579, 32.133503135431049 ], [ -81.140772207544572, 32.133484254210373 ], [ -81.140730628104777, 32.133469376848922 ], [ -81.140687790644918, 32.133458646623822 ], [ -81.140644107713157, 32.133452166872999 ], [ -81.1406, 32.13345 ], [ -81.137011046879934, 32.13345 ], [ -81.136955945480608, 32.133447293041833 ], [ -81.136912315230319, 32.133440821105573 ], [ -81.136869529432303, 32.133430103821084 ], [ -81.136828000137101, 32.133415244401661 ], [ -81.136788127294679, 32.133396385951677 ], [ -81.136750294902285, 32.133373710088335 ], [ -81.13671486730631, 32.133347435192434 ], [ -81.136682185694184, 32.133317814305791 ], [ -81.136652564807562, 32.133285132693679 ], [ -81.136626289911689, 32.133249705097747 ], [ -81.136603614048283, 32.133211872705274 ], [ -81.136584755598307, 32.133171999862853 ], [ -81.136569896178912, 32.133130470567721 ], [ -81.13655917889443, 32.133087684769755 ], [ -81.13655270695817, 32.13304405451948 ], [ -81.13655, 32.132988953119977 ], [ -81.13655, 32.131511046880028 ], [ -81.13655270695817, 32.131455945480525 ], [ -81.13655917889443, 32.13141231523025 ], [ -81.136569896178912, 32.131369529432284 ], [ -81.136584755598307, 32.131328000137152 ], [ -81.136603614048283, 32.131288127294731 ], [ -81.136626289911689, 32.131250294902259 ], [ -81.136652564807562, 32.131214867306326 ], [ -81.136682185694184, 32.131182185694215 ], [ -81.13671486730631, 32.131152564807572 ], [ -81.136765484770066, 32.131115024337937 ], [ -81.136770913075793, 32.131111396574433 ], [ -81.136805103235631, 32.131083322445157 ], [ -81.136836371550231, 32.13105202681821 ], [ -81.136864415817328, 32.131017812159847 ], [ -81.136888964994441, 32.130981009148179 ], [ -81.13690978181846, 32.130941973477285 ], [ -81.13692666509877, 32.130901082419456 ], [ -81.136939451661689, 32.130858731178947 ], [ -81.136948017927551, 32.130815329072391 ], [ -81.13695228110501, 32.130771295572842 ], [ -81.136952199991285, 32.130727056255658 ], [ -81.136947775370317, 32.130683038685376 ], [ -81.136939050005239, 32.130639668283386 ], [ -81.136926108225012, 32.130597364216335 ], [ -81.136909075109486, 32.130556535344937 ], [ -81.136888115280456, 32.130517576272425 ], [ -81.136863431310658, 32.130480863530778 ], [ -81.136835261765938, 32.130446751941619 ], [ -81.136803878899556, 32.130415571186944 ], [ -81.136769586020918, 32.130387622622777 ], [ -81.136714283615376, 32.130346906165798 ], [ -81.136682185694184, 32.130317814305791 ], [ -81.136652564807562, 32.130285132693679 ], [ -81.136626289911689, 32.130249705097746 ], [ -81.136603614048283, 32.130211872705274 ], [ -81.136584755598307, 32.130171999862853 ], [ -81.136569896178912, 32.130130470567721 ], [ -81.13655917889443, 32.130087684769755 ], [ -81.13655270695817, 32.13004405451948 ], [ -81.13655, 32.129988953119977 ], [ -81.13655, 32.1294 ], [ -81.136547833126997, 32.129355892286853 ], [ -81.136541353376174, 32.129312209355099 ], [ -81.136530623151074, 32.129269371895241 ], [ -81.136515745789623, 32.129227792455438 ], [ -81.136496864568954, 32.129187871468432 ], [ -81.136474161325538, 32.129149993395146 ], [ -81.136447854704016, 32.129114523022132 ], [ -81.13641819805153, 32.129081801948473 ], [ -81.136385476977878, 32.129052145295994 ], [ -81.136350006604857, 32.129025838674465 ], [ -81.136312128531571, 32.129003135431049 ], [ -81.136272207544565, 32.128984254210373 ], [ -81.136230628104769, 32.128969376848922 ], [ -81.136187790644911, 32.128958646623822 ], [ -81.13614410771315, 32.128952166872999 ], [ -81.1361, 32.12895 ], [ -81.135511046879941, 32.12895 ], [ -81.135455945480615, 32.128947293041833 ], [ -81.135412315230326, 32.128940821105573 ], [ -81.13536952943231, 32.128930103821084 ], [ -81.135328000137108, 32.128915244401661 ], [ -81.135288127294686, 32.128896385951677 ], [ -81.135250294902292, 32.128873710088335 ], [ -81.135214867306317, 32.128847435192434 ], [ -81.135182185694191, 32.128817814305791 ], [ -81.135152564807569, 32.128785132693679 ], [ -81.135126289911696, 32.128749705097746 ], [ -81.13510361404829, 32.128711872705274 ], [ -81.135084755598314, 32.128671999862853 ], [ -81.135069896178919, 32.128630470567721 ], [ -81.135059178894437, 32.128587684769755 ], [ -81.135052706958177, 32.12854405451948 ], [ -81.13505, 32.128488953119977 ], [ -81.13505, 32.1264 ], [ -81.135047833127004, 32.126355892286853 ], [ -81.135041353376181, 32.126312209355099 ], [ -81.135030623151081, 32.126269371895241 ], [ -81.13501574578963, 32.126227792455438 ], [ -81.134996864568961, 32.126187871468431 ], [ -81.134974161325545, 32.126149993395146 ], [ -81.134947854704023, 32.126114523022132 ], [ -81.134918198051537, 32.126081801948473 ], [ -81.134885476977885, 32.126052145295994 ], [ -81.134850006604864, 32.126025838674465 ], [ -81.134812128531578, 32.126003135431048 ], [ -81.134772207544572, 32.125984254210373 ], [ -81.134730628104776, 32.125969376848921 ], [ -81.134687790644918, 32.125958646623822 ], [ -81.134644107713157, 32.125952166872999 ], [ -81.1346, 32.12595 ], [ -81.134011046879934, 32.12595 ], [ -81.133955945480608, 32.125947293041833 ], [ -81.133912315230319, 32.125940821105573 ], [ -81.133869529432303, 32.125930103821084 ], [ -81.1338280001371, 32.125915244401661 ], [ -81.133788127294679, 32.125896385951677 ], [ -81.133750294902285, 32.125873710088335 ], [ -81.13371486730631, 32.125847435192433 ], [ -81.133682185694184, 32.12581781430579 ], [ -81.133652564807562, 32.125785132693679 ], [ -81.133626289911689, 32.125749705097746 ], [ -81.133603614048283, 32.125711872705274 ], [ -81.133584755598307, 32.125671999862853 ], [ -81.133569896178912, 32.125630470567721 ], [ -81.13355917889443, 32.125587684769755 ], [ -81.13355270695817, 32.12554405451948 ], [ -81.13355, 32.125488953119977 ], [ -81.13355, 32.1219 ], [ -81.133547833126997, 32.121855892286852 ], [ -81.133541353376174, 32.121812209355099 ], [ -81.133530623151074, 32.12176937189524 ], [ -81.133515745789623, 32.121727792455438 ], [ -81.133496864568954, 32.121687871468431 ], [ -81.133474161325537, 32.121649993395145 ], [ -81.133447854704016, 32.121614523022131 ], [ -81.13341819805153, 32.121581801948473 ], [ -81.133385476977878, 32.121552145295993 ], [ -81.133350006604857, 32.121525838674465 ], [ -81.133312128531571, 32.121503135431048 ], [ -81.133272207544564, 32.121484254210372 ], [ -81.133230628104769, 32.121469376848921 ], [ -81.133187790644911, 32.121458646623822 ], [ -81.13314410771315, 32.121452166872999 ], [ -81.1331, 32.12145 ], [ -81.132511046879941, 32.12145 ], [ -81.132455945480615, 32.121447293041832 ], [ -81.132412315230326, 32.121440821105573 ], [ -81.13236952943231, 32.121430103821083 ], [ -81.132328000137107, 32.121415244401661 ], [ -81.132288127294686, 32.121396385951677 ], [ -81.132250294902292, 32.121373710088335 ], [ -81.132214867306317, 32.121347435192433 ], [ -81.132182185694191, 32.12131781430579 ], [ -81.132152564807569, 32.121285132693679 ], [ -81.132126289911696, 32.121249705097746 ], [ -81.13210361404829, 32.121211872705274 ], [ -81.132084755598314, 32.121171999862852 ], [ -81.132069896178919, 32.121130470567721 ], [ -81.132059178894437, 32.121087684769755 ], [ -81.132052706958177, 32.12104405451948 ], [ -81.13205, 32.120988953119976 ], [ -81.13205, 32.1204 ], [ -81.132047833127004, 32.120355892286852 ], [ -81.132041353376181, 32.120312209355099 ], [ -81.132030623151081, 32.12026937189524 ], [ -81.13201574578963, 32.120227792455438 ], [ -81.131996864568961, 32.120187871468431 ], [ -81.131974161325545, 32.120149993395145 ], [ -81.131947854704023, 32.120114523022131 ], [ -81.131918198051537, 32.120081801948473 ], [ -81.131885476977885, 32.120052145295993 ], [ -81.131850006604864, 32.120025838674465 ], [ -81.131812128531578, 32.120003135431048 ], [ -81.131772207544572, 32.119984254210372 ], [ -81.131730628104776, 32.119969376848921 ], [ -81.131687790644918, 32.119958646623822 ], [ -81.131644107713157, 32.119952166872999 ], [ -81.1316, 32.11995 ], [ -81.131011046879934, 32.11995 ], [ -81.130955945480608, 32.119947293041832 ], [ -81.130912315230319, 32.119940821105573 ], [ -81.130869529432303, 32.119930103821083 ], [ -81.1308280001371, 32.11991524440166 ], [ -81.130788127294679, 32.119896385951677 ], [ -81.130750294902285, 32.119873710088335 ], [ -81.13071486730631, 32.119847435192433 ], [ -81.130682185694184, 32.11981781430579 ], [ -81.130652564807562, 32.119785132693679 ], [ -81.130626289911689, 32.119749705097746 ], [ -81.130603614048283, 32.119711872705274 ], [ -81.130584755598306, 32.119671999862852 ], [ -81.130569896178912, 32.119630470567721 ], [ -81.13055917889443, 32.119587684769755 ], [ -81.13055270695817, 32.11954405451948 ], [ -81.13055, 32.119488953119976 ], [ -81.13055, 32.1174 ], [ -81.130547833126997, 32.117355892286852 ], [ -81.130541353376174, 32.117312209355099 ], [ -81.130530623151074, 32.11726937189524 ], [ -81.130515745789623, 32.117227792455438 ], [ -81.130496864568954, 32.117187871468431 ], [ -81.130474161325537, 32.117149993395145 ], [ -81.130447854704016, 32.117114523022131 ], [ -81.13041819805153, 32.117081801948473 ], [ -81.130385476977878, 32.117052145295993 ], [ -81.130350006604857, 32.117025838674465 ], [ -81.130312128531571, 32.117003135431048 ], [ -81.130272207544564, 32.116984254210372 ], [ -81.130230628104769, 32.116969376848921 ], [ -81.130187790644911, 32.116958646623821 ], [ -81.13014410771315, 32.116952166872998 ], [ -81.1301, 32.11695 ], [ -81.129511046879941, 32.11695 ], [ -81.129455945480615, 32.116947293041832 ], [ -81.129412315230326, 32.116940821105572 ], [ -81.12936952943231, 32.116930103821083 ], [ -81.129328000137107, 32.11691524440166 ], [ -81.129288127294686, 32.116896385951677 ], [ -81.129250294902292, 32.116873710088335 ], [ -81.129214867306317, 32.116847435192433 ], [ -81.129182185694191, 32.11681781430579 ], [ -81.129152564807569, 32.116785132693678 ], [ -81.129126289911696, 32.116749705097746 ], [ -81.12910361404829, 32.116711872705274 ], [ -81.129084755598313, 32.116671999862852 ], [ -81.129069896178919, 32.116630470567721 ], [ -81.129059178894437, 32.116587684769755 ], [ -81.129052706958177, 32.11654405451948 ], [ -81.12905, 32.116488953119976 ], [ -81.12905, 32.115011046880028 ], [ -81.129052706958177, 32.114955945480524 ], [ -81.129059178894437, 32.114912315230249 ], [ -81.129069896178919, 32.114869529432283 ], [ -81.129084755598313, 32.114828000137152 ], [ -81.12910361404829, 32.11478812729473 ], [ -81.129126289911696, 32.114750294902258 ], [ -81.129152564807569, 32.114714867306326 ], [ -81.129182185694191, 32.114682185694214 ], [ -81.129214867306317, 32.114652564807571 ], [ -81.129250294902292, 32.114626289911669 ], [ -81.129288127294686, 32.114603614048328 ], [ -81.129328000137107, 32.114584755598344 ], [ -81.12936952943231, 32.114569896178921 ], [ -81.129412315230326, 32.114559178894432 ], [ -81.129455945480615, 32.114552706958172 ], [ -81.129511046879941, 32.11455 ], [ -81.130988953120067, 32.11455 ], [ -81.131044054519393, 32.114552706958172 ], [ -81.131087684769682, 32.114559178894432 ], [ -81.131130470567697, 32.114569896178921 ], [ -81.1311719998629, 32.114584755598344 ], [ -81.131211872705322, 32.114603614048328 ], [ -81.131249705097716, 32.114626289911669 ], [ -81.131285132693691, 32.114652564807571 ], [ -81.131317814305817, 32.114682185694214 ], [ -81.131347435192438, 32.114714867306326 ], [ -81.131373710088312, 32.114750294902258 ], [ -81.131396385951717, 32.11478812729473 ], [ -81.131415244401694, 32.114828000137152 ], [ -81.131430103821089, 32.114869529432283 ], [ -81.131440821105571, 32.114912315230249 ], [ -81.13144729304183, 32.114955945480524 ], [ -81.13145, 32.115011046880028 ], [ -81.13145, 32.1156 ], [ -81.131452166873004, 32.115644107713152 ], [ -81.131458646623827, 32.115687790644905 ], [ -81.131469376848926, 32.115730628104764 ], [ -81.131484254210378, 32.115772207544566 ], [ -81.131503135431046, 32.115812128531573 ], [ -81.131525838674463, 32.115850006604859 ], [ -81.131552145295984, 32.115885476977873 ], [ -81.131581801948471, 32.115918198051531 ], [ -81.131614523022122, 32.115947854704011 ], [ -81.131649993395143, 32.115974161325539 ], [ -81.131687871468429, 32.115996864568956 ], [ -81.131727792455436, 32.116015745789632 ], [ -81.131769371895231, 32.116030623151083 ], [ -81.13181220935509, 32.116041353376183 ], [ -81.13185589228685, 32.116047833127006 ], [ -81.1319, 32.11605 ], [ -81.132488953120074, 32.11605 ], [ -81.1325440545194, 32.116052706958172 ], [ -81.132587684769689, 32.116059178894432 ], [ -81.132630470567705, 32.116069896178921 ], [ -81.132671999862907, 32.116084755598344 ], [ -81.132711872705329, 32.116103614048328 ], [ -81.132749705097723, 32.116126289911669 ], [ -81.132785132693698, 32.116152564807571 ], [ -81.132817814305824, 32.116182185694214 ], [ -81.132847435192446, 32.116214867306326 ], [ -81.132873710088319, 32.116250294902258 ], [ -81.132896385951724, 32.11628812729473 ], [ -81.132915244401701, 32.116328000137152 ], [ -81.132930103821096, 32.116369529432284 ], [ -81.132940821105578, 32.116412315230249 ], [ -81.132947293041838, 32.116455945480524 ], [ -81.13295, 32.116511046880028 ], [ -81.13295, 32.1171 ], [ -81.132952166873011, 32.117144107713152 ], [ -81.132958646623834, 32.117187790644905 ], [ -81.132969376848934, 32.117230628104764 ], [ -81.132984254210385, 32.117272207544566 ], [ -81.133003135431053, 32.117312128531573 ], [ -81.13302583867447, 32.117350006604859 ], [ -81.133052145295991, 32.117385476977873 ], [ -81.133081801948478, 32.117418198051531 ], [ -81.13311452302213, 32.117447854704011 ], [ -81.133149993395151, 32.117474161325539 ], [ -81.133187871468436, 32.117496864568956 ], [ -81.133227792455443, 32.117515745789632 ], [ -81.133269371895238, 32.117530623151083 ], [ -81.133312209355097, 32.117541353376183 ], [ -81.133355892286858, 32.117547833127006 ], [ -81.1334, 32.11755 ], [ -81.133988953120067, 32.11755 ], [ -81.134044054519393, 32.117552706958172 ], [ -81.134087684769682, 32.117559178894432 ], [ -81.134130470567698, 32.117569896178921 ], [ -81.1341719998629, 32.117584755598344 ], [ -81.134211872705322, 32.117603614048328 ], [ -81.134249705097716, 32.117626289911669 ], [ -81.134285132693691, 32.117652564807571 ], [ -81.134317814305817, 32.117682185694214 ], [ -81.134347435192439, 32.117714867306326 ], [ -81.134373710088312, 32.117750294902258 ], [ -81.134396385951717, 32.11778812729473 ], [ -81.134415244401694, 32.117828000137152 ], [ -81.134430103821089, 32.117869529432284 ], [ -81.134440821105571, 32.117912315230249 ], [ -81.134447293041831, 32.117955945480524 ], [ -81.13445, 32.118011046880028 ], [ -81.13445, 32.1201 ], [ -81.134452166873004, 32.120144107713152 ], [ -81.134458646623827, 32.120187790644906 ], [ -81.134469376848926, 32.120230628104764 ], [ -81.134484254210378, 32.120272207544566 ], [ -81.134503135431046, 32.120312128531573 ], [ -81.134525838674463, 32.120350006604859 ], [ -81.134552145295984, 32.120385476977873 ], [ -81.134581801948471, 32.120418198051532 ], [ -81.134614523022123, 32.120447854704011 ], [ -81.134649993395143, 32.120474161325539 ], [ -81.134687871468429, 32.120496864568956 ], [ -81.134727792455436, 32.120515745789632 ], [ -81.134769371895231, 32.120530623151083 ], [ -81.13481220935509, 32.120541353376183 ], [ -81.134855892286851, 32.120547833127006 ], [ -81.1349, 32.12055 ], [ -81.135488953120074, 32.12055 ], [ -81.1355440545194, 32.120552706958172 ], [ -81.135587684769689, 32.120559178894432 ], [ -81.135630470567705, 32.120569896178921 ], [ -81.135671999862907, 32.120584755598344 ], [ -81.135711872705329, 32.120603614048328 ], [ -81.135749705097723, 32.120626289911669 ], [ -81.135785132693698, 32.120652564807571 ], [ -81.135817814305824, 32.120682185694214 ], [ -81.135847435192446, 32.120714867306326 ], [ -81.135873710088319, 32.120750294902258 ], [ -81.135896385951725, 32.12078812729473 ], [ -81.135915244401701, 32.120828000137152 ], [ -81.135930103821096, 32.120869529432284 ], [ -81.135940821105578, 32.12091231523025 ], [ -81.135947293041838, 32.120955945480524 ], [ -81.13595, 32.121011046880028 ], [ -81.13595, 32.1216 ], [ -81.135952166873011, 32.121644107713152 ], [ -81.135958646623834, 32.121687790644906 ], [ -81.135969376848934, 32.121730628104764 ], [ -81.135984254210385, 32.121772207544566 ], [ -81.136003135431054, 32.121812128531573 ], [ -81.13602583867447, 32.121850006604859 ], [ -81.136052145295992, 32.121885476977873 ], [ -81.136081801948478, 32.121918198051532 ], [ -81.13611452302213, 32.121947854704011 ], [ -81.136149993395151, 32.121974161325539 ], [ -81.136187871468437, 32.121996864568956 ], [ -81.136227792455443, 32.122015745789632 ], [ -81.136269371895239, 32.122030623151083 ], [ -81.136312209355097, 32.122041353376183 ], [ -81.136355892286858, 32.122047833127006 ], [ -81.1364, 32.12205 ], [ -81.136988953120067, 32.12205 ], [ -81.137044054519393, 32.122052706958172 ], [ -81.137087684769682, 32.122059178894432 ], [ -81.137130470567698, 32.122069896178921 ], [ -81.1371719998629, 32.122084755598344 ], [ -81.137211872705322, 32.122103614048328 ], [ -81.137249705097716, 32.12212628991167 ] ] ] ] } },
{ "type": "Feature", "properties": { "Port": "Seattle", "zone_type": "anchor" }, "geometry": { "type": "MultiPolygon", "coordinates": [ [ [ [ -122.385446668093579, 47.591210252027253 ], [ -122.385691693634612, 47.591500852617784 ], [ -122.385758866328516, 47.591597899255312 ], [ -122.385772635884067, 47.591604452057339 ], [ -122.385901078235634, 47.591676700854727 ], [ -122.386214558172767, 47.591745673531094 ], [ -122.386594529259767, 47.591870148629297 ], [ -122.386960175027923, 47.592031936296472 ], [ -122.38730784194297, 47.592229419949483 ], [ -122.387634056115431, 47.592460626330698 ], [ -122.387935558011691, 47.59272324522486 ], [ -122.38820933502339, 47.593014652542706 ], [ -122.390968940711574, 47.59626309374547 ], [ -122.3912097823968, 47.596576796913567 ], [ -122.391418467965067, 47.596912750375537 ], [ -122.391592957327191, 47.597267669884047 ], [ -122.391731544692675, 47.597638085781576 ], [ -122.391832875245342, 47.598020376919472 ], [ -122.391895958387863, 47.598410806057913 ], [ -122.391920177425774, 47.598805556400812 ], [ -122.391905295596175, 47.59920076890841 ], [ -122.391851458382362, 47.599592580022879 ], [ -122.391759192091513, 47.599977159438069 ], [ -122.39162939870964, 47.600350747544198 ], [ -122.391463347083842, 47.600709692181404 ], [ -122.391262660518123, 47.601050484342935 ], [ -122.39102930090425, 47.601369792478792 ], [ -122.39076554954238, 47.601664495064675 ], [ -122.390473984839375, 47.601931711117672 ], [ -122.390157457102532, 47.602168828360441 ], [ -122.389819060675237, 47.602373528758612 ], [ -122.389462103687023, 47.602543811181626 ], [ -122.389090075713625, 47.60267801096559 ], [ -122.38870661366316, 47.602774816186887 ], [ -122.388315466222181, 47.602833280487374 ], [ -122.387920457208836, 47.602852832325922 ], [ -122.363487119608934, 47.602852834748916 ], [ -122.363110189484019, 47.602835035645406 ], [ -122.362736613871775, 47.602781796664473 ], [ -122.362369717434674, 47.602693591610191 ], [ -122.362012765393416, 47.602571205469658 ], [ -122.361668934467829, 47.602415727426944 ], [ -122.361341284605473, 47.602228541169843 ], [ -122.361032731749347, 47.602011312575641 ], [ -122.360919452007693, 47.601914379076511 ], [ -122.360885803039579, 47.601944876734301 ], [ -122.360570510840319, 47.60217871344711 ], [ -122.360233816851178, 47.602380520128989 ], [ -122.359878963620019, 47.602548353270855 ], [ -122.359509368578173, 47.602680596547458 ], [ -122.35912859112868, 47.602775976383498 ], [ -122.358740298367294, 47.602833574218806 ], [ -122.358348229766392, 47.602852835354625 ], [ -122.345987116809496, 47.602852836566143 ], [ -122.345595048307359, 47.602833575517273 ], [ -122.34520675563428, 47.602775977788184 ], [ -122.344825978259777, 47.602680598076319 ], [ -122.344456383276992, 47.602548354940154 ], [ -122.344101530086519, 47.602380521952995 ], [ -122.343764836117515, 47.602178715437731 ], [ -122.343449543915938, 47.601944878900831 ], [ -122.34315868991709, 47.601681264315268 ], [ -122.342895075203117, 47.601390410432806 ], [ -122.342661238527015, 47.601075118334464 ], [ -122.342459431863105, 47.600738424454555 ], [ -122.342291598719271, 47.600383571338185 ], [ -122.342159355419923, 47.600013976413777 ], [ -122.342063975539943, 47.599633199081389 ], [ -122.342006377639436, 47.599244906433732 ], [ -122.341987116417457, 47.598852837940107 ], [ -122.341987113722482, 47.591007007862487 ], [ -122.342007353530491, 47.590605124896314 ], [ -122.342067868404257, 47.590207308961006 ], [ -122.342168045934912, 47.589817585943102 ], [ -122.342306872328535, 47.589439899829031 ], [ -122.342482942665768, 47.589078072792077 ], [ -122.342694475119572, 47.588735766512087 ], [ -122.342939328987185, 47.588416445119378 ], [ -122.343215026354116, 47.588123340137841 ], [ -122.343518777170402, 47.587859417781964 ], [ -122.343826915061825, 47.587641886265779 ], [ -122.343897718076235, 47.587566419664221 ], [ -122.344205225389544, 47.587299217221592 ], [ -122.344538315793173, 47.587064677936844 ], [ -122.344893534350774, 47.586865234537804 ], [ -122.345267196604638, 47.586702955724874 ], [ -122.346799410157587, 47.586128375323604 ], [ -122.34701289664109, 47.585861370970079 ], [ -122.347280748020239, 47.58558549438996 ], [ -122.347573850885354, 47.585336610964966 ], [ -122.347889496741558, 47.585117020568475 ], [ -122.348224768779517, 47.58492875238386 ], [ -122.348576568828918, 47.584773546153279 ], [ -122.348941645987992, 47.584652836101107 ], [ -122.354236446528333, 47.583180363599709 ], [ -122.354596502236049, 47.583097934423797 ], [ -122.354962626428133, 47.583049069736489 ], [ -122.355331697102244, 47.583034186215173 ], [ -122.355700567130896, 47.58305341077412 ], [ -122.356066091097503, 47.583106579482298 ], [ -122.356425152117964, 47.583193238961215 ], [ -122.356560210944025, 47.583232516101091 ], [ -122.356650500707872, 47.583215983061095 ], [ -122.357459216228932, 47.583105355693171 ], [ -122.357855906223264, 47.58307109258233 ], [ -122.358254037287494, 47.583076437492821 ], [ -122.358649664517273, 47.583121337464299 ], [ -122.359038867817603, 47.583205347602835 ], [ -122.359417790745425, 47.583327635489177 ], [ -122.359782678721288, 47.583486989426838 ], [ -122.36012991623187, 47.583681830448235 ], [ -122.360456062654492, 47.58391022795999 ], [ -122.36075788634875, 47.584169918872348 ], [ -122.361032396677345, 47.584458330023082 ], [ -122.361276873639028, 47.584772603673869 ], [ -122.361488894819885, 47.58510962582632 ], [ -122.361666359395969, 47.585466057077205 ], [ -122.361807508949383, 47.585838365707168 ], [ -122.361910944891761, 47.586222862674902 ], [ -122.36222443085191, 47.587672279581312 ], [ -122.380895743082462, 47.587672277260005 ], [ -122.381127118635632, 47.587678974668975 ], [ -122.38166259449504, 47.587710000556463 ], [ -122.382063505944217, 47.587753592553597 ], [ -122.382457990586275, 47.587837330952631 ], [ -122.382842038725173, 47.587960364603752 ], [ -122.383211746745545, 47.588121442944853 ], [ -122.383563356790589, 47.588318928712731 ], [ -122.383893294958426, 47.588550814584877 ], [ -122.384198207628586, 47.58881474358266 ], [ -122.384474995549539, 47.589108033028623 ], [ -122.384720845340695, 47.589427701814223 ], [ -122.384933258088708, 47.589770500701007 ], [ -122.385110074747388, 47.590132945347129 ], [ -122.385249498083141, 47.590511351723592 ], [ -122.385350110942696, 47.590901873560099 ], [ -122.385388424797554, 47.591153182788958 ], [ -122.385446668093579, 47.591210252027253 ] ] ], [ [ [ -122.421591474849848, 47.627537605877187 ], [ -122.421927643141657, 47.627753853205192 ], [ -122.422240550655403, 47.628002571751189 ], [ -122.422527072774344, 47.628281277873533 ], [ -122.422784348359755, 47.628587188482086 ], [ -122.423009808321524, 47.628917248829481 ], [ -122.423201201272448, 47.62926816301502 ], [ -122.423356616010039, 47.629636426896795 ], [ -122.423474500601316, 47.630018363083117 ], [ -122.423553677880022, 47.630410157654055 ], [ -122.423593357201511, 47.630807898246303 ], [ -122.423593142337921, 47.631207613121077 ], [ -122.42355303543485, 47.631605310824874 ], [ -122.423473436989852, 47.631997020047166 ], [ -122.42335514185325, 47.632378829276938 ], [ -122.423199331290888, 47.632746925862001 ], [ -122.423007561188371, 47.633097634081267 ], [ -122.422781746514318, 47.633427451849528 ], [ -122.416705734316324, 47.641414336505427 ], [ -122.415730665460217, 47.642737373025909 ], [ -122.415474844916758, 47.643050093585636 ], [ -122.415188782738724, 47.643335412230698 ], [ -122.414875397445044, 47.643590418027955 ], [ -122.41453788631587, 47.643812509307871 ], [ -122.414179692772635, 47.643999420207784 ], [ -122.413804471246848, 47.644149243789094 ], [ -122.413416049896256, 47.644260451492656 ], [ -122.413018391548391, 47.64433190873369 ], [ -122.412615553270257, 47.644362886477289 ], [ -122.412211644976566, 47.644353068676324 ], [ -122.411810787498737, 47.644302555495862 ], [ -122.411417070542583, 47.644211862291264 ], [ -122.411034510963475, 47.644081914350295 ], [ -122.410667011784852, 47.643914037453008 ], [ -122.410318322378018, 47.643709944345609 ], [ -122.40999200020957, 47.643471717266323 ], [ -122.408180224233121, 47.642003225366786 ], [ -122.384484943841841, 47.637117651490719 ], [ -122.384106747643841, 47.637020206679615 ], [ -122.383739856994779, 47.636886344410748 ], [ -122.383387769459915, 47.636717340791911 ], [ -122.383053841486515, 47.636514806933086 ], [ -122.382741256406931, 47.636280673587706 ], [ -122.382452994091921, 47.636017172746847 ], [ -122.382191802543502, 47.63572681636164 ], [ -122.381960171698367, 47.635412372396878 ], [ -122.381760309691273, 47.635076838444036 ], [ -122.381594121804909, 47.634723413145259 ], [ -122.381463192306896, 47.634355465700715 ], [ -122.381368769346963, 47.633976503750084 ], [ -122.381311753058327, 47.633590139934199 ], [ -122.381292686976749, 47.633200057455838 ], [ -122.381292686397643, 47.630932991695083 ], [ -122.381201702484717, 47.631016787782762 ], [ -122.380886814630585, 47.631254033278111 ], [ -122.380550100741416, 47.631459127262893 ], [ -122.380194831988149, 47.631630077251778 ], [ -122.379824459801966, 47.631765222467926 ], [ -122.379442582343685, 47.631863249977371 ], [ -122.379052909547696, 47.63192320744416 ], [ -122.378659227080021, 47.631944512382312 ], [ -122.378200152935534, 47.631946698526875 ], [ -122.377801648657197, 47.631928704828653 ], [ -122.377406918294511, 47.63187110818118 ], [ -122.377019887673654, 47.631774481417075 ], [ -122.376644406042317, 47.631639785546476 ], [ -122.376284207786711, 47.631468360199229 ], [ -122.375942875290832, 47.631261910301475 ], [ -122.37562380330759, 47.631022489119161 ], [ -122.37533016519599, 47.630752477837106 ], [ -122.375196796823644, 47.630602704042516 ], [ -122.373460019303934, 47.630386379656137 ], [ -122.372993398700046, 47.630299890276731 ], [ -122.372540305372127, 47.630158746247758 ], [ -122.369290182707857, 47.628930414396017 ], [ -122.369060905805441, 47.628835535313527 ], [ -122.366665275910805, 47.627755975542179 ], [ -122.366306809880768, 47.627572188501979 ], [ -122.365968647128341, 47.627353278649061 ], [ -122.363697361865476, 47.625714975140127 ], [ -122.361789367087241, 47.624435912648636 ], [ -122.360918826454835, 47.623921813820019 ], [ -122.360456329445213, 47.623602865531993 ], [ -122.358807244740476, 47.622285569868026 ], [ -122.358075231841056, 47.6218816077293 ], [ -122.357746311360984, 47.621678772553537 ], [ -122.357438498515378, 47.621445144552588 ], [ -122.357154666175248, 47.621182904217328 ], [ -122.356897463397303, 47.62089449908256 ], [ -122.356669290699955, 47.620582620883695 ], [ -122.356599449657409, 47.620476785052347 ], [ -122.355657913302423, 47.619825119679426 ], [ -122.354349702433652, 47.619000080317562 ], [ -122.354025146515994, 47.618772150661684 ], [ -122.353724757093005, 47.61851320150398 ], [ -122.353451487151759, 47.618225778451773 ], [ -122.353208023080498, 47.617912707025866 ], [ -122.352996758259934, 47.617577064884124 ], [ -122.352819769535117, 47.61722215156653 ], [ -122.352678796798912, 47.616851456058917 ], [ -122.352575225887975, 47.616468622494388 ], [ -122.352510074959199, 47.616077414329595 ], [ -122.352483984480713, 47.615681677347943 ], [ -122.352497210935709, 47.615285301853483 ], [ -122.352549624301162, 47.614892184427205 ], [ -122.352640709325925, 47.614506189621565 ], [ -122.352769570595967, 47.614131111969868 ], [ -122.352934941336798, 47.613770638684038 ], [ -122.353135195866457, 47.613428313407333 ], [ -122.353368365576884, 47.613107501378479 ], [ -122.353632158286374, 47.612811356349582 ], [ -122.353923980772919, 47.612542789583081 ], [ -122.35424096426695, 47.612304441232496 ], [ -122.354579992652901, 47.612098654388312 ], [ -122.354937733102219, 47.611927452044171 ], [ -122.355310668836879, 47.611792517209757 ], [ -122.355695133701133, 47.611695176365942 ], [ -122.356087348201797, 47.611636386424763 ], [ -122.356483456662673, 47.61161672532247 ], [ -122.378626013931267, 47.611616722900258 ], [ -122.37901808246157, 47.611635983947416 ], [ -122.379406375162446, 47.611693581680292 ], [ -122.379787152563566, 47.611788961401317 ], [ -122.380156747571021, 47.611921204551805 ], [ -122.38051160078345, 47.612089037558135 ], [ -122.380848294771013, 47.612290844096982 ], [ -122.381163586987114, 47.612524680661387 ], [ -122.381454440995867, 47.612788295277795 ], [ -122.381718055714629, 47.613079149193766 ], [ -122.381951892390006, 47.613394441327571 ], [ -122.381960198475724, 47.613408299188194 ], [ -122.381986246673392, 47.613365615406401 ], [ -122.382226533573913, 47.61304792279806 ], [ -122.382497226397717, 47.612755704073322 ], [ -122.382795640779023, 47.612491857062764 ], [ -122.383118817447084, 47.612258998244663 ], [ -122.383463551572248, 47.612059436798226 ], [ -122.383826424547095, 47.611895151704339 ], [ -122.384203837887625, 47.611767772120636 ], [ -122.384592048918108, 47.61167856122578 ], [ -122.384987207885928, 47.611628403692919 ], [ -122.385385396138204, 47.611617796916725 ], [ -122.38578266498169, 47.611646846080859 ], [ -122.386175074840637, 47.611715263114966 ], [ -122.386558734324097, 47.611822369551305 ], [ -122.386929838815533, 47.611967103252923 ], [ -122.421235402673091, 47.627355989159305 ], [ -122.421591474849848, 47.627537605877187 ] ] ] ] } },
{ "type": "Feature", "properties": { "Port": "Seattle", "zone_type": "berth" }, "geometry": { "type": "MultiPolygon", "coordinates": [ [ [ [ -122.330317814305815, 47.632682185694208 ], [ -122.330347435192436, 47.632714867306319 ], [ -122.33037371008831, 47.632750294902252 ], [ -122.330396385951715, 47.632788127294724 ], [ -122.330415244401692, 47.632828000137145 ], [ -122.330430103821087, 47.632869529432277 ], [ -122.330440821105569, 47.632912315230243 ], [ -122.330447293041829, 47.632955945480518 ], [ -122.33045, 47.633011046880021 ], [ -122.33045, 47.63448895311997 ], [ -122.330447293041829, 47.634544054519473 ], [ -122.330440821105569, 47.634587684769748 ], [ -122.330430103821087, 47.634630470567714 ], [ -122.330415244401692, 47.634671999862846 ], [ -122.330396385951715, 47.634711872705267 ], [ -122.33037371008831, 47.63474970509774 ], [ -122.330347435192436, 47.634785132693672 ], [ -122.330317814305815, 47.634817814305784 ], [ -122.330285132693689, 47.634847435192427 ], [ -122.330249705097714, 47.634873710088328 ], [ -122.33021187270532, 47.63489638595167 ], [ -122.330171999862898, 47.634915244401654 ], [ -122.330130470567696, 47.634930103821077 ], [ -122.33008768476968, 47.634940821105566 ], [ -122.330044054519391, 47.634947293041826 ], [ -122.329988953120065, 47.63495 ], [ -122.328511046879939, 47.63495 ], [ -122.328455945480613, 47.634947293041826 ], [ -122.328412315230324, 47.634940821105566 ], [ -122.328369529432308, 47.634930103821077 ], [ -122.328328000137105, 47.634915244401654 ], [ -122.328288127294684, 47.63489638595167 ], [ -122.32825029490229, 47.634873710088328 ], [ -122.328214867306315, 47.634847435192427 ], [ -122.328182185694189, 47.634817814305784 ], [ -122.328152564807567, 47.634785132693672 ], [ -122.328126289911694, 47.63474970509774 ], [ -122.328103614048288, 47.634711872705267 ], [ -122.328084755598312, 47.634671999862846 ], [ -122.328069896178917, 47.634630470567714 ], [ -122.328059178894435, 47.634587684769748 ], [ -122.328052706958175, 47.634544054519473 ], [ -122.32805, 47.63448895311997 ], [ -122.32805, 47.633011046880021 ], [ -122.328052706958175, 47.632955945480518 ], [ -122.328059178894435, 47.632912315230243 ], [ -122.328069896178917, 47.632869529432277 ], [ -122.328084755598312, 47.632828000137145 ], [ -122.328103614048288, 47.632788127294724 ], [ -122.328126289911694, 47.632750294902252 ], [ -122.328152564807567, 47.632714867306319 ], [ -122.328182185694189, 47.632682185694208 ], [ -122.328214867306315, 47.632652564807564 ], [ -122.32825029490229, 47.632626289911663 ], [ -122.328288127294684, 47.632603614048321 ], [ -122.328328000137105, 47.632584755598337 ], [ -122.328369529432308, 47.632569896178914 ], [ -122.328412315230324, 47.632559178894425 ], [ -122.328455945480613, 47.632552706958165 ], [ -122.328511046879939, 47.63255 ], [ -122.329988953120065, 47.63255 ], [ -122.330044054519391, 47.632552706958165 ], [ -122.33008768476968, 47.632559178894425 ], [ -122.330130470567696, 47.632569896178914 ], [ -122.330171999862898, 47.632584755598337 ], [ -122.33021187270532, 47.632603614048321 ], [ -122.330249705097714, 47.632626289911663 ], [ -122.330285132693689, 47.632652564807564 ], [ -122.330317814305815, 47.632682185694208 ] ] ], [ [ [ -122.334785132693696, 47.539652564807568 ], [ -122.334817814305822, 47.539682185694211 ], [ -122.334847435192444, 47.539714867306323 ], [ -122.334873710088317, 47.539750294902255 ], [ -122.334896385951723, 47.539788127294727 ], [ -122.334915244401699, 47.539828000137149 ], [ -122.334930103821094, 47.539869529432281 ], [ -122.334940821105576, 47.539912315230247 ], [ -122.334947293041836, 47.539955945480521 ], [ -122.33495, 47.540011046880025 ], [ -122.33495, 47.541488953119973 ], [ -122.334947293041836, 47.541544054519477 ], [ -122.334940821105576, 47.541587684769752 ], [ -122.334930103821094, 47.541630470567718 ], [ -122.334915244401699, 47.541671999862849 ], [ -122.334896385951723, 47.541711872705271 ], [ -122.334873710088317, 47.541749705097743 ], [ -122.334847435192444, 47.541785132693676 ], [ -122.334817814305822, 47.541817814305787 ], [ -122.334785132693696, 47.54184743519243 ], [ -122.334749705097721, 47.541873710088332 ], [ -122.334711872705327, 47.541896385951674 ], [ -122.334671999862906, 47.541915244401658 ], [ -122.334630470567703, 47.54193010382108 ], [ -122.334587684769687, 47.54194082110557 ], [ -122.334544054519398, 47.541947293041829 ], [ -122.334488953120072, 47.54195 ], [ -122.333011046879932, 47.54195 ], [ -122.332955945480606, 47.541947293041829 ], [ -122.332912315230317, 47.54194082110557 ], [ -122.332869529432301, 47.54193010382108 ], [ -122.332828000137098, 47.541915244401658 ], [ -122.332788127294677, 47.541896385951674 ], [ -122.332750294902283, 47.541873710088332 ], [ -122.332714867306308, 47.54184743519243 ], [ -122.332682185694182, 47.541817814305787 ], [ -122.33265256480756, 47.541785132693676 ], [ -122.332626289911687, 47.541749705097743 ], [ -122.332603614048281, 47.541711872705271 ], [ -122.332584755598305, 47.541671999862849 ], [ -122.33256989617891, 47.541630470567718 ], [ -122.332559178894428, 47.541587684769752 ], [ -122.332552706958168, 47.541544054519477 ], [ -122.33255, 47.541488953119973 ], [ -122.33255, 47.540011046880025 ], [ -122.332552706958168, 47.539955945480521 ], [ -122.332559178894428, 47.539912315230247 ], [ -122.33256989617891, 47.539869529432281 ], [ -122.332584755598305, 47.539828000137149 ], [ -122.332603614048281, 47.539788127294727 ], [ -122.332626289911687, 47.539750294902255 ], [ -122.33265256480756, 47.539714867306323 ], [ -122.332682185694182, 47.539682185694211 ], [ -122.332714867306308, 47.539652564807568 ], [ -122.332750294902283, 47.539626289911666 ], [ -122.332788127294677, 47.539603614048325 ], [ -122.332828000137098, 47.539584755598341 ], [ -122.332869529432301, 47.539569896178918 ], [ -122.332912315230317, 47.539559178894429 ], [ -122.332955945480606, 47.539552706958169 ], [ -122.333011046879932, 47.53955 ], [ -122.334488953120072, 47.53955 ], [ -122.334544054519398, 47.539552706958169 ], [ -122.334587684769687, 47.539559178894429 ], [ -122.334630470567703, 47.539569896178918 ], [ -122.334671999862906, 47.539584755598341 ], [ -122.334711872705327, 47.539603614048325 ], [ -122.334749705097721, 47.539626289911666 ], [ -122.334785132693696, 47.539652564807568 ] ] ], [ [ [ -122.339285132693689, 47.545652564807568 ], [ -122.339317814305815, 47.545682185694211 ], [ -122.339347435192437, 47.545714867306323 ], [ -122.33937371008831, 47.545750294902255 ], [ -122.339396385951716, 47.545788127294728 ], [ -122.339415244401692, 47.545828000137149 ], [ -122.339430103821087, 47.545869529432281 ], [ -122.339440821105569, 47.545912315230247 ], [ -122.339447293041829, 47.545955945480522 ], [ -122.33945, 47.546011046880025 ], [ -122.33945, 47.5466 ], [ -122.339452166873002, 47.546644107713149 ], [ -122.339458646623825, 47.546687790644903 ], [ -122.339469376848925, 47.546730628104761 ], [ -122.339484254210376, 47.546772207544564 ], [ -122.339503135431045, 47.54681212853157 ], [ -122.339525838674462, 47.546850006604856 ], [ -122.339552145295983, 47.54688547697787 ], [ -122.339581801948469, 47.546918198051529 ], [ -122.339614523022121, 47.546947854704008 ], [ -122.339649993395142, 47.546974161325537 ], [ -122.339687871468428, 47.546996864568953 ], [ -122.339727792455434, 47.547015745789629 ], [ -122.33976937189523, 47.54703062315108 ], [ -122.339812209355088, 47.54704135337618 ], [ -122.339855892286849, 47.547047833127003 ], [ -122.3399, 47.54705 ], [ -122.340488953120072, 47.54705 ], [ -122.340544054519398, 47.547052706958169 ], [ -122.340587684769687, 47.547059178894429 ], [ -122.340630470567703, 47.547069896178918 ], [ -122.340671999862906, 47.547084755598341 ], [ -122.340711872705327, 47.547103614048325 ], [ -122.340749705097721, 47.547126289911667 ], [ -122.340785132693696, 47.547152564807568 ], [ -122.340817814305822, 47.547182185694211 ], [ -122.340847435192444, 47.547214867306323 ], [ -122.340873710088317, 47.547250294902256 ], [ -122.340896385951723, 47.547288127294728 ], [ -122.3409152444017, 47.547328000137149 ], [ -122.340930103821094, 47.547369529432281 ], [ -122.340940821105576, 47.547412315230247 ], [ -122.340947293041836, 47.547455945480522 ], [ -122.34095, 47.547511046880025 ], [ -122.34095, 47.548988953119974 ], [ -122.340947293041836, 47.549044054519477 ], [ -122.340940821105576, 47.549087684769752 ], [ -122.340930103821094, 47.549130470567718 ], [ -122.3409152444017, 47.54917199986285 ], [ -122.340896385951723, 47.549211872705271 ], [ -122.340873710088317, 47.549249705097743 ], [ -122.340847435192444, 47.549285132693676 ], [ -122.340817814305822, 47.549317814305788 ], [ -122.340785132693696, 47.549347435192431 ], [ -122.340749705097721, 47.549373710088332 ], [ -122.340711872705327, 47.549396385951674 ], [ -122.340671999862906, 47.549415244401658 ], [ -122.340630470567703, 47.549430103821081 ], [ -122.340587684769687, 47.54944082110557 ], [ -122.340544054519398, 47.54944729304183 ], [ -122.340488953120072, 47.54945 ], [ -122.339011046879932, 47.54945 ], [ -122.338955945480606, 47.54944729304183 ], [ -122.338912315230317, 47.54944082110557 ], [ -122.338869529432301, 47.549430103821081 ], [ -122.338828000137099, 47.549415244401658 ], [ -122.338788127294677, 47.549396385951674 ], [ -122.338750294902283, 47.549373710088332 ], [ -122.338714867306308, 47.549347435192431 ], [ -122.338682185694182, 47.549317814305788 ], [ -122.33865256480756, 47.549285132693676 ], [ -122.338626289911687, 47.549249705097743 ], [ -122.338603614048282, 47.549211872705271 ], [ -122.338584755598305, 47.54917199986285 ], [ -122.33856989617891, 47.549130470567718 ], [ -122.338559178894428, 47.549087684769752 ], [ -122.338552706958168, 47.549044054519477 ], [ -122.33855, 47.548988953119974 ], [ -122.33855, 47.5484 ], [ -122.338547833126995, 47.54835589228685 ], [ -122.338541353376172, 47.548312209355096 ], [ -122.338530623151073, 47.548269371895238 ], [ -122.338515745789621, 47.548227792455435 ], [ -122.338496864568953, 47.548187871468429 ], [ -122.338474161325536, 47.548149993395143 ], [ -122.338447854704015, 47.548114523022129 ], [ -122.338418198051528, 47.54808180194847 ], [ -122.338385476977876, 47.548052145295991 ], [ -122.338350006604855, 47.548025838674462 ], [ -122.33831212853157, 47.548003135431046 ], [ -122.338272207544563, 47.54798425421037 ], [ -122.338230628104768, 47.547969376848918 ], [ -122.338187790644909, 47.547958646623819 ], [ -122.338144107713148, 47.547952166872996 ], [ -122.3381, 47.54795 ], [ -122.337511046879939, 47.54795 ], [ -122.337455945480613, 47.54794729304183 ], [ -122.337412315230324, 47.54794082110557 ], [ -122.337369529432308, 47.547930103821081 ], [ -122.337328000137106, 47.547915244401658 ], [ -122.337288127294684, 47.547896385951674 ], [ -122.33725029490229, 47.547873710088332 ], [ -122.337214867306315, 47.547847435192431 ], [ -122.337182185694189, 47.547817814305787 ], [ -122.337152564807568, 47.547785132693676 ], [ -122.337126289911694, 47.547749705097743 ], [ -122.337103614048289, 47.547711872705271 ], [ -122.337084755598312, 47.54767199986285 ], [ -122.337069896178917, 47.547630470567718 ], [ -122.337059178894435, 47.547587684769752 ], [ -122.337052706958175, 47.547544054519477 ], [ -122.33705, 47.547488953119974 ], [ -122.33705, 47.546011046880025 ], [ -122.337052706958175, 47.545955945480522 ], [ -122.337059178894435, 47.545912315230247 ], [ -122.337069896178917, 47.545869529432281 ], [ -122.337084755598312, 47.545828000137149 ], [ -122.337103614048289, 47.545788127294728 ], [ -122.337126289911694, 47.545750294902255 ], [ -122.337152564807568, 47.545714867306323 ], [ -122.337182185694189, 47.545682185694211 ], [ -122.337214867306315, 47.545652564807568 ], [ -122.33725029490229, 47.545626289911667 ], [ -122.337288127294684, 47.545603614048325 ], [ -122.337328000137106, 47.545584755598341 ], [ -122.337369529432308, 47.545569896178918 ], [ -122.337412315230324, 47.545559178894429 ], [ -122.337455945480613, 47.545552706958169 ], [ -122.337511046879939, 47.54555 ], [ -122.338988953120065, 47.54555 ], [ -122.339044054519391, 47.545552706958169 ], [ -122.33908768476968, 47.545559178894429 ], [ -122.339130470567696, 47.545569896178918 ], [ -122.339171999862899, 47.545584755598341 ], [ -122.33921187270532, 47.545603614048325 ], [ -122.339249705097714, 47.545626289911667 ], [ -122.339285132693689, 47.545652564807568 ] ] ], [ [ [ -122.340817814305822, 47.644682185694208 ], [ -122.340847435192444, 47.64471486730632 ], [ -122.340873710088317, 47.644750294902252 ], [ -122.340896385951723, 47.644788127294724 ], [ -122.3409152444017, 47.644828000137146 ], [ -122.340930103821094, 47.644869529432277 ], [ -122.340940821105576, 47.644912315230243 ], [ -122.340947293041836, 47.644955945480518 ], [ -122.34095, 47.645011046880022 ], [ -122.34095, 47.64648895311997 ], [ -122.340947293041836, 47.646544054519474 ], [ -122.340940821105576, 47.646587684769749 ], [ -122.340930103821094, 47.646630470567715 ], [ -122.3409152444017, 47.646671999862846 ], [ -122.340896385951723, 47.646711872705268 ], [ -122.340873710088317, 47.64674970509774 ], [ -122.340847435192444, 47.646785132693672 ], [ -122.340817814305822, 47.646817814305784 ], [ -122.340785132693696, 47.646847435192427 ], [ -122.340749705097721, 47.646873710088329 ], [ -122.340711872705327, 47.646896385951671 ], [ -122.340671999862906, 47.646915244401654 ], [ -122.340630470567703, 47.646930103821077 ], [ -122.340587684769687, 47.646940821105566 ], [ -122.340544054519398, 47.646947293041826 ], [ -122.340488953120072, 47.64695 ], [ -122.339011046879932, 47.64695 ], [ -122.338955945480606, 47.646947293041826 ], [ -122.338912315230317, 47.646940821105566 ], [ -122.338869529432301, 47.646930103821077 ], [ -122.338828000137099, 47.646915244401654 ], [ -122.338788127294677, 47.646896385951671 ], [ -122.338750294902283, 47.646873710088329 ], [ -122.338714867306308, 47.646847435192427 ], [ -122.338682185694182, 47.646817814305784 ], [ -122.33865256480756, 47.646785132693672 ], [ -122.338626289911687, 47.64674970509774 ], [ -122.338603614048282, 47.646711872705268 ], [ -122.338584755598305, 47.646671999862846 ], [ -122.33856989617891, 47.646630470567715 ], [ -122.338559178894428, 47.646587684769749 ], [ -122.338552706958168, 47.646544054519474 ], [ -122.33855, 47.64648895311997 ], [ -122.33855, 47.645011046880022 ], [ -122.338552706958168, 47.644955945480518 ], [ -122.338559178894428, 47.644912315230243 ], [ -122.33856989617891, 47.644869529432277 ], [ -122.338584755598305, 47.644828000137146 ], [ -122.338603614048282, 47.644788127294724 ], [ -122.338626289911687, 47.644750294902252 ], [ -122.33865256480756, 47.64471486730632 ], [ -122.338682185694182, 47.644682185694208 ], [ -122.338714867306308, 47.644652564807565 ], [ -122.338750294902283, 47.644626289911663 ], [ -122.338788127294677, 47.644603614048322 ], [ -122.338828000137099, 47.644584755598338 ], [ -122.338869529432301, 47.644569896178915 ], [ -122.338912315230317, 47.644559178894426 ], [ -122.338955945480606, 47.644552706958166 ], [ -122.339011046879932, 47.64455 ], [ -122.340488953120072, 47.64455 ], [ -122.340544054519398, 47.644552706958166 ], [ -122.340587684769687, 47.644559178894426 ], [ -122.340630470567703, 47.644569896178915 ], [ -122.340671999862906, 47.644584755598338 ], [ -122.340711872705327, 47.644603614048322 ], [ -122.340749705097721, 47.644626289911663 ], [ -122.340785132693696, 47.644652564807565 ], [ -122.340817814305822, 47.644682185694208 ] ] ], [ [ [ -122.346729086924213, 47.585388603425564 ], [ -122.346694896764376, 47.585416677554839 ], [ -122.346663628449775, 47.585447973181786 ], [ -122.346635584182678, 47.585482187840149 ], [ -122.346611035005566, 47.585518990851817 ], [ -122.346590218181547, 47.585558026522712 ], [ -122.346573334901237, 47.585598917580541 ], [ -122.346560548338317, 47.58564126882105 ], [ -122.346551982072455, 47.585684670927606 ], [ -122.346547718894996, 47.585728704427154 ], [ -122.346547800008722, 47.585772943744338 ], [ -122.34655222462969, 47.58581696131462 ], [ -122.346560949994767, 47.58586033171661 ], [ -122.346573891774995, 47.585902635783661 ], [ -122.346590924890521, 47.58594346465506 ], [ -122.34661188471955, 47.585982423727572 ], [ -122.346636568689348, 47.586019136469218 ], [ -122.346664738234068, 47.586053248058377 ], [ -122.34669612110045, 47.586084428813052 ], [ -122.346730413979088, 47.586112377377219 ], [ -122.34676809359965, 47.586140119039349 ], [ -122.345267196604638, 47.586702955724874 ], [ -122.344893534350774, 47.586865234537804 ], [ -122.34455, 47.587058117643544 ], [ -122.34455, 47.58651104688002 ], [ -122.344552706958169, 47.586455945480516 ], [ -122.344559178894428, 47.586412315230241 ], [ -122.344569896178911, 47.586369529432275 ], [ -122.344584755598305, 47.586328000137144 ], [ -122.344603614048282, 47.586288127294722 ], [ -122.344626289911687, 47.58625029490225 ], [ -122.344652564807561, 47.586214867306317 ], [ -122.344682185694182, 47.586182185694206 ], [ -122.344714867306308, 47.586152564807563 ], [ -122.344765484770065, 47.586115024337929 ], [ -122.344770913075791, 47.586111396574424 ], [ -122.344805103235629, 47.586083322445148 ], [ -122.34483637155023, 47.586052026818201 ], [ -122.344864415817327, 47.586017812159838 ], [ -122.344888964994439, 47.585981009148171 ], [ -122.344909781818458, 47.585941973477276 ], [ -122.344926665098768, 47.585901082419447 ], [ -122.344939451661688, 47.585858731178938 ], [ -122.34494801792755, 47.585815329072382 ], [ -122.344952281105009, 47.585771295572833 ], [ -122.344952199991283, 47.585727056255649 ], [ -122.344947775370315, 47.585683038685367 ], [ -122.344939050005237, 47.585639668283378 ], [ -122.34492610822501, 47.585597364216326 ], [ -122.344909075109484, 47.585556535344928 ], [ -122.344888115280455, 47.585517576272416 ], [ -122.344863431310657, 47.585480863530769 ], [ -122.344835261765937, 47.58544675194161 ], [ -122.344803878899555, 47.585415571186935 ], [ -122.344769586020917, 47.585387622622768 ], [ -122.344714283615374, 47.585346906165789 ], [ -122.344682185694182, 47.585317814305782 ], [ -122.344652564807561, 47.58528513269367 ], [ -122.3446150243376, 47.585234515229494 ], [ -122.344611396574052, 47.585229086923718 ], [ -122.344583322444748, 47.585194896763944 ], [ -122.344552026817794, 47.585163628449401 ], [ -122.344517812159424, 47.585135584182368 ], [ -122.344481009147756, 47.585111035005319 ], [ -122.344441973476876, 47.585090218181357 ], [ -122.344401082419068, 47.585073334901104 ], [ -122.344358731178573, 47.585060548338227 ], [ -122.344315329072046, 47.585051982072414 ], [ -122.34427129557254, 47.585047718894991 ], [ -122.344227056255392, 47.585047800008745 ], [ -122.344183038685145, 47.585052224629727 ], [ -122.344139668283191, 47.585060949994826 ], [ -122.344097364216182, 47.585073891775053 ], [ -122.344056535344819, 47.585090924890579 ], [ -122.34401757627235, 47.585111884719609 ], [ -122.343980863530732, 47.585136568689393 ], [ -122.343946751941616, 47.585164738234091 ], [ -122.343915571186955, 47.585196121100438 ], [ -122.343887622622802, 47.585230413979041 ], [ -122.343846906165709, 47.585285716384718 ], [ -122.343817814305822, 47.585317814305782 ], [ -122.343785132693696, 47.585347435192425 ], [ -122.343749705097721, 47.585373710088327 ], [ -122.343711872705327, 47.585396385951668 ], [ -122.343671999862906, 47.585415244401652 ], [ -122.343630470567703, 47.585430103821075 ], [ -122.343587684769687, 47.585440821105564 ], [ -122.343544054519398, 47.585447293041824 ], [ -122.343488953120072, 47.58545 ], [ -122.342011046879932, 47.58545 ], [ -122.341955945480606, 47.585447293041824 ], [ -122.341912315230317, 47.585440821105564 ], [ -122.341869529432302, 47.585430103821075 ], [ -122.341828000137099, 47.585415244401652 ], [ -122.341788127294677, 47.585396385951668 ], [ -122.341750294902283, 47.585373710088327 ], [ -122.341714867306308, 47.585347435192425 ], [ -122.341682185694182, 47.585317814305782 ], [ -122.341652564807561, 47.58528513269367 ], [ -122.341626289911687, 47.585249705097738 ], [ -122.341603614048282, 47.585211872705266 ], [ -122.341584755598305, 47.585171999862844 ], [ -122.34156989617891, 47.585130470567712 ], [ -122.341559178894428, 47.585087684769746 ], [ -122.341552706958169, 47.585044054519472 ], [ -122.34155, 47.584988953119968 ], [ -122.34155, 47.582011046880019 ], [ -122.341552706958169, 47.581955945480516 ], [ -122.341559178894428, 47.581912315230241 ], [ -122.34156989617891, 47.581869529432275 ], [ -122.341584755598305, 47.581828000137143 ], [ -122.341603614048282, 47.581788127294722 ], [ -122.341626289911687, 47.58175029490225 ], [ -122.341652564807561, 47.581714867306317 ], [ -122.341682185694182, 47.581682185694206 ], [ -122.341714867306308, 47.581652564807563 ], [ -122.341750294902283, 47.581626289911661 ], [ -122.341788127294677, 47.581603614048319 ], [ -122.341828000137099, 47.581584755598335 ], [ -122.341869529432302, 47.581569896178912 ], [ -122.341912315230317, 47.581559178894423 ], [ -122.341955945480606, 47.581552706958163 ], [ -122.342011046879932, 47.58155 ], [ -122.344330616391957, 47.58155 ], [ -122.344375679784676, 47.581547737970951 ], [ -122.344420290134266, 47.581540974625042 ], [ -122.344463998952264, 47.581529777957321 ], [ -122.34450636681369, 47.581514260533062 ], [ -122.344546967774875, 47.5814945783561 ], [ -122.344585393655549, 47.581470929300473 ], [ -122.344621258142595, 47.581443551121062 ], [ -122.344654200673716, 47.581412719063366 ], [ -122.344683890062427, 47.581378743096323 ], [ -122.344710027827574, 47.581341964796039 ], [ -122.344732351194111, 47.581302753911771 ], [ -122.344750635734911, 47.581261504648673 ], [ -122.344764697627042, 47.581218631704658 ], [ -122.344774395499783, 47.581174566101261 ], [ -122.344779631855943, 47.581129750850373 ], [ -122.34478035405202, 47.581084636500421 ], [ -122.344776554827433, 47.581039676606842 ], [ -122.34476827237755, 47.580995323172225 ], [ -122.344755589969665, 47.58095202210216 ], [ -122.344738635105898, 47.580910208722329 ], [ -122.344717578241315, 47.580870303401973 ], [ -122.34469263107033, 47.58083270732773 ], [ -122.344664044398385, 47.580797798470321 ], [ -122.344652564807504, 47.580785132693592 ], [ -122.344626289911687, 47.580749705097737 ], [ -122.344603614048282, 47.580711872705265 ], [ -122.344584755598305, 47.580671999862844 ], [ -122.344569896178911, 47.580630470567712 ], [ -122.344559178894428, 47.580587684769746 ], [ -122.344552706958169, 47.580544054519471 ], [ -122.34455, 47.580488953119968 ], [ -122.34455, 47.577511046880019 ], [ -122.344552706958169, 47.577455945480516 ], [ -122.344559178894428, 47.577412315230241 ], [ -122.344569896178911, 47.577369529432275 ], [ -122.344584755598305, 47.577328000137143 ], [ -122.344603614048282, 47.577288127294722 ], [ -122.344626289911687, 47.57725029490225 ], [ -122.344652564807561, 47.577214867306317 ], [ -122.344682185694182, 47.577182185694205 ], [ -122.344714867306308, 47.577152564807562 ], [ -122.344765484770065, 47.577115024337928 ], [ -122.344770913075791, 47.577111396574423 ], [ -122.344805103235629, 47.577083322445148 ], [ -122.34483637155023, 47.577052026818201 ], [ -122.344864415817327, 47.577017812159838 ], [ -122.344888964994439, 47.57698100914817 ], [ -122.344909781818458, 47.576941973477275 ], [ -122.344926665098768, 47.576901082419447 ], [ -122.344939451661688, 47.576858731178937 ], [ -122.34494801792755, 47.576815329072382 ], [ -122.344952281105009, 47.576771295572833 ], [ -122.344952199991283, 47.576727056255649 ], [ -122.344947775370315, 47.576683038685367 ], [ -122.344939050005237, 47.576639668283377 ], [ -122.34492610822501, 47.576597364216326 ], [ -122.344909075109484, 47.576556535344928 ], [ -122.344888115280455, 47.576517576272416 ], [ -122.344863431310657, 47.576480863530769 ], [ -122.344835261765937, 47.57644675194161 ], [ -122.344803878899555, 47.576415571186935 ], [ -122.344769586020917, 47.576387622622768 ], [ -122.344714283615374, 47.576346906165789 ], [ -122.344682185694182, 47.576317814305781 ], [ -122.344652564807561, 47.57628513269367 ], [ -122.344626289911687, 47.576249705097737 ], [ -122.344603614048282, 47.576211872705265 ], [ -122.344584755598305, 47.576171999862844 ], [ -122.344569896178911, 47.576130470567712 ], [ -122.344559178894428, 47.576087684769746 ], [ -122.344552706958169, 47.576044054519471 ], [ -122.34455, 47.575988953119968 ], [ -122.34455, 47.5754 ], [ -122.344547833126995, 47.575355892286844 ], [ -122.344541353376172, 47.57531220935509 ], [ -122.344530623151073, 47.575269371895232 ], [ -122.344515745789622, 47.575227792455429 ], [ -122.344496864568953, 47.575187871468422 ], [ -122.344474161325536, 47.575149993395137 ], [ -122.344447854704015, 47.575114523022123 ], [ -122.344418198051528, 47.575081801948464 ], [ -122.344385476977877, 47.575052145295984 ], [ -122.344350006604856, 47.575025838674456 ], [ -122.34431212853157, 47.575003135431039 ], [ -122.344272207544563, 47.574984254210364 ], [ -122.344230628104768, 47.574969376848912 ], [ -122.344187790644909, 47.574958646623813 ], [ -122.344144107713149, 47.57495216687299 ], [ -122.3441, 47.57495 ], [ -122.343511046879939, 47.57495 ], [ -122.343455945480613, 47.574947293041824 ], [ -122.343412315230324, 47.574940821105564 ], [ -122.343369529432309, 47.574930103821075 ], [ -122.343328000137106, 47.574915244401652 ], [ -122.343288127294684, 47.574896385951668 ], [ -122.34325029490229, 47.574873710088326 ], [ -122.343214867306315, 47.574847435192424 ], [ -122.343182185694189, 47.574817814305781 ], [ -122.343152564807568, 47.57478513269367 ], [ -122.343126289911694, 47.574749705097737 ], [ -122.343103614048289, 47.574711872705265 ], [ -122.343084755598312, 47.574671999862844 ], [ -122.343069896178918, 47.574630470567712 ], [ -122.343059178894435, 47.574587684769746 ], [ -122.343052706958176, 47.574544054519471 ], [ -122.34305, 47.574488953119968 ], [ -122.34305, 47.573011046880026 ], [ -122.343052706958176, 47.572955945480523 ], [ -122.343059178894435, 47.572912315230248 ], [ -122.343069896178918, 47.572869529432282 ], [ -122.343084755598312, 47.57282800013715 ], [ -122.343103614048289, 47.572788127294729 ], [ -122.343126289911694, 47.572750294902256 ], [ -122.343152564807568, 47.572714867306324 ], [ -122.343182185694189, 47.572682185694212 ], [ -122.343214867306315, 47.572652564807569 ], [ -122.34325029490229, 47.572626289911668 ], [ -122.343288127294684, 47.572603614048326 ], [ -122.343328000137106, 47.572584755598342 ], [ -122.343369529432309, 47.572569896178919 ], [ -122.343412315230324, 47.57255917889443 ], [ -122.343455945480613, 47.57255270695817 ], [ -122.343511046879939, 47.57255 ], [ -122.344988953120065, 47.57255 ], [ -122.345044054519391, 47.57255270695817 ], [ -122.34508768476968, 47.57255917889443 ], [ -122.345130470567696, 47.572569896178919 ], [ -122.345171999862899, 47.572584755598342 ], [ -122.34521187270532, 47.572603614048326 ], [ -122.345249705097714, 47.572626289911668 ], [ -122.345285132693689, 47.572652564807569 ], [ -122.345317814305815, 47.572682185694212 ], [ -122.345347435192437, 47.572714867306324 ], [ -122.34537371008831, 47.572750294902256 ], [ -122.345396385951716, 47.572788127294729 ], [ -122.345415244401693, 47.57282800013715 ], [ -122.345430103821087, 47.572869529432282 ], [ -122.345440821105569, 47.572912315230248 ], [ -122.345447293041829, 47.572955945480523 ], [ -122.34545, 47.573011046880026 ], [ -122.34545, 47.5736 ], [ -122.345452166873002, 47.573644107713143 ], [ -122.345458646623825, 47.573687790644897 ], [ -122.345469376848925, 47.573730628104755 ], [ -122.345484254210376, 47.573772207544557 ], [ -122.345503135431045, 47.573812128531564 ], [ -122.345525838674462, 47.57385000660485 ], [ -122.345552145295983, 47.573885476977864 ], [ -122.34558180194847, 47.573918198051523 ], [ -122.345614523022121, 47.573947854704002 ], [ -122.345649993395142, 47.57397416132553 ], [ -122.345687871468428, 47.573996864568947 ], [ -122.345727792455435, 47.574015745789623 ], [ -122.34576937189523, 47.574030623151074 ], [ -122.345812209355088, 47.574041353376174 ], [ -122.345855892286849, 47.574047833126997 ], [ -122.3459, 47.57405 ], [ -122.346488953120073, 47.57405 ], [ -122.346544054519399, 47.574052706958163 ], [ -122.346587684769688, 47.574059178894423 ], [ -122.346630470567703, 47.574069896178912 ], [ -122.346671999862906, 47.574084755598335 ], [ -122.346711872705328, 47.574103614048319 ], [ -122.346749705097722, 47.574126289911661 ], [ -122.346785132693697, 47.574152564807562 ], [ -122.346817814305822, 47.574182185694205 ], [ -122.346847435192444, 47.574214867306317 ], [ -122.346873710088317, 47.574250294902249 ], [ -122.346896385951723, 47.574288127294722 ], [ -122.3469152444017, 47.574328000137143 ], [ -122.346930103821094, 47.574369529432275 ], [ -122.346940821105576, 47.574412315230241 ], [ -122.346947293041836, 47.574455945480516 ], [ -122.34695, 47.574511046880019 ], [ -122.34695, 47.575988953119968 ], [ -122.346947293041836, 47.576044054519471 ], [ -122.346940821105576, 47.576087684769746 ], [ -122.346930103821094, 47.576130470567712 ], [ -122.3469152444017, 47.576171999862844 ], [ -122.346896385951723, 47.576211872705265 ], [ -122.346873710088317, 47.576249705097737 ], [ -122.346847435192444, 47.57628513269367 ], [ -122.346817814305822, 47.576317814305781 ], [ -122.346785132693697, 47.576347435192424 ], [ -122.346734515229301, 47.576384975662535 ], [ -122.346729086923574, 47.576388603426054 ], [ -122.346694896763807, 47.576416677555358 ], [ -122.346663628449278, 47.576447973182326 ], [ -122.346635584182266, 47.576482187840703 ], [ -122.346611035005239, 47.576518990852371 ], [ -122.346590218181291, 47.576558026523259 ], [ -122.346573334901052, 47.576598917581073 ], [ -122.346560548338189, 47.576641268821561 ], [ -122.346551982072384, 47.576684670928088 ], [ -122.346547718894982, 47.576728704427595 ], [ -122.346547800008736, 47.576772943744736 ], [ -122.346552224629733, 47.576816961314975 ], [ -122.346560949994839, 47.576860331716915 ], [ -122.34657389177508, 47.576902635783917 ], [ -122.34659092489062, 47.576943464655272 ], [ -122.34661188471965, 47.576982423727742 ], [ -122.346636568689448, 47.577019136469346 ], [ -122.346664738234139, 47.577053248058462 ], [ -122.346696121100493, 47.577084428813102 ], [ -122.346730413979103, 47.577112377377247 ], [ -122.346785716384716, 47.577153093834269 ], [ -122.346817814305822, 47.577182185694205 ], [ -122.346847435192444, 47.577214867306317 ], [ -122.346873710088317, 47.57725029490225 ], [ -122.346896385951723, 47.577288127294722 ], [ -122.3469152444017, 47.577328000137143 ], [ -122.346930103821094, 47.577369529432275 ], [ -122.346940821105576, 47.577412315230241 ], [ -122.346947293041836, 47.577455945480516 ], [ -122.34695, 47.577511046880019 ], [ -122.34695, 47.580488953119968 ], [ -122.346947293041836, 47.580544054519471 ], [ -122.346940821105576, 47.580587684769746 ], [ -122.346930103821094, 47.580630470567712 ], [ -122.3469152444017, 47.580671999862844 ], [ -122.346896385951723, 47.580711872705265 ], [ -122.346873710088317, 47.580749705097737 ], [ -122.346847435192444, 47.58078513269367 ], [ -122.346817814305822, 47.580817814305782 ], [ -122.346785132693697, 47.580847435192425 ], [ -122.346734515229301, 47.580884975662535 ], [ -122.346729086923574, 47.580888603426054 ], [ -122.346694896763807, 47.580916677555358 ], [ -122.346663628449278, 47.580947973182326 ], [ -122.346635584182266, 47.580982187840704 ], [ -122.346611035005239, 47.581018990852371 ], [ -122.346590218181291, 47.581058026523259 ], [ -122.346573334901052, 47.581098917581073 ], [ -122.346560548338189, 47.581141268821561 ], [ -122.346551982072384, 47.581184670928089 ], [ -122.346547718894982, 47.581228704427595 ], [ -122.346547800008736, 47.581272943744736 ], [ -122.346552224629733, 47.581316961314975 ], [ -122.346560949994839, 47.581360331716915 ], [ -122.34657389177508, 47.581402635783917 ], [ -122.34659092489062, 47.581443464655273 ], [ -122.34661188471965, 47.581482423727742 ], [ -122.346636568689448, 47.581519136469346 ], [ -122.346664738234139, 47.581553248058462 ], [ -122.346696121100493, 47.581584428813102 ], [ -122.346730413979103, 47.581612377377247 ], [ -122.346785716384716, 47.581653093834269 ], [ -122.346817814305822, 47.581682185694206 ], [ -122.346847435192444, 47.581714867306317 ], [ -122.346873710088317, 47.58175029490225 ], [ -122.346896385951723, 47.581788127294722 ], [ -122.3469152444017, 47.581828000137143 ], [ -122.346930103821094, 47.581869529432275 ], [ -122.346940821105576, 47.581912315230241 ], [ -122.346947293041836, 47.581955945480516 ], [ -122.34695, 47.582011046880019 ], [ -122.34695, 47.584988953119968 ], [ -122.346947293041836, 47.585044054519472 ], [ -122.346940821105576, 47.585087684769746 ], [ -122.346930103821094, 47.585130470567712 ], [ -122.3469152444017, 47.585171999862844 ], [ -122.346896385951723, 47.585211872705266 ], [ -122.346873710088317, 47.585249705097738 ], [ -122.346847435192444, 47.58528513269367 ], [ -122.346817814305822, 47.585317814305782 ], [ -122.346785132693697, 47.585347435192425 ], [ -122.34673451522994, 47.585384975662059 ], [ -122.346729086924213, 47.585388603425564 ] ] ], [ [ [ -122.340511046879939, 47.59745 ], [ -122.340455945480613, 47.597447293041824 ], [ -122.340412315230324, 47.597440821105565 ], [ -122.340369529432309, 47.597430103821075 ], [ -122.340328000137106, 47.597415244401653 ], [ -122.340288127294684, 47.597396385951669 ], [ -122.34025029490229, 47.597373710088327 ], [ -122.340214867306315, 47.597347435192425 ], [ -122.340182185694189, 47.597317814305782 ], [ -122.340152564807568, 47.597285132693671 ], [ -122.340126289911694, 47.597249705097738 ], [ -122.340103614048289, 47.597211872705266 ], [ -122.340084755598312, 47.597171999862844 ], [ -122.340069896178917, 47.597130470567713 ], [ -122.340059178894435, 47.597087684769747 ], [ -122.340052706958176, 47.597044054519472 ], [ -122.34005, 47.596988953119968 ], [ -122.34005, 47.59401104688002 ], [ -122.340052706958176, 47.593955945480516 ], [ -122.340059178894435, 47.593912315230241 ], [ -122.340069896178917, 47.593869529432276 ], [ -122.340084755598312, 47.593828000137144 ], [ -122.340103614048289, 47.593788127294722 ], [ -122.340126289911694, 47.59375029490225 ], [ -122.340152564807568, 47.593714867306318 ], [ -122.340182185694189, 47.593682185694206 ], [ -122.340214867306315, 47.593652564807563 ], [ -122.34025029490229, 47.593626289911661 ], [ -122.340288127294684, 47.59360361404832 ], [ -122.340328000137106, 47.593584755598336 ], [ -122.340369529432309, 47.593569896178913 ], [ -122.340412315230324, 47.593559178894424 ], [ -122.340455945480613, 47.593552706958164 ], [ -122.340511046879939, 47.59355 ], [ -122.3411, 47.59355 ], [ -122.341144107713149, 47.593547833126998 ], [ -122.341187790644909, 47.593541353376175 ], [ -122.341230628104768, 47.593530623151075 ], [ -122.341272207544563, 47.593515745789624 ], [ -122.34131212853157, 47.593496864568948 ], [ -122.341350006604856, 47.593474161325531 ], [ -122.341385476977877, 47.593447854704003 ], [ -122.341418198051528, 47.593418198051523 ], [ -122.341447854704015, 47.593385476977865 ], [ -122.341474161325536, 47.593350006604851 ], [ -122.341496864568953, 47.593312128531565 ], [ -122.341515745789621, 47.593272207544558 ], [ -122.341530623151073, 47.593230628104756 ], [ -122.341541353376172, 47.593187790644897 ], [ -122.341547833126995, 47.593144107713144 ], [ -122.34155, 47.5931 ], [ -122.34155, 47.59101104688002 ], [ -122.341552706958169, 47.590955945480516 ], [ -122.341559178894428, 47.590912315230241 ], [ -122.34156989617891, 47.590869529432275 ], [ -122.341584755598305, 47.590828000137144 ], [ -122.341603614048282, 47.590788127294722 ], [ -122.341626289911687, 47.59075029490225 ], [ -122.341652564807561, 47.590714867306318 ], [ -122.341682185694182, 47.590682185694206 ], [ -122.341714867306308, 47.590652564807563 ], [ -122.341750294902283, 47.590626289911661 ], [ -122.341788127294677, 47.59060361404832 ], [ -122.341828000137099, 47.590584755598336 ], [ -122.341869529432302, 47.590569896178913 ], [ -122.341912315230317, 47.590559178894424 ], [ -122.341955945480606, 47.590552706958164 ], [ -122.342011046879932, 47.59055 ], [ -122.342015739006911, 47.59055 ], [ -122.342007353530491, 47.590605124896314 ], [ -122.341987113722482, 47.591007007862487 ], [ -122.341987115935595, 47.59745 ], [ -122.340511046879939, 47.59745 ] ] ], [ [ [ -122.342285132693689, 47.604152564807563 ], [ -122.342317814305815, 47.604182185694206 ], [ -122.342347435192437, 47.604214867306318 ], [ -122.34237371008831, 47.604250294902251 ], [ -122.342396385951716, 47.604288127294723 ], [ -122.342415244401693, 47.604328000137144 ], [ -122.342430103821087, 47.604369529432276 ], [ -122.342440821105569, 47.604412315230242 ], [ -122.342447293041829, 47.604455945480517 ], [ -122.34245, 47.60451104688002 ], [ -122.34245, 47.605988953119969 ], [ -122.342447293041829, 47.606044054519472 ], [ -122.342440821105569, 47.606087684769747 ], [ -122.342430103821087, 47.606130470567713 ], [ -122.342415244401693, 47.606171999862845 ], [ -122.342396385951716, 47.606211872705266 ], [ -122.34237371008831, 47.606249705097738 ], [ -122.342347435192437, 47.606285132693671 ], [ -122.342317814305815, 47.606317814305783 ], [ -122.342285132693689, 47.606347435192426 ], [ -122.342249705097714, 47.606373710088327 ], [ -122.34221187270532, 47.606396385951669 ], [ -122.342171999862899, 47.606415244401653 ], [ -122.342130470567696, 47.606430103821076 ], [ -122.34208768476968, 47.606440821105565 ], [ -122.342044054519391, 47.606447293041825 ], [ -122.341988953120065, 47.60645 ], [ -122.340511046879939, 47.60645 ], [ -122.340455945480613, 47.606447293041825 ], [ -122.340412315230324, 47.606440821105565 ], [ -122.340369529432309, 47.606430103821076 ], [ -122.340328000137106, 47.606415244401653 ], [ -122.340288127294684, 47.606396385951669 ], [ -122.34025029490229, 47.606373710088327 ], [ -122.340214867306315, 47.606347435192426 ], [ -122.340182185694189, 47.606317814305783 ], [ -122.340152564807568, 47.606285132693671 ], [ -122.340126289911694, 47.606249705097738 ], [ -122.340103614048289, 47.606211872705266 ], [ -122.340084755598312, 47.606171999862845 ], [ -122.340069896178917, 47.606130470567713 ], [ -122.340059178894435, 47.606087684769747 ], [ -122.340052706958176, 47.606044054519472 ], [ -122.34005, 47.605988953119969 ], [ -122.34005, 47.60451104688002 ], [ -122.340052706958176, 47.604455945480517 ], [ -122.340059178894435, 47.604412315230242 ], [ -122.340069896178917, 47.604369529432276 ], [ -122.340084755598312, 47.604328000137144 ], [ -122.340103614048289, 47.604288127294723 ], [ -122.340126289911694, 47.604250294902251 ], [ -122.340152564807568, 47.604214867306318 ], [ -122.340182185694189, 47.604182185694206 ], [ -122.340214867306315, 47.604152564807563 ], [ -122.34025029490229, 47.604126289911662 ], [ -122.340288127294684, 47.60410361404832 ], [ -122.340328000137106, 47.604084755598336 ], [ -122.340369529432309, 47.604069896178913 ], [ -122.340412315230324, 47.604059178894424 ], [ -122.340455945480613, 47.604052706958164 ], [ -122.340511046879939, 47.60405 ], [ -122.341988953120065, 47.60405 ], [ -122.342044054519391, 47.604052706958164 ], [ -122.34208768476968, 47.604059178894424 ], [ -122.342130470567696, 47.604069896178913 ], [ -122.342171999862899, 47.604084755598336 ], [ -122.34221187270532, 47.60410361404832 ], [ -122.342249705097714, 47.604126289911662 ], [ -122.342285132693689, 47.604152564807563 ] ] ], [ [ [ -122.343817814305822, 47.551682185694212 ], [ -122.343847435192444, 47.551714867306323 ], [ -122.343873710088317, 47.551750294902256 ], [ -122.343896385951723, 47.551788127294728 ], [ -122.3439152444017, 47.551828000137149 ], [ -122.343930103821094, 47.551869529432281 ], [ -122.343940821105576, 47.551912315230247 ], [ -122.343947293041836, 47.551955945480522 ], [ -122.34395, 47.552011046880025 ], [ -122.34395, 47.554988953119974 ], [ -122.343947293041836, 47.555044054519477 ], [ -122.343940821105576, 47.555087684769752 ], [ -122.343930103821094, 47.555130470567718 ], [ -122.3439152444017, 47.55517199986285 ], [ -122.343896385951723, 47.555211872705272 ], [ -122.343873710088317, 47.555249705097744 ], [ -122.343847435192444, 47.555285132693676 ], [ -122.343817814305822, 47.555317814305788 ], [ -122.343785132693696, 47.555347435192431 ], [ -122.343749705097721, 47.555373710088332 ], [ -122.343711872705327, 47.555396385951674 ], [ -122.343671999862906, 47.555415244401658 ], [ -122.343630470567703, 47.555430103821081 ], [ -122.343587684769687, 47.55544082110557 ], [ -122.343544054519398, 47.55544729304183 ], [ -122.343488953120072, 47.55545 ], [ -122.342011046879932, 47.55545 ], [ -122.341955945480606, 47.55544729304183 ], [ -122.341912315230317, 47.55544082110557 ], [ -122.341869529432302, 47.555430103821081 ], [ -122.341828000137099, 47.555415244401658 ], [ -122.341788127294677, 47.555396385951674 ], [ -122.341750294902283, 47.555373710088332 ], [ -122.341714867306308, 47.555347435192431 ], [ -122.341682185694182, 47.555317814305788 ], [ -122.341652564807561, 47.555285132693676 ], [ -122.341626289911687, 47.555249705097744 ], [ -122.341603614048282, 47.555211872705272 ], [ -122.341584755598305, 47.55517199986285 ], [ -122.34156989617891, 47.555130470567718 ], [ -122.341559178894428, 47.555087684769752 ], [ -122.341552706958169, 47.555044054519477 ], [ -122.34155, 47.554988953119974 ], [ -122.34155, 47.552011046880025 ], [ -122.341552706958169, 47.551955945480522 ], [ -122.341559178894428, 47.551912315230247 ], [ -122.34156989617891, 47.551869529432281 ], [ -122.341584755598305, 47.551828000137149 ], [ -122.341603614048282, 47.551788127294728 ], [ -122.341626289911687, 47.551750294902256 ], [ -122.341652564807561, 47.551714867306323 ], [ -122.341682185694182, 47.551682185694212 ], [ -122.341714867306308, 47.551652564807569 ], [ -122.341750294902283, 47.551626289911667 ], [ -122.341788127294677, 47.551603614048325 ], [ -122.341828000137099, 47.551584755598341 ], [ -122.341869529432302, 47.551569896178918 ], [ -122.341912315230317, 47.551559178894429 ], [ -122.341955945480606, 47.551552706958169 ], [ -122.342011046879932, 47.55155 ], [ -122.343488953120072, 47.55155 ], [ -122.343544054519398, 47.551552706958169 ], [ -122.343587684769687, 47.551559178894429 ], [ -122.343630470567703, 47.551569896178918 ], [ -122.343671999862906, 47.551584755598341 ], [ -122.343711872705327, 47.551603614048325 ], [ -122.343749705097721, 47.551626289911667 ], [ -122.343785132693696, 47.551652564807569 ], [ -122.343817814305822, 47.551682185694212 ] ] ], [ [ [ -122.349785132693697, 47.562152564807569 ], [ -122.349817814305823, 47.562182185694212 ], [ -122.349847435192444, 47.562214867306324 ], [ -122.349873710088318, 47.562250294902256 ], [ -122.349896385951723, 47.562288127294728 ], [ -122.3499152444017, 47.56232800013715 ], [ -122.349930103821094, 47.562369529432281 ], [ -122.349940821105577, 47.562412315230247 ], [ -122.349947293041836, 47.562455945480522 ], [ -122.34995, 47.562511046880026 ], [ -122.34995, 47.563988953119974 ], [ -122.349947293041836, 47.564044054519478 ], [ -122.349940821105577, 47.564087684769753 ], [ -122.349930103821094, 47.564130470567719 ], [ -122.3499152444017, 47.56417199986285 ], [ -122.349896385951723, 47.564211872705272 ], [ -122.349873710088318, 47.564249705097744 ], [ -122.349847435192444, 47.564285132693676 ], [ -122.349817814305823, 47.564317814305788 ], [ -122.349785132693697, 47.564347435192431 ], [ -122.349749705097722, 47.564373710088333 ], [ -122.349711872705328, 47.564396385951675 ], [ -122.349671999862906, 47.564415244401658 ], [ -122.349630470567703, 47.564430103821081 ], [ -122.349587684769688, 47.56444082110557 ], [ -122.349544054519399, 47.56444729304183 ], [ -122.349488953120073, 47.56445 ], [ -122.348011046879932, 47.56445 ], [ -122.347955945480606, 47.56444729304183 ], [ -122.347912315230317, 47.56444082110557 ], [ -122.347869529432302, 47.564430103821081 ], [ -122.347828000137099, 47.564415244401658 ], [ -122.347788127294677, 47.564396385951675 ], [ -122.347750294902283, 47.564373710088333 ], [ -122.347714867306308, 47.564347435192431 ], [ -122.347682185694183, 47.564317814305788 ], [ -122.347652564807561, 47.564285132693676 ], [ -122.347626289911688, 47.564249705097744 ], [ -122.347603614048282, 47.564211872705272 ], [ -122.347584755598305, 47.56417199986285 ], [ -122.347569896178911, 47.564130470567719 ], [ -122.347559178894429, 47.564087684769753 ], [ -122.347552706958169, 47.564044054519478 ], [ -122.34755, 47.563988953119974 ], [ -122.34755, 47.562511046880026 ], [ -122.347552706958169, 47.562455945480522 ], [ -122.347559178894429, 47.562412315230247 ], [ -122.347569896178911, 47.562369529432281 ], [ -122.347584755598305, 47.56232800013715 ], [ -122.347603614048282, 47.562288127294728 ], [ -122.347626289911688, 47.562250294902256 ], [ -122.347652564807561, 47.562214867306324 ], [ -122.347682185694183, 47.562182185694212 ], [ -122.347714867306308, 47.562152564807569 ], [ -122.347750294902283, 47.562126289911667 ], [ -122.347788127294677, 47.562103614048326 ], [ -122.347828000137099, 47.562084755598342 ], [ -122.347869529432302, 47.562069896178919 ], [ -122.347912315230317, 47.56205917889443 ], [ -122.347955945480606, 47.56205270695817 ], [ -122.348011046879932, 47.56205 ], [ -122.349488953120073, 47.56205 ], [ -122.349544054519399, 47.56205270695817 ], [ -122.349587684769688, 47.56205917889443 ], [ -122.349630470567703, 47.562069896178919 ], [ -122.349671999862906, 47.562084755598342 ], [ -122.349711872705328, 47.562103614048326 ], [ -122.349749705097722, 47.562126289911667 ], [ -122.349785132693697, 47.562152564807569 ] ] ], [ [ [ -122.35595, 47.602988953119969 ], [ -122.355947293041837, 47.603044054519472 ], [ -122.355940821105577, 47.603087684769747 ], [ -122.355930103821095, 47.603130470567713 ], [ -122.3559152444017, 47.603171999862845 ], [ -122.355896385951723, 47.603211872705266 ], [ -122.355873710088318, 47.603249705097738 ], [ -122.355847435192445, 47.603285132693671 ], [ -122.355817814305823, 47.603317814305782 ], [ -122.355785132693697, 47.603347435192426 ], [ -122.355749705097722, 47.603373710088327 ], [ -122.355711872705328, 47.603396385951669 ], [ -122.355671999862906, 47.603415244401653 ], [ -122.355630470567704, 47.603430103821076 ], [ -122.355587684769688, 47.603440821105565 ], [ -122.355544054519399, 47.603447293041825 ], [ -122.355488953120073, 47.60345 ], [ -122.354011046879933, 47.60345 ], [ -122.353955945480607, 47.603447293041825 ], [ -122.353912315230318, 47.603440821105565 ], [ -122.353869529432302, 47.603430103821076 ], [ -122.353828000137099, 47.603415244401653 ], [ -122.353788127294678, 47.603396385951669 ], [ -122.353750294902284, 47.603373710088327 ], [ -122.353714867306309, 47.603347435192426 ], [ -122.353682185694183, 47.603317814305782 ], [ -122.353652564807561, 47.603285132693671 ], [ -122.353626289911688, 47.603249705097738 ], [ -122.353603614048282, 47.603211872705266 ], [ -122.353584755598305, 47.603171999862845 ], [ -122.353569896178911, 47.603130470567713 ], [ -122.353559178894429, 47.603087684769747 ], [ -122.353552706958169, 47.603044054519472 ], [ -122.35355, 47.602988953119969 ], [ -122.35355, 47.602852835824905 ], [ -122.35595, 47.60285283558968 ], [ -122.35595, 47.602988953119969 ] ] ], [ [ [ -122.361785132693697, 47.575652564807562 ], [ -122.361817814305823, 47.575682185694205 ], [ -122.361847435192445, 47.575714867306317 ], [ -122.361873710088318, 47.575750294902249 ], [ -122.361896385951724, 47.575788127294722 ], [ -122.3619152444017, 47.575828000137143 ], [ -122.361930103821095, 47.575869529432275 ], [ -122.361940821105577, 47.575912315230241 ], [ -122.361947293041837, 47.575955945480516 ], [ -122.36195, 47.576011046880019 ], [ -122.36195, 47.581988953119968 ], [ -122.361947293041837, 47.582044054519471 ], [ -122.361940821105577, 47.582087684769746 ], [ -122.361930103821095, 47.582130470567712 ], [ -122.3619152444017, 47.582171999862844 ], [ -122.361896385951724, 47.582211872705265 ], [ -122.361873710088318, 47.582249705097738 ], [ -122.361847435192445, 47.58228513269367 ], [ -122.361817814305823, 47.582317814305782 ], [ -122.361785132693697, 47.582347435192425 ], [ -122.361749705097722, 47.582373710088326 ], [ -122.361711872705328, 47.582396385951668 ], [ -122.361671999862907, 47.582415244401652 ], [ -122.361630470567704, 47.582430103821075 ], [ -122.361587684769688, 47.582440821105564 ], [ -122.361544054519399, 47.582447293041824 ], [ -122.361488953120073, 47.58245 ], [ -122.3609, 47.58245 ], [ -122.36085589228685, 47.58245216687299 ], [ -122.360812209355089, 47.582458646623813 ], [ -122.360769371895231, 47.582469376848913 ], [ -122.360727792455435, 47.582484254210364 ], [ -122.360687871468429, 47.58250313543104 ], [ -122.360649993395143, 47.582525838674457 ], [ -122.360614523022122, 47.582552145295985 ], [ -122.36058180194847, 47.582581801948464 ], [ -122.360552145295983, 47.582614523022123 ], [ -122.360525838674462, 47.582649993395137 ], [ -122.360503135431046, 47.582687871468423 ], [ -122.360484254210377, 47.582727792455429 ], [ -122.360469376848926, 47.582769371895232 ], [ -122.360458646623826, 47.58281220935509 ], [ -122.360452166873003, 47.582855892286844 ], [ -122.36045, 47.5829 ], [ -122.36045, 47.583488953119968 ], [ -122.36044729304183, 47.583544054519471 ], [ -122.36044082110557, 47.583587684769746 ], [ -122.360430103821088, 47.583630470567712 ], [ -122.360415244401693, 47.583671999862844 ], [ -122.360396385951717, 47.583711872705265 ], [ -122.360373710088311, 47.583749705097738 ], [ -122.360347435192438, 47.58378513269367 ], [ -122.360320254100472, 47.583815122407202 ], [ -122.36012991623187, 47.583681830448235 ], [ -122.359782678721288, 47.583486989426838 ], [ -122.359417790745425, 47.583327635489177 ], [ -122.359038867817603, 47.583205347602835 ], [ -122.358649664517273, 47.583121337464299 ], [ -122.358254037287494, 47.583076437492821 ], [ -122.35805, 47.583073698291749 ], [ -122.35805, 47.582011046880019 ], [ -122.358052706958176, 47.581955945480516 ], [ -122.358059178894436, 47.581912315230241 ], [ -122.358069896178918, 47.581869529432275 ], [ -122.358084755598313, 47.581828000137143 ], [ -122.358103614048289, 47.581788127294722 ], [ -122.358126289911695, 47.58175029490225 ], [ -122.358152564807568, 47.581714867306317 ], [ -122.35818218569419, 47.581682185694206 ], [ -122.358214867306316, 47.581652564807563 ], [ -122.358250294902291, 47.581626289911661 ], [ -122.358288127294685, 47.581603614048319 ], [ -122.358328000137107, 47.581584755598335 ], [ -122.358369529432309, 47.581569896178912 ], [ -122.358412315230325, 47.581559178894423 ], [ -122.358455945480614, 47.581552706958163 ], [ -122.35851104687994, 47.58155 ], [ -122.3591, 47.58155 ], [ -122.359144107713149, 47.581547833126997 ], [ -122.35918779064491, 47.581541353376174 ], [ -122.359230628104768, 47.581530623151075 ], [ -122.359272207544564, 47.581515745789623 ], [ -122.35931212853157, 47.581496864568948 ], [ -122.359350006604856, 47.581474161325531 ], [ -122.359385476977877, 47.581447854704003 ], [ -122.359418198051529, 47.581418198051523 ], [ -122.359447854704015, 47.581385476977864 ], [ -122.359474161325537, 47.58135000660485 ], [ -122.359496864568953, 47.581312128531565 ], [ -122.359515745789622, 47.581272207544558 ], [ -122.359530623151073, 47.581230628104755 ], [ -122.359541353376173, 47.581187790644897 ], [ -122.359547833126996, 47.581144107713143 ], [ -122.35955, 47.5811 ], [ -122.35955, 47.576011046880019 ], [ -122.359552706958169, 47.575955945480516 ], [ -122.359559178894429, 47.575912315230241 ], [ -122.359569896178911, 47.575869529432275 ], [ -122.359584755598306, 47.575828000137143 ], [ -122.359603614048282, 47.575788127294722 ], [ -122.359626289911688, 47.575750294902249 ], [ -122.359652564807561, 47.575714867306317 ], [ -122.359682185694183, 47.575682185694205 ], [ -122.359714867306309, 47.575652564807562 ], [ -122.359750294902284, 47.575626289911661 ], [ -122.359788127294678, 47.575603614048319 ], [ -122.359828000137099, 47.575584755598335 ], [ -122.359869529432302, 47.575569896178912 ], [ -122.359912315230318, 47.575559178894423 ], [ -122.359955945480607, 47.575552706958163 ], [ -122.360011046879933, 47.57555 ], [ -122.361488953120073, 47.57555 ], [ -122.361544054519399, 47.575552706958163 ], [ -122.361587684769688, 47.575559178894423 ], [ -122.361630470567704, 47.575569896178912 ], [ -122.361671999862907, 47.575584755598335 ], [ -122.361711872705328, 47.575603614048319 ], [ -122.361749705097722, 47.575626289911661 ], [ -122.361785132693697, 47.575652564807562 ] ] ], [ [ [ -122.371788127294678, 47.61160361404832 ], [ -122.3718280001371, 47.611584755598336 ], [ -122.371869529432303, 47.611569896178914 ], [ -122.371912315230318, 47.611559178894424 ], [ -122.371955945480607, 47.611552706958165 ], [ -122.372011046879933, 47.61155 ], [ -122.373488953120074, 47.61155 ], [ -122.3735440545194, 47.611552706958165 ], [ -122.373587684769689, 47.611559178894424 ], [ -122.373630470567704, 47.611569896178914 ], [ -122.373671999862907, 47.611584755598336 ], [ -122.373711872705329, 47.61160361404832 ], [ -122.373733744396375, 47.611616723435432 ], [ -122.371766255244552, 47.611616723650656 ], [ -122.371788127294678, 47.61160361404832 ] ] ], [ [ [ -122.377611396574054, 47.658729086923721 ], [ -122.37758332244475, 47.658694896763947 ], [ -122.377552026817796, 47.658663628449403 ], [ -122.377517812159425, 47.65863558418237 ], [ -122.377481009147758, 47.658611035005322 ], [ -122.377441973476877, 47.658590218181359 ], [ -122.37740108241907, 47.658573334901106 ], [ -122.377358731178575, 47.65856054833823 ], [ -122.377315329072047, 47.658551982072417 ], [ -122.377271295572541, 47.658547718894994 ], [ -122.377227056255393, 47.658547800008748 ], [ -122.377183038685146, 47.65855222462973 ], [ -122.377139668283192, 47.658560949994829 ], [ -122.377097364216183, 47.658573891775056 ], [ -122.377056535344821, 47.658590924890582 ], [ -122.377017576272351, 47.658611884719612 ], [ -122.376980863530733, 47.658636568689396 ], [ -122.376946751941617, 47.658664738234094 ], [ -122.376915571186956, 47.658696121100441 ], [ -122.376887622622803, 47.658730413979043 ], [ -122.37684690616571, 47.65878571638472 ], [ -122.376817814305824, 47.658817814305785 ], [ -122.376785132693698, 47.658847435192428 ], [ -122.376749705097723, 47.658873710088329 ], [ -122.376711872705329, 47.658896385951671 ], [ -122.376671999862907, 47.658915244401655 ], [ -122.376630470567704, 47.658930103821078 ], [ -122.376587684769689, 47.658940821105567 ], [ -122.3765440545194, 47.658947293041827 ], [ -122.376488953120074, 47.65895 ], [ -122.373511046879941, 47.65895 ], [ -122.373455945480615, 47.658947293041827 ], [ -122.373412315230325, 47.658940821105567 ], [ -122.37336952943231, 47.658930103821078 ], [ -122.373328000137107, 47.658915244401655 ], [ -122.373288127294686, 47.658896385951671 ], [ -122.373250294902292, 47.658873710088329 ], [ -122.373214867306316, 47.658847435192428 ], [ -122.373182185694191, 47.658817814305785 ], [ -122.373152564807569, 47.658785132693673 ], [ -122.373126289911696, 47.65874970509774 ], [ -122.37310361404829, 47.658711872705268 ], [ -122.373084755598313, 47.658671999862847 ], [ -122.373069896178919, 47.658630470567715 ], [ -122.373059178894437, 47.658587684769749 ], [ -122.373052706958177, 47.658544054519474 ], [ -122.37305, 47.658488953119971 ], [ -122.37305, 47.657011046880022 ], [ -122.373052706958177, 47.656955945480519 ], [ -122.373059178894437, 47.656912315230244 ], [ -122.373069896178919, 47.656869529432278 ], [ -122.373084755598313, 47.656828000137146 ], [ -122.37310361404829, 47.656788127294725 ], [ -122.373126289911696, 47.656750294902253 ], [ -122.373152564807569, 47.65671486730632 ], [ -122.373182185694191, 47.656682185694208 ], [ -122.373214867306316, 47.656652564807565 ], [ -122.373250294902292, 47.656626289911664 ], [ -122.373288127294686, 47.656603614048322 ], [ -122.373328000137107, 47.656584755598338 ], [ -122.37336952943231, 47.656569896178915 ], [ -122.373412315230325, 47.656559178894426 ], [ -122.373455945480615, 47.656552706958166 ], [ -122.373511046879941, 47.65655 ], [ -122.376488953120074, 47.65655 ], [ -122.3765440545194, 47.656552706958166 ], [ -122.376587684769689, 47.656559178894426 ], [ -122.376630470567704, 47.656569896178915 ], [ -122.376671999862907, 47.656584755598338 ], [ -122.376711872705329, 47.656603614048322 ], [ -122.376749705097723, 47.656626289911664 ], [ -122.376785132693698, 47.656652564807565 ], [ -122.376817814305824, 47.656682185694208 ], [ -122.376847435192445, 47.65671486730632 ], [ -122.376884975662406, 47.656765484770496 ], [ -122.376888603425954, 47.656770913076272 ], [ -122.376916677555258, 47.656805103236046 ], [ -122.376947973182212, 47.65683637155059 ], [ -122.376982187840582, 47.656864415817623 ], [ -122.37701899085225, 47.656888964994671 ], [ -122.37705802652313, 47.656909781818634 ], [ -122.377098917580938, 47.656926665098887 ], [ -122.377141268821433, 47.656939451661763 ], [ -122.37718467092796, 47.656948017927576 ], [ -122.377228704427466, 47.656952281104999 ], [ -122.377272943744615, 47.656952199991245 ], [ -122.377316961314861, 47.656947775370263 ], [ -122.377360331716815, 47.656939050005164 ], [ -122.377402635783824, 47.656926108224937 ], [ -122.377443464655187, 47.656909075109411 ], [ -122.377482423727656, 47.656888115280381 ], [ -122.377519136469274, 47.656863431310597 ], [ -122.377553248058391, 47.656835261765899 ], [ -122.377584428813051, 47.656803878899552 ], [ -122.377612377377204, 47.65676958602095 ], [ -122.377653093834297, 47.656714283615273 ], [ -122.377682185694184, 47.656682185694208 ], [ -122.37771486730631, 47.656652564807565 ], [ -122.377750294902285, 47.656626289911664 ], [ -122.377788127294679, 47.656603614048322 ], [ -122.3778280001371, 47.656584755598338 ], [ -122.377869529432303, 47.656569896178915 ], [ -122.377912315230319, 47.656559178894426 ], [ -122.377955945480608, 47.656552706958166 ], [ -122.378011046879934, 47.65655 ], [ -122.379488953120074, 47.65655 ], [ -122.3795440545194, 47.656552706958166 ], [ -122.379587684769689, 47.656559178894426 ], [ -122.379630470567704, 47.656569896178915 ], [ -122.379671999862907, 47.656584755598338 ], [ -122.379711872705329, 47.656603614048322 ], [ -122.379749705097723, 47.656626289911664 ], [ -122.379785132693698, 47.656652564807565 ], [ -122.379817814305824, 47.656682185694208 ], [ -122.379847435192445, 47.65671486730632 ], [ -122.379873710088319, 47.656750294902253 ], [ -122.379896385951724, 47.656788127294725 ], [ -122.379915244401701, 47.656828000137146 ], [ -122.379930103821096, 47.656869529432278 ], [ -122.379940821105578, 47.656912315230244 ], [ -122.379947293041837, 47.656955945480519 ], [ -122.37995, 47.657011046880022 ], [ -122.37995, 47.6576 ], [ -122.379952166873011, 47.657644107713146 ], [ -122.379958646623834, 47.6576877906449 ], [ -122.379969376848933, 47.657730628104758 ], [ -122.379984254210385, 47.657772207544561 ], [ -122.380003135431053, 47.657812128531567 ], [ -122.38002583867447, 47.657850006604853 ], [ -122.380052145295991, 47.657885476977867 ], [ -122.380081801948478, 47.657918198051526 ], [ -122.380114523022129, 47.657947854704005 ], [ -122.38014999339515, 47.657974161325534 ], [ -122.380187871468436, 47.65799686456895 ], [ -122.380227792455443, 47.658015745789626 ], [ -122.380269371895238, 47.658030623151078 ], [ -122.380312209355097, 47.658041353376177 ], [ -122.380355892286858, 47.658047833127 ], [ -122.3804, 47.65805 ], [ -122.380988953120067, 47.65805 ], [ -122.381044054519393, 47.658052706958166 ], [ -122.381087684769682, 47.658059178894426 ], [ -122.381130470567697, 47.658069896178915 ], [ -122.3811719998629, 47.658084755598338 ], [ -122.381211872705322, 47.658103614048322 ], [ -122.381249705097716, 47.658126289911664 ], [ -122.381285132693691, 47.658152564807565 ], [ -122.381317814305817, 47.658182185694208 ], [ -122.381347435192438, 47.65821486730632 ], [ -122.381373710088312, 47.658250294902253 ], [ -122.381396385951717, 47.658288127294725 ], [ -122.381415244401694, 47.658328000137146 ], [ -122.381430103821089, 47.658369529432278 ], [ -122.381440821105571, 47.658412315230244 ], [ -122.38144729304183, 47.658455945480519 ], [ -122.38145, 47.658511046880022 ], [ -122.38145, 47.661488953119971 ], [ -122.38144729304183, 47.661544054519474 ], [ -122.381440821105571, 47.661587684769749 ], [ -122.381430103821089, 47.661630470567715 ], [ -122.381415244401694, 47.661671999862847 ], [ -122.381396385951717, 47.661711872705268 ], [ -122.381373710088312, 47.661749705097741 ], [ -122.381347435192438, 47.661785132693673 ], [ -122.381317814305817, 47.661817814305785 ], [ -122.381285132693691, 47.661847435192428 ], [ -122.381249705097716, 47.661873710088329 ], [ -122.381211872705322, 47.661896385951671 ], [ -122.3811719998629, 47.661915244401655 ], [ -122.381130470567697, 47.661930103821078 ], [ -122.381087684769682, 47.661940821105567 ], [ -122.381044054519393, 47.661947293041827 ], [ -122.380988953120067, 47.66195 ], [ -122.379511046879941, 47.66195 ], [ -122.379455945480615, 47.661947293041827 ], [ -122.379412315230326, 47.661940821105567 ], [ -122.37936952943231, 47.661930103821078 ], [ -122.379328000137107, 47.661915244401655 ], [ -122.379288127294686, 47.661896385951671 ], [ -122.379250294902292, 47.661873710088329 ], [ -122.379214867306317, 47.661847435192428 ], [ -122.379182185694191, 47.661817814305785 ], [ -122.379152564807569, 47.661785132693673 ], [ -122.379126289911696, 47.661749705097741 ], [ -122.37910361404829, 47.661711872705268 ], [ -122.379084755598313, 47.661671999862847 ], [ -122.379069896178919, 47.661630470567715 ], [ -122.379059178894437, 47.661587684769749 ], [ -122.379052706958177, 47.661544054519474 ], [ -122.37905, 47.661488953119971 ], [ -122.37905, 47.6594 ], [ -122.379047833127004, 47.659355892286847 ], [ -122.379041353376181, 47.659312209355093 ], [ -122.379030623151081, 47.659269371895235 ], [ -122.37901574578963, 47.659227792455432 ], [ -122.378996864568961, 47.659187871468426 ], [ -122.378974161325544, 47.65914999339514 ], [ -122.378947854704023, 47.659114523022126 ], [ -122.378918198051537, 47.659081801948467 ], [ -122.378885476977885, 47.659052145295988 ], [ -122.378850006604864, 47.659025838674459 ], [ -122.378812128531578, 47.659003135431043 ], [ -122.378772207544571, 47.658984254210367 ], [ -122.378730628104776, 47.658969376848916 ], [ -122.378687790644918, 47.658958646623816 ], [ -122.378644107713157, 47.658952166872993 ], [ -122.3786, 47.65895 ], [ -122.378011046879934, 47.65895 ], [ -122.377955945480608, 47.658947293041827 ], [ -122.377912315230319, 47.658940821105567 ], [ -122.377869529432303, 47.658930103821078 ], [ -122.3778280001371, 47.658915244401655 ], [ -122.377788127294679, 47.658896385951671 ], [ -122.377750294902285, 47.658873710088329 ], [ -122.37771486730631, 47.658847435192428 ], [ -122.377682185694184, 47.658817814305785 ], [ -122.377652564807562, 47.658785132693673 ], [ -122.377615024337601, 47.658734515229497 ], [ -122.377611396574054, 47.658729086923721 ] ] ], [ [ [ -122.381011046879934, 47.63195 ], [ -122.380955945480608, 47.631947293041826 ], [ -122.380912315230319, 47.631940821105566 ], [ -122.380869529432303, 47.631930103821077 ], [ -122.3808280001371, 47.631915244401654 ], [ -122.380788127294679, 47.63189638595167 ], [ -122.380750294902285, 47.631873710088328 ], [ -122.38071486730631, 47.631847435192427 ], [ -122.380682185694184, 47.631817814305784 ], [ -122.380652564807562, 47.631785132693672 ], [ -122.380626289911689, 47.631749705097739 ], [ -122.380603614048283, 47.631711872705267 ], [ -122.380584755598306, 47.631671999862846 ], [ -122.380569896178912, 47.631630470567714 ], [ -122.38055917889443, 47.631587684769748 ], [ -122.38055270695817, 47.631544054519473 ], [ -122.38055, 47.63148895311997 ], [ -122.38055, 47.631459175738151 ], [ -122.380550100741416, 47.631459127262893 ], [ -122.380886814630585, 47.631254033278111 ], [ -122.381201702484717, 47.631016787782762 ], [ -122.381292686397643, 47.630932991695083 ], [ -122.381292686657432, 47.63195 ], [ -122.381011046879934, 47.63195 ] ] ], [ [ [ -122.397817814305824, 47.664182185694209 ], [ -122.397847435192446, 47.66421486730632 ], [ -122.397873710088319, 47.664250294902253 ], [ -122.397896385951725, 47.664288127294725 ], [ -122.397915244401702, 47.664328000137147 ], [ -122.397930103821096, 47.664369529432278 ], [ -122.397940821105578, 47.664412315230244 ], [ -122.397947293041838, 47.664455945480519 ], [ -122.39795, 47.664511046880023 ], [ -122.39795, 47.665988953119971 ], [ -122.397947293041838, 47.666044054519475 ], [ -122.397940821105578, 47.666087684769749 ], [ -122.397930103821096, 47.666130470567715 ], [ -122.397915244401702, 47.666171999862847 ], [ -122.397896385951725, 47.666211872705269 ], [ -122.397873710088319, 47.666249705097741 ], [ -122.397847435192446, 47.666285132693673 ], [ -122.397817814305824, 47.666317814305785 ], [ -122.397785132693699, 47.666347435192428 ], [ -122.397749705097723, 47.66637371008833 ], [ -122.397711872705329, 47.666396385951671 ], [ -122.397671999862908, 47.666415244401655 ], [ -122.397630470567705, 47.666430103821078 ], [ -122.39758768476969, 47.666440821105567 ], [ -122.3975440545194, 47.666447293041827 ], [ -122.397488953120074, 47.66645 ], [ -122.396011046879934, 47.66645 ], [ -122.395955945480608, 47.666447293041827 ], [ -122.395912315230319, 47.666440821105567 ], [ -122.395869529432304, 47.666430103821078 ], [ -122.395828000137101, 47.666415244401655 ], [ -122.395788127294679, 47.666396385951671 ], [ -122.395750294902285, 47.66637371008833 ], [ -122.395714867306324, 47.666347435192428 ], [ -122.395702201529716, 47.66633595560166 ], [ -122.395668803388801, 47.666308489249303 ], [ -122.395632923182006, 47.666284355308704 ], [ -122.395594892218526, 47.666263776626892 ], [ -122.395555061667139, 47.666246943222447 ], [ -122.395513799313591, 47.666234010530985 ], [ -122.395471486164539, 47.666225097969878 ], [ -122.395428512929414, 47.666220287835571 ], [ -122.395385276412767, 47.666219624543679 ], [ -122.395342175850175, 47.666223114218894 ], [ -122.39529960922188, 47.666230724638382 ], [ -122.395257969577912, 47.666242385529365 ], [ -122.395217641408721, 47.666257989217975 ], [ -122.395178997094931, 47.666277391623503 ], [ -122.395142393468845, 47.6663004135888 ], [ -122.395108168519556, 47.666326842534566 ], [ -122.395076638272016, 47.666356434422283 ], [ -122.395048093868951, 47.666388916007563 ], [ -122.395022798882508, 47.666423987363245 ], [ -122.395000986880532, 47.666461324648878 ], [ -122.394982859269803, 47.666500583100934 ], [ -122.394968583436309, 47.666541400216296 ], [ -122.394958291199671, 47.666583399099537 ], [ -122.394952077595931, 47.666626191943067 ], [ -122.39495, 47.666669383608046 ], [ -122.39495, 47.667488953119971 ], [ -122.394947293041838, 47.667544054519475 ], [ -122.394940821105578, 47.66758768476975 ], [ -122.394930103821096, 47.667630470567715 ], [ -122.394915244401702, 47.667671999862847 ], [ -122.394896385951725, 47.667711872705269 ], [ -122.394873710088319, 47.667749705097741 ], [ -122.394847435192446, 47.667785132693673 ], [ -122.394817814305824, 47.667817814305785 ], [ -122.394785132693698, 47.667847435192428 ], [ -122.394749705097723, 47.66787371008833 ], [ -122.394711872705329, 47.667896385951671 ], [ -122.394671999862908, 47.667915244401655 ], [ -122.394630470567705, 47.667930103821078 ], [ -122.394587684769689, 47.667940821105567 ], [ -122.3945440545194, 47.667947293041827 ], [ -122.394488953120074, 47.66795 ], [ -122.393011046879934, 47.66795 ], [ -122.392955945480608, 47.667947293041827 ], [ -122.392912315230319, 47.667940821105567 ], [ -122.392869529432303, 47.667930103821078 ], [ -122.392828000137101, 47.667915244401655 ], [ -122.392788127294679, 47.667896385951671 ], [ -122.392750294902285, 47.66787371008833 ], [ -122.39271486730631, 47.667847435192428 ], [ -122.392682185694184, 47.667817814305785 ], [ -122.392652564807562, 47.667785132693673 ], [ -122.392626289911689, 47.667749705097741 ], [ -122.392603614048284, 47.667711872705269 ], [ -122.392584755598307, 47.667671999862847 ], [ -122.392569896178912, 47.667630470567715 ], [ -122.39255917889443, 47.66758768476975 ], [ -122.39255270695817, 47.667544054519475 ], [ -122.39255, 47.667488953119971 ], [ -122.39255, 47.666011046880023 ], [ -122.39255270695817, 47.665955945480519 ], [ -122.39255917889443, 47.665912315230244 ], [ -122.392569896178912, 47.665869529432278 ], [ -122.392584755598307, 47.665828000137147 ], [ -122.392603614048284, 47.665788127294725 ], [ -122.392626289911689, 47.665750294902253 ], [ -122.392652564807562, 47.66571486730632 ], [ -122.392682185694184, 47.665682185694209 ], [ -122.39271486730631, 47.665652564807566 ], [ -122.392750294902285, 47.665626289911664 ], [ -122.392788127294679, 47.665603614048322 ], [ -122.392828000137101, 47.665584755598339 ], [ -122.392869529432303, 47.665569896178916 ], [ -122.392912315230319, 47.665559178894426 ], [ -122.392955945480608, 47.665552706958167 ], [ -122.393011046879934, 47.66555 ], [ -122.394488953120074, 47.66555 ], [ -122.3945440545194, 47.665552706958167 ], [ -122.394587684769689, 47.665559178894426 ], [ -122.394630470567705, 47.665569896178916 ], [ -122.394671999862908, 47.665584755598339 ], [ -122.394711872705329, 47.665603614048322 ], [ -122.394749705097723, 47.665626289911664 ], [ -122.394785132693684, 47.665652564807566 ], [ -122.394797798470293, 47.665664044398333 ], [ -122.394831196611207, 47.66569151075069 ], [ -122.394867076818002, 47.665715644691289 ], [ -122.394905107781483, 47.665736223373102 ], [ -122.39494493833287, 47.665753056777547 ], [ -122.394986200686418, 47.665765989469008 ], [ -122.39502851383547, 47.665774902030115 ], [ -122.395071487070595, 47.665779712164422 ], [ -122.395114723587241, 47.665780375456315 ], [ -122.395157824149834, 47.665776885781099 ], [ -122.395200390778129, 47.665769275361612 ], [ -122.395242030422096, 47.665757614470628 ], [ -122.395282358591288, 47.665742010782019 ], [ -122.395321002905078, 47.665722608376491 ], [ -122.395357606531164, 47.665699586411193 ], [ -122.395391831480453, 47.665673157465427 ], [ -122.395423361727993, 47.66564356557771 ], [ -122.395451906131058, 47.665611083992431 ], [ -122.395477201117501, 47.665576012636748 ], [ -122.395499013119476, 47.665538675351115 ], [ -122.395517140730206, 47.66549941689906 ], [ -122.395531416563699, 47.665458599783697 ], [ -122.395541708800337, 47.665416600900457 ], [ -122.395547922404077, 47.665373808056927 ], [ -122.39555, 47.665330616391948 ], [ -122.39555, 47.664511046880023 ], [ -122.395552706958171, 47.664455945480519 ], [ -122.39555917889443, 47.664412315230244 ], [ -122.395569896178912, 47.664369529432278 ], [ -122.395584755598307, 47.664328000137147 ], [ -122.395603614048284, 47.664288127294725 ], [ -122.395626289911689, 47.664250294902253 ], [ -122.395652564807563, 47.66421486730632 ], [ -122.395682185694184, 47.664182185694209 ], [ -122.39571486730631, 47.664152564807566 ], [ -122.395750294902285, 47.664126289911664 ], [ -122.395788127294679, 47.664103614048322 ], [ -122.395828000137101, 47.664084755598338 ], [ -122.395869529432304, 47.664069896178916 ], [ -122.395912315230319, 47.664059178894426 ], [ -122.395955945480608, 47.664052706958167 ], [ -122.396011046879934, 47.66405 ], [ -122.397488953120074, 47.66405 ], [ -122.3975440545194, 47.664052706958167 ], [ -122.39758768476969, 47.664059178894426 ], [ -122.397630470567705, 47.664069896178916 ], [ -122.397671999862908, 47.664084755598338 ], [ -122.397711872705329, 47.664103614048322 ], [ -122.397749705097723, 47.664126289911664 ], [ -122.397785132693699, 47.664152564807566 ], [ -122.397817814305824, 47.664182185694209 ] ] ], [ [ [ -122.406785132693699, 47.620652564807564 ], [ -122.406817814305825, 47.620682185694207 ], [ -122.406847435192446, 47.620714867306319 ], [ -122.40687371008832, 47.620750294902251 ], [ -122.406896385951725, 47.620788127294723 ], [ -122.406915244401702, 47.620828000137145 ], [ -122.406930103821097, 47.620869529432277 ], [ -122.406940821105579, 47.620912315230242 ], [ -122.406945806191899, 47.620945921952412 ], [ -122.406063200010792, 47.62055 ], [ -122.406488953120075, 47.62055 ], [ -122.406544054519401, 47.620552706958165 ], [ -122.40658768476969, 47.620559178894425 ], [ -122.406630470567706, 47.620569896178914 ], [ -122.406671999862908, 47.620584755598337 ], [ -122.40671187270533, 47.620603614048321 ], [ -122.406749705097724, 47.620626289911662 ], [ -122.406785132693699, 47.620652564807564 ] ] ], [ [ [ -122.421947293041839, 47.634544054519473 ], [ -122.421940821105579, 47.634587684769748 ], [ -122.421930103821097, 47.634630470567714 ], [ -122.421915244401703, 47.634671999862846 ], [ -122.421896385951726, 47.634711872705267 ], [ -122.42187371008832, 47.63474970509774 ], [ -122.421847435192447, 47.634785132693672 ], [ -122.421817814305825, 47.634817814305784 ], [ -122.421785132693699, 47.634847435192427 ], [ -122.421749705097724, 47.634873710088328 ], [ -122.42171187270533, 47.63489638595167 ], [ -122.421671999862909, 47.634915244401654 ], [ -122.421641648639337, 47.634926104243092 ], [ -122.421948328606788, 47.63452297511062 ], [ -122.421947293041839, 47.634544054519473 ] ] ] ] } }
]
}
