YearMonth,yr,eff_ship_days,anchor_NOx_t,anchor_PM25_t,anchor_CO2_t_mid,anchor_CO2_t_lo,anchor_CO2_t_hi,tanker_weight,NOx_t_per_ship_day_source,PM25_t_per_ship_day_source,CO2_t_per_ship_day_low_source,CO2_t_per_ship_day_mid_source,CO2_t_per_ship_day_high_source,calibration_reference
2009-01,2009,310.8979166666667,337.932518115942,9.011533816425121,16896.6259057971,7461.55,21299.29005880409,0.4,CARB 2021 San Pedro Bay container-at-anchor excess (7.5 tpd / 6.9 ships),CARB 2021 (0.2 tpd / 6.9 ships),Vukic & Lai 2022 generic-fleet (~24 t; omits reefer),CARB-NOx x physical aux+boiler CO2/NOx ratio ~50 (~54 t),"Zhang et al. 2024 all-source ceiling, Oct peak (~69 t)",CARB (2021) Emissions Impact of Recent Congestion at the California Ports; IMO Fourth GHG Study 2020
2009-02,2009,299.1772222222222,325.1926328502415,8.671803542673107,16259.631642512075,7180.253333333333,20496.317580443956,0.4,CARB 2021 San Pedro Bay container-at-anchor excess (7.5 tpd / 6.9 ships),CARB 2021 (0.2 tpd / 6.9 ships),Vukic & Lai 2022 generic-fleet (~24 t; omits reefer),CARB-NOx x physical aux+boiler CO2/NOx ratio ~50 (~54 t),"Zhang et al. 2024 all-source ceiling, Oct peak (~69 t)",CARB (2021) Emissions Impact of Recent Congestion at the California Ports; IMO Fourth GHG Study 2020
2009-03,2009,333.7972222222222,362.8230676328502,9.675281803542672,18141.15338164251,8011.133333333333,22868.097455142797,0.4,CARB 2021 San Pedro Bay container-at-anchor excess (7.5 tpd / 6.9 ships),CARB 2021 (0.2 tpd / 6.9 ships),Vukic & Lai 2022 generic-fleet (~24 t; omits reefer),CARB-NOx x physical aux+boiler CO2/NOx ratio ~50 (~54 t),"Zhang et al. 2024 all-source ceiling, Oct peak (~69 t)",CARB (2021) Emissions Impact of Recent Congestion at the California Ports; IMO Fourth GHG Study 2020
2009-04,2009,322.3555555555556,350.3864734299517,9.34363929146538,17519.323671497586,7736.533333333335,22084.240877066182,0.4,CARB 2021 San Pedro Bay container-at-anchor excess (7.5 tpd / 6.9 ships),CARB 2021 (0.2 tpd / 6.9 ships),Vukic & Lai 2022 generic-fleet (~24 t; omits reefer),CARB-NOx x physical aux+boiler CO2/NOx ratio ~50 (~54 t),"Zhang et al. 2024 all-source ceiling, Oct peak (~69 t)",CARB (2021) Emissions Impact of Recent Congestion at the California Ports; IMO Fourth GHG Study 2020
2009-05,2009,221.55916666666667,240.82518115942028,6.422004830917874,12041.259057971014,5317.42,15178.786035674364,0.4,CARB 2021 San Pedro Bay container-at-anchor excess (7.5 tpd / 6.9 ships),CARB 2021 (0.2 tpd / 6.9 ships),Vukic & Lai 2022 generic-fleet (~24 t; omits reefer),CARB-NOx x physical aux+boiler CO2/NOx ratio ~50 (~54 t),"Zhang et al. 2024 all-source ceiling, Oct peak (~69 t)",CARB (2021) Emissions Impact of Recent Congestion at the California Ports; IMO Fourth GHG Study 2020
2009-06,2009,20.55847222222222,22.346165458937197,0.5958977455716586,1117.3082729468597,493.4033333333333,1408.439360809412,0.4,CARB 2021 San Pedro Bay container-at-anchor excess (7.5 tpd / 6.9 ships),CARB 2021 (0.2 tpd / 6.9 ships),Vukic & Lai 2022 generic-fleet (~24 t; omits reefer),CARB-NOx x physical aux+boiler CO2/NOx ratio ~50 (~54 t),"Zhang et al. 2024 all-source ceiling, Oct peak (~69 t)",CARB (2021) Emissions Impact of Recent Congestion at the California Ports; IMO Fourth GHG Study 2020
2009-07,2009,258.165,280.6141304347826,7.48304347826087,14030.70652173913,6195.960000000001,17686.61326838898,0.4,CARB 2021 San Pedro Bay container-at-anchor excess (7.5 tpd / 6.9 ships),CARB 2021 (0.2 tpd / 6.9 ships),Vukic & Lai 2022 generic-fleet (~24 t; omits reefer),CARB-NOx x physical aux+boiler CO2/NOx ratio ~50 (~54 t),"Zhang et al. 2024 all-source ceiling, Oct peak (~69 t)",CARB (2021) Emissions Impact of Recent Congestion at the California Ports; IMO Fourth GHG Study 2020
2009-08,2009,213.94805555555558,232.55223429951693,6.201392914653785,11627.611714975847,5134.753333333334,14657.356799468991,0.4,CARB 2021 San Pedro Bay container-at-anchor excess (7.5 tpd / 6.9 ships),CARB 2021 (0.2 tpd / 6.9 ships),Vukic & Lai 2022 generic-fleet (~24 t; omits reefer),CARB-NOx x physical aux+boiler CO2/NOx ratio ~50 (~54 t),"Zhang et al. 2024 all-source ceiling, Oct peak (~69 t)",CARB (2021) Emissions Impact of Recent Congestion at the California Ports; IMO Fourth GHG Study 2020
2009-09,2009,232.8722222222222,253.12198067632846,6.749919484702093,12656.099033816423,5588.9333333333325,15953.831601474958,0.4,CARB 2021 San Pedro Bay container-at-anchor excess (7.5 tpd / 6.9 ships),CARB 2021 (0.2 tpd / 6.9 ships),Vukic & Lai 2022 generic-fleet (~24 t; omits reefer),CARB-NOx x physical aux+boiler CO2/NOx ratio ~50 (~54 t),"Zhang et al. 2024 all-source ceiling, Oct peak (~69 t)",CARB (2021) Emissions Impact of Recent Congestion at the California Ports; IMO Fourth GHG Study 2020
2009-10,2009,218.05097222222224,237.01192632850243,6.320318035426732,11850.59631642512,5233.223333333333,14938.443315285467,0.4,CARB 2021 San Pedro Bay container-at-anchor excess (7.5 tpd / 6.9 ships),CARB 2021 (0.2 tpd / 6.9 ships),Vukic & Lai 2022 generic-fleet (~24 t; omits reefer),CARB-NOx x physical aux+boiler CO2/NOx ratio ~50 (~54 t),"Zhang et al. 2024 all-source ceiling, Oct peak (~69 t)",CARB (2021) Emissions Impact of Recent Congestion at the California Ports; IMO Fourth GHG Study 2020
2009-11,2009,163.93055555555554,178.18538647342993,4.751610305958132,8909.269323671497,3934.333333333333,11230.710355715397,0.4,CARB 2021 San Pedro Bay container-at-anchor excess (7.5 tpd / 6.9 ships),CARB 2021 (0.2 tpd / 6.9 ships),Vukic & Lai 2022 generic-fleet (~24 t; omits reefer),CARB-NOx x physical aux+boiler CO2/NOx ratio ~50 (~54 t),"Zhang et al. 2024 all-source ceiling, Oct peak (~69 t)",CARB (2021) Emissions Impact of Recent Congestion at the California Ports; IMO Fourth GHG Study 2020
2009-12,2009,203.1326388888889,220.7963466183575,5.887902576489533,11039.817330917873,4875.183333333333,13916.403951794742,0.4,CARB 2021 San Pedro Bay container-at-anchor excess (7.5 tpd / 6.9 ships),CARB 2021 (0.2 tpd / 6.9 ships),Vukic & Lai 2022 generic-fleet (~24 t; omits reefer),CARB-NOx x physical aux+boiler CO2/NOx ratio ~50 (~54 t),"Zhang et al. 2024 all-source ceiling, Oct peak (~69 t)",CARB (2021) Emissions Impact of Recent Congestion at the California Ports; IMO Fourth GHG Study 2020
2010-01,2010,204.9348611111111,222.7552838164251,5.940140901771336,11137.764190821255,4918.4366666666665,14039.872305243664,0.4,CARB 2021 San Pedro Bay container-at-anchor excess (7.5 tpd / 6.9 ships),CARB 2021 (0.2 tpd / 6.9 ships),Vukic & Lai 2022 generic-fleet (~24 t; omits reefer),CARB-NOx x physical aux+boiler CO2/NOx ratio ~50 (~54 t),"Zhang et al. 2024 all-source ceiling, Oct peak (~69 t)",CARB (2021) Emissions Impact of Recent Congestion at the California Ports; IMO Fourth GHG Study 2020
2010-02,2010,179.51708333333335,195.12726449275362,5.203393719806764,9756.36322463768,4308.41,12298.527019486855,0.4,CARB 2021 San Pedro Bay container-at-anchor excess (7.5 tpd / 6.9 ships),CARB 2021 (0.2 tpd / 6.9 ships),Vukic & Lai 2022 generic-fleet (~24 t; omits reefer),CARB-NOx x physical aux+boiler CO2/NOx ratio ~50 (~54 t),"Zhang et al. 2024 all-source ceiling, Oct peak (~69 t)",CARB (2021) Emissions Impact of Recent Congestion at the California Ports; IMO Fourth GHG Study 2020
2010-03,2010,207.67361111111111,225.73218599033817,6.019524959742351,11286.609299516907,4984.166666666667,14227.50119408917,0.4,CARB 2021 San Pedro Bay container-at-anchor excess (7.5 tpd / 6.9 ships),CARB 2021 (0.2 tpd / 6.9 ships),Vukic & Lai 2022 generic-fleet (~24 t; omits reefer),CARB-NOx x physical aux+boiler CO2/NOx ratio ~50 (~54 t),"Zhang et al. 2024 all-source ceiling, Oct peak (~69 t)",CARB (2021) Emissions Impact of Recent Congestion at the California Ports; IMO Fourth GHG Study 2020
2010-04,2010,171.66694444444443,186.59450483091786,4.97585346215781,9329.725241545892,4120.006666666666,11760.722241027655,0.4,CARB 2021 San Pedro Bay container-at-anchor excess (7.5 tpd / 6.9 ships),CARB 2021 (0.2 tpd / 6.9 ships),Vukic & Lai 2022 generic-fleet (~24 t; omits reefer),CARB-NOx x physical aux+boiler CO2/NOx ratio ~50 (~54 t),"Zhang et al. 2024 all-source ceiling, Oct peak (~69 t)",CARB (2021) Emissions Impact of Recent Congestion at the California Ports; IMO Fourth GHG Study 2020
2010-05,2010,227.9591666666667,247.78170289855075,6.607512077294687,12389.085144927538,5471.02,15617.243320425163,0.4,CARB 2021 San Pedro Bay container-at-anchor excess (7.5 tpd / 6.9 ships),CARB 2021 (0.2 tpd / 6.9 ships),Vukic & Lai 2022 generic-fleet (~24 t; omits reefer),CARB-NOx x physical aux+boiler CO2/NOx ratio ~50 (~54 t),"Zhang et al. 2024 all-source ceiling, Oct peak (~69 t)",CARB (2021) Emissions Impact of Recent Congestion at the California Ports; IMO Fourth GHG Study 2020
2010-06,2010,192.3827777777778,209.11171497584542,5.576312399355878,10455.58574879227,4617.1866666666665,13179.942246446935,0.4,CARB 2021 San Pedro Bay container-at-anchor excess (7.5 tpd / 6.9 ships),CARB 2021 (0.2 tpd / 6.9 ships),Vukic & Lai 2022 generic-fleet (~24 t; omits reefer),CARB-NOx x physical aux+boiler CO2/NOx ratio ~50 (~54 t),"Zhang et al. 2024 all-source ceiling, Oct peak (~69 t)",CARB (2021) Emissions Impact of Recent Congestion at the California Ports; IMO Fourth GHG Study 2020
2010-07,2010,174.95402777777778,190.16742149758454,5.071131239935588,9508.371074879225,4198.8966666666665,11985.916871196865,0.4,CARB 2021 San Pedro Bay container-at-anchor excess (7.5 tpd / 6.9 ships),CARB 2021 (0.2 tpd / 6.9 ships),Vukic & Lai 2022 generic-fleet (~24 t; omits reefer),CARB-NOx x physical aux+boiler CO2/NOx ratio ~50 (~54 t),"Zhang et al. 2024 all-source ceiling, Oct peak (~69 t)",CARB (2021) Emissions Impact of Recent Congestion at the California Ports; IMO Fourth GHG Study 2020
2010-08,2010,175.33277777777778,190.57910628019323,5.082109500805153,9528.955314009661,4207.986666666667,12011.864636290515,0.4,CARB 2021 San Pedro Bay container-at-anchor excess (7.5 tpd / 6.9 ships),CARB 2021 (0.2 tpd / 6.9 ships),Vukic & Lai 2022 generic-fleet (~24 t; omits reefer),CARB-NOx x physical aux+boiler CO2/NOx ratio ~50 (~54 t),"Zhang et al. 2024 all-source ceiling, Oct peak (~69 t)",CARB (2021) Emissions Impact of Recent Congestion at the California Ports; IMO Fourth GHG Study 2020
2010-09,2010,145.57180555555556,158.23022342995168,4.219472624798712,7911.511171497584,3493.7233333333334,9972.971656274978,0.4,CARB 2021 San Pedro Bay container-at-anchor excess (7.5 tpd / 6.9 ships),CARB 2021 (0.2 tpd / 6.9 ships),Vukic & Lai 2022 generic-fleet (~24 t; omits reefer),CARB-NOx x physical aux+boiler CO2/NOx ratio ~50 (~54 t),"Zhang et al. 2024 all-source ceiling, Oct peak (~69 t)",CARB (2021) Emissions Impact of Recent Congestion at the California Ports; IMO Fourth GHG Study 2020
2010-10,2010,175.99680555555557,191.30087560386474,5.101356682769727,9565.043780193237,4223.923333333334,12057.35648260982,0.4,CARB 2021 San Pedro Bay container-at-anchor excess (7.5 tpd / 6.9 ships),CARB 2021 (0.2 tpd / 6.9 ships),Vukic & Lai 2022 generic-fleet (~24 t; omits reefer),CARB-NOx x physical aux+boiler CO2/NOx ratio ~50 (~54 t),"Zhang et al. 2024 all-source ceiling, Oct peak (~69 t)",CARB (2021) Emissions Impact of Recent Congestion at the California Ports; IMO Fourth GHG Study 2020
2010-11,2010,216.20416666666665,235.00452898550722,6.266787439613526,11750.22644927536,5188.9,14811.920604449282,0.4,CARB 2021 San Pedro Bay container-at-anchor excess (7.5 tpd / 6.9 ships),CARB 2021 (0.2 tpd / 6.9 ships),Vukic & Lai 2022 generic-fleet (~24 t; omits reefer),CARB-NOx x physical aux+boiler CO2/NOx ratio ~50 (~54 t),"Zhang et al. 2024 all-source ceiling, Oct peak (~69 t)",CARB (2021) Emissions Impact of Recent Congestion at the California Ports; IMO Fourth GHG Study 2020
2010-12,2010,94.23027777777779,102.42421497584542,2.731312399355878,5121.21074879227,2261.5266666666666,6455.617458712156,0.4,CARB 2021 San Pedro Bay container-at-anchor excess (7.5 tpd / 6.9 ships),CARB 2021 (0.2 tpd / 6.9 ships),Vukic & Lai 2022 generic-fleet (~24 t; omits reefer),CARB-NOx x physical aux+boiler CO2/NOx ratio ~50 (~54 t),"Zhang et al. 2024 all-source ceiling, Oct peak (~69 t)",CARB (2021) Emissions Impact of Recent Congestion at the California Ports; IMO Fourth GHG Study 2020
2011-01,2011,126.71805555555555,137.73701690821255,3.672987117552335,6886.850845410627,3041.233333333333,8681.321026217112,0.4,CARB 2021 San Pedro Bay container-at-anchor excess (7.5 tpd / 6.9 ships),CARB 2021 (0.2 tpd / 6.9 ships),Vukic & Lai 2022 generic-fleet (~24 t; omits reefer),CARB-NOx x physical aux+boiler CO2/NOx ratio ~50 (~54 t),"Zhang et al. 2024 all-source ceiling, Oct peak (~69 t)",CARB (2021) Emissions Impact of Recent Congestion at the California Ports; IMO Fourth GHG Study 2020
2011-02,2011,199.59805555555556,216.9544082125604,5.785450885668277,10847.720410628019,4790.3533333333335,13674.253356316813,0.4,CARB 2021 San Pedro Bay container-at-anchor excess (7.5 tpd / 6.9 ships),CARB 2021 (0.2 tpd / 6.9 ships),Vukic & Lai 2022 generic-fleet (~24 t; omits reefer),CARB-NOx x physical aux+boiler CO2/NOx ratio ~50 (~54 t),"Zhang et al. 2024 all-source ceiling, Oct peak (~69 t)",CARB (2021) Emissions Impact of Recent Congestion at the California Ports; IMO Fourth GHG Study 2020
2011-03,2011,184.2547222222222,200.2768719806763,5.340716586151368,10013.843599033815,4422.113333333333,12623.097688760603,0.4,CARB 2021 San Pedro Bay container-at-anchor excess (7.5 tpd / 6.9 ships),CARB 2021 (0.2 tpd / 6.9 ships),Vukic & Lai 2022 generic-fleet (~24 t; omits reefer),CARB-NOx x physical aux+boiler CO2/NOx ratio ~50 (~54 t),"Zhang et al. 2024 all-source ceiling, Oct peak (~69 t)",CARB (2021) Emissions Impact of Recent Congestion at the California Ports; IMO Fourth GHG Study 2020
2011-04,2011,225.03277777777777,244.60084541062798,6.52268921095008,12230.0422705314,5400.786666666667,15416.759488183421,0.4,CARB 2021 San Pedro Bay container-at-anchor excess (7.5 tpd / 6.9 ships),CARB 2021 (0.2 tpd / 6.9 ships),Vukic & Lai 2022 generic-fleet (~24 t; omits reefer),CARB-NOx x physical aux+boiler CO2/NOx ratio ~50 (~54 t),"Zhang et al. 2024 all-source ceiling, Oct peak (~69 t)",CARB (2021) Emissions Impact of Recent Congestion at the California Ports; IMO Fourth GHG Study 2020
2011-05,2011,218.8073611111111,237.8340881642512,6.342242351046699,11891.70440821256,5251.376666666667,14990.262724416387,0.4,CARB 2021 San Pedro Bay container-at-anchor excess (7.5 tpd / 6.9 ships),CARB 2021 (0.2 tpd / 6.9 ships),Vukic & Lai 2022 generic-fleet (~24 t; omits reefer),CARB-NOx x physical aux+boiler CO2/NOx ratio ~50 (~54 t),"Zhang et al. 2024 all-source ceiling, Oct peak (~69 t)",CARB (2021) Emissions Impact of Recent Congestion at the California Ports; IMO Fourth GHG Study 2020
2011-06,2011,212.07819444444448,230.51977657004832,6.147194041867956,11525.988828502415,5089.876666666667,14529.254576712916,0.4,CARB 2021 San Pedro Bay container-at-anchor excess (7.5 tpd / 6.9 ships),CARB 2021 (0.2 tpd / 6.9 ships),Vukic & Lai 2022 generic-fleet (~24 t; omits reefer),CARB-NOx x physical aux+boiler CO2/NOx ratio ~50 (~54 t),"Zhang et al. 2024 all-source ceiling, Oct peak (~69 t)",CARB (2021) Emissions Impact of Recent Congestion at the California Ports; IMO Fourth GHG Study 2020
2011-07,2011,190.04583333333335,206.5715579710145,5.508574879227053,10328.577898550724,4561.1,13019.840634614971,0.4,CARB 2021 San Pedro Bay container-at-anchor excess (7.5 tpd / 6.9 ships),CARB 2021 (0.2 tpd / 6.9 ships),Vukic & Lai 2022 generic-fleet (~24 t; omits reefer),CARB-NOx x physical aux+boiler CO2/NOx ratio ~50 (~54 t),"Zhang et al. 2024 all-source ceiling, Oct peak (~69 t)",CARB (2021) Emissions Impact of Recent Congestion at the California Ports; IMO Fourth GHG Study 2020
2011-08,2011,156.31597222222223,169.9086654589372,4.530897745571659,8495.433272946859,3751.5833333333335,10709.043241208836,0.4,CARB 2021 San Pedro Bay container-at-anchor excess (7.5 tpd / 6.9 ships),CARB 2021 (0.2 tpd / 6.9 ships),Vukic & Lai 2022 generic-fleet (~24 t; omits reefer),CARB-NOx x physical aux+boiler CO2/NOx ratio ~50 (~54 t),"Zhang et al. 2024 all-source ceiling, Oct peak (~69 t)",CARB (2021) Emissions Impact of Recent Congestion at the California Ports; IMO Fourth GHG Study 2020
2011-09,2011,153.86277777777778,167.2421497584541,4.459790660225443,8362.107487922705,3692.706666666667,10540.977463853076,0.4,CARB 2021 San Pedro Bay container-at-anchor excess (7.5 tpd / 6.9 ships),CARB 2021 (0.2 tpd / 6.9 ships),Vukic & Lai 2022 generic-fleet (~24 t; omits reefer),CARB-NOx x physical aux+boiler CO2/NOx ratio ~50 (~54 t),"Zhang et al. 2024 all-source ceiling, Oct peak (~69 t)",CARB (2021) Emissions Impact of Recent Congestion at the California Ports; IMO Fourth GHG Study 2020
2011-10,2011,221.7126388888889,240.99199879227052,6.426453301127214,12049.599939613527,5321.1033333333335,15189.3002565869,0.4,CARB 2021 San Pedro Bay container-at-anchor excess (7.5 tpd / 6.9 ships),CARB 2021 (0.2 tpd / 6.9 ships),Vukic & Lai 2022 generic-fleet (~24 t; omits reefer),CARB-NOx x physical aux+boiler CO2/NOx ratio ~50 (~54 t),"Zhang et al. 2024 all-source ceiling, Oct peak (~69 t)",CARB (2021) Emissions Impact of Recent Congestion at the California Ports; IMO Fourth GHG Study 2020
2011-11,2011,201.84833333333336,219.4003623188406,5.850676328502416,10970.01811594203,4844.360000000001,13828.41752575111,0.4,CARB 2021 San Pedro Bay container-at-anchor excess (7.5 tpd / 6.9 ships),CARB 2021 (0.2 tpd / 6.9 ships),Vukic & Lai 2022 generic-fleet (~24 t; omits reefer),CARB-NOx x physical aux+boiler CO2/NOx ratio ~50 (~54 t),"Zhang et al. 2024 all-source ceiling, Oct peak (~69 t)",CARB (2021) Emissions Impact of Recent Congestion at the California Ports; IMO Fourth GHG Study 2020
2011-12,2011,174.63597222222222,189.82170893719805,5.061912238325282,9491.085446859903,4191.263333333333,11964.127218807991,0.4,CARB 2021 San Pedro Bay container-at-anchor excess (7.5 tpd / 6.9 ships),CARB 2021 (0.2 tpd / 6.9 ships),Vukic & Lai 2022 generic-fleet (~24 t; omits reefer),CARB-NOx x physical aux+boiler CO2/NOx ratio ~50 (~54 t),"Zhang et al. 2024 all-source ceiling, Oct peak (~69 t)",CARB (2021) Emissions Impact of Recent Congestion at the California Ports; IMO Fourth GHG Study 2020
2012-01,2012,168.2102962962963,182.83727858293074,4.875660762211487,9141.863929146537,4037.047111111111,11523.910903312672,0.4,CARB 2021 San Pedro Bay container-at-anchor excess (7.5 tpd / 6.9 ships),CARB 2021 (0.2 tpd / 6.9 ships),Vukic & Lai 2022 generic-fleet (~24 t; omits reefer),CARB-NOx x physical aux+boiler CO2/NOx ratio ~50 (~54 t),"Zhang et al. 2024 all-source ceiling, Oct peak (~69 t)",CARB (2021) Emissions Impact of Recent Congestion at the California Ports; IMO Fourth GHG Study 2020
2012-02,2012,164.72501620370372,179.04893065619967,4.774638150831992,8952.446532809983,3953.400388888889,11285.138021126086,0.4,CARB 2021 San Pedro Bay container-at-anchor excess (7.5 tpd / 6.9 ships),CARB 2021 (0.2 tpd / 6.9 ships),Vukic & Lai 2022 generic-fleet (~24 t; omits reefer),CARB-NOx x physical aux+boiler CO2/NOx ratio ~50 (~54 t),"Zhang et al. 2024 all-source ceiling, Oct peak (~69 t)",CARB (2021) Emissions Impact of Recent Congestion at the California Ports; IMO Fourth GHG Study 2020
2012-03,2012,145.1264398148148,157.74613023349434,4.206563472893182,7887.306511674717,3483.034555555555,9942.460116680255,0.4,CARB 2021 San Pedro Bay container-at-anchor excess (7.5 tpd / 6.9 ships),CARB 2021 (0.2 tpd / 6.9 ships),Vukic & Lai 2022 generic-fleet (~24 t; omits reefer),CARB-NOx x physical aux+boiler CO2/NOx ratio ~50 (~54 t),"Zhang et al. 2024 all-source ceiling, Oct peak (~69 t)",CARB (2021) Emissions Impact of Recent Congestion at the California Ports; IMO Fourth GHG Study 2020
2012-04,2012,214.28104166666668,232.9141757246377,6.2110446859903385,11645.708786231884,5142.745000000001,14680.169328552975,0.4,CARB 2021 San Pedro Bay container-at-anchor excess (7.5 tpd / 6.9 ships),CARB 2021 (0.2 tpd / 6.9 ships),Vukic & Lai 2022 generic-fleet (~24 t; omits reefer),CARB-NOx x physical aux+boiler CO2/NOx ratio ~50 (~54 t),"Zhang et al. 2024 all-source ceiling, Oct peak (~69 t)",CARB (2021) Emissions Impact of Recent Congestion at the California Ports; IMO Fourth GHG Study 2020
2012-05,2012,177.14956712962965,192.55387731481483,5.134770061728395,9627.69386574074,4251.5896111111115,12136.330968505692,0.4,CARB 2021 San Pedro Bay container-at-anchor excess (7.5 tpd / 6.9 ships),CARB 2021 (0.2 tpd / 6.9 ships),Vukic & Lai 2022 generic-fleet (~24 t; omits reefer),CARB-NOx x physical aux+boiler CO2/NOx ratio ~50 (~54 t),"Zhang et al. 2024 all-source ceiling, Oct peak (~69 t)",CARB (2021) Emissions Impact of Recent Congestion at the California Ports; IMO Fourth GHG Study 2020
2012-06,2012,157.54909953703705,171.24902123590982,4.566640566290929,8562.451061795491,3781.1783888888895,10793.523499678484,0.4,CARB 2021 San Pedro Bay container-at-anchor excess (7.5 tpd / 6.9 ships),CARB 2021 (0.2 tpd / 6.9 ships),Vukic & Lai 2022 generic-fleet (~24 t; omits reefer),CARB-NOx x physical aux+boiler CO2/NOx ratio ~50 (~54 t),"Zhang et al. 2024 all-source ceiling, Oct peak (~69 t)",CARB (2021) Emissions Impact of Recent Congestion at the California Ports; IMO Fourth GHG Study 2020
2012-07,2012,237.13204629629632,257.7522242351047,6.873392646269458,12887.611211755233,5691.169111111112,16245.667679136615,0.4,CARB 2021 San Pedro Bay container-at-anchor excess (7.5 tpd / 6.9 ships),CARB 2021 (0.2 tpd / 6.9 ships),Vukic & Lai 2022 generic-fleet (~24 t; omits reefer),CARB-NOx x physical aux+boiler CO2/NOx ratio ~50 (~54 t),"Zhang et al. 2024 all-source ceiling, Oct peak (~69 t)",CARB (2021) Emissions Impact of Recent Congestion at the California Ports; IMO Fourth GHG Study 2020
2012-08,2012,188.0938958333333,204.44988677536227,5.451996980676328,10222.494338768114,4514.253499999999,12886.115444575398,0.4,CARB 2021 San Pedro Bay container-at-anchor excess (7.5 tpd / 6.9 ships),CARB 2021 (0.2 tpd / 6.9 ships),Vukic & Lai 2022 generic-fleet (~24 t; omits reefer),CARB-NOx x physical aux+boiler CO2/NOx ratio ~50 (~54 t),"Zhang et al. 2024 all-source ceiling, Oct peak (~69 t)",CARB (2021) Emissions Impact of Recent Congestion at the California Ports; IMO Fourth GHG Study 2020
2012-09,2012,186.7111388888889,202.94689009661838,5.411917069243157,10147.344504830919,4481.067333333334,12791.384217179866,0.4,CARB 2021 San Pedro Bay container-at-anchor excess (7.5 tpd / 6.9 ships),CARB 2021 (0.2 tpd / 6.9 ships),Vukic & Lai 2022 generic-fleet (~24 t; omits reefer),CARB-NOx x physical aux+boiler CO2/NOx ratio ~50 (~54 t),"Zhang et al. 2024 all-source ceiling, Oct peak (~69 t)",CARB (2021) Emissions Impact of Recent Congestion at the California Ports; IMO Fourth GHG Study 2020
2012-10,2012,218.38169907407408,237.37141203703703,6.329904320987654,11868.57060185185,5241.160777777778,14961.101064888146,0.4,CARB 2021 San Pedro Bay container-at-anchor excess (7.5 tpd / 6.9 ships),CARB 2021 (0.2 tpd / 6.9 ships),Vukic & Lai 2022 generic-fleet (~24 t; omits reefer),CARB-NOx x physical aux+boiler CO2/NOx ratio ~50 (~54 t),"Zhang et al. 2024 all-source ceiling, Oct peak (~69 t)",CARB (2021) Emissions Impact of Recent Congestion at the California Ports; IMO Fourth GHG Study 2020
2012-11,2012,231.39563657407408,251.51699627616745,6.7071199006977995,12575.849813808372,5553.495277777778,15852.672268039172,0.4,CARB 2021 San Pedro Bay container-at-anchor excess (7.5 tpd / 6.9 ships),CARB 2021 (0.2 tpd / 6.9 ships),Vukic & Lai 2022 generic-fleet (~24 t; omits reefer),CARB-NOx x physical aux+boiler CO2/NOx ratio ~50 (~54 t),"Zhang et al. 2024 all-source ceiling, Oct peak (~69 t)",CARB (2021) Emissions Impact of Recent Congestion at the California Ports; IMO Fourth GHG Study 2020
2012-12,2012,382.71746990740746,415.9972498993559,11.093259997316158,20799.862494967794,9185.219277777778,26219.572294108857,0.4,CARB 2021 San Pedro Bay container-at-anchor excess (7.5 tpd / 6.9 ships),CARB 2021 (0.2 tpd / 6.9 ships),Vukic & Lai 2022 generic-fleet (~24 t; omits reefer),CARB-NOx x physical aux+boiler CO2/NOx ratio ~50 (~54 t),"Zhang et al. 2024 all-source ceiling, Oct peak (~69 t)",CARB (2021) Emissions Impact of Recent Congestion at the California Ports; IMO Fourth GHG Study 2020
2013-01,2013,237.31608796296297,257.9522695249597,6.87872718733226,12897.613476247987,5695.586111111112,16258.276180612815,0.4,CARB 2021 San Pedro Bay container-at-anchor excess (7.5 tpd / 6.9 ships),CARB 2021 (0.2 tpd / 6.9 ships),Vukic & Lai 2022 generic-fleet (~24 t; omits reefer),CARB-NOx x physical aux+boiler CO2/NOx ratio ~50 (~54 t),"Zhang et al. 2024 all-source ceiling, Oct peak (~69 t)",CARB (2021) Emissions Impact of Recent Congestion at the California Ports; IMO Fourth GHG Study 2020
2013-02,2013,182.4631574074074,198.329518921095,5.288787171229201,9916.47594605475,4379.115777777778,12500.359463110797,0.4,CARB 2021 San Pedro Bay container-at-anchor excess (7.5 tpd / 6.9 ships),CARB 2021 (0.2 tpd / 6.9 ships),Vukic & Lai 2022 generic-fleet (~24 t; omits reefer),CARB-NOx x physical aux+boiler CO2/NOx ratio ~50 (~54 t),"Zhang et al. 2024 all-source ceiling, Oct peak (~69 t)",CARB (2021) Emissions Impact of Recent Congestion at the California Ports; IMO Fourth GHG Study 2020
2013-03,2013,231.03251157407408,251.12229518921094,6.6965945383789585,12556.114759460546,5544.780277777778,15827.794955300871,0.4,CARB 2021 San Pedro Bay container-at-anchor excess (7.5 tpd / 6.9 ships),CARB 2021 (0.2 tpd / 6.9 ships),Vukic & Lai 2022 generic-fleet (~24 t; omits reefer),CARB-NOx x physical aux+boiler CO2/NOx ratio ~50 (~54 t),"Zhang et al. 2024 all-source ceiling, Oct peak (~69 t)",CARB (2021) Emissions Impact of Recent Congestion at the California Ports; IMO Fourth GHG Study 2020
2013-04,2013,216.8975393518519,235.7581949476651,6.286885198604403,11787.909747383253,5205.540944444445,14859.422839584702,0.4,CARB 2021 San Pedro Bay container-at-anchor excess (7.5 tpd / 6.9 ships),CARB 2021 (0.2 tpd / 6.9 ships),Vukic & Lai 2022 generic-fleet (~24 t; omits reefer),CARB-NOx x physical aux+boiler CO2/NOx ratio ~50 (~54 t),"Zhang et al. 2024 all-source ceiling, Oct peak (~69 t)",CARB (2021) Emissions Impact of Recent Congestion at the California Ports; IMO Fourth GHG Study 2020
2013-05,2013,176.0979976851852,191.41086704911433,5.104289787976382,9570.543352455716,4226.351944444445,12064.289049234127,0.4,CARB 2021 San Pedro Bay container-at-anchor excess (7.5 tpd / 6.9 ships),CARB 2021 (0.2 tpd / 6.9 ships),Vukic & Lai 2022 generic-fleet (~24 t; omits reefer),CARB-NOx x physical aux+boiler CO2/NOx ratio ~50 (~54 t),"Zhang et al. 2024 all-source ceiling, Oct peak (~69 t)",CARB (2021) Emissions Impact of Recent Congestion at the California Ports; IMO Fourth GHG Study 2020
2013-06,2013,178.7493333333333,194.29275362318836,5.181140096618357,9714.637681159418,4289.9839999999995,12245.929272554442,0.4,CARB 2021 San Pedro Bay container-at-anchor excess (7.5 tpd / 6.9 ships),CARB 2021 (0.2 tpd / 6.9 ships),Vukic & Lai 2022 generic-fleet (~24 t; omits reefer),CARB-NOx x physical aux+boiler CO2/NOx ratio ~50 (~54 t),"Zhang et al. 2024 all-source ceiling, Oct peak (~69 t)",CARB (2021) Emissions Impact of Recent Congestion at the California Ports; IMO Fourth GHG Study 2020
2013-07,2013,211.1357199074074,229.49534772544283,6.1198759393451425,11474.76738627214,5067.257277777778,14464.686635079159,0.4,CARB 2021 San Pedro Bay container-at-anchor excess (7.5 tpd / 6.9 ships),CARB 2021 (0.2 tpd / 6.9 ships),Vukic & Lai 2022 generic-fleet (~24 t; omits reefer),CARB-NOx x physical aux+boiler CO2/NOx ratio ~50 (~54 t),"Zhang et al. 2024 all-source ceiling, Oct peak (~69 t)",CARB (2021) Emissions Impact of Recent Congestion at the California Ports; IMO Fourth GHG Study 2020
2013-08,2013,226.02750462962962,245.6820702495974,6.5515218733225975,12284.10351247987,5424.66011111111,15484.907181078996,0.4,CARB 2021 San Pedro Bay container-at-anchor excess (7.5 tpd / 6.9 ships),CARB 2021 (0.2 tpd / 6.9 ships),Vukic & Lai 2022 generic-fleet (~24 t; omits reefer),CARB-NOx x physical aux+boiler CO2/NOx ratio ~50 (~54 t),"Zhang et al. 2024 all-source ceiling, Oct peak (~69 t)",CARB (2021) Emissions Impact of Recent Congestion at the California Ports; IMO Fourth GHG Study 2020
2013-09,2013,224.56213425925927,244.08927636876007,6.509047369833602,12204.463818438002,5389.491222222223,15384.516194556049,0.4,CARB 2021 San Pedro Bay container-at-anchor excess (7.5 tpd / 6.9 ships),CARB 2021 (0.2 tpd / 6.9 ships),Vukic & Lai 2022 generic-fleet (~24 t; omits reefer),CARB-NOx x physical aux+boiler CO2/NOx ratio ~50 (~54 t),"Zhang et al. 2024 all-source ceiling, Oct peak (~69 t)",CARB (2021) Emissions Impact of Recent Congestion at the California Ports; IMO Fourth GHG Study 2020
2013-10,2013,164.52314583333333,178.82950634057968,4.768786835748792,8941.475317028984,3948.5555,11271.308093866048,0.4,CARB 2021 San Pedro Bay container-at-anchor excess (7.5 tpd / 6.9 ships),CARB 2021 (0.2 tpd / 6.9 ships),Vukic & Lai 2022 generic-fleet (~24 t; omits reefer),CARB-NOx x physical aux+boiler CO2/NOx ratio ~50 (~54 t),"Zhang et al. 2024 all-source ceiling, Oct peak (~69 t)",CARB (2021) Emissions Impact of Recent Congestion at the California Ports; IMO Fourth GHG Study 2020
2013-11,2013,148.81714351851855,161.7577646940419,4.3135403918411175,8087.888234702094,3571.611444444445,10195.306354921764,0.4,CARB 2021 San Pedro Bay container-at-anchor excess (7.5 tpd / 6.9 ships),CARB 2021 (0.2 tpd / 6.9 ships),Vukic & Lai 2022 generic-fleet (~24 t; omits reefer),CARB-NOx x physical aux+boiler CO2/NOx ratio ~50 (~54 t),"Zhang et al. 2024 all-source ceiling, Oct peak (~69 t)",CARB (2021) Emissions Impact of Recent Congestion at the California Ports; IMO Fourth GHG Study 2020
2013-12,2013,162.7459699074074,176.89779337761675,4.71727449006978,8844.889668880836,3905.903277777778,11149.555635896368,0.4,CARB 2021 San Pedro Bay container-at-anchor excess (7.5 tpd / 6.9 ships),CARB 2021 (0.2 tpd / 6.9 ships),Vukic & Lai 2022 generic-fleet (~24 t; omits reefer),CARB-NOx x physical aux+boiler CO2/NOx ratio ~50 (~54 t),"Zhang et al. 2024 all-source ceiling, Oct peak (~69 t)",CARB (2021) Emissions Impact of Recent Congestion at the California Ports; IMO Fourth GHG Study 2020
2014-01,2014,144.7182986111111,157.30249849033814,4.194733293075684,7865.1249245169065,3473.2391666666663,9914.49879105981,0.4,CARB 2021 San Pedro Bay container-at-anchor excess (7.5 tpd / 6.9 ships),CARB 2021 (0.2 tpd / 6.9 ships),Vukic & Lai 2022 generic-fleet (~24 t; omits reefer),CARB-NOx x physical aux+boiler CO2/NOx ratio ~50 (~54 t),"Zhang et al. 2024 all-source ceiling, Oct peak (~69 t)",CARB (2021) Emissions Impact of Recent Congestion at the California Ports; IMO Fourth GHG Study 2020
2014-02,2014,164.5927824074074,178.90519826892108,4.770805287171229,8945.259913446054,3950.226777777778,11276.078822489153,0.4,CARB 2021 San Pedro Bay container-at-anchor excess (7.5 tpd / 6.9 ships),CARB 2021 (0.2 tpd / 6.9 ships),Vukic & Lai 2022 generic-fleet (~24 t; omits reefer),CARB-NOx x physical aux+boiler CO2/NOx ratio ~50 (~54 t),"Zhang et al. 2024 all-source ceiling, Oct peak (~69 t)",CARB (2021) Emissions Impact of Recent Congestion at the California Ports; IMO Fourth GHG Study 2020
2014-03,2014,155.46545601851852,168.98419132447665,4.506245101986044,8449.209566223832,3731.1709444444446,10650.77526850376,0.4,CARB 2021 San Pedro Bay container-at-anchor excess (7.5 tpd / 6.9 ships),CARB 2021 (0.2 tpd / 6.9 ships),Vukic & Lai 2022 generic-fleet (~24 t; omits reefer),CARB-NOx x physical aux+boiler CO2/NOx ratio ~50 (~54 t),"Zhang et al. 2024 all-source ceiling, Oct peak (~69 t)",CARB (2021) Emissions Impact of Recent Congestion at the California Ports; IMO Fourth GHG Study 2020
2014-04,2014,161.83914814814815,175.91211755233493,4.690989801395599,8795.605877616747,3884.1395555555555,11087.430228659217,0.4,CARB 2021 San Pedro Bay container-at-anchor excess (7.5 tpd / 6.9 ships),CARB 2021 (0.2 tpd / 6.9 ships),Vukic & Lai 2022 generic-fleet (~24 t; omits reefer),CARB-NOx x physical aux+boiler CO2/NOx ratio ~50 (~54 t),"Zhang et al. 2024 all-source ceiling, Oct peak (~69 t)",CARB (2021) Emissions Impact of Recent Congestion at the California Ports; IMO Fourth GHG Study 2020
2014-05,2014,184.97522222222224,201.06002415458937,5.361600644122384,10053.001207729469,4439.405333333334,12672.45838777044,0.4,CARB 2021 San Pedro Bay container-at-anchor excess (7.5 tpd / 6.9 ships),CARB 2021 (0.2 tpd / 6.9 ships),Vukic & Lai 2022 generic-fleet (~24 t; omits reefer),CARB-NOx x physical aux+boiler CO2/NOx ratio ~50 (~54 t),"Zhang et al. 2024 all-source ceiling, Oct peak (~69 t)",CARB (2021) Emissions Impact of Recent Congestion at the California Ports; IMO Fourth GHG Study 2020
2014-06,2014,177.97213888888888,193.44797705314008,5.158612721417069,9672.398852657003,4271.3313333333335,12192.6844966428,0.4,CARB 2021 San Pedro Bay container-at-anchor excess (7.5 tpd / 6.9 ships),CARB 2021 (0.2 tpd / 6.9 ships),Vukic & Lai 2022 generic-fleet (~24 t; omits reefer),CARB-NOx x physical aux+boiler CO2/NOx ratio ~50 (~54 t),"Zhang et al. 2024 all-source ceiling, Oct peak (~69 t)",CARB (2021) Emissions Impact of Recent Congestion at the California Ports; IMO Fourth GHG Study 2020
2014-07,2014,234.16637731481484,254.52867099436395,6.7874312265163725,12726.433549718196,5619.993055555557,16042.492808966299,0.4,CARB 2021 San Pedro Bay container-at-anchor excess (7.5 tpd / 6.9 ships),CARB 2021 (0.2 tpd / 6.9 ships),Vukic & Lai 2022 generic-fleet (~24 t; omits reefer),CARB-NOx x physical aux+boiler CO2/NOx ratio ~50 (~54 t),"Zhang et al. 2024 all-source ceiling, Oct peak (~69 t)",CARB (2021) Emissions Impact of Recent Congestion at the California Ports; IMO Fourth GHG Study 2020
2014-08,2014,210.55072685185183,228.85948570853458,6.102919618894256,11442.97428542673,5053.2174444444445,14424.609374651507,0.4,CARB 2021 San Pedro Bay container-at-anchor excess (7.5 tpd / 6.9 ships),CARB 2021 (0.2 tpd / 6.9 ships),Vukic & Lai 2022 generic-fleet (~24 t; omits reefer),CARB-NOx x physical aux+boiler CO2/NOx ratio ~50 (~54 t),"Zhang et al. 2024 all-source ceiling, Oct peak (~69 t)",CARB (2021) Emissions Impact of Recent Congestion at the California Ports; IMO Fourth GHG Study 2020
2014-09,2014,155.2031412037037,168.69906652576486,4.498641774020397,8434.953326288243,3724.8753888888887,10632.804355776632,0.4,CARB 2021 San Pedro Bay container-at-anchor excess (7.5 tpd / 6.9 ships),CARB 2021 (0.2 tpd / 6.9 ships),Vukic & Lai 2022 generic-fleet (~24 t; omits reefer),CARB-NOx x physical aux+boiler CO2/NOx ratio ~50 (~54 t),"Zhang et al. 2024 all-source ceiling, Oct peak (~69 t)",CARB (2021) Emissions Impact of Recent Congestion at the California Ports; IMO Fourth GHG Study 2020
2014-10,2014,270.22628009259256,293.7242174919484,7.832645799785292,14686.21087459742,6485.430722222221,18512.91891214163,0.4,CARB 2021 San Pedro Bay container-at-anchor excess (7.5 tpd / 6.9 ships),CARB 2021 (0.2 tpd / 6.9 ships),Vukic & Lai 2022 generic-fleet (~24 t; omits reefer),CARB-NOx x physical aux+boiler CO2/NOx ratio ~50 (~54 t),"Zhang et al. 2024 all-source ceiling, Oct peak (~69 t)",CARB (2021) Emissions Impact of Recent Congestion at the California Ports; IMO Fourth GHG Study 2020
2014-11,2014,227.81605092592594,247.62614231078905,6.603363794954375,12381.307115539452,5467.585222222222,15607.438611192305,0.4,CARB 2021 San Pedro Bay container-at-anchor excess (7.5 tpd / 6.9 ships),CARB 2021 (0.2 tpd / 6.9 ships),Vukic & Lai 2022 generic-fleet (~24 t; omits reefer),CARB-NOx x physical aux+boiler CO2/NOx ratio ~50 (~54 t),"Zhang et al. 2024 all-source ceiling, Oct peak (~69 t)",CARB (2021) Emissions Impact of Recent Congestion at the California Ports; IMO Fourth GHG Study 2020
2014-12,2014,404.2617847222223,439.41498339371987,11.717732890499196,21970.74916968599,9702.282833333335,27695.550696533868,0.4,CARB 2021 San Pedro Bay container-at-anchor excess (7.5 tpd / 6.9 ships),CARB 2021 (0.2 tpd / 6.9 ships),Vukic & Lai 2022 generic-fleet (~24 t; omits reefer),CARB-NOx x physical aux+boiler CO2/NOx ratio ~50 (~54 t),"Zhang et al. 2024 all-source ceiling, Oct peak (~69 t)",CARB (2021) Emissions Impact of Recent Congestion at the California Ports; IMO Fourth GHG Study 2020
2015-01,2015,377.2505949074074,410.0549944645732,10.93479985238862,20502.74972322866,9054.014277777776,25845.042424019473,0.4,CARB 2021 San Pedro Bay container-at-anchor excess (7.5 tpd / 6.9 ships),CARB 2021 (0.2 tpd / 6.9 ships),Vukic & Lai 2022 generic-fleet (~24 t; omits reefer),CARB-NOx x physical aux+boiler CO2/NOx ratio ~50 (~54 t),"Zhang et al. 2024 all-source ceiling, Oct peak (~69 t)",CARB (2021) Emissions Impact of Recent Congestion at the California Ports; IMO Fourth GHG Study 2020
2015-02,2015,553.9183101851852,602.0851197665056,16.055603193773486,30104.25598832528,13294.039444444445,37948.362227741556,0.4,CARB 2021 San Pedro Bay container-at-anchor excess (7.5 tpd / 6.9 ships),CARB 2021 (0.2 tpd / 6.9 ships),Vukic & Lai 2022 generic-fleet (~24 t; omits reefer),CARB-NOx x physical aux+boiler CO2/NOx ratio ~50 (~54 t),"Zhang et al. 2024 all-source ceiling, Oct peak (~69 t)",CARB (2021) Emissions Impact of Recent Congestion at the California Ports; IMO Fourth GHG Study 2020
2015-03,2015,527.0739305555555,572.9064462560386,15.277505233494363,28645.322312801927,12649.774333333333,36109.281945987335,0.4,CARB 2021 San Pedro Bay container-at-anchor excess (7.5 tpd / 6.9 ships),CARB 2021 (0.2 tpd / 6.9 ships),Vukic & Lai 2022 generic-fleet (~24 t; omits reefer),CARB-NOx x physical aux+boiler CO2/NOx ratio ~50 (~54 t),"Zhang et al. 2024 all-source ceiling, Oct peak (~69 t)",CARB (2021) Emissions Impact of Recent Congestion at the California Ports; IMO Fourth GHG Study 2020
2015-04,2015,317.3880393518519,344.98699929549116,9.199653314546431,17249.349964774556,7617.312944444446,21743.921554155007,0.4,CARB 2021 San Pedro Bay container-at-anchor excess (7.5 tpd / 6.9 ships),CARB 2021 (0.2 tpd / 6.9 ships),Vukic & Lai 2022 generic-fleet (~24 t; omits reefer),CARB-NOx x physical aux+boiler CO2/NOx ratio ~50 (~54 t),"Zhang et al. 2024 all-source ceiling, Oct peak (~69 t)",CARB (2021) Emissions Impact of Recent Congestion at the California Ports; IMO Fourth GHG Study 2020
2015-05,2015,276.40130324074073,300.4361991747182,8.011631977992485,15021.809958735908,6633.6312777777775,18935.96326883075,0.4,CARB 2021 San Pedro Bay container-at-anchor excess (7.5 tpd / 6.9 ships),CARB 2021 (0.2 tpd / 6.9 ships),Vukic & Lai 2022 generic-fleet (~24 t; omits reefer),CARB-NOx x physical aux+boiler CO2/NOx ratio ~50 (~54 t),"Zhang et al. 2024 all-source ceiling, Oct peak (~69 t)",CARB (2021) Emissions Impact of Recent Congestion at the California Ports; IMO Fourth GHG Study 2020
2015-06,2015,217.45012962962963,236.35883655394522,6.302902308105207,11817.941827697261,5218.803111111111,14897.280219705657,0.4,CARB 2021 San Pedro Bay container-at-anchor excess (7.5 tpd / 6.9 ships),CARB 2021 (0.2 tpd / 6.9 ships),Vukic & Lai 2022 generic-fleet (~24 t; omits reefer),CARB-NOx x physical aux+boiler CO2/NOx ratio ~50 (~54 t),"Zhang et al. 2024 all-source ceiling, Oct peak (~69 t)",CARB (2021) Emissions Impact of Recent Congestion at the California Ports; IMO Fourth GHG Study 2020
2015-07,2015,216.8220439814815,235.67613476247988,6.284696926999464,11783.806738123993,5203.7290555555555,14854.250730974723,0.4,CARB 2021 San Pedro Bay container-at-anchor excess (7.5 tpd / 6.9 ships),CARB 2021 (0.2 tpd / 6.9 ships),Vukic & Lai 2022 generic-fleet (~24 t; omits reefer),CARB-NOx x physical aux+boiler CO2/NOx ratio ~50 (~54 t),"Zhang et al. 2024 all-source ceiling, Oct peak (~69 t)",CARB (2021) Emissions Impact of Recent Congestion at the California Ports; IMO Fourth GHG Study 2020
2015-08,2015,152.2268564814815,165.4639744363929,4.412372651637145,8273.198721819645,3653.444555555556,10428.902212346815,0.4,CARB 2021 San Pedro Bay container-at-anchor excess (7.5 tpd / 6.9 ships),CARB 2021 (0.2 tpd / 6.9 ships),Vukic & Lai 2022 generic-fleet (~24 t; omits reefer),CARB-NOx x physical aux+boiler CO2/NOx ratio ~50 (~54 t),"Zhang et al. 2024 all-source ceiling, Oct peak (~69 t)",CARB (2021) Emissions Impact of Recent Congestion at the California Ports; IMO Fourth GHG Study 2020
2015-09,2015,129.90464814814814,141.20070450885666,3.765352120236178,7060.035225442833,3117.7115555555556,8899.631141178854,0.4,CARB 2021 San Pedro Bay container-at-anchor excess (7.5 tpd / 6.9 ships),CARB 2021 (0.2 tpd / 6.9 ships),Vukic & Lai 2022 generic-fleet (~24 t; omits reefer),CARB-NOx x physical aux+boiler CO2/NOx ratio ~50 (~54 t),"Zhang et al. 2024 all-source ceiling, Oct peak (~69 t)",CARB (2021) Emissions Impact of Recent Congestion at the California Ports; IMO Fourth GHG Study 2020
2015-10,2015,138.62253472222224,150.67666817632852,4.018044484702094,7533.833408816426,3326.940833333334,9496.884403059159,0.4,CARB 2021 San Pedro Bay container-at-anchor excess (7.5 tpd / 6.9 ships),CARB 2021 (0.2 tpd / 6.9 ships),Vukic & Lai 2022 generic-fleet (~24 t; omits reefer),CARB-NOx x physical aux+boiler CO2/NOx ratio ~50 (~54 t),"Zhang et al. 2024 all-source ceiling, Oct peak (~69 t)",CARB (2021) Emissions Impact of Recent Congestion at the California Ports; IMO Fourth GHG Study 2020
2015-11,2015,105.2313425925926,114.38189412238326,3.0501838432635537,5719.094706119162,2525.5522222222226,7209.288866223286,0.4,CARB 2021 San Pedro Bay container-at-anchor excess (7.5 tpd / 6.9 ships),CARB 2021 (0.2 tpd / 6.9 ships),Vukic & Lai 2022 generic-fleet (~24 t; omits reefer),CARB-NOx x physical aux+boiler CO2/NOx ratio ~50 (~54 t),"Zhang et al. 2024 all-source ceiling, Oct peak (~69 t)",CARB (2021) Emissions Impact of Recent Congestion at the California Ports; IMO Fourth GHG Study 2020
2015-12,2015,167.69596527777776,182.2782231280193,4.860752616747181,9113.911156400964,4024.703166666666,11488.674624899742,0.4,CARB 2021 San Pedro Bay container-at-anchor excess (7.5 tpd / 6.9 ships),CARB 2021 (0.2 tpd / 6.9 ships),Vukic & Lai 2022 generic-fleet (~24 t; omits reefer),CARB-NOx x physical aux+boiler CO2/NOx ratio ~50 (~54 t),"Zhang et al. 2024 all-source ceiling, Oct peak (~69 t)",CARB (2021) Emissions Impact of Recent Congestion at the California Ports; IMO Fourth GHG Study 2020
2016-01,2016,204.65428935185187,222.45031451288247,5.9320083870102,11122.515725644122,4911.702944444445,14020.65062840889,0.4,CARB 2021 San Pedro Bay container-at-anchor excess (7.5 tpd / 6.9 ships),CARB 2021 (0.2 tpd / 6.9 ships),Vukic & Lai 2022 generic-fleet (~24 t; omits reefer),CARB-NOx x physical aux+boiler CO2/NOx ratio ~50 (~54 t),"Zhang et al. 2024 all-source ceiling, Oct peak (~69 t)",CARB (2021) Emissions Impact of Recent Congestion at the California Ports; IMO Fourth GHG Study 2020
2016-02,2016,98.44130787037038,107.00142159822867,2.8533712426194313,5350.071079911433,2362.591388888889,6744.110711899976,0.4,CARB 2021 San Pedro Bay container-at-anchor excess (7.5 tpd / 6.9 ships),CARB 2021 (0.2 tpd / 6.9 ships),Vukic & Lai 2022 generic-fleet (~24 t; omits reefer),CARB-NOx x physical aux+boiler CO2/NOx ratio ~50 (~54 t),"Zhang et al. 2024 all-source ceiling, Oct peak (~69 t)",CARB (2021) Emissions Impact of Recent Congestion at the California Ports; IMO Fourth GHG Study 2020
2016-03,2016,63.47187731481482,68.99117099436393,1.839764559849705,3449.5585497181964,1523.3250555555555,4348.39171648272,0.4,CARB 2021 San Pedro Bay container-at-anchor excess (7.5 tpd / 6.9 ships),CARB 2021 (0.2 tpd / 6.9 ships),Vukic & Lai 2022 generic-fleet (~24 t; omits reefer),CARB-NOx x physical aux+boiler CO2/NOx ratio ~50 (~54 t),"Zhang et al. 2024 all-source ceiling, Oct peak (~69 t)",CARB (2021) Emissions Impact of Recent Congestion at the California Ports; IMO Fourth GHG Study 2020
2016-04,2016,82.74882870370371,89.94437902576489,2.3985167740203974,4497.218951288244,1985.971888888889,5669.035429646052,0.4,CARB 2021 San Pedro Bay container-at-anchor excess (7.5 tpd / 6.9 ships),CARB 2021 (0.2 tpd / 6.9 ships),Vukic & Lai 2022 generic-fleet (~24 t; omits reefer),CARB-NOx x physical aux+boiler CO2/NOx ratio ~50 (~54 t),"Zhang et al. 2024 all-source ceiling, Oct peak (~69 t)",CARB (2021) Emissions Impact of Recent Congestion at the California Ports; IMO Fourth GHG Study 2020
2016-05,2016,77.68718287037038,84.44259007648954,2.251802402039721,4222.129503824477,1864.492388888889,5322.26738457519,0.4,CARB 2021 San Pedro Bay container-at-anchor excess (7.5 tpd / 6.9 ships),CARB 2021 (0.2 tpd / 6.9 ships),Vukic & Lai 2022 generic-fleet (~24 t; omits reefer),CARB-NOx x physical aux+boiler CO2/NOx ratio ~50 (~54 t),"Zhang et al. 2024 all-source ceiling, Oct peak (~69 t)",CARB (2021) Emissions Impact of Recent Congestion at the California Ports; IMO Fourth GHG Study 2020
2016-06,2016,121.18775925925925,131.72582528180354,3.512688674181428,6586.291264090176,2908.5062222222223,8302.446229663758,0.4,CARB 2021 San Pedro Bay container-at-anchor excess (7.5 tpd / 6.9 ships),CARB 2021 (0.2 tpd / 6.9 ships),Vukic & Lai 2022 generic-fleet (~24 t; omits reefer),CARB-NOx x physical aux+boiler CO2/NOx ratio ~50 (~54 t),"Zhang et al. 2024 all-source ceiling, Oct peak (~69 t)",CARB (2021) Emissions Impact of Recent Congestion at the California Ports; IMO Fourth GHG Study 2020
2016-07,2016,152.53020601851853,165.79370219404186,4.421165391841117,8289.685109702094,3660.7249444444446,10449.684370837389,0.4,CARB 2021 San Pedro Bay container-at-anchor excess (7.5 tpd / 6.9 ships),CARB 2021 (0.2 tpd / 6.9 ships),Vukic & Lai 2022 generic-fleet (~24 t; omits reefer),CARB-NOx x physical aux+boiler CO2/NOx ratio ~50 (~54 t),"Zhang et al. 2024 all-source ceiling, Oct peak (~69 t)",CARB (2021) Emissions Impact of Recent Congestion at the California Ports; IMO Fourth GHG Study 2020
2016-08,2016,180.20179861111114,195.87152022946862,5.2232405394524966,9793.576011473431,4324.8431666666675,12345.436144724643,0.4,CARB 2021 San Pedro Bay container-at-anchor excess (7.5 tpd / 6.9 ships),CARB 2021 (0.2 tpd / 6.9 ships),Vukic & Lai 2022 generic-fleet (~24 t; omits reefer),CARB-NOx x physical aux+boiler CO2/NOx ratio ~50 (~54 t),"Zhang et al. 2024 all-source ceiling, Oct peak (~69 t)",CARB (2021) Emissions Impact of Recent Congestion at the California Ports; IMO Fourth GHG Study 2020
2016-09,2016,142.7911550925926,155.20777727455715,4.1388740606548575,7760.388863727857,3426.987722222222,9782.47221067626,0.4,CARB 2021 San Pedro Bay container-at-anchor excess (7.5 tpd / 6.9 ships),CARB 2021 (0.2 tpd / 6.9 ships),Vukic & Lai 2022 generic-fleet (~24 t; omits reefer),CARB-NOx x physical aux+boiler CO2/NOx ratio ~50 (~54 t),"Zhang et al. 2024 all-source ceiling, Oct peak (~69 t)",CARB (2021) Emissions Impact of Recent Congestion at the California Ports; IMO Fourth GHG Study 2020
2016-10,2016,102.64346064814815,111.56897896537842,2.975172772410091,5578.4489482689205,2463.4430555555555,7031.995789564423,0.4,CARB 2021 San Pedro Bay container-at-anchor excess (7.5 tpd / 6.9 ships),CARB 2021 (0.2 tpd / 6.9 ships),Vukic & Lai 2022 generic-fleet (~24 t; omits reefer),CARB-NOx x physical aux+boiler CO2/NOx ratio ~50 (~54 t),"Zhang et al. 2024 all-source ceiling, Oct peak (~69 t)",CARB (2021) Emissions Impact of Recent Congestion at the California Ports; IMO Fourth GHG Study 2020
2016-11,2016,128.4599212962963,139.63034923510466,3.7234759796027914,6981.517461755233,3083.038111111111,8800.65442044924,0.4,CARB 2021 San Pedro Bay container-at-anchor excess (7.5 tpd / 6.9 ships),CARB 2021 (0.2 tpd / 6.9 ships),Vukic & Lai 2022 generic-fleet (~24 t; omits reefer),CARB-NOx x physical aux+boiler CO2/NOx ratio ~50 (~54 t),"Zhang et al. 2024 all-source ceiling, Oct peak (~69 t)",CARB (2021) Emissions Impact of Recent Congestion at the California Ports; IMO Fourth GHG Study 2020
2016-12,2016,130.97318287037038,142.36215529388085,3.796324141170156,7118.107764694042,3143.3563888888893,8972.835333830028,0.4,CARB 2021 San Pedro Bay container-at-anchor excess (7.5 tpd / 6.9 ships),CARB 2021 (0.2 tpd / 6.9 ships),Vukic & Lai 2022 generic-fleet (~24 t; omits reefer),CARB-NOx x physical aux+boiler CO2/NOx ratio ~50 (~54 t),"Zhang et al. 2024 all-source ceiling, Oct peak (~69 t)",CARB (2021) Emissions Impact of Recent Congestion at the California Ports; IMO Fourth GHG Study 2020
2017-01,2017,119.07529861111111,129.42967240338163,3.4514579307568436,6471.483620169081,2857.8071666666665,8157.723767174704,0.4,CARB 2021 San Pedro Bay container-at-anchor excess (7.5 tpd / 6.9 ships),CARB 2021 (0.2 tpd / 6.9 ships),Vukic & Lai 2022 generic-fleet (~24 t; omits reefer),CARB-NOx x physical aux+boiler CO2/NOx ratio ~50 (~54 t),"Zhang et al. 2024 all-source ceiling, Oct peak (~69 t)",CARB (2021) Emissions Impact of Recent Congestion at the California Ports; IMO Fourth GHG Study 2020
2017-02,2017,159.3788101851852,173.23783715781,4.6196756575416,8661.891857890498,3825.0914444444443,10918.875056345149,0.4,CARB 2021 San Pedro Bay container-at-anchor excess (7.5 tpd / 6.9 ships),CARB 2021 (0.2 tpd / 6.9 ships),Vukic & Lai 2022 generic-fleet (~24 t; omits reefer),CARB-NOx x physical aux+boiler CO2/NOx ratio ~50 (~54 t),"Zhang et al. 2024 all-source ceiling, Oct peak (~69 t)",CARB (2021) Emissions Impact of Recent Congestion at the California Ports; IMO Fourth GHG Study 2020
2017-03,2017,148.88154398148149,161.82776519726247,4.315407071927,8091.3882598631235,3573.1570555555554,10199.718363066675,0.4,CARB 2021 San Pedro Bay container-at-anchor excess (7.5 tpd / 6.9 ships),CARB 2021 (0.2 tpd / 6.9 ships),Vukic & Lai 2022 generic-fleet (~24 t; omits reefer),CARB-NOx x physical aux+boiler CO2/NOx ratio ~50 (~54 t),"Zhang et al. 2024 all-source ceiling, Oct peak (~69 t)",CARB (2021) Emissions Impact of Recent Congestion at the California Ports; IMO Fourth GHG Study 2020
2017-04,2017,167.74600694444445,182.33261624396135,4.862203099838969,9116.630812198067,4025.9041666666667,11492.102926976473,0.4,CARB 2021 San Pedro Bay container-at-anchor excess (7.5 tpd / 6.9 ships),CARB 2021 (0.2 tpd / 6.9 ships),Vukic & Lai 2022 generic-fleet (~24 t; omits reefer),CARB-NOx x physical aux+boiler CO2/NOx ratio ~50 (~54 t),"Zhang et al. 2024 all-source ceiling, Oct peak (~69 t)",CARB (2021) Emissions Impact of Recent Congestion at the California Ports; IMO Fourth GHG Study 2020
2017-05,2017,174.69400231481478,189.88478512479867,5.063594269994631,9494.239256239933,4192.656055555555,11968.102799562987,0.4,CARB 2021 San Pedro Bay container-at-anchor excess (7.5 tpd / 6.9 ships),CARB 2021 (0.2 tpd / 6.9 ships),Vukic & Lai 2022 generic-fleet (~24 t; omits reefer),CARB-NOx x physical aux+boiler CO2/NOx ratio ~50 (~54 t),"Zhang et al. 2024 all-source ceiling, Oct peak (~69 t)",CARB (2021) Emissions Impact of Recent Congestion at the California Ports; IMO Fourth GHG Study 2020
2017-06,2017,226.15355555555556,245.81908212560384,6.555175523349437,12290.954106280193,5427.685333333333,15493.542797754279,0.4,CARB 2021 San Pedro Bay container-at-anchor excess (7.5 tpd / 6.9 ships),CARB 2021 (0.2 tpd / 6.9 ships),Vukic & Lai 2022 generic-fleet (~24 t; omits reefer),CARB-NOx x physical aux+boiler CO2/NOx ratio ~50 (~54 t),"Zhang et al. 2024 all-source ceiling, Oct peak (~69 t)",CARB (2021) Emissions Impact of Recent Congestion at the California Ports; IMO Fourth GHG Study 2020
2017-07,2017,184.40014814814816,200.43494363929148,5.344931830381106,10021.747181964573,4425.603555555555,12633.06066635652,0.4,CARB 2021 San Pedro Bay container-at-anchor excess (7.5 tpd / 6.9 ships),CARB 2021 (0.2 tpd / 6.9 ships),Vukic & Lai 2022 generic-fleet (~24 t; omits reefer),CARB-NOx x physical aux+boiler CO2/NOx ratio ~50 (~54 t),"Zhang et al. 2024 all-source ceiling, Oct peak (~69 t)",CARB (2021) Emissions Impact of Recent Congestion at the California Ports; IMO Fourth GHG Study 2020
2017-08,2017,214.90647916666666,233.59399909420287,6.229173309178743,11679.699954710144,5157.755499999999,14723.017395432867,0.4,CARB 2021 San Pedro Bay container-at-anchor excess (7.5 tpd / 6.9 ships),CARB 2021 (0.2 tpd / 6.9 ships),Vukic & Lai 2022 generic-fleet (~24 t; omits reefer),CARB-NOx x physical aux+boiler CO2/NOx ratio ~50 (~54 t),"Zhang et al. 2024 all-source ceiling, Oct peak (~69 t)",CARB (2021) Emissions Impact of Recent Congestion at the California Ports; IMO Fourth GHG Study 2020
2017-09,2017,233.6414074074074,253.95805152979065,6.772214707461084,12697.90257648953,5607.393777777777,16006.527671438525,0.4,CARB 2021 San Pedro Bay container-at-anchor excess (7.5 tpd / 6.9 ships),CARB 2021 (0.2 tpd / 6.9 ships),Vukic & Lai 2022 generic-fleet (~24 t; omits reefer),CARB-NOx x physical aux+boiler CO2/NOx ratio ~50 (~54 t),"Zhang et al. 2024 all-source ceiling, Oct peak (~69 t)",CARB (2021) Emissions Impact of Recent Congestion at the California Ports; IMO Fourth GHG Study 2020
2017-10,2017,141.4280601851852,153.72615237520128,4.099364063338701,7686.307618760064,3394.2734444444445,9689.08800880759,0.4,CARB 2021 San Pedro Bay container-at-anchor excess (7.5 tpd / 6.9 ships),CARB 2021 (0.2 tpd / 6.9 ships),Vukic & Lai 2022 generic-fleet (~24 t; omits reefer),CARB-NOx x physical aux+boiler CO2/NOx ratio ~50 (~54 t),"Zhang et al. 2024 all-source ceiling, Oct peak (~69 t)",CARB (2021) Emissions Impact of Recent Congestion at the California Ports; IMO Fourth GHG Study 2020
2017-11,2017,127.08150231481481,138.13206773349435,3.6835218062265165,6906.6033866747175,3049.9560555555554,8706.220382344658,0.4,CARB 2021 San Pedro Bay container-at-anchor excess (7.5 tpd / 6.9 ships),CARB 2021 (0.2 tpd / 6.9 ships),Vukic & Lai 2022 generic-fleet (~24 t; omits reefer),CARB-NOx x physical aux+boiler CO2/NOx ratio ~50 (~54 t),"Zhang et al. 2024 all-source ceiling, Oct peak (~69 t)",CARB (2021) Emissions Impact of Recent Congestion at the California Ports; IMO Fourth GHG Study 2020
2017-12,2017,160.21883333333335,174.15090579710144,4.644024154589372,8707.545289855072,3845.2520000000004,10976.424160824032,0.4,CARB 2021 San Pedro Bay container-at-anchor excess (7.5 tpd / 6.9 ships),CARB 2021 (0.2 tpd / 6.9 ships),Vukic & Lai 2022 generic-fleet (~24 t; omits reefer),CARB-NOx x physical aux+boiler CO2/NOx ratio ~50 (~54 t),"Zhang et al. 2024 all-source ceiling, Oct peak (~69 t)",CARB (2021) Emissions Impact of Recent Congestion at the California Ports; IMO Fourth GHG Study 2020
2018-01,2018,207.34201620370368,225.37175674315617,6.009913513150831,11268.587837157807,4976.208388888888,14204.783974911194,0.4,CARB 2021 San Pedro Bay container-at-anchor excess (7.5 tpd / 6.9 ships),CARB 2021 (0.2 tpd / 6.9 ships),Vukic & Lai 2022 generic-fleet (~24 t; omits reefer),CARB-NOx x physical aux+boiler CO2/NOx ratio ~50 (~54 t),"Zhang et al. 2024 all-source ceiling, Oct peak (~69 t)",CARB (2021) Emissions Impact of Recent Congestion at the California Ports; IMO Fourth GHG Study 2020
2018-02,2018,308.4198773148148,335.2389970813204,8.939706588835213,16761.94985406602,7402.0770555555555,21129.52218291056,0.4,CARB 2021 San Pedro Bay container-at-anchor excess (7.5 tpd / 6.9 ships),CARB 2021 (0.2 tpd / 6.9 ships),Vukic & Lai 2022 generic-fleet (~24 t; omits reefer),CARB-NOx x physical aux+boiler CO2/NOx ratio ~50 (~54 t),"Zhang et al. 2024 all-source ceiling, Oct peak (~69 t)",CARB (2021) Emissions Impact of Recent Congestion at the California Ports; IMO Fourth GHG Study 2020
2018-03,2018,273.80235648148147,297.61125704508856,7.936300187869028,14880.562852254427,6571.256555555556,18757.912153318768,0.4,CARB 2021 San Pedro Bay container-at-anchor excess (7.5 tpd / 6.9 ships),CARB 2021 (0.2 tpd / 6.9 ships),Vukic & Lai 2022 generic-fleet (~24 t; omits reefer),CARB-NOx x physical aux+boiler CO2/NOx ratio ~50 (~54 t),"Zhang et al. 2024 all-source ceiling, Oct peak (~69 t)",CARB (2021) Emissions Impact of Recent Congestion at the California Ports; IMO Fourth GHG Study 2020
2018-04,2018,310.4554305555556,337.45155495169087,8.99870813204509,16872.577747584543,7450.930333333335,21268.975799613825,0.4,CARB 2021 San Pedro Bay container-at-anchor excess (7.5 tpd / 6.9 ships),CARB 2021 (0.2 tpd / 6.9 ships),Vukic & Lai 2022 generic-fleet (~24 t; omits reefer),CARB-NOx x physical aux+boiler CO2/NOx ratio ~50 (~54 t),"Zhang et al. 2024 all-source ceiling, Oct peak (~69 t)",CARB (2021) Emissions Impact of Recent Congestion at the California Ports; IMO Fourth GHG Study 2020
2018-05,2018,370.38916666666665,402.59692028985506,10.735917874396135,20129.846014492752,8889.34,25374.97317465266,0.4,CARB 2021 San Pedro Bay container-at-anchor excess (7.5 tpd / 6.9 ships),CARB 2021 (0.2 tpd / 6.9 ships),Vukic & Lai 2022 generic-fleet (~24 t; omits reefer),CARB-NOx x physical aux+boiler CO2/NOx ratio ~50 (~54 t),"Zhang et al. 2024 all-source ceiling, Oct peak (~69 t)",CARB (2021) Emissions Impact of Recent Congestion at the California Ports; IMO Fourth GHG Study 2020
2018-06,2018,227.68998842592595,247.4891178542673,6.599709809447129,12374.455892713366,5464.559722222222,15598.802201589353,0.4,CARB 2021 San Pedro Bay container-at-anchor excess (7.5 tpd / 6.9 ships),CARB 2021 (0.2 tpd / 6.9 ships),Vukic & Lai 2022 generic-fleet (~24 t; omits reefer),CARB-NOx x physical aux+boiler CO2/NOx ratio ~50 (~54 t),"Zhang et al. 2024 all-source ceiling, Oct peak (~69 t)",CARB (2021) Emissions Impact of Recent Congestion at the California Ports; IMO Fourth GHG Study 2020
2018-07,2018,296.66277546296294,322.4595385466988,8.598921027911969,16122.976927334941,7119.906611111111,20324.055471269698,0.4,CARB 2021 San Pedro Bay container-at-anchor excess (7.5 tpd / 6.9 ships),CARB 2021 (0.2 tpd / 6.9 ships),Vukic & Lai 2022 generic-fleet (~24 t; omits reefer),CARB-NOx x physical aux+boiler CO2/NOx ratio ~50 (~54 t),"Zhang et al. 2024 all-source ceiling, Oct peak (~69 t)",CARB (2021) Emissions Impact of Recent Congestion at the California Ports; IMO Fourth GHG Study 2020
2018-08,2018,227.50638194444446,247.28954559178743,6.594387882447665,12364.477279589371,5460.153166666667,15586.223514193567,0.4,CARB 2021 San Pedro Bay container-at-anchor excess (7.5 tpd / 6.9 ships),CARB 2021 (0.2 tpd / 6.9 ships),Vukic & Lai 2022 generic-fleet (~24 t; omits reefer),CARB-NOx x physical aux+boiler CO2/NOx ratio ~50 (~54 t),"Zhang et al. 2024 all-source ceiling, Oct peak (~69 t)",CARB (2021) Emissions Impact of Recent Congestion at the California Ports; IMO Fourth GHG Study 2020
2018-09,2018,256.15591203703707,278.43033917069243,7.424809044551799,13921.516958534621,6147.74188888889,17548.972760097382,0.4,CARB 2021 San Pedro Bay container-at-anchor excess (7.5 tpd / 6.9 ships),CARB 2021 (0.2 tpd / 6.9 ships),Vukic & Lai 2022 generic-fleet (~24 t; omits reefer),CARB-NOx x physical aux+boiler CO2/NOx ratio ~50 (~54 t),"Zhang et al. 2024 all-source ceiling, Oct peak (~69 t)",CARB (2021) Emissions Impact of Recent Congestion at the California Ports; IMO Fourth GHG Study 2020
2018-10,2018,240.54315277777778,261.45994867149756,6.972265297906603,13072.997433574878,5773.035666666667,16479.35900505321,0.4,CARB 2021 San Pedro Bay container-at-anchor excess (7.5 tpd / 6.9 ships),CARB 2021 (0.2 tpd / 6.9 ships),Vukic & Lai 2022 generic-fleet (~24 t; omits reefer),CARB-NOx x physical aux+boiler CO2/NOx ratio ~50 (~54 t),"Zhang et al. 2024 all-source ceiling, Oct peak (~69 t)",CARB (2021) Emissions Impact of Recent Congestion at the California Ports; IMO Fourth GHG Study 2020
2018-11,2018,198.9526064814815,216.25283313204508,5.766742216854536,10812.641656602254,4774.862555555555,13630.034317494401,0.4,CARB 2021 San Pedro Bay container-at-anchor excess (7.5 tpd / 6.9 ships),CARB 2021 (0.2 tpd / 6.9 ships),Vukic & Lai 2022 generic-fleet (~24 t; omits reefer),CARB-NOx x physical aux+boiler CO2/NOx ratio ~50 (~54 t),"Zhang et al. 2024 all-source ceiling, Oct peak (~69 t)",CARB (2021) Emissions Impact of Recent Congestion at the California Ports; IMO Fourth GHG Study 2020
2018-12,2018,252.40900694444446,274.35761624396133,7.31620309983897,13717.880812198067,6057.816166666667,17292.276223672834,0.4,CARB 2021 San Pedro Bay container-at-anchor excess (7.5 tpd / 6.9 ships),CARB 2021 (0.2 tpd / 6.9 ships),Vukic & Lai 2022 generic-fleet (~24 t; omits reefer),CARB-NOx x physical aux+boiler CO2/NOx ratio ~50 (~54 t),"Zhang et al. 2024 all-source ceiling, Oct peak (~69 t)",CARB (2021) Emissions Impact of Recent Congestion at the California Ports; IMO Fourth GHG Study 2020
2019-01,2019,325.5764490740741,353.8874446457327,9.436998523886206,17694.372232286634,7813.834777777778,22304.900912472596,0.4,CARB 2021 San Pedro Bay container-at-anchor excess (7.5 tpd / 6.9 ships),CARB 2021 (0.2 tpd / 6.9 ships),Vukic & Lai 2022 generic-fleet (~24 t; omits reefer),CARB-NOx x physical aux+boiler CO2/NOx ratio ~50 (~54 t),"Zhang et al. 2024 all-source ceiling, Oct peak (~69 t)",CARB (2021) Emissions Impact of Recent Congestion at the California Ports; IMO Fourth GHG Study 2020
2019-02,2019,221.09971759259258,240.32577999194845,6.408687466451959,12016.288999597422,5306.393222222222,15147.309661690022,0.4,CARB 2021 San Pedro Bay container-at-anchor excess (7.5 tpd / 6.9 ships),CARB 2021 (0.2 tpd / 6.9 ships),Vukic & Lai 2022 generic-fleet (~24 t; omits reefer),CARB-NOx x physical aux+boiler CO2/NOx ratio ~50 (~54 t),"Zhang et al. 2024 all-source ceiling, Oct peak (~69 t)",CARB (2021) Emissions Impact of Recent Congestion at the California Ports; IMO Fourth GHG Study 2020
2019-03,2019,238.28949074074077,259.0103160225443,6.906941760601182,12950.515801127214,5718.947777777778,16324.962983568023,0.4,CARB 2021 San Pedro Bay container-at-anchor excess (7.5 tpd / 6.9 ships),CARB 2021 (0.2 tpd / 6.9 ships),Vukic & Lai 2022 generic-fleet (~24 t; omits reefer),CARB-NOx x physical aux+boiler CO2/NOx ratio ~50 (~54 t),"Zhang et al. 2024 all-source ceiling, Oct peak (~69 t)",CARB (2021) Emissions Impact of Recent Congestion at the California Ports; IMO Fourth GHG Study 2020
2019-04,2019,244.1647037037037,265.39641706924317,7.077237788513151,13269.820853462157,5859.952888888889,16727.467659048245,0.4,CARB 2021 San Pedro Bay container-at-anchor excess (7.5 tpd / 6.9 ships),CARB 2021 (0.2 tpd / 6.9 ships),Vukic & Lai 2022 generic-fleet (~24 t; omits reefer),CARB-NOx x physical aux+boiler CO2/NOx ratio ~50 (~54 t),"Zhang et al. 2024 all-source ceiling, Oct peak (~69 t)",CARB (2021) Emissions Impact of Recent Congestion at the California Ports; IMO Fourth GHG Study 2020
2019-05,2019,255.4670810185185,277.6816098027375,7.404842928073,13884.080490136874,6131.209944444445,17501.781669779917,0.4,CARB 2021 San Pedro Bay container-at-anchor excess (7.5 tpd / 6.9 ships),CARB 2021 (0.2 tpd / 6.9 ships),Vukic & Lai 2022 generic-fleet (~24 t; omits reefer),CARB-NOx x physical aux+boiler CO2/NOx ratio ~50 (~54 t),"Zhang et al. 2024 all-source ceiling, Oct peak (~69 t)",CARB (2021) Emissions Impact of Recent Congestion at the California Ports; IMO Fourth GHG Study 2020
2019-06,2019,241.98059722222223,263.02238828502414,7.013930354267311,13151.119414251207,5807.534333333333,16577.836815692466,0.4,CARB 2021 San Pedro Bay container-at-anchor excess (7.5 tpd / 6.9 ships),CARB 2021 (0.2 tpd / 6.9 ships),Vukic & Lai 2022 generic-fleet (~24 t; omits reefer),CARB-NOx x physical aux+boiler CO2/NOx ratio ~50 (~54 t),"Zhang et al. 2024 all-source ceiling, Oct peak (~69 t)",CARB (2021) Emissions Impact of Recent Congestion at the California Ports; IMO Fourth GHG Study 2020
2019-07,2019,243.4345185185185,264.6027375201288,7.0560730005367684,13230.13687600644,5842.428444444444,16677.443438163624,0.4,CARB 2021 San Pedro Bay container-at-anchor excess (7.5 tpd / 6.9 ships),CARB 2021 (0.2 tpd / 6.9 ships),Vukic & Lai 2022 generic-fleet (~24 t; omits reefer),CARB-NOx x physical aux+boiler CO2/NOx ratio ~50 (~54 t),"Zhang et al. 2024 all-source ceiling, Oct peak (~69 t)",CARB (2021) Emissions Impact of Recent Congestion at the California Ports; IMO Fourth GHG Study 2020
2019-08,2019,256.15540972222226,278.42979317632853,7.424794484702095,13921.489658816427,6147.729833333335,17548.938347036477,0.4,CARB 2021 San Pedro Bay container-at-anchor excess (7.5 tpd / 6.9 ships),CARB 2021 (0.2 tpd / 6.9 ships),Vukic & Lai 2022 generic-fleet (~24 t; omits reefer),CARB-NOx x physical aux+boiler CO2/NOx ratio ~50 (~54 t),"Zhang et al. 2024 all-source ceiling, Oct peak (~69 t)",CARB (2021) Emissions Impact of Recent Congestion at the California Ports; IMO Fourth GHG Study 2020
2019-09,2019,253.1362986111111,275.1481506642512,7.337284017713365,13757.407533212558,6075.271166666666,17342.102212639795,0.4,CARB 2021 San Pedro Bay container-at-anchor excess (7.5 tpd / 6.9 ships),CARB 2021 (0.2 tpd / 6.9 ships),Vukic & Lai 2022 generic-fleet (~24 t; omits reefer),CARB-NOx x physical aux+boiler CO2/NOx ratio ~50 (~54 t),"Zhang et al. 2024 all-source ceiling, Oct peak (~69 t)",CARB (2021) Emissions Impact of Recent Congestion at the California Ports; IMO Fourth GHG Study 2020
2019-10,2019,307.47961574074077,334.21697363123997,8.912452630166399,16710.848681561998,7379.5107777777785,21065.105849047435,0.4,CARB 2021 San Pedro Bay container-at-anchor excess (7.5 tpd / 6.9 ships),CARB 2021 (0.2 tpd / 6.9 ships),Vukic & Lai 2022 generic-fleet (~24 t; omits reefer),CARB-NOx x physical aux+boiler CO2/NOx ratio ~50 (~54 t),"Zhang et al. 2024 all-source ceiling, Oct peak (~69 t)",CARB (2021) Emissions Impact of Recent Congestion at the California Ports; IMO Fourth GHG Study 2020
2019-11,2019,229.94297453703706,249.93801580112722,6.6650137546967265,12496.900790056361,5518.631388888889,15753.151916098577,0.4,CARB 2021 San Pedro Bay container-at-anchor excess (7.5 tpd / 6.9 ships),CARB 2021 (0.2 tpd / 6.9 ships),Vukic & Lai 2022 generic-fleet (~24 t; omits reefer),CARB-NOx x physical aux+boiler CO2/NOx ratio ~50 (~54 t),"Zhang et al. 2024 all-source ceiling, Oct peak (~69 t)",CARB (2021) Emissions Impact of Recent Congestion at the California Ports; IMO Fourth GHG Study 2020
2019-12,2019,313.8706574074074,341.1637580515298,9.09770021470746,17058.187902576487,7532.895777777778,21502.94940778116,0.4,CARB 2021 San Pedro Bay container-at-anchor excess (7.5 tpd / 6.9 ships),CARB 2021 (0.2 tpd / 6.9 ships),Vukic & Lai 2022 generic-fleet (~24 t; omits reefer),CARB-NOx x physical aux+boiler CO2/NOx ratio ~50 (~54 t),"Zhang et al. 2024 all-source ceiling, Oct peak (~69 t)",CARB (2021) Emissions Impact of Recent Congestion at the California Ports; IMO Fourth GHG Study 2020
2020-01,2020,279.376599537037,303.6702168880837,8.097872450348898,15183.510844404183,6705.038388888888,19139.797696237496,0.4,CARB 2021 San Pedro Bay container-at-anchor excess (7.5 tpd / 6.9 ships),CARB 2021 (0.2 tpd / 6.9 ships),Vukic & Lai 2022 generic-fleet (~24 t; omits reefer),CARB-NOx x physical aux+boiler CO2/NOx ratio ~50 (~54 t),"Zhang et al. 2024 all-source ceiling, Oct peak (~69 t)",CARB (2021) Emissions Impact of Recent Congestion at the California Ports; IMO Fourth GHG Study 2020
2020-02,2020,240.0123287037037,260.88296598228663,6.956879092860977,13044.148299114331,5760.295888888889,16442.992804709636,0.4,CARB 2021 San Pedro Bay container-at-anchor excess (7.5 tpd / 6.9 ships),CARB 2021 (0.2 tpd / 6.9 ships),Vukic & Lai 2022 generic-fleet (~24 t; omits reefer),CARB-NOx x physical aux+boiler CO2/NOx ratio ~50 (~54 t),"Zhang et al. 2024 all-source ceiling, Oct peak (~69 t)",CARB (2021) Emissions Impact of Recent Congestion at the California Ports; IMO Fourth GHG Study 2020
2020-03,2020,239.0569328703704,259.8444922504026,6.929186460010736,12992.224612520129,5737.36638888889,16377.539638624394,0.4,CARB 2021 San Pedro Bay container-at-anchor excess (7.5 tpd / 6.9 ships),CARB 2021 (0.2 tpd / 6.9 ships),Vukic & Lai 2022 generic-fleet (~24 t; omits reefer),CARB-NOx x physical aux+boiler CO2/NOx ratio ~50 (~54 t),"Zhang et al. 2024 all-source ceiling, Oct peak (~69 t)",CARB (2021) Emissions Impact of Recent Congestion at the California Ports; IMO Fourth GHG Study 2020
2020-04,2020,291.50942592592594,316.85807165861513,8.449548577563071,15842.903582930756,6996.2262222222225,19971.004901678913,0.4,CARB 2021 San Pedro Bay container-at-anchor excess (7.5 tpd / 6.9 ships),CARB 2021 (0.2 tpd / 6.9 ships),Vukic & Lai 2022 generic-fleet (~24 t; omits reefer),CARB-NOx x physical aux+boiler CO2/NOx ratio ~50 (~54 t),"Zhang et al. 2024 all-source ceiling, Oct peak (~69 t)",CARB (2021) Emissions Impact of Recent Congestion at the California Ports; IMO Fourth GHG Study 2020
2020-05,2020,240.0766041666667,260.95283061594205,6.958742149758455,13047.641530797102,5761.838500000001,16447.396249235706,0.4,CARB 2021 San Pedro Bay container-at-anchor excess (7.5 tpd / 6.9 ships),CARB 2021 (0.2 tpd / 6.9 ships),Vukic & Lai 2022 generic-fleet (~24 t; omits reefer),CARB-NOx x physical aux+boiler CO2/NOx ratio ~50 (~54 t),"Zhang et al. 2024 all-source ceiling, Oct peak (~69 t)",CARB (2021) Emissions Impact of Recent Congestion at the California Ports; IMO Fourth GHG Study 2020
2020-06,2020,222.63896990740744,241.9988803341385,6.4533034755770275,12099.944016706924,5343.335277777778,15252.762222705662,0.4,CARB 2021 San Pedro Bay container-at-anchor excess (7.5 tpd / 6.9 ships),CARB 2021 (0.2 tpd / 6.9 ships),Vukic & Lai 2022 generic-fleet (~24 t; omits reefer),CARB-NOx x physical aux+boiler CO2/NOx ratio ~50 (~54 t),"Zhang et al. 2024 all-source ceiling, Oct peak (~69 t)",CARB (2021) Emissions Impact of Recent Congestion at the California Ports; IMO Fourth GHG Study 2020
2020-09,2020,196.97815740740742,214.1066928341385,5.70951180891036,10705.334641706924,4727.475777777778,13494.766883135457,0.4,CARB 2021 San Pedro Bay container-at-anchor excess (7.5 tpd / 6.9 ships),CARB 2021 (0.2 tpd / 6.9 ships),Vukic & Lai 2022 generic-fleet (~24 t; omits reefer),CARB-NOx x physical aux+boiler CO2/NOx ratio ~50 (~54 t),"Zhang et al. 2024 all-source ceiling, Oct peak (~69 t)",CARB (2021) Emissions Impact of Recent Congestion at the California Ports; IMO Fourth GHG Study 2020
2020-10,2020,267.2504699074074,290.4896412037037,7.7463904320987655,14524.482060185184,6414.011277777778,18309.04927874631,0.4,CARB 2021 San Pedro Bay container-at-anchor excess (7.5 tpd / 6.9 ships),CARB 2021 (0.2 tpd / 6.9 ships),Vukic & Lai 2022 generic-fleet (~24 t; omits reefer),CARB-NOx x physical aux+boiler CO2/NOx ratio ~50 (~54 t),"Zhang et al. 2024 all-source ceiling, Oct peak (~69 t)",CARB (2021) Emissions Impact of Recent Congestion at the California Ports; IMO Fourth GHG Study 2020
2020-11,2020,371.87718750000005,404.21433423913044,10.77904891304348,20210.716711956524,8925.052500000002,25476.91592062703,0.4,CARB 2021 San Pedro Bay container-at-anchor excess (7.5 tpd / 6.9 ships),CARB 2021 (0.2 tpd / 6.9 ships),Vukic & Lai 2022 generic-fleet (~24 t; omits reefer),CARB-NOx x physical aux+boiler CO2/NOx ratio ~50 (~54 t),"Zhang et al. 2024 all-source ceiling, Oct peak (~69 t)",CARB (2021) Emissions Impact of Recent Congestion at the California Ports; IMO Fourth GHG Study 2020
2020-12,2020,495.15783101851855,538.215033715781,14.352400899087494,26910.751685789048,11883.787944444444,33922.74345491774,0.4,CARB 2021 San Pedro Bay container-at-anchor excess (7.5 tpd / 6.9 ships),CARB 2021 (0.2 tpd / 6.9 ships),Vukic & Lai 2022 generic-fleet (~24 t; omits reefer),CARB-NOx x physical aux+boiler CO2/NOx ratio ~50 (~54 t),"Zhang et al. 2024 all-source ceiling, Oct peak (~69 t)",CARB (2021) Emissions Impact of Recent Congestion at the California Ports; IMO Fourth GHG Study 2020
2021-01,2021,500.5520949074074,544.0783640297907,14.508756374127751,27203.91820148953,12013.250277777777,34292.29881397266,0.4,CARB 2021 San Pedro Bay container-at-anchor excess (7.5 tpd / 6.9 ships),CARB 2021 (0.2 tpd / 6.9 ships),Vukic & Lai 2022 generic-fleet (~24 t; omits reefer),CARB-NOx x physical aux+boiler CO2/NOx ratio ~50 (~54 t),"Zhang et al. 2024 all-source ceiling, Oct peak (~69 t)",CARB (2021) Emissions Impact of Recent Congestion at the California Ports; IMO Fourth GHG Study 2020
2021-02,2021,465.75914814814814,506.2599436392914,13.500265163714438,25312.99718196457,11178.219555555555,31908.670538262682,0.4,CARB 2021 San Pedro Bay container-at-anchor excess (7.5 tpd / 6.9 ships),CARB 2021 (0.2 tpd / 6.9 ships),Vukic & Lai 2022 generic-fleet (~24 t; omits reefer),CARB-NOx x physical aux+boiler CO2/NOx ratio ~50 (~54 t),"Zhang et al. 2024 all-source ceiling, Oct peak (~69 t)",CARB (2021) Emissions Impact of Recent Congestion at the California Ports; IMO Fourth GHG Study 2020
2021-03,2021,425.094900462963,462.0596744162641,12.321591317767043,23102.983720813205,10202.277611111112,29122.805596625156,0.4,CARB 2021 San Pedro Bay container-at-anchor excess (7.5 tpd / 6.9 ships),CARB 2021 (0.2 tpd / 6.9 ships),Vukic & Lai 2022 generic-fleet (~24 t; omits reefer),CARB-NOx x physical aux+boiler CO2/NOx ratio ~50 (~54 t),"Zhang et al. 2024 all-source ceiling, Oct peak (~69 t)",CARB (2021) Emissions Impact of Recent Congestion at the California Ports; IMO Fourth GHG Study 2020
2021-04,2021,647.1552708333334,703.429642210145,18.75812379227053,35171.48211050725,15531.7265,44335.92857214843,0.4,CARB 2021 San Pedro Bay container-at-anchor excess (7.5 tpd / 6.9 ships),CARB 2021 (0.2 tpd / 6.9 ships),Vukic & Lai 2022 generic-fleet (~24 t; omits reefer),CARB-NOx x physical aux+boiler CO2/NOx ratio ~50 (~54 t),"Zhang et al. 2024 all-source ceiling, Oct peak (~69 t)",CARB (2021) Emissions Impact of Recent Congestion at the California Ports; IMO Fourth GHG Study 2020
2021-05,2021,623.0610694444445,677.2402928743961,18.059741143317233,33862.014643719805,14953.465666666667,42685.26011602169,0.4,CARB 2021 San Pedro Bay container-at-anchor excess (7.5 tpd / 6.9 ships),CARB 2021 (0.2 tpd / 6.9 ships),Vukic & Lai 2022 generic-fleet (~24 t; omits reefer),CARB-NOx x physical aux+boiler CO2/NOx ratio ~50 (~54 t),"Zhang et al. 2024 all-source ceiling, Oct peak (~69 t)",CARB (2021) Emissions Impact of Recent Congestion at the California Ports; IMO Fourth GHG Study 2020
2021-06,2021,500.69217824074076,544.2306285225443,14.512816760601181,27211.53142612721,12016.612277777778,34301.89577615581,0.4,CARB 2021 San Pedro Bay container-at-anchor excess (7.5 tpd / 6.9 ships),CARB 2021 (0.2 tpd / 6.9 ships),Vukic & Lai 2022 generic-fleet (~24 t; omits reefer),CARB-NOx x physical aux+boiler CO2/NOx ratio ~50 (~54 t),"Zhang et al. 2024 all-source ceiling, Oct peak (~69 t)",CARB (2021) Emissions Impact of Recent Congestion at the California Ports; IMO Fourth GHG Study 2020
2021-07,2021,661.0330601851851,718.5141958534621,19.160378556092322,35925.7097926731,15864.793444444444,45286.68135926662,0.4,CARB 2021 San Pedro Bay container-at-anchor excess (7.5 tpd / 6.9 ships),CARB 2021 (0.2 tpd / 6.9 ships),Vukic & Lai 2022 generic-fleet (~24 t; omits reefer),CARB-NOx x physical aux+boiler CO2/NOx ratio ~50 (~54 t),"Zhang et al. 2024 all-source ceiling, Oct peak (~69 t)",CARB (2021) Emissions Impact of Recent Congestion at the California Ports; IMO Fourth GHG Study 2020
2021-08,2021,850.591451388889,924.5559254227054,24.654824677938812,46227.79627113527,20414.194833333335,58273.12784503308,0.4,CARB 2021 San Pedro Bay container-at-anchor excess (7.5 tpd / 6.9 ships),CARB 2021 (0.2 tpd / 6.9 ships),Vukic & Lai 2022 generic-fleet (~24 t; omits reefer),CARB-NOx x physical aux+boiler CO2/NOx ratio ~50 (~54 t),"Zhang et al. 2024 all-source ceiling, Oct peak (~69 t)",CARB (2021) Emissions Impact of Recent Congestion at the California Ports; IMO Fourth GHG Study 2020
2021-09,2021,957.9215601851853,1041.21908715781,27.76584232420827,52060.9543578905,22990.117444444448,65626.20098172553,0.4,CARB 2021 San Pedro Bay container-at-anchor excess (7.5 tpd / 6.9 ships),CARB 2021 (0.2 tpd / 6.9 ships),Vukic & Lai 2022 generic-fleet (~24 t; omits reefer),CARB-NOx x physical aux+boiler CO2/NOx ratio ~50 (~54 t),"Zhang et al. 2024 all-source ceiling, Oct peak (~69 t)",CARB (2021) Emissions Impact of Recent Congestion at the California Ports; IMO Fourth GHG Study 2020
2021-10,2021,905.4437314814814,984.1779690016102,26.244745840042942,49208.89845008051,21730.649555555556,62030.99999999999,0.4,CARB 2021 San Pedro Bay container-at-anchor excess (7.5 tpd / 6.9 ships),CARB 2021 (0.2 tpd / 6.9 ships),Vukic & Lai 2022 generic-fleet (~24 t; omits reefer),CARB-NOx x physical aux+boiler CO2/NOx ratio ~50 (~54 t),"Zhang et al. 2024 all-source ceiling, Oct peak (~69 t)",CARB (2021) Emissions Impact of Recent Congestion at the California Ports; IMO Fourth GHG Study 2020
2021-11,2021,854.4589259259259,928.7597020933977,24.766925389157272,46437.98510466988,20507.01422222222,58538.08446758808,0.4,CARB 2021 San Pedro Bay container-at-anchor excess (7.5 tpd / 6.9 ships),CARB 2021 (0.2 tpd / 6.9 ships),Vukic & Lai 2022 generic-fleet (~24 t; omits reefer),CARB-NOx x physical aux+boiler CO2/NOx ratio ~50 (~54 t),"Zhang et al. 2024 all-source ceiling, Oct peak (~69 t)",CARB (2021) Emissions Impact of Recent Congestion at the California Ports; IMO Fourth GHG Study 2020
2021-12,2021,640.6371087962963,696.344683474235,18.569191559312937,34817.23417371175,15375.290611111112,43889.37613022264,0.4,CARB 2021 San Pedro Bay container-at-anchor excess (7.5 tpd / 6.9 ships),CARB 2021 (0.2 tpd / 6.9 ships),Vukic & Lai 2022 generic-fleet (~24 t; omits reefer),CARB-NOx x physical aux+boiler CO2/NOx ratio ~50 (~54 t),"Zhang et al. 2024 all-source ceiling, Oct peak (~69 t)",CARB (2021) Emissions Impact of Recent Congestion at the California Ports; IMO Fourth GHG Study 2020
2022-01,2022,508.37950925925924,552.5864231078905,14.735637949543746,27629.321155394522,12201.108222222221,34828.54675824334,0.4,CARB 2021 San Pedro Bay container-at-anchor excess (7.5 tpd / 6.9 ships),CARB 2021 (0.2 tpd / 6.9 ships),Vukic & Lai 2022 generic-fleet (~24 t; omits reefer),CARB-NOx x physical aux+boiler CO2/NOx ratio ~50 (~54 t),"Zhang et al. 2024 all-source ceiling, Oct peak (~69 t)",CARB (2021) Emissions Impact of Recent Congestion at the California Ports; IMO Fourth GHG Study 2020
2022-02,2022,419.9426967592593,456.45945299919487,12.17225207997853,22822.972649959742,10078.624722222223,28769.833526873765,0.4,CARB 2021 San Pedro Bay container-at-anchor excess (7.5 tpd / 6.9 ships),CARB 2021 (0.2 tpd / 6.9 ships),Vukic & Lai 2022 generic-fleet (~24 t; omits reefer),CARB-NOx x physical aux+boiler CO2/NOx ratio ~50 (~54 t),"Zhang et al. 2024 all-source ceiling, Oct peak (~69 t)",CARB (2021) Emissions Impact of Recent Congestion at the California Ports; IMO Fourth GHG Study 2020
2022-03,2022,444.2853402777778,482.9188481280193,12.877835950080515,24145.942406400965,10662.848166666667,30437.522492621607,0.4,CARB 2021 San Pedro Bay container-at-anchor excess (7.5 tpd / 6.9 ships),CARB 2021 (0.2 tpd / 6.9 ships),Vukic & Lai 2022 generic-fleet (~24 t; omits reefer),CARB-NOx x physical aux+boiler CO2/NOx ratio ~50 (~54 t),"Zhang et al. 2024 all-source ceiling, Oct peak (~69 t)",CARB (2021) Emissions Impact of Recent Congestion at the California Ports; IMO Fourth GHG Study 2020
2022-04,2022,417.6534259259259,453.97111513687594,12.105896403650027,22698.555756843794,10023.682222222222,28612.997984117115,0.4,CARB 2021 San Pedro Bay container-at-anchor excess (7.5 tpd / 6.9 ships),CARB 2021 (0.2 tpd / 6.9 ships),Vukic & Lai 2022 generic-fleet (~24 t; omits reefer),CARB-NOx x physical aux+boiler CO2/NOx ratio ~50 (~54 t),"Zhang et al. 2024 all-source ceiling, Oct peak (~69 t)",CARB (2021) Emissions Impact of Recent Congestion at the California Ports; IMO Fourth GHG Study 2020
2022-05,2022,370.31260185185187,402.5136976650563,10.733698604401503,20125.684883252816,8887.502444444444,25369.727799525917,0.4,CARB 2021 San Pedro Bay container-at-anchor excess (7.5 tpd / 6.9 ships),CARB 2021 (0.2 tpd / 6.9 ships),Vukic & Lai 2022 generic-fleet (~24 t; omits reefer),CARB-NOx x physical aux+boiler CO2/NOx ratio ~50 (~54 t),"Zhang et al. 2024 all-source ceiling, Oct peak (~69 t)",CARB (2021) Emissions Impact of Recent Congestion at the California Ports; IMO Fourth GHG Study 2020
2022-06,2022,396.37610416666666,430.8435914855072,11.489162439613526,21542.17957427536,9513.0265,27155.3109957837,0.4,CARB 2021 San Pedro Bay container-at-anchor excess (7.5 tpd / 6.9 ships),CARB 2021 (0.2 tpd / 6.9 ships),Vukic & Lai 2022 generic-fleet (~24 t; omits reefer),CARB-NOx x physical aux+boiler CO2/NOx ratio ~50 (~54 t),"Zhang et al. 2024 all-source ceiling, Oct peak (~69 t)",CARB (2021) Emissions Impact of Recent Congestion at the California Ports; IMO Fourth GHG Study 2020
2022-07,2022,406.61991666666665,441.97817028985503,11.786084541062802,22098.908514492752,9758.878,27857.10384175968,0.4,CARB 2021 San Pedro Bay container-at-anchor excess (7.5 tpd / 6.9 ships),CARB 2021 (0.2 tpd / 6.9 ships),Vukic & Lai 2022 generic-fleet (~24 t; omits reefer),CARB-NOx x physical aux+boiler CO2/NOx ratio ~50 (~54 t),"Zhang et al. 2024 all-source ceiling, Oct peak (~69 t)",CARB (2021) Emissions Impact of Recent Congestion at the California Ports; IMO Fourth GHG Study 2020
2022-08,2022,458.48058101851854,498.34845762882446,13.28929220343532,24917.422881441224,11003.533944444445,31410.023541304276,0.4,CARB 2021 San Pedro Bay container-at-anchor excess (7.5 tpd / 6.9 ships),CARB 2021 (0.2 tpd / 6.9 ships),Vukic & Lai 2022 generic-fleet (~24 t; omits reefer),CARB-NOx x physical aux+boiler CO2/NOx ratio ~50 (~54 t),"Zhang et al. 2024 all-source ceiling, Oct peak (~69 t)",CARB (2021) Emissions Impact of Recent Congestion at the California Ports; IMO Fourth GHG Study 2020
2022-09,2022,395.45473842592594,429.84210698470207,11.462456186258724,21492.105349235102,9490.913722222223,27092.18919563564,0.4,CARB 2021 San Pedro Bay container-at-anchor excess (7.5 tpd / 6.9 ships),CARB 2021 (0.2 tpd / 6.9 ships),Vukic & Lai 2022 generic-fleet (~24 t; omits reefer),CARB-NOx x physical aux+boiler CO2/NOx ratio ~50 (~54 t),"Zhang et al. 2024 all-source ceiling, Oct peak (~69 t)",CARB (2021) Emissions Impact of Recent Congestion at the California Ports; IMO Fourth GHG Study 2020
2022-10,2022,378.29572222222225,411.19100241545897,10.965093397745573,20559.550120772947,9079.097333333335,25916.642999749572,0.4,CARB 2021 San Pedro Bay container-at-anchor excess (7.5 tpd / 6.9 ships),CARB 2021 (0.2 tpd / 6.9 ships),Vukic & Lai 2022 generic-fleet (~24 t; omits reefer),CARB-NOx x physical aux+boiler CO2/NOx ratio ~50 (~54 t),"Zhang et al. 2024 all-source ceiling, Oct peak (~69 t)",CARB (2021) Emissions Impact of Recent Congestion at the California Ports; IMO Fourth GHG Study 2020
2022-11,2022,334.10624074074076,363.1589573268921,9.684238862050456,18157.947866344606,8018.549777777778,22889.267989606447,0.4,CARB 2021 San Pedro Bay container-at-anchor excess (7.5 tpd / 6.9 ships),CARB 2021 (0.2 tpd / 6.9 ships),Vukic & Lai 2022 generic-fleet (~24 t; omits reefer),CARB-NOx x physical aux+boiler CO2/NOx ratio ~50 (~54 t),"Zhang et al. 2024 all-source ceiling, Oct peak (~69 t)",CARB (2021) Emissions Impact of Recent Congestion at the California Ports; IMO Fourth GHG Study 2020
2022-12,2022,387.10177777777784,420.7628019323672,11.220341384863126,21038.140096618357,9290.442666666668,26519.93662603919,0.4,CARB 2021 San Pedro Bay container-at-anchor excess (7.5 tpd / 6.9 ships),CARB 2021 (0.2 tpd / 6.9 ships),Vukic & Lai 2022 generic-fleet (~24 t; omits reefer),CARB-NOx x physical aux+boiler CO2/NOx ratio ~50 (~54 t),"Zhang et al. 2024 all-source ceiling, Oct peak (~69 t)",CARB (2021) Emissions Impact of Recent Congestion at the California Ports; IMO Fourth GHG Study 2020
2023-01,2023,368.7873148148148,400.85577697262477,10.689487385936662,20042.788848631237,8850.895555555555,25265.23198503766,0.4,CARB 2021 San Pedro Bay container-at-anchor excess (7.5 tpd / 6.9 ships),CARB 2021 (0.2 tpd / 6.9 ships),Vukic & Lai 2022 generic-fleet (~24 t; omits reefer),CARB-NOx x physical aux+boiler CO2/NOx ratio ~50 (~54 t),"Zhang et al. 2024 all-source ceiling, Oct peak (~69 t)",CARB (2021) Emissions Impact of Recent Congestion at the California Ports; IMO Fourth GHG Study 2020
2023-02,2023,256.56459953703705,278.8745647141707,7.436655059044552,13943.728235708533,6157.550388888889,17576.971511903877,0.4,CARB 2021 San Pedro Bay container-at-anchor excess (7.5 tpd / 6.9 ships),CARB 2021 (0.2 tpd / 6.9 ships),Vukic & Lai 2022 generic-fleet (~24 t; omits reefer),CARB-NOx x physical aux+boiler CO2/NOx ratio ~50 (~54 t),"Zhang et al. 2024 all-source ceiling, Oct peak (~69 t)",CARB (2021) Emissions Impact of Recent Congestion at the California Ports; IMO Fourth GHG Study 2020
2023-05,2023,248.44902083333335,270.05328351449276,7.201420893719807,13502.664175724638,5962.7765,17020.981730246483,0.4,CARB 2021 San Pedro Bay container-at-anchor excess (7.5 tpd / 6.9 ships),CARB 2021 (0.2 tpd / 6.9 ships),Vukic & Lai 2022 generic-fleet (~24 t; omits reefer),CARB-NOx x physical aux+boiler CO2/NOx ratio ~50 (~54 t),"Zhang et al. 2024 all-source ceiling, Oct peak (~69 t)",CARB (2021) Emissions Impact of Recent Congestion at the California Ports; IMO Fourth GHG Study 2020
2023-06,2023,250.11987268518521,271.86942683172305,7.249851382179282,13593.471341586152,6002.876944444445,17135.450037462706,0.4,CARB 2021 San Pedro Bay container-at-anchor excess (7.5 tpd / 6.9 ships),CARB 2021 (0.2 tpd / 6.9 ships),Vukic & Lai 2022 generic-fleet (~24 t; omits reefer),CARB-NOx x physical aux+boiler CO2/NOx ratio ~50 (~54 t),"Zhang et al. 2024 all-source ceiling, Oct peak (~69 t)",CARB (2021) Emissions Impact of Recent Congestion at the California Ports; IMO Fourth GHG Study 2020
2023-07,2023,285.88528935185184,310.74487973027374,8.286530126140633,15537.243986513686,6861.246944444444,19585.701206157635,0.4,CARB 2021 San Pedro Bay container-at-anchor excess (7.5 tpd / 6.9 ships),CARB 2021 (0.2 tpd / 6.9 ships),Vukic & Lai 2022 generic-fleet (~24 t; omits reefer),CARB-NOx x physical aux+boiler CO2/NOx ratio ~50 (~54 t),"Zhang et al. 2024 all-source ceiling, Oct peak (~69 t)",CARB (2021) Emissions Impact of Recent Congestion at the California Ports; IMO Fourth GHG Study 2020
2023-08,2023,268.58900694444446,291.9445727657005,7.785188607085347,14597.228638285023,6446.136166666667,18400.751046683443,0.4,CARB 2021 San Pedro Bay container-at-anchor excess (7.5 tpd / 6.9 ships),CARB 2021 (0.2 tpd / 6.9 ships),Vukic & Lai 2022 generic-fleet (~24 t; omits reefer),CARB-NOx x physical aux+boiler CO2/NOx ratio ~50 (~54 t),"Zhang et al. 2024 all-source ceiling, Oct peak (~69 t)",CARB (2021) Emissions Impact of Recent Congestion at the California Ports; IMO Fourth GHG Study 2020
2023-09,2023,254.90455324074077,277.0701665660226,7.388537775093935,13853.508328301128,6117.709277777778,17463.24348196096,0.4,CARB 2021 San Pedro Bay container-at-anchor excess (7.5 tpd / 6.9 ships),CARB 2021 (0.2 tpd / 6.9 ships),Vukic & Lai 2022 generic-fleet (~24 t; omits reefer),CARB-NOx x physical aux+boiler CO2/NOx ratio ~50 (~54 t),"Zhang et al. 2024 all-source ceiling, Oct peak (~69 t)",CARB (2021) Emissions Impact of Recent Congestion at the California Ports; IMO Fourth GHG Study 2020
2023-10,2023,236.1922430555556,256.73069897343,6.8461519726248,12836.534948671499,5668.613833333335,16181.282745209244,0.4,CARB 2021 San Pedro Bay container-at-anchor excess (7.5 tpd / 6.9 ships),CARB 2021 (0.2 tpd / 6.9 ships),Vukic & Lai 2022 generic-fleet (~24 t; omits reefer),CARB-NOx x physical aux+boiler CO2/NOx ratio ~50 (~54 t),"Zhang et al. 2024 all-source ceiling, Oct peak (~69 t)",CARB (2021) Emissions Impact of Recent Congestion at the California Ports; IMO Fourth GHG Study 2020
2023-11,2023,245.1579814814815,266.47606682769725,7.106028448738594,13323.803341384863,5883.7915555555555,16795.516077399458,0.4,CARB 2021 San Pedro Bay container-at-anchor excess (7.5 tpd / 6.9 ships),CARB 2021 (0.2 tpd / 6.9 ships),Vukic & Lai 2022 generic-fleet (~24 t; omits reefer),CARB-NOx x physical aux+boiler CO2/NOx ratio ~50 (~54 t),"Zhang et al. 2024 all-source ceiling, Oct peak (~69 t)",CARB (2021) Emissions Impact of Recent Congestion at the California Ports; IMO Fourth GHG Study 2020
2023-12,2023,273.5314143518519,297.3167547302738,7.928446792807301,14865.837736513688,6564.753944444445,18739.350192305956,0.4,CARB 2021 San Pedro Bay container-at-anchor excess (7.5 tpd / 6.9 ships),CARB 2021 (0.2 tpd / 6.9 ships),Vukic & Lai 2022 generic-fleet (~24 t; omits reefer),CARB-NOx x physical aux+boiler CO2/NOx ratio ~50 (~54 t),"Zhang et al. 2024 all-source ceiling, Oct peak (~69 t)",CARB (2021) Emissions Impact of Recent Congestion at the California Ports; IMO Fourth GHG Study 2020
2024-01,2024,264.19662731481486,287.1702470813205,7.6578732555018805,14358.512354066024,6340.719055555557,18099.833726995614,0.4,CARB 2021 San Pedro Bay container-at-anchor excess (7.5 tpd / 6.9 ships),CARB 2021 (0.2 tpd / 6.9 ships),Vukic & Lai 2022 generic-fleet (~24 t; omits reefer),CARB-NOx x physical aux+boiler CO2/NOx ratio ~50 (~54 t),"Zhang et al. 2024 all-source ceiling, Oct peak (~69 t)",CARB (2021) Emissions Impact of Recent Congestion at the California Ports; IMO Fourth GHG Study 2020
2024-02,2024,287.29105092592596,312.27288144122383,8.327276838432637,15613.644072061192,6894.9852222222235,19682.008456591313,0.4,CARB 2021 San Pedro Bay container-at-anchor excess (7.5 tpd / 6.9 ships),CARB 2021 (0.2 tpd / 6.9 ships),Vukic & Lai 2022 generic-fleet (~24 t; omits reefer),CARB-NOx x physical aux+boiler CO2/NOx ratio ~50 (~54 t),"Zhang et al. 2024 all-source ceiling, Oct peak (~69 t)",CARB (2021) Emissions Impact of Recent Congestion at the California Ports; IMO Fourth GHG Study 2020
2024-03,2024,323.1551018518519,351.2555454911433,9.36681454643049,17562.777274557167,7755.7224444444455,22139.01695489534,0.4,CARB 2021 San Pedro Bay container-at-anchor excess (7.5 tpd / 6.9 ships),CARB 2021 (0.2 tpd / 6.9 ships),Vukic & Lai 2022 generic-fleet (~24 t; omits reefer),CARB-NOx x physical aux+boiler CO2/NOx ratio ~50 (~54 t),"Zhang et al. 2024 all-source ceiling, Oct peak (~69 t)",CARB (2021) Emissions Impact of Recent Congestion at the California Ports; IMO Fourth GHG Study 2020
2024-04,2024,258.58470601851855,281.0703326288245,7.495208870101987,14053.516631441224,6206.032944444445,17715.366887337917,0.4,CARB 2021 San Pedro Bay container-at-anchor excess (7.5 tpd / 6.9 ships),CARB 2021 (0.2 tpd / 6.9 ships),Vukic & Lai 2022 generic-fleet (~24 t; omits reefer),CARB-NOx x physical aux+boiler CO2/NOx ratio ~50 (~54 t),"Zhang et al. 2024 all-source ceiling, Oct peak (~69 t)",CARB (2021) Emissions Impact of Recent Congestion at the California Ports; IMO Fourth GHG Study 2020
2024-05,2024,256.6902638888889,279.01115640096623,7.440297504025766,13950.557820048309,6160.566333333334,17585.58064479496,0.4,CARB 2021 San Pedro Bay container-at-anchor excess (7.5 tpd / 6.9 ships),CARB 2021 (0.2 tpd / 6.9 ships),Vukic & Lai 2022 generic-fleet (~24 t; omits reefer),CARB-NOx x physical aux+boiler CO2/NOx ratio ~50 (~54 t),"Zhang et al. 2024 all-source ceiling, Oct peak (~69 t)",CARB (2021) Emissions Impact of Recent Congestion at the California Ports; IMO Fourth GHG Study 2020
2024-06,2024,225.61664351851852,245.2354820853462,6.539612855609232,12261.77410426731,5414.799444444445,15456.759517455954,0.4,CARB 2021 San Pedro Bay container-at-anchor excess (7.5 tpd / 6.9 ships),CARB 2021 (0.2 tpd / 6.9 ships),Vukic & Lai 2022 generic-fleet (~24 t; omits reefer),CARB-NOx x physical aux+boiler CO2/NOx ratio ~50 (~54 t),"Zhang et al. 2024 all-source ceiling, Oct peak (~69 t)",CARB (2021) Emissions Impact of Recent Congestion at the California Ports; IMO Fourth GHG Study 2020
2024-07,2024,304.57696064814814,331.0619137479871,8.828317699946323,16553.095687399353,7309.847055555556,20866.247994287085,0.4,CARB 2021 San Pedro Bay container-at-anchor excess (7.5 tpd / 6.9 ships),CARB 2021 (0.2 tpd / 6.9 ships),Vukic & Lai 2022 generic-fleet (~24 t; omits reefer),CARB-NOx x physical aux+boiler CO2/NOx ratio ~50 (~54 t),"Zhang et al. 2024 all-source ceiling, Oct peak (~69 t)",CARB (2021) Emissions Impact of Recent Congestion at the California Ports; IMO Fourth GHG Study 2020
2024-08,2024,300.8654444444444,327.02765700483087,8.720737520128823,16351.382850241542,7220.770666666665,20611.975913508253,0.4,CARB 2021 San Pedro Bay container-at-anchor excess (7.5 tpd / 6.9 ships),CARB 2021 (0.2 tpd / 6.9 ships),Vukic & Lai 2022 generic-fleet (~24 t; omits reefer),CARB-NOx x physical aux+boiler CO2/NOx ratio ~50 (~54 t),"Zhang et al. 2024 all-source ceiling, Oct peak (~69 t)",CARB (2021) Emissions Impact of Recent Congestion at the California Ports; IMO Fourth GHG Study 2020
2024-09,2024,288.19518055555557,313.2556310386473,8.35348349436393,15662.781551932367,6916.684333333334,19743.949428852273,0.4,CARB 2021 San Pedro Bay container-at-anchor excess (7.5 tpd / 6.9 ships),CARB 2021 (0.2 tpd / 6.9 ships),Vukic & Lai 2022 generic-fleet (~24 t; omits reefer),CARB-NOx x physical aux+boiler CO2/NOx ratio ~50 (~54 t),"Zhang et al. 2024 all-source ceiling, Oct peak (~69 t)",CARB (2021) Emissions Impact of Recent Congestion at the California Ports; IMO Fourth GHG Study 2020
2024-10,2024,284.8759884259259,309.6478135064412,8.257275026838432,15482.39067532206,6837.023722222222,19516.555058739206,0.4,CARB 2021 San Pedro Bay container-at-anchor excess (7.5 tpd / 6.9 ships),CARB 2021 (0.2 tpd / 6.9 ships),Vukic & Lai 2022 generic-fleet (~24 t; omits reefer),CARB-NOx x physical aux+boiler CO2/NOx ratio ~50 (~54 t),"Zhang et al. 2024 all-source ceiling, Oct peak (~69 t)",CARB (2021) Emissions Impact of Recent Congestion at the California Ports; IMO Fourth GHG Study 2020
2024-11,2024,241.5564351851852,262.5613425925926,7.001635802469136,13128.06712962963,5797.354444444445,16548.777919590335,0.4,CARB 2021 San Pedro Bay container-at-anchor excess (7.5 tpd / 6.9 ships),CARB 2021 (0.2 tpd / 6.9 ships),Vukic & Lai 2022 generic-fleet (~24 t; omits reefer),CARB-NOx x physical aux+boiler CO2/NOx ratio ~50 (~54 t),"Zhang et al. 2024 all-source ceiling, Oct peak (~69 t)",CARB (2021) Emissions Impact of Recent Congestion at the California Ports; IMO Fourth GHG Study 2020
2024-12,2024,240.81690740740743,261.7575080515298,6.9802002147074615,13087.87540257649,5779.605777777779,16498.113647489987,0.4,CARB 2021 San Pedro Bay container-at-anchor excess (7.5 tpd / 6.9 ships),CARB 2021 (0.2 tpd / 6.9 ships),Vukic & Lai 2022 generic-fleet (~24 t; omits reefer),CARB-NOx x physical aux+boiler CO2/NOx ratio ~50 (~54 t),"Zhang et al. 2024 all-source ceiling, Oct peak (~69 t)",CARB (2021) Emissions Impact of Recent Congestion at the California Ports; IMO Fourth GHG Study 2020
2025-01,2025,205.58638194444444,223.46345863526568,5.959025563607085,11173.172931763283,4934.073166666667,14084.507313922088,0.4,CARB 2021 San Pedro Bay container-at-anchor excess (7.5 tpd / 6.9 ships),CARB 2021 (0.2 tpd / 6.9 ships),Vukic & Lai 2022 generic-fleet (~24 t; omits reefer),CARB-NOx x physical aux+boiler CO2/NOx ratio ~50 (~54 t),"Zhang et al. 2024 all-source ceiling, Oct peak (~69 t)",CARB (2021) Emissions Impact of Recent Congestion at the California Ports; IMO Fourth GHG Study 2020
2025-02,2025,197.58619907407405,214.7676076892109,5.727136205045625,10738.380384460545,4742.068777777777,13536.423179726393,0.4,CARB 2021 San Pedro Bay container-at-anchor excess (7.5 tpd / 6.9 ships),CARB 2021 (0.2 tpd / 6.9 ships),Vukic & Lai 2022 generic-fleet (~24 t; omits reefer),CARB-NOx x physical aux+boiler CO2/NOx ratio ~50 (~54 t),"Zhang et al. 2024 all-source ceiling, Oct peak (~69 t)",CARB (2021) Emissions Impact of Recent Congestion at the California Ports; IMO Fourth GHG Study 2020
2025-03,2025,247.48521990740744,269.0056738123994,7.173484634997317,13450.283690619968,5939.645277777779,16954.952740086832,0.4,CARB 2021 San Pedro Bay container-at-anchor excess (7.5 tpd / 6.9 ships),CARB 2021 (0.2 tpd / 6.9 ships),Vukic & Lai 2022 generic-fleet (~24 t; omits reefer),CARB-NOx x physical aux+boiler CO2/NOx ratio ~50 (~54 t),"Zhang et al. 2024 all-source ceiling, Oct peak (~69 t)",CARB (2021) Emissions Impact of Recent Congestion at the California Ports; IMO Fourth GHG Study 2020
2025-04,2025,246.3844513888889,267.8091862922705,7.141578301127215,13390.459314613525,5913.226833333333,16879.540243872958,0.4,CARB 2021 San Pedro Bay container-at-anchor excess (7.5 tpd / 6.9 ships),CARB 2021 (0.2 tpd / 6.9 ships),Vukic & Lai 2022 generic-fleet (~24 t; omits reefer),CARB-NOx x physical aux+boiler CO2/NOx ratio ~50 (~54 t),"Zhang et al. 2024 all-source ceiling, Oct peak (~69 t)",CARB (2021) Emissions Impact of Recent Congestion at the California Ports; IMO Fourth GHG Study 2020
2025-05,2025,236.74933333333334,257.33623188405795,6.862299516908212,12866.811594202898,5681.984,16219.44841560854,0.4,CARB 2021 San Pedro Bay container-at-anchor excess (7.5 tpd / 6.9 ships),CARB 2021 (0.2 tpd / 6.9 ships),Vukic & Lai 2022 generic-fleet (~24 t; omits reefer),CARB-NOx x physical aux+boiler CO2/NOx ratio ~50 (~54 t),"Zhang et al. 2024 all-source ceiling, Oct peak (~69 t)",CARB (2021) Emissions Impact of Recent Congestion at the California Ports; IMO Fourth GHG Study 2020
2025-06,2025,251.1098287037037,272.94546598228663,7.278545759527644,13647.27329911433,6026.635888888889,17203.27088557244,0.4,CARB 2021 San Pedro Bay container-at-anchor excess (7.5 tpd / 6.9 ships),CARB 2021 (0.2 tpd / 6.9 ships),Vukic & Lai 2022 generic-fleet (~24 t; omits reefer),CARB-NOx x physical aux+boiler CO2/NOx ratio ~50 (~54 t),"Zhang et al. 2024 all-source ceiling, Oct peak (~69 t)",CARB (2021) Emissions Impact of Recent Congestion at the California Ports; IMO Fourth GHG Study 2020
2025-07,2025,243.15640277777777,264.30043780193233,7.048011674718197,13215.021890096617,5835.7536666666665,16658.390020580555,0.4,CARB 2021 San Pedro Bay container-at-anchor excess (7.5 tpd / 6.9 ships),CARB 2021 (0.2 tpd / 6.9 ships),Vukic & Lai 2022 generic-fleet (~24 t; omits reefer),CARB-NOx x physical aux+boiler CO2/NOx ratio ~50 (~54 t),"Zhang et al. 2024 all-source ceiling, Oct peak (~69 t)",CARB (2021) Emissions Impact of Recent Congestion at the California Ports; IMO Fourth GHG Study 2020
2025-08,2025,261.11492824074077,283.8205741747182,7.568548644659153,14191.02870873591,6266.758277777779,17888.709756927245,0.4,CARB 2021 San Pedro Bay container-at-anchor excess (7.5 tpd / 6.9 ships),CARB 2021 (0.2 tpd / 6.9 ships),Vukic & Lai 2022 generic-fleet (~24 t; omits reefer),CARB-NOx x physical aux+boiler CO2/NOx ratio ~50 (~54 t),"Zhang et al. 2024 all-source ceiling, Oct peak (~69 t)",CARB (2021) Emissions Impact of Recent Congestion at the California Ports; IMO Fourth GHG Study 2020
2025-09,2025,177.2648888888889,192.6792270531401,5.13811272141707,9633.961352657005,4254.357333333333,12144.2315412303,0.4,CARB 2021 San Pedro Bay container-at-anchor excess (7.5 tpd / 6.9 ships),CARB 2021 (0.2 tpd / 6.9 ships),Vukic & Lai 2022 generic-fleet (~24 t; omits reefer),CARB-NOx x physical aux+boiler CO2/NOx ratio ~50 (~54 t),"Zhang et al. 2024 all-source ceiling, Oct peak (~69 t)",CARB (2021) Emissions Impact of Recent Congestion at the California Ports; IMO Fourth GHG Study 2020
2025-10,2025,144.8507824074074,157.44650261674715,4.198573403113258,7872.325130837357,3476.4187777777774,9923.575116934428,0.4,CARB 2021 San Pedro Bay container-at-anchor excess (7.5 tpd / 6.9 ships),CARB 2021 (0.2 tpd / 6.9 ships),Vukic & Lai 2022 generic-fleet (~24 t; omits reefer),CARB-NOx x physical aux+boiler CO2/NOx ratio ~50 (~54 t),"Zhang et al. 2024 all-source ceiling, Oct peak (~69 t)",CARB (2021) Emissions Impact of Recent Congestion at the California Ports; IMO Fourth GHG Study 2020
2025-11,2025,186.44702314814816,202.65980776972626,5.404261540526034,10132.990388486312,4474.728555555555,12773.289924907189,0.4,CARB 2021 San Pedro Bay container-at-anchor excess (7.5 tpd / 6.9 ships),CARB 2021 (0.2 tpd / 6.9 ships),Vukic & Lai 2022 generic-fleet (~24 t; omits reefer),CARB-NOx x physical aux+boiler CO2/NOx ratio ~50 (~54 t),"Zhang et al. 2024 all-source ceiling, Oct peak (~69 t)",CARB (2021) Emissions Impact of Recent Congestion at the California Ports; IMO Fourth GHG Study 2020
2025-12,2025,182.61863425925927,198.49851549919484,5.293293746645197,9924.925774959742,4382.847222222223,12511.011019095886,0.4,CARB 2021 San Pedro Bay container-at-anchor excess (7.5 tpd / 6.9 ships),CARB 2021 (0.2 tpd / 6.9 ships),Vukic & Lai 2022 generic-fleet (~24 t; omits reefer),CARB-NOx x physical aux+boiler CO2/NOx ratio ~50 (~54 t),"Zhang et al. 2024 all-source ceiling, Oct peak (~69 t)",CARB (2021) Emissions Impact of Recent Congestion at the California Ports; IMO Fourth GHG Study 2020
