Port,YearMonth,gap_threshold_h,MeanDwellDays_segmented,MedianDwellDays_segmented,UniqueCalls,UniqueVessels,correlation_with_primary_series
Houston,2009-01,12,0.16429238285246572,0.03263888888888889,1086,512,-0.3903235628342513
Houston,2009-02,12,0.17349868453255018,0.03194444444444444,908,417,-0.3903235628342513
Houston,2009-03,12,0.17053790266106442,0.03194444444444444,952,444,-0.3903235628342513
Houston,2009-04,12,0.18430294867338662,0.03263888888888889,959,440,-0.3903235628342513
Houston,2009-05,12,0.16351773226773228,0.03194444444444444,1001,459,-0.3903235628342513
Houston,2009-06,12,0.2029216716716717,0.03263888888888889,111,92,-0.3903235628342513
Houston,2009-07,12,0.19819327975774517,0.03263888888888889,954,422,-0.3903235628342513
Houston,2009-08,12,0.15918447293447294,0.03194444444444444,975,435,-0.3903235628342513
Houston,2009-09,12,0.1889542304886944,0.03194444444444444,914,416,-0.3903235628342513
Houston,2009-10,12,0.1828952558034708,0.03194444444444444,986,430,-0.3903235628342513
Houston,2009-11,12,0.1622812397775597,0.03194444444444444,1019,448,-0.3903235628342513
Houston,2009-12,12,0.15801226173872618,0.03194444444444444,956,426,-0.3903235628342513
Houston,2010-01,12,0.18017629211132036,0.03194444444444444,1062,436,-0.3903235628342513
Houston,2010-02,12,0.18576471364476116,0.03229166666666666,842,381,-0.3903235628342513
Houston,2010-03,12,0.1764091154261057,0.03263888888888889,1030,451,-0.3903235628342513
Houston,2010-04,12,0.1721664786159467,0.03194444444444444,1034,452,-0.3903235628342513
Houston,2010-05,12,0.2660720855671187,0.03194444444444444,1057,457,-0.3903235628342513
Houston,2010-06,12,0.17178358982754857,0.03194444444444444,1018,450,-0.3903235628342513
Houston,2010-07,12,0.15060622101230087,0.03263888888888889,1102,467,-0.3903235628342513
Houston,2010-08,12,0.17160730912476724,0.03333333333333333,1074,477,-0.3903235628342513
Houston,2010-09,12,0.17423870716510903,0.03263888888888889,1070,475,-0.3903235628342513
Houston,2010-10,12,0.17103047415547415,0.03333333333333333,1092,479,-0.3903235628342513
Houston,2010-11,12,0.18671917510066385,0.03333333333333333,1021,454,-0.3903235628342513
Houston,2010-12,12,0.17621923848753696,0.03263888888888889,1052,473,-0.3903235628342513
Houston,2011-01,12,0.19082065217391303,0.03263888888888889,1150,488,-0.3903235628342513
Houston,2011-02,12,0.223354125083167,0.03263888888888889,835,402,-0.3903235628342513
Houston,2011-03,12,0.1677976509467667,0.03263888888888889,1244,527,-0.3903235628342513
Houston,2011-04,12,0.17104358365489264,0.03125,1123,477,-0.3903235628342513
Houston,2011-05,12,0.1673484078590786,0.03125,1148,502,-0.3903235628342513
Houston,2011-06,12,0.1550705785035756,0.03125,1041,459,-0.3903235628342513
Houston,2011-07,12,0.16481584821428572,0.03125,1120,501,-0.3903235628342513
Houston,2011-08,12,0.20357573375262056,0.03125,1060,471,-0.3903235628342513
Houston,2011-09,12,0.15850232361639205,0.03263888888888889,1052,468,-0.3903235628342513
Houston,2011-10,12,0.16879225956201432,0.03194444444444444,1101,487,-0.3903235628342513
Houston,2011-11,12,0.16447923653029287,0.03194444444444444,994,444,-0.3903235628342513
Houston,2011-12,12,0.19371915103652518,0.03263888888888889,1013,460,-0.3903235628342513
Houston,2012-01,12,0.1820203801685283,0.032442129629629626,945,434,-0.3903235628342513
Houston,2012-02,12,0.19035246101364522,0.03277199074074075,950,448,-0.3903235628342513
Houston,2012-03,12,0.19929258123394122,0.03284143518518519,1182,521,-0.3903235628342513
Houston,2012-04,12,0.17275338768660456,0.032060185185185185,1109,495,-0.3903235628342513
Houston,2012-05,12,0.18311061278292182,0.031828703703703706,1152,511,-0.3903235628342513
Houston,2012-06,12,0.1766280646230034,0.03177083333333333,1062,465,-0.3903235628342513
Houston,2012-07,12,0.18063531105187972,0.03259259259259259,1063,485,-0.3903235628342513
Houston,2012-08,12,0.16612454549298156,0.031967592592592596,1095,493,-0.3903235628342513
Houston,2012-09,12,0.18542838005829904,0.031718750000000004,1080,491,-0.3903235628342513
Houston,2012-10,12,0.1637128287707998,0.03148148148148148,1035,460,-0.3903235628342513
Houston,2012-11,12,0.17078839934432039,0.03148148148148148,1045,477,-0.3903235628342513
Houston,2012-12,12,0.19649374909044603,0.03167824074074074,1018,469,-0.3903235628342513
Houston,2013-01,12,0.18785056200479086,0.03163194444444444,1005,464,-0.3903235628342513
Houston,2013-02,12,0.1751030914134385,0.03148148148148148,958,446,-0.3903235628342513
Houston,2013-03,12,0.1587058872777959,0.03141203703703704,1023,450,-0.3903235628342513
Houston,2013-04,12,0.1685651420742137,0.031238425925925926,1061,461,-0.3903235628342513
Houston,2013-05,12,0.1641821154523901,0.03131944444444444,1156,502,-0.3903235628342513
Houston,2013-06,12,0.19596306136602187,0.03170717592592592,988,459,-0.3903235628342513
Houston,2013-09,12,0.19389813111179258,0.03201388888888889,1087,484,-0.3903235628342513
Houston,2013-10,12,0.18049052877673685,0.03173611111111111,1103,498,-0.3903235628342513
Houston,2013-11,12,0.16177679089079872,0.032893518518518516,1086,491,-0.3903235628342513
Houston,2013-12,12,0.17730374018483774,0.03338541666666667,1066,476,-0.3903235628342513
Houston,2013-12,12,1.510172164351852,0.69453125,8,8,-0.3903235628342513
Houston,2014-01,12,0.17624388925235346,0.03231481481481482,1019,462,-0.3903235628342513
Houston,2014-02,12,0.18511969157014976,0.03179398148148148,873,424,-0.3903235628342513
Houston,2014-03,12,0.20401935621858627,0.03184027777777778,1039,488,-0.3903235628342513
Houston,2014-04,12,0.14886894273127754,0.031712962962962964,1135,504,-0.3903235628342513
Houston,2014-05,12,0.14954591803170844,0.0322511574074074,1126,492,-0.3903235628342513
Houston,2014-06,12,0.13051222321396372,0.031712962962962964,1027,478,-0.3903235628342513
Houston,2014-07,12,0.1472401411200357,0.03229166666666667,1162,502,-0.3903235628342513
Houston,2014-08,12,0.15457764014014014,0.03263888888888889,1110,505,-0.3903235628342513
Houston,2014-09,12,0.16329415367580385,0.032517361111111115,1062,478,-0.3903235628342513
Houston,2014-10,12,0.13972748776773275,0.03232638888888889,1143,492,-0.3903235628342513
Houston,2014-11,12,0.14321981227803146,0.03159722222222222,219,152,-0.3903235628342513
Houston,2014-12,12,0.17908759782177505,0.03253472222222222,1027,472,-0.3903235628342513
Houston,2015-01,12,0.21178153104148534,0.03321759259259259,766,358,-0.3903235628342513
Houston,2015-02,12,0.184007715026034,0.032303240740740743,754,335,-0.3903235628342513
Houston,2015-03,12,0.2638277850737557,0.03344328703703704,698,353,-0.3903235628342513
Houston,2015-04,12,0.15003469459913374,0.03356481481481482,838,388,-0.3903235628342513
Houston,2015-05,12,0.1811362798935007,0.033344907407407406,779,341,-0.3903235628342513
Houston,2015-06,12,0.15020090432487973,0.031238425925925926,793,344,-0.3903235628342513
Houston,2015-07,12,0.18183466756687242,0.03263310185185185,720,330,-0.3903235628342513
Houston,2015-08,12,0.15385666020939992,0.03180555555555555,803,357,-0.3903235628342513
Houston,2015-09,12,0.13660022642177697,0.03246527777777778,732,339,-0.3903235628342513
Houston,2015-10,12,0.18655646417445484,0.031828703703703706,535,277,-0.3903235628342513
Houston,2015-11,12,0.15992700417607997,0.03127314814814815,541,294,-0.3903235628342513
Houston,2015-12,12,0.17669247143708036,0.032511574074074075,684,320,-0.3903235628342513
Houston,2016-01,12,0.17103446934329286,0.033101851851851855,714,306,-0.3903235628342513
Houston,2016-02,12,0.1598077548920803,0.03229166666666667,441,205,-0.3903235628342513
Houston,2016-03,12,0.18168489812371738,0.03263888888888889,379,190,-0.3903235628342513
Houston,2016-04,12,0.1563783393141946,0.03244791666666667,418,210,-0.3903235628342513
Houston,2016-05,12,0.16547151491769546,0.033263888888888885,720,304,-0.3903235628342513
Houston,2016-06,12,0.17941505897107482,0.033101851851851855,694,297,-0.3903235628342513
Houston,2016-07,12,0.16910748542050336,0.03263888888888889,724,306,-0.3903235628342513
Houston,2016-08,12,0.158844593475741,0.03298611111111111,671,285,-0.3903235628342513
Houston,2016-09,12,0.15568199746534245,0.03298611111111111,716,297,-0.3903235628342513
Houston,2016-10,12,0.1594949739289362,0.03298611111111111,689,288,-0.3903235628342513
Houston,2016-11,12,0.1647100864651416,0.03369212962962963,680,296,-0.3903235628342513
Houston,2016-12,12,0.15956953492580528,0.033796296296296297,614,273,-0.3903235628342513
Houston,2017-01,12,0.1868388182904312,0.033796296296296297,682,305,-0.3903235628342513
Houston,2017-02,12,0.17623402586470768,0.03414351851851852,605,268,-0.3903235628342513
Houston,2017-03,12,0.16869961444093937,0.03315972222222222,634,283,-0.3903235628342513
Houston,2017-04,12,0.18284342419791488,0.03333333333333333,643,294,-0.3903235628342513
Houston,2017-05,12,0.14318106785063753,0.033344907407407406,610,261,-0.3903235628342513
Houston,2017-06,12,0.14292648332765281,0.032748842592592586,652,285,-0.3903235628342513
Houston,2017-07,12,0.14812389770723106,0.03239583333333333,609,283,-0.3903235628342513
Houston,2017-08,12,0.13874310856658184,0.032135416666666666,524,228,-0.3903235628342513
Houston,2017-09,12,0.1378953125,0.03218171296296296,600,267,-0.3903235628342513
Houston,2017-10,12,0.15422615373309817,0.031921296296296295,630,283,-0.3903235628342513
Houston,2017-11,12,0.15511113141650423,0.03309606481481482,570,261,-0.3903235628342513
Houston,2017-12,12,0.1890449674211248,0.03366898148148148,540,253,-0.3903235628342513
Houston,2018-01,12,0.17352902030492767,0.03287037037037037,1047,469,-0.3903235628342513
Houston,2018-02,12,0.17902182800066657,0.033449074074074076,889,443,-0.3903235628342513
Houston,2018-03,12,0.14529826476941862,0.03275462962962963,1183,538,-0.3903235628342513
Houston,2018-04,12,0.19389483143171962,0.033101851851851855,1042,485,-0.3903235628342513
Houston,2018-05,12,0.18625233005818612,0.033680555555555554,1063,484,-0.3903235628342513
Houston,2018-06,12,0.17675891953441294,0.03357638888888889,988,462,-0.3903235628342513
Houston,2018-07,12,0.16687345388662417,0.03320601851851852,1063,486,-0.3903235628342513
Houston,2018-08,12,0.1805903795030382,0.03346643518518519,1024,463,-0.3903235628342513
Houston,2018-08,12,0.0,0.0,1,1,-0.3903235628342513
Houston,2018-09,12,0.182421684556106,0.033101851851851855,942,434,-0.3903235628342513
Houston,2018-10,12,0.18792116157162453,0.032650462962962964,945,435,-0.3903235628342513
Houston,2018-11,12,0.17539823199983737,0.034027777777777775,911,422,-0.3903235628342513
Houston,2018-12,12,0.18596370079394772,0.0334375,891,422,-0.3903235628342513
Houston,2019-01,12,0.16352198394578532,0.03321759259259259,1022,450,-0.3903235628342513
Houston,2019-02,12,0.2148055888840411,0.03366319444444445,764,364,-0.3903235628342513
Houston,2019-03,12,0.19155460239651417,0.034027777777777775,850,415,-0.3903235628342513
Houston,2019-04,12,0.18198767629707766,0.03391203703703704,948,458,-0.3903235628342513
Houston,2019-05,12,0.16056590388420286,0.032997685185185185,1067,449,-0.3903235628342513
Houston,2019-06,12,0.1501731210037399,0.03321759259259259,921,412,-0.3903235628342513
Houston,2019-07,12,0.16881142604202948,0.033101851851851855,957,417,-0.3903235628342513
Houston,2019-08,12,0.15692727811959625,0.03297453703703704,921,426,-0.3903235628342513
Houston,2019-09,12,0.19534804232804234,0.032824074074074075,875,408,-0.3903235628342513
Houston,2019-10,12,0.1686784039648623,0.03287037037037037,936,415,-0.3903235628342513
Houston,2019-11,12,0.19164116109975005,0.03275462962962963,815,398,-0.3903235628342513
Houston,2019-12,12,0.19321031278628453,0.03357638888888889,849,407,-0.3903235628342513
Houston,2020-01,12,0.2327410702709711,0.033414351851851855,857,413,-0.3903235628342513
Houston,2020-02,12,0.21445827828767441,0.034027777777777775,799,389,-0.3903235628342513
Houston,2020-03,12,0.18865482804232803,0.033275462962962965,875,412,-0.3903235628342513
Houston,2020-04,12,0.165979161115552,0.03332754629629629,834,394,-0.3903235628342513
Houston,2020-05,12,0.21017981208768377,0.03320601851851852,713,348,-0.3903235628342513
Houston,2020-06,12,0.20149473190129677,0.03378472222222222,794,375,-0.3903235628342513
Houston,2020-09,12,0.20216692069689912,0.03356481481481482,811,372,-0.3903235628342513
Houston,2020-10,12,0.2023120516984707,0.03298611111111111,821,381,-0.3903235628342513
Houston,2020-11,12,0.20471011792224159,0.03241898148148148,764,363,-0.3903235628342513
Houston,2020-12,12,0.18752543189162316,0.03241898148148148,745,356,-0.3903235628342513
Houston,2021-01,12,0.20638727390180878,0.033101851851851855,688,342,-0.3903235628342513
Houston,2021-02,12,0.23183061770428015,0.03276041666666667,514,270,-0.3903235628342513
Houston,2021-03,12,0.17954168844583832,0.032407407407407406,744,348,-0.3903235628342513
Houston,2021-04,12,0.18839232220666044,0.03276620370370371,952,455,-0.3903235628342513
Houston,2021-05,12,0.19048783036677455,0.03320601851851852,1030,473,-0.3903235628342513
Houston,2021-06,12,0.18400609340958607,0.03288194444444444,1020,471,-0.3903235628342513
Houston,2021-07,12,0.2184822783849423,0.03277777777777778,1037,485,-0.3903235628342513
Houston,2021-08,12,0.19351263550135503,0.03275462962962963,1025,484,-0.3903235628342513
Houston,2021-09,12,0.18842881654221924,0.03228009259259259,997,473,-0.3903235628342513
Houston,2021-10,12,0.20239149980980045,0.03287037037037037,1071,488,-0.3903235628342513
Houston,2021-11,12,0.1702553876579414,0.032650462962962964,1023,479,-0.3903235628342513
Houston,2021-12,12,0.205597303647869,0.03252314814814815,995,489,-0.3903235628342513
Houston,2022-01,12,0.2110210782756064,0.03228009259259259,1049,502,-0.3903235628342513
Houston,2022-02,12,0.20738463504088506,0.032517361111111115,924,459,-0.3903235628342513
Houston,2022-03,12,0.20821380256648114,0.03310763888888889,1078,533,-0.3903235628342513
Houston,2022-04,12,0.19373140453472862,0.03298611111111111,1083,524,-0.3903235628342513
Houston,2022-05,12,0.1980560146747301,0.032517361111111115,1084,521,-0.3903235628342513
Houston,2022-06,12,0.20463509425383836,0.032303240740740743,1059,517,-0.3903235628342513
Houston,2022-07,12,0.22004709972799763,0.03266782407407408,994,494,-0.3903235628342513
Houston,2022-08,12,0.1985931402752105,0.031956018518518516,1082,509,-0.3903235628342513
Houston,2022-09,12,0.21095994227528592,0.032650462962962964,1033,491,-0.3903235628342513
Houston,2022-10,12,0.20604391600770477,0.03310763888888889,1096,522,-0.3903235628342513
Houston,2022-11,12,0.2322905362900055,0.03321759259259259,942,465,-0.3903235628342513
Houston,2022-12,12,0.19779335869138184,0.032650462962962964,1037,503,-0.3903235628342513
Houston,2023-01,12,0.21366212319077157,0.032546296296296295,1021,495,-0.3903235628342513
Houston,2023-02,12,0.19719483473298882,0.03242476851851851,860,433,-0.3903235628342513
Houston,2024-01,12,0.20639743249039574,0.03287037037037037,993,507,-0.3903235628342513
Houston,2024-02,12,0.1851641883519207,0.03276620370370371,1076,506,-0.3903235628342513
Houston,2024-03,12,0.18709198975388736,0.03241898148148148,1079,512,-0.3903235628342513
Houston,2024-04,12,0.1848255254782639,0.03273148148148148,1059,514,-0.3903235628342513
Houston,2024-05,12,0.2169861600006802,0.032581018518518516,1089,520,-0.3903235628342513
Houston,2024-06,12,0.18710027915846883,0.03262731481481482,1073,509,-0.3903235628342513
Houston,2024-07,12,0.19983504378762998,0.03298611111111111,1015,464,-0.3903235628342513
Houston,2024-08,12,0.28166849522735443,0.032997685185185185,1133,516,-0.3903235628342513
Houston,2024-09,12,0.19141116394440863,0.03321759259259259,1034,499,-0.3903235628342513
Houston,2024-10,12,0.19122696995464852,0.032997685185185185,1078,518,-0.3903235628342513
Houston,2024-11,12,0.167713887231009,0.03287037037037037,1117,551,-0.3903235628342513
Houston,2024-12,12,0.18154550318078871,0.03275462962962963,1112,524,-0.3903235628342513
Houston,2025-01,12,0.338312847765606,0.033414351851851855,1065,519,-0.3903235628342513
Houston,2025-02,12,0.18843554381846636,0.03325810185185185,994,471,-0.3903235628342513
Houston,2025-03,12,0.20433917875590726,0.03321759259259259,1011,506,-0.3903235628342513
Houston,2025-04,12,0.18683406012636958,0.03355324074074074,1102,510,-0.3903235628342513
Houston,2025-05,12,0.19457392192662146,0.03321759259259259,1065,500,-0.3903235628342513
Houston,2025-06,12,0.1833737053506075,0.03275462962962963,1012,499,-0.3903235628342513
Houston,2025-07,12,0.19507942209450832,0.032858796296296296,1073,500,-0.3903235628342513
Houston,2025-08,12,0.18515651106934,0.03277199074074075,1064,512,-0.3903235628342513
Houston,2025-09,12,0.19427738196890454,0.03293981481481482,1041,487,-0.3903235628342513
Houston,2025-10,12,0.2181546852552647,0.033101851851851855,1057,496,-0.3903235628342513
Houston,2025-11,12,0.18905437352245863,0.03264467592592593,1034,492,-0.3903235628342513
Houston,2025-12,12,0.1909367751822399,0.03309027777777778,1006,490,-0.3903235628342513
Houston,2009-01,24,0.2238559299045139,0.03263888888888889,1024,512,-0.33025825465357395
Houston,2009-02,24,0.2743106244931062,0.03263888888888889,822,417,-0.33025825465357395
Houston,2009-03,24,0.26968902360790353,0.03263888888888889,866,444,-0.33025825465357395
Houston,2009-04,24,0.28734924300744163,0.03333333333333333,866,440,-0.33025825465357395
Houston,2009-05,24,0.2642107608161258,0.03333333333333333,904,458,-0.33025825465357395
Houston,2009-06,24,0.24325864779874212,0.03263888888888889,106,91,-0.33025825465357395
Houston,2009-07,24,0.3044194828469022,0.034027777777777775,868,422,-0.33025825465357395
Houston,2009-08,24,0.2492094986142605,0.03263888888888889,882,431,-0.33025825465357395
Houston,2009-09,24,0.28163294125465177,0.03263888888888889,836,415,-0.33025825465357395
Houston,2009-10,24,0.2684817267598725,0.03263888888888889,906,428,-0.33025825465357395
Houston,2009-11,24,0.2688528806584362,0.03333333333333333,918,447,-0.33025825465357395
Houston,2009-12,24,0.21506457792609074,0.03263888888888889,899,424,-0.33025825465357395
Houston,2010-01,24,0.24669158826164875,0.03263888888888889,992,436,-0.33025825465357395
Houston,2010-02,24,0.27946144386574073,0.03333333333333333,768,381,-0.33025825465357395
Houston,2010-03,24,0.27193336288416076,0.034027777777777775,940,451,-0.33025825465357395
Houston,2010-04,24,0.2676315011820331,0.03263888888888889,940,452,-0.33025825465357395
Houston,2010-05,24,0.3626718213058419,0.03263888888888889,970,456,-0.33025825465357395
Houston,2010-06,24,0.25950268817204303,0.03263888888888889,930,449,-0.33025825465357395
Houston,2010-07,24,0.2645466350496838,0.03333333333333333,984,467,-0.33025825465357395
Houston,2010-08,24,0.26602121676891616,0.034027777777777775,978,476,-0.33025825465357395
Houston,2010-09,24,0.267799255441008,0.03333333333333333,970,475,-0.33025825465357395
Houston,2010-10,24,0.2590374902874903,0.034027777777777775,1001,478,-0.33025825465357395
Houston,2010-11,24,0.28361901778255166,0.034027777777777775,931,454,-0.33025825465357395
Houston,2010-12,24,0.27670501112281937,0.03333333333333333,949,473,-0.33025825465357395
Houston,2011-01,24,0.27694155639571516,0.03333333333333333,1058,488,-0.33025825465357395
Houston,2011-02,24,0.29006669504753796,0.03333333333333333,783,402,-0.33025825465357395
Houston,2011-03,24,0.24688072178857087,0.03333333333333333,1153,526,-0.33025825465357395
Houston,2011-04,24,0.2669312493198389,0.03263888888888889,1021,477,-0.33025825465357395
Houston,2011-05,24,0.26351629273504273,0.03194444444444444,1040,499,-0.33025825465357395
Houston,2011-06,24,0.25304881622128456,0.03194444444444444,948,459,-0.33025825465357395
Houston,2011-07,24,0.2615337867365891,0.03194444444444444,1017,499,-0.33025825465357395
Houston,2011-08,24,0.3051221587631245,0.03263888888888889,963,470,-0.33025825465357395
Houston,2011-09,24,0.24442344456030587,0.03333333333333333,959,465,-0.33025825465357395
Houston,2011-10,24,0.2532236193293886,0.03263888888888889,1014,486,-0.33025825465357395
Houston,2011-11,24,0.24795613236187006,0.03263888888888889,915,443,-0.33025825465357395
Houston,2011-12,24,0.2585854564755839,0.03333333333333333,942,457,-0.33025825465357395
Houston,2012-01,24,0.2582961093203556,0.033136574074074075,879,434,-0.33025825465357395
Houston,2012-02,24,0.2539019145825557,0.03335648148148148,893,448,-0.33025825465357395
Houston,2012-03,24,0.2623314544926092,0.0334375,1115,521,-0.33025825465357395
Houston,2012-04,24,0.26490957110671504,0.03297453703703704,1011,492,-0.33025825465357395
Houston,2012-05,24,0.27778527662920555,0.032575231481481476,1048,509,-0.33025825465357395
Houston,2012-06,24,0.28499744689542483,0.032754629629629634,952,462,-0.33025825465357395
Houston,2012-07,24,0.2722057560137457,0.033223379629629624,970,483,-0.33025825465357395
Houston,2012-08,24,0.24268656495165117,0.032615740740740744,1015,492,-0.33025825465357395
Houston,2012-09,24,0.25597621844481294,0.03245370370370371,1005,489,-0.33025825465357395
Houston,2012-10,24,0.25514526319395503,0.03239583333333333,946,459,-0.33025825465357395
Houston,2012-11,24,0.2528372105880543,0.03207175925925926,963,476,-0.33025825465357395
Houston,2012-12,24,0.2745247510899022,0.0321875,943,469,-0.33025825465357395
Houston,2013-01,24,0.26385159739515396,0.03215277777777778,937,464,-0.33025825465357395
Houston,2013-02,24,0.2453480024968789,0.03210648148148148,890,445,-0.33025825465357395
Houston,2013-03,24,0.24618050614648798,0.032164351851851854,937,449,-0.33025825465357395
Houston,2013-04,24,0.2453882211084683,0.032060185185185185,981,461,-0.33025825465357395
Houston,2013-05,24,0.2521335131078298,0.03208333333333333,1061,502,-0.33025825465357395
Houston,2013-06,24,0.2667453174747108,0.032268518518518516,919,459,-0.33025825465357395
Houston,2013-09,24,0.28460789493196903,0.03297453703703704,999,484,-0.33025825465357395
Houston,2013-10,24,0.2578112177741467,0.03237847222222222,1020,497,-0.33025825465357395
Houston,2013-11,24,0.23697879813893494,0.03361111111111111,1005,490,-0.33025825465357395
Houston,2013-12,24,0.2376798832889776,0.03386574074074074,1002,475,-0.33025825465357395
Houston,2013-12,24,1.510172164351852,0.69453125,8,8,-0.33025825465357395
Houston,2014-01,24,0.24114476793739345,0.03315393518518518,956,462,-0.33025825465357395
Houston,2014-02,24,0.2591142194136183,0.03262731481481482,811,422,-0.33025825465357395
Houston,2014-03,24,0.2673058653009496,0.03225694444444444,979,487,-0.33025825465357395
Houston,2014-04,24,0.22256625499789565,0.03229166666666667,1056,504,-0.33025825465357395
Houston,2014-05,24,0.2103211832930376,0.03287037037037037,1057,492,-0.33025825465357395
Houston,2014-06,24,0.20074887289121582,0.032372685185185185,955,477,-0.33025825465357395
Houston,2014-07,24,0.22601754772013394,0.03297453703703704,1073,502,-0.33025825465357395
Houston,2014-08,24,0.23185792090823767,0.03321759259259259,1026,504,-0.33025825465357395
Houston,2014-09,24,0.235570838967771,0.03306712962962963,986,478,-0.33025825465357395
Houston,2014-10,24,0.22093655112452776,0.03300925925925926,1049,492,-0.33025825465357395
Houston,2014-11,24,0.2176744093231162,0.03241898148148148,203,152,-0.33025825465357395
Houston,2014-12,24,0.24464060338865837,0.03298611111111111,964,472,-0.33025825465357395
Houston,2015-01,24,0.2719677368677542,0.033796296296296297,722,358,-0.33025825465357395
Houston,2015-02,24,0.26748228967113663,0.03288773148148148,696,335,-0.33025825465357395
Houston,2015-03,24,0.33070612341949196,0.03401041666666667,662,353,-0.33025825465357395
Houston,2015-04,24,0.23189597800925923,0.03460648148148148,768,383,-0.33025825465357395
Houston,2015-05,24,0.2538999194290976,0.034033564814814815,724,340,-0.33025825465357395
Houston,2015-06,24,0.23112327021351953,0.03228587962962963,732,344,-0.33025825465357395
Houston,2015-07,24,0.26416034718730796,0.03346064814814815,663,329,-0.33025825465357395
Houston,2015-08,24,0.24249658289241624,0.03241898148148148,735,357,-0.33025825465357395
Houston,2015-09,24,0.2290553681492587,0.03335648148148148,667,339,-0.33025825465357395
Houston,2015-10,24,0.2683619156504065,0.03242476851851851,492,277,-0.33025825465357395
Houston,2015-11,24,0.230487532086542,0.03179398148148148,505,293,-0.33025825465357395
Houston,2015-12,24,0.22563741096866097,0.032928240740740744,650,320,-0.33025825465357395
Houston,2016-01,24,0.2532820494105216,0.03360532407407407,666,306,-0.33025825465357395
Houston,2016-02,24,0.24284690152999347,0.03321759259259259,397,202,-0.33025825465357395
Houston,2016-03,24,0.2369821410097248,0.03276620370370371,358,190,-0.33025825465357395
Houston,2016-04,24,0.271924483808675,0.03350694444444444,374,210,-0.33025825465357395
Houston,2016-05,24,0.26524552940344925,0.03425925925925926,655,304,-0.33025825465357395
Houston,2016-06,24,0.3044659711039542,0.03403935185185185,621,297,-0.33025825465357395
Houston,2016-07,24,0.27402740211231325,0.033622685185185186,647,302,-0.33025825465357395
Houston,2016-08,24,0.27136132049134565,0.03369212962962963,597,285,-0.33025825465357395
Houston,2016-09,24,0.25350346687211095,0.03380787037037037,649,297,-0.33025825465357395
Houston,2016-10,24,0.2557272099651486,0.033796296296296297,627,287,-0.33025825465357395
Houston,2016-11,24,0.2556145237882577,0.03425925925925926,622,296,-0.33025825465357395
Houston,2016-12,24,0.2092872083572385,0.03425925925925926,581,272,-0.33025825465357395
Houston,2017-01,24,0.2571035561660561,0.034386574074074076,637,305,-0.33025825465357395
Houston,2017-02,24,0.2534522100085826,0.03494212962962963,561,268,-0.33025825465357395
Houston,2017-03,24,0.23604463337705328,0.03365740740740741,593,282,-0.33025825465357395
Houston,2017-04,24,0.2637672537630379,0.03392361111111111,593,293,-0.33025825465357395
Houston,2017-05,24,0.2161307829472582,0.034207175925925926,566,260,-0.33025825465357395
Houston,2017-06,24,0.221209941803329,0.033344907407407406,603,285,-0.33025825465357395
Houston,2017-07,24,0.20875730244743865,0.032858796296296296,569,283,-0.33025825465357395
Houston,2017-08,24,0.2234445021945022,0.033101851851851855,481,228,-0.33025825465357395
Houston,2017-09,24,0.22674831535255763,0.03275462962962963,551,267,-0.33025825465357395
Houston,2017-10,24,0.22830663925543443,0.03283564814814815,581,283,-0.33025825465357395
Houston,2017-11,24,0.2173131121111801,0.03391203703703704,537,261,-0.33025825465357395
Houston,2017-12,24,0.24164083005249343,0.03423611111111111,508,253,-0.33025825465357395
Houston,2018-01,24,0.23973333569538927,0.03321759259259259,980,469,-0.33025825465357395
Houston,2018-02,24,0.2360134857161664,0.03392361111111111,844,442,-0.33025825465357395
Houston,2018-03,24,0.2330941856293563,0.03325231481481482,1084,534,-0.33025825465357395
Houston,2018-04,24,0.2542485727675528,0.03357638888888889,978,484,-0.33025825465357395
Houston,2018-05,24,0.2753887723154809,0.03436342592592593,973,483,-0.33025825465357395
Houston,2018-06,24,0.2529677897056445,0.034386574074074076,916,460,-0.33025825465357395
Houston,2018-07,24,0.242647097452062,0.03369212962962963,987,485,-0.33025825465357395
Houston,2018-08,24,0.2511177370253657,0.03409722222222222,952,462,-0.33025825465357395
Houston,2018-08,24,0.0,0.0,1,1,-0.33025825465357395
Houston,2018-09,24,0.2460125545279141,0.03369212962962963,883,433,-0.33025825465357395
Houston,2018-10,24,0.2691457804232804,0.033344907407407406,875,435,-0.33025825465357395
Houston,2018-11,24,0.22839574730072698,0.034513888888888886,861,421,-0.33025825465357395
Houston,2018-12,24,0.24366563145292386,0.033796296296296297,843,422,-0.33025825465357395
Houston,2019-01,24,0.23810928709563997,0.03380208333333333,948,450,-0.33025825465357395
Houston,2019-02,24,0.2591952931043218,0.03403935185185185,731,364,-0.33025825465357395
Houston,2019-03,24,0.23032651592140924,0.03443287037037037,820,415,-0.33025825465357395
Houston,2019-04,24,0.2350947971781305,0.034479166666666665,903,458,-0.33025825465357395
Houston,2019-05,24,0.2923240211784145,0.03474537037037037,919,448,-0.33025825465357395
Houston,2019-06,24,0.21607333387166236,0.03366898148148148,860,412,-0.33025825465357395
Houston,2019-07,24,0.22996855731144597,0.03355324074074074,907,417,-0.33025825465357395
Houston,2019-08,24,0.20749442630995052,0.03344328703703704,868,426,-0.33025825465357395
Houston,2019-09,24,0.26145730295844627,0.0334375,820,408,-0.33025825465357395
Houston,2019-10,24,0.23728221627590892,0.033275462962962965,872,415,-0.33025825465357395
Houston,2019-11,24,0.25245289621016365,0.033101851851851855,774,398,-0.33025825465357395
Houston,2019-12,24,0.251176202539017,0.034027777777777775,795,406,-0.33025825465357395
Houston,2020-01,24,0.3003651276585992,0.03369212962962963,808,413,-0.33025825465357395
Houston,2020-02,24,0.2709433253617856,0.03471064814814815,755,389,-0.33025825465357395
Houston,2020-03,24,0.23398503954013822,0.03361689814814815,836,412,-0.33025825465357395
Houston,2020-04,24,0.23745325567502984,0.0340162037037037,775,392,-0.33025825465357395
Houston,2020-05,24,0.2718236572696208,0.03379050925925926,672,347,-0.33025825465357395
Houston,2020-06,24,0.2609696502057613,0.034270833333333334,747,375,-0.33025825465357395
Houston,2020-09,24,0.2688717173923596,0.034131944444444444,763,372,-0.33025825465357395
Houston,2020-10,24,0.2779032267851075,0.033680555555555554,763,379,-0.33025825465357395
Houston,2020-11,24,0.28064725533738505,0.03287037037037037,713,363,-0.33025825465357395
Houston,2020-12,24,0.2393339243498818,0.03287037037037037,705,353,-0.33025825465357395
Houston,2021-01,24,0.26563751347059156,0.03357638888888889,653,342,-0.33025825465357395
Houston,2021-02,24,0.30986710526315786,0.03321759259259259,475,270,-0.33025825465357395
Houston,2021-03,24,0.23889536839189615,0.0328761574074074,702,348,-0.33025825465357395
Houston,2021-04,24,0.25186856568639515,0.03332175925925926,903,455,-0.33025825465357395
Houston,2021-05,24,0.25179858945483946,0.03380208333333333,962,471,-0.33025825465357395
Houston,2021-06,24,0.24813702108946106,0.03357638888888889,958,471,-0.33025825465357395
Houston,2021-07,24,0.28973979899930985,0.03355902777777778,966,484,-0.33025825465357395
Houston,2021-08,24,0.26239757306889355,0.0334375,958,483,-0.33025825465357395
Houston,2021-09,24,0.2587988448303298,0.03284722222222222,931,472,-0.33025825465357395
Houston,2021-10,24,0.2799883098369182,0.0334375,997,488,-0.33025825465357395
Houston,2021-11,24,0.22148885441801677,0.03320601851851852,967,478,-0.33025825465357395
Houston,2021-12,24,0.26861305873129293,0.03298611111111111,933,489,-0.33025825465357395
Houston,2022-01,24,0.2707489945753835,0.032864583333333336,990,502,-0.33025825465357395
Houston,2022-02,24,0.26433888570701286,0.033101851851851855,873,459,-0.33025825465357395
Houston,2022-03,24,0.27365573266527177,0.033680555555555554,1009,533,-0.33025825465357395
Houston,2022-04,24,0.268762872852992,0.03356481481481482,1007,524,-0.33025825465357395
Houston,2022-05,24,0.2887367874274877,0.03355324074074074,996,520,-0.33025825465357395
Houston,2022-06,24,0.2653937046342825,0.03287037037037037,995,516,-0.33025825465357395
Houston,2022-07,24,0.2834653149138443,0.033101851851851855,935,493,-0.33025825465357395
Houston,2022-08,24,0.2702544112508735,0.03252314814814815,1007,509,-0.33025825465357395
Houston,2022-09,24,0.27526804313343267,0.03309027777777778,969,491,-0.33025825465357395
Houston,2022-10,24,0.27849805781391146,0.033796296296296297,1025,522,-0.33025825465357395
Houston,2022-11,24,0.28026244890375324,0.03364583333333333,897,463,-0.33025825465357395
Houston,2022-12,24,0.24498313090418353,0.03310763888888889,988,503,-0.33025825465357395
Houston,2023-01,24,0.2685328250286369,0.033101851851851855,970,495,-0.33025825465357395
Houston,2023-02,24,0.24277684506851174,0.032858796296296296,819,432,-0.33025825465357395
Houston,2024-01,24,0.24442032876659314,0.03333333333333333,957,507,-0.33025825465357395
Houston,2024-02,24,0.23611720392114227,0.03333333333333333,1022,506,-0.33025825465357395
Houston,2024-03,24,0.2437908935546875,0.03298611111111111,1024,511,-0.33025825465357395
Houston,2024-04,24,0.24619047452538137,0.03320601851851852,993,513,-0.33025825465357395
Houston,2024-05,24,0.27127656216419516,0.03298611111111111,1034,520,-0.33025825465357395
Houston,2024-06,24,0.24451640100209227,0.03298611111111111,1009,508,-0.33025825465357395
Houston,2024-07,24,0.25524732665357663,0.03357638888888889,962,464,-0.33025825465357395
Houston,2024-08,24,0.3543216391509434,0.03357638888888889,1060,516,-0.33025825465357395
Houston,2024-09,24,0.24186549819147735,0.03355324074074074,983,498,-0.33025825465357395
Houston,2024-10,24,0.26454752205909615,0.03357638888888889,999,518,-0.33025825465357395
Houston,2024-11,24,0.21976977538208653,0.0334375,1059,551,-0.33025825465357395
Houston,2024-12,24,0.2433557615629984,0.03332175925925926,1045,524,-0.33025825465357395
Houston,2025-01,24,0.3982627806113122,0.03380787037037037,1013,519,-0.33025825465357395
Houston,2025-02,24,0.26169753503503507,0.03423611111111111,925,470,-0.33025825465357395
Houston,2025-03,24,0.26248374291482257,0.033680555555555554,954,505,-0.33025825465357395
Houston,2025-04,24,0.26270135717909693,0.033929398148148146,1022,510,-0.33025825465357395
Houston,2025-05,24,0.27003433641975305,0.03378472222222222,990,500,-0.33025825465357395
Houston,2025-06,24,0.24069683698651434,0.033101851851851855,953,498,-0.33025825465357395
Houston,2025-07,24,0.27025461805555556,0.03344328703703704,1000,499,-0.33025825465357395
Houston,2025-08,24,0.2482174881124856,0.03333333333333333,997,511,-0.33025825465357395
Houston,2025-09,24,0.24682605619283252,0.03349537037037037,988,486,-0.33025825465357395
Houston,2025-10,24,0.27540024493431303,0.03369212962962963,998,495,-0.33025825465357395
Houston,2025-11,24,0.257886638908099,0.03335648148148148,964,491,-0.33025825465357395
Houston,2025-12,24,0.23023158931446977,0.03357638888888889,966,490,-0.33025825465357395
Houston,2009-01,48,0.6485778443113772,0.035416666666666666,835,512,0.07482718322414769
Houston,2009-02,48,0.7707018927444795,0.04236111111111111,634,407,0.07482718322414769
Houston,2009-03,48,0.7235022577003709,0.0375,689,438,0.07482718322414769
Houston,2009-04,48,0.7666777697028424,0.04027777777777778,688,434,0.07482718322414769
Houston,2009-05,48,0.7629626298960831,0.03888888888888889,695,449,0.07482718322414769
Houston,2009-06,48,0.4435743933588761,0.03333333333333333,87,81,0.07482718322414769
Houston,2009-07,48,0.7373650512214343,0.04027777777777778,705,422,0.07482718322414769
Houston,2009-08,48,0.7090109607470719,0.03888888888888889,702,425,0.07482718322414769
Houston,2009-09,48,0.7967111545138889,0.04652777777777778,640,406,0.07482718322414769
Houston,2009-10,48,0.7967727022348128,0.041666666666666664,706,423,0.07482718322414769
Houston,2009-11,48,0.7872198547979798,0.04201388888888889,704,437,0.07482718322414769
Houston,2009-12,48,0.5936667814508724,0.035416666666666666,726,416,0.07482718322414769
Houston,2010-01,48,0.6811244458298698,0.03611111111111111,802,436,0.07482718322414769
Houston,2010-02,48,0.7284928153029471,0.03888888888888889,607,374,0.07482718322414769
Houston,2010-03,48,0.8159393834028744,0.041666666666666664,719,443,0.07482718322414769
Houston,2010-04,48,0.7643657281259462,0.040625,734,447,0.07482718322414769
Houston,2010-05,48,0.9130396021021021,0.04027777777777778,740,445,0.07482718322414769
Houston,2010-06,48,0.8489357211770382,0.2638888888888889,691,443,0.07482718322414769
Houston,2010-07,48,0.778742784992785,0.03888888888888889,770,465,0.07482718322414769
Houston,2010-08,48,0.7448865286855483,0.03888888888888889,765,468,0.07482718322414769
Houston,2010-09,48,0.8273577051165607,0.04652777777777778,734,468,0.07482718322414769
Houston,2010-10,48,0.7732859561896527,0.03958333333333333,771,470,0.07482718322414769
Houston,2010-11,48,0.8398683084344849,0.041666666666666664,714,447,0.07482718322414769
Houston,2010-12,48,0.7484956857402362,0.03888888888888889,734,467,0.07482718322414769
Houston,2011-01,48,0.7899856902356903,0.03819444444444445,825,488,0.07482718322414769
Houston,2011-02,48,0.7838382825040129,0.0375,623,396,0.07482718322414769
Houston,2011-03,48,0.7933868501529052,0.03819444444444445,872,517,0.07482718322414769
Houston,2011-04,48,0.7391192201518288,0.0375,805,468,0.07482718322414769
Houston,2011-05,48,0.7188346883468835,0.035416666666666666,820,494,0.07482718322414769
Houston,2011-06,48,0.7754340277777778,0.04027777777777777,736,448,0.07482718322414769
Houston,2011-07,48,0.75437790452049,0.03958333333333333,789,486,0.07482718322414769
Houston,2011-08,48,0.7882185506601395,0.03680555555555556,749,460,0.07482718322414769
Houston,2011-09,48,0.6868337702053299,0.0375,763,457,0.07482718322414769
Houston,2011-10,48,0.7878046594982079,0.03819444444444445,775,475,0.07482718322414769
Houston,2011-11,48,0.6670219417917235,0.03680555555555556,733,436,0.07482718322414769
Houston,2011-12,48,0.719918355855856,0.03680555555555556,740,453,0.07482718322414769
Houston,2012-01,48,0.7361193711697309,0.038125,695,434,0.07482718322414769
Houston,2012-02,48,0.6277211599441908,0.03543981481481481,730,443,0.07482718322414769
Houston,2012-03,48,0.7449940762613007,0.03684027777777778,889,521,0.07482718322414769
Houston,2012-04,48,0.7021942708333333,0.036556712962962964,800,484,0.07482718322414769
Houston,2012-05,48,0.7373193970896288,0.03554398148148148,831,504,0.07482718322414769
Houston,2012-06,48,0.7918879246444545,0.03951388888888889,737,457,0.07482718322414769
Houston,2012-07,48,0.7008471837897923,0.03644675925925926,783,479,0.07482718322414769
Houston,2012-08,48,0.6992287799020966,0.03714699074074074,802,484,0.07482718322414769
Houston,2012-09,48,0.7304329463617657,0.036093749999999994,792,480,0.07482718322414769
Houston,2012-10,48,0.7031140655458089,0.03465277777777778,760,451,0.07482718322414769
Houston,2012-11,48,0.6907088661081716,0.036556712962962964,756,467,0.07482718322414769
Houston,2012-12,48,0.7235445952345346,0.03539351851851852,743,464,0.07482718322414769
Houston,2013-01,48,0.6039516819034224,0.033964120370370374,790,464,0.07482718322414769
Houston,2013-02,48,0.6640679152441548,0.03508680555555556,716,438,0.07482718322414769
Houston,2013-03,48,0.6997820993876941,0.03574074074074074,744,444,0.07482718322414769
Houston,2013-04,48,0.7445243845387383,0.03643518518518518,762,454,0.07482718322414769
Houston,2013-05,48,0.7125920683794642,0.03530092592592592,839,494,0.07482718322414769
Houston,2013-06,48,0.6226725953014185,0.03461226851851852,752,453,0.07482718322414769
Houston,2013-09,48,0.7534795664719788,0.0359375,799,484,0.07482718322414769
Houston,2013-10,48,0.7360774794109436,0.036209490740740743,796,490,0.07482718322414769
Houston,2013-11,48,0.638602237654321,0.03666666666666667,810,484,0.07482718322414769
Houston,2013-12,48,0.6217069347993827,0.03638888888888889,816,473,0.07482718322414769
Houston,2013-12,48,1.6896122685185184,0.91953125,8,8,0.07482718322414769
Houston,2014-01,48,0.6268597392601993,0.03588541666666667,788,462,0.07482718322414769
Houston,2014-02,48,0.5615956137907249,0.03443865740740741,698,418,0.07482718322414769
Houston,2014-03,48,0.6323754652323893,0.03449652777777777,816,479,0.07482718322414769
Houston,2014-04,48,0.6694376731224589,0.0358912037037037,829,494,0.07482718322414769
Houston,2014-05,48,0.6749124219030923,0.036278935185185185,824,484,0.07482718322414769
Houston,2014-06,48,0.6062153530318355,0.035381944444444445,769,469,0.07482718322414769
Houston,2014-07,48,0.6645962952183848,0.03576388888888889,859,496,0.07482718322414769
Houston,2014-08,48,0.5910608523965142,0.03563078703703704,850,498,0.07482718322414769
Houston,2014-09,48,0.6918546787676423,0.036001157407407405,782,469,0.07482718322414769
Houston,2014-10,48,0.6690126435241032,0.03644675925925926,829,483,0.07482718322414769
Houston,2014-11,48,0.5012748628257888,0.03454861111111111,162,141,0.07482718322414769
Houston,2014-12,48,0.5698628742378743,0.034722222222222224,814,472,0.07482718322414769
Houston,2015-01,48,0.6465468951538603,0.03585648148148148,603,358,0.07482718322414769
Houston,2015-02,48,0.6930273752012882,0.03638888888888889,552,333,0.07482718322414769
Houston,2015-03,48,0.7018578958621143,0.03608796296296296,563,352,0.07482718322414769
Houston,2015-04,48,0.6253480865199615,0.037523148148148146,616,374,0.07482718322414769
Houston,2015-05,48,0.7153018904320988,0.038072916666666665,576,337,0.07482718322414769
Houston,2015-06,48,0.6965485667505484,0.03599537037037037,574,339,0.07482718322414769
Houston,2015-07,48,0.663522126022126,0.03693287037037037,539,325,0.07482718322414769
Houston,2015-08,48,0.6728763818624696,0.03584490740740741,593,352,0.07482718322414769
Houston,2015-09,48,0.632501997776388,0.0369212962962963,533,330,0.07482718322414769
Houston,2015-10,48,0.6187252954360228,0.034479166666666665,409,274,0.07482718322414769
Houston,2015-11,48,0.5377472741433021,0.034380787037037036,428,291,0.07482718322414769
Houston,2015-12,48,0.6246620018975332,0.03542824074074074,527,319,0.07482718322414769
Houston,2016-01,48,0.6790979995854063,0.03646990740740741,536,306,0.07482718322414769
Houston,2016-02,48,0.6269159022062185,0.03634259259259259,324,202,0.07482718322414769
Houston,2016-03,48,0.7422910816954138,0.0362037037037037,277,190,0.07482718322414769
Houston,2016-04,48,0.6843472145572725,0.037459490740740745,302,210,0.07482718322414769
Houston,2016-05,48,0.7560548620118173,0.038431712962962966,514,304,0.07482718322414769
Houston,2016-06,48,0.7296596900720165,0.04012152777777778,504,296,0.07482718322414769
Houston,2016-07,48,0.841581766741489,0.042256944444444444,495,298,0.07482718322414769
Houston,2016-08,48,0.7796860251179906,0.043287037037037034,463,279,0.07482718322414769
Houston,2016-09,48,0.80711831591305,0.043055555555555555,489,296,0.07482718322414769
Houston,2016-10,48,0.8500565320406058,0.5192361111111111,467,285,0.07482718322414769
Houston,2016-11,48,0.8079057030395373,0.039809027777777777,474,294,0.07482718322414769
Houston,2016-12,48,0.6768797839506173,0.03831018518518518,450,267,0.07482718322414769
Houston,2017-01,48,0.7179983887073348,0.03872106481481481,510,305,0.07482718322414769
Houston,2017-02,48,0.7338909790151326,0.040046296296296295,443,263,0.07482718322414769
Houston,2017-03,48,0.773887074850789,0.03877314814814815,453,276,0.07482718322414769
Houston,2017-04,48,0.7253947577127449,0.03855324074074074,467,289,0.07482718322414769
Houston,2017-05,48,0.7535511681739879,0.038148148148148146,430,257,0.07482718322414769
Houston,2017-06,48,0.6491213508187941,0.036863425925925924,484,283,0.07482718322414769
Houston,2017-07,48,0.5920062565276774,0.03550925925925926,461,282,0.07482718322414769
Houston,2017-08,48,0.6912174940898345,0.037274305555555554,376,226,0.07482718322414769
Houston,2017-09,48,0.7680016063084112,0.038657407407407404,428,267,0.07482718322414769
Houston,2017-10,48,0.6427395362439526,0.036319444444444446,467,278,0.07482718322414769
Houston,2017-11,48,0.7019975912666843,0.03761574074074074,419,260,0.07482718322414769
Houston,2017-12,48,0.6254114006037668,0.03646990740740741,411,249,0.07482718322414769
Houston,2018-01,48,0.6163197986082778,0.03532407407407408,817,469,0.07482718322414769
Houston,2018-02,48,0.5582588413065844,0.03580439814814815,720,435,0.07482718322414769
Houston,2018-03,48,0.6615649331096486,0.03553240740740741,861,527,0.07482718322414769
Houston,2018-04,48,0.6599157343908747,0.036006944444444446,802,479,0.07482718322414769
Houston,2018-05,48,0.7417841231999229,0.038657407407407404,769,471,0.07482718322414769
Houston,2018-06,48,0.6786307791635173,0.037395833333333336,735,453,0.07482718322414769
Houston,2018-07,48,0.6262639232673267,0.03611111111111111,808,483,0.07482718322414769
Houston,2018-08,48,0.6586495911495911,0.03691550925925926,770,456,0.07482718322414769
Houston,2018-08,48,0.0,0.0,1,1,0.07482718322414769
Houston,2018-09,48,0.6897833877609905,0.03698495370370371,706,429,0.07482718322414769
Houston,2018-10,48,0.7015437357192199,0.03657407407407407,697,429,0.07482718322414769
Houston,2018-11,48,0.703332474722497,0.038599537037037036,674,417,0.07482718322414769
Houston,2018-12,48,0.6757151333168235,0.036689814814814814,673,419,0.07482718322414769
Houston,2019-01,48,0.7431387012012012,0.03696180555555556,740,450,0.07482718322414769
Houston,2019-02,48,0.6105756236608509,0.03622685185185185,605,361,0.07482718322414769
Houston,2019-03,48,0.5475530092592593,0.03587962962962963,700,415,0.07482718322414769
Houston,2019-04,48,0.5620056994004448,0.03628472222222222,766,456,0.07482718322414769
Houston,2019-05,48,0.7133305054887998,0.03993055555555555,749,445,0.07482718322414769
Houston,2019-06,48,0.6178123507640879,0.03674189814814815,698,408,0.07482718322414769
Houston,2019-07,48,0.7644047906602254,0.03819444444444445,690,410,0.07482718322414769
Houston,2019-08,48,0.6486832749655099,0.03634259259259259,698,422,0.07482718322414769
Houston,2019-09,48,0.693998319720946,0.03622685185185185,653,398,0.07482718322414769
Houston,2019-10,48,0.696494296833065,0.036585648148148145,690,409,0.07482718322414769
Houston,2019-11,48,0.6257822145061729,0.035416666666666666,636,392,0.07482718322414769
Houston,2019-12,48,0.6826177212337927,0.037488425925925925,637,404,0.07482718322414769
Houston,2020-01,48,0.6985977458112875,0.03635416666666667,672,413,0.07482718322414769
Houston,2020-02,48,0.600160333890061,0.036597222222222225,632,380,0.07482718322414769
Houston,2020-03,48,0.7149080737934904,0.03656828703703703,660,406,0.07482718322414769
Houston,2020-04,48,0.7218063945329184,0.03784722222222222,607,388,0.07482718322414769
Houston,2020-05,48,0.7589898950268537,0.03819444444444445,531,340,0.07482718322414769
Houston,2020-06,48,0.7039065058893929,0.03722800925925926,588,367,0.07482718322414769
Houston,2020-09,48,0.7490182698194062,0.038564814814814816,605,372,0.07482718322414769
Houston,2020-10,48,0.7024665700287667,0.03681712962962963,618,376,0.07482718322414769
Houston,2020-11,48,0.7648957097667062,0.03773148148148148,562,356,0.07482718322414769
Houston,2020-12,48,0.6885394730244685,0.03635416666666667,554,347,0.07482718322414769
Houston,2021-01,48,0.7326910595737246,0.036585648148148145,530,342,0.07482718322414769
Houston,2021-02,48,0.6824513234314006,0.03530092592592592,389,264,0.07482718322414769
Houston,2021-03,48,0.6584929369519696,0.035827546296296295,566,344,0.07482718322414769
Houston,2021-04,48,0.6586216372622622,0.036105324074074074,740,452,0.07482718322414769
Houston,2021-05,48,0.6672721688034189,0.03680555555555556,780,467,0.07482718322414769
Houston,2021-06,48,0.6650127703608001,0.036001157407407405,774,463,0.07482718322414769
Houston,2021-07,48,0.6914143987935971,0.03634259259259259,789,478,0.07482718322414769
Houston,2021-08,48,0.6618649279050042,0.03541087962962963,786,477,0.07482718322414769
Houston,2021-09,48,0.6704848590344962,0.035173611111111114,758,463,0.07482718322414769
Houston,2021-10,48,0.7056299376957803,0.035931712962962964,804,483,0.07482718322414769
Houston,2021-11,48,0.6102184390547264,0.03505787037037037,804,476,0.07482718322414769
Houston,2021-12,48,0.6265953465817596,0.034618055555555555,759,475,0.07482718322414769
Houston,2022-01,48,0.6285188096030162,0.03494212962962963,835,502,0.07482718322414769
Houston,2022-02,48,0.6325910642416832,0.03532407407407408,727,455,0.07482718322414769
Houston,2022-03,48,0.6833129914443997,0.03576388888888889,829,530,0.07482718322414769
Houston,2022-04,48,0.6561896753681392,0.035520833333333335,830,517,0.07482718322414769
Houston,2022-05,48,0.661840602812825,0.03554398148148148,819,513,0.07482718322414769
Houston,2022-06,48,0.6944881976233411,0.03587962962962963,801,512,0.07482718322414769
Houston,2022-07,48,0.6309335928284973,0.03484953703703704,785,490,0.07482718322414769
Houston,2022-08,48,0.6633272946859904,0.034693287037037036,828,503,0.07482718322414769
Houston,2022-09,48,0.699717211673699,0.035653935185185184,790,487,0.07482718322414769
Houston,2022-10,48,0.6936166889781348,0.036412037037037034,830,512,0.07482718322414769
Houston,2022-11,48,0.6488465231170768,0.03611111111111111,745,454,0.07482718322414769
Houston,2022-12,48,0.6031809888706441,0.03466435185185185,812,495,0.07482718322414769
Houston,2023-01,48,0.6391789224039991,0.0347337962962963,815,495,0.07482718322414769
Houston,2023-02,48,0.5943472290707867,0.035167824074074074,676,426,0.07482718322414769
Houston,2024-01,48,0.5695550128883462,0.03553240740740741,819,507,0.07482718322414769
Houston,2024-02,48,0.6859131067191886,0.03632523148148148,818,499,0.07482718322414769
Houston,2024-03,48,0.6612770657385414,0.03530092592592592,842,506,0.07482718322414769
Houston,2024-04,48,0.6444680116289823,0.03563657407407408,801,503,0.07482718322414769
Houston,2024-05,48,0.6444273723491203,0.035069444444444445,861,516,0.07482718322414769
Houston,2024-06,48,0.6245673322453148,0.03469907407407408,834,500,0.07482718322414769
Houston,2024-07,48,0.6146901331018518,0.035665509259259265,800,459,0.07482718322414769
Houston,2024-08,48,0.8245615290942601,0.036238425925925924,844,512,0.07482718322414769
Houston,2024-09,48,0.5911939512151376,0.0353125,826,492,0.07482718322414769
Houston,2024-10,48,0.6230717731204258,0.03612268518518519,835,512,0.07482718322414769
Houston,2024-11,48,0.5871699466505452,0.035208333333333335,873,549,0.07482718322414769
Houston,2024-12,48,0.6107441914797629,0.03525462962962963,862,520,0.07482718322414769
Houston,2025-01,48,0.8208824003100978,0.03592592592592593,848,519,0.07482718322414769
Houston,2025-02,48,0.6017304586563308,0.03578125,774,459,0.07482718322414769
Houston,2025-03,48,0.6393573451306637,0.03576388888888889,788,498,0.07482718322414769
Houston,2025-04,48,0.6597879640600316,0.03575231481481481,844,505,0.07482718322414769
Houston,2025-05,48,0.6902140125373821,0.035868055555555556,805,492,0.07482718322414769
Houston,2025-06,48,0.6004417194092827,0.03477430555555555,790,490,0.07482718322414769
Houston,2025-07,48,0.6836308393252838,0.035416666666666666,819,491,0.07482718322414769
Houston,2025-08,48,0.6642026972624799,0.035173611111111114,805,501,0.07482718322414769
Houston,2025-09,48,0.6740296389354178,0.03547453703703704,796,482,0.07482718322414769
Houston,2025-10,48,0.6773106650858176,0.03535879629629629,820,489,0.07482718322414769
Houston,2025-11,48,0.6571324103191242,0.03528935185185185,795,482,0.07482718322414769
Houston,2025-12,48,0.5120109918373807,0.0349537037037037,819,481,0.07482718322414769
LA_Long_Beach,2008-12,12,2.315046296296296,2.0840277777777776,3,3,0.5713001447011039
LA_Long_Beach,2009-01,12,3.127697939262473,2.0,461,366,0.5713001447011039
LA_Long_Beach,2009-02,12,2.681038100033568,1.8659722222222221,331,277,0.5713001447011039
LA_Long_Beach,2009-03,12,3.277968244336569,2.0465277777777775,412,341,0.5713001447011039
LA_Long_Beach,2009-04,12,2.87725279988211,1.9715277777777778,377,317,0.5713001447011039
LA_Long_Beach,2009-05,12,2.388778129395218,1.8993055555555556,395,314,0.5713001447011039
LA_Long_Beach,2009-06,12,1.0375144675925927,0.7333333333333334,48,43,0.5713001447011039
LA_Long_Beach,2009-07,12,3.4846694378463976,1.9868055555555555,421,324,0.5713001447011039
LA_Long_Beach,2009-08,12,2.5744557584269665,2.0541666666666667,356,296,0.5713001447011039
LA_Long_Beach,2009-09,12,2.54907838356974,2.058333333333333,376,306,0.5713001447011039
LA_Long_Beach,2009-10,12,2.8419529557412564,2.0791666666666666,359,298,0.5713001447011039
LA_Long_Beach,2009-11,12,2.4713656677181914,1.9381944444444446,317,281,0.5713001447011039
LA_Long_Beach,2009-12,12,2.3589988425925927,1.8944444444444444,360,303,0.5713001447011039
LA_Long_Beach,2010-01,12,3.2455012810140236,1.9868055555555555,412,318,0.5713001447011039
LA_Long_Beach,2010-02,12,2.628034086926043,2.089583333333333,317,274,0.5713001447011039
LA_Long_Beach,2010-03,12,3.2007883878573535,1.886111111111111,377,323,0.5713001447011039
LA_Long_Beach,2010-04,12,2.5345509383378015,1.9756944444444444,373,310,0.5713001447011039
LA_Long_Beach,2010-05,12,2.541810103554436,1.8923611111111112,397,329,0.5713001447011039
LA_Long_Beach,2010-06,12,2.3643207573244887,1.7572916666666667,402,334,0.5713001447011039
LA_Long_Beach,2010-07,12,2.3543663881559658,2.042361111111111,379,326,0.5713001447011039
LA_Long_Beach,2010-08,12,2.36240453313624,1.976388888888889,451,363,0.5713001447011039
LA_Long_Beach,2010-09,12,2.377534808381583,1.979861111111111,403,344,0.5713001447011039
LA_Long_Beach,2010-10,12,2.613480289001122,1.9819444444444445,396,346,0.5713001447011039
LA_Long_Beach,2010-11,12,2.6120477207977206,2.056597222222222,390,334,0.5713001447011039
LA_Long_Beach,2010-12,12,1.2916186024927074,0.8069444444444445,419,301,0.5713001447011039
LA_Long_Beach,2011-01,12,2.590182694919859,1.6284722222222223,409,343,0.5713001447011039
LA_Long_Beach,2011-02,12,2.257493669943402,1.9083333333333334,373,325,0.5713001447011039
LA_Long_Beach,2011-03,12,2.4265312939521797,1.9347222222222222,395,347,0.5713001447011039
LA_Long_Beach,2011-04,12,2.500405779889153,1.9638888888888888,421,349,0.5713001447011039
LA_Long_Beach,2011-05,12,2.6947761437908495,2.0569444444444445,425,355,0.5713001447011039
LA_Long_Beach,2011-06,12,2.534866898148148,1.864236111111111,408,345,0.5713001447011039
LA_Long_Beach,2011-07,12,2.607079616112463,2.0145833333333334,411,355,0.5713001447011039
LA_Long_Beach,2011-08,12,2.239330357142857,1.9392361111111112,420,357,0.5713001447011039
LA_Long_Beach,2011-09,12,2.757758742244783,2.0340277777777778,394,331,0.5713001447011039
LA_Long_Beach,2011-10,12,3.072736486486486,2.1663194444444445,370,322,0.5713001447011039
LA_Long_Beach,2011-11,12,2.5652855805243444,2.0121527777777777,356,308,0.5713001447011039
LA_Long_Beach,2011-12,12,2.492929292929293,1.9256944444444444,341,296,0.5713001447011039
LA_Long_Beach,2012-01,12,2.818761705597643,1.9975462962962962,352,308,0.5713001447011039
LA_Long_Beach,2012-02,12,2.3812223334445557,1.6407407407407408,333,287,0.5713001447011039
LA_Long_Beach,2012-03,12,2.6450493074375188,1.8719907407407408,369,310,0.5713001447011039
LA_Long_Beach,2012-04,12,2.502730140981377,2.066446759259259,354,312,0.5713001447011039
LA_Long_Beach,2012-05,12,2.967526781121399,2.0858738425925925,360,310,0.5713001447011039
LA_Long_Beach,2012-06,12,2.6062234554711403,2.0827662037037036,351,304,0.5713001447011039
LA_Long_Beach,2012-07,12,2.6232074730144586,2.0705671296296293,374,324,0.5713001447011039
LA_Long_Beach,2012-08,12,2.7446815413796544,2.085497685185185,371,320,0.5713001447011039
LA_Long_Beach,2012-09,12,2.734886948529412,2.127193287037037,340,302,0.5713001447011039
LA_Long_Beach,2012-10,12,2.7032976034180947,2.0014988425925924,402,331,0.5713001447011039
LA_Long_Beach,2012-11,12,3.125051227262766,2.069207175925926,338,302,0.5713001447011039
LA_Long_Beach,2012-12,12,2.584712185766685,1.6913078703703706,414,329,0.5713001447011039
LA_Long_Beach,2013-01,12,2.758029843530239,1.3336342592592594,474,338,0.5713001447011039
LA_Long_Beach,2013-02,12,2.6009786738769582,1.6290277777777777,357,282,0.5713001447011039
LA_Long_Beach,2013-03,12,2.357399731337555,1.446290509259259,386,307,0.5713001447011039
LA_Long_Beach,2013-04,12,2.399603075644223,1.6325462962962962,401,312,0.5713001447011039
LA_Long_Beach,2013-05,12,2.0992863965300255,1.5698784722222223,412,317,0.5713001447011039
LA_Long_Beach,2013-06,12,2.8768642506142506,1.635787037037037,407,325,0.5713001447011039
LA_Long_Beach,2013-07,12,2.3114884202384203,1.940625,407,340,0.5713001447011039
LA_Long_Beach,2013-08,12,2.630646056120675,1.9898958333333334,426,343,0.5713001447011039
LA_Long_Beach,2013-09,12,3.1847353612415237,2.140439814814815,355,310,0.5713001447011039
LA_Long_Beach,2013-10,12,2.423403711708827,2.006273148148148,347,301,0.5713001447011039
LA_Long_Beach,2013-11,12,2.3278309586526182,1.9347222222222222,348,302,0.5713001447011039
LA_Long_Beach,2013-12,12,2.472217632503193,1.9586458333333332,348,308,0.5713001447011039
LA_Long_Beach,2013-12,12,5.608760893246187,1.9405555555555556,17,17,0.5713001447011039
LA_Long_Beach,2014-01,12,3.1073478558866126,2.046597222222222,358,314,0.5713001447011039
LA_Long_Beach,2014-02,12,2.5166139155982905,2.055173611111111,312,273,0.5713001447011039
LA_Long_Beach,2014-03,12,2.488104372585776,2.0605671296296295,326,296,0.5713001447011039
LA_Long_Beach,2014-04,12,2.6703183179837593,2.011313657407407,374,314,0.5713001447011039
LA_Long_Beach,2014-05,12,2.0444658739365815,1.2423032407407408,431,321,0.5713001447011039
LA_Long_Beach,2014-06,12,2.504413781376163,1.4487557870370371,422,307,0.5713001447011039
LA_Long_Beach,2014-07,12,2.837547929620618,2.1625810185185186,411,322,0.5713001447011039
LA_Long_Beach,2014-08,12,2.0858826585894406,1.3453877314814815,470,317,0.5713001447011039
LA_Long_Beach,2014-09,12,1.680440460689484,0.9643287037037037,448,283,0.5713001447011039
LA_Long_Beach,2014-10,12,1.4349284285320087,0.794375,604,302,0.5713001447011039
LA_Long_Beach,2014-11,12,1.088013809212292,0.5620486111111112,552,274,0.5713001447011039
LA_Long_Beach,2014-12,12,3.8463100215726196,2.5365972222222224,382,331,0.5713001447011039
LA_Long_Beach,2015-01,12,6.757839152648664,4.2107523148148145,251,205,0.5713001447011039
LA_Long_Beach,2015-02,12,6.43485503340098,4.261712962962963,219,183,0.5713001447011039
LA_Long_Beach,2015-03,12,5.676095085470085,2.9966493055555556,312,226,0.5713001447011039
LA_Long_Beach,2015-04,12,4.812199814814815,3.0471180555555555,250,212,0.5713001447011039
LA_Long_Beach,2015-05,12,3.760787037037037,2.493894675925926,246,216,0.5713001447011039
LA_Long_Beach,2015-06,12,3.2807757001366125,2.4402488425925926,244,208,0.5713001447011039
LA_Long_Beach,2015-07,12,2.961462434383202,2.2922858796296293,254,217,0.5713001447011039
LA_Long_Beach,2015-08,12,3.1167163482652613,2.2930092592592595,253,214,0.5713001447011039
LA_Long_Beach,2015-09,12,3.0273922558922557,1.6487962962962963,275,198,0.5713001447011039
LA_Long_Beach,2015-10,12,2.8551898759993475,2.2252083333333332,227,188,0.5713001447011039
LA_Long_Beach,2015-11,12,3.0985536279774197,1.8902314814814816,269,201,0.5713001447011039
LA_Long_Beach,2015-12,12,2.5735674237249544,1.7034143518518519,244,203,0.5713001447011039
LA_Long_Beach,2016-01,12,3.6857887962962965,2.315775462962963,250,221,0.5713001447011039
LA_Long_Beach,2016-02,12,3.159174186128804,1.8139814814814814,157,146,0.5713001447011039
LA_Long_Beach,2016-03,12,2.6126078807352124,1.9771006944444443,134,123,0.5713001447011039
LA_Long_Beach,2016-04,12,2.382835085085085,1.6089236111111112,185,151,0.5713001447011039
LA_Long_Beach,2016-05,12,1.7870919187967311,0.9747106481481481,213,144,0.5713001447011039
LA_Long_Beach,2016-06,12,4.2467256474648085,1.6387268518518519,271,215,0.5713001447011039
LA_Long_Beach,2016-07,12,3.0257286225862616,2.27396412037037,234,204,0.5713001447011039
LA_Long_Beach,2016-08,12,3.3699607870370367,2.1025,250,216,0.5713001447011039
LA_Long_Beach,2016-09,12,2.380319344284188,1.866880787037037,208,181,0.5713001447011039
LA_Long_Beach,2016-10,12,2.6886932654032534,2.1596238425925924,214,186,0.5713001447011039
LA_Long_Beach,2016-11,12,2.8063137389149713,2.196550925925926,213,184,0.5713001447011039
LA_Long_Beach,2016-12,12,2.791114017842043,2.0505671296296297,219,185,0.5713001447011039
LA_Long_Beach,2017-01,12,4.525021307918798,2.1446180555555556,239,202,0.5713001447011039
LA_Long_Beach,2017-02,12,3.4554193239795916,2.6738310185185186,196,171,0.5713001447011039
LA_Long_Beach,2017-03,12,3.3705846740405567,2.2411921296296295,221,196,0.5713001447011039
LA_Long_Beach,2017-04,12,3.1727459777227724,2.598466435185185,202,179,0.5713001447011039
LA_Long_Beach,2017-05,12,4.742641743481149,3.0359143518518517,223,196,0.5713001447011039
LA_Long_Beach,2017-06,12,3.6823560438547998,2.6875578703703704,201,176,0.5713001447011039
LA_Long_Beach,2017-07,12,3.795203061972864,2.6919791666666666,202,186,0.5713001447011039
LA_Long_Beach,2017-08,12,4.377667204034392,2.6057638888888888,224,195,0.5713001447011039
LA_Long_Beach,2017-09,12,3.242038827501535,2.564398148148148,181,166,0.5713001447011039
LA_Long_Beach,2017-10,12,3.4657669671000786,2.61681712962963,188,168,0.5713001447011039
LA_Long_Beach,2017-11,12,3.569383531746032,2.819861111111111,175,155,0.5713001447011039
LA_Long_Beach,2017-12,12,3.1200692401960786,2.5794270833333335,170,159,0.5713001447011039
LA_Long_Beach,2018-01,12,3.259399332895888,2.0698842592592595,381,318,0.5713001447011039
LA_Long_Beach,2018-02,12,3.069516464622137,2.008211805555556,346,278,0.5713001447011039
LA_Long_Beach,2018-03,12,2.203518181912337,1.2062731481481481,447,291,0.5713001447011039
LA_Long_Beach,2018-04,12,3.958960218834122,2.1080092592592594,399,294,0.5713001447011039
LA_Long_Beach,2018-05,12,3.139764275731257,1.9558912037037037,371,278,0.5713001447011039
LA_Long_Beach,2018-06,12,2.7474006160085707,2.0917013888888887,363,283,0.5713001447011039
LA_Long_Beach,2018-07,12,3.3339006608103827,2.403703703703704,351,291,0.5713001447011039
LA_Long_Beach,2018-08,12,2.8007093970777133,2.1725462962962965,346,283,0.5713001447011039
LA_Long_Beach,2018-09,12,4.099869286983204,2.3794444444444443,344,277,0.5713001447011039
LA_Long_Beach,2018-10,12,2.9092529967999163,2.232476851851852,353,278,0.5713001447011039
LA_Long_Beach,2018-11,12,2.810491421999531,1.8411400462962964,316,249,0.5713001447011039
LA_Long_Beach,2018-12,12,2.8510085745957223,2.1739699074074075,355,274,0.5713001447011039
LA_Long_Beach,2019-01,12,4.459476650563607,2.7491319444444446,391,305,0.5713001447011039
LA_Long_Beach,2019-02,12,3.340217042164314,2.2330787037037036,307,244,0.5713001447011039
LA_Long_Beach,2019-03,12,2.9157013464152226,1.7274189814814815,327,246,0.5713001447011039
LA_Long_Beach,2019-04,12,2.9923193218530058,2.179502314814815,321,246,0.5713001447011039
LA_Long_Beach,2019-05,12,3.0786558433433435,2.2192708333333333,333,255,0.5713001447011039
LA_Long_Beach,2019-06,12,3.24749835634451,2.0213252314814816,338,255,0.5713001447011039
LA_Long_Beach,2019-07,12,2.953911320058997,1.9689583333333334,339,253,0.5713001447011039
LA_Long_Beach,2019-08,12,3.2864617121002992,2.07775462962963,322,251,0.5713001447011039
LA_Long_Beach,2019-09,12,3.0708836679358487,2.0387731481481484,321,246,0.5713001447011039
LA_Long_Beach,2019-10,12,2.912062108573588,2.0053472222222224,343,264,0.5713001447011039
LA_Long_Beach,2019-11,12,2.7856830770502645,1.6019328703703704,336,250,0.5713001447011039
LA_Long_Beach,2019-12,12,2.51120295171584,1.670792824074074,354,274,0.5713001447011039
LA_Long_Beach,2020-01,12,3.5007261604136604,1.8892824074074075,385,289,0.5713001447011039
LA_Long_Beach,2020-02,12,2.665396773726852,1.561886574074074,288,222,0.5713001447011039
LA_Long_Beach,2020-03,12,3.385346156672546,2.085636574074074,315,243,0.5713001447011039
LA_Long_Beach,2020-04,12,4.180538247213779,1.7358912037037038,329,255,0.5713001447011039
LA_Long_Beach,2020-05,12,2.5371707112332116,1.2356944444444444,273,196,0.5713001447011039
LA_Long_Beach,2020-06,12,2.5811581255068936,1.6321527777777778,274,196,0.5713001447011039
LA_Long_Beach,2020-09,12,3.0898130860290673,1.5621296296296296,395,267,0.5713001447011039
LA_Long_Beach,2020-10,12,3.3705424065283642,2.1605324074074073,316,245,0.5713001447011039
LA_Long_Beach,2020-11,12,4.140070997515087,2.6880439814814814,313,238,0.5713001447011039
LA_Long_Beach,2020-12,12,3.66315551994302,2.812199074074074,325,233,0.5713001447011039
LA_Long_Beach,2021-01,12,4.288813686933106,2.609519675925926,392,270,0.5713001447011039
LA_Long_Beach,2021-02,12,4.504849537037037,2.6584606481481483,323,229,0.5713001447011039
LA_Long_Beach,2021-03,12,4.0598605612738625,2.501400462962963,421,269,0.5713001447011039
LA_Long_Beach,2021-04,12,4.9353584938858095,2.6933796296296295,421,315,0.5713001447011039
LA_Long_Beach,2021-05,12,4.154252202445163,2.9841319444444445,515,316,0.5713001447011039
LA_Long_Beach,2021-06,12,3.750528736525705,1.948263888888889,536,341,0.5713001447011039
LA_Long_Beach,2021-07,12,4.267546324525745,2.795653935185185,410,324,0.5713001447011039
LA_Long_Beach,2021-08,12,6.717318110393992,4.028368055555555,439,365,0.5713001447011039
LA_Long_Beach,2021-09,12,5.185050137136023,2.613148148148148,449,333,0.5713001447011039
LA_Long_Beach,2021-10,12,5.055600605738038,2.634039351851852,548,338,0.5713001447011039
LA_Long_Beach,2021-11,12,4.495661718623646,2.331574074074074,458,326,0.5713001447011039
LA_Long_Beach,2021-12,12,3.4496980724715103,2.019670138888889,416,301,0.5713001447011039
LA_Long_Beach,2022-01,12,3.3962080599300086,1.7076967592592593,635,358,0.5713001447011039
LA_Long_Beach,2022-02,12,3.276755837558789,1.5656249999999998,504,330,0.5713001447011039
LA_Long_Beach,2022-03,12,3.2232474189170617,1.755474537037037,539,353,0.5713001447011039
LA_Long_Beach,2022-04,12,3.3612233439201455,1.7911226851851851,551,340,0.5713001447011039
LA_Long_Beach,2022-05,12,2.3994494766505636,0.5896412037037037,667,344,0.5713001447011039
LA_Long_Beach,2022-06,12,2.931021910188577,1.5040162037037037,546,340,0.5713001447011039
LA_Long_Beach,2022-07,12,3.4461424039780524,1.7642824074074075,567,354,0.5713001447011039
LA_Long_Beach,2022-08,12,4.471050134015595,2.324357638888889,380,306,0.5713001447011039
LA_Long_Beach,2022-09,12,3.6639987147022715,2.598640046296296,362,295,0.5713001447011039
LA_Long_Beach,2022-10,12,3.3127097991791263,2.292708333333333,379,310,0.5713001447011039
LA_Long_Beach,2022-11,12,3.8910736502347416,2.6049884259259257,355,294,0.5713001447011039
LA_Long_Beach,2022-12,12,3.0504729872322462,1.991099537037037,351,286,0.5713001447011039
LA_Long_Beach,2023-01,12,4.278607039828773,2.581712962962963,398,316,0.5713001447011039
LA_Long_Beach,2023-02,12,2.7179779566498317,2.027876157407407,308,243,0.5713001447011039
LA_Long_Beach,2024-01,12,4.035259911003236,2.1899652777777776,412,344,0.5713001447011039
LA_Long_Beach,2024-02,12,3.727118762112403,2.2236284722222224,344,287,0.5713001447011039
LA_Long_Beach,2024-03,12,3.1638880821169697,2.2315972222222222,373,301,0.5713001447011039
LA_Long_Beach,2024-04,12,3.2819755133974757,2.491111111111111,358,301,0.5713001447011039
LA_Long_Beach,2024-05,12,3.257306126417746,2.123576388888889,369,309,0.5713001447011039
LA_Long_Beach,2024-06,12,3.5067979514805043,2.3077662037037037,379,313,0.5713001447011039
LA_Long_Beach,2024-07,12,3.936724171835671,2.536655092592593,412,361,0.5713001447011039
LA_Long_Beach,2024-08,12,3.3381385638059364,2.1813425925925927,413,342,0.5713001447011039
LA_Long_Beach,2024-09,12,3.5779053270042196,2.503877314814815,395,328,0.5713001447011039
LA_Long_Beach,2024-10,12,3.2120302395649616,2.2313425925925925,378,318,0.5713001447011039
LA_Long_Beach,2024-11,12,3.4700469567733494,2.212800925925926,368,314,0.5713001447011039
LA_Long_Beach,2024-12,12,2.6763898465545926,1.9414236111111112,423,327,0.5713001447011039
LA_Long_Beach,2025-01,12,4.202863887775997,2.6430497685185186,416,361,0.5713001447011039
LA_Long_Beach,2025-02,12,3.2138709824946523,2.252974537037037,329,279,0.5713001447011039
LA_Long_Beach,2025-03,12,3.387547537406484,2.311469907407407,401,314,0.5713001447011039
LA_Long_Beach,2025-04,12,3.298716441001303,2.3588368055555557,398,318,0.5713001447011039
LA_Long_Beach,2025-05,12,3.4297931560917485,2.0883564814814815,373,309,0.5713001447011039
LA_Long_Beach,2025-06,12,3.4638401031967723,2.454826388888889,358,306,0.5713001447011039
LA_Long_Beach,2025-07,12,3.446350220959596,2.655237268518518,396,337,0.5713001447011039
LA_Long_Beach,2025-08,12,3.494317218433267,2.521400462962963,391,308,0.5713001447011039
LA_Long_Beach,2025-09,12,3.060094804811737,2.2442939814814813,361,301,0.5713001447011039
LA_Long_Beach,2025-10,12,3.5058638966264315,2.551597222222222,359,297,0.5713001447011039
LA_Long_Beach,2025-11,12,3.3808881079027353,2.4849305555555556,329,276,0.5713001447011039
LA_Long_Beach,2025-12,12,2.9368090966320426,2.131122685185185,353,296,0.5713001447011039
LA_Long_Beach,2008-12,24,2.315046296296296,2.0840277777777776,3,3,0.44323201865840706
LA_Long_Beach,2009-01,24,3.7852388022766643,2.0208333333333335,449,366,0.44323201865840706
LA_Long_Beach,2009-02,24,2.6537443399512366,1.9875,319,275,0.44323201865840706
LA_Long_Beach,2009-03,24,3.202121913580247,2.087152777777778,378,335,0.44323201865840706
LA_Long_Beach,2009-04,24,2.9169967185592185,2.0069444444444446,364,316,0.44323201865840706
LA_Long_Beach,2009-05,24,2.5074839603382912,2.004166666666667,381,314,0.44323201865840706
LA_Long_Beach,2009-06,24,1.07201536643026,0.8097222222222222,47,43,0.44323201865840706
LA_Long_Beach,2009-07,24,3.7429173663588022,2.0819444444444444,397,324,0.44323201865840706
LA_Long_Beach,2009-08,24,2.7543031117627894,2.1083333333333334,341,296,0.44323201865840706
LA_Long_Beach,2009-09,24,2.8632720360024826,2.0909722222222222,358,305,0.44323201865840706
LA_Long_Beach,2009-10,24,2.897254335260116,2.0829861111111114,346,297,0.44323201865840706
LA_Long_Beach,2009-11,24,2.4298409498207887,1.975,310,279,0.44323201865840706
LA_Long_Beach,2009-12,24,2.4548034065584208,1.9388888888888889,349,303,0.44323201865840706
LA_Long_Beach,2010-01,24,3.4115486111111113,2.0520833333333335,400,318,0.44323201865840706
LA_Long_Beach,2010-02,24,2.6602908126573177,2.1215277777777777,309,273,0.44323201865840706
LA_Long_Beach,2010-03,24,3.3688299086757993,1.9784722222222222,365,323,0.44323201865840706
LA_Long_Beach,2010-04,24,2.7006297564687975,2.0076388888888888,365,309,0.44323201865840706
LA_Long_Beach,2010-05,24,2.5955581073199183,1.9354166666666666,381,328,0.44323201865840706
LA_Long_Beach,2010-06,24,2.5050853587962965,1.9770833333333333,384,334,0.44323201865840706
LA_Long_Beach,2010-07,24,2.4011856368563684,2.0729166666666665,369,325,0.44323201865840706
LA_Long_Beach,2010-08,24,2.598715526385574,2.1013888888888888,419,363,0.44323201865840706
LA_Long_Beach,2010-09,24,2.6569462342497134,2.0395833333333333,388,344,0.44323201865840706
LA_Long_Beach,2010-10,24,2.6068364997121476,2.00625,386,345,0.44323201865840706
LA_Long_Beach,2010-11,24,2.673539080969267,2.1045138888888886,376,332,0.44323201865840706
LA_Long_Beach,2010-12,24,1.4919582968795568,1.0993055555555555,381,301,0.44323201865840706
LA_Long_Beach,2011-01,24,2.643982630272953,1.7555555555555555,403,343,0.44323201865840706
LA_Long_Beach,2011-02,24,2.29043586269196,1.9541666666666666,369,324,0.44323201865840706
LA_Long_Beach,2011-03,24,2.4817457760595647,1.9545138888888889,388,346,0.44323201865840706
LA_Long_Beach,2011-04,24,2.621572249589491,2.0350694444444444,406,349,0.44323201865840706
LA_Long_Beach,2011-05,24,2.753651648059543,2.0725694444444445,418,355,0.44323201865840706
LA_Long_Beach,2011-06,24,2.599871848157384,1.9111111111111112,401,345,0.44323201865840706
LA_Long_Beach,2011-07,24,2.6673559543454344,2.03125,404,355,0.44323201865840706
LA_Long_Beach,2011-08,24,2.636135057471264,2.01875,406,357,0.44323201865840706
LA_Long_Beach,2011-09,24,2.578166226912929,2.075,379,330,0.44323201865840706
LA_Long_Beach,2011-10,24,3.1253215372907155,2.1805555555555554,365,322,0.44323201865840706
LA_Long_Beach,2011-11,24,2.6152204020259577,2.0194444444444444,351,308,0.44323201865840706
LA_Long_Beach,2011-12,24,2.5200402695595003,1.9451388888888888,338,295,0.44323201865840706
LA_Long_Beach,2012-01,24,3.082743491680086,2.037650462962963,345,308,0.44323201865840706
LA_Long_Beach,2012-02,24,2.4608246438746435,1.7615277777777778,325,286,0.44323201865840706
LA_Long_Beach,2012-03,24,2.6825652173913044,2.008611111111111,345,307,0.44323201865840706
LA_Long_Beach,2012-04,24,2.590399907675016,2.1150983796296297,346,312,0.44323201865840706
LA_Long_Beach,2012-05,24,3.0811163177862677,2.1672569444444445,349,309,0.44323201865840706
LA_Long_Beach,2012-06,24,2.6732147327196385,2.1240451388888886,344,304,0.44323201865840706
LA_Long_Beach,2012-07,24,2.717281141890517,2.1491782407407407,364,324,0.44323201865840706
LA_Long_Beach,2012-08,24,2.9156895070278033,2.154849537037037,361,320,0.44323201865840706
LA_Long_Beach,2012-09,24,2.7976180278332223,2.1440972222222223,334,302,0.44323201865840706
LA_Long_Beach,2012-10,24,2.8081904658564816,2.0377141203703704,384,330,0.44323201865840706
LA_Long_Beach,2012-11,24,3.240657519301779,2.1108680555555557,331,302,0.44323201865840706
LA_Long_Beach,2012-12,24,2.84929465332747,2.0493055555555557,379,327,0.44323201865840706
LA_Long_Beach,2013-01,24,3.5927761533463287,2.0274537037037037,399,338,0.44323201865840706
LA_Long_Beach,2013-02,24,2.9652642510224947,2.1087962962962963,326,280,0.44323201865840706
LA_Long_Beach,2013-03,24,2.580092723373091,1.7111689814814814,354,303,0.44323201865840706
LA_Long_Beach,2013-04,24,2.763166055812757,2.079184027777778,360,312,0.44323201865840706
LA_Long_Beach,2013-05,24,2.4237290181224007,1.9769444444444444,374,317,0.44323201865840706
LA_Long_Beach,2013-06,24,3.14724521563676,1.9994560185185186,374,322,0.44323201865840706
LA_Long_Beach,2013-07,24,2.4629998031214204,2.0659722222222223,388,340,0.44323201865840706
LA_Long_Beach,2013-08,24,2.886543922878575,2.144675925925926,395,341,0.44323201865840706
LA_Long_Beach,2013-09,24,3.142309621755186,2.346539351851852,341,307,0.44323201865840706
LA_Long_Beach,2013-10,24,2.5021944990713427,2.05681712962963,339,301,0.44323201865840706
LA_Long_Beach,2013-11,24,2.4744514299802765,1.995648148148148,338,301,0.44323201865840706
LA_Long_Beach,2013-12,24,2.4658031665046973,1.9739236111111111,343,307,0.44323201865840706
LA_Long_Beach,2013-12,24,12.543758850762528,1.9405555555555556,17,17,0.44323201865840706
LA_Long_Beach,2014-01,24,3.0491852916134525,2.1714409722222223,348,313,0.44323201865840706
LA_Long_Beach,2014-02,24,2.583144063180828,2.0746296296296296,306,273,0.44323201865840706
LA_Long_Beach,2014-03,24,2.571808548228914,2.1257291666666664,321,296,0.44323201865840706
LA_Long_Beach,2014-04,24,2.717368253968254,2.145983796296296,350,310,0.44323201865840706
LA_Long_Beach,2014-05,24,2.3608046625305508,1.60546875,394,321,0.44323201865840706
LA_Long_Beach,2014-06,24,3.2447745500782474,2.118136574074074,355,301,0.44323201865840706
LA_Long_Beach,2014-07,24,3.060811361160626,2.3964525462962962,374,319,0.44323201865840706
LA_Long_Beach,2014-08,24,2.688761967956176,1.9637037037037035,382,313,0.44323201865840706
LA_Long_Beach,2014-09,24,2.193231172839506,1.3636921296296296,375,277,0.44323201865840706
LA_Long_Beach,2014-10,24,2.1750000000000003,1.5039930555555556,439,294,0.44323201865840706
LA_Long_Beach,2014-11,24,2.1714715047343724,1.0530092592592593,442,274,0.44323201865840706
LA_Long_Beach,2014-12,24,3.7076111390004463,2.512482638888889,332,291,0.44323201865840706
LA_Long_Beach,2015-01,24,7.88650291495199,4.271064814814815,243,205,0.44323201865840706
LA_Long_Beach,2015-02,24,6.8772681862484495,4.9317824074074075,209,183,0.44323201865840706
LA_Long_Beach,2015-03,24,6.250711275894538,3.2270833333333333,295,223,0.44323201865840706
LA_Long_Beach,2015-04,24,4.281734867615549,3.091475694444444,242,211,0.44323201865840706
LA_Long_Beach,2015-05,24,4.06726929335193,2.533333333333333,239,216,0.44323201865840706
LA_Long_Beach,2015-06,24,3.403632305829036,2.499201388888889,237,208,0.44323201865840706
LA_Long_Beach,2015-07,24,2.9181800944745557,2.3661400462962963,246,216,0.44323201865840706
LA_Long_Beach,2015-08,24,3.9333154244779758,2.576261574074074,243,214,0.44323201865840706
LA_Long_Beach,2015-09,24,3.441337888973448,2.608229166666667,219,194,0.44323201865840706
LA_Long_Beach,2015-10,24,3.07740119170096,2.367824074074074,216,188,0.44323201865840706
LA_Long_Beach,2015-11,24,3.0820454319663013,2.076840277777778,233,198,0.44323201865840706
LA_Long_Beach,2015-12,24,2.8699685994851354,2.0746875,223,198,0.44323201865840706
LA_Long_Beach,2016-01,24,4.670473266711834,2.669103009259259,246,221,0.44323201865840706
LA_Long_Beach,2016-02,24,2.4175250925925926,1.8139814814814814,125,117,0.44323201865840706
LA_Long_Beach,2016-03,24,2.6387837649679753,1.9979050925925925,133,123,0.44323201865840706
LA_Long_Beach,2016-04,24,2.873144985047159,1.7127083333333333,161,151,0.44323201865840706
LA_Long_Beach,2016-05,24,2.4357676555993866,1.5227893518518518,169,144,0.44323201865840706
LA_Long_Beach,2016-06,24,4.719779547930283,1.8822106481481482,255,215,0.44323201865840706
LA_Long_Beach,2016-07,24,3.0711646725188393,2.252025462962963,231,204,0.44323201865840706
LA_Long_Beach,2016-08,24,3.5343996598639453,2.1669791666666667,245,216,0.44323201865840706
LA_Long_Beach,2016-09,24,2.410480604998202,1.949519675925926,206,181,0.44323201865840706
LA_Long_Beach,2016-10,24,2.8061103842368937,2.207638888888889,207,186,0.44323201865840706
LA_Long_Beach,2016-11,24,2.844604451904511,2.2443981481481483,211,184,0.44323201865840706
LA_Long_Beach,2016-12,24,2.7691823824437183,2.051273148148148,204,182,0.44323201865840706
LA_Long_Beach,2017-01,24,5.845201684397162,2.2271875,235,202,0.44323201865840706
LA_Long_Beach,2017-02,24,3.5626693693038587,2.801365740740741,191,171,0.44323201865840706
LA_Long_Beach,2017-03,24,3.385946496212121,2.205688657407407,220,195,0.44323201865840706
LA_Long_Beach,2017-04,24,3.213036499251777,2.624756944444444,198,177,0.44323201865840706
LA_Long_Beach,2017-05,24,3.9955473793747878,3.0380381944444443,218,194,0.44323201865840706
LA_Long_Beach,2017-06,24,3.5160579996239893,2.697465277777778,197,175,0.44323201865840706
LA_Long_Beach,2017-07,24,3.664550520833333,2.6919791666666666,200,185,0.44323201865840706
LA_Long_Beach,2017-08,24,4.405177104187521,2.617818287037037,222,195,0.44323201865840706
LA_Long_Beach,2017-09,24,3.393714894106814,2.594513888888889,181,166,0.44323201865840706
LA_Long_Beach,2017-10,24,3.3845701951951956,2.6137152777777777,185,167,0.44323201865840706
LA_Long_Beach,2017-11,24,3.569383531746032,2.819861111111111,175,155,0.44323201865840706
LA_Long_Beach,2017-12,24,3.1200692401960786,2.5794270833333335,170,159,0.44323201865840706
LA_Long_Beach,2018-01,24,3.583875385802469,2.494369212962963,360,318,0.44323201865840706
LA_Long_Beach,2018-02,24,3.5100910518879265,2.6152604166666666,308,278,0.44323201865840706
LA_Long_Beach,2018-03,24,4.097159029701447,2.0119444444444445,361,291,0.44323201865840706
LA_Long_Beach,2018-04,24,3.6207471590909086,2.7761921296296297,330,283,0.44323201865840706
LA_Long_Beach,2018-05,24,3.7601266576118704,2.7402430555555557,317,278,0.44323201865840706
LA_Long_Beach,2018-06,24,3.4353081735889246,2.747615740740741,313,283,0.44323201865840706
LA_Long_Beach,2018-07,24,3.5532986467236465,2.68443287037037,325,290,0.44323201865840706
LA_Long_Beach,2018-08,24,3.0020139250578706,2.633217592592593,320,283,0.44323201865840706
LA_Long_Beach,2018-09,24,4.521212054617909,2.979658564814815,316,277,0.44323201865840706
LA_Long_Beach,2018-10,24,3.3438834997106484,2.601435185185185,320,277,0.44323201865840706
LA_Long_Beach,2018-11,24,3.064425750922744,2.513541666666667,291,249,0.44323201865840706
LA_Long_Beach,2018-12,24,3.1719566276803115,2.6188541666666665,323,273,0.44323201865840706
LA_Long_Beach,2019-01,24,5.04633874516687,3.1885648148148147,364,305,0.44323201865840706
LA_Long_Beach,2019-02,24,3.5085573773231715,2.6623842592592593,277,243,0.44323201865840706
LA_Long_Beach,2019-03,24,3.372066509163803,2.3446064814814815,291,246,0.44323201865840706
LA_Long_Beach,2019-04,24,3.451857013808233,2.631863425925926,287,245,0.44323201865840706
LA_Long_Beach,2019-05,24,3.4328911344899717,2.780972222222222,301,255,0.44323201865840706
LA_Long_Beach,2019-06,24,3.81168559550353,2.9143518518518516,299,255,0.44323201865840706
LA_Long_Beach,2019-07,24,3.424787146152887,2.5700925925925926,297,253,0.44323201865840706
LA_Long_Beach,2019-08,24,3.713342991698595,2.5611284722222223,290,251,0.44323201865840706
LA_Long_Beach,2019-09,24,3.493253791507024,2.44587962962963,290,246,0.44323201865840706
LA_Long_Beach,2019-10,24,3.3880235836083608,2.6090625,303,264,0.44323201865840706
LA_Long_Beach,2019-11,24,3.2678725355883094,2.1866145833333333,294,250,0.44323201865840706
LA_Long_Beach,2019-12,24,2.748877349994371,2.012141203703704,329,274,0.44323201865840706
LA_Long_Beach,2020-01,24,3.9003900102297764,2.314525462962963,353,289,0.44323201865840706
LA_Long_Beach,2020-02,24,3.140831027560764,2.1160300925925926,256,222,0.44323201865840706
LA_Long_Beach,2020-03,24,3.6973141718107,2.319542824074074,288,242,0.44323201865840706
LA_Long_Beach,2020-04,24,4.574158176474172,2.240775462962963,304,255,0.44323201865840706
LA_Long_Beach,2020-05,24,2.900395030234316,1.6486921296296295,245,196,0.44323201865840706
LA_Long_Beach,2020-06,24,3.0185765801958984,2.111197916666667,242,196,0.44323201865840706
LA_Long_Beach,2020-09,24,3.937925819088319,2.523738425925926,325,267,0.44323201865840706
LA_Long_Beach,2020-10,24,3.918530761131167,3.0420023148148148,277,241,0.44323201865840706
LA_Long_Beach,2020-11,24,4.52888278256705,3.443726851851852,290,238,0.44323201865840706
LA_Long_Beach,2020-12,24,3.9604130878411303,3.0885995370370374,304,231,0.44323201865840706
LA_Long_Beach,2021-01,24,5.183581511308227,3.642164351851852,357,270,0.44323201865840706
LA_Long_Beach,2021-02,24,5.652812027588814,3.700439814814815,245,209,0.44323201865840706
LA_Long_Beach,2021-03,24,5.800375816993464,3.718611111111111,306,266,0.44323201865840706
LA_Long_Beach,2021-04,24,5.937113187351698,4.174803240740741,359,312,0.44323201865840706
LA_Long_Beach,2021-05,24,5.422721507773205,3.9859027777777776,405,314,0.44323201865840706
LA_Long_Beach,2021-06,24,4.830266496381439,3.3388310185185186,435,339,0.44323201865840706
LA_Long_Beach,2021-07,24,4.792169140030442,3.631689814814815,365,321,0.44323201865840706
LA_Long_Beach,2021-08,24,7.467707338019838,4.828668981481481,407,365,0.44323201865840706
LA_Long_Beach,2021-09,24,7.075568561159844,4.138582175925926,380,330,0.44323201865840706
LA_Long_Beach,2021-10,24,7.227470716597686,3.6002893518518517,349,306,0.44323201865840706
LA_Long_Beach,2021-11,24,4.92926846961398,2.552858796296296,426,326,0.44323201865840706
LA_Long_Beach,2021-12,24,3.8593423821548822,2.6834490740740744,374,298,0.44323201865840706
LA_Long_Beach,2022-01,24,5.693053670786612,3.5426331018518518,436,358,0.44323201865840706
LA_Long_Beach,2022-02,24,5.104859354332011,3.8995543981481484,336,304,0.44323201865840706
LA_Long_Beach,2022-03,24,5.589467786031157,4.263981481481482,359,330,0.44323201865840706
LA_Long_Beach,2022-04,24,5.056997192395476,3.9245833333333335,357,318,0.44323201865840706
LA_Long_Beach,2022-05,24,5.513112154407929,4.033483796296296,355,322,0.44323201865840706
LA_Long_Beach,2022-06,24,5.070943762459343,3.8632060185185186,353,324,0.44323201865840706
LA_Long_Beach,2022-07,24,4.886420896975142,3.3213310185185185,371,336,0.44323201865840706
LA_Long_Beach,2022-08,24,5.073240469208211,2.931134259259259,341,304,0.44323201865840706
LA_Long_Beach,2022-09,24,4.099901185908131,2.9780439814814814,333,295,0.44323201865840706
LA_Long_Beach,2022-10,24,3.7340325635386122,2.743263888888889,341,310,0.44323201865840706
LA_Long_Beach,2022-11,24,4.281161382697287,2.9721990740740742,329,292,0.44323201865840706
LA_Long_Beach,2022-12,24,3.3440554832175926,2.495653935185185,320,286,0.44323201865840706
LA_Long_Beach,2023-01,24,4.746319095636733,3.074398148148148,365,316,0.44323201865840706
LA_Long_Beach,2023-02,24,3.1097781072587187,2.3854224537037036,274,240,0.44323201865840706
LA_Long_Beach,2024-01,24,4.370793586706862,2.5472685185185187,387,344,0.44323201865840706
LA_Long_Beach,2024-02,24,4.020959823988075,2.577777777777778,323,286,0.44323201865840706
LA_Long_Beach,2024-03,24,3.4833063717619357,2.702818287037037,346,297,0.44323201865840706
LA_Long_Beach,2024-04,24,3.5713182043650793,2.7457060185185185,336,299,0.44323201865840706
LA_Long_Beach,2024-05,24,3.4439522611379494,2.3670601851851854,345,308,0.44323201865840706
LA_Long_Beach,2024-06,24,3.853870767195767,2.722008101851852,350,313,0.44323201865840706
LA_Long_Beach,2024-07,24,4.1548894131090375,2.7555092592592594,393,360,0.44323201865840706
LA_Long_Beach,2024-08,24,3.6281978415103415,2.6456944444444446,385,342,0.44323201865840706
LA_Long_Beach,2024-09,24,3.927279394977169,2.9230787037037036,365,328,0.44323201865840706
LA_Long_Beach,2024-10,24,3.412549787916408,2.5519907407407407,358,318,0.44323201865840706
LA_Long_Beach,2024-11,24,3.763236583386548,2.5239699074074076,348,314,0.44323201865840706
LA_Long_Beach,2024-12,24,2.8225810185185183,2.0990219907407406,400,326,0.44323201865840706
LA_Long_Beach,2025-01,24,4.424692356458217,2.9560243055555553,398,361,0.44323201865840706
LA_Long_Beach,2025-02,24,3.3965627580207594,2.533287037037037,314,279,0.44323201865840706
LA_Long_Beach,2025-03,24,3.6103017418528185,2.6170949074074072,383,314,0.44323201865840706
LA_Long_Beach,2025-04,24,3.683774462655176,2.736365740740741,361,318,0.44323201865840706
LA_Long_Beach,2025-05,24,3.781837720714901,2.364334490740741,344,308,0.44323201865840706
LA_Long_Beach,2025-06,24,3.711166233926805,2.746608796296296,337,305,0.44323201865840706
LA_Long_Beach,2025-07,24,3.7264649782869124,3.0623958333333334,371,335,0.44323201865840706
LA_Long_Beach,2025-08,24,3.891728978628488,3.029548611111111,357,307,0.44323201865840706
LA_Long_Beach,2025-09,24,3.420310535914702,2.6538715277777776,330,294,0.44323201865840706
LA_Long_Beach,2025-10,24,3.8019138112663557,2.7584895833333336,334,297,0.44323201865840706
LA_Long_Beach,2025-11,24,3.608335855887939,2.768425925925926,312,276,0.44323201865840706
LA_Long_Beach,2025-12,24,3.0895193677405217,2.345503472222222,338,295,0.44323201865840706
LA_Long_Beach,2008-12,48,2.315046296296296,2.0840277777777776,3,3,0.3035786818788032
LA_Long_Beach,2009-01,48,4.002444824961948,2.037152777777778,438,366,0.3035786818788032
LA_Long_Beach,2009-02,48,2.8148117987694534,2.0520833333333335,307,274,0.3035786818788032
LA_Long_Beach,2009-03,48,3.271050579322638,2.107986111111111,374,334,0.3035786818788032
LA_Long_Beach,2009-04,48,3.079941768964432,2.013888888888889,353,316,0.3035786818788032
LA_Long_Beach,2009-05,48,2.5547241248097414,2.01875,365,310,0.3035786818788032
LA_Long_Beach,2009-06,48,1.2605489417989417,1.0475694444444446,42,42,0.3035786818788032
LA_Long_Beach,2009-07,48,4.03471675415573,2.111111111111111,381,324,0.3035786818788032
LA_Long_Beach,2009-08,48,2.7961127794461125,2.1375,333,295,0.3035786818788032
LA_Long_Beach,2009-09,48,2.901713487566887,2.0944444444444446,353,304,0.3035786818788032
LA_Long_Beach,2009-10,48,2.9529341293047433,2.0895833333333336,342,297,0.3035786818788032
LA_Long_Beach,2009-11,48,2.4748416576185304,2.004166666666667,307,279,0.3035786818788032
LA_Long_Beach,2009-12,48,2.5045260012919894,1.9701388888888889,344,302,0.3035786818788032
LA_Long_Beach,2010-01,48,4.214516356457981,2.0770833333333334,394,318,0.3035786818788032
LA_Long_Beach,2010-02,48,2.996996872700515,2.1409722222222225,302,271,0.3035786818788032
LA_Long_Beach,2010-03,48,2.5600704170557114,1.9784722222222222,357,321,0.3035786818788032
LA_Long_Beach,2010-04,48,2.851893234016139,2.0555555555555554,358,309,0.3035786818788032
LA_Long_Beach,2010-05,48,2.622103012412958,2.0243055555555554,367,325,0.3035786818788032
LA_Long_Beach,2010-06,48,2.5262129873937265,2.025,379,332,0.3035786818788032
LA_Long_Beach,2010-07,48,2.4445833333333336,2.15625,365,324,0.3035786818788032
LA_Long_Beach,2010-08,48,2.6612122437971952,2.1284722222222223,412,362,0.3035786818788032
LA_Long_Beach,2010-09,48,2.695692640692641,2.053472222222222,385,344,0.3035786818788032
LA_Long_Beach,2010-10,48,2.6958572163433274,2.0458333333333334,378,344,0.3035786818788032
LA_Long_Beach,2010-11,48,2.697341376228776,2.109027777777778,373,331,0.3035786818788032
LA_Long_Beach,2010-12,48,1.6868853096794274,1.3111111111111111,357,301,0.3035786818788032
LA_Long_Beach,2011-01,48,2.7369941483361533,1.8614583333333334,394,343,0.3035786818788032
LA_Long_Beach,2011-02,48,2.3970539306716185,2.027083333333333,359,324,0.3035786818788032
LA_Long_Beach,2011-03,48,2.5354256854256856,1.9784722222222222,385,346,0.3035786818788032
LA_Long_Beach,2011-04,48,2.6551174147963423,2.047222222222222,401,349,0.3035786818788032
LA_Long_Beach,2011-05,48,2.872425766283525,2.1447916666666664,406,354,0.3035786818788032
LA_Long_Beach,2011-06,48,3.023013361462729,1.9638888888888888,395,345,0.3035786818788032
LA_Long_Beach,2011-07,48,2.7082413194444444,2.0430555555555556,400,355,0.3035786818788032
LA_Long_Beach,2011-08,48,2.345810763888889,2.0309027777777775,400,356,0.3035786818788032
LA_Long_Beach,2011-09,48,2.5953636162687888,2.084722222222222,377,330,0.3035786818788032
LA_Long_Beach,2011-10,48,3.1293112633181126,2.1805555555555554,365,322,0.3035786818788032
LA_Long_Beach,2011-11,48,2.6796543834296727,2.0399305555555554,346,307,0.3035786818788032
LA_Long_Beach,2011-12,48,2.609848484848485,2.026736111111111,330,294,0.3035786818788032
LA_Long_Beach,2012-01,48,3.101337579403532,2.039016203703704,344,308,0.3035786818788032
LA_Long_Beach,2012-02,48,2.473334333561957,1.7828935185185184,324,286,0.3035786818788032
LA_Long_Beach,2012-03,48,2.7917225167104975,2.043165509259259,338,307,0.3035786818788032
LA_Long_Beach,2012-04,48,2.6710418373757236,2.2073726851851854,339,311,0.3035786818788032
LA_Long_Beach,2012-05,48,3.415668259367239,2.1672569444444445,343,308,0.3035786818788032
LA_Long_Beach,2012-06,48,2.7217478213507627,2.2016898148148147,340,304,0.3035786818788032
LA_Long_Beach,2012-07,48,2.789172631022387,2.1931712962962964,359,324,0.3035786818788032
LA_Long_Beach,2012-08,48,2.970482609710551,2.154849537037037,357,319,0.3035786818788032
LA_Long_Beach,2012-09,48,2.9340744291070213,2.159565972222222,326,300,0.3035786818788032
LA_Long_Beach,2012-10,48,2.753782982948796,2.0718865740740737,366,328,0.3035786818788032
LA_Long_Beach,2012-11,48,3.3026531800474253,2.112650462962963,328,302,0.3035786818788032
LA_Long_Beach,2012-12,48,3.010365451388889,2.165138888888889,360,324,0.3035786818788032
LA_Long_Beach,2013-01,48,4.028201297514619,2.1329918981481484,380,338,0.3035786818788032
LA_Long_Beach,2013-02,48,3.220757322827635,2.190434027777778,312,279,0.3035786818788032
LA_Long_Beach,2013-03,48,2.9746850396429365,1.8873784722222222,334,300,0.3035786818788032
LA_Long_Beach,2013-04,48,2.7186589933592487,2.217604166666667,343,310,0.3035786818788032
LA_Long_Beach,2013-05,48,2.660081829027907,2.0944444444444446,357,317,0.3035786818788032
LA_Long_Beach,2013-06,48,3.283988251831218,2.0860069444444442,359,320,0.3035786818788032
LA_Long_Beach,2013-07,48,2.606832182082348,2.1178645833333336,376,340,0.3035786818788032
LA_Long_Beach,2013-08,48,3.0259268045859997,2.2447337962962965,382,339,0.3035786818788032
LA_Long_Beach,2013-09,48,3.1835996740083274,2.4322685185185184,338,307,0.3035786818788032
LA_Long_Beach,2013-10,48,2.5466513723544972,2.0590625,336,301,0.3035786818788032
LA_Long_Beach,2013-11,48,2.3938939241356163,2.033333333333333,331,299,0.3035786818788032
LA_Long_Beach,2013-12,48,2.519223886423406,1.9758333333333333,338,306,0.3035786818788032
LA_Long_Beach,2013-12,48,19.51544117647059,1.9405555555555556,17,17,0.3035786818788032
LA_Long_Beach,2014-01,48,3.0996506977992486,2.2883796296296297,345,313,0.3035786818788032
LA_Long_Beach,2014-02,48,2.6675027483587264,2.119525462962963,299,272,0.3035786818788032
LA_Long_Beach,2014-03,48,2.5958433472657614,2.1257291666666664,319,296,0.3035786818788032
LA_Long_Beach,2014-04,48,2.8840779665454144,2.2510474537037037,336,310,0.3035786818788032
LA_Long_Beach,2014-05,48,2.5688294502157984,1.9346875,369,320,0.3035786818788032
LA_Long_Beach,2014-06,48,3.3475476619687536,2.315590277777778,339,297,0.3035786818788032
LA_Long_Beach,2014-07,48,3.2527075681052957,2.58037037037037,363,318,0.3035786818788032
LA_Long_Beach,2014-08,48,3.0302020725037906,2.6299074074074076,342,309,0.3035786818788032
LA_Long_Beach,2014-09,48,2.619829169447225,1.7453587962962962,333,274,0.3035786818788032
LA_Long_Beach,2014-10,48,2.881108983286908,2.4145833333333333,359,289,0.3035786818788032
LA_Long_Beach,2014-11,48,3.480235550752482,1.9302083333333333,347,274,0.3035786818788032
LA_Long_Beach,2014-12,48,3.5787940691085405,2.5163541666666664,317,282,0.3035786818788032
LA_Long_Beach,2015-01,48,9.311001740974167,4.311973379629629,238,205,0.3035786818788032
LA_Long_Beach,2015-02,48,9.124435342502696,4.94326388888889,206,183,0.3035786818788032
LA_Long_Beach,2015-03,48,5.381040991137051,3.915787037037037,257,216,0.3035786818788032
LA_Long_Beach,2015-04,48,4.414051416352793,3.383449074074074,236,211,0.3035786818788032
LA_Long_Beach,2015-05,48,3.6603441944053756,2.5534837962962964,237,215,0.3035786818788032
LA_Long_Beach,2015-06,48,3.447803486997636,2.499201388888889,235,208,0.3035786818788032
LA_Long_Beach,2015-07,48,2.9924699647995103,2.4786631944444446,242,216,0.3035786818788032
LA_Long_Beach,2015-08,48,4.234587337865292,2.6321412037037035,237,214,0.3035786818788032
LA_Long_Beach,2015-09,48,3.050099493566336,2.6679282407407405,213,193,0.3035786818788032
LA_Long_Beach,2015-10,48,3.2905960919840025,2.3754166666666667,213,187,0.3035786818788032
LA_Long_Beach,2015-11,48,3.0573251951503075,2.1474652777777776,223,196,0.3035786818788032
LA_Long_Beach,2015-12,48,2.8476697884811415,2.0958043981481485,218,197,0.3035786818788032
LA_Long_Beach,2016-01,48,4.7703901228191,2.701423611111111,242,221,0.3035786818788032
LA_Long_Beach,2016-02,48,2.5174714442926533,2.074618055555556,122,117,0.3035786818788032
LA_Long_Beach,2016-03,48,2.732404024216524,1.9771006944444443,130,123,0.3035786818788032
LA_Long_Beach,2016-04,48,2.92417773119031,1.7411574074074074,159,151,0.3035786818788032
LA_Long_Beach,2016-05,48,2.51005787037037,1.599704861111111,166,144,0.3035786818788032
LA_Long_Beach,2016-06,48,5.0857325284309205,2.1510185185185184,241,215,0.3035786818788032
LA_Long_Beach,2016-07,48,3.1301589170692434,2.3451157407407406,230,204,0.3035786818788032
LA_Long_Beach,2016-08,48,3.6163232217573222,2.2184837962962964,239,214,0.3035786818788032
LA_Long_Beach,2016-09,48,2.4835217683816824,2.040613425925926,203,181,0.3035786818788032
LA_Long_Beach,2016-10,48,2.9005537220388704,2.4287615740740742,202,185,0.3035786818788032
LA_Long_Beach,2016-11,48,3.019794061302682,2.4553819444444445,203,184,0.3035786818788032
LA_Long_Beach,2016-12,48,2.8544666666666667,2.0613194444444445,200,182,0.3035786818788032
LA_Long_Beach,2017-01,48,5.974524961920795,2.3447453703703705,231,202,0.3035786818788032
LA_Long_Beach,2017-02,48,3.5684702225130893,2.801365740740741,191,171,0.3035786818788032
LA_Long_Beach,2017-03,48,3.4687631280006856,2.2817997685185185,216,194,0.3035786818788032
LA_Long_Beach,2017-04,48,3.3117420771286747,2.6666145833333332,194,177,0.3035786818788032
LA_Long_Beach,2017-05,48,4.022930534220857,3.0359143518518517,217,194,0.3035786818788032
LA_Long_Beach,2017-06,48,3.567258665716999,2.7172569444444443,195,175,0.3035786818788032
LA_Long_Beach,2017-07,48,3.706517997685185,2.6919791666666666,200,185,0.3035786818788032
LA_Long_Beach,2017-08,48,4.535411629801097,2.627060185185185,216,195,0.3035786818788032
LA_Long_Beach,2017-09,48,3.452761548210221,2.6006944444444446,179,166,0.3035786818788032
LA_Long_Beach,2017-10,48,3.433824567395264,2.6137152777777777,183,167,0.3035786818788032
LA_Long_Beach,2017-11,48,3.569383531746032,2.819861111111111,175,155,0.3035786818788032
LA_Long_Beach,2017-12,48,3.2061015469061873,2.608726851851852,167,159,0.3035786818788032
LA_Long_Beach,2018-01,48,5.536870396675084,2.5927256944444443,352,318,0.3035786818788032
LA_Long_Beach,2018-02,48,3.5016746999878166,2.645341435185185,304,277,0.3035786818788032
LA_Long_Beach,2018-03,48,3.434284458509142,2.5214351851851853,316,287,0.3035786818788032
LA_Long_Beach,2018-04,48,3.6405656152647974,2.990810185185185,321,282,0.3035786818788032
LA_Long_Beach,2018-05,48,3.7742343619745147,2.7341319444444445,311,277,0.3035786818788032
LA_Long_Beach,2018-06,48,3.2871909041394334,2.7418287037037037,306,282,0.3035786818788032
LA_Long_Beach,2018-07,48,3.7216173055844006,2.700717592592593,321,290,0.3035786818788032
LA_Long_Beach,2018-08,48,3.0218735113731094,2.6484375,311,281,0.3035786818788032
LA_Long_Beach,2018-09,48,4.6907619100955795,3.0055844907407407,310,275,0.3035786818788032
LA_Long_Beach,2018-10,48,3.450132843831092,2.6956944444444444,314,275,0.3035786818788032
LA_Long_Beach,2018-11,48,3.142090582575458,2.599861111111111,281,248,0.3035786818788032
LA_Long_Beach,2018-12,48,3.3325226942628903,2.865133101851852,306,272,0.3035786818788032
LA_Long_Beach,2019-01,48,5.348732426969223,3.297037037037037,355,305,0.3035786818788032
LA_Long_Beach,2019-02,48,3.5398622256515777,2.7180729166666664,270,240,0.3035786818788032
LA_Long_Beach,2019-03,48,3.575395866881374,2.5699247685185185,276,245,0.3035786818788032
LA_Long_Beach,2019-04,48,3.78861991747182,2.7232465277777775,276,245,0.3035786818788032
LA_Long_Beach,2019-05,48,3.4460747802887637,2.794861111111111,295,254,0.3035786818788032
LA_Long_Beach,2019-06,48,4.0365542328042325,3.016678240740741,287,255,0.3035786818788032
LA_Long_Beach,2019-07,48,3.6239549970344007,2.678541666666667,281,252,0.3035786818788032
LA_Long_Beach,2019-08,48,3.9297655731448295,2.695150462962963,279,250,0.3035786818788032
LA_Long_Beach,2019-09,48,3.8739367729643006,2.594699074074074,277,246,0.3035786818788032
LA_Long_Beach,2019-10,48,3.519293901384083,2.621354166666667,289,263,0.3035786818788032
LA_Long_Beach,2019-11,48,3.4832238872644576,2.2204050925925927,285,250,0.3035786818788032
LA_Long_Beach,2019-12,48,2.8133489236476223,2.0492708333333334,317,272,0.3035786818788032
LA_Long_Beach,2020-01,48,4.276960709785229,2.441267361111111,338,289,0.3035786818788032
LA_Long_Beach,2020-02,48,3.244046438019652,2.2424768518518516,245,219,0.3035786818788032
LA_Long_Beach,2020-03,48,3.899050338835212,2.602210648148148,276,240,0.3035786818788032
LA_Long_Beach,2020-04,48,5.074246703638267,2.5627546296296297,283,255,0.3035786818788032
LA_Long_Beach,2020-05,48,3.372815610213738,2.2583912037037037,227,195,0.3035786818788032
LA_Long_Beach,2020-06,48,3.2111652107424167,2.268449074074074,221,192,0.3035786818788032
LA_Long_Beach,2020-09,48,4.166128806089743,2.7586574074074073,312,267,0.3035786818788032
LA_Long_Beach,2020-10,48,4.169395527603075,3.1944097222222223,265,241,0.3035786818788032
LA_Long_Beach,2020-11,48,4.848196043771043,4.017465277777778,275,238,0.3035786818788032
LA_Long_Beach,2020-12,48,4.085270529367752,3.1555787037037035,297,231,0.3035786818788032
LA_Long_Beach,2021-01,48,6.413286347191563,4.908067129629629,302,270,0.3035786818788032
LA_Long_Beach,2021-02,48,6.004796325721908,4.106082175925926,236,208,0.3035786818788032
LA_Long_Beach,2021-03,48,6.128796571869488,4.0521817129629625,294,266,0.3035786818788032
LA_Long_Beach,2021-04,48,7.402883319914117,4.350740740740741,345,311,0.3035786818788032
LA_Long_Beach,2021-05,48,6.4729669693732195,5.007980324074074,338,307,0.3035786818788032
LA_Long_Beach,2021-06,48,5.685923859126984,4.02822337962963,364,335,0.3035786818788032
LA_Long_Beach,2021-07,48,6.098923708645444,4.659542824074074,356,321,0.3035786818788032
LA_Long_Beach,2021-08,48,7.622736374311629,4.986967592592593,343,313,0.3035786818788032
LA_Long_Beach,2021-09,48,7.197271090534979,4.335381944444444,369,329,0.3035786818788032
LA_Long_Beach,2021-10,48,8.168676812012308,4.122048611111111,337,305,0.3035786818788032
LA_Long_Beach,2021-11,48,6.033022566174933,2.748611111111111,354,313,0.3035786818788032
LA_Long_Beach,2021-12,48,3.9108072659083417,2.478599537037037,337,289,0.3035786818788032
LA_Long_Beach,2022-01,48,6.577834955435486,3.7083101851851854,401,358,0.3035786818788032
LA_Long_Beach,2022-02,48,5.139098664584036,3.9802430555555555,329,303,0.3035786818788032
LA_Long_Beach,2022-03,48,5.77053416005291,4.338946759259259,350,329,0.3035786818788032
LA_Long_Beach,2022-04,48,5.336645356753813,4.117320601851851,340,314,0.3035786818788032
LA_Long_Beach,2022-05,48,5.77142997346762,4.117974537037037,342,320,0.3035786818788032
LA_Long_Beach,2022-06,48,5.185110104669887,3.9162268518518517,345,322,0.3035786818788032
LA_Long_Beach,2022-07,48,5.056109660321882,3.4202546296296297,359,334,0.3035786818788032
LA_Long_Beach,2022-08,48,5.324728043912176,3.094334490740741,334,303,0.3035786818788032
LA_Long_Beach,2022-09,48,4.336067546583851,2.991087962962963,322,294,0.3035786818788032
LA_Long_Beach,2022-10,48,3.8762372166943067,2.783703703703704,335,309,0.3035786818788032
LA_Long_Beach,2022-11,48,4.364896237507349,3.0027777777777778,315,289,0.3035786818788032
LA_Long_Beach,2022-12,48,3.5053602383120825,2.5995601851851853,305,281,0.3035786818788032
LA_Long_Beach,2023-01,48,5.131378246062154,3.099814814814815,348,316,0.3035786818788032
LA_Long_Beach,2023-02,48,3.17464712226431,2.479814814814815,264,239,0.3035786818788032
LA_Long_Beach,2024-01,48,4.464136470788374,2.7008680555555555,381,344,0.3035786818788032
LA_Long_Beach,2024-02,48,4.131049005432877,2.7085185185185185,317,286,0.3035786818788032
LA_Long_Beach,2024-03,48,3.722531107496385,2.7960416666666665,333,297,0.3035786818788032
LA_Long_Beach,2024-04,48,3.6776267887205387,2.721064814814815,330,297,0.3035786818788032
LA_Long_Beach,2024-05,48,3.4570350285947713,2.370885416666667,340,306,0.3035786818788032
LA_Long_Beach,2024-06,48,4.015538905133203,2.939351851851852,342,313,0.3035786818788032
LA_Long_Beach,2024-07,48,4.248417462197339,2.788263888888889,387,358,0.3035786818788032
LA_Long_Beach,2024-08,48,3.722799421603301,2.69375,377,342,0.3035786818788032
LA_Long_Beach,2024-09,48,4.02583662178892,3.0392824074074074,359,328,0.3035786818788032
LA_Long_Beach,2024-10,48,3.5697198676111643,2.7885069444444444,349,318,0.3035786818788032
LA_Long_Beach,2024-11,48,4.087268656305115,2.7095659722222223,336,312,0.3035786818788032
LA_Long_Beach,2024-12,48,3.1333772888056597,2.2831365740740743,356,319,0.3035786818788032
LA_Long_Beach,2025-01,48,4.645942594948639,3.012326388888889,393,361,0.3035786818788032
LA_Long_Beach,2025-02,48,3.5379676152868558,2.652372685185185,306,278,0.3035786818788032
LA_Long_Beach,2025-03,48,3.870105699008868,2.824224537037037,355,313,0.3035786818788032
LA_Long_Beach,2025-04,48,3.7919705603038936,2.9732060185185185,351,315,0.3035786818788032
LA_Long_Beach,2025-05,48,3.7847447983957796,2.364334490740741,344,308,0.3035786818788032
LA_Long_Beach,2025-06,48,3.991903900532269,2.76375,334,304,0.3035786818788032
LA_Long_Beach,2025-07,48,3.763944787851038,3.062945601851852,364,332,0.3035786818788032
LA_Long_Beach,2025-08,48,3.925818419312169,3.0783043981481484,350,306,0.3035786818788032
LA_Long_Beach,2025-09,48,3.4646013773867037,2.672853009259259,322,294,0.3035786818788032
LA_Long_Beach,2025-10,48,3.948303389398573,2.7759722222222223,327,297,0.3035786818788032
LA_Long_Beach,2025-11,48,3.7607766510301697,3.0065162037037036,302,275,0.3035786818788032
LA_Long_Beach,2025-12,48,3.1586795065458206,2.336145833333333,331,293,0.3035786818788032
NY_NJ,2008-12,12,14.145601851851852,1.0569444444444445,9,6,-0.4687705187711626
NY_NJ,2009-01,12,0.520644247727581,0.029166666666666667,819,374,-0.4687705187711626
NY_NJ,2009-02,12,0.435570987654321,0.030555555555555555,738,354,-0.4687705187711626
NY_NJ,2009-03,12,0.4160355090311987,0.03194444444444444,812,379,-0.4687705187711626
NY_NJ,2009-04,12,0.4470629550490661,0.027777777777777776,702,338,-0.4687705187711626
NY_NJ,2009-05,12,0.4183157304240174,0.029166666666666667,718,341,-0.4687705187711626
NY_NJ,2009-06,12,0.33343153759820426,0.034722222222222224,99,69,-0.4687705187711626
NY_NJ,2009-07,12,0.4237966497031383,0.029861111111111113,786,364,-0.4687705187711626
NY_NJ,2009-08,12,0.542182067862606,0.03125,799,367,-0.4687705187711626
NY_NJ,2009-09,12,0.5524458946898706,0.027777777777777776,747,340,-0.4687705187711626
NY_NJ,2009-10,12,0.4436153715064758,0.03263888888888889,815,351,-0.4687705187711626
NY_NJ,2009-11,12,0.41822852445540487,0.029861111111111113,811,347,-0.4687705187711626
NY_NJ,2009-12,12,0.39446653237206675,0.029861111111111113,786,350,-0.4687705187711626
NY_NJ,2010-01,12,0.6258501415428167,0.035416666666666666,785,335,-0.4687705187711626
NY_NJ,2010-02,12,0.4658283373301359,0.059027777777777776,695,302,-0.4687705187711626
NY_NJ,2010-03,12,0.41648271370229545,0.030555555555555555,789,334,-0.4687705187711626
NY_NJ,2010-04,12,0.4914342592592593,0.029861111111111113,750,345,-0.4687705187711626
NY_NJ,2010-05,12,0.6496473944875107,0.02847222222222222,774,348,-0.4687705187711626
NY_NJ,2010-06,12,0.5231172061090094,0.029166666666666667,793,353,-0.4687705187711626
NY_NJ,2010-07,12,0.4106992337164751,0.029166666666666667,870,381,-0.4687705187711626
NY_NJ,2010-08,12,0.3758845389779422,0.030555555555555555,811,359,-0.4687705187711626
NY_NJ,2010-09,12,0.4009803391053391,0.03125,770,345,-0.4687705187711626
NY_NJ,2010-11,12,0.4358126800060633,0.029166666666666667,733,340,-0.4687705187711626
NY_NJ,2010-12,12,0.40906529058702973,0.03125,759,346,-0.4687705187711626
NY_NJ,2011-01,12,0.566113834422658,0.029861111111111113,765,341,-0.4687705187711626
NY_NJ,2011-02,12,0.3920911047345768,0.027777777777777776,697,316,-0.4687705187711626
NY_NJ,2011-03,12,0.5238710826210826,0.02847222222222222,780,362,-0.4687705187711626
NY_NJ,2011-04,12,0.4142793501048218,0.029861111111111113,795,356,-0.4687705187711626
NY_NJ,2011-05,12,0.5183241070251747,0.030555555555555555,843,388,-0.4687705187711626
NY_NJ,2011-06,12,0.4313055179162903,0.02847222222222222,738,352,-0.4687705187711626
NY_NJ,2011-07,12,0.40692207187857965,0.029861111111111113,776,359,-0.4687705187711626
NY_NJ,2011-08,12,0.39094274977895666,0.029166666666666667,754,362,-0.4687705187711626
NY_NJ,2011-09,12,0.40080771643663743,0.030555555555555555,797,366,-0.4687705187711626
NY_NJ,2011-10,12,0.40547941435490975,0.030555555555555555,757,340,-0.4687705187711626
NY_NJ,2011-11,12,0.3672865398956003,0.03125,745,348,-0.4687705187711626
NY_NJ,2011-12,12,0.39708126597504134,0.029166666666666667,739,344,-0.4687705187711626
NY_NJ,2012-01,12,0.3743537692436412,0.031203703703703706,664,307,-0.4687705187711626
NY_NJ,2012-02,12,0.36678306977911646,0.028761574074074075,664,318,-0.4687705187711626
NY_NJ,2012-03,12,0.3952465760030864,0.02814814814814815,720,342,-0.4687705187711626
NY_NJ,2012-04,12,0.6016368605771736,0.028252314814814813,711,335,-0.4687705187711626
NY_NJ,2012-05,12,0.41333489739739737,0.02966435185185185,740,340,-0.4687705187711626
NY_NJ,2012-06,12,0.45719142000099167,0.029641203703703704,747,348,-0.4687705187711626
NY_NJ,2012-07,12,0.3553023608588152,0.028043981481481482,734,346,-0.4687705187711626
NY_NJ,2012-08,12,0.40062526164795115,0.030862268518518518,752,345,-0.4687705187711626
NY_NJ,2012-09,12,0.4029049743173831,0.028854166666666667,685,324,-0.4687705187711626
NY_NJ,2012-10,12,0.39732588901193555,0.029907407407407407,602,286,-0.4687705187711626
NY_NJ,2012-11,12,0.5315189304770872,0.028078703703703703,590,287,-0.4687705187711626
NY_NJ,2012-12,12,0.378573988340192,0.028715277777777777,675,326,-0.4687705187711626
NY_NJ,2013-01,12,0.6487761863425926,0.02793402777777778,640,325,-0.4687705187711626
NY_NJ,2013-02,12,0.41810489053016225,0.02896412037037037,598,298,-0.4687705187711626
NY_NJ,2013-03,12,0.41827502587557347,0.028136574074074074,662,326,-0.4687705187711626
NY_NJ,2013-04,12,0.3606532607247535,0.027881944444444445,695,339,-0.4687705187711626
NY_NJ,2013-05,12,0.3622721193415638,0.02755787037037037,675,333,-0.4687705187711626
NY_NJ,2013-06,12,0.3676986154786862,0.027413194444444445,636,320,-0.4687705187711626
NY_NJ,2013-07,12,0.3658079854342647,0.02828125,684,331,-0.4687705187711626
NY_NJ,2013-08,12,0.32980411679874927,0.027083333333333334,687,339,-0.4687705187711626
NY_NJ,2013-09,12,0.431781538427405,0.027563657407407408,626,293,-0.4687705187711626
NY_NJ,2013-10,12,0.41358178297896664,0.02741898148148148,648,327,-0.4687705187711626
NY_NJ,2013-11,12,0.3396828222991362,0.026331018518518517,626,299,-0.4687705187711626
NY_NJ,2013-12,12,0.34836391287284146,0.026400462962962962,637,307,-0.4687705187711626
NY_NJ,2013-12,12,1.193684413580247,0.753287037037037,6,6,-0.4687705187711626
NY_NJ,2014-01,12,0.3749053937636578,0.02806712962962963,661,301,-0.4687705187711626
NY_NJ,2014-02,12,0.45160492555982673,0.028356481481481483,607,303,-0.4687705187711626
NY_NJ,2014-03,12,0.38759499229483363,0.027997685185185184,709,338,-0.4687705187711626
NY_NJ,2014-04,12,0.31091236870178895,0.027777777777777776,677,316,-0.4687705187711626
NY_NJ,2014-05,12,0.31983446554749373,0.02939814814814815,781,356,-0.4687705187711626
NY_NJ,2014-06,12,0.43717981637099285,0.027453703703703702,714,325,-0.4687705187711626
NY_NJ,2014-07,12,0.34420118417737466,0.028125,735,329,-0.4687705187711626
NY_NJ,2014-08,12,0.32069149543378994,0.028194444444444446,730,319,-0.4687705187711626
NY_NJ,2014-09,12,0.346244875334672,0.026730324074074073,664,309,-0.4687705187711626
NY_NJ,2014-10,12,0.29950822064733357,0.026846064814814816,682,316,-0.4687705187711626
NY_NJ,2014-11,12,0.17305056980056982,0.01747685185185185,520,267,-0.4687705187711626
NY_NJ,2014-12,12,0.39343238005656955,0.027748842592592592,694,327,-0.4687705187711626
NY_NJ,2015-01,12,0.35751575028636884,0.027083333333333334,485,235,-0.4687705187711626
NY_NJ,2015-02,12,0.37574627396036386,0.026174768518518517,456,219,-0.4687705187711626
NY_NJ,2015-03,12,0.3298285546613011,0.027627314814814816,497,242,-0.4687705187711626
NY_NJ,2015-04,12,0.3177511893528348,0.0259375,471,226,-0.4687705187711626
NY_NJ,2015-05,12,0.3068602069605393,0.025925925925925925,489,239,-0.4687705187711626
NY_NJ,2015-06,12,0.30864388769157086,0.02568287037037037,464,234,-0.4687705187711626
NY_NJ,2015-07,12,0.3034129020722183,0.025590277777777778,479,244,-0.4687705187711626
NY_NJ,2015-08,12,0.27756672859811565,0.026377314814814815,456,237,-0.4687705187711626
NY_NJ,2015-09,12,0.34699140136140705,0.026626157407407407,438,235,-0.4687705187711626
NY_NJ,2015-10,12,0.33143408743795344,0.026516203703703705,485,251,-0.4687705187711626
NY_NJ,2015-11,12,0.3131956855546319,0.02753472222222222,401,219,-0.4687705187711626
NY_NJ,2015-12,12,0.3407805449127288,0.025451388888888888,435,224,-0.4687705187711626
NY_NJ,2016-01,12,0.3389323598223491,0.02616898148148148,467,226,-0.4687705187711626
NY_NJ,2016-02,12,0.3652765059015059,0.02824074074074074,273,144,-0.4687705187711626
NY_NJ,2016-03,12,0.29600972404491105,0.025931712962962962,254,135,-0.4687705187711626
NY_NJ,2016-04,12,0.41391985058162856,0.027407407407407408,277,150,-0.4687705187711626
NY_NJ,2016-05,12,0.45046814903846155,0.026741898148148147,520,248,-0.4687705187711626
NY_NJ,2016-06,12,0.41958680067198,0.02554398148148148,474,234,-0.4687705187711626
NY_NJ,2016-07,12,0.36621484998859233,0.026851851851851852,487,240,-0.4687705187711626
NY_NJ,2016-08,12,0.361596495711079,0.027951388888888887,462,227,-0.4687705187711626
NY_NJ,2016-09,12,0.34161420755170757,0.027407407407407408,385,196,-0.4687705187711626
NY_NJ,2016-10,12,0.43829753261784515,0.0275,440,224,-0.4687705187711626
NY_NJ,2016-11,12,0.4302381694029121,0.027546296296296298,379,199,-0.4687705187711626
NY_NJ,2016-12,12,0.26974403935185187,0.02668402777777778,400,196,-0.4687705187711626
NY_NJ,2017-01,12,0.3410085154406484,0.02744212962962963,361,177,-0.4687705187711626
NY_NJ,2017-02,12,0.3089351552005373,0.026319444444444444,386,184,-0.4687705187711626
NY_NJ,2017-03,12,0.30083527729926307,0.026157407407407407,387,189,-0.4687705187711626
NY_NJ,2017-04,12,0.27784534003056455,0.026666666666666665,412,192,-0.4687705187711626
NY_NJ,2017-05,12,0.3513863579488579,0.028009259259259258,407,196,-0.4687705187711626
NY_NJ,2017-06,12,0.3046162509956193,0.028211805555555552,372,180,-0.4687705187711626
NY_NJ,2017-07,12,0.3664046525366513,0.027667824074074074,384,187,-0.4687705187711626
NY_NJ,2017-08,12,0.2796960764721556,0.02722222222222222,417,195,-0.4687705187711626
NY_NJ,2017-09,12,0.3635316966082931,0.028292824074074074,368,179,-0.4687705187711626
NY_NJ,2017-10,12,0.2914719368340944,0.02730324074074074,365,179,-0.4687705187711626
NY_NJ,2017-11,12,0.4001252649106873,0.027523148148148147,367,179,-0.4687705187711626
NY_NJ,2017-12,12,0.23538245657161588,0.025925925925925925,339,166,-0.4687705187711626
NY_NJ,2018-01,12,0.5304415996879231,0.0278125,629,300,-0.4687705187711626
NY_NJ,2018-02,12,0.3542985943370907,0.027430555555555555,552,289,-0.4687705187711626
NY_NJ,2018-03,12,0.31831355435058345,0.02737847222222222,584,297,-0.4687705187711626
NY_NJ,2018-04,12,0.45777527991335654,0.027662037037037037,607,302,-0.4687705187711626
NY_NJ,2018-05,12,0.28337695177708766,0.02679976851851852,644,312,-0.4687705187711626
NY_NJ,2018-06,12,0.3144197658402204,0.026516203703703705,605,299,-0.4687705187711626
NY_NJ,2018-07,12,0.3478152956700662,0.027210648148148147,621,307,-0.4687705187711626
NY_NJ,2018-08,12,0.3126722545059897,0.027083333333333334,674,324,-0.4687705187711626
NY_NJ,2018-09,12,0.5556686479912115,0.027141203703703702,590,294,-0.4687705187711626
NY_NJ,2018-10,12,0.4498830886351278,0.02684027777777778,613,312,-0.4687705187711626
NY_NJ,2018-11,12,0.24489744575204975,0.025300925925925928,524,256,-0.4687705187711626
NY_NJ,2018-12,12,0.32122583863324605,0.026649305555555558,594,289,-0.4687705187711626
NY_NJ,2019-01,12,0.386572327406179,0.027430555555555555,603,291,-0.4687705187711626
NY_NJ,2019-02,12,0.5723486484762321,0.02609953703703704,508,257,-0.4687705187711626
NY_NJ,2019-03,12,0.29375905040378725,0.025810185185185186,532,268,-0.4687705187711626
NY_NJ,2019-04,12,0.28124258124148666,0.02704861111111111,571,281,-0.4687705187711626
NY_NJ,2019-05,12,0.31556489848282016,0.027881944444444445,581,299,-0.4687705187711626
NY_NJ,2019-06,12,0.3108424272486773,0.02769675925925926,560,270,-0.4687705187711626
NY_NJ,2019-07,12,0.3029431430622868,0.027430555555555555,619,300,-0.4687705187711626
NY_NJ,2019-08,12,0.28358416280864196,0.02765625,600,284,-0.4687705187711626
NY_NJ,2019-09,12,0.30238289640695176,0.02789351851851852,569,266,-0.4687705187711626
NY_NJ,2019-10,12,0.29832712867506683,0.026915509259259257,582,274,-0.4687705187711626
NY_NJ,2019-11,12,0.3259947334668635,0.026747685185185187,527,247,-0.4687705187711626
NY_NJ,2019-12,12,0.3491463958116996,0.02627314814814815,535,260,-0.4687705187711626
NY_NJ,2020-01,12,0.36907992866407263,0.026140046296296297,514,250,-0.4687705187711626
NY_NJ,2020-02,12,0.5553918311819793,0.026493055555555554,439,212,-0.4687705187711626
NY_NJ,2020-03,12,0.2896370563271605,0.025925925925925925,480,236,-0.4687705187711626
NY_NJ,2020-04,12,0.2535570987654321,0.02535300925925926,432,222,-0.4687705187711626
NY_NJ,2020-05,12,0.20974799972477787,0.026157407407407407,471,230,-0.4687705187711626
NY_NJ,2020-06,12,0.28187062867588614,0.026464120370370367,466,228,-0.4687705187711626
NY_NJ,2020-09,12,0.5176161133908529,0.025746527777777778,528,251,-0.4687705187711626
NY_NJ,2020-10,12,0.26405070334757835,0.026278935185185186,520,262,-0.4687705187711626
NY_NJ,2020-11,12,0.2872954570067143,0.026747685185185187,513,249,-0.4687705187711626
NY_NJ,2020-12,12,0.27788251982862405,0.025231481481481483,523,253,-0.4687705187711626
NY_NJ,2021-01,12,0.2680841645403232,0.02627314814814815,479,238,-0.4687705187711626
NY_NJ,2021-02,12,0.26957765705298603,0.025694444444444443,418,220,-0.4687705187711626
NY_NJ,2021-03,12,0.3481268241747182,0.027430555555555555,552,290,-0.4687705187711626
NY_NJ,2021-04,12,0.28455219400924425,0.026979166666666665,617,305,-0.4687705187711626
NY_NJ,2021-05,12,0.3401697471509972,0.02730902777777778,650,337,-0.4687705187711626
NY_NJ,2021-06,12,0.3174904062077027,0.02707175925925926,602,316,-0.4687705187711626
NY_NJ,2021-07,12,0.287514146090535,0.027083333333333334,549,289,-0.4687705187711626
NY_NJ,2021-08,12,0.30218795487627365,0.028368055555555556,687,344,-0.4687705187711626
NY_NJ,2021-09,12,0.3444352377946128,0.027118055555555555,660,332,-0.4687705187711626
NY_NJ,2021-10,12,0.32415469210560044,0.028125,578,307,-0.4687705187711626
NY_NJ,2021-11,12,0.39297372624375687,0.026956018518518518,571,302,-0.4687705187711626
NY_NJ,2021-12,12,0.39341732432673443,0.026377314814814815,623,319,-0.4687705187711626
NY_NJ,2022-01,12,0.3630756600742066,0.02696759259259259,559,296,-0.4687705187711626
NY_NJ,2022-02,12,0.4635569140727607,0.028125,564,292,-0.4687705187711626
NY_NJ,2022-03,12,0.3924670947438805,0.027175925925925926,637,318,-0.4687705187711626
NY_NJ,2022-04,12,0.39386361301872397,0.027199074074074073,631,318,-0.4687705187711626
NY_NJ,2022-05,12,0.4111114547164352,0.029091435185185185,640,328,-0.4687705187711626
NY_NJ,2022-06,12,0.3961049033686352,0.029282407407407406,619,324,-0.4687705187711626
NY_NJ,2022-07,12,0.3459323699671678,0.027210648148148147,643,320,-0.4687705187711626
NY_NJ,2022-08,12,0.36562693183666833,0.027662037037037037,683,353,-0.4687705187711626
NY_NJ,2022-09,12,0.32251891637731483,0.026261574074074073,640,328,-0.4687705187711626
NY_NJ,2022-10,12,0.32902065527065527,0.02685763888888889,650,324,-0.4687705187711626
NY_NJ,2022-11,12,0.32890016379465087,0.02704861111111111,619,312,-0.4687705187711626
NY_NJ,2022-12,12,0.29492684753182424,0.02696759259259259,643,323,-0.4687705187711626
NY_NJ,2023-01,12,0.43941984297080744,0.026770833333333334,661,333,-0.4687705187711626
NY_NJ,2023-02,12,0.3463888123660851,0.02636574074074074,605,313,-0.4687705187711626
NY_NJ,2024-01,12,0.6028048394617639,0.0290625,695,311,-0.4687705187711626
NY_NJ,2024-02,12,0.37228482347354896,0.028599537037037038,663,300,-0.4687705187711626
NY_NJ,2024-03,12,0.324904454491148,0.028136574074074074,682,308,-0.4687705187711626
NY_NJ,2024-04,12,0.4246080756150699,0.028935185185185185,697,323,-0.4687705187711626
NY_NJ,2024-05,12,0.3983327094825322,0.028125,705,336,-0.4687705187711626
NY_NJ,2024-06,12,0.4761169415292354,0.027789351851851853,667,317,-0.4687705187711626
NY_NJ,2024-07,12,0.3655695921985816,0.028292824074074074,752,345,-0.4687705187711626
NY_NJ,2024-08,12,0.3496932403673835,0.028819444444444446,744,337,-0.4687705187711626
NY_NJ,2024-09,12,0.43608028645409685,0.028136574074074074,683,320,-0.4687705187711626
NY_NJ,2024-10,12,0.36628666609598814,0.02894675925925926,649,277,-0.4687705187711626
NY_NJ,2024-11,12,0.3844977244798811,0.027262731481481478,648,302,-0.4687705187711626
NY_NJ,2024-12,12,0.33897959386425053,0.028460648148148148,699,316,-0.4687705187711626
NY_NJ,2025-01,12,0.7339110505101754,0.027523148148148147,657,299,-0.4687705187711626
NY_NJ,2025-02,12,0.36754057206431234,0.027453703703703702,645,296,-0.4687705187711626
NY_NJ,2025-03,12,0.4812534954283858,0.028530092592592593,798,368,-0.4687705187711626
NY_NJ,2025-04,12,0.38724109037422844,0.02755208333333333,768,338,-0.4687705187711626
NY_NJ,2025-05,12,0.29649539160720356,0.027488425925925927,763,325,-0.4687705187711626
NY_NJ,2025-06,12,0.3968752401883076,0.02847222222222222,771,352,-0.4687705187711626
NY_NJ,2025-07,12,0.4028787630890052,0.027951388888888887,764,338,-0.4687705187711626
NY_NJ,2025-08,12,0.36399087728880564,0.026689814814814816,712,342,-0.4687705187711626
NY_NJ,2025-09,12,0.3412877346524607,0.02767361111111111,730,323,-0.4687705187711626
NY_NJ,2025-10,12,0.28005066626133657,0.02732638888888889,731,325,-0.4687705187711626
NY_NJ,2025-11,12,0.46860504537823944,0.027916666666666666,706,327,-0.4687705187711626
NY_NJ,2025-12,12,0.43606483295599674,0.0290625,638,303,-0.4687705187711626
NY_NJ,2008-12,24,19.694367283950616,1.0569444444444445,9,6,-0.4466991033842715
NY_NJ,2009-01,24,0.8958520130098453,0.4732638888888889,632,374,-0.4466991033842715
NY_NJ,2009-02,24,0.8240434307294773,0.5326388888888889,559,352,-0.4466991033842715
NY_NJ,2009-03,24,0.8245816599732262,0.5097222222222222,581,371,-0.4466991033842715
NY_NJ,2009-04,24,0.8490568954854669,0.5138888888888888,539,336,-0.4466991033842715
NY_NJ,2009-05,24,0.8138217279174726,0.5875,517,338,-0.4466991033842715
NY_NJ,2009-06,24,0.7340371621621622,0.5854166666666667,74,65,-0.4466991033842715
NY_NJ,2009-07,24,0.7507362920738329,0.5208333333333334,614,364,-0.4466991033842715
NY_NJ,2009-08,24,1.1399924201890492,0.5173611111111112,623,365,-0.4466991033842715
NY_NJ,2009-09,24,0.8439369182016241,0.5104166666666666,561,334,-0.4466991033842715
NY_NJ,2009-10,24,0.7998489319842608,0.42569444444444443,593,348,-0.4466991033842715
NY_NJ,2009-11,24,0.8188665097822074,0.37222222222222223,602,345,-0.4466991033842715
NY_NJ,2009-12,24,0.7535438992291784,0.44166666666666665,591,347,-0.4466991033842715
NY_NJ,2010-01,24,1.006453197570561,0.43125,622,335,-0.4466991033842715
NY_NJ,2010-02,24,0.8980661556860187,0.4666666666666667,511,298,-0.4466991033842715
NY_NJ,2010-03,24,0.7983564421807205,0.5090277777777777,589,331,-0.4466991033842715
NY_NJ,2010-04,24,0.8496615905245346,0.41805555555555557,591,342,-0.4466991033842715
NY_NJ,2010-05,24,1.0639310474049093,0.39444444444444443,593,345,-0.4466991033842715
NY_NJ,2010-06,24,0.936214416896235,0.26805555555555555,605,350,-0.4466991033842715
NY_NJ,2010-07,24,0.7309494195688225,0.31354166666666666,670,378,-0.4466991033842715
NY_NJ,2010-08,24,0.7399560702875398,0.28541666666666665,626,358,-0.4466991033842715
NY_NJ,2010-09,24,0.7177908357075024,0.36041666666666666,585,344,-0.4466991033842715
NY_NJ,2010-11,24,0.8549832934370637,0.5305555555555556,557,340,-0.4466991033842715
NY_NJ,2010-12,24,0.7768102932375823,0.3597222222222222,557,344,-0.4466991033842715
NY_NJ,2011-01,24,1.1112281099033816,0.5559027777777779,552,341,-0.4466991033842715
NY_NJ,2011-02,24,0.7949558570198104,0.5048611111111111,516,313,-0.4466991033842715
NY_NJ,2011-03,24,0.9652884981894416,0.5034722222222222,583,359,-0.4466991033842715
NY_NJ,2011-04,24,0.8049141671382758,0.5465277777777777,589,354,-0.4466991033842715
NY_NJ,2011-05,24,0.8952855417529331,0.46111111111111114,644,383,-0.4466991033842715
NY_NJ,2011-06,24,0.7125894538606402,0.334375,590,348,-0.4466991033842715
NY_NJ,2011-07,24,0.7598674348885142,0.43125,593,357,-0.4466991033842715
NY_NJ,2011-08,24,0.7162856125356125,0.17222222222222222,585,358,-0.4466991033842715
NY_NJ,2011-09,24,0.7775252525252525,0.2763888888888889,605,362,-0.4466991033842715
NY_NJ,2011-10,24,0.8074853931471578,0.40625,561,340,-0.4466991033842715
NY_NJ,2011-11,24,0.7557130318050392,0.5218750000000001,538,344,-0.4466991033842715
NY_NJ,2011-12,24,0.8034527518172379,0.5340277777777778,535,343,-0.4466991033842715
NY_NJ,2012-01,24,0.7437047887731482,0.4469270833333333,512,307,-0.4466991033842715
NY_NJ,2012-02,24,0.7750440004165721,0.4999074074074074,489,317,-0.4466991033842715
NY_NJ,2012-03,24,0.7395469606946984,0.4507291666666667,547,340,-0.4466991033842715
NY_NJ,2012-04,24,0.9733377605747824,0.46965277777777775,549,333,-0.4466991033842715
NY_NJ,2012-05,24,0.754370007661711,0.4323900462962963,568,335,-0.4466991033842715
NY_NJ,2012-06,24,0.7578684348410911,0.3749826388888889,592,347,-0.4466991033842715
NY_NJ,2012-07,24,0.6729593196457326,0.39688657407407407,575,343,-0.4466991033842715
NY_NJ,2012-08,24,0.7213955886465324,0.28867476851851853,596,344,-0.4466991033842715
NY_NJ,2012-09,24,0.713471158189146,0.39998842592592593,533,324,-0.4466991033842715
NY_NJ,2012-10,24,0.7650348466746316,0.409375,465,282,-0.4466991033842715
NY_NJ,2012-11,24,0.8516910728663446,0.42418981481481477,460,287,-0.4466991033842715
NY_NJ,2012-12,24,0.659579329447595,0.36,529,325,-0.4466991033842715
NY_NJ,2013-01,24,1.0763411889772474,0.46997685185185184,503,325,-0.4466991033842715
NY_NJ,2013-02,24,0.7580963599408721,0.414375,451,297,-0.4466991033842715
NY_NJ,2013-03,24,0.7458025517005332,0.35392939814814817,514,324,-0.4466991033842715
NY_NJ,2013-04,24,0.7033857178507504,0.4925173611111111,538,338,-0.4466991033842715
NY_NJ,2013-05,24,0.7368495325335063,0.5259722222222222,514,332,-0.4466991033842715
NY_NJ,2013-06,24,0.5657935228860936,0.038836805555555555,530,316,-0.4466991033842715
NY_NJ,2013-07,24,0.594546493902439,0.039878472222222225,574,328,-0.4466991033842715
NY_NJ,2013-08,24,0.5657740915286921,0.05738425925925926,557,338,-0.4466991033842715
NY_NJ,2013-09,24,0.8318496148459384,0.2968923611111111,476,293,-0.4466991033842715
NY_NJ,2013-10,24,0.7515423034731519,0.36412037037037037,498,322,-0.4466991033842715
NY_NJ,2013-11,24,0.7542541545366328,0.5010185185185185,458,296,-0.4466991033842715
NY_NJ,2013-12,24,0.6966528117478066,0.28400462962962963,477,306,-0.4466991033842715
NY_NJ,2013-12,24,1.193684413580247,0.753287037037037,6,6,-0.4466991033842715
NY_NJ,2014-01,24,0.7328366370010788,0.043287037037037034,515,301,-0.4466991033842715
NY_NJ,2014-02,24,0.7058180882903105,0.03877314814814815,495,299,-0.4466991033842715
NY_NJ,2014-03,24,0.6627160358694947,0.03958333333333333,571,336,-0.4466991033842715
NY_NJ,2014-04,24,0.6941525833695024,0.2964988425925926,512,315,-0.4466991033842715
NY_NJ,2014-05,24,0.6824087906007942,0.40034722222222224,569,355,-0.4466991033842715
NY_NJ,2014-06,24,0.9510169694072658,0.3795949074074074,523,321,-0.4466991033842715
NY_NJ,2014-07,24,0.6680846066923024,0.2752199074074074,549,326,-0.4466991033842715
NY_NJ,2014-08,24,0.6882234451432564,0.3233159722222222,530,319,-0.4466991033842715
NY_NJ,2014-09,24,0.7251437152320304,0.08842013888888889,506,308,-0.4466991033842715
NY_NJ,2014-10,24,0.5940659185971685,0.05081018518518519,518,315,-0.4466991033842715
NY_NJ,2014-11,24,0.439815278938086,0.027453703703703702,399,265,-0.4466991033842715
NY_NJ,2014-12,24,0.6983767040795408,0.04396412037037037,542,324,-0.4466991033842715
NY_NJ,2015-01,24,0.6421529876703128,0.17331597222222223,386,235,-0.4466991033842715
NY_NJ,2015-02,24,0.5799450306249402,0.031018518518518518,387,218,-0.4466991033842715
NY_NJ,2015-03,24,0.49879419681309217,0.034484953703703705,430,240,-0.4466991033842715
NY_NJ,2015-04,24,0.6407620432932933,0.11204861111111111,370,226,-0.4466991033842715
NY_NJ,2015-05,24,0.5395817881798675,0.032407407407407406,397,239,-0.4466991033842715
NY_NJ,2015-06,24,0.5625181172839506,0.041666666666666664,375,233,-0.4466991033842715
NY_NJ,2015-07,24,0.520141913270054,0.02870949074074074,398,244,-0.4466991033842715
NY_NJ,2015-08,24,0.5384837962962963,0.13351273148148146,362,236,-0.4466991033842715
NY_NJ,2015-09,24,0.6252726851851852,0.13449652777777776,350,235,-0.4466991033842715
NY_NJ,2015-10,24,0.6007972883597884,0.18964120370370371,385,250,-0.4466991033842715
NY_NJ,2015-11,24,0.5380439113355779,0.17722222222222223,330,218,-0.4466991033842715
NY_NJ,2015-12,24,0.6263748728858917,0.2606423611111111,346,224,-0.4466991033842715
NY_NJ,2016-01,24,0.6049642927501969,0.0642361111111111,376,226,-0.4466991033842715
NY_NJ,2016-02,24,0.5489617608488316,0.11505787037037037,233,144,-0.4466991033842715
NY_NJ,2016-03,24,0.4922122706818968,0.03409143518518519,214,135,-0.4466991033842715
NY_NJ,2016-04,24,0.6629313373131904,0.2353703703703704,228,150,-0.4466991033842715
NY_NJ,2016-05,24,0.7552248360800993,0.2576446759259259,418,248,-0.4466991033842715
NY_NJ,2016-06,24,0.777612892199194,0.06769097222222223,386,234,-0.4466991033842715
NY_NJ,2016-07,24,0.523915625,0.037968749999999996,400,235,-0.4466991033842715
NY_NJ,2016-08,24,0.5922544191919192,0.04548611111111111,385,226,-0.4466991033842715
NY_NJ,2016-09,24,0.5865265165004748,0.13403356481481482,312,196,-0.4466991033842715
NY_NJ,2016-10,24,0.6430850586992829,0.11148148148148149,377,222,-0.4466991033842715
NY_NJ,2016-11,24,0.6566193480546793,0.25083333333333335,317,198,-0.4466991033842715
NY_NJ,2016-12,24,0.5290513990798975,0.04375,318,196,-0.4466991033842715
NY_NJ,2017-01,24,0.568988836244271,0.05555555555555555,299,177,-0.4466991033842715
NY_NJ,2017-02,24,0.5655288978494624,0.19030671296296298,310,183,-0.4466991033842715
NY_NJ,2017-03,24,0.5571998456790124,0.10706018518518519,315,189,-0.4466991033842715
NY_NJ,2017-04,24,0.5197649037926816,0.03979166666666667,333,190,-0.4466991033842715
NY_NJ,2017-05,24,0.5401176248923342,0.04677083333333333,344,195,-0.4466991033842715
NY_NJ,2017-06,24,0.48684939785513365,0.03414930555555556,316,178,-0.4466991033842715
NY_NJ,2017-07,24,0.6227763538380652,0.037523148148148146,317,186,-0.4466991033842715
NY_NJ,2017-08,24,0.5332775704809287,0.032025462962962964,335,194,-0.4466991033842715
NY_NJ,2017-09,24,0.5814147981723553,0.03280092592592593,306,176,-0.4466991033842715
NY_NJ,2017-10,24,0.5569860400075843,0.048136574074074075,293,179,-0.4466991033842715
NY_NJ,2017-11,24,0.7171408457426499,0.03184027777777778,291,178,-0.4466991033842715
NY_NJ,2017-12,24,0.4549016414141414,0.030104166666666668,275,164,-0.4466991033842715
NY_NJ,2018-01,24,0.8209855512902537,0.03228009259259259,521,300,-0.4466991033842715
NY_NJ,2018-02,24,0.6042172380714048,0.03263888888888889,444,286,-0.4466991033842715
NY_NJ,2018-03,24,0.7878667750197006,0.03177083333333333,470,295,-0.4466991033842715
NY_NJ,2018-04,24,0.7867023032648033,0.03262731481481482,481,300,-0.4466991033842715
NY_NJ,2018-05,24,0.4646628910463862,0.031261574074074074,515,310,-0.4466991033842715
NY_NJ,2018-06,24,0.49207882831071237,0.03125,483,295,-0.4466991033842715
NY_NJ,2018-07,24,0.5789170106351331,0.030381944444444444,498,305,-0.4466991033842715
NY_NJ,2018-08,24,0.5426636607380761,0.031307870370370375,556,324,-0.4466991033842715
NY_NJ,2018-09,24,0.8559061230270355,0.03170138888888889,474,293,-0.4466991033842715
NY_NJ,2018-10,24,0.7610183590332459,0.031307870370370375,508,310,-0.4466991033842715
NY_NJ,2018-11,24,0.44186614610001707,0.028402777777777777,434,255,-0.4466991033842715
NY_NJ,2018-12,24,0.47731809138568304,0.029409722222222223,491,288,-0.4466991033842715
NY_NJ,2019-01,24,0.6108864041372722,0.031655092592592596,504,291,-0.4466991033842715
NY_NJ,2019-02,24,0.7988331952939178,0.03201388888888889,436,255,-0.4466991033842715
NY_NJ,2019-03,24,0.4823053497942387,0.029849537037037036,450,265,-0.4466991033842715
NY_NJ,2019-04,24,0.5372343235317747,0.03622685185185185,461,280,-0.4466991033842715
NY_NJ,2019-05,24,0.5368440237436607,0.03280671296296296,482,298,-0.4466991033842715
NY_NJ,2019-06,24,0.5948401053423626,0.03298611111111111,443,266,-0.4466991033842715
NY_NJ,2019-07,24,0.5621886690983913,0.0321875,495,299,-0.4466991033842715
NY_NJ,2019-08,24,0.5263944954569955,0.03194444444444444,481,281,-0.4466991033842715
NY_NJ,2019-09,24,0.6206921828437633,0.05556712962962963,435,264,-0.4466991033842715
NY_NJ,2019-10,24,0.6027965984513275,0.0335011574074074,452,273,-0.4466991033842715
NY_NJ,2019-11,24,0.6212983176058834,0.030769675925925923,418,246,-0.4466991033842715
NY_NJ,2019-12,24,0.5592066546916432,0.029050925925925924,433,260,-0.4466991033842715
NY_NJ,2020-01,24,0.6270219631834215,0.03142361111111111,420,250,-0.4466991033842715
NY_NJ,2020-02,24,0.8821069761000316,0.03355324074074074,351,210,-0.4466991033842715
NY_NJ,2020-03,24,0.5108756746696445,0.031140046296296298,398,235,-0.4466991033842715
NY_NJ,2020-04,24,0.4368539881134578,0.03159722222222222,363,221,-0.4466991033842715
NY_NJ,2020-05,24,0.45353907407407407,0.07988425925925927,375,229,-0.4466991033842715
NY_NJ,2020-06,24,0.5202846489299326,0.06202546296296296,379,227,-0.4466991033842715
NY_NJ,2020-09,24,0.7993025293068298,0.03259259259259259,436,251,-0.4466991033842715
NY_NJ,2020-10,24,0.4502996811170438,0.029861111111111113,437,261,-0.4466991033842715
NY_NJ,2020-11,24,0.45669300225733633,0.029849537037037036,443,249,-0.4466991033842715
NY_NJ,2020-12,24,0.3743175162375319,0.027430555555555555,479,253,-0.4466991033842715
NY_NJ,2021-01,24,0.39889452614379084,0.029027777777777777,425,238,-0.4466991033842715
NY_NJ,2021-02,24,0.3606683802308802,0.026863425925925926,385,220,-0.4466991033842715
NY_NJ,2021-03,24,0.4562883204987165,0.02962962962962963,505,289,-0.4466991033842715
NY_NJ,2021-04,24,0.4179513252950753,0.02962962962962963,546,304,-0.4466991033842715
NY_NJ,2021-05,24,0.47457984115581103,0.030850694444444444,580,337,-0.4466991033842715
NY_NJ,2021-06,24,0.48143192239858906,0.029270833333333333,525,316,-0.4466991033842715
NY_NJ,2021-07,24,0.4250105676328502,0.02847222222222222,483,287,-0.4466991033842715
NY_NJ,2021-08,24,0.4436900356359649,0.03021412037037037,608,342,-0.4466991033842715
NY_NJ,2021-09,24,0.523699114331723,0.029502314814814815,575,331,-0.4466991033842715
NY_NJ,2021-10,24,0.4677658093965709,0.029861111111111113,499,306,-0.4466991033842715
NY_NJ,2021-11,24,0.509574808582621,0.028778935185185185,520,302,-0.4466991033842715
NY_NJ,2021-12,24,0.5525793499932414,0.02962962962962963,548,318,-0.4466991033842715
NY_NJ,2022-01,24,0.5646799030254535,0.02869212962962963,486,296,-0.4466991033842715
NY_NJ,2022-02,24,0.5883005630878895,0.029872685185185186,504,286,-0.4466991033842715
NY_NJ,2022-03,24,0.5756450027958687,0.029155092592592594,563,318,-0.4466991033842715
NY_NJ,2022-04,24,0.5572012376487195,0.028935185185185185,551,317,-0.4466991033842715
NY_NJ,2022-05,24,0.5528775166403058,0.030555555555555555,562,325,-0.4466991033842715
NY_NJ,2022-06,24,0.5959713119017894,0.030515046296296297,534,322,-0.4466991033842715
NY_NJ,2022-07,24,0.49289324935400514,0.029386574074074075,559,318,-0.4466991033842715
NY_NJ,2022-08,24,0.5622966524216524,0.029861111111111113,585,353,-0.4466991033842715
NY_NJ,2022-09,24,0.495648982315649,0.02767361111111111,555,327,-0.4466991033842715
NY_NJ,2022-10,24,0.4653248979230967,0.029155092592592594,576,323,-0.4466991033842715
NY_NJ,2022-11,24,0.4991412123249879,0.030567129629629628,537,312,-0.4466991033842715
NY_NJ,2022-12,24,0.4546058569810818,0.030966435185185187,556,322,-0.4466991033842715
NY_NJ,2023-01,24,0.6315433916682827,0.031828703703703706,573,333,-0.4466991033842715
NY_NJ,2023-02,24,0.5365296052631578,0.0337037037037037,513,309,-0.4466991033842715
NY_NJ,2024-01,24,0.9586310027545466,0.03500578703703704,558,311,-0.4466991033842715
NY_NJ,2024-02,24,0.7058742177835989,0.056712962962962965,509,298,-0.4466991033842715
NY_NJ,2024-03,24,0.6295620995282355,0.03402777777777778,526,307,-0.4466991033842715
NY_NJ,2024-04,24,0.8033616648347989,0.03229166666666667,556,323,-0.4466991033842715
NY_NJ,2024-05,24,0.668686241065627,0.032754629629629634,570,332,-0.4466991033842715
NY_NJ,2024-06,24,0.7621214420438958,0.032997685185185185,540,314,-0.4466991033842715
NY_NJ,2024-07,24,0.612233347386172,0.030659722222222224,593,343,-0.4466991033842715
NY_NJ,2024-08,24,0.6525563100429782,0.03373263888888889,586,337,-0.4466991033842715
NY_NJ,2024-09,24,0.7487432502200555,0.030555555555555555,547,319,-0.4466991033842715
NY_NJ,2024-10,24,0.7081158472803347,0.029565972222222223,478,276,-0.4466991033842715
NY_NJ,2024-11,24,0.6984792167906095,0.029519675925925925,508,300,-0.4466991033842715
NY_NJ,2024-12,24,0.6323676819212534,0.034027777777777775,539,315,-0.4466991033842715
NY_NJ,2025-01,24,1.14997361465872,0.03079861111111111,522,299,-0.4466991033842715
NY_NJ,2025-02,24,0.6159947960842522,0.030393518518518518,524,293,-0.4466991033842715
NY_NJ,2025-03,24,0.9178400376963651,0.0369212962962963,646,366,-0.4466991033842715
NY_NJ,2025-04,24,0.7106670059067689,0.030844907407407408,580,334,-0.4466991033842715
NY_NJ,2025-05,24,0.6509890404785317,0.030787037037037036,565,325,-0.4466991033842715
NY_NJ,2025-06,24,0.6490713851477741,0.2057465277777778,594,350,-0.4466991033842715
NY_NJ,2025-07,24,0.7403014846743294,0.03505787037037037,580,337,-0.4466991033842715
NY_NJ,2025-08,24,0.6537176731078905,0.031712962962962964,575,342,-0.4466991033842715
NY_NJ,2025-09,24,0.7165656350924209,0.041666666666666664,539,319,-0.4466991033842715
NY_NJ,2025-10,24,0.673452581369248,0.07019675925925926,528,323,-0.4466991033842715
NY_NJ,2025-11,24,1.0355093032671456,0.03419560185185185,526,326,-0.4466991033842715
NY_NJ,2025-12,24,0.5741317804393462,0.030549768518518518,494,300,-0.4466991033842715
NY_NJ,2008-12,48,22.16226851851852,1.0569444444444445,9,6,-0.4286786154278068
NY_NJ,2009-01,48,1.4649223210364515,0.8388888888888889,506,373,-0.4286786154278068
NY_NJ,2009-02,48,1.4892868117010816,0.85,452,347,-0.4286786154278068
NY_NJ,2009-03,48,1.307401978204217,0.8145833333333333,469,364,-0.4286786154278068
NY_NJ,2009-04,48,1.412089201877934,0.8454861111111112,426,331,-0.4286786154278068
NY_NJ,2009-05,48,1.1753744391660068,0.8645833333333334,421,331,-0.4286786154278068
NY_NJ,2009-06,48,1.132385361552028,0.66875,63,61,-0.4286786154278068
NY_NJ,2009-07,48,1.404299216228677,0.8506944444444444,482,364,-0.4286786154278068
NY_NJ,2009-08,48,2.0035668530165385,0.8777777777777778,477,362,-0.4286786154278068
NY_NJ,2009-09,48,1.4088616805871932,0.85,439,329,-0.4286786154278068
NY_NJ,2009-10,48,1.5623845229055937,0.9152777777777777,439,341,-0.4286786154278068
NY_NJ,2009-11,48,1.54030291603821,0.8940972222222223,442,339,-0.4286786154278068
NY_NJ,2009-12,48,1.3404685935935938,0.8843749999999999,444,341,-0.4286786154278068
NY_NJ,2010-01,48,1.8421116363211951,0.8756944444444444,476,335,-0.4286786154278068
NY_NJ,2010-02,48,1.6832436118288832,0.9173611111111111,387,291,-0.4286786154278068
NY_NJ,2010-03,48,1.527354260089686,0.9041666666666667,446,323,-0.4286786154278068
NY_NJ,2010-04,48,1.6011384587020647,0.8638888888888889,452,338,-0.4286786154278068
NY_NJ,2010-05,48,1.8109117944824096,0.8909722222222223,439,339,-0.4286786154278068
NY_NJ,2010-06,48,1.6433216805240614,0.9055555555555556,441,343,-0.4286786154278068
NY_NJ,2010-07,48,1.4896617383512545,0.9649305555555556,496,371,-0.4286786154278068
NY_NJ,2010-08,48,1.442956979755179,0.9291666666666667,472,356,-0.4286786154278068
NY_NJ,2010-09,48,1.2590923406399597,0.9347222222222222,441,340,-0.4286786154278068
NY_NJ,2010-11,48,1.776154214559387,0.8784722222222222,435,340,-0.4286786154278068
NY_NJ,2010-12,48,1.0966493855606758,0.8854166666666666,434,338,-0.4286786154278068
NY_NJ,2011-01,48,1.905381556052697,0.9333333333333333,447,341,-0.4286786154278068
NY_NJ,2011-02,48,1.5817761479591836,0.9083333333333333,392,305,-0.4286786154278068
NY_NJ,2011-03,48,1.548855021128511,0.9173611111111111,447,350,-0.4286786154278068
NY_NJ,2011-04,48,1.4329329329329328,0.9798611111111111,444,347,-0.4286786154278068
NY_NJ,2011-05,48,1.5409368635437883,0.9347222222222222,491,377,-0.4286786154278068
NY_NJ,2011-06,48,1.3515940311208363,0.9111111111111111,457,345,-0.4286786154278068
NY_NJ,2011-07,48,1.4142527173913042,0.9024305555555556,460,352,-0.4286786154278068
NY_NJ,2011-08,48,1.2326650652870164,0.9430555555555555,451,352,-0.4286786154278068
NY_NJ,2011-09,48,1.794663822319051,0.9493055555555555,459,355,-0.4286786154278068
NY_NJ,2011-10,48,1.2374656862745097,0.9270833333333334,425,330,-0.4286786154278068
NY_NJ,2011-11,48,1.3319133986928104,0.8888888888888888,425,340,-0.4286786154278068
NY_NJ,2011-12,48,1.284767402945114,0.9055555555555556,415,337,-0.4286786154278068
NY_NJ,2012-01,48,1.4579651116153283,0.8577025462962963,404,307,-0.4286786154278068
NY_NJ,2012-02,48,1.5286591739766082,0.8675289351851851,380,309,-0.4286786154278068
NY_NJ,2012-03,48,1.1755880272633745,0.8939583333333334,432,335,-0.4286786154278068
NY_NJ,2012-04,48,1.5829771911391297,0.9183564814814815,423,327,-0.4286786154278068
NY_NJ,2012-05,48,1.5050708185354302,0.907326388888889,438,331,-0.4286786154278068
NY_NJ,2012-06,48,1.429759557102249,0.9764351851851852,443,340,-0.4286786154278068
NY_NJ,2012-07,48,1.2294432896615437,0.971724537037037,441,337,-0.4286786154278068
NY_NJ,2012-08,48,1.4670143486067844,1.0290335648148148,428,339,-0.4286786154278068
NY_NJ,2012-09,48,1.5783033369555375,0.9310185185185185,409,318,-0.4286786154278068
NY_NJ,2012-10,48,1.3941915643841516,0.959369212962963,344,277,-0.4286786154278068
NY_NJ,2012-11,48,1.5286106248054776,0.9303356481481482,357,285,-0.4286786154278068
NY_NJ,2012-12,48,1.0837346454494696,0.9374189814814815,398,320,-0.4286786154278068
NY_NJ,2013-01,48,1.9617930242272346,0.9042245370370371,399,325,-0.4286786154278068
NY_NJ,2013-02,48,1.167737788701623,0.877193287037037,356,288,-0.4286786154278068
NY_NJ,2013-03,48,1.326332561728395,0.9075752314814816,390,319,-0.4286786154278068
NY_NJ,2013-04,48,1.2057952023084728,0.8473263888888889,438,337,-0.4286786154278068
NY_NJ,2013-05,48,1.2583956830929486,0.8901909722222223,416,329,-0.4286786154278068
NY_NJ,2013-06,48,1.1198509801884178,0.9868287037037037,401,312,-0.4286786154278068
NY_NJ,2013-07,48,1.409750502271139,1.0365856481481481,424,323,-0.4286786154278068
NY_NJ,2013-08,48,1.1429321636841168,0.9431192129629629,416,330,-0.4286786154278068
NY_NJ,2013-09,48,1.3538510185185186,0.9608217592592593,375,290,-0.4286786154278068
NY_NJ,2013-10,48,1.496275864197531,0.9777893518518519,375,315,-0.4286786154278068
NY_NJ,2013-11,48,1.3723840020576132,0.972193287037037,360,287,-0.4286786154278068
NY_NJ,2013-12,48,1.1200725581219806,0.8649479166666667,368,296,-0.4286786154278068
NY_NJ,2013-12,48,1.8153163580246912,1.3575810185185184,6,6,-0.4286786154278068
NY_NJ,2014-01,48,1.4402844982078853,0.9581481481481482,403,300,-0.4286786154278068
NY_NJ,2014-02,48,1.430636322463768,0.9936516203703705,368,293,-0.4286786154278068
NY_NJ,2014-03,48,1.3073844761037383,0.989375,427,329,-0.4286786154278068
NY_NJ,2014-04,48,1.3106826032763532,0.9137500000000001,390,307,-0.4286786154278068
NY_NJ,2014-05,48,1.4990643684603886,0.9350578703703704,446,351,-0.4286786154278068
NY_NJ,2014-06,48,1.478190960985257,0.9218113425925927,412,320,-0.4286786154278068
NY_NJ,2014-07,48,1.2925247579714008,0.9467592592592593,417,320,-0.4286786154278068
NY_NJ,2014-08,48,1.234228251105583,0.9280787037037037,402,313,-0.4286786154278068
NY_NJ,2014-09,48,1.2412051250812215,0.9128935185185185,399,306,-0.4286786154278068
NY_NJ,2014-10,48,1.145886475447879,0.8682291666666667,399,309,-0.4286786154278068
NY_NJ,2014-11,48,0.8917272978253484,0.48239583333333336,327,264,-0.4286786154278068
NY_NJ,2014-12,48,1.2455770581007548,0.8698148148148148,422,320,-0.4286786154278068
NY_NJ,2015-01,48,1.2701121913580247,0.9261631944444444,300,235,-0.4286786154278068
NY_NJ,2015-02,48,1.3032145383230453,0.9643171296296296,288,212,-0.4286786154278068
NY_NJ,2015-03,48,1.1103399839467951,0.8253125,323,234,-0.4286786154278068
NY_NJ,2015-04,48,1.2755773180751173,0.9617824074074074,284,225,-0.4286786154278068
NY_NJ,2015-05,48,1.161676684881603,0.8939351851851852,305,237,-0.4286786154278068
NY_NJ,2015-06,48,1.0954930637351132,0.9749537037037037,283,229,-0.4286786154278068
NY_NJ,2015-07,48,1.0982027334677913,0.9558101851851852,303,241,-0.4286786154278068
NY_NJ,2015-08,48,1.0874211006781431,0.9675462962962963,284,234,-0.4286786154278068
NY_NJ,2015-09,48,1.198257853835979,0.8521238425925926,280,229,-0.4286786154278068
NY_NJ,2015-10,48,1.113842513588674,0.9465625,293,245,-0.4286786154278068
NY_NJ,2015-11,48,0.9581874832259795,0.6469212962962962,276,215,-0.4286786154278068
NY_NJ,2015-12,48,1.1087355861902797,0.8867939814814815,269,221,-0.4286786154278068
NY_NJ,2016-01,48,1.2519877865190365,0.9450694444444444,286,226,-0.4286786154278068
NY_NJ,2016-02,48,1.1804986218154572,0.9027777777777778,173,140,-0.4286786154278068
NY_NJ,2016-03,48,1.0626496056241428,0.855943287037037,162,134,-0.4286786154278068
NY_NJ,2016-04,48,1.1727108134920634,0.8324016203703704,182,149,-0.4286786154278068
NY_NJ,2016-05,48,1.4177805989583334,0.9217939814814815,320,248,-0.4286786154278068
NY_NJ,2016-06,48,1.4814112864998104,0.9928819444444444,293,231,-0.4286786154278068
NY_NJ,2016-07,48,1.0693925307636627,1.0239814814814814,307,234,-0.4286786154278068
NY_NJ,2016-08,48,1.1481195807011024,0.9852893518518518,299,224,-0.4286786154278068
NY_NJ,2016-09,48,1.1548704083181542,0.9097627314814816,244,191,-0.4286786154278068
NY_NJ,2016-10,48,1.2478672573435505,0.8734490740740741,290,219,-0.4286786154278068
NY_NJ,2016-11,48,1.2695320358939186,0.9418402777777778,243,192,-0.4286786154278068
NY_NJ,2016-12,48,1.0504128401360544,0.836087962962963,245,194,-0.4286786154278068
NY_NJ,2017-01,48,1.190815921900161,0.8770891203703703,230,177,-0.4286786154278068
NY_NJ,2017-02,48,1.2348133435342123,0.8628356481481481,236,179,-0.4286786154278068
NY_NJ,2017-03,48,1.0981466176920724,0.9349942129629629,242,187,-0.4286786154278068
NY_NJ,2017-04,48,1.2107629401942925,0.9308506944444445,244,186,-0.4286786154278068
NY_NJ,2017-05,48,1.173494715234102,0.8378472222222222,265,194,-0.4286786154278068
NY_NJ,2017-06,48,1.2990375514403294,1.0698958333333333,225,173,-0.4286786154278068
NY_NJ,2017-07,48,1.2872902077497665,1.0230555555555556,238,184,-0.4286786154278068
NY_NJ,2017-08,48,1.1655150462962962,0.9651851851851851,250,190,-0.4286786154278068
NY_NJ,2017-09,48,1.2753317036206608,1.0733680555555556,223,171,-0.4286786154278068
NY_NJ,2017-10,48,1.3404503414613709,0.9866898148148148,221,176,-0.4286786154278068
NY_NJ,2017-11,48,1.3069281330749354,0.9964004629629629,215,174,-0.4286786154278068
NY_NJ,2017-12,48,1.1986853387188208,0.9485011574074074,196,162,-0.4286786154278068
NY_NJ,2018-01,48,2.550821908026278,1.0337037037037038,389,300,-0.4286786154278068
NY_NJ,2018-02,48,1.1563491117246765,0.95109375,332,277,-0.4286786154278068
NY_NJ,2018-03,48,1.0817074484456755,0.868287037037037,361,286,-0.4286786154278068
NY_NJ,2018-04,48,1.1232003098966175,0.9507986111111111,369,294,-0.4286786154278068
NY_NJ,2018-05,48,1.1484823722610045,0.9770949074074073,382,305,-0.4286786154278068
NY_NJ,2018-06,48,0.9931444469537288,0.8669328703703704,369,292,-0.4286786154278068
NY_NJ,2018-07,48,1.2430799252418645,0.9781365740740741,379,301,-0.4286786154278068
NY_NJ,2018-08,48,1.1129563572719061,0.9583680555555556,410,319,-0.4286786154278068
NY_NJ,2018-09,48,1.782614362111419,0.8852777777777778,361,289,-0.4286786154278068
NY_NJ,2018-10,48,1.266119880243764,0.9285358796296297,392,306,-0.4286786154278068
NY_NJ,2018-11,48,1.0045419771906052,0.9083159722222223,328,251,-0.4286786154278068
NY_NJ,2018-12,48,0.982240004492363,0.8484259259259259,371,280,-0.4286786154278068
NY_NJ,2019-01,48,1.1768811069235063,0.7609085648148148,398,291,-0.4286786154278068
NY_NJ,2019-02,48,1.4570092049527532,0.8501273148148148,341,252,-0.4286786154278068
NY_NJ,2019-03,48,1.1146031746031746,0.8940509259259259,343,261,-0.4286786154278068
NY_NJ,2019-04,48,1.1424331387546967,0.9767013888888889,345,275,-0.4286786154278068
NY_NJ,2019-05,48,1.1671546641600163,0.9434837962962963,362,292,-0.4286786154278068
NY_NJ,2019-06,48,1.2103513389482776,0.899050925925926,343,262,-0.4286786154278068
NY_NJ,2019-07,48,1.2098309511561827,0.8839930555555555,378,293,-0.4286786154278068
NY_NJ,2019-08,48,1.280078964527908,0.9913078703703704,355,275,-0.4286786154278068
NY_NJ,2019-09,48,1.1523418326082107,0.9019444444444444,332,258,-0.4286786154278068
NY_NJ,2019-10,48,1.2823980460239652,0.9706423611111111,340,269,-0.4286786154278068
NY_NJ,2019-11,48,1.352764682751662,0.9243229166666667,312,244,-0.4286786154278068
NY_NJ,2019-12,48,1.1583661922371289,0.8890625,323,255,-0.4286786154278068
NY_NJ,2020-01,48,1.2567041122004359,0.8862847222222222,323,250,-0.4286786154278068
NY_NJ,2020-02,48,1.604461224700537,0.893425925925926,269,205,-0.4286786154278068
NY_NJ,2020-03,48,1.150614794481982,0.8916956018518518,296,229,-0.4286786154278068
NY_NJ,2020-04,48,1.0716229989146655,0.9339699074074074,273,220,-0.4286786154278068
NY_NJ,2020-05,48,1.020164100945351,0.8978414351851851,286,224,-0.4286786154278068
NY_NJ,2020-06,48,1.0195292692020879,0.8479687499999999,298,223,-0.4286786154278068
NY_NJ,2020-09,48,1.506470909342178,0.9478240740740741,335,251,-0.4286786154278068
NY_NJ,2020-10,48,1.010918370150566,0.8672337962962963,337,258,-0.4286786154278068
NY_NJ,2020-11,48,1.131569881071191,0.929994212962963,334,245,-0.4286786154278068
NY_NJ,2020-12,48,0.985874356627401,0.7561458333333333,349,245,-0.4286786154278068
NY_NJ,2021-01,48,0.9880888973836222,0.7384606481481482,327,238,-0.4286786154278068
NY_NJ,2021-02,48,0.8975492092344022,0.5961863425925926,298,219,-0.4286786154278068
NY_NJ,2021-03,48,1.0143100434618293,0.7110821759259259,392,285,-0.4286786154278068
NY_NJ,2021-04,48,1.0216058121374387,0.9364930555555555,415,301,-0.4286786154278068
NY_NJ,2021-05,48,1.0979567691274041,0.8742592592592593,441,330,-0.4286786154278068
NY_NJ,2021-06,48,1.0688355338363054,0.8217245370370371,405,309,-0.4286786154278068
NY_NJ,2021-07,48,0.9226260119740158,0.4099710648148148,382,283,-0.4286786154278068
NY_NJ,2021-08,48,0.9838066171266809,0.6562847222222222,471,339,-0.4286786154278068
NY_NJ,2021-09,48,1.2314421822390573,0.8263368055555556,440,329,-0.4286786154278068
NY_NJ,2021-10,48,0.8916791266575218,0.49039351851851853,405,302,-0.4286786154278068
NY_NJ,2021-11,48,1.1195417245370372,0.6925925925925926,400,300,-0.4286786154278068
NY_NJ,2021-12,48,0.9290961795128462,0.5153819444444445,444,313,-0.4286786154278068
NY_NJ,2022-01,48,0.9985121742112483,0.5761342592592592,405,296,-0.4286786154278068
NY_NJ,2022-02,48,1.2461226249035493,0.8594039351851852,384,280,-0.4286786154278068
NY_NJ,2022-03,48,1.1263613153594771,0.7388078703703704,442,314,-0.4286786154278068
NY_NJ,2022-04,48,1.280191296728972,0.7044386574074074,428,313,-0.4286786154278068
NY_NJ,2022-05,48,1.087645330335879,0.4194212962962963,451,321,-0.4286786154278068
NY_NJ,2022-06,48,0.9134024830675583,0.46109953703703704,432,318,-0.4286786154278068
NY_NJ,2022-07,48,1.0043404345372462,0.5172685185185185,443,316,-0.4286786154278068
NY_NJ,2022-08,48,1.0212649225483343,0.7119097222222223,477,351,-0.4286786154278068
NY_NJ,2022-09,48,0.992921512826858,0.5580324074074074,449,320,-0.4286786154278068
NY_NJ,2022-10,48,0.9867521587598835,0.6393981481481481,445,319,-0.4286786154278068
NY_NJ,2022-11,48,1.0591767631993696,0.8039699074074074,423,306,-0.4286786154278068
NY_NJ,2022-12,48,0.9513765980716956,0.7749594907407407,436,319,-0.4286786154278068
NY_NJ,2023-01,48,1.2228939043209877,0.8680324074074074,450,333,-0.4286786154278068
NY_NJ,2023-02,48,1.1003206699346406,0.8648611111111111,391,302,-0.4286786154278068
NY_NJ,2024-01,48,1.7289770340363513,0.9050231481481481,432,311,-0.4286786154278068
NY_NJ,2024-02,48,1.3577119150800416,0.9250694444444445,391,293,-0.4286786154278068
NY_NJ,2024-03,48,1.191213390398792,0.7724884259259259,417,305,-0.4286786154278068
NY_NJ,2024-04,48,1.6265477644890263,0.9085185185185185,432,321,-0.4286786154278068
NY_NJ,2024-05,48,1.3173598570353648,0.8508564814814815,443,325,-0.4286786154278068
NY_NJ,2024-06,48,1.2990548304328426,0.821412037037037,415,308,-0.4286786154278068
NY_NJ,2024-07,48,1.1354460169557743,0.7375405092592593,474,337,-0.4286786154278068
NY_NJ,2024-08,48,1.2833081309122976,0.783761574074074,462,331,-0.4286786154278068
NY_NJ,2024-09,48,1.455880824201495,0.6382060185185185,436,311,-0.4286786154278068
NY_NJ,2024-10,48,1.1744205435109907,0.8277083333333334,369,273,-0.4286786154278068
NY_NJ,2024-11,48,1.3298146945646945,0.8264351851851852,385,293,-0.4286786154278068
NY_NJ,2024-12,48,1.105072074915825,0.8316840277777777,418,309,-0.4286786154278068
NY_NJ,2025-01,48,1.947132005215239,0.810775462962963,419,299,-0.4286786154278068
NY_NJ,2025-02,48,1.2075121771895965,0.9071759259259259,403,290,-0.4286786154278068
NY_NJ,2025-03,48,1.7535853806994246,0.7941782407407407,502,360,-0.4286786154278068
NY_NJ,2025-04,48,1.3037208949920576,0.8678356481481482,443,328,-0.4286786154278068
NY_NJ,2025-05,48,1.1930689921243083,0.8771064814814815,435,316,-0.4286786154278068
NY_NJ,2025-06,48,1.300849002849003,0.8736111111111111,455,343,-0.4286786154278068
NY_NJ,2025-07,48,1.449535213723998,0.8728877314814815,438,331,-0.4286786154278068
NY_NJ,2025-08,48,1.345053246025706,0.9275925925925926,438,337,-0.4286786154278068
NY_NJ,2025-09,48,1.1674148116072192,0.9077893518518518,433,314,-0.4286786154278068
NY_NJ,2025-10,48,1.2389087145969497,0.8461111111111111,425,320,-0.4286786154278068
NY_NJ,2025-11,48,1.7388482370917715,0.8599305555555555,406,317,-0.4286786154278068
NY_NJ,2025-12,48,1.12179554720503,0.8416666666666667,377,296,-0.4286786154278068
Savannah,2008-12,12,3.7372685185185186,0.3013888888888889,3,3,0.48107441684487784
Savannah,2009-01,12,1.0884140316205533,0.8048611111111111,253,210,0.48107441684487784
Savannah,2009-02,12,1.2551582365948037,0.8486111111111111,201,189,0.48107441684487784
Savannah,2009-03,12,1.0700484496124032,0.7729166666666667,215,200,0.48107441684487784
Savannah,2009-04,12,1.2473822324628778,0.7756944444444445,217,202,0.48107441684487784
Savannah,2009-05,12,1.1570789539539539,0.7857638888888889,222,210,0.48107441684487784
Savannah,2009-06,12,0.8546401515151515,0.8086805555555555,22,22,0.48107441684487784
Savannah,2009-07,12,0.9820821360153257,0.7625,232,218,0.48107441684487784
Savannah,2009-08,12,1.0202800829875518,0.7722222222222223,241,217,0.48107441684487784
Savannah,2009-09,12,0.9804961211211211,0.7618055555555555,222,202,0.48107441684487784
Savannah,2009-10,12,1.018481820234869,0.7743055555555556,246,221,0.48107441684487784
Savannah,2009-11,12,1.1291168261562998,0.8229166666666666,209,198,0.48107441684487784
Savannah,2009-12,12,1.263091085271318,0.84375,215,203,0.48107441684487784
Savannah,2010-01,12,0.9423752258355916,0.8114583333333334,246,203,0.48107441684487784
Savannah,2010-02,12,1.1579255861365954,0.8659722222222223,218,192,0.48107441684487784
Savannah,2010-03,12,1.2676177536231883,0.8513888888888889,230,210,0.48107441684487784
Savannah,2010-04,12,1.3431309703368528,0.8180555555555555,221,207,0.48107441684487784
Savannah,2010-05,12,1.1939316690107828,0.8902777777777777,237,219,0.48107441684487784
Savannah,2010-06,12,1.0634756657483928,0.8309027777777778,242,215,0.48107441684487784
Savannah,2010-07,12,1.0860294117647058,0.8121527777777777,272,240,0.48107441684487784
Savannah,2010-08,12,1.1355665053019826,0.8083333333333333,241,226,0.48107441684487784
Savannah,2010-09,12,1.0183942395264116,0.8041666666666667,244,222,0.48107441684487784
Savannah,2010-11,12,0.9029569003527337,0.7444444444444445,252,217,0.48107441684487784
Savannah,2010-12,12,1.134863416320885,0.7881944444444444,241,217,0.48107441684487784
Savannah,2011-01,12,1.0626186868686869,0.7951388888888888,275,232,0.48107441684487784
Savannah,2011-02,12,1.010399011299435,0.7868055555555555,236,213,0.48107441684487784
Savannah,2011-03,12,0.9971426218708828,0.7819444444444444,253,229,0.48107441684487784
Savannah,2011-04,12,0.9847083886675521,0.8055555555555556,251,234,0.48107441684487784
Savannah,2011-05,12,1.0559281842818429,0.7875,246,230,0.48107441684487784
Savannah,2011-06,12,1.0612818287037036,0.8427083333333334,240,225,0.48107441684487784
Savannah,2011-07,12,1.0809504357298474,0.8645833333333334,255,238,0.48107441684487784
Savannah,2011-08,12,1.1161588350465002,0.8416666666666667,227,214,0.48107441684487784
Savannah,2011-09,12,1.0829096954096953,0.7715277777777778,259,238,0.48107441684487784
Savannah,2011-10,12,1.2144793072424651,0.8381944444444445,247,234,0.48107441684487784
Savannah,2011-11,12,1.0883649553571428,0.7954861111111111,224,217,0.48107441684487784
Savannah,2011-12,12,1.0539391762452106,0.7552083333333333,232,218,0.48107441684487784
Savannah,2012-01,12,0.9795721450617284,0.7194560185185185,210,199,0.48107441684487784
Savannah,2012-02,12,1.152671263539483,0.8208854166666666,212,202,0.48107441684487784
Savannah,2012-03,12,1.2351044868979653,0.8396180555555556,253,245,0.48107441684487784
Savannah,2012-04,12,1.0310559312053282,0.7977546296296296,228,221,0.48107441684487784
Savannah,2012-05,12,1.0701880787037037,0.8417592592592593,232,222,0.48107441684487784
Savannah,2012-06,12,1.0609480042016808,0.7831192129629629,238,229,0.48107441684487784
Savannah,2012-07,12,1.0897686170212766,0.8163310185185185,235,226,0.48107441684487784
Savannah,2012-08,12,1.0633601046698873,0.7898784722222222,230,221,0.48107441684487784
Savannah,2012-09,12,1.1342304964539007,0.7993287037037037,235,223,0.48107441684487784
Savannah,2012-10,12,1.0229696235150245,0.8276967592592592,212,207,0.48107441684487784
Savannah,2012-11,12,1.1389208743842365,0.799050925925926,203,198,0.48107441684487784
Savannah,2012-12,12,1.2998221103212217,0.9556134259259259,211,207,0.48107441684487784
Savannah,2013-01,12,1.0827891281982465,0.8149537037037037,207,195,0.48107441684487784
Savannah,2013-02,12,1.2477950117012617,0.8972858796296297,182,179,0.48107441684487784
Savannah,2013-03,12,1.223066668969965,0.8328356481481481,201,193,0.48107441684487784
Savannah,2013-04,12,1.0920224666290654,0.8469212962962963,197,194,0.48107441684487784
Savannah,2013-05,12,1.1077761164274322,0.8403240740740741,209,204,0.48107441684487784
Savannah,2013-06,12,1.1441813743328482,0.8303703703703704,229,221,0.48107441684487784
Savannah,2013-07,12,1.0793958912037036,0.78765625,200,195,0.48107441684487784
Savannah,2013-08,12,1.1661310354304075,0.8386805555555555,219,215,0.48107441684487784
Savannah,2013-09,12,1.0585809942796198,0.8095138888888889,191,187,0.48107441684487784
Savannah,2013-10,12,1.136955183849715,0.8722395833333334,208,205,0.48107441684487784
Savannah,2013-11,12,1.1403363857116922,0.8096527777777778,204,200,0.48107441684487784
Savannah,2013-12,12,1.1314340920781893,0.8413773148148148,180,178,0.48107441684487784
Savannah,2014-01,12,1.298589647452617,0.9345023148148148,213,206,0.48107441684487784
Savannah,2014-02,12,1.2799085005144033,1.005630787037037,180,180,0.48107441684487784
Savannah,2014-03,12,1.2484976633473095,0.930769675925926,212,206,0.48107441684487784
Savannah,2014-04,12,1.2059945023148149,0.8559201388888888,200,191,0.48107441684487784
Savannah,2014-05,12,1.1222822061191626,0.8381944444444445,230,223,0.48107441684487784
Savannah,2014-06,12,1.2512198406339032,0.8355613425925926,208,205,0.48107441684487784
Savannah,2014-07,12,1.2661812988447163,0.8817534722222222,218,213,0.48107441684487784
Savannah,2014-08,12,0.7208062347527168,0.6719560185185185,167,145,0.48107441684487784
Savannah,2014-10,12,0.0065451388888888885,0.0065451388888888885,2,2,0.48107441684487784
Savannah,2014-11,12,0.05042989417989418,0.010775462962962962,7,7,0.48107441684487784
Savannah,2014-12,12,1.379470380892256,0.9915162037037037,220,216,0.48107441684487784
Savannah,2015-01,12,1.1418753733572282,0.9147685185185185,155,147,0.48107441684487784
Savannah,2015-02,12,1.2427943363071101,0.9715972222222222,137,129,0.48107441684487784
Savannah,2015-03,12,1.2048801309271053,1.0397222222222222,157,148,0.48107441684487784
Savannah,2015-04,12,1.1505652527527528,0.9175636574074073,148,137,0.48107441684487784
Savannah,2015-05,12,1.2142523010361552,0.992025462962963,168,161,0.48107441684487784
Savannah,2015-06,12,1.1702422288359788,0.9784317129629629,154,149,0.48107441684487784
Savannah,2015-07,12,1.0367109869015358,0.8167766203703704,164,155,0.48107441684487784
Savannah,2015-08,12,1.0872697109988776,0.8515046296296296,165,158,0.48107441684487784
Savannah,2015-09,12,0.9894107543052607,0.805324074074074,157,151,0.48107441684487784
Savannah,2015-10,12,1.0682108880984642,0.815162037037037,164,157,0.48107441684487784
Savannah,2015-11,12,0.9590446200510855,0.7942592592592592,145,136,0.48107441684487784
Savannah,2015-12,12,1.1303998037772873,0.8399189814814815,151,142,0.48107441684487784
Savannah,2016-01,12,1.1258333333333332,0.8666782407407407,163,152,0.48107441684487784
Savannah,2016-02,12,0.9656091820987655,0.82515625,90,88,0.48107441684487784
Savannah,2016-03,12,1.006091625644632,0.8099305555555556,79,76,0.48107441684487784
Savannah,2016-04,12,1.008884996722386,0.8155208333333334,113,104,0.48107441684487784
Savannah,2016-05,12,1.0740426391628315,0.791412037037037,169,159,0.48107441684487784
Savannah,2016-06,12,1.0870483024691358,0.8167708333333333,150,143,0.48107441684487784
Savannah,2016-07,12,1.1957172958214624,0.90359375,156,145,0.48107441684487784
Savannah,2016-08,12,1.124648522603486,0.8335532407407408,136,129,0.48107441684487784
Savannah,2016-09,12,1.156110097323601,0.9286111111111112,137,131,0.48107441684487784
Savannah,2016-10,12,1.1810052910052908,0.9256886574074075,140,132,0.48107441684487784
Savannah,2016-11,12,1.1596958401416122,0.9489641203703704,136,128,0.48107441684487784
Savannah,2016-12,12,1.215494341563786,0.9637847222222222,135,121,0.48107441684487784
Savannah,2017-01,12,1.1686047408842952,1.0591550925925926,129,119,0.48107441684487784
Savannah,2017-02,12,1.2338462577160494,1.0055439814814815,120,116,0.48107441684487784
Savannah,2017-03,12,1.136121821448314,0.9608506944444444,134,127,0.48107441684487784
Savannah,2017-04,12,1.0797785143097642,0.9355960648148148,132,125,0.48107441684487784
Savannah,2017-05,12,0.9714008033769064,0.7627719907407408,136,126,0.48107441684487784
Savannah,2017-06,12,1.0720267592592594,0.8074074074074075,125,116,0.48107441684487784
Savannah,2017-07,12,1.1622147032981887,0.8418634259259259,137,124,0.48107441684487784
Savannah,2017-08,12,1.1885992678725237,0.8905092592592593,129,121,0.48107441684487784
Savannah,2017-09,12,1.1420706893868657,0.8674537037037037,119,112,0.48107441684487784
Savannah,2017-10,12,1.115281550068587,0.9241782407407407,135,127,0.48107441684487784
Savannah,2017-11,12,1.2151310809817755,0.9486979166666667,126,123,0.48107441684487784
Savannah,2017-12,12,1.2113845621322257,1.0158333333333334,107,104,0.48107441684487784
Savannah,2018-01,12,1.4149728065444085,1.0391898148148149,206,201,0.48107441684487784
Savannah,2018-02,12,1.4213420202482703,1.1864293981481482,182,178,0.48107441684487784
Savannah,2018-03,12,1.1545543173987942,0.9389236111111111,215,200,0.48107441684487784
Savannah,2018-04,12,1.2547625151436483,0.9703298611111111,214,209,0.48107441684487784
Savannah,2018-05,12,1.3275758866177498,1.0453935185185186,212,204,0.48107441684487784
Savannah,2018-06,12,1.2526300451092116,0.9850462962962963,195,188,0.48107441684487784
Savannah,2018-07,12,1.2413425361336947,0.9742939814814815,205,193,0.48107441684487784
Savannah,2018-08,12,1.1858339238473168,0.9630844907407408,196,188,0.48107441684487784
Savannah,2018-09,12,1.3602643824027072,0.9742824074074075,197,191,0.48107441684487784
Savannah,2018-10,12,1.1793513336097292,0.9991666666666666,201,197,0.48107441684487784
Savannah,2018-11,12,1.2564343584656086,1.013894675925926,182,178,0.48107441684487784
Savannah,2018-12,12,1.4098824130879346,1.02,163,162,0.48107441684487784
Savannah,2019-01,12,1.2769183039747063,1.0665277777777777,205,200,0.48107441684487784
Savannah,2019-02,12,1.5150216194968553,1.1495833333333334,159,156,0.48107441684487784
Savannah,2019-03,12,1.2984551909422375,1.0847222222222221,193,190,0.48107441684487784
Savannah,2019-04,12,1.2684510469276093,1.0079108796296294,176,170,0.48107441684487784
Savannah,2019-05,12,1.2778933413643236,0.9928125,196,189,0.48107441684487784
Savannah,2019-06,12,1.1617319023569024,0.9617476851851852,176,169,0.48107441684487784
Savannah,2019-07,12,1.2614179409839132,0.9949131944444445,198,187,0.48107441684487784
Savannah,2019-08,12,1.2950331178951227,0.9778935185185185,202,191,0.48107441684487784
Savannah,2019-09,12,1.170680972981178,0.9033912037037037,183,177,0.48107441684487784
Savannah,2019-10,12,1.2679494382022471,1.0577662037037037,178,168,0.48107441684487784
Savannah,2019-11,12,1.2186937352815244,0.9661342592592592,173,165,0.48107441684487784
Savannah,2019-12,12,1.4690071939454425,1.0802662037037036,167,163,0.48107441684487784
Savannah,2020-01,12,1.2917477536708306,1.0509722222222222,169,162,0.48107441684487784
Savannah,2020-02,12,1.2232755371557456,1.0372627314814815,156,145,0.48107441684487784
Savannah,2020-03,12,1.3168176907968574,1.044363425925926,165,162,0.48107441684487784
Savannah,2020-04,12,1.1988532468727005,1.052349537037037,151,146,0.48107441684487784
Savannah,2020-05,12,1.4510931629092862,1.0148900462962964,138,132,0.48107441684487784
Savannah,2020-06,12,1.3250664747807017,1.0149016203703702,152,146,0.48107441684487784
Savannah,2020-09,12,1.2622708047553726,0.9551099537037038,162,151,0.48107441684487784
Savannah,2020-10,12,1.2894251292688794,1.095949074074074,154,149,0.48107441684487784
Savannah,2020-11,12,1.358347294560185,1.060949074074074,160,154,0.48107441684487784
Savannah,2020-12,12,1.4045898919753088,1.1232465277777777,150,142,0.48107441684487784
Savannah,2021-01,12,1.3852367107318162,1.1397395833333333,166,155,0.48107441684487784
Savannah,2021-02,12,1.599124322493225,1.2849768518518518,123,121,0.48107441684487784
Savannah,2021-03,12,1.508533996274381,1.3266319444444445,169,162,0.48107441684487784
Savannah,2021-04,12,1.573333215830043,1.4275462962962964,197,189,0.48107441684487784
Savannah,2021-05,12,1.6556710140018067,1.347361111111111,205,193,0.48107441684487784
Savannah,2021-06,12,1.6077485246235246,1.2941782407407407,182,175,0.48107441684487784
Savannah,2021-07,12,1.4759957901554404,1.3028125,193,182,0.48107441684487784
Savannah,2021-08,12,1.6732809856175972,1.4910185185185185,197,189,0.48107441684487784
Savannah,2021-09,12,1.7979329648526077,1.4622800925925925,196,189,0.48107441684487784
Savannah,2021-10,12,1.7077425948958909,1.5009837962962962,201,190,0.48107441684487784
Savannah,2021-11,12,1.8590374950485247,1.6094560185185185,187,182,0.48107441684487784
Savannah,2021-12,12,1.7203157644824312,1.3997569444444444,195,180,0.48107441684487784
Savannah,2022-01,12,1.971167619825708,1.682939814814815,187,181,0.48107441684487784
Savannah,2022-02,12,1.966113891895142,1.531903935185185,154,149,0.48107441684487784
Savannah,2022-03,12,1.8261679459064328,1.5325173611111111,190,176,0.48107441684487784
Savannah,2022-04,12,1.7644443822182398,1.4755034722222222,186,174,0.48107441684487784
Savannah,2022-05,12,1.9330976876347248,1.689513888888889,189,181,0.48107441684487784
Savannah,2022-06,12,2.0101783942743765,1.5894155092592592,196,183,0.48107441684487784
Savannah,2022-07,12,1.6872240853658538,1.431701388888889,205,177,0.48107441684487784
Savannah,2022-08,12,2.0007381750592956,1.6018402777777778,203,195,0.48107441684487784
Savannah,2022-09,12,1.7862588666883257,1.534548611111111,171,159,0.48107441684487784
Savannah,2022-10,12,2.01990167882529,1.669855324074074,198,190,0.48107441684487784
Savannah,2022-11,12,1.9725341934574168,1.59125,197,187,0.48107441684487784
Savannah,2022-12,12,1.5953555240449873,1.4269444444444443,191,181,0.48107441684487784
Savannah,2023-01,12,1.8216744978809654,1.396412037037037,201,193,0.48107441684487784
Savannah,2023-02,12,1.8048708847736625,1.4089872685185185,180,175,0.48107441684487784
Savannah,2024-01,12,1.7313853479621175,1.4479513888888889,219,202,0.48107441684487784
Savannah,2024-02,12,1.6943512490354937,1.3965162037037038,192,184,0.48107441684487784
Savannah,2024-03,12,1.6997817930489731,1.386388888888889,211,189,0.48107441684487784
Savannah,2024-04,12,1.6175113023821943,1.2423726851851853,213,193,0.48107441684487784
Savannah,2024-05,12,1.572871120541838,1.253767361111111,216,192,0.48107441684487784
Savannah,2024-06,12,1.6301170327304049,1.248773148148148,215,192,0.48107441684487784
Savannah,2024-07,12,1.7764296564980158,1.2757349537037037,224,202,0.48107441684487784
Savannah,2024-08,12,1.644777777777778,1.319537037037037,205,189,0.48107441684487784
Savannah,2024-09,12,2.2034768392025907,1.2577430555555555,183,165,0.48107441684487784
Savannah,2024-10,12,1.6439771262886598,1.3234027777777777,194,179,0.48107441684487784
Savannah,2024-11,12,1.667359895833333,1.3792418981481482,200,182,0.48107441684487784
Savannah,2024-12,12,1.6136644144144143,1.3384837962962963,185,166,0.48107441684487784
Savannah,2025-01,12,2.373934732567763,1.4876041666666666,179,165,0.48107441684487784
Savannah,2025-02,12,1.5859918478260868,1.4280208333333333,184,166,0.48107441684487784
Savannah,2025-03,12,1.5575489544568493,1.355949074074074,209,192,0.48107441684487784
Savannah,2025-04,12,1.6722307822145062,1.3725810185185185,192,183,0.48107441684487784
Savannah,2025-05,12,1.7879709279171645,1.410949074074074,186,173,0.48107441684487784
Savannah,2025-06,12,2.299539257644272,1.4182407407407407,172,167,0.48107441684487784
Savannah,2025-07,12,1.75945011091821,1.3580613425925927,192,186,0.48107441684487784
Savannah,2025-08,12,1.5737861919459142,1.380324074074074,189,178,0.48107441684487784
Savannah,2025-09,12,2.016181355890465,1.2762094907407406,188,178,0.48107441684487784
Savannah,2025-10,12,1.6508418169478378,1.2939351851851852,191,176,0.48107441684487784
Savannah,2025-11,12,1.6700235908722931,1.2815625,183,175,0.48107441684487784
Savannah,2025-12,12,1.4802203871617732,1.1574074074074074,193,177,0.48107441684487784
Savannah,2008-12,24,3.7372685185185186,0.3013888888888889,3,3,0.4997382865118677
Savannah,2009-01,24,1.1488860544217687,0.8111111111111111,245,210,0.4997382865118677
Savannah,2009-02,24,1.283915544332211,0.8649305555555555,198,189,0.4997382865118677
Savannah,2009-03,24,1.1762433862433863,0.8027777777777778,210,200,0.4997382865118677
Savannah,2009-04,24,1.235991043613707,0.7774305555555556,214,202,0.4997382865118677
Savannah,2009-05,24,1.199389927310488,0.7996527777777778,214,210,0.4997382865118677
Savannah,2009-06,24,0.8546401515151515,0.8086805555555555,22,22,0.4997382865118677
Savannah,2009-07,24,0.9964794685990338,0.76875,230,218,0.4997382865118677
Savannah,2009-08,24,1.063368794326241,0.7909722222222222,235,217,0.4997382865118677
Savannah,2009-09,24,1.0127006880733946,0.7729166666666667,218,202,0.4997382865118677
Savannah,2009-10,24,1.068582175925926,0.7989583333333333,240,221,0.4997382865118677
Savannah,2009-11,24,1.1439076757917337,0.8229166666666666,207,198,0.4997382865118677
Savannah,2009-12,24,1.2822932968179448,0.84375,213,203,0.4997382865118677
Savannah,2010-01,24,1.0140330743879473,0.828125,236,203,0.4997382865118677
Savannah,2010-02,24,1.176366383744856,0.8788194444444444,216,192,0.4997382865118677
Savannah,2010-03,24,1.2857456140350876,0.8642361111111111,228,210,0.4997382865118677
Savannah,2010-04,24,1.3431309703368528,0.8180555555555555,221,207,0.4997382865118677
Savannah,2010-05,24,1.228481049905838,0.8916666666666666,236,219,0.4997382865118677
Savannah,2010-06,24,1.10818198005698,0.867013888888889,234,215,0.4997382865118677
Savannah,2010-07,24,1.1114128173116937,0.8194444444444444,267,240,0.4997382865118677
Savannah,2010-08,24,1.1429398148148147,0.8104166666666667,240,226,0.4997382865118677
Savannah,2010-09,24,1.025060013717421,0.8048611111111111,243,222,0.4997382865118677
Savannah,2010-11,24,0.9747032042415861,0.7680555555555556,241,217,0.4997382865118677
Savannah,2010-12,24,1.16699484294421,0.7986111111111112,237,217,0.4997382865118677
Savannah,2011-01,24,1.0684015151515152,0.7951388888888888,275,232,0.4997382865118677
Savannah,2011-02,24,1.0178003323836657,0.7954861111111111,234,212,0.4997382865118677
Savannah,2011-03,24,1.011492917220009,0.7833333333333333,251,229,0.4997382865118677
Savannah,2011-04,24,1.0059111783154122,0.8229166666666667,248,234,0.4997382865118677
Savannah,2011-05,24,1.0623951247165533,0.7895833333333333,245,230,0.4997382865118677
Savannah,2011-06,24,1.0689592050209205,0.84375,239,225,0.4997382865118677
Savannah,2011-07,24,1.0898211942257219,0.8680555555555556,254,238,0.4997382865118677
Savannah,2011-08,24,1.1207196411012783,0.8423611111111111,226,213,0.4997382865118677
Savannah,2011-09,24,1.1040798611111111,0.7833333333333333,256,238,0.4997382865118677
Savannah,2011-10,24,1.223074751580849,0.8409722222222222,246,234,0.4997382865118677
Savannah,2011-11,24,1.0883649553571428,0.7954861111111111,224,217,0.4997382865118677
Savannah,2011-12,24,1.0539391762452106,0.7552083333333333,232,218,0.4997382865118677
Savannah,2012-01,24,1.0042773192878869,0.7367476851851852,207,199,0.4997382865118677
Savannah,2012-02,24,1.152671263539483,0.8208854166666666,212,202,0.4997382865118677
Savannah,2012-03,24,1.2351044868979653,0.8396180555555556,253,245,0.4997382865118677
Savannah,2012-04,24,1.0384786975852505,0.8003472222222222,227,221,0.4997382865118677
Savannah,2012-05,24,1.0701880787037037,0.8417592592592593,232,222,0.4997382865118677
Savannah,2012-06,24,1.0609480042016808,0.7831192129629629,238,229,0.4997382865118677
Savannah,2012-07,24,1.1136288214399743,0.8258101851851851,232,226,0.4997382865118677
Savannah,2012-08,24,1.0633601046698873,0.7898784722222222,230,221,0.4997382865118677
Savannah,2012-09,24,1.1508510670004768,0.8059027777777777,233,223,0.4997382865118677
Savannah,2012-10,24,1.0229696235150245,0.8276967592592592,212,207,0.4997382865118677
Savannah,2012-11,24,1.1389208743842365,0.799050925925926,203,198,0.4997382865118677
Savannah,2012-12,24,1.3089388227513228,0.9587268518518519,210,207,0.4997382865118677
Savannah,2013-01,24,1.1351738990234015,0.832025462962963,201,195,0.4997382865118677
Savannah,2013-02,24,1.2477950117012617,0.8972858796296297,182,179,0.4997382865118677
Savannah,2013-03,24,1.2331530671296296,0.8341261574074075,200,193,0.4997382865118677
Savannah,2013-04,24,1.101958557728647,0.8500925925925926,196,194,0.4997382865118677
Savannah,2013-05,24,1.1077761164274322,0.8403240740740741,209,204,0.4997382865118677
Savannah,2013-06,24,1.1530880949480182,0.8323553240740741,228,221,0.4997382865118677
Savannah,2013-07,24,1.0898440117252932,0.7922569444444445,199,195,0.4997382865118677
Savannah,2013-08,24,1.1706940744968715,0.8404513888888889,219,215,0.4997382865118677
Savannah,2013-09,24,1.0725099206349207,0.8102314814814815,189,186,0.4997382865118677
Savannah,2013-10,24,1.146877907496869,0.8848611111111111,207,205,0.4997382865118677
Savannah,2013-11,24,1.1508787744024813,0.8146064814814815,203,200,0.4997382865118677
Savannah,2013-12,24,1.1314340920781893,0.8413773148148148,180,178,0.4997382865118677
Savannah,2014-01,24,1.318803317535545,0.9454976851851852,211,206,0.4997382865118677
Savannah,2014-02,24,1.3008074845679012,1.005630787037037,180,180,0.4997382865118677
Savannah,2014-03,24,1.250492504409171,0.933420138888889,210,205,0.4997382865118677
Savannah,2014-04,24,1.2059945023148149,0.8559201388888888,200,191,0.4997382865118677
Savannah,2014-05,24,1.1264058474235106,0.8399884259259259,230,223,0.4997382865118677
Savannah,2014-06,24,1.2665003033980584,0.8430092592592593,206,204,0.4997382865118677
Savannah,2014-07,24,1.286401481052812,0.9058854166666667,216,213,0.4997382865118677
Savannah,2014-08,24,0.8425043875574922,0.7496296296296296,153,145,0.4997382865118677
Savannah,2014-10,24,0.0065451388888888885,0.0065451388888888885,2,2,0.4997382865118677
Savannah,2014-11,24,0.05042989417989418,0.010775462962962962,7,7,0.4997382865118677
Savannah,2014-12,24,1.3893393264840181,0.9955555555555555,219,216,0.4997382865118677
Savannah,2015-01,24,1.1570090037277536,0.922349537037037,154,147,0.4997382865118677
Savannah,2015-02,24,1.265516803840878,0.9728472222222222,135,128,0.4997382865118677
Savannah,2015-03,24,1.2162628353513771,1.0505844907407407,156,148,0.4997382865118677
Savannah,2015-04,24,1.1762864662607813,0.958304398148148,146,137,0.4997382865118677
Savannah,2015-05,24,1.2375200803212851,1.0032349537037037,166,161,0.4997382865118677
Savannah,2015-06,24,1.1702422288359788,0.9784317129629629,154,149,0.4997382865118677
Savannah,2015-07,24,1.05978209304984,0.8316435185185185,162,155,0.4997382865118677
Savannah,2015-08,24,1.111072270506703,0.8714930555555556,163,158,0.4997382865118677
Savannah,2015-09,24,1.0252858946608947,0.8284837962962963,154,151,0.4997382865118677
Savannah,2015-10,24,1.0921744970278922,0.8364351851851852,162,157,0.4997382865118677
Savannah,2015-11,24,0.9725652649176956,0.7911921296296296,144,136,0.4997382865118677
Savannah,2015-12,24,1.1567804654486702,0.880150462962963,149,142,0.4997382865118677
Savannah,2016-01,24,1.148145416379112,0.8671412037037037,161,152,0.4997382865118677
Savannah,2016-02,24,0.9656091820987655,0.82515625,90,88,0.4997382865118677
Savannah,2016-03,24,1.006091625644632,0.8099305555555556,79,76,0.4997382865118677
Savannah,2016-04,24,1.0613094486531987,0.8078472222222222,110,104,0.4997382865118677
Savannah,2016-05,24,1.0852531828703704,0.792974537037037,168,159,0.4997382865118677
Savannah,2016-06,24,1.0870483024691358,0.8167708333333333,150,143,0.4997382865118677
Savannah,2016-07,24,1.2227607924482924,0.90359375,154,145,0.4997382865118677
Savannah,2016-08,24,1.124648522603486,0.8335532407407408,136,129,0.4997382865118677
Savannah,2016-09,24,1.156110097323601,0.9286111111111112,137,131,0.4997382865118677
Savannah,2016-10,24,1.2251742869694513,0.9595717592592593,137,132,0.4997382865118677
Savannah,2016-11,24,1.1745476680384088,0.9616203703703704,135,128,0.4997382865118677
Savannah,2016-12,24,1.2824810043822448,0.9719444444444445,131,121,0.4997382865118677
Savannah,2017-01,24,1.1991713145231846,1.0749768518518519,127,119,0.4997382865118677
Savannah,2017-02,24,1.2700304064657877,1.0149479166666668,118,116,0.4997382865118677
Savannah,2017-03,24,1.136121821448314,0.9608506944444444,134,127,0.4997382865118677
Savannah,2017-04,24,1.1088418803418802,0.9470833333333333,130,125,0.4997382865118677
Savannah,2017-05,24,0.9714008033769064,0.7627719907407408,136,126,0.4997382865118677
Savannah,2017-06,24,1.0720267592592594,0.8074074074074075,125,116,0.4997382865118677
Savannah,2017-07,24,1.1894164094650206,0.8488425925925925,135,124,0.4997382865118677
Savannah,2017-08,24,1.1885992678725237,0.8905092592592593,129,121,0.4997382865118677
Savannah,2017-09,24,1.1565874136848713,0.8684085648148148,118,112,0.4997382865118677
Savannah,2017-10,24,1.115281550068587,0.9241782407407407,135,127,0.4997382865118677
Savannah,2017-11,24,1.2151310809817755,0.9486979166666667,126,123,0.4997382865118677
Savannah,2017-12,24,1.2113845621322257,1.0158333333333334,107,104,0.4997382865118677
Savannah,2018-01,24,1.4149728065444085,1.0391898148148149,206,201,0.4997382865118677
Savannah,2018-02,24,1.4464220679012347,1.1997511574074076,180,178,0.4997382865118677
Savannah,2018-03,24,1.254275674412393,0.9700289351851852,208,200,0.4997382865118677
Savannah,2018-04,24,1.2422365260307477,0.9587673611111112,212,208,0.4997382865118677
Savannah,2018-05,24,1.3275758866177498,1.0453935185185186,212,204,0.4997382865118677
Savannah,2018-06,24,1.2526300451092116,0.9850462962962963,195,188,0.4997382865118677
Savannah,2018-07,24,1.2611457193030469,0.9758217592592593,203,193,0.4997382865118677
Savannah,2018-08,24,1.1858339238473168,0.9630844907407408,196,188,0.4997382865118677
Savannah,2018-09,24,1.3602643824027072,0.9742824074074075,197,191,0.4997382865118677
Savannah,2018-10,24,1.2006158686953285,1.0036226851851853,199,197,0.4997382865118677
Savannah,2018-11,24,1.2958198409044404,1.0229282407407407,181,178,0.4997382865118677
Savannah,2018-12,24,1.3914436156835848,1.0170833333333333,162,161,0.4997382865118677
Savannah,2019-01,24,1.2769183039747063,1.0665277777777777,205,200,0.4997382865118677
Savannah,2019-02,24,1.530696056024379,1.1702372685185185,158,156,0.4997382865118677
Savannah,2019-03,24,1.2984551909422375,1.0847222222222221,193,190,0.4997382865118677
Savannah,2019-04,24,1.290550832801192,1.0158506944444445,174,170,0.4997382865118677
Savannah,2019-05,24,1.2778933413643236,0.9928125,196,189,0.4997382865118677
Savannah,2019-06,24,1.1722567460317461,0.9630555555555556,175,169,0.4997382865118677
Savannah,2019-07,24,1.2832427484882842,1.0148263888888889,196,187,0.4997382865118677
Savannah,2019-08,24,1.3049413234752165,0.9780555555555556,201,191,0.4997382865118677
Savannah,2019-09,24,1.1818474638787138,0.906556712962963,182,177,0.4997382865118677
Savannah,2019-10,24,1.2903529434974748,1.0613078703703702,176,168,0.4997382865118677
Savannah,2019-11,24,1.2186937352815244,0.9661342592592592,173,165,0.4997382865118677
Savannah,2019-12,24,1.4690071939454425,1.0802662037037036,167,163,0.4997382865118677
Savannah,2020-01,24,1.3153547072521623,1.0723842592592592,167,162,0.4997382865118677
Savannah,2020-02,24,1.3024784722222222,1.1090046296296296,150,145,0.4997382865118677
Savannah,2020-03,24,1.3168176907968574,1.044363425925926,165,162,0.4997382865118677
Savannah,2020-04,24,1.2234933507332837,1.0638657407407408,149,146,0.4997382865118677
Savannah,2020-05,24,1.4510931629092862,1.0148900462962964,138,132,0.4997382865118677
Savannah,2020-06,24,1.3828878096846846,1.077974537037037,148,146,0.4997382865118677
Savannah,2020-09,24,1.313389738631036,0.9604456018518519,158,151,0.4997382865118677
Savannah,2020-10,24,1.2894251292688794,1.095949074074074,154,149,0.4997382865118677
Savannah,2020-11,24,1.358347294560185,1.060949074074074,160,154,0.4997382865118677
Savannah,2020-12,24,1.41795729244345,1.1290393518518518,149,142,0.4997382865118677
Savannah,2021-01,24,1.3852367107318162,1.1397395833333333,166,155,0.4997382865118677
Savannah,2021-02,24,1.599124322493225,1.2849768518518518,123,121,0.4997382865118677
Savannah,2021-03,24,1.508533996274381,1.3266319444444445,169,162,0.4997382865118677
Savannah,2021-04,24,1.5855696097883598,1.4243287037037038,196,189,0.4997382865118677
Savannah,2021-05,24,1.6784486749680714,1.358252314814815,203,193,0.4997382865118677
Savannah,2021-06,24,1.6077485246235246,1.2941782407407407,182,175,0.4997382865118677
Savannah,2021-07,24,1.511984649122807,1.3166145833333334,190,182,0.4997382865118677
Savannah,2021-08,24,1.7108950219549446,1.4989293981481482,194,189,0.4997382865118677
Savannah,2021-09,24,1.8106537867996202,1.4596527777777777,195,189,0.4997382865118677
Savannah,2021-10,24,1.7566738343673622,1.5096527777777777,197,190,0.4997382865118677
Savannah,2021-11,24,1.8590374950485247,1.6094560185185185,187,182,0.4997382865118677
Savannah,2021-12,24,1.7331776799350898,1.4125405092592591,194,180,0.4997382865118677
Savannah,2022-01,24,1.971167619825708,1.682939814814815,187,181,0.4997382865118677
Savannah,2022-02,24,1.966113891895142,1.531903935185185,154,149,0.4997382865118677
Savannah,2022-03,24,1.9215351775956284,1.6020023148148148,183,176,0.4997382865118677
Savannah,2022-04,24,1.8293624667485164,1.4944212962962964,181,174,0.4997382865118677
Savannah,2022-05,24,1.9476575428486997,1.7108564814814815,188,181,0.4997382865118677
Savannah,2022-06,24,2.081813312003103,1.671087962962963,191,183,0.4997382865118677
Savannah,2022-07,24,1.911363216607565,1.5363078703703703,188,177,0.4997382865118677
Savannah,2022-08,24,2.0139796479647964,1.5911168981481483,202,194,0.4997382865118677
Savannah,2022-09,24,1.843156793842035,1.5600694444444445,166,159,0.4997382865118677
Savannah,2022-10,24,2.01990167882529,1.669855324074074,198,190,0.4997382865118677
Savannah,2022-11,24,1.9725341934574168,1.59125,197,187,0.4997382865118677
Savannah,2022-12,24,1.6073629385964912,1.4294907407407407,190,181,0.4997382865118677
Savannah,2023-01,24,1.8216744978809654,1.396412037037037,201,193,0.4997382865118677
Savannah,2023-02,24,1.8048708847736625,1.4089872685185185,180,175,0.4997382865118677
Savannah,2024-01,24,1.7553271676053934,1.463148148148148,217,202,0.4997382865118677
Savannah,2024-02,24,1.6943512490354937,1.3965162037037038,192,184,0.4997382865118677
Savannah,2024-03,24,1.7354778200676637,1.395451388888889,208,189,0.4997382865118677
Savannah,2024-04,24,1.660113205467372,1.2597974537037038,210,193,0.4997382865118677
Savannah,2024-05,24,1.6275680665784833,1.273454861111111,210,192,0.4997382865118677
Savannah,2024-06,24,1.7552422045206972,1.3041666666666667,204,192,0.4997382865118677
Savannah,2024-07,24,2.441300136542072,1.310636574074074,217,202,0.4997382865118677
Savannah,2024-08,24,1.7246819185937208,1.3825347222222222,197,187,0.4997382865118677
Savannah,2024-09,24,1.6142560081148565,1.2858449074074074,178,163,0.4997382865118677
Savannah,2024-10,24,1.6738063474658869,1.3490046296296296,190,178,0.4997382865118677
Savannah,2024-11,24,1.7917663255360623,1.4575694444444445,190,182,0.4997382865118677
Savannah,2024-12,24,1.6650358732351136,1.3612152777777777,181,166,0.4997382865118677
Savannah,2025-01,24,2.44287380952381,1.5227546296296297,175,165,0.4997382865118677
Savannah,2025-02,24,1.6889708280723907,1.482013888888889,176,166,0.4997382865118677
Savannah,2025-03,24,1.6693133491531733,1.407372685185185,199,192,0.4997382865118677
Savannah,2025-04,24,1.6980161427875244,1.3725810185185185,190,183,0.4997382865118677
Savannah,2025-05,24,2.288955314009662,1.43546875,184,173,0.4997382865118677
Savannah,2025-06,24,1.834449375410914,1.4120833333333334,169,164,0.4997382865118677
Savannah,2025-07,24,1.7712815105681599,1.360162037037037,191,186,0.4997382865118677
Savannah,2025-08,24,1.5979960140621905,1.4444097222222223,187,178,0.4997382865118677
Savannah,2025-09,24,2.046774193548387,1.28671875,186,178,0.4997382865118677
Savannah,2025-10,24,1.6886393075256108,1.3130555555555556,188,176,0.4997382865118677
Savannah,2025-11,24,1.6700235908722931,1.2815625,183,175,0.4997382865118677
Savannah,2025-12,24,1.5885946306360708,1.2936747685185184,184,177,0.4997382865118677
Savannah,2008-12,48,3.7372685185185186,0.3013888888888889,3,3,0.5091279706271876
Savannah,2009-01,48,1.3295038035961273,0.8152777777777778,241,210,0.5091279706271876
Savannah,2009-02,48,1.1488319088319088,0.8645833333333334,195,188,0.5091279706271876
Savannah,2009-03,48,1.2309600862998922,0.8017361111111112,206,200,0.5091279706271876
Savannah,2009-04,48,1.2718831507563901,0.7756944444444445,213,202,0.5091279706271876
Savannah,2009-05,48,1.1875521648408973,0.7986111111111112,213,209,0.5091279706271876
Savannah,2009-06,48,0.8546401515151515,0.8086805555555555,22,22,0.5091279706271876
Savannah,2009-07,48,1.0190180311890837,0.7697916666666667,228,218,0.5091279706271876
Savannah,2009-08,48,1.1164975845410627,0.7982638888888889,230,217,0.5091279706271876
Savannah,2009-09,48,1.0690972222222221,0.7954861111111111,214,202,0.5091279706271876
Savannah,2009-10,48,1.1040018832391714,0.8118055555555556,236,220,0.5091279706271876
Savannah,2009-11,48,1.156860167206041,0.8375,206,198,0.5091279706271876
Savannah,2009-12,48,1.2976644392033543,0.8451388888888889,212,203,0.5091279706271876
Savannah,2010-01,48,1.0536069204980842,0.828125,232,203,0.5091279706271876
Savannah,2010-02,48,1.2020151869158877,0.8826388888888889,214,192,0.5091279706271876
Savannah,2010-03,48,1.2857456140350876,0.8642361111111111,228,210,0.5091279706271876
Savannah,2010-04,48,1.367941400304414,0.8256944444444444,219,207,0.5091279706271876
Savannah,2010-05,48,1.2601812617702448,0.8916666666666666,236,219,0.5091279706271876
Savannah,2010-06,48,1.1241768438697317,0.8763888888888889,232,214,0.5091279706271876
Savannah,2010-07,48,1.1171059553872054,0.8163194444444444,264,239,0.5091279706271876
Savannah,2010-08,48,1.1746235994397758,0.8180555555555555,238,226,0.5091279706271876
Savannah,2010-09,48,1.0489351851851851,0.8121527777777777,240,221,0.5091279706271876
Savannah,2010-11,48,1.0010766806722688,0.7819444444444444,238,217,0.5091279706271876
Savannah,2010-12,48,1.1892966903073285,0.7993055555555556,235,217,0.5091279706271876
Savannah,2011-01,48,1.0790627534468775,0.7951388888888888,274,232,0.5091279706271876
Savannah,2011-02,48,1.0178003323836657,0.7954861111111111,234,212,0.5091279706271876
Savannah,2011-03,48,1.02075,0.7975694444444444,250,229,0.5091279706271876
Savannah,2011-04,48,1.0143696581196582,0.8354166666666667,247,234,0.5091279706271876
Savannah,2011-05,48,1.0623951247165533,0.7895833333333333,245,230,0.5091279706271876
Savannah,2011-06,48,1.0809115312791784,0.84375,238,225,0.5091279706271876
Savannah,2011-07,48,1.0898211942257219,0.8680555555555556,254,238,0.5091279706271876
Savannah,2011-08,48,1.1406839037698413,0.8451388888888889,224,213,0.5091279706271876
Savannah,2011-09,48,1.1243575021872265,0.7871527777777778,254,238,0.5091279706271876
Savannah,2011-10,48,1.223074751580849,0.8409722222222222,246,234,0.5091279706271876
Savannah,2011-11,48,1.100386148480319,0.8083333333333333,223,217,0.5091279706271876
Savannah,2011-12,48,1.0539391762452106,0.7552083333333333,232,218,0.5091279706271876
Savannah,2012-01,48,1.0302759710930443,0.7454050925925926,205,199,0.5091279706271876
Savannah,2012-02,48,1.1911461656034024,0.8401157407407407,209,202,0.5091279706271876
Savannah,2012-03,48,1.2447516166960613,0.8470543981481482,252,245,0.5091279706271876
Savannah,2012-04,48,1.0384786975852505,0.8003472222222222,227,221,0.5091279706271876
Savannah,2012-05,48,1.120371074879227,0.8616377314814815,230,222,0.5091279706271876
Savannah,2012-06,48,1.0795040954415955,0.7855729166666667,234,228,0.5091279706271876
Savannah,2012-07,48,1.1136288214399743,0.8258101851851851,232,226,0.5091279706271876
Savannah,2012-08,48,1.0633601046698873,0.7898784722222222,230,221,0.5091279706271876
Savannah,2012-09,48,1.1618928599936142,0.8091493055555555,232,223,0.5091279706271876
Savannah,2012-10,48,1.034304732754081,0.8273148148148148,211,207,0.5091279706271876
Savannah,2012-11,48,1.1389208743842365,0.799050925925926,203,198,0.5091279706271876
Savannah,2012-12,48,1.3089388227513228,0.9587268518518519,210,207,0.5091279706271876
Savannah,2013-01,48,1.1351738990234015,0.832025462962963,201,195,0.5091279706271876
Savannah,2013-02,48,1.2477950117012617,0.8972858796296297,182,179,0.5091279706271876
Savannah,2013-03,48,1.2331530671296296,0.8341261574074075,200,193,0.5091279706271876
Savannah,2013-04,48,1.101958557728647,0.8500925925925926,196,194,0.5091279706271876
Savannah,2013-05,48,1.1347964193057791,0.8462037037037037,207,204,0.5091279706271876
Savannah,2013-06,48,1.1797569958847736,0.8400810185185185,225,220,0.5091279706271876
Savannah,2013-07,48,1.1041262158623268,0.7936516203703704,198,195,0.5091279706271876
Savannah,2013-08,48,1.1706940744968715,0.8404513888888889,219,215,0.5091279706271876
Savannah,2013-09,48,1.087921714933018,0.8214930555555555,188,186,0.5091279706271876
Savannah,2013-10,48,1.146877907496869,0.8848611111111111,207,205,0.5091279706271876
Savannah,2013-11,48,1.1624657934543454,0.8141261574074075,202,200,0.5091279706271876
Savannah,2013-12,48,1.1434106015932133,0.8416898148148149,179,178,0.5091279706271876
Savannah,2014-01,48,1.3299956459435627,0.9495775462962963,210,206,0.5091279706271876
Savannah,2014-02,48,1.3008074845679012,1.005630787037037,180,180,0.5091279706271876
Savannah,2014-03,48,1.2635509702286019,0.9344328703703704,209,205,0.5091279706271876
Savannah,2014-04,48,1.2628451071630007,0.8639351851851852,197,191,0.5091279706271876
Savannah,2014-05,48,1.130558855181936,0.84453125,228,222,0.5091279706271876
Savannah,2014-06,48,1.2805564588979224,0.8563773148148148,205,204,0.5091279706271876
Savannah,2014-07,48,1.286401481052812,0.9058854166666667,216,213,0.5091279706271876
Savannah,2014-08,48,0.9542722701149426,0.7519675925925926,145,145,0.5091279706271876
Savannah,2014-10,48,0.0065451388888888885,0.0065451388888888885,2,2,0.5091279706271876
Savannah,2014-11,48,0.05042989417989418,0.010775462962962962,7,7,0.5091279706271876
Savannah,2014-12,48,1.3893393264840181,0.9955555555555555,219,216,0.5091279706271876
Savannah,2015-01,48,1.1570090037277536,0.922349537037037,154,147,0.5091279706271876
Savannah,2015-02,48,1.285974194101509,0.9728472222222222,135,128,0.5091279706271876
Savannah,2015-03,48,1.214813321385902,1.040335648148148,155,147,0.5091279706271876
Savannah,2015-04,48,1.1762864662607813,0.958304398148148,146,137,0.5091279706271876
Savannah,2015-05,48,1.2375200803212851,1.0032349537037037,166,161,0.5091279706271876
Savannah,2015-06,48,1.1702422288359788,0.9784317129629629,154,149,0.5091279706271876
Savannah,2015-07,48,1.05978209304984,0.8316435185185185,162,155,0.5091279706271876
Savannah,2015-08,48,1.1266305869913125,0.8833275462962963,162,158,0.5091279706271876
Savannah,2015-09,48,1.0252858946608947,0.8284837962962963,154,151,0.5091279706271876
Savannah,2015-10,48,1.0921744970278922,0.8364351851851852,162,157,0.5091279706271876
Savannah,2015-11,48,1.0006967266562337,0.7950289351851851,142,136,0.5091279706271876
Savannah,2015-12,48,1.1567804654486702,0.880150462962963,149,142,0.5091279706271876
Savannah,2016-01,48,1.148145416379112,0.8671412037037037,161,152,0.5091279706271876
Savannah,2016-02,48,0.9656091820987655,0.82515625,90,88,0.5091279706271876
Savannah,2016-03,48,1.006091625644632,0.8099305555555556,79,76,0.5091279706271876
Savannah,2016-04,48,1.0613094486531987,0.8078472222222222,110,104,0.5091279706271876
Savannah,2016-05,48,1.0852531828703704,0.792974537037037,168,159,0.5091279706271876
Savannah,2016-06,48,1.0870483024691358,0.8167708333333333,150,143,0.5091279706271876
Savannah,2016-07,48,1.2434484688937304,0.9084953703703704,153,145,0.5091279706271876
Savannah,2016-08,48,1.124648522603486,0.8335532407407408,136,129,0.5091279706271876
Savannah,2016-09,48,1.156110097323601,0.9286111111111112,137,131,0.5091279706271876
Savannah,2016-10,48,1.2251742869694513,0.9595717592592593,137,132,0.5091279706271876
Savannah,2016-11,48,1.1907861733001657,0.9785590277777778,134,128,0.5091279706271876
Savannah,2016-12,48,1.3068094729344728,0.9983680555555556,130,121,0.5091279706271876
Savannah,2017-01,48,1.216636078042328,1.0787210648148147,126,119,0.5091279706271876
Savannah,2017-02,48,1.2700304064657877,1.0149479166666668,118,116,0.5091279706271876
Savannah,2017-03,48,1.136121821448314,0.9608506944444444,134,127,0.5091279706271876
Savannah,2017-04,48,1.1088418803418802,0.9470833333333333,130,125,0.5091279706271876
Savannah,2017-05,48,0.9714008033769064,0.7627719907407408,136,126,0.5091279706271876
Savannah,2017-06,48,1.0952584565412187,0.8103935185185185,124,116,0.5091279706271876
Savannah,2017-07,48,1.1894164094650206,0.8488425925925925,135,124,0.5091279706271876
Savannah,2017-08,48,1.1885992678725237,0.8905092592592593,129,121,0.5091279706271876
Savannah,2017-09,48,1.1565874136848713,0.8684085648148148,118,112,0.5091279706271876
Savannah,2017-10,48,1.115281550068587,0.9241782407407407,135,127,0.5091279706271876
Savannah,2017-11,48,1.2151310809817755,0.9486979166666667,126,123,0.5091279706271876
Savannah,2017-12,48,1.2113845621322257,1.0158333333333334,107,104,0.5091279706271876
Savannah,2018-01,48,1.4149728065444085,1.0391898148148149,206,201,0.5091279706271876
Savannah,2018-02,48,1.4464220679012347,1.1997511574074076,180,178,0.5091279706271876
Savannah,2018-03,48,1.2761781957928804,0.9883449074074073,206,200,0.5091279706271876
Savannah,2018-04,48,1.2422365260307477,0.9587673611111112,212,208,0.5091279706271876
Savannah,2018-05,48,1.3403863875724065,1.0466435185185186,211,204,0.5091279706271876
Savannah,2018-06,48,1.2526300451092116,0.9850462962962963,195,188,0.5091279706271876
Savannah,2018-07,48,1.3257994294799849,0.9915046296296297,198,193,0.5091279706271876
Savannah,2018-08,48,1.2008686490978158,0.9677083333333333,195,188,0.5091279706271876
Savannah,2018-09,48,1.3768422264739228,0.9805497685185185,196,191,0.5091279706271876
Savannah,2018-10,48,1.2158314043209877,1.0125405092592592,198,197,0.5091279706271876
Savannah,2018-11,48,1.2958198409044404,1.0229282407407407,181,178,0.5091279706271876
Savannah,2018-12,48,1.3914436156835848,1.0170833333333333,162,161,0.5091279706271876
Savannah,2019-01,48,1.289828431372549,1.068912037037037,204,200,0.5091279706271876
Savannah,2019-02,48,1.530696056024379,1.1702372685185185,158,156,0.5091279706271876
Savannah,2019-03,48,1.3155337938850309,1.0906655092592592,192,190,0.5091279706271876
Savannah,2019-04,48,1.290550832801192,1.0158506944444445,174,170,0.5091279706271876
Savannah,2019-05,48,1.3057645975056689,0.9977256944444445,196,189,0.5091279706271876
Savannah,2019-06,48,1.2058589858132986,0.9812152777777777,171,169,0.5091279706271876
Savannah,2019-07,48,1.298891737891738,1.0285763888888888,195,187,0.5091279706271876
Savannah,2019-08,48,1.3573460706899794,0.999525462962963,197,191,0.5091279706271876
Savannah,2019-09,48,1.2120914351851853,0.9424884259259259,180,177,0.5091279706271876
Savannah,2019-10,48,1.305689947089947,1.0652083333333333,175,168,0.5091279706271876
Savannah,2019-11,48,1.2336617813307493,0.9775347222222222,172,165,0.5091279706271876
Savannah,2019-12,48,1.5050954685746352,1.105787037037037,165,163,0.5091279706271876
Savannah,2020-01,48,1.3928649362014454,1.086261574074074,164,162,0.5091279706271876
Savannah,2020-02,48,1.3216027746496497,1.1099999999999999,148,143,0.5091279706271876
Savannah,2020-03,48,1.3307995341967735,1.0446296296296296,163,160,0.5091279706271876
Savannah,2020-04,48,1.2422573354604605,1.067957175925926,148,146,0.5091279706271876
Savannah,2020-05,48,1.4510931629092862,1.0148900462962964,138,132,0.5091279706271876
Savannah,2020-06,48,1.3828878096846846,1.077974537037037,148,146,0.5091279706271876
Savannah,2020-09,48,1.3294848431233781,0.9646759259259259,157,151,0.5091279706271876
Savannah,2020-10,48,1.3086363773904623,1.116111111111111,153,149,0.5091279706271876
Savannah,2020-11,48,1.3891835546238063,1.0598263888888888,159,154,0.5091279706271876
Savannah,2020-12,48,1.4449573255228016,1.1427777777777777,147,141,0.5091279706271876
Savannah,2021-01,48,1.4341966314473984,1.1506597222222221,163,155,0.5091279706271876
Savannah,2021-02,48,1.621446854128719,1.2983506944444445,122,121,0.5091279706271876
Savannah,2021-03,48,1.5244231564153439,1.3266840277777778,168,162,0.5091279706271876
Savannah,2021-04,48,1.5855696097883598,1.4243287037037038,196,189,0.5091279706271876
Savannah,2021-05,48,1.6784486749680714,1.358252314814815,203,193,0.5091279706271876
Savannah,2021-06,48,1.6077485246235246,1.2941782407407407,182,175,0.5091279706271876
Savannah,2021-07,48,1.54467598749015,1.3166145833333334,188,182,0.5091279706271876
Savannah,2021-08,48,1.7522748424971364,1.4989293981481482,194,189,0.5091279706271876
Savannah,2021-09,48,1.7859794411034746,1.4450636574074074,194,188,0.5091279706271876
Savannah,2021-10,48,1.7566738343673622,1.5096527777777777,197,190,0.5091279706271876
Savannah,2021-11,48,1.8590374950485247,1.6094560185185185,187,182,0.5091279706271876
Savannah,2021-12,48,1.8787404904904903,1.4677199074074074,185,180,0.5091279706271876
Savannah,2022-01,48,1.9920102175428116,1.6891666666666667,186,181,0.5091279706271876
Savannah,2022-02,48,2.0009204793028323,1.5136342592592593,153,149,0.5091279706271876
Savannah,2022-03,48,1.9680322788065843,1.6082696759259258,180,175,0.5091279706271876
Savannah,2022-04,48,1.8490578703703704,1.5519965277777779,180,174,0.5091279706271876
Savannah,2022-05,48,1.9677493686868686,1.7097337962962964,187,181,0.5091279706271876
Savannah,2022-06,48,2.0980893031189085,1.6768344907407409,190,183,0.5091279706271876
Savannah,2022-07,48,2.0201851219388787,1.5629629629629629,183,177,0.5091279706271876
Savannah,2022-08,48,2.0703504372427983,1.6322685185185186,198,192,0.5091279706271876
Savannah,2022-09,48,1.8927316234946603,1.579050925925926,163,158,0.5091279706271876
Savannah,2022-10,48,2.03840548035345,1.6697337962962964,197,190,0.5091279706271876
Savannah,2022-11,48,1.988085789871504,1.6227141203703703,196,187,0.5091279706271876
Savannah,2022-12,48,1.622038506760729,1.4269444444444443,189,181,0.5091279706271876
Savannah,2023-01,48,1.8406685763888888,1.3958854166666668,200,193,0.5091279706271876
Savannah,2023-02,48,1.8221970696254914,1.4077199074074074,179,175,0.5091279706271876
Savannah,2024-01,48,1.7685178219307272,1.473148148148148,216,202,0.5091279706271876
Savannah,2024-02,48,1.6943512490354937,1.3965162037037038,192,184,0.5091279706271876
Savannah,2024-03,48,1.780175079042457,1.4046180555555556,205,189,0.5091279706271876
Savannah,2024-04,48,1.7331341019417474,1.2774189814814814,206,193,0.5091279706271876
Savannah,2024-05,48,1.667371958310968,1.3339351851851853,207,191,0.5091279706271876
Savannah,2024-06,48,1.801510560622812,1.3063657407407407,201,192,0.5091279706271876
Savannah,2024-07,48,2.4582237547153634,1.3210358796296295,216,202,0.5091279706271876
Savannah,2024-08,48,1.7246819185937208,1.3825347222222222,197,187,0.5091279706271876
Savannah,2024-09,48,1.6501882759890572,1.2858449074074074,176,163,0.5091279706271876
Savannah,2024-10,48,1.7074247685185187,1.3800983796296298,188,178,0.5091279706271876
Savannah,2024-11,48,1.8073312267293749,1.465625,189,182,0.5091279706271876
Savannah,2024-12,48,1.7029463454376166,1.3894560185185185,179,166,0.5091279706271876
Savannah,2025-01,48,2.4655508993188593,1.5314004629629632,174,165,0.5091279706271876
Savannah,2025-02,48,1.741549253371869,1.4941666666666666,173,166,0.5091279706271876
Savannah,2025-03,48,1.6872701552562666,1.4096064814814815,198,192,0.5091279706271876
Savannah,2025-04,48,1.6980161427875244,1.3725810185185185,190,183,0.5091279706271876
Savannah,2025-05,48,2.3337030041717544,1.4455208333333331,182,173,0.5091279706271876
Savannah,2025-06,48,1.8678700947971782,1.4012152777777778,168,164,0.5091279706271876
Savannah,2025-07,48,1.7949623995688813,1.3822337962962963,189,185,0.5091279706271876
Savannah,2025-08,48,1.5979960140621905,1.4444097222222223,187,178,0.5091279706271876
Savannah,2025-09,48,2.046774193548387,1.28671875,186,178,0.5091279706271876
Savannah,2025-10,48,1.7401256256256257,1.3122569444444445,185,176,0.5091279706271876
Savannah,2025-11,48,1.6700235908722931,1.2815625,183,175,0.5091279706271876
Savannah,2025-12,48,1.5885946306360708,1.2936747685185184,184,177,0.5091279706271876
Seattle,2008-12,12,5.303819444444445,5.303819444444445,2,2,-0.15017948297155828
Seattle,2009-01,12,1.0393700396825396,0.025694444444444443,280,150,-0.15017948297155828
Seattle,2009-02,12,0.7552947845804988,0.025694444444444443,245,136,-0.15017948297155828
Seattle,2009-03,12,1.0032649253731343,0.025694444444444443,268,153,-0.15017948297155828
Seattle,2009-04,12,0.696017998335414,0.025694444444444443,267,148,-0.15017948297155828
Seattle,2009-05,12,0.5236244146445296,0.02638888888888889,261,140,-0.15017948297155828
Seattle,2009-06,12,0.38135850694444445,0.02638888888888889,32,21,-0.15017948297155828
Seattle,2009-07,12,0.7306233723958333,0.02638888888888889,256,142,-0.15017948297155828
Seattle,2009-08,12,1.209980413105413,0.028124999999999997,234,139,-0.15017948297155828
Seattle,2009-09,12,0.7950126262626263,0.02638888888888889,231,137,-0.15017948297155828
Seattle,2009-10,12,0.9956429643929644,0.02638888888888889,259,152,-0.15017948297155828
Seattle,2009-11,12,0.8752001455604075,0.027777777777777776,229,134,-0.15017948297155828
Seattle,2009-12,12,0.7291605211406097,0.027777777777777776,226,131,-0.15017948297155828
Seattle,2010-01,12,1.8958652952115296,0.029166666666666667,239,137,-0.15017948297155828
Seattle,2010-02,12,0.9973227339181286,0.03611111111111111,228,138,-0.15017948297155828
Seattle,2010-03,12,1.0444068287037036,0.02847222222222222,240,143,-0.15017948297155828
Seattle,2010-04,12,0.7410496901283754,0.02847222222222222,251,142,-0.15017948297155828
Seattle,2010-05,12,0.8347082213261648,0.029861111111111113,248,144,-0.15017948297155828
Seattle,2010-06,12,0.8348068394024276,0.029861111111111113,238,140,-0.15017948297155828
Seattle,2010-07,12,0.8152213188798555,0.029166666666666667,246,148,-0.15017948297155828
Seattle,2010-08,12,1.0278220451527225,0.027083333333333334,251,148,-0.15017948297155828
Seattle,2010-09,12,0.7123007246376811,0.027083333333333334,230,129,-0.15017948297155828
Seattle,2010-10,12,0.8094523166891588,0.027083333333333334,247,145,-0.15017948297155828
Seattle,2010-11,12,0.952610153256705,0.02847222222222222,232,145,-0.15017948297155828
Seattle,2010-12,12,1.1007362397119342,0.029513888888888888,216,132,-0.15017948297155828
Seattle,2011-01,12,1.0709768135904498,0.029166666666666667,242,143,-0.15017948297155828
Seattle,2011-02,12,1.2569976359338062,0.027777777777777776,235,143,-0.15017948297155828
Seattle,2011-03,12,0.8400104717813051,0.02847222222222222,252,154,-0.15017948297155828
Seattle,2011-04,12,0.8097540509259259,0.029513888888888888,240,146,-0.15017948297155828
Seattle,2011-05,12,0.9915728228228228,0.03125,259,157,-0.15017948297155828
Seattle,2011-06,12,0.6910090702947845,0.030555555555555555,245,147,-0.15017948297155828
Seattle,2011-07,12,0.9034832890659583,0.027777777777777776,251,151,-0.15017948297155828
Seattle,2011-08,12,0.8615758754863814,0.02847222222222222,257,148,-0.15017948297155828
Seattle,2011-09,12,0.6109932466870541,0.029166666666666667,218,126,-0.15017948297155828
Seattle,2011-10,12,0.9399668758716876,0.03194444444444444,239,146,-0.15017948297155828
Seattle,2011-11,12,0.975155297702766,0.029861111111111113,237,149,-0.15017948297155828
Seattle,2011-12,12,0.7206255468066491,0.03090277777777778,254,151,-0.15017948297155828
Seattle,2012-01,12,1.7935020792363159,0.03338541666666667,226,146,-0.15017948297155828
Seattle,2012-02,12,1.1157657525109856,0.029363425925925925,236,142,-0.15017948297155828
Seattle,2012-03,12,0.9026656567281568,0.028217592592592593,259,154,-0.15017948297155828
Seattle,2012-04,12,0.9223795438957476,0.02900462962962963,243,146,-0.15017948297155828
Seattle,2012-05,12,0.8088752397816144,0.029560185185185186,251,152,-0.15017948297155828
Seattle,2012-06,12,0.9342563904716682,0.030052083333333333,234,138,-0.15017948297155828
Seattle,2012-07,12,1.2328004972565156,0.025555555555555557,243,140,-0.15017948297155828
Seattle,2012-08,12,0.49545737547892726,0.026226851851851852,261,143,-0.15017948297155828
Seattle,2012-09,12,1.1987068878376193,0.02585648148148148,229,126,-0.15017948297155828
Seattle,2012-10,12,0.7255674751243781,0.02625,268,151,-0.15017948297155828
Seattle,2012-11,12,0.7550004304407714,0.025515046296296296,242,136,-0.15017948297155828
Seattle,2012-12,12,0.4915179326110342,0.025104166666666667,241,134,-0.15017948297155828
Seattle,2013-01,12,1.197465492909266,0.027881944444444445,269,155,-0.15017948297155828
Seattle,2013-02,12,0.44774419398907106,0.026319444444444444,244,141,-0.15017948297155828
Seattle,2013-03,12,0.4450454528415055,0.02630787037037037,247,136,-0.15017948297155828
Seattle,2013-04,12,0.5303272685185185,0.02474537037037037,250,138,-0.15017948297155828
Seattle,2013-05,12,0.6841521405008247,0.02619212962962963,247,141,-0.15017948297155828
Seattle,2013-06,12,0.5350771931889516,0.02689236111111111,236,134,-0.15017948297155828
Seattle,2013-07,12,0.460348198937334,0.02666666666666667,237,129,-0.15017948297155828
Seattle,2013-08,12,0.5642131459522763,0.025416666666666667,253,140,-0.15017948297155828
Seattle,2013-09,12,0.7874918705908289,0.025729166666666664,252,144,-0.15017948297155828
Seattle,2013-10,12,0.8705941358024691,0.02644675925925926,255,148,-0.15017948297155828
Seattle,2013-11,12,0.807730179979176,0.025983796296296297,249,142,-0.15017948297155828
Seattle,2013-12,12,0.6891118827160494,0.025931712962962962,240,136,-0.15017948297155828
Seattle,2013-12,12,10.377008101851851,10.881637731481481,4,4,-0.15017948297155828
Seattle,2014-01,12,0.7976783742877492,0.025972222222222223,260,149,-0.15017948297155828
Seattle,2014-02,12,0.7978432979653474,0.025347222222222222,233,136,-0.15017948297155828
Seattle,2014-03,12,1.1382861363308836,0.025451388888888888,257,153,-0.15017948297155828
Seattle,2014-04,12,0.6799924949363426,0.02685763888888889,256,147,-0.15017948297155828
Seattle,2014-05,12,0.826950367115162,0.025069444444444443,256,143,-0.15017948297155828
Seattle,2014-06,12,0.46185979389431275,0.02451388888888889,239,130,-0.15017948297155828
Seattle,2014-07,12,0.42733618233618237,0.025798611111111112,247,135,-0.15017948297155828
Seattle,2014-08,12,0.6526029154154154,0.025694444444444443,259,132,-0.15017948297155828
Seattle,2014-09,12,0.665122257674341,0.02513310185185185,222,118,-0.15017948297155828
Seattle,2014-10,12,0.46070287623596445,0.02298611111111111,221,119,-0.15017948297155828
Seattle,2014-12,12,1.4025309491760483,0.027349537037037037,227,137,-0.15017948297155828
Seattle,2015-01,12,2.6165521029504077,0.029027777777777777,177,108,-0.15017948297155828
Seattle,2015-02,12,1.5949535533910533,0.027366898148148147,154,94,-0.15017948297155828
Seattle,2015-03,12,1.066368137392443,0.025399305555555557,198,114,-0.15017948297155828
Seattle,2015-04,12,0.9026696499306794,0.02638888888888889,187,105,-0.15017948297155828
Seattle,2015-05,12,0.6067344660650498,0.02388888888888889,197,109,-0.15017948297155828
Seattle,2015-06,12,1.0573720629231382,0.018738425925925926,186,104,-0.15017948297155828
Seattle,2015-07,12,0.4751408987580395,0.02392361111111111,167,92,-0.15017948297155828
Seattle,2015-08,12,0.6200207146248813,0.023668981481481482,195,104,-0.15017948297155828
Seattle,2015-09,12,1.2854527417027417,0.02587962962962963,154,84,-0.15017948297155828
Seattle,2015-10,12,0.6193647875816993,0.02267939814814815,170,95,-0.15017948297155828
Seattle,2015-11,12,1.687686737016346,0.02738425925925926,179,101,-0.15017948297155828
Seattle,2015-12,12,0.4893893298059965,0.025364583333333333,168,97,-0.15017948297155828
Seattle,2016-01,12,1.2657861306336458,0.026805555555555555,166,99,-0.15017948297155828
Seattle,2016-02,12,1.1398684764309766,0.02658564814814815,88,58,-0.15017948297155828
Seattle,2016-03,12,1.0471607035024155,0.026140046296296293,92,57,-0.15017948297155828
Seattle,2016-04,12,0.4570902332621083,0.02689236111111111,104,65,-0.15017948297155828
Seattle,2016-05,12,1.1509020888447974,0.020734953703703707,168,89,-0.15017948297155828
Seattle,2016-06,12,1.1610056750298685,0.01920138888888889,155,87,-0.15017948297155828
Seattle,2016-07,12,0.7078310636123136,0.018414351851851852,154,83,-0.15017948297155828
Seattle,2016-08,12,0.7063314498504716,0.023564814814814816,161,94,-0.15017948297155828
Seattle,2016-09,12,1.1221108024691357,0.02646412037037037,150,86,-0.15017948297155828
Seattle,2016-10,12,0.6389136802697759,0.024276620370370372,162,90,-0.15017948297155828
Seattle,2016-11,12,0.6936265914351851,0.024971064814814814,160,91,-0.15017948297155828
Seattle,2016-12,12,0.8509008615403483,0.026400462962962962,151,88,-0.15017948297155828
Seattle,2017-01,12,1.6196610116828238,0.0275,149,90,-0.15017948297155828
Seattle,2017-02,12,1.013357630053718,0.025613425925925925,131,76,-0.15017948297155828
Seattle,2017-03,12,1.0096548755787036,0.02369212962962963,160,90,-0.15017948297155828
Seattle,2017-04,12,1.1362442552041092,0.02607638888888889,137,77,-0.15017948297155828
Seattle,2017-05,12,1.4854896935626103,0.024479166666666666,126,75,-0.15017948297155828
Seattle,2017-06,12,1.1606925486909323,0.02354166666666667,116,65,-0.15017948297155828
Seattle,2017-07,12,0.428383487654321,0.023032407407407408,117,67,-0.15017948297155828
Seattle,2017-08,12,1.2230693778310684,0.02199074074074074,139,80,-0.15017948297155828
Seattle,2017-09,12,0.6489248755057578,0.025,119,69,-0.15017948297155828
Seattle,2017-10,12,1.3505024454898447,0.02302083333333333,124,71,-0.15017948297155828
Seattle,2017-11,12,0.777852475071225,0.02589699074074074,130,79,-0.15017948297155828
Seattle,2017-12,12,0.6530511554943373,0.021666666666666667,121,68,-0.15017948297155828
Seattle,2018-01,12,1.259966220462544,0.024652777777777777,221,128,-0.15017948297155828
Seattle,2018-02,12,0.978515625,0.025671296296296296,192,116,-0.15017948297155828
Seattle,2018-03,12,0.5697654809787163,0.022835648148148147,221,124,-0.15017948297155828
Seattle,2018-04,12,1.5260831404320987,0.025520833333333333,204,118,-0.15017948297155828
Seattle,2018-05,12,0.759286779835391,0.016666666666666666,225,126,-0.15017948297155828
Seattle,2018-06,12,0.7389744385342789,0.023333333333333334,235,133,-0.15017948297155828
Seattle,2018-07,12,0.931698688271605,0.02309027777777778,210,124,-0.15017948297155828
Seattle,2018-08,12,1.7561141450916935,0.024797453703703703,206,119,-0.15017948297155828
Seattle,2018-09,12,0.8069170824343761,0.02240162037037037,206,119,-0.15017948297155828
Seattle,2018-10,12,0.5277894118211476,0.02423611111111111,193,108,-0.15017948297155828
Seattle,2018-11,12,1.0390463811324413,0.024583333333333332,191,111,-0.15017948297155828
Seattle,2018-12,12,0.8140596959717449,0.024184027777777777,194,112,-0.15017948297155828
Seattle,2019-01,12,2.143632772680938,0.025069444444444443,218,126,-0.15017948297155828
Seattle,2019-02,12,0.9054633227787373,0.025486111111111112,193,113,-0.15017948297155828
Seattle,2019-03,12,0.5679478782692645,0.025138888888888888,211,119,-0.15017948297155828
Seattle,2019-04,12,0.8773372787812442,0.02236111111111111,203,114,-0.15017948297155828
Seattle,2019-05,12,0.6378828596037899,0.022627314814814815,215,128,-0.15017948297155828
Seattle,2019-06,12,1.2404753289473684,0.020451388888888887,190,109,-0.15017948297155828
Seattle,2019-07,12,0.7609784711354548,0.02290509259259259,213,123,-0.15017948297155828
Seattle,2019-08,12,0.9392727343889784,0.024039351851851853,207,117,-0.15017948297155828
Seattle,2019-09,12,1.4118195662768032,0.02409722222222222,190,112,-0.15017948297155828
Seattle,2019-10,12,0.7369629746539469,0.022586805555555554,198,113,-0.15017948297155828
Seattle,2019-11,12,0.8910132629440666,0.025243055555555553,196,115,-0.15017948297155828
Seattle,2019-12,12,0.7041133520488573,0.02367476851851852,188,109,-0.15017948297155828
Seattle,2020-01,12,3.389403442671395,0.025972222222222223,188,113,-0.15017948297155828
Seattle,2020-02,12,0.6708848024001656,0.023275462962962963,179,98,-0.15017948297155828
Seattle,2020-03,12,1.0407999975887348,0.023859953703703703,192,107,-0.15017948297155828
Seattle,2020-04,12,0.5788186820802839,0.024363425925925927,167,97,-0.15017948297155828
Seattle,2020-05,12,0.5098302925706771,0.025069444444444443,169,95,-0.15017948297155828
Seattle,2020-06,12,0.7699094715734843,0.026319444444444444,157,91,-0.15017948297155828
Seattle,2020-09,12,2.228924030896181,0.025208333333333333,193,114,-0.15017948297155828
Seattle,2020-10,12,1.0166363782937167,0.02638888888888889,201,117,-0.15017948297155828
Seattle,2020-11,12,0.6794607884399552,0.02480324074074074,165,102,-0.15017948297155828
Seattle,2020-12,12,0.6512423766915953,0.02177662037037037,208,114,-0.15017948297155828
Seattle,2021-01,12,2.473186708089669,0.025341435185185186,190,108,-0.15017948297155828
Seattle,2021-02,12,1.5432953341142346,0.02298611111111111,166,91,-0.15017948297155828
Seattle,2021-03,12,0.7197482103052125,0.024930555555555556,216,125,-0.15017948297155828
Seattle,2021-04,12,1.4091674632628581,0.025208333333333333,247,136,-0.15017948297155828
Seattle,2021-05,12,0.8112223435982799,0.026469907407407407,267,129,-0.15017948297155828
Seattle,2021-06,12,1.0225639814814815,0.027042824074074073,250,129,-0.15017948297155828
Seattle,2021-07,12,1.086466375612745,0.028859953703703707,272,134,-0.15017948297155828
Seattle,2021-08,12,0.862257493215198,0.027355324074074074,232,103,-0.15017948297155828
Seattle,2021-09,12,1.0755409048288795,0.02722222222222222,237,112,-0.15017948297155828
Seattle,2021-10,12,0.8283896833804144,0.026313657407407407,236,126,-0.15017948297155828
Seattle,2021-11,12,1.7415269740226338,0.025341435185185186,216,120,-0.15017948297155828
Seattle,2021-12,12,1.1886749784110535,0.025752314814814815,193,104,-0.15017948297155828
Seattle,2022-01,12,2.725314169337607,0.025555555555555554,208,116,-0.15017948297155828
Seattle,2022-02,12,0.8073518752338197,0.02499421296296296,198,107,-0.15017948297155828
Seattle,2022-03,12,0.7807967328622483,0.02544560185185185,228,117,-0.15017948297155828
Seattle,2022-04,12,1.1218156472359058,0.026331018518518517,203,114,-0.15017948297155828
Seattle,2022-05,12,1.1198530047557285,0.031967592592592596,257,137,-0.15017948297155828
Seattle,2022-06,12,0.9404599146471574,0.05138888888888889,243,118,-0.15017948297155828
Seattle,2022-07,12,1.4018462661030595,0.027019675925925926,230,112,-0.15017948297155828
Seattle,2022-08,12,1.348760698723934,0.02867476851851852,238,119,-0.15017948297155828
Seattle,2022-09,12,0.7016113315696649,0.02829861111111111,210,97,-0.15017948297155828
Seattle,2022-10,12,0.7612146604938271,0.02666666666666667,225,124,-0.15017948297155828
Seattle,2022-11,12,1.255520618998628,0.025561342592592594,216,120,-0.15017948297155828
Seattle,2022-12,12,0.9000358459187343,0.027146990740740742,206,118,-0.15017948297155828
Seattle,2023-01,12,1.868807819828562,0.029097222222222222,229,128,-0.15017948297155828
Seattle,2023-02,12,0.5236029075091575,0.019160879629629632,182,96,-0.15017948297155828
Seattle,2024-01,12,2.0340922132741985,0.027216435185185184,238,132,-0.15017948297155828
Seattle,2024-02,12,1.018453316155522,0.026805555555555555,221,123,-0.15017948297155828
Seattle,2024-03,12,0.8399450937217705,0.025902777777777778,246,128,-0.15017948297155828
Seattle,2024-04,12,1.158225481647567,0.026539351851851852,223,126,-0.15017948297155828
Seattle,2024-05,12,1.6442955362078497,0.026255787037037036,268,127,-0.15017948297155828
Seattle,2024-06,12,1.6325427960722818,0.02670138888888889,248,118,-0.15017948297155828
Seattle,2024-07,12,1.0309000804300064,0.027685185185185188,236,113,-0.15017948297155828
Seattle,2024-08,12,0.9445846246556474,0.028182870370370372,242,114,-0.15017948297155828
Seattle,2024-09,12,0.7437131166436146,0.027974537037037037,241,116,-0.15017948297155828
Seattle,2024-10,12,1.0578084997439836,0.0275,217,114,-0.15017948297155828
Seattle,2024-11,12,1.6212064043209875,0.025804398148148146,240,130,-0.15017948297155828
Seattle,2024-12,12,0.7359025485881922,0.026429398148148146,202,106,-0.15017948297155828
Seattle,2025-01,12,4.298939661096644,0.0281712962962963,256,142,-0.15017948297155828
Seattle,2025-02,12,1.1859764476778365,0.025972222222222223,189,108,-0.15017948297155828
Seattle,2025-03,12,1.3433588059817139,0.025763888888888888,239,133,-0.15017948297155828
Seattle,2025-04,12,1.249824074074074,0.02736111111111111,215,120,-0.15017948297155828
Seattle,2025-05,12,1.249156600140056,0.028020833333333335,238,113,-0.15017948297155828
Seattle,2025-06,12,0.7056245884773663,0.02679398148148148,225,105,-0.15017948297155828
Seattle,2025-07,12,1.3165329763025737,0.026805555555555555,236,119,-0.15017948297155828
Seattle,2025-08,12,1.8638649691358027,0.029265046296296296,240,111,-0.15017948297155828
Seattle,2025-09,12,0.7376083519345238,0.027395833333333335,224,104,-0.15017948297155828
Seattle,2025-10,12,1.7536930723143958,0.026944444444444444,221,112,-0.15017948297155828
Seattle,2025-11,12,1.229096512491265,0.026736111111111113,212,114,-0.15017948297155828
Seattle,2025-12,12,0.7407906539351852,0.026226851851851852,208,114,-0.15017948297155828
Seattle,2008-12,24,5.843055555555555,5.843055555555555,2,2,-0.0909401149738629
Seattle,2009-01,24,1.2258994969378827,0.03611111111111111,254,149,-0.0909401149738629
Seattle,2009-02,24,1.0753159557661929,0.03888888888888889,211,134,-0.0909401149738629
Seattle,2009-03,24,1.213840579710145,0.035416666666666666,230,151,-0.0909401149738629
Seattle,2009-04,24,0.8591869212962963,0.034027777777777775,240,148,-0.0909401149738629
Seattle,2009-05,24,0.6336284722222222,0.03611111111111111,240,140,-0.0909401149738629
Seattle,2009-06,24,0.620940170940171,0.03680555555555556,26,20,-0.0909401149738629
Seattle,2009-07,24,0.9223482055063914,0.4701388888888889,226,142,-0.0909401149738629
Seattle,2009-08,24,1.403720005216484,0.4652777777777778,213,139,-0.0909401149738629
Seattle,2009-09,24,0.9338934748427674,0.03923611111111111,212,137,-0.0909401149738629
Seattle,2009-10,24,1.1830084644730567,0.12083333333333333,233,152,-0.0909401149738629
Seattle,2009-11,24,1.0991139846743294,0.5166666666666667,203,134,-0.0909401149738629
Seattle,2009-12,24,0.8607672930283223,0.044097222222222225,204,130,-0.0909401149738629
Seattle,2010-01,24,2.2659056316590562,0.49930555555555556,219,137,-0.0909401149738629
Seattle,2010-02,24,1.058518743257821,0.5215277777777778,206,137,-0.0909401149738629
Seattle,2010-03,24,1.2802428909952606,0.5298611111111111,211,141,-0.0909401149738629
Seattle,2010-04,24,0.9042865044247788,0.4934027777777778,226,142,-0.0909401149738629
Seattle,2010-05,24,0.9795308641975309,0.45625,225,142,-0.0909401149738629
Seattle,2010-06,24,1.053468899521531,0.6083333333333333,209,140,-0.0909401149738629
Seattle,2010-07,24,0.9765015015015015,0.47986111111111107,222,147,-0.0909401149738629
Seattle,2010-08,24,1.2581636500754148,0.18194444444444444,221,147,-0.0909401149738629
Seattle,2010-09,24,0.8985221674876848,0.5236111111111111,203,129,-0.0909401149738629
Seattle,2010-10,24,0.9709108382936508,0.4930555555555556,224,145,-0.0909401149738629
Seattle,2010-11,24,1.1007433489827856,0.05,213,144,-0.0909401149738629
Seattle,2010-12,24,1.2778059785673999,0.24583333333333332,197,132,-0.0909401149738629
Seattle,2011-01,24,1.3102706386292835,0.5715277777777777,214,143,-0.0909401149738629
Seattle,2011-02,24,1.4915608465608465,0.35659722222222223,210,143,-0.0909401149738629
Seattle,2011-03,24,1.0338355654761904,0.525,224,154,-0.0909401149738629
Seattle,2011-04,24,1.020849711740042,0.6465277777777778,212,146,-0.0909401149738629
Seattle,2011-05,24,1.1536811440677968,0.45555555555555555,236,157,-0.0909401149738629
Seattle,2011-06,24,0.8810153034979423,0.5475694444444444,216,147,-0.0909401149738629
Seattle,2011-07,24,1.155479797979798,0.5649305555555555,220,150,-0.0909401149738629
Seattle,2011-08,24,1.0520466226138032,0.47152777777777777,227,147,-0.0909401149738629
Seattle,2011-09,24,0.8157223691945914,0.5534722222222223,189,126,-0.0909401149738629
Seattle,2011-10,24,1.1202131782945737,0.5506944444444445,215,146,-0.0909401149738629
Seattle,2011-11,24,1.1848172169811322,0.6454861111111112,212,149,-0.0909401149738629
Seattle,2011-12,24,0.8810550682261209,0.44861111111111107,228,151,-0.0909401149738629
Seattle,2012-01,24,2.0541474706413734,0.5410185185185186,205,146,-0.0909401149738629
Seattle,2012-02,24,1.3754555264805868,0.5499421296296296,207,142,-0.0909401149738629
Seattle,2012-03,24,1.2039293450560653,0.6590509259259258,218,154,-0.0909401149738629
Seattle,2012-04,24,1.2005991680085883,0.6356018518518518,207,145,-0.0909401149738629
Seattle,2012-05,24,1.000917717001142,0.5247453703703704,227,152,-0.0909401149738629
Seattle,2012-06,24,1.088337154439128,0.5393981481481481,209,136,-0.0909401149738629
Seattle,2012-07,24,1.5622813724180913,0.2916666666666667,208,140,-0.0909401149738629
Seattle,2012-08,24,0.6991864412057798,0.3448148148148148,223,143,-0.0909401149738629
Seattle,2012-09,24,1.4600484735973598,0.046302083333333334,202,126,-0.0909401149738629
Seattle,2012-10,24,0.8971769386574074,0.03737847222222222,240,150,-0.0909401149738629
Seattle,2012-11,24,0.9153126061841658,0.031892361111111114,218,135,-0.0909401149738629
Seattle,2012-12,24,0.6411767696434753,0.030092592592592594,214,133,-0.0909401149738629
Seattle,2013-01,24,1.5036528373867428,0.043680555555555556,233,155,-0.0909401149738629
Seattle,2013-02,24,0.6164216005912015,0.03980324074074074,213,140,-0.0909401149738629
Seattle,2013-03,24,0.6333339310554686,0.05620370370370371,213,136,-0.0909401149738629
Seattle,2013-04,24,0.7425854406883298,0.04782986111111111,212,138,-0.0909401149738629
Seattle,2013-05,24,0.9056170495846313,0.49024305555555553,214,141,-0.0909401149738629
Seattle,2013-06,24,0.6988467860976919,0.03644675925925926,207,133,-0.0909401149738629
Seattle,2013-07,24,0.6887427298529685,0.3771759259259259,199,129,-0.0909401149738629
Seattle,2013-08,24,0.8336483373397436,0.5463599537037036,208,139,-0.0909401149738629
Seattle,2013-09,24,1.0544298957251645,0.13549189814814813,214,144,-0.0909401149738629
Seattle,2013-10,24,1.0821097222222222,0.034722222222222224,225,147,-0.0909401149738629
Seattle,2013-11,24,0.9998092908249158,0.03322337962962963,220,141,-0.0909401149738629
Seattle,2013-12,24,0.8480397825150733,0.03189814814814815,215,136,-0.0909401149738629
Seattle,2013-12,24,10.377008101851851,10.881637731481481,4,4,-0.0909401149738629
Seattle,2014-01,24,0.9968078200483091,0.03379050925925926,230,149,-0.0909401149738629
Seattle,2014-02,24,0.9991319444444444,0.034618055555555555,206,136,-0.0909401149738629
Seattle,2014-03,24,1.4049058056382275,0.040630787037037035,224,153,-0.0909401149738629
Seattle,2014-04,24,0.91509766615931,0.0450462962962963,219,147,-0.0909401149738629
Seattle,2014-05,24,1.0541490970136804,0.035896990740740736,222,143,-0.0909401149738629
Seattle,2014-06,24,0.6194720017636685,0.03244791666666667,210,130,-0.0909401149738629
Seattle,2014-07,24,0.665639566395664,0.07993055555555556,205,135,-0.0909401149738629
Seattle,2014-08,24,0.8991934448653198,0.03684606481481482,220,132,-0.0909401149738629
Seattle,2014-09,24,0.9117517701525055,0.03846064814814815,187,117,-0.0909401149738629
Seattle,2014-10,24,0.6594911101260835,0.030815972222222224,188,119,-0.0909401149738629
Seattle,2014-12,24,1.5946078725961539,0.03316550925925926,208,137,-0.0909401149738629
Seattle,2015-01,24,3.035688692480359,0.03480324074074074,165,108,-0.0909401149738629
Seattle,2015-02,24,1.7418883145363409,0.03785879629629629,133,92,-0.0909401149738629
Seattle,2015-03,24,1.2832326520412458,0.032609953703703703,176,114,-0.0909401149738629
Seattle,2015-04,24,2.4384546857463527,0.029814814814814815,165,105,-0.0909401149738629
Seattle,2015-05,24,0.7241242949127288,0.0294849537037037,174,108,-0.0909401149738629
Seattle,2015-06,24,0.6182178043134597,0.02822337962962963,164,103,-0.0909401149738629
Seattle,2015-07,24,0.6223545861297539,0.029155092592592594,149,92,-0.0909401149738629
Seattle,2015-08,24,1.3719692170240416,0.028819444444444446,171,103,-0.0909401149738629
Seattle,2015-09,24,1.1982705662393163,0.02853587962962963,130,81,-0.0909401149738629
Seattle,2015-10,24,0.5940207851080247,0.028993055555555557,144,94,-0.0909401149738629
Seattle,2015-11,24,1.5816226382632632,0.029305555555555557,148,98,-0.0909401149738629
Seattle,2015-12,24,0.6108277777777777,0.026863425925925926,150,93,-0.0909401149738629
Seattle,2016-01,24,1.8367624785381407,0.027916666666666666,151,99,-0.0909401149738629
Seattle,2016-02,24,0.7165723988791423,0.02990162037037037,76,53,-0.0909401149738629
Seattle,2016-03,24,1.3273653455284553,0.031203703703703702,82,57,-0.0909401149738629
Seattle,2016-04,24,0.5373632268020708,0.030497685185185187,93,64,-0.0909401149738629
Seattle,2016-05,24,2.0436919753086418,0.028136574074074074,150,89,-0.0909401149738629
Seattle,2016-06,24,0.842652077950043,0.037592592592592594,129,85,-0.0909401149738629
Seattle,2016-07,24,0.9195834203564467,0.028125,133,83,-0.0909401149738629
Seattle,2016-08,24,0.8468055555555556,0.030515046296296297,146,94,-0.0909401149738629
Seattle,2016-09,24,1.3318732725262576,0.029114583333333333,134,86,-0.0909401149738629
Seattle,2016-10,24,0.8033598572530863,0.029363425925925925,144,90,-0.0909401149738629
Seattle,2016-11,24,0.8301151065449011,0.028171296296296295,146,91,-0.0909401149738629
Seattle,2016-12,24,0.991684816919192,0.028987268518518516,132,86,-0.0909401149738629
Seattle,2017-01,24,2.143755998242768,0.029930555555555554,137,90,-0.0909401149738629
Seattle,2017-02,24,1.222928933206711,0.029363425925925925,117,76,-0.0909401149738629
Seattle,2017-03,24,1.098539517195767,0.03154513888888889,140,89,-0.0909401149738629
Seattle,2017-04,24,1.3901210826210826,0.03306712962962963,117,76,-0.0909401149738629
Seattle,2017-05,24,1.7551709242724869,0.03543402777777778,112,75,-0.0909401149738629
Seattle,2017-06,24,1.3138554526748971,0.029988425925925925,99,64,-0.0909401149738629
Seattle,2017-07,24,0.6221251870557426,0.03076388888888889,99,67,-0.0909401149738629
Seattle,2017-08,24,2.2803489039252924,0.03125,117,79,-0.0909401149738629
Seattle,2017-09,24,0.6688711344839986,0.030694444444444444,103,68,-0.0909401149738629
Seattle,2017-10,24,1.021365004208754,0.026603009259259257,110,70,-0.0909401149738629
Seattle,2017-11,24,0.953977191091954,0.029994212962962962,116,79,-0.0909401149738629
Seattle,2017-12,24,0.8607768959435627,0.03011574074074074,105,68,-0.0909401149738629
Seattle,2018-01,24,1.4454823481116583,0.029988425925925925,203,128,-0.0909401149738629
Seattle,2018-02,24,1.1519012744785015,0.030092592592592594,174,115,-0.0909401149738629
Seattle,2018-03,24,1.5433040870171248,0.032025462962962964,186,124,-0.0909401149738629
Seattle,2018-04,24,1.2098152551328503,0.027366898148148147,184,115,-0.0909401149738629
Seattle,2018-05,24,0.948062593057882,0.027210648148148147,199,126,-0.0909401149738629
Seattle,2018-06,24,0.8843910841592767,0.027083333333333334,213,133,-0.0909401149738629
Seattle,2018-07,24,0.9180990348814424,0.027708333333333335,189,123,-0.0909401149738629
Seattle,2018-08,24,2.0176138220439688,0.027430555555555555,187,119,-0.0909401149738629
Seattle,2018-09,24,0.9930136865007084,0.026863425925925926,183,118,-0.0909401149738629
Seattle,2018-10,24,0.6561231481481482,0.02847222222222222,175,108,-0.0909401149738629
Seattle,2018-11,24,1.2364879792072774,0.027627314814814816,171,111,-0.0909401149738629
Seattle,2018-12,24,0.9663342592592593,0.027511574074074074,175,112,-0.0909401149738629
Seattle,2019-01,24,2.4375699705387204,0.030405092592592595,198,126,-0.0909401149738629
Seattle,2019-02,24,1.1102228855317307,0.03002314814814815,171,112,-0.0909401149738629
Seattle,2019-03,24,0.7322557065755595,0.029027777777777777,187,118,-0.0909401149738629
Seattle,2019-04,24,1.0671582131164312,0.02652777777777778,181,113,-0.0909401149738629
Seattle,2019-05,24,1.1325871353866819,0.027708333333333335,193,127,-0.0909401149738629
Seattle,2019-06,24,1.2084308065595717,0.028738425925925924,166,108,-0.0909401149738629
Seattle,2019-07,24,0.8814154411764706,0.02826388888888889,187,122,-0.0909401149738629
Seattle,2019-08,24,1.1443292096741549,0.028541666666666667,183,117,-0.0909401149738629
Seattle,2019-09,24,1.7057238301175426,0.03111111111111111,167,112,-0.0909401149738629
Seattle,2019-10,24,0.8984701414898045,0.02616898148148148,178,112,-0.0909401149738629
Seattle,2019-11,24,1.155049396494709,0.04136574074074074,168,114,-0.0909401149738629
Seattle,2019-12,24,0.9069452913279132,0.027673611111111114,164,108,-0.0909401149738629
Seattle,2020-01,24,3.905467675759592,0.036145833333333335,167,113,-0.0909401149738629
Seattle,2020-02,24,0.9410825208486632,0.035694444444444445,151,98,-0.0909401149738629
Seattle,2020-03,24,1.3053275602409637,0.028350694444444442,166,105,-0.0909401149738629
Seattle,2020-04,24,0.6977374208089668,0.02744212962962963,152,97,-0.0909401149738629
Seattle,2020-05,24,0.6273007443718228,0.03138888888888889,153,95,-0.0909401149738629
Seattle,2020-06,24,0.9821862327656123,0.041087962962962965,137,91,-0.0909401149738629
Seattle,2020-09,24,2.8761483835530446,0.03715277777777778,177,114,-0.0909401149738629
Seattle,2020-10,24,0.8319314557613169,0.032650462962962964,180,116,-0.0909401149738629
Seattle,2020-11,24,0.8453595783283283,0.033819444444444444,148,102,-0.0909401149738629
Seattle,2020-12,24,0.8305411986439992,0.027083333333333334,183,113,-0.0909401149738629
Seattle,2021-01,24,3.2573168453541257,0.029247685185185186,171,108,-0.0909401149738629
Seattle,2021-02,24,1.8600416983764587,0.03063078703703704,146,91,-0.0909401149738629
Seattle,2021-03,24,0.9860037647537647,0.03459490740740741,182,123,-0.0909401149738629
Seattle,2021-04,24,1.4247255682815518,0.034930555555555555,211,134,-0.0909401149738629
Seattle,2021-05,24,1.1930782710280374,0.028443287037037038,214,129,-0.0909401149738629
Seattle,2021-06,24,1.7403803788692074,0.028958333333333332,207,129,-0.0909401149738629
Seattle,2021-07,24,1.512959593983655,0.03646990740740741,213,130,-0.0909401149738629
Seattle,2021-08,24,1.095774117140396,0.029774305555555554,172,100,-0.0909401149738629
Seattle,2021-09,24,1.488441252035002,0.03017361111111111,182,111,-0.0909401149738629
Seattle,2021-10,24,1.0511024445339059,0.031122685185185184,207,126,-0.0909401149738629
Seattle,2021-11,24,1.9953279714663643,0.031226851851851853,196,120,-0.0909401149738629
Seattle,2021-12,24,1.3780208333333333,0.027743055555555556,176,104,-0.0909401149738629
Seattle,2022-01,24,3.016601321373457,0.02765625,192,116,-0.0909401149738629
Seattle,2022-02,24,0.9856781236995423,0.027916666666666666,178,107,-0.0909401149738629
Seattle,2022-03,24,1.0759565058479532,0.047453703703703706,190,117,-0.0909401149738629
Seattle,2022-04,24,1.6170170572108422,0.03543981481481481,179,114,-0.0909401149738629
Seattle,2022-05,24,1.4533616192411924,0.04479166666666667,205,135,-0.0909401149738629
Seattle,2022-06,24,1.4249844170287607,0.058680555555555555,179,117,-0.0909401149738629
Seattle,2022-07,24,2.2014245810055866,0.07024305555555556,179,112,-0.0909401149738629
Seattle,2022-08,24,1.9584978894335514,0.5532060185185186,170,118,-0.0909401149738629
Seattle,2022-09,24,1.1450188449667618,0.03113425925925926,156,97,-0.0909401149738629
Seattle,2022-10,24,0.9678669278252611,0.03431712962962963,195,123,-0.0909401149738629
Seattle,2022-11,24,1.528467105263158,0.03024884259259259,190,120,-0.0909401149738629
Seattle,2022-12,24,1.213607275516796,0.04878472222222222,172,117,-0.0909401149738629
Seattle,2023-01,24,2.2146001214704807,0.03532986111111111,202,128,-0.0909401149738629
Seattle,2023-02,24,0.7603832972582972,0.028090277777777777,154,96,-0.0909401149738629
Seattle,2024-01,24,2.441506966702279,0.05213541666666667,208,132,-0.0909401149738629
Seattle,2024-02,24,1.3389122247247247,0.057291666666666664,185,122,-0.0909401149738629
Seattle,2024-03,24,1.0805538710659015,0.04790509259259259,213,128,-0.0909401149738629
Seattle,2024-04,24,1.528360873694207,0.04003472222222222,195,126,-0.0909401149738629
Seattle,2024-05,24,2.3676075356459747,0.028125,213,126,-0.0909401149738629
Seattle,2024-06,24,2.782350328947368,0.028987268518518516,190,117,-0.0909401149738629
Seattle,2024-07,24,1.3378173067192876,0.029583333333333333,183,112,-0.0909401149738629
Seattle,2024-08,24,1.4420163913913915,0.03921296296296296,185,114,-0.0909401149738629
Seattle,2024-09,24,1.011362468489432,0.030567129629629628,191,116,-0.0909401149738629
Seattle,2024-10,24,1.767761972321784,0.037557870370370366,186,113,-0.0909401149738629
Seattle,2024-11,24,1.2149354915577342,0.02829861111111111,204,126,-0.0909401149738629
Seattle,2024-12,24,0.8739643090781,0.028391203703703703,184,106,-0.0909401149738629
Seattle,2025-01,24,5.317811939141785,0.043402777777777776,227,142,-0.0909401149738629
Seattle,2025-02,24,0.9188982162309369,0.03013888888888889,170,106,-0.0909401149738629
Seattle,2025-03,24,1.7166033987713676,0.03422453703703704,208,131,-0.0909401149738629
Seattle,2025-04,24,1.5281533751493428,0.03575231481481482,186,118,-0.0909401149738629
Seattle,2025-05,24,2.219391277975837,0.03467592592592592,187,113,-0.0909401149738629
Seattle,2025-06,24,0.9397598712217966,0.027991898148148148,174,104,-0.0909401149738629
Seattle,2025-07,24,1.7913694588370754,0.0275,193,118,-0.0909401149738629
Seattle,2025-08,24,2.3749297924297927,0.03140046296296296,182,110,-0.0909401149738629
Seattle,2025-09,24,1.0191392613878247,0.027881944444444445,174,104,-0.0909401149738629
Seattle,2025-10,24,2.3331357287765293,0.040636574074074075,178,112,-0.0909401149738629
Seattle,2025-11,24,1.5539094296906797,0.029756944444444444,182,113,-0.0909401149738629
Seattle,2025-12,24,0.9078399417562724,0.029519675925925925,186,113,-0.0909401149738629
Seattle,2008-12,48,5.843055555555555,5.843055555555555,2,2,-0.07197772055822589
Seattle,2009-01,48,1.7116472868217054,0.8951388888888889,215,149,-0.07197772055822589
Seattle,2009-02,48,1.6252139857881136,1.0076388888888888,172,133,-0.07197772055822589
Seattle,2009-03,48,1.8694935084541064,1.0236111111111112,184,150,-0.07197772055822589
Seattle,2009-04,48,1.4130461516203703,1.0420138888888888,192,146,-0.07197772055822589
Seattle,2009-05,48,1.086848510882016,0.8871527777777777,194,138,-0.07197772055822589
Seattle,2009-06,48,1.2036805555555554,1.071875,20,20,-0.07197772055822589
Seattle,2009-07,48,1.41271054964539,0.9677083333333334,188,142,-0.07197772055822589
Seattle,2009-08,48,2.0231920498084293,1.0770833333333334,174,137,-0.07197772055822589
Seattle,2009-09,48,1.454077842377261,1.078472222222222,172,136,-0.07197772055822589
Seattle,2009-10,48,1.6783039805269186,0.9850694444444446,194,151,-0.07197772055822589
Seattle,2009-11,48,1.6278443113772456,1.0944444444444446,167,132,-0.07197772055822589
Seattle,2009-12,48,1.3531270791749834,1.025,167,129,-0.07197772055822589
Seattle,2010-01,48,2.754714347079038,1.028125,194,137,-0.07197772055822589
Seattle,2010-02,48,1.4492548377028716,0.9319444444444445,178,135,-0.07197772055822589
Seattle,2010-03,48,1.6708447176684882,0.9395833333333333,183,138,-0.07197772055822589
Seattle,2010-04,48,1.2630405211912943,0.884375,194,141,-0.07197772055822589
Seattle,2010-05,48,1.3257621082621083,0.9652777777777778,195,142,-0.07197772055822589
Seattle,2010-06,48,1.39021021021021,1.0402777777777779,185,140,-0.07197772055822589
Seattle,2010-07,48,1.3470594618055556,1.1003472222222221,192,147,-0.07197772055822589
Seattle,2010-08,48,1.6643952546296295,1.0232638888888888,192,146,-0.07197772055822589
Seattle,2010-09,48,1.3600133067198936,1.1368055555555556,167,127,-0.07197772055822589
Seattle,2010-10,48,1.4003926701570681,1.011111111111111,191,144,-0.07197772055822589
Seattle,2010-11,48,1.4601411533816424,0.9996527777777777,184,143,-0.07197772055822589
Seattle,2010-12,48,1.6655407626561474,0.9951388888888889,169,129,-0.07197772055822589
Seattle,2011-01,48,1.6961140661938536,1.0055555555555555,188,143,-0.07197772055822589
Seattle,2011-02,48,1.975249386126458,0.9180555555555555,181,141,-0.07197772055822589
Seattle,2011-03,48,1.3425021150592216,0.8347222222222223,197,152,-0.07197772055822589
Seattle,2011-04,48,1.3124118165784833,0.9736111111111111,189,145,-0.07197772055822589
Seattle,2011-05,48,1.5703530956329463,1.0048611111111112,201,154,-0.07197772055822589
Seattle,2011-06,48,1.2424174174174174,0.9506944444444444,185,146,-0.07197772055822589
Seattle,2011-07,48,1.572251461988304,0.9690972222222223,190,150,-0.07197772055822589
Seattle,2011-08,48,1.3918455387205388,0.8958333333333334,198,145,-0.07197772055822589
Seattle,2011-09,48,1.2049305555555556,1.020486111111111,160,126,-0.07197772055822589
Seattle,2011-10,48,1.4357947934845843,0.9291666666666667,191,146,-0.07197772055822589
Seattle,2011-11,48,1.5048463356973996,0.9732638888888889,188,148,-0.07197772055822589
Seattle,2011-12,48,1.1622490374037404,0.7489583333333334,202,150,-0.07197772055822589
Seattle,2012-01,48,2.552168338477366,0.9064409722222222,180,146,-0.07197772055822589
Seattle,2012-02,48,1.7011034369967795,0.8004282407407408,184,141,-0.07197772055822589
Seattle,2012-03,48,1.4745200266554432,0.8293171296296296,198,154,-0.07197772055822589
Seattle,2012-04,48,1.551964824879227,0.9178356481481481,184,145,-0.07197772055822589
Seattle,2012-05,48,1.3792566476733144,0.8875,195,150,-0.07197772055822589
Seattle,2012-06,48,1.4531440556578679,0.9472222222222222,181,135,-0.07197772055822589
Seattle,2012-07,48,1.9715770933977457,0.8229166666666666,184,140,-0.07197772055822589
Seattle,2012-08,48,1.0884903570013864,0.8915625,187,140,-0.07197772055822589
Seattle,2012-09,48,1.9905849673202614,0.8260300925925926,170,125,-0.07197772055822589
Seattle,2012-10,48,1.366479271356784,0.8160300925925926,199,148,-0.07197772055822589
Seattle,2012-11,48,1.4285664403870162,0.8773148148148148,178,134,-0.07197772055822589
Seattle,2012-12,48,1.0753559685395624,0.7726331018518519,176,132,-0.07197772055822589
Seattle,2013-01,48,1.8773815754159957,0.7176388888888889,207,155,-0.07197772055822589
Seattle,2013-02,48,1.0607351532567049,0.8034490740740741,174,139,-0.07197772055822589
Seattle,2013-03,48,0.9921734960098219,0.742199074074074,181,135,-0.07197772055822589
Seattle,2013-04,48,1.2384180983729394,0.8775578703703704,173,137,-0.07197772055822589
Seattle,2013-05,48,1.367300201738051,0.8885995370370371,179,139,-0.07197772055822589
Seattle,2013-06,48,1.2394430953192457,0.9958101851851852,163,130,-0.07197772055822589
Seattle,2013-07,48,1.0343116149237472,0.7585127314814815,170,127,-0.07197772055822589
Seattle,2013-08,48,1.2162642550742833,0.8450462962962964,177,138,-0.07197772055822589
Seattle,2013-09,48,1.5305834619341565,0.8715856481481481,180,144,-0.07197772055822589
Seattle,2013-10,48,1.5882534229708434,0.863894675925926,188,147,-0.07197772055822589
Seattle,2013-11,48,1.4661906199677939,0.7937326388888889,184,138,-0.07197772055822589
Seattle,2013-12,48,1.1949779154154154,0.6890509259259259,185,134,-0.07197772055822589
Seattle,2013-12,48,10.377008101851851,10.881637731481481,4,4,-0.07197772055822589
Seattle,2014-01,48,1.4924637785453847,0.8200925925925926,193,149,-0.07197772055822589
Seattle,2014-02,48,1.453398964354528,0.7912152777777778,173,133,-0.07197772055822589
Seattle,2014-03,48,1.8967296878029862,0.8145486111111111,191,150,-0.07197772055822589
Seattle,2014-04,48,1.2494656534807058,0.6664467592592592,191,145,-0.07197772055822589
Seattle,2014-05,48,1.545942812689739,0.9005902777777778,183,141,-0.07197772055822589
Seattle,2014-06,48,1.117785403050109,0.8703935185185185,170,129,-0.07197772055822589
Seattle,2014-07,48,1.0505796403339756,0.7811111111111111,173,132,-0.07197772055822589
Seattle,2014-08,48,1.3948380272633745,0.7461921296296297,180,130,-0.07197772055822589
Seattle,2014-09,48,1.4152273208666184,0.8410185185185185,153,116,-0.07197772055822589
Seattle,2014-10,48,0.9458398966802168,0.6458159722222222,164,118,-0.07197772055822589
Seattle,2014-12,48,1.7784287603930462,0.35496527777777775,196,137,-0.07197772055822589
Seattle,2015-01,48,3.5556997121320038,0.3410474537037037,156,108,-0.07197772055822589
Seattle,2015-02,48,2.0977701558265585,0.3568634259259259,123,91,-0.07197772055822589
Seattle,2015-03,48,1.374563557763061,0.5799189814814815,151,111,-0.07197772055822589
Seattle,2015-04,48,3.053251991064491,0.6776620370370371,143,104,-0.07197772055822589
Seattle,2015-05,48,1.229423184265826,0.9232060185185185,141,106,-0.07197772055822589
Seattle,2015-06,48,1.0381614368998628,0.6111805555555555,135,101,-0.07197772055822589
Seattle,2015-07,48,1.0413610737753884,0.7162326388888889,124,92,-0.07197772055822589
Seattle,2015-08,48,2.000264371835865,0.7142708333333333,139,102,-0.07197772055822589
Seattle,2015-09,48,1.6970754419191918,0.7391724537037037,110,81,-0.07197772055822589
Seattle,2015-10,48,0.9686762511478421,0.6384606481481482,121,91,-0.07197772055822589
Seattle,2015-11,48,2.1549504102679915,0.6776157407407407,123,96,-0.07197772055822589
Seattle,2015-12,48,1.0282862903225807,0.5141087962962964,124,93,-0.07197772055822589
Seattle,2016-01,48,2.538100555555556,1.0477430555555556,125,99,-0.07197772055822589
Seattle,2016-02,48,1.103643812463257,0.6777546296296296,63,52,-0.07197772055822589
Seattle,2016-03,48,1.974445145903479,0.9915856481481481,66,57,-0.07197772055822589
Seattle,2016-04,48,0.8849340717299577,0.5815277777777778,79,63,-0.07197772055822589
Seattle,2016-05,48,2.866087962962963,0.8662152777777777,121,89,-0.07197772055822589
Seattle,2016-06,48,1.3594374134648668,0.9899189814814815,107,85,-0.07197772055822589
Seattle,2016-07,48,1.5143199420214606,0.8034490740740741,107,81,-0.07197772055822589
Seattle,2016-08,48,1.2774342253839206,0.6493287037037037,123,93,-0.07197772055822589
Seattle,2016-09,48,1.8136168478260868,0.645775462962963,115,84,-0.07197772055822589
Seattle,2016-10,48,1.2637103735091022,0.7700868055555556,118,87,-0.07197772055822589
Seattle,2016-11,48,1.222777042915932,0.6686342592592592,126,91,-0.07197772055822589
Seattle,2016-12,48,1.3933527612433863,0.636730324074074,112,84,-0.07197772055822589
Seattle,2017-01,48,3.3042877492877496,0.7279976851851852,117,90,-0.07197772055822589
Seattle,2017-02,48,1.842148635477583,0.794224537037037,95,74,-0.07197772055822589
Seattle,2017-03,48,1.6120076566951567,0.7655555555555555,117,88,-0.07197772055822589
Seattle,2017-04,48,1.3848707760595647,0.7115277777777778,97,72,-0.07197772055822589
Seattle,2017-05,48,2.1323663720538724,0.622349537037037,99,73,-0.07197772055822589
Seattle,2017-06,48,1.7278679478897503,0.6083796296296297,86,63,-0.07197772055822589
Seattle,2017-07,48,0.9676598324514991,0.6666840277777777,84,66,-0.07197772055822589
Seattle,2017-08,48,2.692861198462613,0.5864988425925926,106,79,-0.07197772055822589
Seattle,2017-09,48,1.0210420657726693,0.6508217592592592,87,66,-0.07197772055822589
Seattle,2017-10,48,1.5020582151300237,0.564380787037037,94,70,-0.07197772055822589
Seattle,2017-11,48,1.3397182114044737,0.5994791666666667,101,78,-0.07197772055822589
Seattle,2017-12,48,1.1370116243961355,0.5152083333333333,92,66,-0.07197772055822589
Seattle,2018-01,48,2.779889021164021,0.6442129629629629,175,128,-0.07197772055822589
Seattle,2018-02,48,1.5971168127019637,0.7198958333333333,149,113,-0.07197772055822589
Seattle,2018-03,48,1.0979437705110173,0.7347106481481481,158,121,-0.07197772055822589
Seattle,2018-04,48,1.7921979938271606,1.066082175925926,150,114,-0.07197772055822589
Seattle,2018-05,48,1.46951915613218,0.8709837962962963,167,126,-0.07197772055822589
Seattle,2018-06,48,1.4447945942265794,0.9528125000000001,170,130,-0.07197772055822589
Seattle,2018-07,48,1.40680475483345,0.8708333333333333,159,122,-0.07197772055822589
Seattle,2018-08,48,2.7917440262843485,0.7940046296296296,155,118,-0.07197772055822589
Seattle,2018-09,48,1.5309697365150385,0.9104976851851851,149,117,-0.07197772055822589
Seattle,2018-10,48,1.02620814937454,0.7396527777777778,151,108,-0.07197772055822589
Seattle,2018-11,48,1.7418569155092591,0.9737615740740742,144,109,-0.07197772055822589
Seattle,2018-12,48,1.3047014361300076,0.6884027777777778,147,109,-0.07197772055822589
Seattle,2019-01,48,3.109306746031746,0.7836574074074074,175,126,-0.07197772055822589
Seattle,2019-02,48,1.2194040486564997,0.5859953703703704,153,110,-0.07197772055822589
Seattle,2019-03,48,0.986330530455154,0.65546875,166,118,-0.07197772055822589
Seattle,2019-04,48,1.5815496399176954,0.6843518518518519,153,113,-0.07197772055822589
Seattle,2019-05,48,1.5717313826784103,0.6446643518518519,164,125,-0.07197772055822589
Seattle,2019-06,48,1.8132955697485809,0.9593865740740741,137,108,-0.07197772055822589
Seattle,2019-07,48,1.3681481481481481,1.0085127314814817,156,119,-0.07197772055822589
Seattle,2019-08,48,1.7489408541194253,0.9661689814814814,147,113,-0.07197772055822589
Seattle,2019-09,48,2.25009324009324,0.8607870370370371,143,111,-0.07197772055822589
Seattle,2019-10,48,1.34578749693402,0.8396412037037037,151,112,-0.07197772055822589
Seattle,2019-11,48,1.5297952884857646,0.8180902777777778,147,113,-0.07197772055822589
Seattle,2019-12,48,1.369580269607843,0.8411284722222223,136,106,-0.07197772055822589
Seattle,2020-01,48,4.682001839167935,0.9440104166666667,146,113,-0.07197772055822589
Seattle,2020-02,48,1.2593470293209879,0.7622916666666666,132,97,-0.07197772055822589
Seattle,2020-03,48,1.8154057492776465,0.7201041666666667,141,105,-0.07197772055822589
Seattle,2020-04,48,1.1854893779868578,0.852037037037037,124,95,-0.07197772055822589
Seattle,2020-05,48,0.9677694727169919,0.6845138888888889,131,93,-0.07197772055822589
Seattle,2020-06,48,1.3052235422405876,0.6850925925925926,121,91,-0.07197772055822589
Seattle,2020-09,48,3.662267438271605,1.0119386574074074,150,114,-0.07197772055822589
Seattle,2020-10,48,1.1681981540835709,0.6815046296296297,156,116,-0.07197772055822589
Seattle,2020-11,48,1.1265351747424115,0.7492129629629629,133,102,-0.07197772055822589
Seattle,2020-12,48,1.2428412828947368,0.7311574074074074,152,109,-0.07197772055822589
Seattle,2021-01,48,4.444161188271605,0.7191724537037036,150,108,-0.07197772055822589
Seattle,2021-02,48,2.2717025552684467,0.6473958333333333,129,90,-0.07197772055822589
Seattle,2021-03,48,1.3400840906492912,0.6829282407407407,162,123,-0.07197772055822589
Seattle,2021-04,48,2.446668181597828,0.6006481481481482,191,132,-0.07197772055822589
Seattle,2021-05,48,1.5887383582412822,0.6994791666666667,171,127,-0.07197772055822589
Seattle,2021-06,48,1.6362262633396107,0.6859375,177,127,-0.07197772055822589
Seattle,2021-07,48,1.6083078828156114,0.6635763888888889,186,127,-0.07197772055822589
Seattle,2021-08,48,1.4735913257007007,0.5739178240740741,148,100,-0.07197772055822589
Seattle,2021-09,48,1.9449602864583333,0.5222974537037037,160,111,-0.07197772055822589
Seattle,2021-10,48,1.3002647569444445,0.45425347222222223,184,125,-0.07197772055822589
Seattle,2021-11,48,2.554803240740741,0.5734375,169,120,-0.07197772055822589
Seattle,2021-12,48,1.909897644242882,0.5263425925925926,147,103,-0.07197772055822589
Seattle,2022-01,48,3.6091483809993425,0.06527777777777778,169,116,-0.07197772055822589
Seattle,2022-02,48,1.358703853046595,0.04365740740740741,155,106,-0.07197772055822589
Seattle,2022-03,48,1.3842950087661627,0.6865509259259259,169,117,-0.07197772055822589
Seattle,2022-04,48,1.9819297460804361,0.1829398148148148,163,113,-0.07197772055822589
Seattle,2022-05,48,2.1016189236111114,0.7951967592592593,176,134,-0.07197772055822589
Seattle,2022-06,48,2.9098944444444443,0.9707060185185186,150,113,-0.07197772055822589
Seattle,2022-07,48,1.740154853128991,0.7691087962962962,145,111,-0.07197772055822589
Seattle,2022-08,48,2.2007336798276262,0.6721875,159,118,-0.07197772055822589
Seattle,2022-09,48,1.6298997493734335,0.974375,133,97,-0.07197772055822589
Seattle,2022-10,48,1.285286201512163,0.6479166666666667,169,123,-0.07197772055822589
Seattle,2022-11,48,1.9764480295844624,0.6151793981481481,164,119,-0.07197772055822589
Seattle,2022-12,48,1.473979552469136,0.654224537037037,156,117,-0.07197772055822589
Seattle,2023-01,48,2.773738557449495,0.6493229166666667,176,128,-0.07197772055822589
Seattle,2023-02,48,1.078614940128098,0.6037268518518518,133,94,-0.07197772055822589
Seattle,2024-01,48,2.905208831142971,0.6608449074074074,186,132,-0.07197772055822589
Seattle,2024-02,48,1.5663658092263861,0.5310763888888889,169,121,-0.07197772055822589
Seattle,2024-03,48,1.4878625278283748,0.6246759259259259,183,128,-0.07197772055822589
Seattle,2024-04,48,1.967050739676458,0.6450231481481481,174,125,-0.07197772055822589
Seattle,2024-05,48,2.813804053388495,0.5345312499999999,188,124,-0.07197772055822589
Seattle,2024-06,48,3.6509825336700334,0.6757638888888889,165,117,-0.07197772055822589
Seattle,2024-07,48,1.6673491863075196,0.625011574074074,165,112,-0.07197772055822589
Seattle,2024-08,48,1.6762315400843881,0.8687615740740741,158,112,-0.07197772055822589
Seattle,2024-09,48,1.26036306042885,0.4955787037037037,171,115,-0.07197772055822589
Seattle,2024-10,48,2.1717108585858584,0.6212615740740741,165,112,-0.07197772055822589
Seattle,2024-11,48,1.4944852716727717,0.05498842592592593,182,123,-0.07197772055822589
Seattle,2024-12,48,1.1584713701431493,0.03935185185185185,163,105,-0.07197772055822589
Seattle,2025-01,48,6.15362388843051,0.7339641203703704,202,142,-0.07197772055822589
Seattle,2025-02,48,1.330298944063927,0.64015625,146,106,-0.07197772055822589
Seattle,2025-03,48,2.138213861060514,0.5732175925925926,183,131,-0.07197772055822589
Seattle,2025-04,48,2.247694132015451,0.6234837962962962,163,117,-0.07197772055822589
Seattle,2025-05,48,3.0960935680177033,0.8441203703703704,159,112,-0.07197772055822589
Seattle,2025-06,48,1.3690758062484254,0.8840162037037037,147,103,-0.07197772055822589
Seattle,2025-07,48,2.6703443113772454,0.6273726851851852,167,118,-0.07197772055822589
Seattle,2025-08,48,2.6294768958040318,0.6397974537037037,158,109,-0.07197772055822589
Seattle,2025-09,48,1.3878815507684554,0.7042476851851852,147,102,-0.07197772055822589
Seattle,2025-10,48,2.2893419626113456,0.6608796296296295,158,109,-0.07197772055822589
Seattle,2025-11,48,1.9551376107702796,0.05291666666666667,163,112,-0.07197772055822589
Seattle,2025-12,48,1.1304442719116632,0.06366898148148148,161,113,-0.07197772055822589
